/home/maci/Desktop/7dtd/7dtd-loadgen/workspace/bench/lap1/probe-15s/apm/session_20260822_084704_pid855510/bt/states.bt:35:20-25: WARNING: Expression of type: uint64 being cast to type: int64. This may cause unexpected results. Use an explicit cast to suppress this warning.
    $us = (uint64)(nsecs - @main_wake) / 1000;
                   ~~~~~
/home/maci/Desktop/7dtd/7dtd-loadgen/workspace/bench/lap1/probe-15s/apm/session_20260822_084704_pid855510/bt/states.bt:35:28-38: WARNING: Expression of type: uint64 being cast to type: int64. This may cause unexpected results. Use an explicit cast to suppress this warning.
    $us = (uint64)(nsecs - @main_wake) / 1000;
                           ~~~~~~~~~~
/home/maci/Desktop/7dtd/7dtd-loadgen/workspace/bench/lap1/probe-15s/apm/session_20260822_084704_pid855510/bt/states.bt:36:5-24: WARNING: Return value discarded.
    delete(@main_wake);
    ~~~~~~~~~~~~~~~~~~~

=== switch-out prev_state counts (0=R preempt) ===
@prev_state[16]: 8
@prev_state[2]: 664
@prev_state[256]: 2568
@prev_state[0]: 3533
@prev_state[1]: 178795

=== preemption count ===
@preempted: 3533

=== main-thread run-queue latency us (wake -> scheduled) ===
@main_runqlat_us:
[0]                 5333 |@@@@@@@@@@@@@@@@@@@@@@@@@@@@@@@@@@@@@@@@@@@@@@@@@@@@|
[1]                  848 |@@@@@@@@                                            |
[2, 4)               741 |@@@@@@@                                             |
[4, 8)                67 |                                                    |
[8, 16)               25 |                                                    |
[16, 32)              11 |                                                    |
[32, 64)              10 |                                                    |
[64, 128)              3 |                                                    |
[128, 256)             4 |                                                    |
[256, 512)             3 |                                                    |
[512, 1K)              1 |                                                    |


=== main-thread runq stall (>=1ms) total us + count ===

=== preempt stacks (top) ===
@preempt_stack[
        0x4045e941
        0x4046dfb8
        0x40785934
        0x401c67a6
        0x7f949c846428
        0x7f949c9e578f
        0x558431b82490
]: 7
@preempt_stack[
        0x7f953d907601
        0
]: 7
@preempt_stack[
        __pthread_mutex_unlock+68
]: 7
@preempt_stack[
        0x7f949c9ac960
]: 7
@preempt_stack[
        0x7f953caa9847
]: 8
@preempt_stack[
        0x7f949ca0c357
]: 8
@preempt_stack[
        0x7f953d905cb7
        0
]: 8
@preempt_stack[
        0x7f953d9077d2
        0
]: 9
@preempt_stack[
        0x7f953d9077d5
        0
]: 10
@preempt_stack[
        0x7f949c99de92
]: 10
@preempt_stack[
        0x7f949ca0c35a
]: 13
@preempt_stack[
        0x7f949c9dcfa3
        0x110000
        0x558431b42e78
        0x558431b42e78
        0x558431b42e78
        0x558431b42e78
        0x558431b42e78
        0x558431b42e78
        0x558431b42e78
        0x558431b42e78
        0x558431b42e78
        0x558431b42e78
        0x558431b42e78
        0x558431b42e78
        0x558431b42e78
        0x558431b42e78
        0x558431b42e78
        0x558431b42e78
        0x558431b42e78
        0x558431b42e78
        0x558431b42e78
        0x558431b42e78
        0x558431b42e78
        0x558431b42e78
        0x558431b42e78
        0x558431b42e78
        0x558431b42e78
        0x558431b42e78
        0x558431b42e78
        0x558431b42e78
        0x558431b42e78
        0x558431b42e78
        0x558431b42e78
        0x558431b42e78
        0x558431b42e78
        0x558431b42e78
        0x558431b42e78
        0x558431b42e78
        0x558431b42e78
        0x558431b42e78
        0x558431b42e78
        0x558431b42e78
        0x558431b42e78
        0x558431b42e78
        0x558431b42e78
        0x558431b42e78
        0x558431b42e78
        0x558431b42e78
        0x558431b42e78
        0x558431b42e78
        0x558431b42e78
        0x558431b42e78
        0x558431b42e78
        0x558431b42e78
        0x558431b42e78
        0x558431b42e78
        0x558431b42e78
        0x558431b42e78
        0x558431b42e78
        0x558431b42e78
        0x558431b42e78
        0x558431b42e78
        0x558431b42e78
        0x558431b42e78
        0x558431b42e78
        0x558431b42e78
        0x558431b42e78
        0x558431b42e78
        0x558431b42e78
        0x558431b42e78
        0x558431b42e78
        0x558431b42e78
        0x558431b42e78
        0x558431b42e78
        0x558431b42e78
        0x558431b42e78
        0x558431b42e78
        0x558431b42e78
        0x558431b42e78
        0x558431b42e78
        0x558431b42e78
        0x558431b42e78
        0x558431b42e78
        0x558431b42e78
        0x558431b42e78
        0x558431b42e78
        0x558431b42e78
        0x558431b42e78
        0x558431b42e78
        0x558431b42e78
        0x558431b42e78
        0x558431b42e78
        0x558431b42e78
        0x558431b42e78
        0x558431b42e78
        0x558431b42e78
        0x558431b42e78
        0x558431b42e78
        0x558431b42e78
        0x558431b42e78
        0x558431b42e78
        0x558431b42e78
        0x558431b42e78
        0x558431b42e78
        0x558431b42e78
        0x558431b42e78
        0x558431b42e78
        0x558431b42e78
        0x558431b42e78
        0x558431b42e78
        0x558431b42e78
        0x558431b42e78
        0x558431b42e78
        0x558431b42e78
        0x558431b42e78
        0x558431b42e78
        0x558431b42e78
        0x558431b42e78
        0x558431b42e78
        0x558431b42e78
        0x558431b42e78
        0x558431b42e78
        0x558431b42e78
        0x558431b42e78
        0x558431b42e78
        0x558431b42e78
        0x558431b42e78
]: 13
@preempt_stack[
        0x7f953d905b28
]: 14
@preempt_stack[
        0x7f953d907607
        0
]: 15
@preempt_stack[
        0x7f953d9077d0
        0
]: 18
@preempt_stack[
        0x7f953d905d9b
]: 18
@preempt_stack[
        0x7f949ca0f6a9
        0
        0x1c00000000000001
        0x558431b48de8
        0x558431b48de8
        0x558431b48de8
        0x558431b48de8
        0x558431b48de8
        0x558431b48de8
        0x558431b48de8
        0x558431b48de8
        0x558431b48de8
        0x558431b48de8
        0x558431b48de8
        0x558431b48de8
        0x558431b48de8
        0x558431b48de8
        0x558431b48de8
        0x558431b48de8
        0x558431b48de8
        0x558431b48de8
        0x558431b48de8
        0x558431b48de8
        0x558431b48de8
        0x558431b48de8
        0x558431b48de8
        0x558431b48de8
        0x558431b48de8
        0x558431b48de8
        0x558431b48de8
        0x558431b48de8
        0x558431b48de8
        0x558431b48de8
        0x558431b48de8
        0x558431b48de8
        0x558431b48de8
        0x558431b48de8
        0x558431b48de8
        0x558431b48de8
        0x558431b48de8
        0x558431b48de8
        0x558431b48de8
        0x558431b48de8
        0x558431b48de8
        0x558431b48de8
        0x558431b48de8
        0x558431b48de8
        0x558431b48de8
        0x558431b48de8
        0x558431b48de8
        0x558431b48de8
        0x558431b48de8
        0x558431b48de8
        0x558431b48de8
        0x558431b48de8
        0x558431b48de8
        0x558431b48de8
        0x558431b48de8
        0x558431b48de8
        0x558431b48de8
        0x558431b48de8
        0x558431b48de8
        0x558431b48de8
        0x558431b48de8
        0x558431b48de8
        0x558431b48de8
        0x558431b48de8
        0x558431b48de8
        0x558431b48de8
        0x558431b48de8
        0x558431b48de8
        0x558431b48de8
        0x558431b48de8
        0x558431b48de8
        0x558431b48de8
        0x558431b48de8
        0x558431b48de8
        0x558431b48de8
        0x558431b48de8
        0x558431b48de8
        0x558431b48de8
        0x558431b48de8
        0x558431b48de8
        0x558431b48de8
        0x558431b48de8
        0x558431b48de8
        0x558431b48de8
        0x558431b48de8
        0x558431b48de8
        0x558431b48de8
        0x558431b48de8
        0x558431b48de8
        0x558431b48de8
        0x558431b48de8
        0x558431b48de8
        0x558431b48de8
        0x558431b48de8
        0x558431b48de8
        0x558431b48de8
        0x558431b48de8
        0x558431b48de8
        0x558431b48de8
        0x558431b48de8
        0x558431b48de8
        0x558431b48de8
        0x558431b48de8
        0x558431b48de8
        0x558431b48de8
        0x558431b48de8
        0x558431b48de8
        0x558431b48de8
        0x558431b48de8
        0x558431b48de8
        0x558431b48de8
        0x558431b48de8
        0x558431b48de8
        0x558431b48de8
        0x558431b48de8
        0x558431b48de8
        0x558431b48de8
        0x558431b48de8
        0x558431b48de8
        0x558431b48de8
        0x558431b48de8
        0x558431b48de8
        0x558431b48de8
        0x558431b48de8
]: 18
@preempt_stack[
        0x4019be20
        0x4046dfb8
        0x40785934
        0x401c67a6
        0x7f949c846428
        0x7f949c9e578f
        0x558431b82490
]: 20
@preempt_stack[
        0x7f953d905ccc
        0
]: 21
@preempt_stack[
        0x7f949c9acc12
        0
]: 23
@preempt_stack[
        0x7f949ca0c355
]: 30
@preempt_stack[
        0x7f953cab61f2
]: 33
@preempt_stack[
        0x7f949c9cb62c
]: 44
@preempt_stack[
        0x7f953d9075f7
        0
]: 51
@preempt_stack[
        0x7f949c9b2517
]: 59
@preempt_stack[
        0x7f949c9ace8e
        0
]: 61
@preempt_stack[
        0x7f953d9073e0
]: 95
@preempt_stack[
        0x7f953d9075fe
        0
]: 318
@preempt_stack[
        syscall+29
]: 492
@preempt_stack[
        0x7f953d9075fa
        0
]: 636


@main_runqlat_sum_us: 6683
@main_runqlat_us:
[0]                 5333 |@@@@@@@@@@@@@@@@@@@@@@@@@@@@@@@@@@@@@@@@@@@@@@@@@@@@|
[1]                  848 |@@@@@@@@                                            |
[2, 4)               741 |@@@@@@@                                             |
[4, 8)                67 |                                                    |
[8, 16)               25 |                                                    |
[16, 32)              11 |                                                    |
[32, 64)              10 |                                                    |
[64, 128)              3 |                                                    |
[128, 256)             4 |                                                    |
[256, 512)             3 |                                                    |
[512, 1K)              1 |                                                    |

@preempt_stack[
        0x7f94788cf235
        0x7f94788cf49b
        0x7f94788cd463
        0x7f93fc07dd4b
        0x7f93fc093433
        0x7f94788cb95b
        0x7f93fc07fabb
        0x401c67a6
        0x7f949c846428
        0x7f949c9e578f
        0x558431b82490
]: 1
@preempt_stack[
        0x7f949c9ce4f8
        0x55843538abe8
        0x55843538abe8
        0x55843538abe8
        0x55843538abe8
        0x55843538abe8
        0x55843538abe8
        0x55843538abe8
        0x55843538abe8
        0x55843538abe8
        0x55843538abe8
        0x55843538abe8
        0x55843538abe8
        0x55843538abe8
        0x55843538abe8
        0x55843538abe8
        0x55843538abe8
        0x55843538abe8
        0x55843538abe8
        0x55843538abe8
        0x55843538abe8
        0x55843538abe8
        0x55843538abe8
        0x55843538abe8
        0x55843538abe8
        0x55843538abe8
        0x55843538abe8
        0x55843538abe8
        0x55843538abe8
        0x55843538abe8
        0x55843538abe8
        0x55843538abe8
        0x55843538abe8
        0x55843538abe8
        0x55843538abe8
        0x55843538abe8
        0x55843538abe8
        0x55843538abe8
        0x55843538abe8
        0x55843538abe8
        0x55843538abe8
        0x55843538abe8
        0x55843538abe8
        0x55843538abe8
        0x55843538abe8
        0x55843538abe8
        0x55843538abe8
        0x55843538abe8
        0x55843538abe8
        0x55843538abe8
        0x55843538abe8
        0x55843538abe8
        0x55843538abe8
        0x55843538abe8
        0x55843538abe8
        0x55843538abe8
        0x55843538abe8
        0x55843538abe8
        0x55843538abe8
        0x55843538abe8
        0x55843538abe8
        0x55843538abe8
        0x55843538abe8
        0x55843538abe8
        0x55843538abe8
        0x55843538abe8
        0x55843538abe8
        0x55843538abe8
        0x55843538abe8
        0x55843538abe8
        0x55843538abe8
        0x55843538abe8
        0x55843538abe8
        0x55843538abe8
        0x55843538abe8
        0x55843538abe8
        0x55843538abe8
        0x55843538abe8
        0x55843538abe8
        0x55843538abe8
        0x55843538abe8
        0x55843538abe8
        0x55843538abe8
        0x55843538abe8
        0x55843538abe8
        0x55843538abe8
        0x55843538abe8
        0x55843538abe8
        0x55843538abe8
        0x55843538abe8
        0x55843538abe8
        0x55843538abe8
        0x55843538abe8
        0x55843538abe8
        0x55843538abe8
        0x55843538abe8
        0x55843538abe8
        0x55843538abe8
        0x55843538abe8
        0x55843538abe8
        0x55843538abe8
        0x55843538abe8
        0x55843538abe8
        0x55843538abe8
        0x55843538abe8
        0x55843538abe8
        0x55843538abe8
        0x55843538abe8
        0x55843538abe8
        0x55843538abe8
        0x55843538abe8
        0x55843538abe8
        0x55843538abe8
        0x55843538abe8
        0x55843538abe8
        0x55843538abe8
        0x55843538abe8
        0x55843538abe8
        0x55843538abe8
        0x55843538abe8
        0x55843538abe8
        0x55843538abe8
        0x55843538abe8
        0x55843538abe8
        0x55843538abe8
        0x55843538abe8
        0x55843538abe8
]: 1
@preempt_stack[
        0x7f953dcc5fce
        0x506054105240517
]: 1
@preempt_stack[
        monoeg_g_hash_table_lookup_extended+66
        0x55843491ffb0
]: 1
@preempt_stack[
        0x7f953dd43c44
]: 1
@preempt_stack[
        0x7f953da9c87d
        0xea00038ffff6516
        0x7f953da02410
        0x8348078948011124
]: 1
@preempt_stack[
        mono_metadata_type_hash+80
        0x120000
        0x558431b4c600
        0x558431b4c600
        0x558431b4c600
        0x558431b4c600
        0x558431b4c600
        0x558431b4c600
        0x558431b4c600
        0x558431b4c600
        0x558431b4c600
        0x558431b4c600
        0x558431b4c600
        0x558431b4c600
        0x558431b4c600
        0x558431b4c600
        0x558431b4c600
        0x558431b4c600
        0x558431b4c600
        0x558431b4c600
        0x558431b4c600
        0x558431b4c600
        0x558431b4c600
        0x558431b4c600
        0x558431b4c600
        0x558431b4c600
        0x558431b4c600
        0x558431b4c600
        0x558431b4c600
        0x558431b4c600
        0x558431b4c600
        0x558431b4c600
        0x558431b4c600
        0x558431b4c600
        0x558431b4c600
        0x558431b4c600
        0x558431b4c600
        0x558431b4c600
        0x558431b4c600
        0x558431b4c600
        0x558431b4c600
        0x558431b4c600
        0x558431b4c600
        0x558431b4c600
        0x558431b4c600
        0x558431b4c600
        0x558431b4c600
        0x558431b4c600
        0x558431b4c600
        0x558431b4c600
        0x558431b4c600
        0x558431b4c600
        0x558431b4c600
        0x558431b4c600
        0x558431b4c600
        0x558431b4c600
        0x558431b4c600
        0x558431b4c600
        0x558431b4c600
        0x558431b4c600
        0x558431b4c600
        0x558431b4c600
        0x558431b4c600
        0x558431b4c600
        0x558431b4c600
        0x558431b4c600
        0x558431b4c600
        0x558431b4c600
        0x558431b4c600
        0x558431b4c600
        0x558431b4c600
        0x558431b4c600
        0x558431b4c600
        0x558431b4c600
        0x558431b4c600
        0x558431b4c600
        0x558431b4c600
        0x558431b4c600
        0x558431b4c600
        0x558431b4c600
        0x558431b4c600
        0x558431b4c600
        0x558431b4c600
        0x558431b4c600
        0x558431b4c600
        0x558431b4c600
        0x558431b4c600
        0x558431b4c600
        0x558431b4c600
        0x558431b4c600
        0x558431b4c600
        0x558431b4c600
        0x558431b4c600
        0x558431b4c600
        0x558431b4c600
        0x558431b4c600
        0x558431b4c600
        0x558431b4c600
        0x558431b4c600
        0x558431b4c600
        0x558431b4c600
        0x558431b4c600
        0x558431b4c600
        0x558431b4c600
        0x558431b4c600
        0x558431b4c600
        0x558431b4c600
        0x558431b4c600
        0x558431b4c600
        0x558431b4c600
        0x558431b4c600
        0x558431b4c600
        0x558431b4c600
        0x558431b4c600
        0x558431b4c600
        0x558431b4c600
        0x558431b4c600
        0x558431b4c600
        0x558431b4c600
        0x558431b4c600
        0x558431b4c600
        0x558431b4c600
        0x558431b4c600
        0x558431b4c600
        0x558431b4c600
        0x558431b4c600
        0x558431b4c600
]: 1
@preempt_stack[
        0x7f953dd3cf91
        0x7f9502d08a40
]: 1
@preempt_stack[
        0x40461a1e
        0x4046dfb8
        0x40785934
        0x401c67a6
        0x7f949c846428
        0x7f949c9e578f
        0x558431b82490
]: 1
@preempt_stack[
        0x7f953dd3cfb3
]: 1
@preempt_stack[
        mono_metadata_type_hash+80
        0x120000
        0x558433323478
        0x558433323478
        0x558433323478
        0x558433323478
        0x558433323478
        0x558433323478
        0x558433323478
        0x558433323478
        0x558433323478
        0x558433323478
        0x558433323478
        0x558433323478
        0x558433323478
        0x558433323478
        0x558433323478
        0x558433323478
        0x558433323478
        0x558433323478
        0x558433323478
        0x558433323478
        0x558433323478
        0x558433323478
        0x558433323478
        0x558433323478
        0x558433323478
        0x558433323478
        0x558433323478
        0x558433323478
        0x558433323478
        0x558433323478
        0x558433323478
        0x558433323478
        0x558433323478
        0x558433323478
        0x558433323478
        0x558433323478
        0x558433323478
        0x558433323478
        0x558433323478
        0x558433323478
        0x558433323478
        0x558433323478
        0x558433323478
        0x558433323478
        0x558433323478
        0x558433323478
        0x558433323478
        0x558433323478
        0x558433323478
        0x558433323478
        0x558433323478
        0x558433323478
        0x558433323478
        0x558433323478
        0x558433323478
        0x558433323478
        0x558433323478
        0x558433323478
        0x558433323478
        0x558433323478
        0x558433323478
        0x558433323478
        0x558433323478
        0x558433323478
        0x558433323478
        0x558433323478
        0x558433323478
        0x558433323478
        0x558433323478
        0x558433323478
        0x558433323478
        0x558433323478
        0x558433323478
        0x558433323478
        0x558433323478
        0x558433323478
        0x558433323478
        0x558433323478
        0x558433323478
        0x558433323478
        0x558433323478
        0x558433323478
        0x558433323478
        0x558433323478
        0x558433323478
        0x558433323478
        0x558433323478
        0x558433323478
        0x558433323478
        0x558433323478
        0x558433323478
        0x558433323478
        0x558433323478
        0x558433323478
        0x558433323478
        0x558433323478
        0x558433323478
        0x558433323478
        0x558433323478
        0x558433323478
        0x558433323478
        0x558433323478
        0x558433323478
        0x558433323478
        0x558433323478
        0x558433323478
        0x558433323478
        0x558433323478
        0x558433323478
        0x558433323478
        0x558433323478
        0x558433323478
        0x558433323478
        0x558433323478
        0x558433323478
        0x558433323478
        0x558433323478
        0x558433323478
        0x558433323478
        0x558433323478
        0x558433323478
        0x558433323478
        0x558433323478
        0x558433323478
        0x558433323478
]: 1
@preempt_stack[
        0x7f949c9dcfa3
        0x7f93928ec360
]: 1
@preempt_stack[
        0x7f953caa95cd
]: 1
@preempt_stack[
        0x7f953d9073e0
        0x3232207265
]: 1
@preempt_stack[
        mono_metadata_type_hash+80
        0x120000
        0x5584352ee4c8
        0x5584352ee4c8
        0x5584352ee4c8
        0x5584352ee4c8
        0x5584352ee4c8
        0x5584352ee4c8
        0x5584352ee4c8
        0x5584352ee4c8
        0x5584352ee4c8
        0x5584352ee4c8
        0x5584352ee4c8
        0x5584352ee4c8
        0x5584352ee4c8
        0x5584352ee4c8
        0x5584352ee4c8
        0x5584352ee4c8
        0x5584352ee4c8
        0x5584352ee4c8
        0x5584352ee4c8
        0x5584352ee4c8
        0x5584352ee4c8
        0x5584352ee4c8
        0x5584352ee4c8
        0x5584352ee4c8
        0x5584352ee4c8
        0x5584352ee4c8
        0x5584352ee4c8
        0x5584352ee4c8
        0x5584352ee4c8
        0x5584352ee4c8
        0x5584352ee4c8
        0x5584352ee4c8
        0x5584352ee4c8
        0x5584352ee4c8
        0x5584352ee4c8
        0x5584352ee4c8
        0x5584352ee4c8
        0x5584352ee4c8
        0x5584352ee4c8
        0x5584352ee4c8
        0x5584352ee4c8
        0x5584352ee4c8
        0x5584352ee4c8
        0x5584352ee4c8
        0x5584352ee4c8
        0x5584352ee4c8
        0x5584352ee4c8
        0x5584352ee4c8
        0x5584352ee4c8
        0x5584352ee4c8
        0x5584352ee4c8
        0x5584352ee4c8
        0x5584352ee4c8
        0x5584352ee4c8
        0x5584352ee4c8
        0x5584352ee4c8
        0x5584352ee4c8
        0x5584352ee4c8
        0x5584352ee4c8
        0x5584352ee4c8
        0x5584352ee4c8
        0x5584352ee4c8
        0x5584352ee4c8
        0x5584352ee4c8
        0x5584352ee4c8
        0x5584352ee4c8
        0x5584352ee4c8
        0x5584352ee4c8
        0x5584352ee4c8
        0x5584352ee4c8
        0x5584352ee4c8
        0x5584352ee4c8
        0x5584352ee4c8
        0x5584352ee4c8
        0x5584352ee4c8
        0x5584352ee4c8
        0x5584352ee4c8
        0x5584352ee4c8
        0x5584352ee4c8
        0x5584352ee4c8
        0x5584352ee4c8
        0x5584352ee4c8
        0x5584352ee4c8
        0x5584352ee4c8
        0x5584352ee4c8
        0x5584352ee4c8
        0x5584352ee4c8
        0x5584352ee4c8
        0x5584352ee4c8
        0x5584352ee4c8
        0x5584352ee4c8
        0x5584352ee4c8
        0x5584352ee4c8
        0x5584352ee4c8
        0x5584352ee4c8
        0x5584352ee4c8
        0x5584352ee4c8
        0x5584352ee4c8
        0x5584352ee4c8
        0x5584352ee4c8
        0x5584352ee4c8
        0x5584352ee4c8
        0x5584352ee4c8
        0x5584352ee4c8
        0x5584352ee4c8
        0x5584352ee4c8
        0x5584352ee4c8
        0x5584352ee4c8
        0x5584352ee4c8
        0x5584352ee4c8
        0x5584352ee4c8
        0x5584352ee4c8
        0x5584352ee4c8
        0x5584352ee4c8
        0x5584352ee4c8
        0x5584352ee4c8
        0x5584352ee4c8
        0x5584352ee4c8
        0x5584352ee4c8
        0x5584352ee4c8
        0x5584352ee4c8
        0x5584352ee4c8
        0x5584352ee4c8
        0x5584352ee4c8
        0x5584352ee4c8
]: 1
@preempt_stack[
        0x7f953dd4ec84
        0x18
]: 1
@preempt_stack[
        0x7f953dcc5fce
        0xac10ac40ac1
]: 1
@preempt_stack[
        0x7f953dcd7ad1
        0x341
]: 1
@preempt_stack[
        0x7f949c9dd038
]: 1
@preempt_stack[
        0x7f949c9dcfa3
        0x120000
        0x558431b4e4f0
        0x558431b4e4f0
        0x558431b4e4f0
        0x558431b4e4f0
        0x558431b4e4f0
        0x558431b4e4f0
        0x558431b4e4f0
        0x558431b4e4f0
        0x558431b4e4f0
        0x558431b4e4f0
        0x558431b4e4f0
        0x558431b4e4f0
        0x558431b4e4f0
        0x558431b4e4f0
        0x558431b4e4f0
        0x558431b4e4f0
        0x558431b4e4f0
        0x558431b4e4f0
        0x558431b4e4f0
        0x558431b4e4f0
        0x558431b4e4f0
        0x558431b4e4f0
        0x558431b4e4f0
        0x558431b4e4f0
        0x558431b4e4f0
        0x558431b4e4f0
        0x558431b4e4f0
        0x558431b4e4f0
        0x558431b4e4f0
        0x558431b4e4f0
        0x558431b4e4f0
        0x558431b4e4f0
        0x558431b4e4f0
        0x558431b4e4f0
        0x558431b4e4f0
        0x558431b4e4f0
        0x558431b4e4f0
        0x558431b4e4f0
        0x558431b4e4f0
        0x558431b4e4f0
        0x558431b4e4f0
        0x558431b4e4f0
        0x558431b4e4f0
        0x558431b4e4f0
        0x558431b4e4f0
        0x558431b4e4f0
        0x558431b4e4f0
        0x558431b4e4f0
        0x558431b4e4f0
        0x558431b4e4f0
        0x558431b4e4f0
        0x558431b4e4f0
        0x558431b4e4f0
        0x558431b4e4f0
        0x558431b4e4f0
        0x558431b4e4f0
        0x558431b4e4f0
        0x558431b4e4f0
        0x558431b4e4f0
        0x558431b4e4f0
        0x558431b4e4f0
        0x558431b4e4f0
        0x558431b4e4f0
        0x558431b4e4f0
        0x558431b4e4f0
        0x558431b4e4f0
        0x558431b4e4f0
        0x558431b4e4f0
        0x558431b4e4f0
        0x558431b4e4f0
        0x558431b4e4f0
        0x558431b4e4f0
        0x558431b4e4f0
        0x558431b4e4f0
        0x558431b4e4f0
        0x558431b4e4f0
        0x558431b4e4f0
        0x558431b4e4f0
        0x558431b4e4f0
        0x558431b4e4f0
        0x558431b4e4f0
        0x558431b4e4f0
        0x558431b4e4f0
        0x558431b4e4f0
        0x558431b4e4f0
        0x558431b4e4f0
        0x558431b4e4f0
        0x558431b4e4f0
        0x558431b4e4f0
        0x558431b4e4f0
        0x558431b4e4f0
        0x558431b4e4f0
        0x558431b4e4f0
        0x558431b4e4f0
        0x558431b4e4f0
        0x558431b4e4f0
        0x558431b4e4f0
        0x558431b4e4f0
        0x558431b4e4f0
        0x558431b4e4f0
        0x558431b4e4f0
        0x558431b4e4f0
        0x558431b4e4f0
        0x558431b4e4f0
        0x558431b4e4f0
        0x558431b4e4f0
        0x558431b4e4f0
        0x558431b4e4f0
        0x558431b4e4f0
        0x558431b4e4f0
        0x558431b4e4f0
        0x558431b4e4f0
        0x558431b4e4f0
        0x558431b4e4f0
        0x558431b4e4f0
        0x558431b4e4f0
        0x558431b4e4f0
        0x558431b4e4f0
        0x558431b4e4f0
        0x558431b4e4f0
        0x558431b4e4f0
        0x558431b4e4f0
        0x558431b4e4f0
        0x558431b4e4f0
        0x558431b4e4f0
]: 1
@preempt_stack[
        0x7f949c9dcfa3
        0x120000
        0x558434b13dc8
        0x558434b13dc8
        0x558434b13dc8
        0x558434b13dc8
        0x558434b13dc8
        0x558434b13dc8
        0x558434b13dc8
        0x558434b13dc8
        0x558434b13dc8
        0x558434b13dc8
        0x558434b13dc8
        0x558434b13dc8
        0x558434b13dc8
        0x558434b13dc8
        0x558434b13dc8
        0x558434b13dc8
        0x558434b13dc8
        0x558434b13dc8
        0x558434b13dc8
        0x558434b13dc8
        0x558434b13dc8
        0x558434b13dc8
        0x558434b13dc8
        0x558434b13dc8
        0x558434b13dc8
        0x558434b13dc8
        0x558434b13dc8
        0x558434b13dc8
        0x558434b13dc8
        0x558434b13dc8
        0x558434b13dc8
        0x558434b13dc8
        0x558434b13dc8
        0x558434b13dc8
        0x558434b13dc8
        0x558434b13dc8
        0x558434b13dc8
        0x558434b13dc8
        0x558434b13dc8
        0x558434b13dc8
        0x558434b13dc8
        0x558434b13dc8
        0x558434b13dc8
        0x558434b13dc8
        0x558434b13dc8
        0x558434b13dc8
        0x558434b13dc8
        0x558434b13dc8
        0x558434b13dc8
        0x558434b13dc8
        0x558434b13dc8
        0x558434b13dc8
        0x558434b13dc8
        0x558434b13dc8
        0x558434b13dc8
        0x558434b13dc8
        0x558434b13dc8
        0x558434b13dc8
        0x558434b13dc8
        0x558434b13dc8
        0x558434b13dc8
        0x558434b13dc8
        0x558434b13dc8
        0x558434b13dc8
        0x558434b13dc8
        0x558434b13dc8
        0x558434b13dc8
        0x558434b13dc8
        0x558434b13dc8
        0x558434b13dc8
        0x558434b13dc8
        0x558434b13dc8
        0x558434b13dc8
        0x558434b13dc8
        0x558434b13dc8
        0x558434b13dc8
        0x558434b13dc8
        0x558434b13dc8
        0x558434b13dc8
        0x558434b13dc8
        0x558434b13dc8
        0x558434b13dc8
        0x558434b13dc8
        0x558434b13dc8
        0x558434b13dc8
        0x558434b13dc8
        0x558434b13dc8
        0x558434b13dc8
        0x558434b13dc8
        0x558434b13dc8
        0x558434b13dc8
        0x558434b13dc8
        0x558434b13dc8
        0x558434b13dc8
        0x558434b13dc8
        0x558434b13dc8
        0x558434b13dc8
        0x558434b13dc8
        0x558434b13dc8
        0x558434b13dc8
        0x558434b13dc8
        0x558434b13dc8
        0x558434b13dc8
        0x558434b13dc8
        0x558434b13dc8
        0x558434b13dc8
        0x558434b13dc8
        0x558434b13dc8
        0x558434b13dc8
        0x558434b13dc8
        0x558434b13dc8
        0x558434b13dc8
        0x558434b13dc8
        0x558434b13dc8
        0x558434b13dc8
        0x558434b13dc8
        0x558434b13dc8
        0x558434b13dc8
        0x558434b13dc8
        0x558434b13dc8
        0x558434b13dc8
        0x558434b13dc8
        0x558434b13dc8
        0x558434b13dc8
        0x558434b13dc8
]: 1
@preempt_stack[
        0x7f953dcd7d32
]: 1
@preempt_stack[
        0x7f949c9e44f9
        0x120000
        0x558434c3c2d8
        0x558434c3c2d8
        0x558434c3c2d8
        0x558434c3c2d8
        0x558434c3c2d8
        0x558434c3c2d8
        0x558434c3c2d8
        0x558434c3c2d8
        0x558434c3c2d8
        0x558434c3c2d8
        0x558434c3c2d8
        0x558434c3c2d8
        0x558434c3c2d8
        0x558434c3c2d8
        0x558434c3c2d8
        0x558434c3c2d8
        0x558434c3c2d8
        0x558434c3c2d8
        0x558434c3c2d8
        0x558434c3c2d8
        0x558434c3c2d8
        0x558434c3c2d8
        0x558434c3c2d8
        0x558434c3c2d8
        0x558434c3c2d8
        0x558434c3c2d8
        0x558434c3c2d8
        0x558434c3c2d8
        0x558434c3c2d8
        0x558434c3c2d8
        0x558434c3c2d8
        0x558434c3c2d8
        0x558434c3c2d8
        0x558434c3c2d8
        0x558434c3c2d8
        0x558434c3c2d8
        0x558434c3c2d8
        0x558434c3c2d8
        0x558434c3c2d8
        0x558434c3c2d8
        0x558434c3c2d8
        0x558434c3c2d8
        0x558434c3c2d8
        0x558434c3c2d8
        0x558434c3c2d8
        0x558434c3c2d8
        0x558434c3c2d8
        0x558434c3c2d8
        0x558434c3c2d8
        0x558434c3c2d8
        0x558434c3c2d8
        0x558434c3c2d8
        0x558434c3c2d8
        0x558434c3c2d8
        0x558434c3c2d8
        0x558434c3c2d8
        0x558434c3c2d8
        0x558434c3c2d8
        0x558434c3c2d8
        0x558434c3c2d8
        0x558434c3c2d8
        0x558434c3c2d8
        0x558434c3c2d8
        0x558434c3c2d8
        0x558434c3c2d8
        0x558434c3c2d8
        0x558434c3c2d8
        0x558434c3c2d8
        0x558434c3c2d8
        0x558434c3c2d8
        0x558434c3c2d8
        0x558434c3c2d8
        0x558434c3c2d8
        0x558434c3c2d8
        0x558434c3c2d8
        0x558434c3c2d8
        0x558434c3c2d8
        0x558434c3c2d8
        0x558434c3c2d8
        0x558434c3c2d8
        0x558434c3c2d8
        0x558434c3c2d8
        0x558434c3c2d8
        0x558434c3c2d8
        0x558434c3c2d8
        0x558434c3c2d8
        0x558434c3c2d8
        0x558434c3c2d8
        0x558434c3c2d8
        0x558434c3c2d8
        0x558434c3c2d8
        0x558434c3c2d8
        0x558434c3c2d8
        0x558434c3c2d8
        0x558434c3c2d8
        0x558434c3c2d8
        0x558434c3c2d8
        0x558434c3c2d8
        0x558434c3c2d8
        0x558434c3c2d8
        0x558434c3c2d8
        0x558434c3c2d8
        0x558434c3c2d8
        0x558434c3c2d8
        0x558434c3c2d8
        0x558434c3c2d8
        0x558434c3c2d8
        0x558434c3c2d8
        0x558434c3c2d8
        0x558434c3c2d8
        0x558434c3c2d8
        0x558434c3c2d8
        0x558434c3c2d8
        0x558434c3c2d8
        0x558434c3c2d8
        0x558434c3c2d8
        0x558434c3c2d8
        0x558434c3c2d8
        0x558434c3c2d8
        0x558434c3c2d8
        0x558434c3c2d8
        0x558434c3c2d8
        0x558434c3c2d8
        0x558434c3c2d8
        0x558434c3c2d8
]: 1
@preempt_stack[
        0x7f953eea2bdd
        __clock_gettime+29
        0x7f9300000004
]: 1
@preempt_stack[
        0x402f21d0
        0x40c0d864
        0x4077cadf
        0x7f949c846428
        0x7f949c9e578f
        0x558431b82490
]: 1
@preempt_stack[
        0x7f953d90594c
        0x9c109c409c2
]: 1
@preempt_stack[
        0x406403e9
        0x4046dfb8
        0x40785934
        0x401c67a6
        0x7f949c846428
        0x7f949c9e578f
        0x558431b82490
]: 1
@preempt_stack[
        0x7f953db083ad
        0x7f9501c4e778
        0x7f953dd1d730
        0x2556058d48fc8949
]: 1
@preempt_stack[
        0x40d5b253
        0x40d59de6
        0x40d56ef8
        0x40d56d80
        0x40d53864
        0
        0
        0x558432736408
        0x558432736408
        0x558432736408
        0x558432736408
        0x558432736408
        0x558432736408
        0x558432736408
        0x558432736408
        0x558432736408
        0x558432736408
        0x558432736408
        0x558432736408
        0x558432736408
        0x558432736408
        0x558432736408
        0x558432736408
        0x558432736408
        0x558432736408
        0x558432736408
        0x558432736408
        0x558432736408
        0x558432736408
        0x558432736408
        0x558432736408
        0x558432736408
        0x558432736408
        0x558432736408
        0x558432736408
        0x558432736408
        0x558432736408
        0x558432736408
        0x558432736408
        0x558432736408
        0x558432736408
        0x558432736408
        0x558432736408
        0x558432736408
        0x558432736408
        0x558432736408
        0x558432736408
        0x558432736408
        0x558432736408
        0x558432736408
        0x558432736408
        0x558432736408
        0x558432736408
        0x558432736408
        0x558432736408
        0x558432736408
        0x558432736408
        0x558432736408
        0x558432736408
        0x558432736408
        0x558432736408
        0x558432736408
        0x558432736408
        0x558432736408
        0x558432736408
        0x558432736408
        0x558432736408
        0x558432736408
        0x558432736408
        0x558432736408
        0x558432736408
        0x558432736408
        0x558432736408
        0x558432736408
        0x558432736408
        0x558432736408
        0x558432736408
        0x558432736408
        0x558432736408
        0x558432736408
        0x558432736408
        0x558432736408
        0x558432736408
        0x558432736408
        0x558432736408
        0x558432736408
        0x558432736408
        0x558432736408
        0x558432736408
        0x558432736408
        0x558432736408
        0x558432736408
        0x558432736408
        0x558432736408
        0x558432736408
        0x558432736408
        0x558432736408
        0x558432736408
        0x558432736408
        0x558432736408
        0x558432736408
        0x558432736408
        0x558432736408
        0x558432736408
        0x558432736408
        0x558432736408
        0x558432736408
        0x558432736408
        0x558432736408
        0x558432736408
        0x558432736408
        0x558432736408
        0x558432736408
        0x558432736408
        0x558432736408
        0x558432736408
        0x558432736408
        0x558432736408
        0x558432736408
        0x558432736408
        0x558432736408
        0x558432736408
        0x558432736408
        0x558432736408
        0x558432736408
        0x558432736408
        0x558432736408
]: 1
@preempt_stack[
        GC_mark_from+282
        0
]: 1
@preempt_stack[
        0x40442aae
]: 1
@preempt_stack[
        0x7f953e5a5924
]: 1
@preempt_stack[
        0x7f953d905cd5
        0
]: 1
@preempt_stack[
        0x7f953d907309
]: 1
@preempt_stack[
        0x7f953dd42a5f
]: 1
@preempt_stack[
        0x40bf57b7
        0x40bf2f14
        0x401c67a6
        0x7f949c846428
        0x7f949c9e578f
        0x558431b82490
]: 1
@preempt_stack[
        0x7f949ca0f68f
        0x120000
        0x558432435eb0
        0x558432435eb0
        0x558432435eb0
        0x558432435eb0
        0x558432435eb0
        0x558432435eb0
        0x558432435eb0
        0x558432435eb0
        0x558432435eb0
        0x558432435eb0
        0x558432435eb0
        0x558432435eb0
        0x558432435eb0
        0x558432435eb0
        0x558432435eb0
        0x558432435eb0
        0x558432435eb0
        0x558432435eb0
        0x558432435eb0
        0x558432435eb0
        0x558432435eb0
        0x558432435eb0
        0x558432435eb0
        0x558432435eb0
        0x558432435eb0
        0x558432435eb0
        0x558432435eb0
        0x558432435eb0
        0x558432435eb0
        0x558432435eb0
        0x558432435eb0
        0x558432435eb0
        0x558432435eb0
        0x558432435eb0
        0x558432435eb0
        0x558432435eb0
        0x558432435eb0
        0x558432435eb0
        0x558432435eb0
        0x558432435eb0
        0x558432435eb0
        0x558432435eb0
        0x558432435eb0
        0x558432435eb0
        0x558432435eb0
        0x558432435eb0
        0x558432435eb0
        0x558432435eb0
        0x558432435eb0
        0x558432435eb0
        0x558432435eb0
        0x558432435eb0
        0x558432435eb0
        0x558432435eb0
        0x558432435eb0
        0x558432435eb0
        0x558432435eb0
        0x558432435eb0
        0x558432435eb0
        0x558432435eb0
        0x558432435eb0
        0x558432435eb0
        0x558432435eb0
        0x558432435eb0
        0x558432435eb0
        0x558432435eb0
        0x558432435eb0
        0x558432435eb0
        0x558432435eb0
        0x558432435eb0
        0x558432435eb0
        0x558432435eb0
        0x558432435eb0
        0x558432435eb0
        0x558432435eb0
        0x558432435eb0
        0x558432435eb0
        0x558432435eb0
        0x558432435eb0
        0x558432435eb0
        0x558432435eb0
        0x558432435eb0
        0x558432435eb0
        0x558432435eb0
        0x558432435eb0
        0x558432435eb0
        0x558432435eb0
        0x558432435eb0
        0x558432435eb0
        0x558432435eb0
        0x558432435eb0
        0x558432435eb0
        0x558432435eb0
        0x558432435eb0
        0x558432435eb0
        0x558432435eb0
        0x558432435eb0
        0x558432435eb0
        0x558432435eb0
        0x558432435eb0
        0x558432435eb0
        0x558432435eb0
        0x558432435eb0
        0x558432435eb0
        0x558432435eb0
        0x558432435eb0
        0x558432435eb0
        0x558432435eb0
        0x558432435eb0
        0x558432435eb0
        0x558432435eb0
        0x558432435eb0
        0x558432435eb0
        0x558432435eb0
        0x558432435eb0
        0x558432435eb0
        0x558432435eb0
        0x558432435eb0
        0x558432435eb0
        0x558432435eb0
        0x558432435eb0
        0x558432435eb0
        0x558432435eb0
        0x558432435eb0
        0x558432435eb0
]: 1
@preempt_stack[
        mono_thread_info_current_unchecked+7
]: 1
@preempt_stack[
        0x40d5b9c4
        0x40d56ef8
        0x40d56d80
        0x40d53864
        0
        0
        0x558432736408
        0x558432736408
        0x558432736408
        0x558432736408
        0x558432736408
        0x558432736408
        0x558432736408
        0x558432736408
        0x558432736408
        0x558432736408
        0x558432736408
        0x558432736408
        0x558432736408
        0x558432736408
        0x558432736408
        0x558432736408
        0x558432736408
        0x558432736408
        0x558432736408
        0x558432736408
        0x558432736408
        0x558432736408
        0x558432736408
        0x558432736408
        0x558432736408
        0x558432736408
        0x558432736408
        0x558432736408
        0x558432736408
        0x558432736408
        0x558432736408
        0x558432736408
        0x558432736408
        0x558432736408
        0x558432736408
        0x558432736408
        0x558432736408
        0x558432736408
        0x558432736408
        0x558432736408
        0x558432736408
        0x558432736408
        0x558432736408
        0x558432736408
        0x558432736408
        0x558432736408
        0x558432736408
        0x558432736408
        0x558432736408
        0x558432736408
        0x558432736408
        0x558432736408
        0x558432736408
        0x558432736408
        0x558432736408
        0x558432736408
        0x558432736408
        0x558432736408
        0x558432736408
        0x558432736408
        0x558432736408
        0x558432736408
        0x558432736408
        0x558432736408
        0x558432736408
        0x558432736408
        0x558432736408
        0x558432736408
        0x558432736408
        0x558432736408
        0x558432736408
        0x558432736408
        0x558432736408
        0x558432736408
        0x558432736408
        0x558432736408
        0x558432736408
        0x558432736408
        0x558432736408
        0x558432736408
        0x558432736408
        0x558432736408
        0x558432736408
        0x558432736408
        0x558432736408
        0x558432736408
        0x558432736408
        0x558432736408
        0x558432736408
        0x558432736408
        0x558432736408
        0x558432736408
        0x558432736408
        0x558432736408
        0x558432736408
        0x558432736408
        0x558432736408
        0x558432736408
        0x558432736408
        0x558432736408
        0x558432736408
        0x558432736408
        0x558432736408
        0x558432736408
        0x558432736408
        0x558432736408
        0x558432736408
        0x558432736408
        0x558432736408
        0x558432736408
        0x558432736408
        0x558432736408
        0x558432736408
        0x558432736408
        0x558432736408
        0x558432736408
        0x558432736408
        0x558432736408
        0x558432736408
        0x558432736408
        0x558432736408
]: 1
@preempt_stack[
        mono_metadata_type_hash+80
        0x120000
        0x558432afedb0
        0x558432afedb0
        0x558432afedb0
        0x558432afedb0
        0x558432afedb0
        0x558432afedb0
        0x558432afedb0
        0x558432afedb0
        0x558432afedb0
        0x558432afedb0
        0x558432afedb0
        0x558432afedb0
        0x558432afedb0
        0x558432afedb0
        0x558432afedb0
        0x558432afedb0
        0x558432afedb0
        0x558432afedb0
        0x558432afedb0
        0x558432afedb0
        0x558432afedb0
        0x558432afedb0
        0x558432afedb0
        0x558432afedb0
        0x558432afedb0
        0x558432afedb0
        0x558432afedb0
        0x558432afedb0
        0x558432afedb0
        0x558432afedb0
        0x558432afedb0
        0x558432afedb0
        0x558432afedb0
        0x558432afedb0
        0x558432afedb0
        0x558432afedb0
        0x558432afedb0
        0x558432afedb0
        0x558432afedb0
        0x558432afedb0
        0x558432afedb0
        0x558432afedb0
        0x558432afedb0
        0x558432afedb0
        0x558432afedb0
        0x558432afedb0
        0x558432afedb0
        0x558432afedb0
        0x558432afedb0
        0x558432afedb0
        0x558432afedb0
        0x558432afedb0
        0x558432afedb0
        0x558432afedb0
        0x558432afedb0
        0x558432afedb0
        0x558432afedb0
        0x558432afedb0
        0x558432afedb0
        0x558432afedb0
        0x558432afedb0
        0x558432afedb0
        0x558432afedb0
        0x558432afedb0
        0x558432afedb0
        0x558432afedb0
        0x558432afedb0
        0x558432afedb0
        0x558432afedb0
        0x558432afedb0
        0x558432afedb0
        0x558432afedb0
        0x558432afedb0
        0x558432afedb0
        0x558432afedb0
        0x558432afedb0
        0x558432afedb0
        0x558432afedb0
        0x558432afedb0
        0x558432afedb0
        0x558432afedb0
        0x558432afedb0
        0x558432afedb0
        0x558432afedb0
        0x558432afedb0
        0x558432afedb0
        0x558432afedb0
        0x558432afedb0
        0x558432afedb0
        0x558432afedb0
        0x558432afedb0
        0x558432afedb0
        0x558432afedb0
        0x558432afedb0
        0x558432afedb0
        0x558432afedb0
        0x558432afedb0
        0x558432afedb0
        0x558432afedb0
        0x558432afedb0
        0x558432afedb0
        0x558432afedb0
        0x558432afedb0
        0x558432afedb0
        0x558432afedb0
        0x558432afedb0
        0x558432afedb0
        0x558432afedb0
        0x558432afedb0
        0x558432afedb0
        0x558432afedb0
        0x558432afedb0
        0x558432afedb0
        0x558432afedb0
        0x558432afedb0
        0x558432afedb0
        0x558432afedb0
        0x558432afedb0
        0x558432afedb0
        0x558432afedb0
        0x558432afedb0
        0x558432afedb0
        0x558432afedb0
        0x558432afedb0
        0x558432afedb0
]: 1
@preempt_stack[
        mono_g_hash_table_lookup_extended+66
        0x120000
        0x558432b7c4d0
        0x558432b7c4d0
        0x558432b7c4d0
        0x558432b7c4d0
        0x558432b7c4d0
        0x558432b7c4d0
        0x558432b7c4d0
        0x558432b7c4d0
        0x558432b7c4d0
        0x558432b7c4d0
        0x558432b7c4d0
        0x558432b7c4d0
        0x558432b7c4d0
        0x558432b7c4d0
        0x558432b7c4d0
        0x558432b7c4d0
        0x558432b7c4d0
        0x558432b7c4d0
        0x558432b7c4d0
        0x558432b7c4d0
        0x558432b7c4d0
        0x558432b7c4d0
        0x558432b7c4d0
        0x558432b7c4d0
        0x558432b7c4d0
        0x558432b7c4d0
        0x558432b7c4d0
        0x558432b7c4d0
        0x558432b7c4d0
        0x558432b7c4d0
        0x558432b7c4d0
        0x558432b7c4d0
        0x558432b7c4d0
        0x558432b7c4d0
        0x558432b7c4d0
        0x558432b7c4d0
        0x558432b7c4d0
        0x558432b7c4d0
        0x558432b7c4d0
        0x558432b7c4d0
        0x558432b7c4d0
        0x558432b7c4d0
        0x558432b7c4d0
        0x558432b7c4d0
        0x558432b7c4d0
        0x558432b7c4d0
        0x558432b7c4d0
        0x558432b7c4d0
        0x558432b7c4d0
        0x558432b7c4d0
        0x558432b7c4d0
        0x558432b7c4d0
        0x558432b7c4d0
        0x558432b7c4d0
        0x558432b7c4d0
        0x558432b7c4d0
        0x558432b7c4d0
        0x558432b7c4d0
        0x558432b7c4d0
        0x558432b7c4d0
        0x558432b7c4d0
        0x558432b7c4d0
        0x558432b7c4d0
        0x558432b7c4d0
        0x558432b7c4d0
        0x558432b7c4d0
        0x558432b7c4d0
        0x558432b7c4d0
        0x558432b7c4d0
        0x558432b7c4d0
        0x558432b7c4d0
        0x558432b7c4d0
        0x558432b7c4d0
        0x558432b7c4d0
        0x558432b7c4d0
        0x558432b7c4d0
        0x558432b7c4d0
        0x558432b7c4d0
        0x558432b7c4d0
        0x558432b7c4d0
        0x558432b7c4d0
        0x558432b7c4d0
        0x558432b7c4d0
        0x558432b7c4d0
        0x558432b7c4d0
        0x558432b7c4d0
        0x558432b7c4d0
        0x558432b7c4d0
        0x558432b7c4d0
        0x558432b7c4d0
        0x558432b7c4d0
        0x558432b7c4d0
        0x558432b7c4d0
        0x558432b7c4d0
        0x558432b7c4d0
        0x558432b7c4d0
        0x558432b7c4d0
        0x558432b7c4d0
        0x558432b7c4d0
        0x558432b7c4d0
        0x558432b7c4d0
        0x558432b7c4d0
        0x558432b7c4d0
        0x558432b7c4d0
        0x558432b7c4d0
        0x558432b7c4d0
        0x558432b7c4d0
        0x558432b7c4d0
        0x558432b7c4d0
        0x558432b7c4d0
        0x558432b7c4d0
        0x558432b7c4d0
        0x558432b7c4d0
        0x558432b7c4d0
        0x558432b7c4d0
        0x558432b7c4d0
        0x558432b7c4d0
        0x558432b7c4d0
        0x558432b7c4d0
        0x558432b7c4d0
        0x558432b7c4d0
        0x558432b7c4d0
        0x558432b7c4d0
        0x558432b7c4d0
        0x558432b7c4d0
]: 1
@preempt_stack[
        0x7f953dd5138c
]: 1
@preempt_stack[
        0x7f949c9abb14
        0
        0
        0x558431b485d8
        0x558431b485d8
        0x558431b485d8
        0x558431b485d8
        0x558431b485d8
        0x558431b485d8
        0x558431b485d8
        0x558431b485d8
        0x558431b485d8
        0x558431b485d8
        0x558431b485d8
        0x558431b485d8
        0x558431b485d8
        0x558431b485d8
        0x558431b485d8
        0x558431b485d8
        0x558431b485d8
        0x558431b485d8
        0x558431b485d8
        0x558431b485d8
        0x558431b485d8
        0x558431b485d8
        0x558431b485d8
        0x558431b485d8
        0x558431b485d8
        0x558431b485d8
        0x558431b485d8
        0x558431b485d8
        0x558431b485d8
        0x558431b485d8
        0x558431b485d8
        0x558431b485d8
        0x558431b485d8
        0x558431b485d8
        0x558431b485d8
        0x558431b485d8
        0x558431b485d8
        0x558431b485d8
        0x558431b485d8
        0x558431b485d8
        0x558431b485d8
        0x558431b485d8
        0x558431b485d8
        0x558431b485d8
        0x558431b485d8
        0x558431b485d8
        0x558431b485d8
        0x558431b485d8
        0x558431b485d8
        0x558431b485d8
        0x558431b485d8
        0x558431b485d8
        0x558431b485d8
        0x558431b485d8
        0x558431b485d8
        0x558431b485d8
        0x558431b485d8
        0x558431b485d8
        0x558431b485d8
        0x558431b485d8
        0x558431b485d8
        0x558431b485d8
        0x558431b485d8
        0x558431b485d8
        0x558431b485d8
        0x558431b485d8
        0x558431b485d8
        0x558431b485d8
        0x558431b485d8
        0x558431b485d8
        0x558431b485d8
        0x558431b485d8
        0x558431b485d8
        0x558431b485d8
        0x558431b485d8
        0x558431b485d8
        0x558431b485d8
        0x558431b485d8
        0x558431b485d8
        0x558431b485d8
        0x558431b485d8
        0x558431b485d8
        0x558431b485d8
        0x558431b485d8
        0x558431b485d8
        0x558431b485d8
        0x558431b485d8
        0x558431b485d8
        0x558431b485d8
        0x558431b485d8
        0x558431b485d8
        0x558431b485d8
        0x558431b485d8
        0x558431b485d8
        0x558431b485d8
        0x558431b485d8
        0x558431b485d8
        0x558431b485d8
        0x558431b485d8
        0x558431b485d8
        0x558431b485d8
        0x558431b485d8
        0x558431b485d8
        0x558431b485d8
        0x558431b485d8
        0x558431b485d8
        0x558431b485d8
        0x558431b485d8
        0x558431b485d8
        0x558431b485d8
        0x558431b485d8
        0x558431b485d8
        0x558431b485d8
        0x558431b485d8
        0x558431b485d8
        0x558431b485d8
        0x558431b485d8
        0x558431b485d8
        0x558431b485d8
        0x558431b485d8
        0x558431b485d8
        0x558431b485d8
        0x558431b485d8
        0x558431b485d8
]: 1
@preempt_stack[
        0x7f949c9dcfa3
        0x120000
        0x5584346dfd68
        0x5584346dfd68
        0x5584346dfd68
        0x5584346dfd68
        0x5584346dfd68
        0x5584346dfd68
        0x5584346dfd68
        0x5584346dfd68
        0x5584346dfd68
        0x5584346dfd68
        0x5584346dfd68
        0x5584346dfd68
        0x5584346dfd68
        0x5584346dfd68
        0x5584346dfd68
        0x5584346dfd68
        0x5584346dfd68
        0x5584346dfd68
        0x5584346dfd68
        0x5584346dfd68
        0x5584346dfd68
        0x5584346dfd68
        0x5584346dfd68
        0x5584346dfd68
        0x5584346dfd68
        0x5584346dfd68
        0x5584346dfd68
        0x5584346dfd68
        0x5584346dfd68
        0x5584346dfd68
        0x5584346dfd68
        0x5584346dfd68
        0x5584346dfd68
        0x5584346dfd68
        0x5584346dfd68
        0x5584346dfd68
        0x5584346dfd68
        0x5584346dfd68
        0x5584346dfd68
        0x5584346dfd68
        0x5584346dfd68
        0x5584346dfd68
        0x5584346dfd68
        0x5584346dfd68
        0x5584346dfd68
        0x5584346dfd68
        0x5584346dfd68
        0x5584346dfd68
        0x5584346dfd68
        0x5584346dfd68
        0x5584346dfd68
        0x5584346dfd68
        0x5584346dfd68
        0x5584346dfd68
        0x5584346dfd68
        0x5584346dfd68
        0x5584346dfd68
        0x5584346dfd68
        0x5584346dfd68
        0x5584346dfd68
        0x5584346dfd68
        0x5584346dfd68
        0x5584346dfd68
        0x5584346dfd68
        0x5584346dfd68
        0x5584346dfd68
        0x5584346dfd68
        0x5584346dfd68
        0x5584346dfd68
        0x5584346dfd68
        0x5584346dfd68
        0x5584346dfd68
        0x5584346dfd68
        0x5584346dfd68
        0x5584346dfd68
        0x5584346dfd68
        0x5584346dfd68
        0x5584346dfd68
        0x5584346dfd68
        0x5584346dfd68
        0x5584346dfd68
        0x5584346dfd68
        0x5584346dfd68
        0x5584346dfd68
        0x5584346dfd68
        0x5584346dfd68
        0x5584346dfd68
        0x5584346dfd68
        0x5584346dfd68
        0x5584346dfd68
        0x5584346dfd68
        0x5584346dfd68
        0x5584346dfd68
        0x5584346dfd68
        0x5584346dfd68
        0x5584346dfd68
        0x5584346dfd68
        0x5584346dfd68
        0x5584346dfd68
        0x5584346dfd68
        0x5584346dfd68
        0x5584346dfd68
        0x5584346dfd68
        0x5584346dfd68
        0x5584346dfd68
        0x5584346dfd68
        0x5584346dfd68
        0x5584346dfd68
        0x5584346dfd68
        0x5584346dfd68
        0x5584346dfd68
        0x5584346dfd68
        0x5584346dfd68
        0x5584346dfd68
        0x5584346dfd68
        0x5584346dfd68
        0x5584346dfd68
        0x5584346dfd68
        0x5584346dfd68
        0x5584346dfd68
        0x5584346dfd68
        0x5584346dfd68
        0x5584346dfd68
        0x5584346dfd68
        0x5584346dfd68
]: 1
@preempt_stack[
        0x40c0dbf8
        0x40c0d864
        0x4077cadf
        0x7f949c846428
        0x7f949c9e578f
        0x558431b82490
]: 1
@preempt_stack[
        0x407b0d3a
        0x401c67a6
        0x7f949c846428
        0x7f949c9e578f
        0x558431b82490
]: 1
@preempt_stack[
        0x7f949c9cb64f
        0x130000
        0
        0
        0x558434b12ca0
]: 1
@preempt_stack[
        0x7f953caafc94
]: 1
@preempt_stack[
        0x7f949c9cb75e
        0x130000
        0
        0
        0x55843301fcd0
]: 1
@preempt_stack[
        0x7f953d6bad30
]: 1
@preempt_stack[
        0x7f949ca3fa44
]: 1
@preempt_stack[
        0x7f949c8797ed
]: 1
@preempt_stack[
        0x7f953d7b7c81
]: 1
@preempt_stack[
        0x7f949c97d428
]: 1
@preempt_stack[
        0x7f953dd513ac
]: 1
@preempt_stack[
        0x40d04f1b
        0x40d0350d
        0x40a8b124
        0x40407e56
        0x40403d24
        0x7f949c846428
        0x7f949c9e578f
        0x558431b82490
]: 1
@preempt_stack[
        0x7f949c9cb5b8
        0
        0
        0x558434ad47c0
]: 1
@preempt_stack[
        0x7f953eea2bdd
        __clock_gettime+29
        0x40797bc8
        0x7f93fc07e12b
]: 1
@preempt_stack[
        0x7f949c9ce4d8
        0x558431b42e78
        0x558431b42e78
        0x558431b42e78
        0x558431b42e78
        0x558431b42e78
        0x558431b42e78
        0x558431b42e78
        0x558431b42e78
        0x558431b42e78
        0x558431b42e78
        0x558431b42e78
        0x558431b42e78
        0x558431b42e78
        0x558431b42e78
        0x558431b42e78
        0x558431b42e78
        0x558431b42e78
        0x558431b42e78
        0x558431b42e78
        0x558431b42e78
        0x558431b42e78
        0x558431b42e78
        0x558431b42e78
        0x558431b42e78
        0x558431b42e78
        0x558431b42e78
        0x558431b42e78
        0x558431b42e78
        0x558431b42e78
        0x558431b42e78
        0x558431b42e78
        0x558431b42e78
        0x558431b42e78
        0x558431b42e78
        0x558431b42e78
        0x558431b42e78
        0x558431b42e78
        0x558431b42e78
        0x558431b42e78
        0x558431b42e78
        0x558431b42e78
        0x558431b42e78
        0x558431b42e78
        0x558431b42e78
        0x558431b42e78
        0x558431b42e78
        0x558431b42e78
        0x558431b42e78
        0x558431b42e78
        0x558431b42e78
        0x558431b42e78
        0x558431b42e78
        0x558431b42e78
        0x558431b42e78
        0x558431b42e78
        0x558431b42e78
        0x558431b42e78
        0x558431b42e78
        0x558431b42e78
        0x558431b42e78
        0x558431b42e78
        0x558431b42e78
        0x558431b42e78
        0x558431b42e78
        0x558431b42e78
        0x558431b42e78
        0x558431b42e78
        0x558431b42e78
        0x558431b42e78
        0x558431b42e78
        0x558431b42e78
        0x558431b42e78
        0x558431b42e78
        0x558431b42e78
        0x558431b42e78
        0x558431b42e78
        0x558431b42e78
        0x558431b42e78
        0x558431b42e78
        0x558431b42e78
        0x558431b42e78
        0x558431b42e78
        0x558431b42e78
        0x558431b42e78
        0x558431b42e78
        0x558431b42e78
        0x558431b42e78
        0x558431b42e78
        0x558431b42e78
        0x558431b42e78
        0x558431b42e78
        0x558431b42e78
        0x558431b42e78
        0x558431b42e78
        0x558431b42e78
        0x558431b42e78
        0x558431b42e78
        0x558431b42e78
        0x558431b42e78
        0x558431b42e78
        0x558431b42e78
        0x558431b42e78
        0x558431b42e78
        0x558431b42e78
        0x558431b42e78
        0x558431b42e78
        0x558431b42e78
        0x558431b42e78
        0x558431b42e78
        0x558431b42e78
        0x558431b42e78
        0x558431b42e78
        0x558431b42e78
        0x558431b42e78
        0x558431b42e78
        0x558431b42e78
        0x558431b42e78
        0x558431b42e78
        0x558431b42e78
        0x558431b42e78
        0x558431b42e78
        0x558431b42e78
        0x558431b42e78
        0x558431b42e78
        0x558431b42e78
        0x558431b42e78
]: 1
@preempt_stack[
        0x7f953dd3ff33
]: 1
@preempt_stack[
        0x7f953dd4316d
        0x7f953e010000
        0x7f9502b02170
        0x58
]: 1
@preempt_stack[
        0x7f953dcd3fe7
        0
]: 1
@preempt_stack[
        mono_metadata_type_hash+80
        0x120000
        0x558431b5e4f0
        0x558431b5e4f0
        0x558431b5e4f0
        0x558431b5e4f0
        0x558431b5e4f0
        0x558431b5e4f0
        0x558431b5e4f0
        0x558431b5e4f0
        0x558431b5e4f0
        0x558431b5e4f0
        0x558431b5e4f0
        0x558431b5e4f0
        0x558431b5e4f0
        0x558431b5e4f0
        0x558431b5e4f0
        0x558431b5e4f0
        0x558431b5e4f0
        0x558431b5e4f0
        0x558431b5e4f0
        0x558431b5e4f0
        0x558431b5e4f0
        0x558431b5e4f0
        0x558431b5e4f0
        0x558431b5e4f0
        0x558431b5e4f0
        0x558431b5e4f0
        0x558431b5e4f0
        0x558431b5e4f0
        0x558431b5e4f0
        0x558431b5e4f0
        0x558431b5e4f0
        0x558431b5e4f0
        0x558431b5e4f0
        0x558431b5e4f0
        0x558431b5e4f0
        0x558431b5e4f0
        0x558431b5e4f0
        0x558431b5e4f0
        0x558431b5e4f0
        0x558431b5e4f0
        0x558431b5e4f0
        0x558431b5e4f0
        0x558431b5e4f0
        0x558431b5e4f0
        0x558431b5e4f0
        0x558431b5e4f0
        0x558431b5e4f0
        0x558431b5e4f0
        0x558431b5e4f0
        0x558431b5e4f0
        0x558431b5e4f0
        0x558431b5e4f0
        0x558431b5e4f0
        0x558431b5e4f0
        0x558431b5e4f0
        0x558431b5e4f0
        0x558431b5e4f0
        0x558431b5e4f0
        0x558431b5e4f0
        0x558431b5e4f0
        0x558431b5e4f0
        0x558431b5e4f0
        0x558431b5e4f0
        0x558431b5e4f0
        0x558431b5e4f0
        0x558431b5e4f0
        0x558431b5e4f0
        0x558431b5e4f0
        0x558431b5e4f0
        0x558431b5e4f0
        0x558431b5e4f0
        0x558431b5e4f0
        0x558431b5e4f0
        0x558431b5e4f0
        0x558431b5e4f0
        0x558431b5e4f0
        0x558431b5e4f0
        0x558431b5e4f0
        0x558431b5e4f0
        0x558431b5e4f0
        0x558431b5e4f0
        0x558431b5e4f0
        0x558431b5e4f0
        0x558431b5e4f0
        0x558431b5e4f0
        0x558431b5e4f0
        0x558431b5e4f0
        0x558431b5e4f0
        0x558431b5e4f0
        0x558431b5e4f0
        0x558431b5e4f0
        0x558431b5e4f0
        0x558431b5e4f0
        0x558431b5e4f0
        0x558431b5e4f0
        0x558431b5e4f0
        0x558431b5e4f0
        0x558431b5e4f0
        0x558431b5e4f0
        0x558431b5e4f0
        0x558431b5e4f0
        0x558431b5e4f0
        0x558431b5e4f0
        0x558431b5e4f0
        0x558431b5e4f0
        0x558431b5e4f0
        0x558431b5e4f0
        0x558431b5e4f0
        0x558431b5e4f0
        0x558431b5e4f0
        0x558431b5e4f0
        0x558431b5e4f0
        0x558431b5e4f0
        0x558431b5e4f0
        0x558431b5e4f0
        0x558431b5e4f0
        0x558431b5e4f0
        0x558431b5e4f0
        0x558431b5e4f0
        0x558431b5e4f0
        0x558431b5e4f0
        0x558431b5e4f0
        0x558431b5e4f0
        0x558431b5e4f0
        0x558431b5e4f0
]: 1
@preempt_stack[
        0x7f953eea2bcb
        __clock_gettime+29
        0x2c00088000007f93
]: 1
@preempt_stack[
        0x40d37807
]: 1
@preempt_stack[
        GC_allochblk_nth+243
]: 1
@preempt_stack[
        0x7f953dcd7f04
        0xdc1
]: 1
@preempt_stack[
        0x7f949c998116
        0
]: 1
@preempt_stack[
        0x7f953dd1f821
        0x2
]: 1
@preempt_stack[
        0x7f949c9cb775
        0x130000
        0x2
        0
        0x558434a790e0
]: 1
@preempt_stack[
        __pthread_mutex_unlock+0
]: 1
@preempt_stack[
        0x402c4990
        0x4050a81c
        0x4046dfb8
        0x40785934
        0x401c67a6
        0x7f949c846428
        0x7f949c9e578f
        0x558431b82490
]: 1
@preempt_stack[
        0x7f953d9fb58a
        0xea00038ffffdb44
        0x7f953da02410
        0x8348078948011124
]: 1
@preempt_stack[
        0x7f949c909bd1
        0xfd8b480074c08548
]: 1
@preempt_stack[
        0x7f953dd44713
]: 1
@preempt_stack[
        0x7f953dd3d7fe
        0x7f953c010000
        0x7f95024c7940
        0x58
]: 1
@preempt_stack[
        mono_metadata_type_hash+80
        0x110000
        0x55843218fb68
        0x55843218fb68
        0x55843218fb68
        0x55843218fb68
        0x55843218fb68
        0x55843218fb68
        0x55843218fb68
        0x55843218fb68
        0x55843218fb68
        0x55843218fb68
        0x55843218fb68
        0x55843218fb68
        0x55843218fb68
        0x55843218fb68
        0x55843218fb68
        0x55843218fb68
        0x55843218fb68
        0x55843218fb68
        0x55843218fb68
        0x55843218fb68
        0x55843218fb68
        0x55843218fb68
        0x55843218fb68
        0x55843218fb68
        0x55843218fb68
        0x55843218fb68
        0x55843218fb68
        0x55843218fb68
        0x55843218fb68
        0x55843218fb68
        0x55843218fb68
        0x55843218fb68
        0x55843218fb68
        0x55843218fb68
        0x55843218fb68
        0x55843218fb68
        0x55843218fb68
        0x55843218fb68
        0x55843218fb68
        0x55843218fb68
        0x55843218fb68
        0x55843218fb68
        0x55843218fb68
        0x55843218fb68
        0x55843218fb68
        0x55843218fb68
        0x55843218fb68
        0x55843218fb68
        0x55843218fb68
        0x55843218fb68
        0x55843218fb68
        0x55843218fb68
        0x55843218fb68
        0x55843218fb68
        0x55843218fb68
        0x55843218fb68
        0x55843218fb68
        0x55843218fb68
        0x55843218fb68
        0x55843218fb68
        0x55843218fb68
        0x55843218fb68
        0x55843218fb68
        0x55843218fb68
        0x55843218fb68
        0x55843218fb68
        0x55843218fb68
        0x55843218fb68
        0x55843218fb68
        0x55843218fb68
        0x55843218fb68
        0x55843218fb68
        0x55843218fb68
        0x55843218fb68
        0x55843218fb68
        0x55843218fb68
        0x55843218fb68
        0x55843218fb68
        0x55843218fb68
        0x55843218fb68
        0x55843218fb68
        0x55843218fb68
        0x55843218fb68
        0x55843218fb68
        0x55843218fb68
        0x55843218fb68
        0x55843218fb68
        0x55843218fb68
        0x55843218fb68
        0x55843218fb68
        0x55843218fb68
        0x55843218fb68
        0x55843218fb68
        0x55843218fb68
        0x55843218fb68
        0x55843218fb68
        0x55843218fb68
        0x55843218fb68
        0x55843218fb68
        0x55843218fb68
        0x55843218fb68
        0x55843218fb68
        0x55843218fb68
        0x55843218fb68
        0x55843218fb68
        0x55843218fb68
        0x55843218fb68
        0x55843218fb68
        0x55843218fb68
        0x55843218fb68
        0x55843218fb68
        0x55843218fb68
        0x55843218fb68
        0x55843218fb68
        0x55843218fb68
        0x55843218fb68
        0x55843218fb68
        0x55843218fb68
        0x55843218fb68
        0x55843218fb68
        0x55843218fb68
        0x55843218fb68
        0x55843218fb68
        0x55843218fb68
        0x55843218fb68
]: 1
@preempt_stack[
        0x40441d1f
]: 1
@preempt_stack[
        0x7f953dd2b611
]: 1
@preempt_stack[
        0x7f949c879e05
        0
]: 1
@preempt_stack[
        mono_conc_hashtable_lookup+252
        0x7f93ac00ddd0
        0x5584363a08a0
]: 1
@preempt_stack[
        0x7f949c9821b5
]: 1
@preempt_stack[
        mono_stringify_assembly_name+28
]: 1
@preempt_stack[
        0x402f21e7
        0x40c0d864
        0x4077cadf
        0x7f949c846428
        0x7f949c9e578f
        0x558431b82490
]: 1
@preempt_stack[
        0x404417c8
]: 1
@preempt_stack[
        0x7f953e6dbdad
]: 1
@preempt_stack[
        0x7f953d906aec
        0x33207265
]: 1
@preempt_stack[
        0x7f949c9cb775
        0x120000
        0x558435959350
        0x558435959350
        0x558435959350
        0x558435959350
        0x558435959350
        0x558435959350
        0x558435959350
        0x558435959350
        0x558435959350
        0x558435959350
        0x558435959350
        0x558435959350
        0x558435959350
        0x558435959350
        0x558435959350
        0x558435959350
        0x558435959350
        0x558435959350
        0x558435959350
        0x558435959350
        0x558435959350
        0x558435959350
        0x558435959350
        0x558435959350
        0x558435959350
        0x558435959350
        0x558435959350
        0x558435959350
        0x558435959350
        0x558435959350
        0x558435959350
        0x558435959350
        0x558435959350
        0x558435959350
        0x558435959350
        0x558435959350
        0x558435959350
        0x558435959350
        0x558435959350
        0x558435959350
        0x558435959350
        0x558435959350
        0x558435959350
        0x558435959350
        0x558435959350
        0x558435959350
        0x558435959350
        0x558435959350
        0x558435959350
        0x558435959350
        0x558435959350
        0x558435959350
        0x558435959350
        0x558435959350
        0x558435959350
        0x558435959350
        0x558435959350
        0x558435959350
        0x558435959350
        0x558435959350
        0x558435959350
        0x558435959350
        0x558435959350
        0x558435959350
        0x558435959350
        0x558435959350
        0x558435959350
        0x558435959350
        0x558435959350
        0x558435959350
        0x558435959350
        0x558435959350
        0x558435959350
        0x558435959350
        0x558435959350
        0x558435959350
        0x558435959350
        0x558435959350
        0x558435959350
        0x558435959350
        0x558435959350
        0x558435959350
        0x558435959350
        0x558435959350
        0x558435959350
        0x558435959350
        0x558435959350
        0x558435959350
        0x558435959350
        0x558435959350
        0x558435959350
        0x558435959350
        0x558435959350
        0x558435959350
        0x558435959350
        0x558435959350
        0x558435959350
        0x558435959350
        0x558435959350
        0x558435959350
        0x558435959350
        0x558435959350
        0x558435959350
        0x558435959350
        0x558435959350
        0x558435959350
        0x558435959350
        0x558435959350
        0x558435959350
        0x558435959350
        0x558435959350
        0x558435959350
        0x558435959350
        0x558435959350
        0x558435959350
        0x558435959350
        0x558435959350
        0x558435959350
        0x558435959350
        0x558435959350
        0x558435959350
        0x558435959350
        0x558435959350
        0x558435959350
        0x558435959350
]: 1
@preempt_stack[
        mono_metadata_type_hash+80
        0x110000
        0x558434c9cd60
        0x558434c9cd60
        0x558434c9cd60
        0x558434c9cd60
        0x558434c9cd60
        0x558434c9cd60
        0x558434c9cd60
        0x558434c9cd60
        0x558434c9cd60
        0x558434c9cd60
        0x558434c9cd60
        0x558434c9cd60
        0x558434c9cd60
        0x558434c9cd60
        0x558434c9cd60
        0x558434c9cd60
        0x558434c9cd60
        0x558434c9cd60
        0x558434c9cd60
        0x558434c9cd60
        0x558434c9cd60
        0x558434c9cd60
        0x558434c9cd60
        0x558434c9cd60
        0x558434c9cd60
        0x558434c9cd60
        0x558434c9cd60
        0x558434c9cd60
        0x558434c9cd60
        0x558434c9cd60
        0x558434c9cd60
        0x558434c9cd60
        0x558434c9cd60
        0x558434c9cd60
        0x558434c9cd60
        0x558434c9cd60
        0x558434c9cd60
        0x558434c9cd60
        0x558434c9cd60
        0x558434c9cd60
        0x558434c9cd60
        0x558434c9cd60
        0x558434c9cd60
        0x558434c9cd60
        0x558434c9cd60
        0x558434c9cd60
        0x558434c9cd60
        0x558434c9cd60
        0x558434c9cd60
        0x558434c9cd60
        0x558434c9cd60
        0x558434c9cd60
        0x558434c9cd60
        0x558434c9cd60
        0x558434c9cd60
        0x558434c9cd60
        0x558434c9cd60
        0x558434c9cd60
        0x558434c9cd60
        0x558434c9cd60
        0x558434c9cd60
        0x558434c9cd60
        0x558434c9cd60
        0x558434c9cd60
        0x558434c9cd60
        0x558434c9cd60
        0x558434c9cd60
        0x558434c9cd60
        0x558434c9cd60
        0x558434c9cd60
        0x558434c9cd60
        0x558434c9cd60
        0x558434c9cd60
        0x558434c9cd60
        0x558434c9cd60
        0x558434c9cd60
        0x558434c9cd60
        0x558434c9cd60
        0x558434c9cd60
        0x558434c9cd60
        0x558434c9cd60
        0x558434c9cd60
        0x558434c9cd60
        0x558434c9cd60
        0x558434c9cd60
        0x558434c9cd60
        0x558434c9cd60
        0x558434c9cd60
        0x558434c9cd60
        0x558434c9cd60
        0x558434c9cd60
        0x558434c9cd60
        0x558434c9cd60
        0x558434c9cd60
        0x558434c9cd60
        0x558434c9cd60
        0x558434c9cd60
        0x558434c9cd60
        0x558434c9cd60
        0x558434c9cd60
        0x558434c9cd60
        0x558434c9cd60
        0x558434c9cd60
        0x558434c9cd60
        0x558434c9cd60
        0x558434c9cd60
        0x558434c9cd60
        0x558434c9cd60
        0x558434c9cd60
        0x558434c9cd60
        0x558434c9cd60
        0x558434c9cd60
        0x558434c9cd60
        0x558434c9cd60
        0x558434c9cd60
        0x558434c9cd60
        0x558434c9cd60
        0x558434c9cd60
        0x558434c9cd60
        0x558434c9cd60
        0x558434c9cd60
        0x558434c9cd60
        0x558434c9cd60
        0x558434c9cd60
        0x558434c9cd60
]: 1
@preempt_stack[
        0x7f949c9ade41
]: 1
@preempt_stack[
        0x7f949ca0f68f
        0x30000
        0x558431b450c0
        0x558431b450c0
        0x558431b450c0
        0x558431b450c0
        0x558431b450c0
        0x558431b450c0
        0x558431b450c0
        0x558431b450c0
        0x558431b450c0
        0x558431b450c0
        0x558431b450c0
        0x558431b450c0
        0x558431b450c0
        0x558431b450c0
        0x558431b450c0
        0x558431b450c0
        0x558431b450c0
        0x558431b450c0
        0x558431b450c0
        0x558431b450c0
        0x558431b450c0
        0x558431b450c0
        0x558431b450c0
        0x558431b450c0
        0x558431b450c0
        0x558431b450c0
        0x558431b450c0
        0x558431b450c0
        0x558431b450c0
        0x558431b450c0
        0x558431b450c0
        0x558431b450c0
        0x558431b450c0
        0x558431b450c0
        0x558431b450c0
        0x558431b450c0
        0x558431b450c0
        0x558431b450c0
        0x558431b450c0
        0x558431b450c0
        0x558431b450c0
        0x558431b450c0
        0x558431b450c0
        0x558431b450c0
        0x558431b450c0
        0x558431b450c0
        0x558431b450c0
        0x558431b450c0
        0x558431b450c0
        0x558431b450c0
        0x558431b450c0
        0x558431b450c0
        0x558431b450c0
        0x558431b450c0
        0x558431b450c0
        0x558431b450c0
        0x558431b450c0
        0x558431b450c0
        0x558431b450c0
        0x558431b450c0
        0x558431b450c0
        0x558431b450c0
        0x558431b450c0
        0x558431b450c0
        0x558431b450c0
        0x558431b450c0
        0x558431b450c0
        0x558431b450c0
        0x558431b450c0
        0x558431b450c0
        0x558431b450c0
        0x558431b450c0
        0x558431b450c0
        0x558431b450c0
        0x558431b450c0
        0x558431b450c0
        0x558431b450c0
        0x558431b450c0
        0x558431b450c0
        0x558431b450c0
        0x558431b450c0
        0x558431b450c0
        0x558431b450c0
        0x558431b450c0
        0x558431b450c0
        0x558431b450c0
        0x558431b450c0
        0x558431b450c0
        0x558431b450c0
        0x558431b450c0
        0x558431b450c0
        0x558431b450c0
        0x558431b450c0
        0x558431b450c0
        0x558431b450c0
        0x558431b450c0
        0x558431b450c0
        0x558431b450c0
        0x558431b450c0
        0x558431b450c0
        0x558431b450c0
        0x558431b450c0
        0x558431b450c0
        0x558431b450c0
        0x558431b450c0
        0x558431b450c0
        0x558431b450c0
        0x558431b450c0
        0x558431b450c0
        0x558431b450c0
        0x558431b450c0
        0x558431b450c0
        0x558431b450c0
        0x558431b450c0
        0x558431b450c0
        0x558431b450c0
        0x558431b450c0
        0x558431b450c0
        0x558431b450c0
        0x558431b450c0
        0x558431b450c0
        0x558431b450c0
        0x558431b450c0
        0x558431b450c0
        0x558431b450c0
]: 1
@preempt_stack[
        0x7f953dcd7ad1
        0x8c108c408c2
]: 1
@preempt_stack[
        0x40d55fba
        0x40da35dc
        0x7f94788cb95b
        0x7f93fc07fabb
        0x401c67a6
        0x7f949c846428
        0x7f949c9e578f
        0x558431b82490
]: 1
@preempt_stack[
        0x7f949ca0f68f
        0x120000
        0x558433076f78
        0x558433076f78
        0x558433076f78
        0x558433076f78
        0x558433076f78
        0x558433076f78
        0x558433076f78
        0x558433076f78
        0x558433076f78
        0x558433076f78
        0x558433076f78
        0x558433076f78
        0x558433076f78
        0x558433076f78
        0x558433076f78
        0x558433076f78
        0x558433076f78
        0x558433076f78
        0x558433076f78
        0x558433076f78
        0x558433076f78
        0x558433076f78
        0x558433076f78
        0x558433076f78
        0x558433076f78
        0x558433076f78
        0x558433076f78
        0x558433076f78
        0x558433076f78
        0x558433076f78
        0x558433076f78
        0x558433076f78
        0x558433076f78
        0x558433076f78
        0x558433076f78
        0x558433076f78
        0x558433076f78
        0x558433076f78
        0x558433076f78
        0x558433076f78
        0x558433076f78
        0x558433076f78
        0x558433076f78
        0x558433076f78
        0x558433076f78
        0x558433076f78
        0x558433076f78
        0x558433076f78
        0x558433076f78
        0x558433076f78
        0x558433076f78
        0x558433076f78
        0x558433076f78
        0x558433076f78
        0x558433076f78
        0x558433076f78
        0x558433076f78
        0x558433076f78
        0x558433076f78
        0x558433076f78
        0x558433076f78
        0x558433076f78
        0x558433076f78
        0x558433076f78
        0x558433076f78
        0x558433076f78
        0x558433076f78
        0x558433076f78
        0x558433076f78
        0x558433076f78
        0x558433076f78
        0x558433076f78
        0x558433076f78
        0x558433076f78
        0x558433076f78
        0x558433076f78
        0x558433076f78
        0x558433076f78
        0x558433076f78
        0x558433076f78
        0x558433076f78
        0x558433076f78
        0x558433076f78
        0x558433076f78
        0x558433076f78
        0x558433076f78
        0x558433076f78
        0x558433076f78
        0x558433076f78
        0x558433076f78
        0x558433076f78
        0x558433076f78
        0x558433076f78
        0x558433076f78
        0x558433076f78
        0x558433076f78
        0x558433076f78
        0x558433076f78
        0x558433076f78
        0x558433076f78
        0x558433076f78
        0x558433076f78
        0x558433076f78
        0x558433076f78
        0x558433076f78
        0x558433076f78
        0x558433076f78
        0x558433076f78
        0x558433076f78
        0x558433076f78
        0x558433076f78
        0x558433076f78
        0x558433076f78
        0x558433076f78
        0x558433076f78
        0x558433076f78
        0x558433076f78
        0x558433076f78
        0x558433076f78
        0x558433076f78
        0x558433076f78
        0x558433076f78
        0x558433076f78
        0x558433076f78
        0x558433076f78
]: 1
@preempt_stack[
        0x7f949c99d056
        0x558431e1dd80
]: 1
@preempt_stack[
        0x40a8a7e6
        0x40407e56
        0x40403d24
        0x7f949c846428
        0x7f949c9e578f
        0x558431b82490
]: 1
@preempt_stack[
        0x7f953e82bb85
]: 1
@preempt_stack[
        0x7f93fc092d99
        0x7f94788cb95b
        0x7f93fc07fabb
        0x401c67a6
        0x7f949c846428
        0x7f949c9e578f
        0x558431b82490
]: 1
@preempt_stack[
        0x7f953d90738b
]: 1
@preempt_stack[
        0x401a5855
        0x4019e074
        0x40201d40
        0x40201cac
        0
        0x3f00000000000001
        0x558432078198
        0x558432078198
        0x558432078198
        0x558432078198
        0x558432078198
        0x558432078198
        0x558432078198
        0x558432078198
        0x558432078198
        0x558432078198
        0x558432078198
        0x558432078198
        0x558432078198
        0x558432078198
        0x558432078198
        0x558432078198
        0x558432078198
        0x558432078198
        0x558432078198
        0x558432078198
        0x558432078198
        0x558432078198
        0x558432078198
        0x558432078198
        0x558432078198
        0x558432078198
        0x558432078198
        0x558432078198
        0x558432078198
        0x558432078198
        0x558432078198
        0x558432078198
        0x558432078198
        0x558432078198
        0x558432078198
        0x558432078198
        0x558432078198
        0x558432078198
        0x558432078198
        0x558432078198
        0x558432078198
        0x558432078198
        0x558432078198
        0x558432078198
        0x558432078198
        0x558432078198
        0x558432078198
        0x558432078198
        0x558432078198
        0x558432078198
        0x558432078198
        0x558432078198
        0x558432078198
        0x558432078198
        0x558432078198
        0x558432078198
        0x558432078198
        0x558432078198
        0x558432078198
        0x558432078198
        0x558432078198
        0x558432078198
        0x558432078198
        0x558432078198
        0x558432078198
        0x558432078198
        0x558432078198
        0x558432078198
        0x558432078198
        0x558432078198
        0x558432078198
        0x558432078198
        0x558432078198
        0x558432078198
        0x558432078198
        0x558432078198
        0x558432078198
        0x558432078198
        0x558432078198
        0x558432078198
        0x558432078198
        0x558432078198
        0x558432078198
        0x558432078198
        0x558432078198
        0x558432078198
        0x558432078198
        0x558432078198
        0x558432078198
        0x558432078198
        0x558432078198
        0x558432078198
        0x558432078198
        0x558432078198
        0x558432078198
        0x558432078198
        0x558432078198
        0x558432078198
        0x558432078198
        0x558432078198
        0x558432078198
        0x558432078198
        0x558432078198
        0x558432078198
        0x558432078198
        0x558432078198
        0x558432078198
        0x558432078198
        0x558432078198
        0x558432078198
        0x558432078198
        0x558432078198
        0x558432078198
        0x558432078198
        0x558432078198
        0x558432078198
        0x558432078198
        0x558432078198
        0x558432078198
        0x558432078198
        0x558432078198
]: 1
@preempt_stack[
        0x403fb899
        0x407f5b04
        0x40407e17
        0x40403d24
        0x7f949c846428
        0x7f949c9e578f
        0x558431b82490
]: 1
@preempt_stack[
        0x7f953db31134
]: 1
@preempt_stack[
        0x7f953dd517e0
]: 1
@preempt_stack[
        0x7f949c9cb77e
        0x110000
        0x558434cc5b60
        0x558434cc5b60
        0x558434cc5b60
        0x558434cc5b60
        0x558434cc5b60
        0x558434cc5b60
        0x558434cc5b60
        0x558434cc5b60
        0x558434cc5b60
        0x558434cc5b60
        0x558434cc5b60
        0x558434cc5b60
        0x558434cc5b60
        0x558434cc5b60
        0x558434cc5b60
        0x558434cc5b60
        0x558434cc5b60
        0x558434cc5b60
        0x558434cc5b60
        0x558434cc5b60
        0x558434cc5b60
        0x558434cc5b60
        0x558434cc5b60
        0x558434cc5b60
        0x558434cc5b60
        0x558434cc5b60
        0x558434cc5b60
        0x558434cc5b60
        0x558434cc5b60
        0x558434cc5b60
        0x558434cc5b60
        0x558434cc5b60
        0x558434cc5b60
        0x558434cc5b60
        0x558434cc5b60
        0x558434cc5b60
        0x558434cc5b60
        0x558434cc5b60
        0x558434cc5b60
        0x558434cc5b60
        0x558434cc5b60
        0x558434cc5b60
        0x558434cc5b60
        0x558434cc5b60
        0x558434cc5b60
        0x558434cc5b60
        0x558434cc5b60
        0x558434cc5b60
        0x558434cc5b60
        0x558434cc5b60
        0x558434cc5b60
        0x558434cc5b60
        0x558434cc5b60
        0x558434cc5b60
        0x558434cc5b60
        0x558434cc5b60
        0x558434cc5b60
        0x558434cc5b60
        0x558434cc5b60
        0x558434cc5b60
        0x558434cc5b60
        0x558434cc5b60
        0x558434cc5b60
        0x558434cc5b60
        0x558434cc5b60
        0x558434cc5b60
        0x558434cc5b60
        0x558434cc5b60
        0x558434cc5b60
        0x558434cc5b60
        0x558434cc5b60
        0x558434cc5b60
        0x558434cc5b60
        0x558434cc5b60
        0x558434cc5b60
        0x558434cc5b60
        0x558434cc5b60
        0x558434cc5b60
        0x558434cc5b60
        0x558434cc5b60
        0x558434cc5b60
        0x558434cc5b60
        0x558434cc5b60
        0x558434cc5b60
        0x558434cc5b60
        0x558434cc5b60
        0x558434cc5b60
        0x558434cc5b60
        0x558434cc5b60
        0x558434cc5b60
        0x558434cc5b60
        0x558434cc5b60
        0x558434cc5b60
        0x558434cc5b60
        0x558434cc5b60
        0x558434cc5b60
        0x558434cc5b60
        0x558434cc5b60
        0x558434cc5b60
        0x558434cc5b60
        0x558434cc5b60
        0x558434cc5b60
        0x558434cc5b60
        0x558434cc5b60
        0x558434cc5b60
        0x558434cc5b60
        0x558434cc5b60
        0x558434cc5b60
        0x558434cc5b60
        0x558434cc5b60
        0x558434cc5b60
        0x558434cc5b60
        0x558434cc5b60
        0x558434cc5b60
        0x558434cc5b60
        0x558434cc5b60
        0x558434cc5b60
        0x558434cc5b60
        0x558434cc5b60
        0x558434cc5b60
        0x558434cc5b60
        0x558434cc5b60
        0x558434cc5b60
        0x558434cc5b60
        0x558434cc5b60
]: 1
@preempt_stack[
        0x7f953dcd3652
        0x28102840282
]: 1
@preempt_stack[
        0x7f949ca0ec67
        0x558435bbc5f0
]: 1
@preempt_stack[
        0x7f949ca5b0c9
        0x7f93fc09321b
        0x7f94788cb95b
        0x7f93fc07fabb
        0x401c67a6
        0x7f949c846428
        0x7f949c9e578f
        0x558431b82490
]: 1
@preempt_stack[
        0x4019be26
        0x4046dfb8
        0x40785934
        0x401c67a6
        0x7f949c846428
        0x7f949c9e578f
        0x558431b82490
]: 1
@preempt_stack[
        0x7f949c9e44f9
        0x120000
        0x558431fe1590
        0x558431fe1590
        0x558431fe1590
        0x558431fe1590
        0x558431fe1590
        0x558431fe1590
        0x558431fe1590
        0x558431fe1590
        0x558431fe1590
        0x558431fe1590
        0x558431fe1590
        0x558431fe1590
        0x558431fe1590
        0x558431fe1590
        0x558431fe1590
        0x558431fe1590
        0x558431fe1590
        0x558431fe1590
        0x558431fe1590
        0x558431fe1590
        0x558431fe1590
        0x558431fe1590
        0x558431fe1590
        0x558431fe1590
        0x558431fe1590
        0x558431fe1590
        0x558431fe1590
        0x558431fe1590
        0x558431fe1590
        0x558431fe1590
        0x558431fe1590
        0x558431fe1590
        0x558431fe1590
        0x558431fe1590
        0x558431fe1590
        0x558431fe1590
        0x558431fe1590
        0x558431fe1590
        0x558431fe1590
        0x558431fe1590
        0x558431fe1590
        0x558431fe1590
        0x558431fe1590
        0x558431fe1590
        0x558431fe1590
        0x558431fe1590
        0x558431fe1590
        0x558431fe1590
        0x558431fe1590
        0x558431fe1590
        0x558431fe1590
        0x558431fe1590
        0x558431fe1590
        0x558431fe1590
        0x558431fe1590
        0x558431fe1590
        0x558431fe1590
        0x558431fe1590
        0x558431fe1590
        0x558431fe1590
        0x558431fe1590
        0x558431fe1590
        0x558431fe1590
        0x558431fe1590
        0x558431fe1590
        0x558431fe1590
        0x558431fe1590
        0x558431fe1590
        0x558431fe1590
        0x558431fe1590
        0x558431fe1590
        0x558431fe1590
        0x558431fe1590
        0x558431fe1590
        0x558431fe1590
        0x558431fe1590
        0x558431fe1590
        0x558431fe1590
        0x558431fe1590
        0x558431fe1590
        0x558431fe1590
        0x558431fe1590
        0x558431fe1590
        0x558431fe1590
        0x558431fe1590
        0x558431fe1590
        0x558431fe1590
        0x558431fe1590
        0x558431fe1590
        0x558431fe1590
        0x558431fe1590
        0x558431fe1590
        0x558431fe1590
        0x558431fe1590
        0x558431fe1590
        0x558431fe1590
        0x558431fe1590
        0x558431fe1590
        0x558431fe1590
        0x558431fe1590
        0x558431fe1590
        0x558431fe1590
        0x558431fe1590
        0x558431fe1590
        0x558431fe1590
        0x558431fe1590
        0x558431fe1590
        0x558431fe1590
        0x558431fe1590
        0x558431fe1590
        0x558431fe1590
        0x558431fe1590
        0x558431fe1590
        0x558431fe1590
        0x558431fe1590
        0x558431fe1590
        0x558431fe1590
        0x558431fe1590
        0x558431fe1590
        0x558431fe1590
        0x558431fe1590
        0x558431fe1590
        0x558431fe1590
        0x558431fe1590
        0x558431fe1590
]: 1
@preempt_stack[
        0x7f949c9ce4d8
        0x5584350f6588
        0x5584350f6588
        0x5584350f6588
        0x5584350f6588
        0x5584350f6588
        0x5584350f6588
        0x5584350f6588
        0x5584350f6588
        0x5584350f6588
        0x5584350f6588
        0x5584350f6588
        0x5584350f6588
        0x5584350f6588
        0x5584350f6588
        0x5584350f6588
        0x5584350f6588
        0x5584350f6588
        0x5584350f6588
        0x5584350f6588
        0x5584350f6588
        0x5584350f6588
        0x5584350f6588
        0x5584350f6588
        0x5584350f6588
        0x5584350f6588
        0x5584350f6588
        0x5584350f6588
        0x5584350f6588
        0x5584350f6588
        0x5584350f6588
        0x5584350f6588
        0x5584350f6588
        0x5584350f6588
        0x5584350f6588
        0x5584350f6588
        0x5584350f6588
        0x5584350f6588
        0x5584350f6588
        0x5584350f6588
        0x5584350f6588
        0x5584350f6588
        0x5584350f6588
        0x5584350f6588
        0x5584350f6588
        0x5584350f6588
        0x5584350f6588
        0x5584350f6588
        0x5584350f6588
        0x5584350f6588
        0x5584350f6588
        0x5584350f6588
        0x5584350f6588
        0x5584350f6588
        0x5584350f6588
        0x5584350f6588
        0x5584350f6588
        0x5584350f6588
        0x5584350f6588
        0x5584350f6588
        0x5584350f6588
        0x5584350f6588
        0x5584350f6588
        0x5584350f6588
        0x5584350f6588
        0x5584350f6588
        0x5584350f6588
        0x5584350f6588
        0x5584350f6588
        0x5584350f6588
        0x5584350f6588
        0x5584350f6588
        0x5584350f6588
        0x5584350f6588
        0x5584350f6588
        0x5584350f6588
        0x5584350f6588
        0x5584350f6588
        0x5584350f6588
        0x5584350f6588
        0x5584350f6588
        0x5584350f6588
        0x5584350f6588
        0x5584350f6588
        0x5584350f6588
        0x5584350f6588
        0x5584350f6588
        0x5584350f6588
        0x5584350f6588
        0x5584350f6588
        0x5584350f6588
        0x5584350f6588
        0x5584350f6588
        0x5584350f6588
        0x5584350f6588
        0x5584350f6588
        0x5584350f6588
        0x5584350f6588
        0x5584350f6588
        0x5584350f6588
        0x5584350f6588
        0x5584350f6588
        0x5584350f6588
        0x5584350f6588
        0x5584350f6588
        0x5584350f6588
        0x5584350f6588
        0x5584350f6588
        0x5584350f6588
        0x5584350f6588
        0x5584350f6588
        0x5584350f6588
        0x5584350f6588
        0x5584350f6588
        0x5584350f6588
        0x5584350f6588
        0x5584350f6588
        0x5584350f6588
        0x5584350f6588
        0x5584350f6588
        0x5584350f6588
        0x5584350f6588
        0x5584350f6588
        0x5584350f6588
        0x5584350f6588
        0x5584350f6588
        0x5584350f6588
]: 1
@preempt_stack[
        0x7f953dcd31a0
        0xc410c440c41
]: 1
@preempt_stack[
        0x7f949c9cb5b8
        0
        0
        0x558434edf9e0
]: 1
@preempt_stack[
        0x7f953d9076a5
        0x7f950076b540
        0xc410c440c41
]: 1
@preempt_stack[
        0x7f949c9b63bb
]: 1
@preempt_stack[
        0x7f949c9cb5b8
        0x1
        0
        0x5584338b6a20
]: 1
@preempt_stack[
        0x7f949c9cb775
        0x130000
        0
        0
        0x558434efd000
]: 1
@preempt_stack[
        0x40c0cf38
        0x40c0d864
        0x4077cadf
        0x7f949c846428
        0x7f949c9e578f
        0x558431b82490
]: 1
@preempt_stack[
        pthread_mutex_trylock+909
        0x120000
        0x55843479fb30
        0x55843479fb30
        0x55843479fb30
        0x55843479fb30
        0x55843479fb30
        0x55843479fb30
        0x55843479fb30
        0x55843479fb30
        0x55843479fb30
        0x55843479fb30
        0x55843479fb30
        0x55843479fb30
        0x55843479fb30
        0x55843479fb30
        0x55843479fb30
        0x55843479fb30
        0x55843479fb30
        0x55843479fb30
        0x55843479fb30
        0x55843479fb30
        0x55843479fb30
        0x55843479fb30
        0x55843479fb30
        0x55843479fb30
        0x55843479fb30
        0x55843479fb30
        0x55843479fb30
        0x55843479fb30
        0x55843479fb30
        0x55843479fb30
        0x55843479fb30
        0x55843479fb30
        0x55843479fb30
        0x55843479fb30
        0x55843479fb30
        0x55843479fb30
        0x55843479fb30
        0x55843479fb30
        0x55843479fb30
        0x55843479fb30
        0x55843479fb30
        0x55843479fb30
        0x55843479fb30
        0x55843479fb30
        0x55843479fb30
        0x55843479fb30
        0x55843479fb30
        0x55843479fb30
        0x55843479fb30
        0x55843479fb30
        0x55843479fb30
        0x55843479fb30
        0x55843479fb30
        0x55843479fb30
        0x55843479fb30
        0x55843479fb30
        0x55843479fb30
        0x55843479fb30
        0x55843479fb30
        0x55843479fb30
        0x55843479fb30
        0x55843479fb30
        0x55843479fb30
        0x55843479fb30
        0x55843479fb30
        0x55843479fb30
        0x55843479fb30
        0x55843479fb30
        0x55843479fb30
        0x55843479fb30
        0x55843479fb30
        0x55843479fb30
        0x55843479fb30
        0x55843479fb30
        0x55843479fb30
        0x55843479fb30
        0x55843479fb30
        0x55843479fb30
        0x55843479fb30
        0x55843479fb30
        0x55843479fb30
        0x55843479fb30
        0x55843479fb30
        0x55843479fb30
        0x55843479fb30
        0x55843479fb30
        0x55843479fb30
        0x55843479fb30
        0x55843479fb30
        0x55843479fb30
        0x55843479fb30
        0x55843479fb30
        0x55843479fb30
        0x55843479fb30
        0x55843479fb30
        0x55843479fb30
        0x55843479fb30
        0x55843479fb30
        0x55843479fb30
        0x55843479fb30
        0x55843479fb30
        0x55843479fb30
        0x55843479fb30
        0x55843479fb30
        0x55843479fb30
        0x55843479fb30
        0x55843479fb30
        0x55843479fb30
        0x55843479fb30
        0x55843479fb30
        0x55843479fb30
        0x55843479fb30
        0x55843479fb30
        0x55843479fb30
        0x55843479fb30
        0x55843479fb30
        0x55843479fb30
        0x55843479fb30
        0x55843479fb30
        0x55843479fb30
        0x55843479fb30
        0x55843479fb30
        0x55843479fb30
        0x55843479fb30
        0x55843479fb30
]: 1
@preempt_stack[
        0x40442a76
]: 1
@preempt_stack[
        0x7f949c9cb613
        0x130000
        0
        0
        0x558434a7b6d0
]: 1
@preempt_stack[
        0x7f953dcd7da0
        0xd81
]: 1
@preempt_stack[
        0x7f949c9dcfb5
]: 1
@preempt_stack[
        0x7f949ca58625
]: 1
@preempt_stack[
        0x7f949c9dcfa3
        0x120000
        0x55843207f940
        0x55843207f940
        0x55843207f940
        0x55843207f940
        0x55843207f940
        0x55843207f940
        0x55843207f940
        0x55843207f940
        0x55843207f940
        0x55843207f940
        0x55843207f940
        0x55843207f940
        0x55843207f940
        0x55843207f940
        0x55843207f940
        0x55843207f940
        0x55843207f940
        0x55843207f940
        0x55843207f940
        0x55843207f940
        0x55843207f940
        0x55843207f940
        0x55843207f940
        0x55843207f940
        0x55843207f940
        0x55843207f940
        0x55843207f940
        0x55843207f940
        0x55843207f940
        0x55843207f940
        0x55843207f940
        0x55843207f940
        0x55843207f940
        0x55843207f940
        0x55843207f940
        0x55843207f940
        0x55843207f940
        0x55843207f940
        0x55843207f940
        0x55843207f940
        0x55843207f940
        0x55843207f940
        0x55843207f940
        0x55843207f940
        0x55843207f940
        0x55843207f940
        0x55843207f940
        0x55843207f940
        0x55843207f940
        0x55843207f940
        0x55843207f940
        0x55843207f940
        0x55843207f940
        0x55843207f940
        0x55843207f940
        0x55843207f940
        0x55843207f940
        0x55843207f940
        0x55843207f940
        0x55843207f940
        0x55843207f940
        0x55843207f940
        0x55843207f940
        0x55843207f940
        0x55843207f940
        0x55843207f940
        0x55843207f940
        0x55843207f940
        0x55843207f940
        0x55843207f940
        0x55843207f940
        0x55843207f940
        0x55843207f940
        0x55843207f940
        0x55843207f940
        0x55843207f940
        0x55843207f940
        0x55843207f940
        0x55843207f940
        0x55843207f940
        0x55843207f940
        0x55843207f940
        0x55843207f940
        0x55843207f940
        0x55843207f940
        0x55843207f940
        0x55843207f940
        0x55843207f940
        0x55843207f940
        0x55843207f940
        0x55843207f940
        0x55843207f940
        0x55843207f940
        0x55843207f940
        0x55843207f940
        0x55843207f940
        0x55843207f940
        0x55843207f940
        0x55843207f940
        0x55843207f940
        0x55843207f940
        0x55843207f940
        0x55843207f940
        0x55843207f940
        0x55843207f940
        0x55843207f940
        0x55843207f940
        0x55843207f940
        0x55843207f940
        0x55843207f940
        0x55843207f940
        0x55843207f940
        0x55843207f940
        0x55843207f940
        0x55843207f940
        0x55843207f940
        0x55843207f940
        0x55843207f940
        0x55843207f940
        0x55843207f940
        0x55843207f940
        0x55843207f940
        0x55843207f940
        0x55843207f940
        0x55843207f940
]: 1
@preempt_stack[
        0x7f949c9cb8e4
        0x130000
        0
        0
        0x5584347e7230
]: 1
@preempt_stack[
        0x7f949c9cb75e
        0x120000
        0x558434aba318
        0x558434aba318
        0x558434aba318
        0x558434aba318
        0x558434aba318
        0x558434aba318
        0x558434aba318
        0x558434aba318
        0x558434aba318
        0x558434aba318
        0x558434aba318
        0x558434aba318
        0x558434aba318
        0x558434aba318
        0x558434aba318
        0x558434aba318
        0x558434aba318
        0x558434aba318
        0x558434aba318
        0x558434aba318
        0x558434aba318
        0x558434aba318
        0x558434aba318
        0x558434aba318
        0x558434aba318
        0x558434aba318
        0x558434aba318
        0x558434aba318
        0x558434aba318
        0x558434aba318
        0x558434aba318
        0x558434aba318
        0x558434aba318
        0x558434aba318
        0x558434aba318
        0x558434aba318
        0x558434aba318
        0x558434aba318
        0x558434aba318
        0x558434aba318
        0x558434aba318
        0x558434aba318
        0x558434aba318
        0x558434aba318
        0x558434aba318
        0x558434aba318
        0x558434aba318
        0x558434aba318
        0x558434aba318
        0x558434aba318
        0x558434aba318
        0x558434aba318
        0x558434aba318
        0x558434aba318
        0x558434aba318
        0x558434aba318
        0x558434aba318
        0x558434aba318
        0x558434aba318
        0x558434aba318
        0x558434aba318
        0x558434aba318
        0x558434aba318
        0x558434aba318
        0x558434aba318
        0x558434aba318
        0x558434aba318
        0x558434aba318
        0x558434aba318
        0x558434aba318
        0x558434aba318
        0x558434aba318
        0x558434aba318
        0x558434aba318
        0x558434aba318
        0x558434aba318
        0x558434aba318
        0x558434aba318
        0x558434aba318
        0x558434aba318
        0x558434aba318
        0x558434aba318
        0x558434aba318
        0x558434aba318
        0x558434aba318
        0x558434aba318
        0x558434aba318
        0x558434aba318
        0x558434aba318
        0x558434aba318
        0x558434aba318
        0x558434aba318
        0x558434aba318
        0x558434aba318
        0x558434aba318
        0x558434aba318
        0x558434aba318
        0x558434aba318
        0x558434aba318
        0x558434aba318
        0x558434aba318
        0x558434aba318
        0x558434aba318
        0x558434aba318
        0x558434aba318
        0x558434aba318
        0x558434aba318
        0x558434aba318
        0x558434aba318
        0x558434aba318
        0x558434aba318
        0x558434aba318
        0x558434aba318
        0x558434aba318
        0x558434aba318
        0x558434aba318
        0x558434aba318
        0x558434aba318
        0x558434aba318
        0x558434aba318
        0x558434aba318
        0x558434aba318
        0x558434aba318
        0x558434aba318
        0x558434aba318
]: 1
@preempt_stack[
        0x7f949c9cb8e4
        0x130000
        0x2
        0
        0x5584320de900
]: 1
@preempt_stack[
        GC_generic_malloc_inner+79
]: 1
@preempt_stack[
        0x7f953dd4e965
        0xc82
]: 1
@preempt_stack[
        0x40d06696
        0
        0x2000000000000001
        0x558432740e50
        0x558432740e50
        0x558432740e50
        0x558432740e50
        0x558432740e50
        0x558432740e50
        0x558432740e50
        0x558432740e50
        0x558432740e50
        0x558432740e50
        0x558432740e50
        0x558432740e50
        0x558432740e50
        0x558432740e50
        0x558432740e50
        0x558432740e50
        0x558432740e50
        0x558432740e50
        0x558432740e50
        0x558432740e50
        0x558432740e50
        0x558432740e50
        0x558432740e50
        0x558432740e50
        0x558432740e50
        0x558432740e50
        0x558432740e50
        0x558432740e50
        0x558432740e50
        0x558432740e50
        0x558432740e50
        0x558432740e50
        0x558432740e50
        0x558432740e50
        0x558432740e50
        0x558432740e50
        0x558432740e50
        0x558432740e50
        0x558432740e50
        0x558432740e50
        0x558432740e50
        0x558432740e50
        0x558432740e50
        0x558432740e50
        0x558432740e50
        0x558432740e50
        0x558432740e50
        0x558432740e50
        0x558432740e50
        0x558432740e50
        0x558432740e50
        0x558432740e50
        0x558432740e50
        0x558432740e50
        0x558432740e50
        0x558432740e50
        0x558432740e50
        0x558432740e50
        0x558432740e50
        0x558432740e50
        0x558432740e50
        0x558432740e50
        0x558432740e50
        0x558432740e50
        0x558432740e50
        0x558432740e50
        0x558432740e50
        0x558432740e50
        0x558432740e50
        0x558432740e50
        0x558432740e50
        0x558432740e50
        0x558432740e50
        0x558432740e50
        0x558432740e50
        0x558432740e50
        0x558432740e50
        0x558432740e50
        0x558432740e50
        0x558432740e50
        0x558432740e50
        0x558432740e50
        0x558432740e50
        0x558432740e50
        0x558432740e50
        0x558432740e50
        0x558432740e50
        0x558432740e50
        0x558432740e50
        0x558432740e50
        0x558432740e50
        0x558432740e50
        0x558432740e50
        0x558432740e50
        0x558432740e50
        0x558432740e50
        0x558432740e50
        0x558432740e50
        0x558432740e50
        0x558432740e50
        0x558432740e50
        0x558432740e50
        0x558432740e50
        0x558432740e50
        0x558432740e50
        0x558432740e50
        0x558432740e50
        0x558432740e50
        0x558432740e50
        0x558432740e50
        0x558432740e50
        0x558432740e50
        0x558432740e50
        0x558432740e50
        0x558432740e50
        0x558432740e50
        0x558432740e50
        0x558432740e50
        0x558432740e50
        0x558432740e50
        0x558432740e50
        0x558432740e50
        0x558432740e50
        0x558432740e50
]: 1
@preempt_stack[
        0x7f953e4a6919
]: 1
@preempt_stack[
        0x7f953dd205e9
        0x3f8000003d010000
        0x7f9502b02170
        0x58
]: 1
@preempt_stack[
        0x7f953d93f88c
        0x7f95015ad2b0
]: 1
@preempt_stack[
        0x7f953dd122ab
        0x7f9501c5fba0
]: 1
@preempt_stack[
        0x40bb32ac
]: 1
@preempt_stack[
        0x401ac328
        0x40212f04
        0x40a8a7df
        0x40407e56
        0x40403d24
        0x7f949c846428
        0x7f949c9e578f
        0x558431b82490
]: 1
@preempt_stack[
        0x7f949c982e54
]: 1
@preempt_stack[
        0x40a8b0f8
        0x40407e56
        0x40403d24
        0x7f949c846428
        0x7f949c9e578f
        0x558431b82490
]: 1
@preempt_stack[
        0x7f953df5ec2a
        0x7f953df5792d
        0x7f953df4c9a4
        0x2cbe0
]: 1
@preempt_stack[
        0x7f953d9073e6
]: 1
@preempt_stack[
        0x7f949c9cb8e4
        0x130000
        0
        0
        0x558432044b40
]: 1
@preempt_stack[
        0x7f949c9cb61b
]: 1
@preempt_stack[
        0x7f949c9dcfa3
        0x120000
        0x558434d2ed80
        0x558434d2ed80
        0x558434d2ed80
        0x558434d2ed80
        0x558434d2ed80
        0x558434d2ed80
        0x558434d2ed80
        0x558434d2ed80
        0x558434d2ed80
        0x558434d2ed80
        0x558434d2ed80
        0x558434d2ed80
        0x558434d2ed80
        0x558434d2ed80
        0x558434d2ed80
        0x558434d2ed80
        0x558434d2ed80
        0x558434d2ed80
        0x558434d2ed80
        0x558434d2ed80
        0x558434d2ed80
        0x558434d2ed80
        0x558434d2ed80
        0x558434d2ed80
        0x558434d2ed80
        0x558434d2ed80
        0x558434d2ed80
        0x558434d2ed80
        0x558434d2ed80
        0x558434d2ed80
        0x558434d2ed80
        0x558434d2ed80
        0x558434d2ed80
        0x558434d2ed80
        0x558434d2ed80
        0x558434d2ed80
        0x558434d2ed80
        0x558434d2ed80
        0x558434d2ed80
        0x558434d2ed80
        0x558434d2ed80
        0x558434d2ed80
        0x558434d2ed80
        0x558434d2ed80
        0x558434d2ed80
        0x558434d2ed80
        0x558434d2ed80
        0x558434d2ed80
        0x558434d2ed80
        0x558434d2ed80
        0x558434d2ed80
        0x558434d2ed80
        0x558434d2ed80
        0x558434d2ed80
        0x558434d2ed80
        0x558434d2ed80
        0x558434d2ed80
        0x558434d2ed80
        0x558434d2ed80
        0x558434d2ed80
        0x558434d2ed80
        0x558434d2ed80
        0x558434d2ed80
        0x558434d2ed80
        0x558434d2ed80
        0x558434d2ed80
        0x558434d2ed80
        0x558434d2ed80
        0x558434d2ed80
        0x558434d2ed80
        0x558434d2ed80
        0x558434d2ed80
        0x558434d2ed80
        0x558434d2ed80
        0x558434d2ed80
        0x558434d2ed80
        0x558434d2ed80
        0x558434d2ed80
        0x558434d2ed80
        0x558434d2ed80
        0x558434d2ed80
        0x558434d2ed80
        0x558434d2ed80
        0x558434d2ed80
        0x558434d2ed80
        0x558434d2ed80
        0x558434d2ed80
        0x558434d2ed80
        0x558434d2ed80
        0x558434d2ed80
        0x558434d2ed80
        0x558434d2ed80
        0x558434d2ed80
        0x558434d2ed80
        0x558434d2ed80
        0x558434d2ed80
        0x558434d2ed80
        0x558434d2ed80
        0x558434d2ed80
        0x558434d2ed80
        0x558434d2ed80
        0x558434d2ed80
        0x558434d2ed80
        0x558434d2ed80
        0x558434d2ed80
        0x558434d2ed80
        0x558434d2ed80
        0x558434d2ed80
        0x558434d2ed80
        0x558434d2ed80
        0x558434d2ed80
        0x558434d2ed80
        0x558434d2ed80
        0x558434d2ed80
        0x558434d2ed80
        0x558434d2ed80
        0x558434d2ed80
        0x558434d2ed80
        0x558434d2ed80
        0x558434d2ed80
        0x558434d2ed80
        0x558434d2ed80
        0x558434d2ed80
        0x558434d2ed80
        0x558434d2ed80
]: 1
@preempt_stack[
        0x7f953dd510c2
]: 1
@preempt_stack[
        0x7f953dd4e96f
        0x2eaf0cdb28aa9316
]: 1
@preempt_stack[
        0x401a1923
        0x40cabc4c
        0x40cab139
        0x40ca6ac7
        0x40407e56
        0x40403d24
        0x7f949c846428
        0x7f949c9e578f
        0x558431b82490
]: 1
@preempt_stack[
        0x7f953dd4fa98
        0x20
]: 1
@preempt_stack[
        0x7f953dd4233b
        0x2eaf0cdb28aa9316
]: 1
@preempt_stack[
        0x40c0de91
        0x40c0d864
        0x4077cadf
        0x7f949c846428
        0x7f949c9e578f
        0x558431b82490
]: 1
@preempt_stack[
        0x7f949c9dcfa3
        0x120000
        0x558433d54fc8
        0x558433d54fc8
        0x558433d54fc8
        0x558433d54fc8
        0x558433d54fc8
        0x558433d54fc8
        0x558433d54fc8
        0x558433d54fc8
        0x558433d54fc8
        0x558433d54fc8
        0x558433d54fc8
        0x558433d54fc8
        0x558433d54fc8
        0x558433d54fc8
        0x558433d54fc8
        0x558433d54fc8
        0x558433d54fc8
        0x558433d54fc8
        0x558433d54fc8
        0x558433d54fc8
        0x558433d54fc8
        0x558433d54fc8
        0x558433d54fc8
        0x558433d54fc8
        0x558433d54fc8
        0x558433d54fc8
        0x558433d54fc8
        0x558433d54fc8
        0x558433d54fc8
        0x558433d54fc8
        0x558433d54fc8
        0x558433d54fc8
        0x558433d54fc8
        0x558433d54fc8
        0x558433d54fc8
        0x558433d54fc8
        0x558433d54fc8
        0x558433d54fc8
        0x558433d54fc8
        0x558433d54fc8
        0x558433d54fc8
        0x558433d54fc8
        0x558433d54fc8
        0x558433d54fc8
        0x558433d54fc8
        0x558433d54fc8
        0x558433d54fc8
        0x558433d54fc8
        0x558433d54fc8
        0x558433d54fc8
        0x558433d54fc8
        0x558433d54fc8
        0x558433d54fc8
        0x558433d54fc8
        0x558433d54fc8
        0x558433d54fc8
        0x558433d54fc8
        0x558433d54fc8
        0x558433d54fc8
        0x558433d54fc8
        0x558433d54fc8
        0x558433d54fc8
        0x558433d54fc8
        0x558433d54fc8
        0x558433d54fc8
        0x558433d54fc8
        0x558433d54fc8
        0x558433d54fc8
        0x558433d54fc8
        0x558433d54fc8
        0x558433d54fc8
        0x558433d54fc8
        0x558433d54fc8
        0x558433d54fc8
        0x558433d54fc8
        0x558433d54fc8
        0x558433d54fc8
        0x558433d54fc8
        0x558433d54fc8
        0x558433d54fc8
        0x558433d54fc8
        0x558433d54fc8
        0x558433d54fc8
        0x558433d54fc8
        0x558433d54fc8
        0x558433d54fc8
        0x558433d54fc8
        0x558433d54fc8
        0x558433d54fc8
        0x558433d54fc8
        0x558433d54fc8
        0x558433d54fc8
        0x558433d54fc8
        0x558433d54fc8
        0x558433d54fc8
        0x558433d54fc8
        0x558433d54fc8
        0x558433d54fc8
        0x558433d54fc8
        0x558433d54fc8
        0x558433d54fc8
        0x558433d54fc8
        0x558433d54fc8
        0x558433d54fc8
        0x558433d54fc8
        0x558433d54fc8
        0x558433d54fc8
        0x558433d54fc8
        0x558433d54fc8
        0x558433d54fc8
        0x558433d54fc8
        0x558433d54fc8
        0x558433d54fc8
        0x558433d54fc8
        0x558433d54fc8
        0x558433d54fc8
        0x558433d54fc8
        0x558433d54fc8
        0x558433d54fc8
        0x558433d54fc8
        0x558433d54fc8
        0x558433d54fc8
        0x558433d54fc8
        0x558433d54fc8
        0x558433d54fc8
]: 1
@preempt_stack[
        0x7f953dd3cfe7
]: 1
@preempt_stack[
        0x7f953dcd373c
        0x7c007840782
]: 1
@preempt_stack[
        0x7f953dc001f0
        0x53c62150
        0
]: 1
@preempt_stack[
        0x7f953dd41451
]: 1
@preempt_stack[
        0x7f953e6db7da
]: 1
@preempt_stack[
        0x7f949c9cb775
        0x120000
        0x558433fcc678
        0x558433fcc678
        0x558433fcc678
        0x558433fcc678
        0x558433fcc678
        0x558433fcc678
        0x558433fcc678
        0x558433fcc678
        0x558433fcc678
        0x558433fcc678
        0x558433fcc678
        0x558433fcc678
        0x558433fcc678
        0x558433fcc678
        0x558433fcc678
        0x558433fcc678
        0x558433fcc678
        0x558433fcc678
        0x558433fcc678
        0x558433fcc678
        0x558433fcc678
        0x558433fcc678
        0x558433fcc678
        0x558433fcc678
        0x558433fcc678
        0x558433fcc678
        0x558433fcc678
        0x558433fcc678
        0x558433fcc678
        0x558433fcc678
        0x558433fcc678
        0x558433fcc678
        0x558433fcc678
        0x558433fcc678
        0x558433fcc678
        0x558433fcc678
        0x558433fcc678
        0x558433fcc678
        0x558433fcc678
        0x558433fcc678
        0x558433fcc678
        0x558433fcc678
        0x558433fcc678
        0x558433fcc678
        0x558433fcc678
        0x558433fcc678
        0x558433fcc678
        0x558433fcc678
        0x558433fcc678
        0x558433fcc678
        0x558433fcc678
        0x558433fcc678
        0x558433fcc678
        0x558433fcc678
        0x558433fcc678
        0x558433fcc678
        0x558433fcc678
        0x558433fcc678
        0x558433fcc678
        0x558433fcc678
        0x558433fcc678
        0x558433fcc678
        0x558433fcc678
        0x558433fcc678
        0x558433fcc678
        0x558433fcc678
        0x558433fcc678
        0x558433fcc678
        0x558433fcc678
        0x558433fcc678
        0x558433fcc678
        0x558433fcc678
        0x558433fcc678
        0x558433fcc678
        0x558433fcc678
        0x558433fcc678
        0x558433fcc678
        0x558433fcc678
        0x558433fcc678
        0x558433fcc678
        0x558433fcc678
        0x558433fcc678
        0x558433fcc678
        0x558433fcc678
        0x558433fcc678
        0x558433fcc678
        0x558433fcc678
        0x558433fcc678
        0x558433fcc678
        0x558433fcc678
        0x558433fcc678
        0x558433fcc678
        0x558433fcc678
        0x558433fcc678
        0x558433fcc678
        0x558433fcc678
        0x558433fcc678
        0x558433fcc678
        0x558433fcc678
        0x558433fcc678
        0x558433fcc678
        0x558433fcc678
        0x558433fcc678
        0x558433fcc678
        0x558433fcc678
        0x558433fcc678
        0x558433fcc678
        0x558433fcc678
        0x558433fcc678
        0x558433fcc678
        0x558433fcc678
        0x558433fcc678
        0x558433fcc678
        0x558433fcc678
        0x558433fcc678
        0x558433fcc678
        0x558433fcc678
        0x558433fcc678
        0x558433fcc678
        0x558433fcc678
        0x558433fcc678
        0x558433fcc678
        0x558433fcc678
        0x558433fcc678
        0x558433fcc678
]: 1
@preempt_stack[
        0x7f953dd4ec3d
]: 1
@preempt_stack[
        0x40af84e7
]: 1
@preempt_stack[
        16de7f918fe9178dbdf7a33d5304af6b_avx2+887
        16de7f918fe9178dbdf7a33d5304af6b+10
        0x7f953d9093b9
        0
        0x7f948f1fa928
        0
        0x7f948e1f8928
        0x7f948d9f7928
        0
        0x7f948c9f5928
        0x7f948c1f4928
        0x7f948b9f3928
        0x7f948b1f2928
        0
        0
        0
        0
        0x7f94889ed928
        0
        0
        0x7f94871ea928
        0
        0
        0
        0
        0
        0x7f94841e4928
        0
        0
        0
        0x7f94821e0928
        0
        0
        0
        0
        0
        0
        0
        0
        0
        0
        0
        0
        0
        0
        0
        0
        0x7f9476ebfcf0
        0x7ffcbefc4518
]: 1
@preempt_stack[
        0x7f949c9dcfa3
        0x120000
        0x558432063cd8
        0x558432063cd8
        0x558432063cd8
        0x558432063cd8
        0x558432063cd8
        0x558432063cd8
        0x558432063cd8
        0x558432063cd8
        0x558432063cd8
        0x558432063cd8
        0x558432063cd8
        0x558432063cd8
        0x558432063cd8
        0x558432063cd8
        0x558432063cd8
        0x558432063cd8
        0x558432063cd8
        0x558432063cd8
        0x558432063cd8
        0x558432063cd8
        0x558432063cd8
        0x558432063cd8
        0x558432063cd8
        0x558432063cd8
        0x558432063cd8
        0x558432063cd8
        0x558432063cd8
        0x558432063cd8
        0x558432063cd8
        0x558432063cd8
        0x558432063cd8
        0x558432063cd8
        0x558432063cd8
        0x558432063cd8
        0x558432063cd8
        0x558432063cd8
        0x558432063cd8
        0x558432063cd8
        0x558432063cd8
        0x558432063cd8
        0x558432063cd8
        0x558432063cd8
        0x558432063cd8
        0x558432063cd8
        0x558432063cd8
        0x558432063cd8
        0x558432063cd8
        0x558432063cd8
        0x558432063cd8
        0x558432063cd8
        0x558432063cd8
        0x558432063cd8
        0x558432063cd8
        0x558432063cd8
        0x558432063cd8
        0x558432063cd8
        0x558432063cd8
        0x558432063cd8
        0x558432063cd8
        0x558432063cd8
        0x558432063cd8
        0x558432063cd8
        0x558432063cd8
        0x558432063cd8
        0x558432063cd8
        0x558432063cd8
        0x558432063cd8
        0x558432063cd8
        0x558432063cd8
        0x558432063cd8
        0x558432063cd8
        0x558432063cd8
        0x558432063cd8
        0x558432063cd8
        0x558432063cd8
        0x558432063cd8
        0x558432063cd8
        0x558432063cd8
        0x558432063cd8
        0x558432063cd8
        0x558432063cd8
        0x558432063cd8
        0x558432063cd8
        0x558432063cd8
        0x558432063cd8
        0x558432063cd8
        0x558432063cd8
        0x558432063cd8
        0x558432063cd8
        0x558432063cd8
        0x558432063cd8
        0x558432063cd8
        0x558432063cd8
        0x558432063cd8
        0x558432063cd8
        0x558432063cd8
        0x558432063cd8
        0x558432063cd8
        0x558432063cd8
        0x558432063cd8
        0x558432063cd8
        0x558432063cd8
        0x558432063cd8
        0x558432063cd8
        0x558432063cd8
        0x558432063cd8
        0x558432063cd8
        0x558432063cd8
        0x558432063cd8
        0x558432063cd8
        0x558432063cd8
        0x558432063cd8
        0x558432063cd8
        0x558432063cd8
        0x558432063cd8
        0x558432063cd8
        0x558432063cd8
        0x558432063cd8
        0x558432063cd8
        0x558432063cd8
        0x558432063cd8
        0x558432063cd8
        0x558432063cd8
        0x558432063cd8
        0x558432063cd8
]: 1
@preempt_stack[
        0x7f953dd202b8
        0x10000
        0x7f9501cea230
        0x58
]: 1
@preempt_stack[
        0x7f949c9cb64a
        0x120000
        0x55843321fd30
        0x55843321fd30
        0x55843321fd30
        0x55843321fd30
        0x55843321fd30
        0x55843321fd30
        0x55843321fd30
        0x55843321fd30
        0x55843321fd30
        0x55843321fd30
        0x55843321fd30
        0x55843321fd30
        0x55843321fd30
        0x55843321fd30
        0x55843321fd30
        0x55843321fd30
        0x55843321fd30
        0x55843321fd30
        0x55843321fd30
        0x55843321fd30
        0x55843321fd30
        0x55843321fd30
        0x55843321fd30
        0x55843321fd30
        0x55843321fd30
        0x55843321fd30
        0x55843321fd30
        0x55843321fd30
        0x55843321fd30
        0x55843321fd30
        0x55843321fd30
        0x55843321fd30
        0x55843321fd30
        0x55843321fd30
        0x55843321fd30
        0x55843321fd30
        0x55843321fd30
        0x55843321fd30
        0x55843321fd30
        0x55843321fd30
        0x55843321fd30
        0x55843321fd30
        0x55843321fd30
        0x55843321fd30
        0x55843321fd30
        0x55843321fd30
        0x55843321fd30
        0x55843321fd30
        0x55843321fd30
        0x55843321fd30
        0x55843321fd30
        0x55843321fd30
        0x55843321fd30
        0x55843321fd30
        0x55843321fd30
        0x55843321fd30
        0x55843321fd30
        0x55843321fd30
        0x55843321fd30
        0x55843321fd30
        0x55843321fd30
        0x55843321fd30
        0x55843321fd30
        0x55843321fd30
        0x55843321fd30
        0x55843321fd30
        0x55843321fd30
        0x55843321fd30
        0x55843321fd30
        0x55843321fd30
        0x55843321fd30
        0x55843321fd30
        0x55843321fd30
        0x55843321fd30
        0x55843321fd30
        0x55843321fd30
        0x55843321fd30
        0x55843321fd30
        0x55843321fd30
        0x55843321fd30
        0x55843321fd30
        0x55843321fd30
        0x55843321fd30
        0x55843321fd30
        0x55843321fd30
        0x55843321fd30
        0x55843321fd30
        0x55843321fd30
        0x55843321fd30
        0x55843321fd30
        0x55843321fd30
        0x55843321fd30
        0x55843321fd30
        0x55843321fd30
        0x55843321fd30
        0x55843321fd30
        0x55843321fd30
        0x55843321fd30
        0x55843321fd30
        0x55843321fd30
        0x55843321fd30
        0x55843321fd30
        0x55843321fd30
        0x55843321fd30
        0x55843321fd30
        0x55843321fd30
        0x55843321fd30
        0x55843321fd30
        0x55843321fd30
        0x55843321fd30
        0x55843321fd30
        0x55843321fd30
        0x55843321fd30
        0x55843321fd30
        0x55843321fd30
        0x55843321fd30
        0x55843321fd30
        0x55843321fd30
        0x55843321fd30
        0x55843321fd30
        0x55843321fd30
        0x55843321fd30
        0x55843321fd30
        0x55843321fd30
        0x55843321fd30
]: 1
@preempt_stack[
        0x7f953e5a5340
]: 1
@preempt_stack[
        0x7f953e5a5962
]: 1
@preempt_stack[
        0x406b0584
]: 1
@preempt_stack[
        0x7f953d90777f
        0x7f95006d18c0
        0xac10ac40ac1
]: 1
@preempt_stack[
        0x7f949c9ce545
        0x558434d93e00
        0x558434d93e00
        0x558434d93e00
        0x558434d93e00
        0x558434d93e00
        0x558434d93e00
        0x558434d93e00
        0x558434d93e00
        0x558434d93e00
        0x558434d93e00
        0x558434d93e00
        0x558434d93e00
        0x558434d93e00
        0x558434d93e00
        0x558434d93e00
        0x558434d93e00
        0x558434d93e00
        0x558434d93e00
        0x558434d93e00
        0x558434d93e00
        0x558434d93e00
        0x558434d93e00
        0x558434d93e00
        0x558434d93e00
        0x558434d93e00
        0x558434d93e00
        0x558434d93e00
        0x558434d93e00
        0x558434d93e00
        0x558434d93e00
        0x558434d93e00
        0x558434d93e00
        0x558434d93e00
        0x558434d93e00
        0x558434d93e00
        0x558434d93e00
        0x558434d93e00
        0x558434d93e00
        0x558434d93e00
        0x558434d93e00
        0x558434d93e00
        0x558434d93e00
        0x558434d93e00
        0x558434d93e00
        0x558434d93e00
        0x558434d93e00
        0x558434d93e00
        0x558434d93e00
        0x558434d93e00
        0x558434d93e00
        0x558434d93e00
        0x558434d93e00
        0x558434d93e00
        0x558434d93e00
        0x558434d93e00
        0x558434d93e00
        0x558434d93e00
        0x558434d93e00
        0x558434d93e00
        0x558434d93e00
        0x558434d93e00
        0x558434d93e00
        0x558434d93e00
        0x558434d93e00
        0x558434d93e00
        0x558434d93e00
        0x558434d93e00
        0x558434d93e00
        0x558434d93e00
        0x558434d93e00
        0x558434d93e00
        0x558434d93e00
        0x558434d93e00
        0x558434d93e00
        0x558434d93e00
        0x558434d93e00
        0x558434d93e00
        0x558434d93e00
        0x558434d93e00
        0x558434d93e00
        0x558434d93e00
        0x558434d93e00
        0x558434d93e00
        0x558434d93e00
        0x558434d93e00
        0x558434d93e00
        0x558434d93e00
        0x558434d93e00
        0x558434d93e00
        0x558434d93e00
        0x558434d93e00
        0x558434d93e00
        0x558434d93e00
        0x558434d93e00
        0x558434d93e00
        0x558434d93e00
        0x558434d93e00
        0x558434d93e00
        0x558434d93e00
        0x558434d93e00
        0x558434d93e00
        0x558434d93e00
        0x558434d93e00
        0x558434d93e00
        0x558434d93e00
        0x558434d93e00
        0x558434d93e00
        0x558434d93e00
        0x558434d93e00
        0x558434d93e00
        0x558434d93e00
        0x558434d93e00
        0x558434d93e00
        0x558434d93e00
        0x558434d93e00
        0x558434d93e00
        0x558434d93e00
        0x558434d93e00
        0x558434d93e00
        0x558434d93e00
        0x558434d93e00
        0x558434d93e00
        0x558434d93e00
        0x558434d93e00
        0x558434d93e00
        0x558434d93e00
]: 1
@preempt_stack[
        0x7f953e5a3ba1
]: 1
@preempt_stack[
        0x7f949c9ce4d8
        0x558435388f30
        0x558435388f30
        0x558435388f30
        0x558435388f30
        0x558435388f30
        0x558435388f30
        0x558435388f30
        0x558435388f30
        0x558435388f30
        0x558435388f30
        0x558435388f30
        0x558435388f30
        0x558435388f30
        0x558435388f30
        0x558435388f30
        0x558435388f30
        0x558435388f30
        0x558435388f30
        0x558435388f30
        0x558435388f30
        0x558435388f30
        0x558435388f30
        0x558435388f30
        0x558435388f30
        0x558435388f30
        0x558435388f30
        0x558435388f30
        0x558435388f30
        0x558435388f30
        0x558435388f30
        0x558435388f30
        0x558435388f30
        0x558435388f30
        0x558435388f30
        0x558435388f30
        0x558435388f30
        0x558435388f30
        0x558435388f30
        0x558435388f30
        0x558435388f30
        0x558435388f30
        0x558435388f30
        0x558435388f30
        0x558435388f30
        0x558435388f30
        0x558435388f30
        0x558435388f30
        0x558435388f30
        0x558435388f30
        0x558435388f30
        0x558435388f30
        0x558435388f30
        0x558435388f30
        0x558435388f30
        0x558435388f30
        0x558435388f30
        0x558435388f30
        0x558435388f30
        0x558435388f30
        0x558435388f30
        0x558435388f30
        0x558435388f30
        0x558435388f30
        0x558435388f30
        0x558435388f30
        0x558435388f30
        0x558435388f30
        0x558435388f30
        0x558435388f30
        0x558435388f30
        0x558435388f30
        0x558435388f30
        0x558435388f30
        0x558435388f30
        0x558435388f30
        0x558435388f30
        0x558435388f30
        0x558435388f30
        0x558435388f30
        0x558435388f30
        0x558435388f30
        0x558435388f30
        0x558435388f30
        0x558435388f30
        0x558435388f30
        0x558435388f30
        0x558435388f30
        0x558435388f30
        0x558435388f30
        0x558435388f30
        0x558435388f30
        0x558435388f30
        0x558435388f30
        0x558435388f30
        0x558435388f30
        0x558435388f30
        0x558435388f30
        0x558435388f30
        0x558435388f30
        0x558435388f30
        0x558435388f30
        0x558435388f30
        0x558435388f30
        0x558435388f30
        0x558435388f30
        0x558435388f30
        0x558435388f30
        0x558435388f30
        0x558435388f30
        0x558435388f30
        0x558435388f30
        0x558435388f30
        0x558435388f30
        0x558435388f30
        0x558435388f30
        0x558435388f30
        0x558435388f30
        0x558435388f30
        0x558435388f30
        0x558435388f30
        0x558435388f30
        0x558435388f30
        0x558435388f30
        0x558435388f30
        0x558435388f30
        0x558435388f30
]: 1
@preempt_stack[
        0x7f953dcd7ad1
        0x4cb04c804c304c1
]: 1
@preempt_stack[
        mono_g_hash_table_lookup_extended+66
        0x120000
        0x558434c68c10
        0x558434c68c10
        0x558434c68c10
        0x558434c68c10
        0x558434c68c10
        0x558434c68c10
        0x558434c68c10
        0x558434c68c10
        0x558434c68c10
        0x558434c68c10
        0x558434c68c10
        0x558434c68c10
        0x558434c68c10
        0x558434c68c10
        0x558434c68c10
        0x558434c68c10
        0x558434c68c10
        0x558434c68c10
        0x558434c68c10
        0x558434c68c10
        0x558434c68c10
        0x558434c68c10
        0x558434c68c10
        0x558434c68c10
        0x558434c68c10
        0x558434c68c10
        0x558434c68c10
        0x558434c68c10
        0x558434c68c10
        0x558434c68c10
        0x558434c68c10
        0x558434c68c10
        0x558434c68c10
        0x558434c68c10
        0x558434c68c10
        0x558434c68c10
        0x558434c68c10
        0x558434c68c10
        0x558434c68c10
        0x558434c68c10
        0x558434c68c10
        0x558434c68c10
        0x558434c68c10
        0x558434c68c10
        0x558434c68c10
        0x558434c68c10
        0x558434c68c10
        0x558434c68c10
        0x558434c68c10
        0x558434c68c10
        0x558434c68c10
        0x558434c68c10
        0x558434c68c10
        0x558434c68c10
        0x558434c68c10
        0x558434c68c10
        0x558434c68c10
        0x558434c68c10
        0x558434c68c10
        0x558434c68c10
        0x558434c68c10
        0x558434c68c10
        0x558434c68c10
        0x558434c68c10
        0x558434c68c10
        0x558434c68c10
        0x558434c68c10
        0x558434c68c10
        0x558434c68c10
        0x558434c68c10
        0x558434c68c10
        0x558434c68c10
        0x558434c68c10
        0x558434c68c10
        0x558434c68c10
        0x558434c68c10
        0x558434c68c10
        0x558434c68c10
        0x558434c68c10
        0x558434c68c10
        0x558434c68c10
        0x558434c68c10
        0x558434c68c10
        0x558434c68c10
        0x558434c68c10
        0x558434c68c10
        0x558434c68c10
        0x558434c68c10
        0x558434c68c10
        0x558434c68c10
        0x558434c68c10
        0x558434c68c10
        0x558434c68c10
        0x558434c68c10
        0x558434c68c10
        0x558434c68c10
        0x558434c68c10
        0x558434c68c10
        0x558434c68c10
        0x558434c68c10
        0x558434c68c10
        0x558434c68c10
        0x558434c68c10
        0x558434c68c10
        0x558434c68c10
        0x558434c68c10
        0x558434c68c10
        0x558434c68c10
        0x558434c68c10
        0x558434c68c10
        0x558434c68c10
        0x558434c68c10
        0x558434c68c10
        0x558434c68c10
        0x558434c68c10
        0x558434c68c10
        0x558434c68c10
        0x558434c68c10
        0x558434c68c10
        0x558434c68c10
        0x558434c68c10
        0x558434c68c10
        0x558434c68c10
        0x558434c68c10
        0x558434c68c10
]: 1
@preempt_stack[
        GC_alloc_large+1
]: 1
@preempt_stack[
        mono_metadata_type_hash+80
        0x120000
        0x5584327ab780
        0x5584327ab780
        0x5584327ab780
        0x5584327ab780
        0x5584327ab780
        0x5584327ab780
        0x5584327ab780
        0x5584327ab780
        0x5584327ab780
        0x5584327ab780
        0x5584327ab780
        0x5584327ab780
        0x5584327ab780
        0x5584327ab780
        0x5584327ab780
        0x5584327ab780
        0x5584327ab780
        0x5584327ab780
        0x5584327ab780
        0x5584327ab780
        0x5584327ab780
        0x5584327ab780
        0x5584327ab780
        0x5584327ab780
        0x5584327ab780
        0x5584327ab780
        0x5584327ab780
        0x5584327ab780
        0x5584327ab780
        0x5584327ab780
        0x5584327ab780
        0x5584327ab780
        0x5584327ab780
        0x5584327ab780
        0x5584327ab780
        0x5584327ab780
        0x5584327ab780
        0x5584327ab780
        0x5584327ab780
        0x5584327ab780
        0x5584327ab780
        0x5584327ab780
        0x5584327ab780
        0x5584327ab780
        0x5584327ab780
        0x5584327ab780
        0x5584327ab780
        0x5584327ab780
        0x5584327ab780
        0x5584327ab780
        0x5584327ab780
        0x5584327ab780
        0x5584327ab780
        0x5584327ab780
        0x5584327ab780
        0x5584327ab780
        0x5584327ab780
        0x5584327ab780
        0x5584327ab780
        0x5584327ab780
        0x5584327ab780
        0x5584327ab780
        0x5584327ab780
        0x5584327ab780
        0x5584327ab780
        0x5584327ab780
        0x5584327ab780
        0x5584327ab780
        0x5584327ab780
        0x5584327ab780
        0x5584327ab780
        0x5584327ab780
        0x5584327ab780
        0x5584327ab780
        0x5584327ab780
        0x5584327ab780
        0x5584327ab780
        0x5584327ab780
        0x5584327ab780
        0x5584327ab780
        0x5584327ab780
        0x5584327ab780
        0x5584327ab780
        0x5584327ab780
        0x5584327ab780
        0x5584327ab780
        0x5584327ab780
        0x5584327ab780
        0x5584327ab780
        0x5584327ab780
        0x5584327ab780
        0x5584327ab780
        0x5584327ab780
        0x5584327ab780
        0x5584327ab780
        0x5584327ab780
        0x5584327ab780
        0x5584327ab780
        0x5584327ab780
        0x5584327ab780
        0x5584327ab780
        0x5584327ab780
        0x5584327ab780
        0x5584327ab780
        0x5584327ab780
        0x5584327ab780
        0x5584327ab780
        0x5584327ab780
        0x5584327ab780
        0x5584327ab780
        0x5584327ab780
        0x5584327ab780
        0x5584327ab780
        0x5584327ab780
        0x5584327ab780
        0x5584327ab780
        0x5584327ab780
        0x5584327ab780
        0x5584327ab780
        0x5584327ab780
        0x5584327ab780
        0x5584327ab780
        0x5584327ab780
        0x5584327ab780
        0x5584327ab780
]: 1
@preempt_stack[
        mono_metadata_type_hash+80
        0x120000
        0x558435205aa8
        0x558435205aa8
        0x558435205aa8
        0x558435205aa8
        0x558435205aa8
        0x558435205aa8
        0x558435205aa8
        0x558435205aa8
        0x558435205aa8
        0x558435205aa8
        0x558435205aa8
        0x558435205aa8
        0x558435205aa8
        0x558435205aa8
        0x558435205aa8
        0x558435205aa8
        0x558435205aa8
        0x558435205aa8
        0x558435205aa8
        0x558435205aa8
        0x558435205aa8
        0x558435205aa8
        0x558435205aa8
        0x558435205aa8
        0x558435205aa8
        0x558435205aa8
        0x558435205aa8
        0x558435205aa8
        0x558435205aa8
        0x558435205aa8
        0x558435205aa8
        0x558435205aa8
        0x558435205aa8
        0x558435205aa8
        0x558435205aa8
        0x558435205aa8
        0x558435205aa8
        0x558435205aa8
        0x558435205aa8
        0x558435205aa8
        0x558435205aa8
        0x558435205aa8
        0x558435205aa8
        0x558435205aa8
        0x558435205aa8
        0x558435205aa8
        0x558435205aa8
        0x558435205aa8
        0x558435205aa8
        0x558435205aa8
        0x558435205aa8
        0x558435205aa8
        0x558435205aa8
        0x558435205aa8
        0x558435205aa8
        0x558435205aa8
        0x558435205aa8
        0x558435205aa8
        0x558435205aa8
        0x558435205aa8
        0x558435205aa8
        0x558435205aa8
        0x558435205aa8
        0x558435205aa8
        0x558435205aa8
        0x558435205aa8
        0x558435205aa8
        0x558435205aa8
        0x558435205aa8
        0x558435205aa8
        0x558435205aa8
        0x558435205aa8
        0x558435205aa8
        0x558435205aa8
        0x558435205aa8
        0x558435205aa8
        0x558435205aa8
        0x558435205aa8
        0x558435205aa8
        0x558435205aa8
        0x558435205aa8
        0x558435205aa8
        0x558435205aa8
        0x558435205aa8
        0x558435205aa8
        0x558435205aa8
        0x558435205aa8
        0x558435205aa8
        0x558435205aa8
        0x558435205aa8
        0x558435205aa8
        0x558435205aa8
        0x558435205aa8
        0x558435205aa8
        0x558435205aa8
        0x558435205aa8
        0x558435205aa8
        0x558435205aa8
        0x558435205aa8
        0x558435205aa8
        0x558435205aa8
        0x558435205aa8
        0x558435205aa8
        0x558435205aa8
        0x558435205aa8
        0x558435205aa8
        0x558435205aa8
        0x558435205aa8
        0x558435205aa8
        0x558435205aa8
        0x558435205aa8
        0x558435205aa8
        0x558435205aa8
        0x558435205aa8
        0x558435205aa8
        0x558435205aa8
        0x558435205aa8
        0x558435205aa8
        0x558435205aa8
        0x558435205aa8
        0x558435205aa8
        0x558435205aa8
        0x558435205aa8
        0x558435205aa8
        0x558435205aa8
]: 1
@preempt_stack[
        mono_runtime_try_invoke+23
]: 1
@preempt_stack[
        0x40c0de14
        0x40c0d864
        0x4077cadf
        0x7f949c846428
        0x7f949c9e578f
        0x558431b82490
]: 1
@preempt_stack[
        0x7f953caa9847
        0x78000880402c0000
]: 1
@preempt_stack[
        0x7f953d9e818b
]: 1
@preempt_stack[
        0x7f953dcc5fb1
        0x4cb04c804c304c1
]: 1
@preempt_stack[
        0x7f953dd4ed53
]: 1
@preempt_stack[
        0x7f949c98445d
]: 1
@preempt_stack[
        0x7f953dd2061c
        0x7f95000001d3
        0x3f80000000000000
]: 1
@preempt_stack[
        0x7f953dd4e97c
]: 1
@preempt_stack[
        GC_mark_from+278
        0x558437b683f8
]: 1
@preempt_stack[
        0x7f949c9dcfa3
        0x120000
        0x55843286c7f8
        0x55843286c7f8
        0x55843286c7f8
        0x55843286c7f8
        0x55843286c7f8
        0x55843286c7f8
        0x55843286c7f8
        0x55843286c7f8
        0x55843286c7f8
        0x55843286c7f8
        0x55843286c7f8
        0x55843286c7f8
        0x55843286c7f8
        0x55843286c7f8
        0x55843286c7f8
        0x55843286c7f8
        0x55843286c7f8
        0x55843286c7f8
        0x55843286c7f8
        0x55843286c7f8
        0x55843286c7f8
        0x55843286c7f8
        0x55843286c7f8
        0x55843286c7f8
        0x55843286c7f8
        0x55843286c7f8
        0x55843286c7f8
        0x55843286c7f8
        0x55843286c7f8
        0x55843286c7f8
        0x55843286c7f8
        0x55843286c7f8
        0x55843286c7f8
        0x55843286c7f8
        0x55843286c7f8
        0x55843286c7f8
        0x55843286c7f8
        0x55843286c7f8
        0x55843286c7f8
        0x55843286c7f8
        0x55843286c7f8
        0x55843286c7f8
        0x55843286c7f8
        0x55843286c7f8
        0x55843286c7f8
        0x55843286c7f8
        0x55843286c7f8
        0x55843286c7f8
        0x55843286c7f8
        0x55843286c7f8
        0x55843286c7f8
        0x55843286c7f8
        0x55843286c7f8
        0x55843286c7f8
        0x55843286c7f8
        0x55843286c7f8
        0x55843286c7f8
        0x55843286c7f8
        0x55843286c7f8
        0x55843286c7f8
        0x55843286c7f8
        0x55843286c7f8
        0x55843286c7f8
        0x55843286c7f8
        0x55843286c7f8
        0x55843286c7f8
        0x55843286c7f8
        0x55843286c7f8
        0x55843286c7f8
        0x55843286c7f8
        0x55843286c7f8
        0x55843286c7f8
        0x55843286c7f8
        0x55843286c7f8
        0x55843286c7f8
        0x55843286c7f8
        0x55843286c7f8
        0x55843286c7f8
        0x55843286c7f8
        0x55843286c7f8
        0x55843286c7f8
        0x55843286c7f8
        0x55843286c7f8
        0x55843286c7f8
        0x55843286c7f8
        0x55843286c7f8
        0x55843286c7f8
        0x55843286c7f8
        0x55843286c7f8
        0x55843286c7f8
        0x55843286c7f8
        0x55843286c7f8
        0x55843286c7f8
        0x55843286c7f8
        0x55843286c7f8
        0x55843286c7f8
        0x55843286c7f8
        0x55843286c7f8
        0x55843286c7f8
        0x55843286c7f8
        0x55843286c7f8
        0x55843286c7f8
        0x55843286c7f8
        0x55843286c7f8
        0x55843286c7f8
        0x55843286c7f8
        0x55843286c7f8
        0x55843286c7f8
        0x55843286c7f8
        0x55843286c7f8
        0x55843286c7f8
        0x55843286c7f8
        0x55843286c7f8
        0x55843286c7f8
        0x55843286c7f8
        0x55843286c7f8
        0x55843286c7f8
        0x55843286c7f8
        0x55843286c7f8
        0x55843286c7f8
        0x55843286c7f8
        0x55843286c7f8
        0x55843286c7f8
        0x55843286c7f8
        0x55843286c7f8
]: 1
@preempt_stack[
        0x7f953d905b44
]: 1
@preempt_stack[
        0x7f953e5a5984
]: 1
@preempt_stack[
        0x40d509d4
]: 1
@preempt_stack[
        0x7f949c972c35
        0x558432449370
        0x55843208ed60
]: 1
@preempt_stack[
        0x40a8a7fb
        0x40407e56
        0x40403d24
        0x7f949c846428
        0x7f949c9e578f
        0x558431b82490
]: 1
@preempt_stack[
        0x7f953dd203c6
        0x10000
        0x7f950278ebc0
        0x58
        0x7f93e00000
]: 1
@preempt_stack[
        0x40c40055
        0x40c3eb80
        0x40c3803c
        0x40a8a76e
        0x40407e56
        0x40403d24
        0x7f949c846428
        0x7f949c9e578f
        0x558431b82490
]: 1
@preempt_stack[
        0x7f953dd2baa1
]: 1
@preempt_stack[
        0x7f953e578498
        0x2105c205c3
]: 1
@preempt_stack[
        0x7f949c9cb5bf
        0x1
        0
        0x558434a790e0
]: 1
@preempt_stack[
        0x40d04f7b
        0x40d0350d
        0x40a8b124
        0x40407e56
        0x40403d24
        0x7f949c846428
        0x7f949c9e578f
        0x558431b82490
]: 1
@preempt_stack[
        0x7f953dd3cfc9
]: 1
@preempt_stack[
        0x7f953e66dd43
        0x7f9500cb2290
        0x7f953e66e030
]: 1
@preempt_stack[
        0x40797d01
        0x40797bc8
        0x7f947016981b
        0x7f947016999b
        0x7f93fc07dd93
        0x7f93fc093433
        0x7f94788cb95b
        0x7f93fc07fabb
        0x401c67a6
        0x7f949c846428
        0x7f949c9e578f
        0x558431b82490
]: 1
@preempt_stack[
        0x7f953dcd309e
        0x8100840086
]: 1
@preempt_stack[
        0x7f953e5b66c0
]: 1
@preempt_stack[
        0x7f949ca0f62a
        0x120000
        0x5584329d3750
        0x5584329d3750
        0x5584329d3750
        0x5584329d3750
        0x5584329d3750
        0x5584329d3750
        0x5584329d3750
        0x5584329d3750
        0x5584329d3750
        0x5584329d3750
        0x5584329d3750
        0x5584329d3750
        0x5584329d3750
        0x5584329d3750
        0x5584329d3750
        0x5584329d3750
        0x5584329d3750
        0x5584329d3750
        0x5584329d3750
        0x5584329d3750
        0x5584329d3750
        0x5584329d3750
        0x5584329d3750
        0x5584329d3750
        0x5584329d3750
        0x5584329d3750
        0x5584329d3750
        0x5584329d3750
        0x5584329d3750
        0x5584329d3750
        0x5584329d3750
        0x5584329d3750
        0x5584329d3750
        0x5584329d3750
        0x5584329d3750
        0x5584329d3750
        0x5584329d3750
        0x5584329d3750
        0x5584329d3750
        0x5584329d3750
        0x5584329d3750
        0x5584329d3750
        0x5584329d3750
        0x5584329d3750
        0x5584329d3750
        0x5584329d3750
        0x5584329d3750
        0x5584329d3750
        0x5584329d3750
        0x5584329d3750
        0x5584329d3750
        0x5584329d3750
        0x5584329d3750
        0x5584329d3750
        0x5584329d3750
        0x5584329d3750
        0x5584329d3750
        0x5584329d3750
        0x5584329d3750
        0x5584329d3750
        0x5584329d3750
        0x5584329d3750
        0x5584329d3750
        0x5584329d3750
        0x5584329d3750
        0x5584329d3750
        0x5584329d3750
        0x5584329d3750
        0x5584329d3750
        0x5584329d3750
        0x5584329d3750
        0x5584329d3750
        0x5584329d3750
        0x5584329d3750
        0x5584329d3750
        0x5584329d3750
        0x5584329d3750
        0x5584329d3750
        0x5584329d3750
        0x5584329d3750
        0x5584329d3750
        0x5584329d3750
        0x5584329d3750
        0x5584329d3750
        0x5584329d3750
        0x5584329d3750
        0x5584329d3750
        0x5584329d3750
        0x5584329d3750
        0x5584329d3750
        0x5584329d3750
        0x5584329d3750
        0x5584329d3750
        0x5584329d3750
        0x5584329d3750
        0x5584329d3750
        0x5584329d3750
        0x5584329d3750
        0x5584329d3750
        0x5584329d3750
        0x5584329d3750
        0x5584329d3750
        0x5584329d3750
        0x5584329d3750
        0x5584329d3750
        0x5584329d3750
        0x5584329d3750
        0x5584329d3750
        0x5584329d3750
        0x5584329d3750
        0x5584329d3750
        0x5584329d3750
        0x5584329d3750
        0x5584329d3750
        0x5584329d3750
        0x5584329d3750
        0x5584329d3750
        0x5584329d3750
        0x5584329d3750
        0x5584329d3750
        0x5584329d3750
        0x5584329d3750
        0x5584329d3750
        0x5584329d3750
        0x5584329d3750
]: 1
@preempt_stack[
        0x7f933303cf91
        0
]: 1
@preempt_stack[
        0x7f949c9cb8e4
        0x130000
        0
        0
        0x558434501190
]: 1
@preempt_stack[
        0x7f953dcd7ad1
        0x84108470842
]: 1
@preempt_stack[
        0x7f953e7c6069
        0x7f9500c608d0
        0x7f953e84b930
        0x1047c7480789
]: 1
@preempt_stack[
        mono_g_hash_table_lookup_extended+66
        0x120000
        0x558435100d80
        0x558435100d80
        0x558435100d80
        0x558435100d80
        0x558435100d80
        0x558435100d80
        0x558435100d80
        0x558435100d80
        0x558435100d80
        0x558435100d80
        0x558435100d80
        0x558435100d80
        0x558435100d80
        0x558435100d80
        0x558435100d80
        0x558435100d80
        0x558435100d80
        0x558435100d80
        0x558435100d80
        0x558435100d80
        0x558435100d80
        0x558435100d80
        0x558435100d80
        0x558435100d80
        0x558435100d80
        0x558435100d80
        0x558435100d80
        0x558435100d80
        0x558435100d80
        0x558435100d80
        0x558435100d80
        0x558435100d80
        0x558435100d80
        0x558435100d80
        0x558435100d80
        0x558435100d80
        0x558435100d80
        0x558435100d80
        0x558435100d80
        0x558435100d80
        0x558435100d80
        0x558435100d80
        0x558435100d80
        0x558435100d80
        0x558435100d80
        0x558435100d80
        0x558435100d80
        0x558435100d80
        0x558435100d80
        0x558435100d80
        0x558435100d80
        0x558435100d80
        0x558435100d80
        0x558435100d80
        0x558435100d80
        0x558435100d80
        0x558435100d80
        0x558435100d80
        0x558435100d80
        0x558435100d80
        0x558435100d80
        0x558435100d80
        0x558435100d80
        0x558435100d80
        0x558435100d80
        0x558435100d80
        0x558435100d80
        0x558435100d80
        0x558435100d80
        0x558435100d80
        0x558435100d80
        0x558435100d80
        0x558435100d80
        0x558435100d80
        0x558435100d80
        0x558435100d80
        0x558435100d80
        0x558435100d80
        0x558435100d80
        0x558435100d80
        0x558435100d80
        0x558435100d80
        0x558435100d80
        0x558435100d80
        0x558435100d80
        0x558435100d80
        0x558435100d80
        0x558435100d80
        0x558435100d80
        0x558435100d80
        0x558435100d80
        0x558435100d80
        0x558435100d80
        0x558435100d80
        0x558435100d80
        0x558435100d80
        0x558435100d80
        0x558435100d80
        0x558435100d80
        0x558435100d80
        0x558435100d80
        0x558435100d80
        0x558435100d80
        0x558435100d80
        0x558435100d80
        0x558435100d80
        0x558435100d80
        0x558435100d80
        0x558435100d80
        0x558435100d80
        0x558435100d80
        0x558435100d80
        0x558435100d80
        0x558435100d80
        0x558435100d80
        0x558435100d80
        0x558435100d80
        0x558435100d80
        0x558435100d80
        0x558435100d80
        0x558435100d80
        0x558435100d80
        0x558435100d80
        0x558435100d80
        0x558435100d80
]: 1
@preempt_stack[
        0x7f953dd243b8
        0x21
]: 1
@preempt_stack[
        0x7f953dd17fac
]: 1
@preempt_stack[
        0x7f949c9dcfa3
        0x110000
        0x5584320e05a8
        0x5584320e05a8
        0x5584320e05a8
        0x5584320e05a8
        0x5584320e05a8
        0x5584320e05a8
        0x5584320e05a8
        0x5584320e05a8
        0x5584320e05a8
        0x5584320e05a8
        0x5584320e05a8
        0x5584320e05a8
        0x5584320e05a8
        0x5584320e05a8
        0x5584320e05a8
        0x5584320e05a8
        0x5584320e05a8
        0x5584320e05a8
        0x5584320e05a8
        0x5584320e05a8
        0x5584320e05a8
        0x5584320e05a8
        0x5584320e05a8
        0x5584320e05a8
        0x5584320e05a8
        0x5584320e05a8
        0x5584320e05a8
        0x5584320e05a8
        0x5584320e05a8
        0x5584320e05a8
        0x5584320e05a8
        0x5584320e05a8
        0x5584320e05a8
        0x5584320e05a8
        0x5584320e05a8
        0x5584320e05a8
        0x5584320e05a8
        0x5584320e05a8
        0x5584320e05a8
        0x5584320e05a8
        0x5584320e05a8
        0x5584320e05a8
        0x5584320e05a8
        0x5584320e05a8
        0x5584320e05a8
        0x5584320e05a8
        0x5584320e05a8
        0x5584320e05a8
        0x5584320e05a8
        0x5584320e05a8
        0x5584320e05a8
        0x5584320e05a8
        0x5584320e05a8
        0x5584320e05a8
        0x5584320e05a8
        0x5584320e05a8
        0x5584320e05a8
        0x5584320e05a8
        0x5584320e05a8
        0x5584320e05a8
        0x5584320e05a8
        0x5584320e05a8
        0x5584320e05a8
        0x5584320e05a8
        0x5584320e05a8
        0x5584320e05a8
        0x5584320e05a8
        0x5584320e05a8
        0x5584320e05a8
        0x5584320e05a8
        0x5584320e05a8
        0x5584320e05a8
        0x5584320e05a8
        0x5584320e05a8
        0x5584320e05a8
        0x5584320e05a8
        0x5584320e05a8
        0x5584320e05a8
        0x5584320e05a8
        0x5584320e05a8
        0x5584320e05a8
        0x5584320e05a8
        0x5584320e05a8
        0x5584320e05a8
        0x5584320e05a8
        0x5584320e05a8
        0x5584320e05a8
        0x5584320e05a8
        0x5584320e05a8
        0x5584320e05a8
        0x5584320e05a8
        0x5584320e05a8
        0x5584320e05a8
        0x5584320e05a8
        0x5584320e05a8
        0x5584320e05a8
        0x5584320e05a8
        0x5584320e05a8
        0x5584320e05a8
        0x5584320e05a8
        0x5584320e05a8
        0x5584320e05a8
        0x5584320e05a8
        0x5584320e05a8
        0x5584320e05a8
        0x5584320e05a8
        0x5584320e05a8
        0x5584320e05a8
        0x5584320e05a8
        0x5584320e05a8
        0x5584320e05a8
        0x5584320e05a8
        0x5584320e05a8
        0x5584320e05a8
        0x5584320e05a8
        0x5584320e05a8
        0x5584320e05a8
        0x5584320e05a8
        0x5584320e05a8
        0x5584320e05a8
        0x5584320e05a8
        0x5584320e05a8
        0x5584320e05a8
        0x5584320e05a8
        0x5584320e05a8
]: 1
@preempt_stack[
        0x7f953d85b157
        0x7f949c846428
        0x7f949c9e578f
        0x558431b82490
]: 1
@preempt_stack[
        GC_mark_from+366
]: 1
@preempt_stack[
        0x40441c78
]: 1
@preempt_stack[
        0x404440bd
]: 1
@preempt_stack[
        0x7f949c9cb5a7
        0x130000
        0
        0
        0x558431b4f9d0
]: 1
@preempt_stack[
        0x40cad6a7
        0x40cabc4c
        0x40cab139
        0x40ca6ac7
        0x40407e56
        0x40403d24
        0x7f949c846428
        0x7f949c9e578f
        0x558431b82490
]: 1
@preempt_stack[
        0x7f953e3313ac
]: 1
@preempt_stack[
        0x7f949c96c33a
        0x558431d258e0
]: 1
@preempt_stack[
        0x7f953d508d53
        0x401c67a6
        0x7f949c846428
        0x7f949c9e578f
        0x558431b82490
]: 1
@preempt_stack[
        0x7f953dd43272
        0x41f0280f00000038
]: 1
@preempt_stack[
        0x7f949c9dcfa3
        0x110000
        0x558434ee9390
        0x558434ee9390
        0x558434ee9390
        0x558434ee9390
        0x558434ee9390
        0x558434ee9390
        0x558434ee9390
        0x558434ee9390
        0x558434ee9390
        0x558434ee9390
        0x558434ee9390
        0x558434ee9390
        0x558434ee9390
        0x558434ee9390
        0x558434ee9390
        0x558434ee9390
        0x558434ee9390
        0x558434ee9390
        0x558434ee9390
        0x558434ee9390
        0x558434ee9390
        0x558434ee9390
        0x558434ee9390
        0x558434ee9390
        0x558434ee9390
        0x558434ee9390
        0x558434ee9390
        0x558434ee9390
        0x558434ee9390
        0x558434ee9390
        0x558434ee9390
        0x558434ee9390
        0x558434ee9390
        0x558434ee9390
        0x558434ee9390
        0x558434ee9390
        0x558434ee9390
        0x558434ee9390
        0x558434ee9390
        0x558434ee9390
        0x558434ee9390
        0x558434ee9390
        0x558434ee9390
        0x558434ee9390
        0x558434ee9390
        0x558434ee9390
        0x558434ee9390
        0x558434ee9390
        0x558434ee9390
        0x558434ee9390
        0x558434ee9390
        0x558434ee9390
        0x558434ee9390
        0x558434ee9390
        0x558434ee9390
        0x558434ee9390
        0x558434ee9390
        0x558434ee9390
        0x558434ee9390
        0x558434ee9390
        0x558434ee9390
        0x558434ee9390
        0x558434ee9390
        0x558434ee9390
        0x558434ee9390
        0x558434ee9390
        0x558434ee9390
        0x558434ee9390
        0x558434ee9390
        0x558434ee9390
        0x558434ee9390
        0x558434ee9390
        0x558434ee9390
        0x558434ee9390
        0x558434ee9390
        0x558434ee9390
        0x558434ee9390
        0x558434ee9390
        0x558434ee9390
        0x558434ee9390
        0x558434ee9390
        0x558434ee9390
        0x558434ee9390
        0x558434ee9390
        0x558434ee9390
        0x558434ee9390
        0x558434ee9390
        0x558434ee9390
        0x558434ee9390
        0x558434ee9390
        0x558434ee9390
        0x558434ee9390
        0x558434ee9390
        0x558434ee9390
        0x558434ee9390
        0x558434ee9390
        0x558434ee9390
        0x558434ee9390
        0x558434ee9390
        0x558434ee9390
        0x558434ee9390
        0x558434ee9390
        0x558434ee9390
        0x558434ee9390
        0x558434ee9390
        0x558434ee9390
        0x558434ee9390
        0x558434ee9390
        0x558434ee9390
        0x558434ee9390
        0x558434ee9390
        0x558434ee9390
        0x558434ee9390
        0x558434ee9390
        0x558434ee9390
        0x558434ee9390
        0x558434ee9390
        0x558434ee9390
        0x558434ee9390
        0x558434ee9390
        0x558434ee9390
        0x558434ee9390
        0x558434ee9390
        0x558434ee9390
        0x558434ee9390
]: 1
@preempt_stack[
        0x7f949c9ce4d8
        0x558435025a88
        0x558435025a88
        0x558435025a88
        0x558435025a88
        0x558435025a88
        0x558435025a88
        0x558435025a88
        0x558435025a88
        0x558435025a88
        0x558435025a88
        0x558435025a88
        0x558435025a88
        0x558435025a88
        0x558435025a88
        0x558435025a88
        0x558435025a88
        0x558435025a88
        0x558435025a88
        0x558435025a88
        0x558435025a88
        0x558435025a88
        0x558435025a88
        0x558435025a88
        0x558435025a88
        0x558435025a88
        0x558435025a88
        0x558435025a88
        0x558435025a88
        0x558435025a88
        0x558435025a88
        0x558435025a88
        0x558435025a88
        0x558435025a88
        0x558435025a88
        0x558435025a88
        0x558435025a88
        0x558435025a88
        0x558435025a88
        0x558435025a88
        0x558435025a88
        0x558435025a88
        0x558435025a88
        0x558435025a88
        0x558435025a88
        0x558435025a88
        0x558435025a88
        0x558435025a88
        0x558435025a88
        0x558435025a88
        0x558435025a88
        0x558435025a88
        0x558435025a88
        0x558435025a88
        0x558435025a88
        0x558435025a88
        0x558435025a88
        0x558435025a88
        0x558435025a88
        0x558435025a88
        0x558435025a88
        0x558435025a88
        0x558435025a88
        0x558435025a88
        0x558435025a88
        0x558435025a88
        0x558435025a88
        0x558435025a88
        0x558435025a88
        0x558435025a88
        0x558435025a88
        0x558435025a88
        0x558435025a88
        0x558435025a88
        0x558435025a88
        0x558435025a88
        0x558435025a88
        0x558435025a88
        0x558435025a88
        0x558435025a88
        0x558435025a88
        0x558435025a88
        0x558435025a88
        0x558435025a88
        0x558435025a88
        0x558435025a88
        0x558435025a88
        0x558435025a88
        0x558435025a88
        0x558435025a88
        0x558435025a88
        0x558435025a88
        0x558435025a88
        0x558435025a88
        0x558435025a88
        0x558435025a88
        0x558435025a88
        0x558435025a88
        0x558435025a88
        0x558435025a88
        0x558435025a88
        0x558435025a88
        0x558435025a88
        0x558435025a88
        0x558435025a88
        0x558435025a88
        0x558435025a88
        0x558435025a88
        0x558435025a88
        0x558435025a88
        0x558435025a88
        0x558435025a88
        0x558435025a88
        0x558435025a88
        0x558435025a88
        0x558435025a88
        0x558435025a88
        0x558435025a88
        0x558435025a88
        0x558435025a88
        0x558435025a88
        0x558435025a88
        0x558435025a88
        0x558435025a88
        0x558435025a88
        0x558435025a88
        0x558435025a88
]: 1
@preempt_stack[
        0x7f949c9cb60e
        0
        0
        0x7f94501f12e0
]: 1
@preempt_stack[
        0x40caefe3
        0x40ce0114
]: 1
@preempt_stack[
        0x7f949ca0f68f
        0x120000
        0x558432baf0c0
        0x558432baf0c0
        0x558432baf0c0
        0x558432baf0c0
        0x558432baf0c0
        0x558432baf0c0
        0x558432baf0c0
        0x558432baf0c0
        0x558432baf0c0
        0x558432baf0c0
        0x558432baf0c0
        0x558432baf0c0
        0x558432baf0c0
        0x558432baf0c0
        0x558432baf0c0
        0x558432baf0c0
        0x558432baf0c0
        0x558432baf0c0
        0x558432baf0c0
        0x558432baf0c0
        0x558432baf0c0
        0x558432baf0c0
        0x558432baf0c0
        0x558432baf0c0
        0x558432baf0c0
        0x558432baf0c0
        0x558432baf0c0
        0x558432baf0c0
        0x558432baf0c0
        0x558432baf0c0
        0x558432baf0c0
        0x558432baf0c0
        0x558432baf0c0
        0x558432baf0c0
        0x558432baf0c0
        0x558432baf0c0
        0x558432baf0c0
        0x558432baf0c0
        0x558432baf0c0
        0x558432baf0c0
        0x558432baf0c0
        0x558432baf0c0
        0x558432baf0c0
        0x558432baf0c0
        0x558432baf0c0
        0x558432baf0c0
        0x558432baf0c0
        0x558432baf0c0
        0x558432baf0c0
        0x558432baf0c0
        0x558432baf0c0
        0x558432baf0c0
        0x558432baf0c0
        0x558432baf0c0
        0x558432baf0c0
        0x558432baf0c0
        0x558432baf0c0
        0x558432baf0c0
        0x558432baf0c0
        0x558432baf0c0
        0x558432baf0c0
        0x558432baf0c0
        0x558432baf0c0
        0x558432baf0c0
        0x558432baf0c0
        0x558432baf0c0
        0x558432baf0c0
        0x558432baf0c0
        0x558432baf0c0
        0x558432baf0c0
        0x558432baf0c0
        0x558432baf0c0
        0x558432baf0c0
        0x558432baf0c0
        0x558432baf0c0
        0x558432baf0c0
        0x558432baf0c0
        0x558432baf0c0
        0x558432baf0c0
        0x558432baf0c0
        0x558432baf0c0
        0x558432baf0c0
        0x558432baf0c0
        0x558432baf0c0
        0x558432baf0c0
        0x558432baf0c0
        0x558432baf0c0
        0x558432baf0c0
        0x558432baf0c0
        0x558432baf0c0
        0x558432baf0c0
        0x558432baf0c0
        0x558432baf0c0
        0x558432baf0c0
        0x558432baf0c0
        0x558432baf0c0
        0x558432baf0c0
        0x558432baf0c0
        0x558432baf0c0
        0x558432baf0c0
        0x558432baf0c0
        0x558432baf0c0
        0x558432baf0c0
        0x558432baf0c0
        0x558432baf0c0
        0x558432baf0c0
        0x558432baf0c0
        0x558432baf0c0
        0x558432baf0c0
        0x558432baf0c0
        0x558432baf0c0
        0x558432baf0c0
        0x558432baf0c0
        0x558432baf0c0
        0x558432baf0c0
        0x558432baf0c0
        0x558432baf0c0
        0x558432baf0c0
        0x558432baf0c0
        0x558432baf0c0
        0x558432baf0c0
        0x558432baf0c0
        0x558432baf0c0
        0x558432baf0c0
        0x558432baf0c0
]: 1
@preempt_stack[
        mono_metadata_type_hash+80
        0x120000
        0x55843538b458
        0x55843538b458
        0x55843538b458
        0x55843538b458
        0x55843538b458
        0x55843538b458
        0x55843538b458
        0x55843538b458
        0x55843538b458
        0x55843538b458
        0x55843538b458
        0x55843538b458
        0x55843538b458
        0x55843538b458
        0x55843538b458
        0x55843538b458
        0x55843538b458
        0x55843538b458
        0x55843538b458
        0x55843538b458
        0x55843538b458
        0x55843538b458
        0x55843538b458
        0x55843538b458
        0x55843538b458
        0x55843538b458
        0x55843538b458
        0x55843538b458
        0x55843538b458
        0x55843538b458
        0x55843538b458
        0x55843538b458
        0x55843538b458
        0x55843538b458
        0x55843538b458
        0x55843538b458
        0x55843538b458
        0x55843538b458
        0x55843538b458
        0x55843538b458
        0x55843538b458
        0x55843538b458
        0x55843538b458
        0x55843538b458
        0x55843538b458
        0x55843538b458
        0x55843538b458
        0x55843538b458
        0x55843538b458
        0x55843538b458
        0x55843538b458
        0x55843538b458
        0x55843538b458
        0x55843538b458
        0x55843538b458
        0x55843538b458
        0x55843538b458
        0x55843538b458
        0x55843538b458
        0x55843538b458
        0x55843538b458
        0x55843538b458
        0x55843538b458
        0x55843538b458
        0x55843538b458
        0x55843538b458
        0x55843538b458
        0x55843538b458
        0x55843538b458
        0x55843538b458
        0x55843538b458
        0x55843538b458
        0x55843538b458
        0x55843538b458
        0x55843538b458
        0x55843538b458
        0x55843538b458
        0x55843538b458
        0x55843538b458
        0x55843538b458
        0x55843538b458
        0x55843538b458
        0x55843538b458
        0x55843538b458
        0x55843538b458
        0x55843538b458
        0x55843538b458
        0x55843538b458
        0x55843538b458
        0x55843538b458
        0x55843538b458
        0x55843538b458
        0x55843538b458
        0x55843538b458
        0x55843538b458
        0x55843538b458
        0x55843538b458
        0x55843538b458
        0x55843538b458
        0x55843538b458
        0x55843538b458
        0x55843538b458
        0x55843538b458
        0x55843538b458
        0x55843538b458
        0x55843538b458
        0x55843538b458
        0x55843538b458
        0x55843538b458
        0x55843538b458
        0x55843538b458
        0x55843538b458
        0x55843538b458
        0x55843538b458
        0x55843538b458
        0x55843538b458
        0x55843538b458
        0x55843538b458
        0x55843538b458
        0x55843538b458
        0x55843538b458
        0x55843538b458
        0x55843538b458
        0x55843538b458
        0x55843538b458
]: 1
@preempt_stack[
        0x7f953dd51a7d
]: 1
@preempt_stack[
        0x402319fa
        0x40c0d864
        0x4077cadf
        0x7f949c846428
        0x7f949c9e578f
        0x558431b82490
]: 1
@preempt_stack[
        0x7f949c9cb77e
        0x120000
        0x5584351d4d48
        0x5584351d4d48
        0x5584351d4d48
        0x5584351d4d48
        0x5584351d4d48
        0x5584351d4d48
        0x5584351d4d48
        0x5584351d4d48
        0x5584351d4d48
        0x5584351d4d48
        0x5584351d4d48
        0x5584351d4d48
        0x5584351d4d48
        0x5584351d4d48
        0x5584351d4d48
        0x5584351d4d48
        0x5584351d4d48
        0x5584351d4d48
        0x5584351d4d48
        0x5584351d4d48
        0x5584351d4d48
        0x5584351d4d48
        0x5584351d4d48
        0x5584351d4d48
        0x5584351d4d48
        0x5584351d4d48
        0x5584351d4d48
        0x5584351d4d48
        0x5584351d4d48
        0x5584351d4d48
        0x5584351d4d48
        0x5584351d4d48
        0x5584351d4d48
        0x5584351d4d48
        0x5584351d4d48
        0x5584351d4d48
        0x5584351d4d48
        0x5584351d4d48
        0x5584351d4d48
        0x5584351d4d48
        0x5584351d4d48
        0x5584351d4d48
        0x5584351d4d48
        0x5584351d4d48
        0x5584351d4d48
        0x5584351d4d48
        0x5584351d4d48
        0x5584351d4d48
        0x5584351d4d48
        0x5584351d4d48
        0x5584351d4d48
        0x5584351d4d48
        0x5584351d4d48
        0x5584351d4d48
        0x5584351d4d48
        0x5584351d4d48
        0x5584351d4d48
        0x5584351d4d48
        0x5584351d4d48
        0x5584351d4d48
        0x5584351d4d48
        0x5584351d4d48
        0x5584351d4d48
        0x5584351d4d48
        0x5584351d4d48
        0x5584351d4d48
        0x5584351d4d48
        0x5584351d4d48
        0x5584351d4d48
        0x5584351d4d48
        0x5584351d4d48
        0x5584351d4d48
        0x5584351d4d48
        0x5584351d4d48
        0x5584351d4d48
        0x5584351d4d48
        0x5584351d4d48
        0x5584351d4d48
        0x5584351d4d48
        0x5584351d4d48
        0x5584351d4d48
        0x5584351d4d48
        0x5584351d4d48
        0x5584351d4d48
        0x5584351d4d48
        0x5584351d4d48
        0x5584351d4d48
        0x5584351d4d48
        0x5584351d4d48
        0x5584351d4d48
        0x5584351d4d48
        0x5584351d4d48
        0x5584351d4d48
        0x5584351d4d48
        0x5584351d4d48
        0x5584351d4d48
        0x5584351d4d48
        0x5584351d4d48
        0x5584351d4d48
        0x5584351d4d48
        0x5584351d4d48
        0x5584351d4d48
        0x5584351d4d48
        0x5584351d4d48
        0x5584351d4d48
        0x5584351d4d48
        0x5584351d4d48
        0x5584351d4d48
        0x5584351d4d48
        0x5584351d4d48
        0x5584351d4d48
        0x5584351d4d48
        0x5584351d4d48
        0x5584351d4d48
        0x5584351d4d48
        0x5584351d4d48
        0x5584351d4d48
        0x5584351d4d48
        0x5584351d4d48
        0x5584351d4d48
        0x5584351d4d48
        0x5584351d4d48
        0x5584351d4d48
        0x5584351d4d48
        0x5584351d4d48
]: 1
@preempt_stack[
        0x7f949c9e44f9
        0x110000
        0x558431b42e78
        0x558431b42e78
        0x558431b42e78
        0x558431b42e78
        0x558431b42e78
        0x558431b42e78
        0x558431b42e78
        0x558431b42e78
        0x558431b42e78
        0x558431b42e78
        0x558431b42e78
        0x558431b42e78
        0x558431b42e78
        0x558431b42e78
        0x558431b42e78
        0x558431b42e78
        0x558431b42e78
        0x558431b42e78
        0x558431b42e78
        0x558431b42e78
        0x558431b42e78
        0x558431b42e78
        0x558431b42e78
        0x558431b42e78
        0x558431b42e78
        0x558431b42e78
        0x558431b42e78
        0x558431b42e78
        0x558431b42e78
        0x558431b42e78
        0x558431b42e78
        0x558431b42e78
        0x558431b42e78
        0x558431b42e78
        0x558431b42e78
        0x558431b42e78
        0x558431b42e78
        0x558431b42e78
        0x558431b42e78
        0x558431b42e78
        0x558431b42e78
        0x558431b42e78
        0x558431b42e78
        0x558431b42e78
        0x558431b42e78
        0x558431b42e78
        0x558431b42e78
        0x558431b42e78
        0x558431b42e78
        0x558431b42e78
        0x558431b42e78
        0x558431b42e78
        0x558431b42e78
        0x558431b42e78
        0x558431b42e78
        0x558431b42e78
        0x558431b42e78
        0x558431b42e78
        0x558431b42e78
        0x558431b42e78
        0x558431b42e78
        0x558431b42e78
        0x558431b42e78
        0x558431b42e78
        0x558431b42e78
        0x558431b42e78
        0x558431b42e78
        0x558431b42e78
        0x558431b42e78
        0x558431b42e78
        0x558431b42e78
        0x558431b42e78
        0x558431b42e78
        0x558431b42e78
        0x558431b42e78
        0x558431b42e78
        0x558431b42e78
        0x558431b42e78
        0x558431b42e78
        0x558431b42e78
        0x558431b42e78
        0x558431b42e78
        0x558431b42e78
        0x558431b42e78
        0x558431b42e78
        0x558431b42e78
        0x558431b42e78
        0x558431b42e78
        0x558431b42e78
        0x558431b42e78
        0x558431b42e78
        0x558431b42e78
        0x558431b42e78
        0x558431b42e78
        0x558431b42e78
        0x558431b42e78
        0x558431b42e78
        0x558431b42e78
        0x558431b42e78
        0x558431b42e78
        0x558431b42e78
        0x558431b42e78
        0x558431b42e78
        0x558431b42e78
        0x558431b42e78
        0x558431b42e78
        0x558431b42e78
        0x558431b42e78
        0x558431b42e78
        0x558431b42e78
        0x558431b42e78
        0x558431b42e78
        0x558431b42e78
        0x558431b42e78
        0x558431b42e78
        0x558431b42e78
        0x558431b42e78
        0x558431b42e78
        0x558431b42e78
        0x558431b42e78
        0x558431b42e78
        0x558431b42e78
        0x558431b42e78
        0x558431b42e78
        0x558431b42e78
]: 1
@preempt_stack[
        0x7f949c9cb75e
        0x130000
        0
        0
        0x558434ad50b0
]: 1
@preempt_stack[
        0x7f953dd43cc6
]: 1
@preempt_stack[
        0x7f953e690a1e
        0x7f950141bd30
        0x7f953e690660
]: 1
@preempt_stack[
        0x7f949c9cb76a
        0x130000
        0
        0
        0x5584348411b0
]: 1
@preempt_stack[
        __pthread_mutex_unlock+20
]: 1
@preempt_stack[
        0x7f953dcd7d26
]: 1
@preempt_stack[
        0x7f953dcbe605
]: 1
@preempt_stack[
        0x7f949c99ed4f
]: 1
@preempt_stack[
        0x7f953caabf0a
]: 1
@preempt_stack[
        0x7f953dcc6094
        0x7f9501dce050
        0x20
        0xca
        0x21
        0xc2
        0x21
        0xd30002b0007b372
        0x7f953d884770
        0x8d48012d942a058b
]: 1
@preempt_stack[
        0x7f953d905d44
]: 1
@preempt_stack[
        0x7f953db08306
        0x7f9502be7898
        0x7f953dd1d730
        0x2556058d48fc8949
]: 1
@preempt_stack[
        mono_metadata_type_hash+80
        0x120000
        0x558435319a08
        0x558435319a08
        0x558435319a08
        0x558435319a08
        0x558435319a08
        0x558435319a08
        0x558435319a08
        0x558435319a08
        0x558435319a08
        0x558435319a08
        0x558435319a08
        0x558435319a08
        0x558435319a08
        0x558435319a08
        0x558435319a08
        0x558435319a08
        0x558435319a08
        0x558435319a08
        0x558435319a08
        0x558435319a08
        0x558435319a08
        0x558435319a08
        0x558435319a08
        0x558435319a08
        0x558435319a08
        0x558435319a08
        0x558435319a08
        0x558435319a08
        0x558435319a08
        0x558435319a08
        0x558435319a08
        0x558435319a08
        0x558435319a08
        0x558435319a08
        0x558435319a08
        0x558435319a08
        0x558435319a08
        0x558435319a08
        0x558435319a08
        0x558435319a08
        0x558435319a08
        0x558435319a08
        0x558435319a08
        0x558435319a08
        0x558435319a08
        0x558435319a08
        0x558435319a08
        0x558435319a08
        0x558435319a08
        0x558435319a08
        0x558435319a08
        0x558435319a08
        0x558435319a08
        0x558435319a08
        0x558435319a08
        0x558435319a08
        0x558435319a08
        0x558435319a08
        0x558435319a08
        0x558435319a08
        0x558435319a08
        0x558435319a08
        0x558435319a08
        0x558435319a08
        0x558435319a08
        0x558435319a08
        0x558435319a08
        0x558435319a08
        0x558435319a08
        0x558435319a08
        0x558435319a08
        0x558435319a08
        0x558435319a08
        0x558435319a08
        0x558435319a08
        0x558435319a08
        0x558435319a08
        0x558435319a08
        0x558435319a08
        0x558435319a08
        0x558435319a08
        0x558435319a08
        0x558435319a08
        0x558435319a08
        0x558435319a08
        0x558435319a08
        0x558435319a08
        0x558435319a08
        0x558435319a08
        0x558435319a08
        0x558435319a08
        0x558435319a08
        0x558435319a08
        0x558435319a08
        0x558435319a08
        0x558435319a08
        0x558435319a08
        0x558435319a08
        0x558435319a08
        0x558435319a08
        0x558435319a08
        0x558435319a08
        0x558435319a08
        0x558435319a08
        0x558435319a08
        0x558435319a08
        0x558435319a08
        0x558435319a08
        0x558435319a08
        0x558435319a08
        0x558435319a08
        0x558435319a08
        0x558435319a08
        0x558435319a08
        0x558435319a08
        0x558435319a08
        0x558435319a08
        0x558435319a08
        0x558435319a08
        0x558435319a08
        0x558435319a08
        0x558435319a08
        0x558435319a08
        0x558435319a08
        0x558435319a08
]: 1
@preempt_stack[
        0x7f949c9ca06e
        0x7f949c83c8bd
        0x1483000000000
]: 1
@preempt_stack[
        0x7f953dd47302
]: 1
@preempt_stack[
        0x7f949c9e5513
]: 1
@preempt_stack[
        mono_class_from_mono_type_internal+13
        0x120000
        0x5584349e1f58
        0x5584349e1f58
        0x5584349e1f58
        0x5584349e1f58
        0x5584349e1f58
        0x5584349e1f58
        0x5584349e1f58
        0x5584349e1f58
        0x5584349e1f58
        0x5584349e1f58
        0x5584349e1f58
        0x5584349e1f58
        0x5584349e1f58
        0x5584349e1f58
        0x5584349e1f58
        0x5584349e1f58
        0x5584349e1f58
        0x5584349e1f58
        0x5584349e1f58
        0x5584349e1f58
        0x5584349e1f58
        0x5584349e1f58
        0x5584349e1f58
        0x5584349e1f58
        0x5584349e1f58
        0x5584349e1f58
        0x5584349e1f58
        0x5584349e1f58
        0x5584349e1f58
        0x5584349e1f58
        0x5584349e1f58
        0x5584349e1f58
        0x5584349e1f58
        0x5584349e1f58
        0x5584349e1f58
        0x5584349e1f58
        0x5584349e1f58
        0x5584349e1f58
        0x5584349e1f58
        0x5584349e1f58
        0x5584349e1f58
        0x5584349e1f58
        0x5584349e1f58
        0x5584349e1f58
        0x5584349e1f58
        0x5584349e1f58
        0x5584349e1f58
        0x5584349e1f58
        0x5584349e1f58
        0x5584349e1f58
        0x5584349e1f58
        0x5584349e1f58
        0x5584349e1f58
        0x5584349e1f58
        0x5584349e1f58
        0x5584349e1f58
        0x5584349e1f58
        0x5584349e1f58
        0x5584349e1f58
        0x5584349e1f58
        0x5584349e1f58
        0x5584349e1f58
        0x5584349e1f58
        0x5584349e1f58
        0x5584349e1f58
        0x5584349e1f58
        0x5584349e1f58
        0x5584349e1f58
        0x5584349e1f58
        0x5584349e1f58
        0x5584349e1f58
        0x5584349e1f58
        0x5584349e1f58
        0x5584349e1f58
        0x5584349e1f58
        0x5584349e1f58
        0x5584349e1f58
        0x5584349e1f58
        0x5584349e1f58
        0x5584349e1f58
        0x5584349e1f58
        0x5584349e1f58
        0x5584349e1f58
        0x5584349e1f58
        0x5584349e1f58
        0x5584349e1f58
        0x5584349e1f58
        0x5584349e1f58
        0x5584349e1f58
        0x5584349e1f58
        0x5584349e1f58
        0x5584349e1f58
        0x5584349e1f58
        0x5584349e1f58
        0x5584349e1f58
        0x5584349e1f58
        0x5584349e1f58
        0x5584349e1f58
        0x5584349e1f58
        0x5584349e1f58
        0x5584349e1f58
        0x5584349e1f58
        0x5584349e1f58
        0x5584349e1f58
        0x5584349e1f58
        0x5584349e1f58
        0x5584349e1f58
        0x5584349e1f58
        0x5584349e1f58
        0x5584349e1f58
        0x5584349e1f58
        0x5584349e1f58
        0x5584349e1f58
        0x5584349e1f58
        0x5584349e1f58
        0x5584349e1f58
        0x5584349e1f58
        0x5584349e1f58
        0x5584349e1f58
        0x5584349e1f58
        0x5584349e1f58
        0x5584349e1f58
        0x5584349e1f58
        0x5584349e1f58
        0x5584349e1f58
]: 1
@preempt_stack[
        0x7f949c9dcfa3
        0x120000
        0x558434b97f78
        0x558434b97f78
        0x558434b97f78
        0x558434b97f78
        0x558434b97f78
        0x558434b97f78
        0x558434b97f78
        0x558434b97f78
        0x558434b97f78
        0x558434b97f78
        0x558434b97f78
        0x558434b97f78
        0x558434b97f78
        0x558434b97f78
        0x558434b97f78
        0x558434b97f78
        0x558434b97f78
        0x558434b97f78
        0x558434b97f78
        0x558434b97f78
        0x558434b97f78
        0x558434b97f78
        0x558434b97f78
        0x558434b97f78
        0x558434b97f78
        0x558434b97f78
        0x558434b97f78
        0x558434b97f78
        0x558434b97f78
        0x558434b97f78
        0x558434b97f78
        0x558434b97f78
        0x558434b97f78
        0x558434b97f78
        0x558434b97f78
        0x558434b97f78
        0x558434b97f78
        0x558434b97f78
        0x558434b97f78
        0x558434b97f78
        0x558434b97f78
        0x558434b97f78
        0x558434b97f78
        0x558434b97f78
        0x558434b97f78
        0x558434b97f78
        0x558434b97f78
        0x558434b97f78
        0x558434b97f78
        0x558434b97f78
        0x558434b97f78
        0x558434b97f78
        0x558434b97f78
        0x558434b97f78
        0x558434b97f78
        0x558434b97f78
        0x558434b97f78
        0x558434b97f78
        0x558434b97f78
        0x558434b97f78
        0x558434b97f78
        0x558434b97f78
        0x558434b97f78
        0x558434b97f78
        0x558434b97f78
        0x558434b97f78
        0x558434b97f78
        0x558434b97f78
        0x558434b97f78
        0x558434b97f78
        0x558434b97f78
        0x558434b97f78
        0x558434b97f78
        0x558434b97f78
        0x558434b97f78
        0x558434b97f78
        0x558434b97f78
        0x558434b97f78
        0x558434b97f78
        0x558434b97f78
        0x558434b97f78
        0x558434b97f78
        0x558434b97f78
        0x558434b97f78
        0x558434b97f78
        0x558434b97f78
        0x558434b97f78
        0x558434b97f78
        0x558434b97f78
        0x558434b97f78
        0x558434b97f78
        0x558434b97f78
        0x558434b97f78
        0x558434b97f78
        0x558434b97f78
        0x558434b97f78
        0x558434b97f78
        0x558434b97f78
        0x558434b97f78
        0x558434b97f78
        0x558434b97f78
        0x558434b97f78
        0x558434b97f78
        0x558434b97f78
        0x558434b97f78
        0x558434b97f78
        0x558434b97f78
        0x558434b97f78
        0x558434b97f78
        0x558434b97f78
        0x558434b97f78
        0x558434b97f78
        0x558434b97f78
        0x558434b97f78
        0x558434b97f78
        0x558434b97f78
        0x558434b97f78
        0x558434b97f78
        0x558434b97f78
        0x558434b97f78
        0x558434b97f78
        0x558434b97f78
        0x558434b97f78
        0x558434b97f78
        0x558434b97f78
]: 1
@preempt_stack[
        0x7f949c9cb659
        0x130000
        0
        0
        0x558432c3bda0
]: 1
@preempt_stack[
        monoeg_g_hash_table_lookup_extended+66
        0x5584361d6cb0
        0x5584359c9960
]: 1
@preempt_stack[
        0x7f953dd4fa4e
]: 1
@preempt_stack[
        0x7f953d6d3669
        0xa00000000040dc3b
]: 1
@preempt_stack[
        0x7f953dd4f483
]: 1
@preempt_stack[
        mono_metadata_type_hash+80
        0x110000
        0x5584353883d0
        0x5584353883d0
        0x5584353883d0
        0x5584353883d0
        0x5584353883d0
        0x5584353883d0
        0x5584353883d0
        0x5584353883d0
        0x5584353883d0
        0x5584353883d0
        0x5584353883d0
        0x5584353883d0
        0x5584353883d0
        0x5584353883d0
        0x5584353883d0
        0x5584353883d0
        0x5584353883d0
        0x5584353883d0
        0x5584353883d0
        0x5584353883d0
        0x5584353883d0
        0x5584353883d0
        0x5584353883d0
        0x5584353883d0
        0x5584353883d0
        0x5584353883d0
        0x5584353883d0
        0x5584353883d0
        0x5584353883d0
        0x5584353883d0
        0x5584353883d0
        0x5584353883d0
        0x5584353883d0
        0x5584353883d0
        0x5584353883d0
        0x5584353883d0
        0x5584353883d0
        0x5584353883d0
        0x5584353883d0
        0x5584353883d0
        0x5584353883d0
        0x5584353883d0
        0x5584353883d0
        0x5584353883d0
        0x5584353883d0
        0x5584353883d0
        0x5584353883d0
        0x5584353883d0
        0x5584353883d0
        0x5584353883d0
        0x5584353883d0
        0x5584353883d0
        0x5584353883d0
        0x5584353883d0
        0x5584353883d0
        0x5584353883d0
        0x5584353883d0
        0x5584353883d0
        0x5584353883d0
        0x5584353883d0
        0x5584353883d0
        0x5584353883d0
        0x5584353883d0
        0x5584353883d0
        0x5584353883d0
        0x5584353883d0
        0x5584353883d0
        0x5584353883d0
        0x5584353883d0
        0x5584353883d0
        0x5584353883d0
        0x5584353883d0
        0x5584353883d0
        0x5584353883d0
        0x5584353883d0
        0x5584353883d0
        0x5584353883d0
        0x5584353883d0
        0x5584353883d0
        0x5584353883d0
        0x5584353883d0
        0x5584353883d0
        0x5584353883d0
        0x5584353883d0
        0x5584353883d0
        0x5584353883d0
        0x5584353883d0
        0x5584353883d0
        0x5584353883d0
        0x5584353883d0
        0x5584353883d0
        0x5584353883d0
        0x5584353883d0
        0x5584353883d0
        0x5584353883d0
        0x5584353883d0
        0x5584353883d0
        0x5584353883d0
        0x5584353883d0
        0x5584353883d0
        0x5584353883d0
        0x5584353883d0
        0x5584353883d0
        0x5584353883d0
        0x5584353883d0
        0x5584353883d0
        0x5584353883d0
        0x5584353883d0
        0x5584353883d0
        0x5584353883d0
        0x5584353883d0
        0x5584353883d0
        0x5584353883d0
        0x5584353883d0
        0x5584353883d0
        0x5584353883d0
        0x5584353883d0
        0x5584353883d0
        0x5584353883d0
        0x5584353883d0
        0x5584353883d0
        0x5584353883d0
        0x5584353883d0
        0x5584353883d0
        0x5584353883d0
]: 1
@preempt_stack[
        0x7f953dd3cf91
        0x7f9501cdfeb0
]: 1
@preempt_stack[
        0x7f949c9ce4d8
        0x55843479f5c8
        0x55843479f5c8
        0x55843479f5c8
        0x55843479f5c8
        0x55843479f5c8
        0x55843479f5c8
        0x55843479f5c8
        0x55843479f5c8
        0x55843479f5c8
        0x55843479f5c8
        0x55843479f5c8
        0x55843479f5c8
        0x55843479f5c8
        0x55843479f5c8
        0x55843479f5c8
        0x55843479f5c8
        0x55843479f5c8
        0x55843479f5c8
        0x55843479f5c8
        0x55843479f5c8
        0x55843479f5c8
        0x55843479f5c8
        0x55843479f5c8
        0x55843479f5c8
        0x55843479f5c8
        0x55843479f5c8
        0x55843479f5c8
        0x55843479f5c8
        0x55843479f5c8
        0x55843479f5c8
        0x55843479f5c8
        0x55843479f5c8
        0x55843479f5c8
        0x55843479f5c8
        0x55843479f5c8
        0x55843479f5c8
        0x55843479f5c8
        0x55843479f5c8
        0x55843479f5c8
        0x55843479f5c8
        0x55843479f5c8
        0x55843479f5c8
        0x55843479f5c8
        0x55843479f5c8
        0x55843479f5c8
        0x55843479f5c8
        0x55843479f5c8
        0x55843479f5c8
        0x55843479f5c8
        0x55843479f5c8
        0x55843479f5c8
        0x55843479f5c8
        0x55843479f5c8
        0x55843479f5c8
        0x55843479f5c8
        0x55843479f5c8
        0x55843479f5c8
        0x55843479f5c8
        0x55843479f5c8
        0x55843479f5c8
        0x55843479f5c8
        0x55843479f5c8
        0x55843479f5c8
        0x55843479f5c8
        0x55843479f5c8
        0x55843479f5c8
        0x55843479f5c8
        0x55843479f5c8
        0x55843479f5c8
        0x55843479f5c8
        0x55843479f5c8
        0x55843479f5c8
        0x55843479f5c8
        0x55843479f5c8
        0x55843479f5c8
        0x55843479f5c8
        0x55843479f5c8
        0x55843479f5c8
        0x55843479f5c8
        0x55843479f5c8
        0x55843479f5c8
        0x55843479f5c8
        0x55843479f5c8
        0x55843479f5c8
        0x55843479f5c8
        0x55843479f5c8
        0x55843479f5c8
        0x55843479f5c8
        0x55843479f5c8
        0x55843479f5c8
        0x55843479f5c8
        0x55843479f5c8
        0x55843479f5c8
        0x55843479f5c8
        0x55843479f5c8
        0x55843479f5c8
        0x55843479f5c8
        0x55843479f5c8
        0x55843479f5c8
        0x55843479f5c8
        0x55843479f5c8
        0x55843479f5c8
        0x55843479f5c8
        0x55843479f5c8
        0x55843479f5c8
        0x55843479f5c8
        0x55843479f5c8
        0x55843479f5c8
        0x55843479f5c8
        0x55843479f5c8
        0x55843479f5c8
        0x55843479f5c8
        0x55843479f5c8
        0x55843479f5c8
        0x55843479f5c8
        0x55843479f5c8
        0x55843479f5c8
        0x55843479f5c8
        0x55843479f5c8
        0x55843479f5c8
        0x55843479f5c8
        0x55843479f5c8
        0x55843479f5c8
        0x55843479f5c8
        0x55843479f5c8
        0x55843479f5c8
]: 1
@preempt_stack[
        0x7f953e57408a
]: 1
@preempt_stack[
        0x7f949c9cb75b
        0x120000
        0x5584334d5098
        0x5584334d5098
        0x5584334d5098
        0x5584334d5098
        0x5584334d5098
        0x5584334d5098
        0x5584334d5098
        0x5584334d5098
        0x5584334d5098
        0x5584334d5098
        0x5584334d5098
        0x5584334d5098
        0x5584334d5098
        0x5584334d5098
        0x5584334d5098
        0x5584334d5098
        0x5584334d5098
        0x5584334d5098
        0x5584334d5098
        0x5584334d5098
        0x5584334d5098
        0x5584334d5098
        0x5584334d5098
        0x5584334d5098
        0x5584334d5098
        0x5584334d5098
        0x5584334d5098
        0x5584334d5098
        0x5584334d5098
        0x5584334d5098
        0x5584334d5098
        0x5584334d5098
        0x5584334d5098
        0x5584334d5098
        0x5584334d5098
        0x5584334d5098
        0x5584334d5098
        0x5584334d5098
        0x5584334d5098
        0x5584334d5098
        0x5584334d5098
        0x5584334d5098
        0x5584334d5098
        0x5584334d5098
        0x5584334d5098
        0x5584334d5098
        0x5584334d5098
        0x5584334d5098
        0x5584334d5098
        0x5584334d5098
        0x5584334d5098
        0x5584334d5098
        0x5584334d5098
        0x5584334d5098
        0x5584334d5098
        0x5584334d5098
        0x5584334d5098
        0x5584334d5098
        0x5584334d5098
        0x5584334d5098
        0x5584334d5098
        0x5584334d5098
        0x5584334d5098
        0x5584334d5098
        0x5584334d5098
        0x5584334d5098
        0x5584334d5098
        0x5584334d5098
        0x5584334d5098
        0x5584334d5098
        0x5584334d5098
        0x5584334d5098
        0x5584334d5098
        0x5584334d5098
        0x5584334d5098
        0x5584334d5098
        0x5584334d5098
        0x5584334d5098
        0x5584334d5098
        0x5584334d5098
        0x5584334d5098
        0x5584334d5098
        0x5584334d5098
        0x5584334d5098
        0x5584334d5098
        0x5584334d5098
        0x5584334d5098
        0x5584334d5098
        0x5584334d5098
        0x5584334d5098
        0x5584334d5098
        0x5584334d5098
        0x5584334d5098
        0x5584334d5098
        0x5584334d5098
        0x5584334d5098
        0x5584334d5098
        0x5584334d5098
        0x5584334d5098
        0x5584334d5098
        0x5584334d5098
        0x5584334d5098
        0x5584334d5098
        0x5584334d5098
        0x5584334d5098
        0x5584334d5098
        0x5584334d5098
        0x5584334d5098
        0x5584334d5098
        0x5584334d5098
        0x5584334d5098
        0x5584334d5098
        0x5584334d5098
        0x5584334d5098
        0x5584334d5098
        0x5584334d5098
        0x5584334d5098
        0x5584334d5098
        0x5584334d5098
        0x5584334d5098
        0x5584334d5098
        0x5584334d5098
        0x5584334d5098
        0x5584334d5098
        0x5584334d5098
]: 1
@preempt_stack[
        0x7f953dd4790e
]: 1
@preempt_stack[
        0x40202f35
        0x40a8a7df
        0x40407e56
        0x40403d24
        0x7f949c846428
        0x7f949c9e578f
        0x558431b82490
]: 1
@preempt_stack[
        0x7f949c9dda84
        0x558435bbc5f0
]: 1
@preempt_stack[
        0x7f949c9dcfa3
        0x120000
        0x558434a279b0
        0x558434a279b0
        0x558434a279b0
        0x558434a279b0
        0x558434a279b0
        0x558434a279b0
        0x558434a279b0
        0x558434a279b0
        0x558434a279b0
        0x558434a279b0
        0x558434a279b0
        0x558434a279b0
        0x558434a279b0
        0x558434a279b0
        0x558434a279b0
        0x558434a279b0
        0x558434a279b0
        0x558434a279b0
        0x558434a279b0
        0x558434a279b0
        0x558434a279b0
        0x558434a279b0
        0x558434a279b0
        0x558434a279b0
        0x558434a279b0
        0x558434a279b0
        0x558434a279b0
        0x558434a279b0
        0x558434a279b0
        0x558434a279b0
        0x558434a279b0
        0x558434a279b0
        0x558434a279b0
        0x558434a279b0
        0x558434a279b0
        0x558434a279b0
        0x558434a279b0
        0x558434a279b0
        0x558434a279b0
        0x558434a279b0
        0x558434a279b0
        0x558434a279b0
        0x558434a279b0
        0x558434a279b0
        0x558434a279b0
        0x558434a279b0
        0x558434a279b0
        0x558434a279b0
        0x558434a279b0
        0x558434a279b0
        0x558434a279b0
        0x558434a279b0
        0x558434a279b0
        0x558434a279b0
        0x558434a279b0
        0x558434a279b0
        0x558434a279b0
        0x558434a279b0
        0x558434a279b0
        0x558434a279b0
        0x558434a279b0
        0x558434a279b0
        0x558434a279b0
        0x558434a279b0
        0x558434a279b0
        0x558434a279b0
        0x558434a279b0
        0x558434a279b0
        0x558434a279b0
        0x558434a279b0
        0x558434a279b0
        0x558434a279b0
        0x558434a279b0
        0x558434a279b0
        0x558434a279b0
        0x558434a279b0
        0x558434a279b0
        0x558434a279b0
        0x558434a279b0
        0x558434a279b0
        0x558434a279b0
        0x558434a279b0
        0x558434a279b0
        0x558434a279b0
        0x558434a279b0
        0x558434a279b0
        0x558434a279b0
        0x558434a279b0
        0x558434a279b0
        0x558434a279b0
        0x558434a279b0
        0x558434a279b0
        0x558434a279b0
        0x558434a279b0
        0x558434a279b0
        0x558434a279b0
        0x558434a279b0
        0x558434a279b0
        0x558434a279b0
        0x558434a279b0
        0x558434a279b0
        0x558434a279b0
        0x558434a279b0
        0x558434a279b0
        0x558434a279b0
        0x558434a279b0
        0x558434a279b0
        0x558434a279b0
        0x558434a279b0
        0x558434a279b0
        0x558434a279b0
        0x558434a279b0
        0x558434a279b0
        0x558434a279b0
        0x558434a279b0
        0x558434a279b0
        0x558434a279b0
        0x558434a279b0
        0x558434a279b0
        0x558434a279b0
        0x558434a279b0
        0x558434a279b0
        0x558434a279b0
        0x558434a279b0
        0x558434a279b0
]: 1
@preempt_stack[
        0x7f953dcc5fc1
        0
]: 1
@preempt_stack[
        0x7f949c9e44f9
        0x120000
        0x558434787d70
        0x558434787d70
        0x558434787d70
        0x558434787d70
        0x558434787d70
        0x558434787d70
        0x558434787d70
        0x558434787d70
        0x558434787d70
        0x558434787d70
        0x558434787d70
        0x558434787d70
        0x558434787d70
        0x558434787d70
        0x558434787d70
        0x558434787d70
        0x558434787d70
        0x558434787d70
        0x558434787d70
        0x558434787d70
        0x558434787d70
        0x558434787d70
        0x558434787d70
        0x558434787d70
        0x558434787d70
        0x558434787d70
        0x558434787d70
        0x558434787d70
        0x558434787d70
        0x558434787d70
        0x558434787d70
        0x558434787d70
        0x558434787d70
        0x558434787d70
        0x558434787d70
        0x558434787d70
        0x558434787d70
        0x558434787d70
        0x558434787d70
        0x558434787d70
        0x558434787d70
        0x558434787d70
        0x558434787d70
        0x558434787d70
        0x558434787d70
        0x558434787d70
        0x558434787d70
        0x558434787d70
        0x558434787d70
        0x558434787d70
        0x558434787d70
        0x558434787d70
        0x558434787d70
        0x558434787d70
        0x558434787d70
        0x558434787d70
        0x558434787d70
        0x558434787d70
        0x558434787d70
        0x558434787d70
        0x558434787d70
        0x558434787d70
        0x558434787d70
        0x558434787d70
        0x558434787d70
        0x558434787d70
        0x558434787d70
        0x558434787d70
        0x558434787d70
        0x558434787d70
        0x558434787d70
        0x558434787d70
        0x558434787d70
        0x558434787d70
        0x558434787d70
        0x558434787d70
        0x558434787d70
        0x558434787d70
        0x558434787d70
        0x558434787d70
        0x558434787d70
        0x558434787d70
        0x558434787d70
        0x558434787d70
        0x558434787d70
        0x558434787d70
        0x558434787d70
        0x558434787d70
        0x558434787d70
        0x558434787d70
        0x558434787d70
        0x558434787d70
        0x558434787d70
        0x558434787d70
        0x558434787d70
        0x558434787d70
        0x558434787d70
        0x558434787d70
        0x558434787d70
        0x558434787d70
        0x558434787d70
        0x558434787d70
        0x558434787d70
        0x558434787d70
        0x558434787d70
        0x558434787d70
        0x558434787d70
        0x558434787d70
        0x558434787d70
        0x558434787d70
        0x558434787d70
        0x558434787d70
        0x558434787d70
        0x558434787d70
        0x558434787d70
        0x558434787d70
        0x558434787d70
        0x558434787d70
        0x558434787d70
        0x558434787d70
        0x558434787d70
        0x558434787d70
        0x558434787d70
        0x558434787d70
        0x558434787d70
]: 1
@preempt_stack[
        mono_metadata_type_hash+80
        0x110000
        0x558434838ca0
        0x558434838ca0
        0x558434838ca0
        0x558434838ca0
        0x558434838ca0
        0x558434838ca0
        0x558434838ca0
        0x558434838ca0
        0x558434838ca0
        0x558434838ca0
        0x558434838ca0
        0x558434838ca0
        0x558434838ca0
        0x558434838ca0
        0x558434838ca0
        0x558434838ca0
        0x558434838ca0
        0x558434838ca0
        0x558434838ca0
        0x558434838ca0
        0x558434838ca0
        0x558434838ca0
        0x558434838ca0
        0x558434838ca0
        0x558434838ca0
        0x558434838ca0
        0x558434838ca0
        0x558434838ca0
        0x558434838ca0
        0x558434838ca0
        0x558434838ca0
        0x558434838ca0
        0x558434838ca0
        0x558434838ca0
        0x558434838ca0
        0x558434838ca0
        0x558434838ca0
        0x558434838ca0
        0x558434838ca0
        0x558434838ca0
        0x558434838ca0
        0x558434838ca0
        0x558434838ca0
        0x558434838ca0
        0x558434838ca0
        0x558434838ca0
        0x558434838ca0
        0x558434838ca0
        0x558434838ca0
        0x558434838ca0
        0x558434838ca0
        0x558434838ca0
        0x558434838ca0
        0x558434838ca0
        0x558434838ca0
        0x558434838ca0
        0x558434838ca0
        0x558434838ca0
        0x558434838ca0
        0x558434838ca0
        0x558434838ca0
        0x558434838ca0
        0x558434838ca0
        0x558434838ca0
        0x558434838ca0
        0x558434838ca0
        0x558434838ca0
        0x558434838ca0
        0x558434838ca0
        0x558434838ca0
        0x558434838ca0
        0x558434838ca0
        0x558434838ca0
        0x558434838ca0
        0x558434838ca0
        0x558434838ca0
        0x558434838ca0
        0x558434838ca0
        0x558434838ca0
        0x558434838ca0
        0x558434838ca0
        0x558434838ca0
        0x558434838ca0
        0x558434838ca0
        0x558434838ca0
        0x558434838ca0
        0x558434838ca0
        0x558434838ca0
        0x558434838ca0
        0x558434838ca0
        0x558434838ca0
        0x558434838ca0
        0x558434838ca0
        0x558434838ca0
        0x558434838ca0
        0x558434838ca0
        0x558434838ca0
        0x558434838ca0
        0x558434838ca0
        0x558434838ca0
        0x558434838ca0
        0x558434838ca0
        0x558434838ca0
        0x558434838ca0
        0x558434838ca0
        0x558434838ca0
        0x558434838ca0
        0x558434838ca0
        0x558434838ca0
        0x558434838ca0
        0x558434838ca0
        0x558434838ca0
        0x558434838ca0
        0x558434838ca0
        0x558434838ca0
        0x558434838ca0
        0x558434838ca0
        0x558434838ca0
        0x558434838ca0
        0x558434838ca0
        0x558434838ca0
        0x558434838ca0
        0x558434838ca0
        0x558434838ca0
        0x558434838ca0
]: 1
@preempt_stack[
        mono_g_hash_table_lookup_extended+66
        0x120000
        0x558432703c60
        0x558432703c60
        0x558432703c60
        0x558432703c60
        0x558432703c60
        0x558432703c60
        0x558432703c60
        0x558432703c60
        0x558432703c60
        0x558432703c60
        0x558432703c60
        0x558432703c60
        0x558432703c60
        0x558432703c60
        0x558432703c60
        0x558432703c60
        0x558432703c60
        0x558432703c60
        0x558432703c60
        0x558432703c60
        0x558432703c60
        0x558432703c60
        0x558432703c60
        0x558432703c60
        0x558432703c60
        0x558432703c60
        0x558432703c60
        0x558432703c60
        0x558432703c60
        0x558432703c60
        0x558432703c60
        0x558432703c60
        0x558432703c60
        0x558432703c60
        0x558432703c60
        0x558432703c60
        0x558432703c60
        0x558432703c60
        0x558432703c60
        0x558432703c60
        0x558432703c60
        0x558432703c60
        0x558432703c60
        0x558432703c60
        0x558432703c60
        0x558432703c60
        0x558432703c60
        0x558432703c60
        0x558432703c60
        0x558432703c60
        0x558432703c60
        0x558432703c60
        0x558432703c60
        0x558432703c60
        0x558432703c60
        0x558432703c60
        0x558432703c60
        0x558432703c60
        0x558432703c60
        0x558432703c60
        0x558432703c60
        0x558432703c60
        0x558432703c60
        0x558432703c60
        0x558432703c60
        0x558432703c60
        0x558432703c60
        0x558432703c60
        0x558432703c60
        0x558432703c60
        0x558432703c60
        0x558432703c60
        0x558432703c60
        0x558432703c60
        0x558432703c60
        0x558432703c60
        0x558432703c60
        0x558432703c60
        0x558432703c60
        0x558432703c60
        0x558432703c60
        0x558432703c60
        0x558432703c60
        0x558432703c60
        0x558432703c60
        0x558432703c60
        0x558432703c60
        0x558432703c60
        0x558432703c60
        0x558432703c60
        0x558432703c60
        0x558432703c60
        0x558432703c60
        0x558432703c60
        0x558432703c60
        0x558432703c60
        0x558432703c60
        0x558432703c60
        0x558432703c60
        0x558432703c60
        0x558432703c60
        0x558432703c60
        0x558432703c60
        0x558432703c60
        0x558432703c60
        0x558432703c60
        0x558432703c60
        0x558432703c60
        0x558432703c60
        0x558432703c60
        0x558432703c60
        0x558432703c60
        0x558432703c60
        0x558432703c60
        0x558432703c60
        0x558432703c60
        0x558432703c60
        0x558432703c60
        0x558432703c60
        0x558432703c60
        0x558432703c60
        0x558432703c60
        0x558432703c60
        0x558432703c60
        0x558432703c60
]: 1
@preempt_stack[
        16de7f918fe9178dbdf7a33d5304af6b_avx2+569
        16de7f918fe9178dbdf7a33d5304af6b+10
        0x7f953d9093b9
        0
        0x7f948f9fb928
        0
        0
        0
        0
        0
        0
        0
        0
        0
        0
        0
        0
        0
        0
        0
        0
        0
        0
        0
        0
        0
        0
        0
        0
        0
        0
        0
        0
        0
        0
        0
        0
        0
        0
        0
        0
        0
        0
        0
        0
        0
        0
        0
        0x7f9476ebfcf0
        0x7ffcbefc4518
]: 1
@preempt_stack[
        0x7f953dd431cc
        0x10000
        0x7f9502b5b070
        0x58
        0x7f93e00000
]: 1
@preempt_stack[
        0x7f953da75620
        0x7f9440079e78
        0x7f9500c30768
        0x7f9502d65e98
        0x7f9502cea2e8
        0x7f9440079e78
        0x7f9500c30768
        0x7f9502d65e98
        0x7f9502cea2e8
        0x7f9440079e78
        0x7f9500c30768
        0x7f9502d65e98
        0x7f9502cea2e8
        0x7f9440079e78
        0x7f9500c30768
        0x7f9502d65e98
        0x7f9502cea2e8
        0x7f9440079e78
        0x7f9500c30768
        0x7f9502d65e98
        0x7f9502cea2e8
        0x7f9440079e78
        0x7f9500c30768
        0x7f9502d65e98
        0x7f9502cea2e8
        0x7f9440079e78
        0x7f9500c30768
        0x7f9502d65e98
        0x7f9502cea2e8
        0x7f9440079e78
        0x7f9500c30768
        0x7f9502d65e98
        0x7f9502cea2e8
        0x7f9440079e78
        0x7f9500c30768
        0x7f9502d65e98
        0x7f9502cea2e8
        0x7f9440079e78
        0x7f9500c30768
        0x7f9502d65e98
        0x7f9502cea2e8
        0x7f9440079e78
        0x7f9500c30768
        0x7f9502d65e98
        0x7f9502cea2e8
        0x7f9440079e78
        0x7f9500c30768
        0x7f9502d65e98
        0x7f9502cea2e8
        0x7f9440079e78
        0x7f9500c30768
        0x7f9502d65e98
        0x7f9502cea2e8
        0x7f9440079e78
        0x7f9500c30768
        0x7f9502d65e98
        0x7f9502cea2e8
        0x7f9440079e78
        0x7f9500c30768
        0x7f9502d65e98
        0x7f9502cea2e8
        0x7f9440079e78
        0x7f9500c30768
        0x7f9502d65e98
        0x7f9502cea2e8
        0x7f9440079e78
        0x7f9500c30768
        0x7f9502d65e98
        0x7f9502cea2e8
        0x7f9440079e78
        0x7f9500c30768
        0x7f9502d65e98
        0x7f9502cea2e8
        0x7f9440079e78
        0x7f9500c30768
        0x7f9502d65e98
        0x7f9502cea2e8
        0x7f9440079e78
        0x7f9500c30768
        0x7f9502d65e98
        0x7f9502cea2e8
        0x7f9440079e78
        0x7f9500c30768
        0x7f9502d65e98
        0x7f9502cea2e8
        0x7f9440079e78
        0x7f9500c30768
        0x7f9502d65e98
        0x7f9502cea2e8
        0x7f9440079e78
        0x7f9500c30768
        0x7f9502d65e98
        0x7f9502cea2e8
        0x7f9440079e78
        0x7f9500c30768
        0x7f9502d65e98
        0x7f9502cea2e8
        0x7f9440079e78
        0x7f9500c30768
        0x7f9502d65e98
        0x7f9502cea2e8
        0x7f9440079e78
        0x7f9500c30768
        0x7f9502d65e98
        0x7f9502cea2e8
        0x7f9440079e78
        0x7f9500c30768
        0x7f9502d65e98
        0x7f9502cea2e8
        0x7f9440079e78
        0x7f9500c30768
        0x7f9502d65e98
        0x7f9502cea2e8
        0x7f9440079e78
        0x7f9500c30768
        0x7f9502d65e98
        0x7f9502cea2e8
        0x7f9440079e78
        0x7f9500c30768
        0x7f9502d65e98
        0x7f9502cea2e8
        0x7f9440079e78
        0x7f9500c30768
        0x7f9502d65e98
        0x7f9502cea2e8
        0x7f9440079e78
        0x7f9500c30768
]: 1
@preempt_stack[
        0x40442a17
]: 1
@preempt_stack[
        mono_metadata_type_hash+64
        0x110000
        0x558431b42e78
        0x558431b42e78
        0x558431b42e78
        0x558431b42e78
        0x558431b42e78
        0x558431b42e78
        0x558431b42e78
        0x558431b42e78
        0x558431b42e78
        0x558431b42e78
        0x558431b42e78
        0x558431b42e78
        0x558431b42e78
        0x558431b42e78
        0x558431b42e78
        0x558431b42e78
        0x558431b42e78
        0x558431b42e78
        0x558431b42e78
        0x558431b42e78
        0x558431b42e78
        0x558431b42e78
        0x558431b42e78
        0x558431b42e78
        0x558431b42e78
        0x558431b42e78
        0x558431b42e78
        0x558431b42e78
        0x558431b42e78
        0x558431b42e78
        0x558431b42e78
        0x558431b42e78
        0x558431b42e78
        0x558431b42e78
        0x558431b42e78
        0x558431b42e78
        0x558431b42e78
        0x558431b42e78
        0x558431b42e78
        0x558431b42e78
        0x558431b42e78
        0x558431b42e78
        0x558431b42e78
        0x558431b42e78
        0x558431b42e78
        0x558431b42e78
        0x558431b42e78
        0x558431b42e78
        0x558431b42e78
        0x558431b42e78
        0x558431b42e78
        0x558431b42e78
        0x558431b42e78
        0x558431b42e78
        0x558431b42e78
        0x558431b42e78
        0x558431b42e78
        0x558431b42e78
        0x558431b42e78
        0x558431b42e78
        0x558431b42e78
        0x558431b42e78
        0x558431b42e78
        0x558431b42e78
        0x558431b42e78
        0x558431b42e78
        0x558431b42e78
        0x558431b42e78
        0x558431b42e78
        0x558431b42e78
        0x558431b42e78
        0x558431b42e78
        0x558431b42e78
        0x558431b42e78
        0x558431b42e78
        0x558431b42e78
        0x558431b42e78
        0x558431b42e78
        0x558431b42e78
        0x558431b42e78
        0x558431b42e78
        0x558431b42e78
        0x558431b42e78
        0x558431b42e78
        0x558431b42e78
        0x558431b42e78
        0x558431b42e78
        0x558431b42e78
        0x558431b42e78
        0x558431b42e78
        0x558431b42e78
        0x558431b42e78
        0x558431b42e78
        0x558431b42e78
        0x558431b42e78
        0x558431b42e78
        0x558431b42e78
        0x558431b42e78
        0x558431b42e78
        0x558431b42e78
        0x558431b42e78
        0x558431b42e78
        0x558431b42e78
        0x558431b42e78
        0x558431b42e78
        0x558431b42e78
        0x558431b42e78
        0x558431b42e78
        0x558431b42e78
        0x558431b42e78
        0x558431b42e78
        0x558431b42e78
        0x558431b42e78
        0x558431b42e78
        0x558431b42e78
        0x558431b42e78
        0x558431b42e78
        0x558431b42e78
        0x558431b42e78
        0x558431b42e78
        0x558431b42e78
        0x558431b42e78
        0x558431b42e78
        0x558431b42e78
        0x558431b42e78
]: 1
@preempt_stack[
        0x7f953dd42741
]: 1
@preempt_stack[
        0x7f949c9ce4d8
        0x5584346e07e8
        0x5584346e07e8
        0x5584346e07e8
        0x5584346e07e8
        0x5584346e07e8
        0x5584346e07e8
        0x5584346e07e8
        0x5584346e07e8
        0x5584346e07e8
        0x5584346e07e8
        0x5584346e07e8
        0x5584346e07e8
        0x5584346e07e8
        0x5584346e07e8
        0x5584346e07e8
        0x5584346e07e8
        0x5584346e07e8
        0x5584346e07e8
        0x5584346e07e8
        0x5584346e07e8
        0x5584346e07e8
        0x5584346e07e8
        0x5584346e07e8
        0x5584346e07e8
        0x5584346e07e8
        0x5584346e07e8
        0x5584346e07e8
        0x5584346e07e8
        0x5584346e07e8
        0x5584346e07e8
        0x5584346e07e8
        0x5584346e07e8
        0x5584346e07e8
        0x5584346e07e8
        0x5584346e07e8
        0x5584346e07e8
        0x5584346e07e8
        0x5584346e07e8
        0x5584346e07e8
        0x5584346e07e8
        0x5584346e07e8
        0x5584346e07e8
        0x5584346e07e8
        0x5584346e07e8
        0x5584346e07e8
        0x5584346e07e8
        0x5584346e07e8
        0x5584346e07e8
        0x5584346e07e8
        0x5584346e07e8
        0x5584346e07e8
        0x5584346e07e8
        0x5584346e07e8
        0x5584346e07e8
        0x5584346e07e8
        0x5584346e07e8
        0x5584346e07e8
        0x5584346e07e8
        0x5584346e07e8
        0x5584346e07e8
        0x5584346e07e8
        0x5584346e07e8
        0x5584346e07e8
        0x5584346e07e8
        0x5584346e07e8
        0x5584346e07e8
        0x5584346e07e8
        0x5584346e07e8
        0x5584346e07e8
        0x5584346e07e8
        0x5584346e07e8
        0x5584346e07e8
        0x5584346e07e8
        0x5584346e07e8
        0x5584346e07e8
        0x5584346e07e8
        0x5584346e07e8
        0x5584346e07e8
        0x5584346e07e8
        0x5584346e07e8
        0x5584346e07e8
        0x5584346e07e8
        0x5584346e07e8
        0x5584346e07e8
        0x5584346e07e8
        0x5584346e07e8
        0x5584346e07e8
        0x5584346e07e8
        0x5584346e07e8
        0x5584346e07e8
        0x5584346e07e8
        0x5584346e07e8
        0x5584346e07e8
        0x5584346e07e8
        0x5584346e07e8
        0x5584346e07e8
        0x5584346e07e8
        0x5584346e07e8
        0x5584346e07e8
        0x5584346e07e8
        0x5584346e07e8
        0x5584346e07e8
        0x5584346e07e8
        0x5584346e07e8
        0x5584346e07e8
        0x5584346e07e8
        0x5584346e07e8
        0x5584346e07e8
        0x5584346e07e8
        0x5584346e07e8
        0x5584346e07e8
        0x5584346e07e8
        0x5584346e07e8
        0x5584346e07e8
        0x5584346e07e8
        0x5584346e07e8
        0x5584346e07e8
        0x5584346e07e8
        0x5584346e07e8
        0x5584346e07e8
        0x5584346e07e8
        0x5584346e07e8
        0x5584346e07e8
        0x5584346e07e8
        0x5584346e07e8
        0x5584346e07e8
]: 1
@preempt_stack[
        0x7f953dcd7ad1
        0xa010a040a02
]: 1
@preempt_stack[
        0x4063fca1
        0x4046dfb8
        0x40785934
        0x401c67a6
        0x7f949c846428
        0x7f949c9e578f
        0x558431b82490
]: 1
@preempt_stack[
        0x7f949c9ce4d8
        0x558433e879b0
        0x558433e879b0
        0x558433e879b0
        0x558433e879b0
        0x558433e879b0
        0x558433e879b0
        0x558433e879b0
        0x558433e879b0
        0x558433e879b0
        0x558433e879b0
        0x558433e879b0
        0x558433e879b0
        0x558433e879b0
        0x558433e879b0
        0x558433e879b0
        0x558433e879b0
        0x558433e879b0
        0x558433e879b0
        0x558433e879b0
        0x558433e879b0
        0x558433e879b0
        0x558433e879b0
        0x558433e879b0
        0x558433e879b0
        0x558433e879b0
        0x558433e879b0
        0x558433e879b0
        0x558433e879b0
        0x558433e879b0
        0x558433e879b0
        0x558433e879b0
        0x558433e879b0
        0x558433e879b0
        0x558433e879b0
        0x558433e879b0
        0x558433e879b0
        0x558433e879b0
        0x558433e879b0
        0x558433e879b0
        0x558433e879b0
        0x558433e879b0
        0x558433e879b0
        0x558433e879b0
        0x558433e879b0
        0x558433e879b0
        0x558433e879b0
        0x558433e879b0
        0x558433e879b0
        0x558433e879b0
        0x558433e879b0
        0x558433e879b0
        0x558433e879b0
        0x558433e879b0
        0x558433e879b0
        0x558433e879b0
        0x558433e879b0
        0x558433e879b0
        0x558433e879b0
        0x558433e879b0
        0x558433e879b0
        0x558433e879b0
        0x558433e879b0
        0x558433e879b0
        0x558433e879b0
        0x558433e879b0
        0x558433e879b0
        0x558433e879b0
        0x558433e879b0
        0x558433e879b0
        0x558433e879b0
        0x558433e879b0
        0x558433e879b0
        0x558433e879b0
        0x558433e879b0
        0x558433e879b0
        0x558433e879b0
        0x558433e879b0
        0x558433e879b0
        0x558433e879b0
        0x558433e879b0
        0x558433e879b0
        0x558433e879b0
        0x558433e879b0
        0x558433e879b0
        0x558433e879b0
        0x558433e879b0
        0x558433e879b0
        0x558433e879b0
        0x558433e879b0
        0x558433e879b0
        0x558433e879b0
        0x558433e879b0
        0x558433e879b0
        0x558433e879b0
        0x558433e879b0
        0x558433e879b0
        0x558433e879b0
        0x558433e879b0
        0x558433e879b0
        0x558433e879b0
        0x558433e879b0
        0x558433e879b0
        0x558433e879b0
        0x558433e879b0
        0x558433e879b0
        0x558433e879b0
        0x558433e879b0
        0x558433e879b0
        0x558433e879b0
        0x558433e879b0
        0x558433e879b0
        0x558433e879b0
        0x558433e879b0
        0x558433e879b0
        0x558433e879b0
        0x558433e879b0
        0x558433e879b0
        0x558433e879b0
        0x558433e879b0
        0x558433e879b0
        0x558433e879b0
        0x558433e879b0
        0x558433e879b0
        0x558433e879b0
        0x558433e879b0
        0x558433e879b0
]: 1
@preempt_stack[
        0x7f953e8b2a91
        0x4cb04c804c304c1
]: 1
@preempt_stack[
        mono_metadata_type_hash+80
        0x120000
        0x5584334d8208
        0x5584334d8208
        0x5584334d8208
        0x5584334d8208
        0x5584334d8208
        0x5584334d8208
        0x5584334d8208
        0x5584334d8208
        0x5584334d8208
        0x5584334d8208
        0x5584334d8208
        0x5584334d8208
        0x5584334d8208
        0x5584334d8208
        0x5584334d8208
        0x5584334d8208
        0x5584334d8208
        0x5584334d8208
        0x5584334d8208
        0x5584334d8208
        0x5584334d8208
        0x5584334d8208
        0x5584334d8208
        0x5584334d8208
        0x5584334d8208
        0x5584334d8208
        0x5584334d8208
        0x5584334d8208
        0x5584334d8208
        0x5584334d8208
        0x5584334d8208
        0x5584334d8208
        0x5584334d8208
        0x5584334d8208
        0x5584334d8208
        0x5584334d8208
        0x5584334d8208
        0x5584334d8208
        0x5584334d8208
        0x5584334d8208
        0x5584334d8208
        0x5584334d8208
        0x5584334d8208
        0x5584334d8208
        0x5584334d8208
        0x5584334d8208
        0x5584334d8208
        0x5584334d8208
        0x5584334d8208
        0x5584334d8208
        0x5584334d8208
        0x5584334d8208
        0x5584334d8208
        0x5584334d8208
        0x5584334d8208
        0x5584334d8208
        0x5584334d8208
        0x5584334d8208
        0x5584334d8208
        0x5584334d8208
        0x5584334d8208
        0x5584334d8208
        0x5584334d8208
        0x5584334d8208
        0x5584334d8208
        0x5584334d8208
        0x5584334d8208
        0x5584334d8208
        0x5584334d8208
        0x5584334d8208
        0x5584334d8208
        0x5584334d8208
        0x5584334d8208
        0x5584334d8208
        0x5584334d8208
        0x5584334d8208
        0x5584334d8208
        0x5584334d8208
        0x5584334d8208
        0x5584334d8208
        0x5584334d8208
        0x5584334d8208
        0x5584334d8208
        0x5584334d8208
        0x5584334d8208
        0x5584334d8208
        0x5584334d8208
        0x5584334d8208
        0x5584334d8208
        0x5584334d8208
        0x5584334d8208
        0x5584334d8208
        0x5584334d8208
        0x5584334d8208
        0x5584334d8208
        0x5584334d8208
        0x5584334d8208
        0x5584334d8208
        0x5584334d8208
        0x5584334d8208
        0x5584334d8208
        0x5584334d8208
        0x5584334d8208
        0x5584334d8208
        0x5584334d8208
        0x5584334d8208
        0x5584334d8208
        0x5584334d8208
        0x5584334d8208
        0x5584334d8208
        0x5584334d8208
        0x5584334d8208
        0x5584334d8208
        0x5584334d8208
        0x5584334d8208
        0x5584334d8208
        0x5584334d8208
        0x5584334d8208
        0x5584334d8208
        0x5584334d8208
        0x5584334d8208
        0x5584334d8208
        0x5584334d8208
        0x5584334d8208
        0x5584334d8208
]: 1
@preempt_stack[
        0x406b0446
]: 1
@preempt_stack[
        0x7f953caa97c3
]: 1
@preempt_stack[
        0x7f949c9acc15
        0
]: 1
@preempt_stack[
        0x7f953dd4f9f2
]: 1
@preempt_stack[
        0x7f949c9cb78e
        0x130000
        0
        0
        0x558434c6afd0
]: 1
@preempt_stack[
        mono_g_hash_table_lookup+0
        0x120000
        0x55843538d648
        0x55843538d648
        0x55843538d648
        0x55843538d648
        0x55843538d648
        0x55843538d648
        0x55843538d648
        0x55843538d648
        0x55843538d648
        0x55843538d648
        0x55843538d648
        0x55843538d648
        0x55843538d648
        0x55843538d648
        0x55843538d648
        0x55843538d648
        0x55843538d648
        0x55843538d648
        0x55843538d648
        0x55843538d648
        0x55843538d648
        0x55843538d648
        0x55843538d648
        0x55843538d648
        0x55843538d648
        0x55843538d648
        0x55843538d648
        0x55843538d648
        0x55843538d648
        0x55843538d648
        0x55843538d648
        0x55843538d648
        0x55843538d648
        0x55843538d648
        0x55843538d648
        0x55843538d648
        0x55843538d648
        0x55843538d648
        0x55843538d648
        0x55843538d648
        0x55843538d648
        0x55843538d648
        0x55843538d648
        0x55843538d648
        0x55843538d648
        0x55843538d648
        0x55843538d648
        0x55843538d648
        0x55843538d648
        0x55843538d648
        0x55843538d648
        0x55843538d648
        0x55843538d648
        0x55843538d648
        0x55843538d648
        0x55843538d648
        0x55843538d648
        0x55843538d648
        0x55843538d648
        0x55843538d648
        0x55843538d648
        0x55843538d648
        0x55843538d648
        0x55843538d648
        0x55843538d648
        0x55843538d648
        0x55843538d648
        0x55843538d648
        0x55843538d648
        0x55843538d648
        0x55843538d648
        0x55843538d648
        0x55843538d648
        0x55843538d648
        0x55843538d648
        0x55843538d648
        0x55843538d648
        0x55843538d648
        0x55843538d648
        0x55843538d648
        0x55843538d648
        0x55843538d648
        0x55843538d648
        0x55843538d648
        0x55843538d648
        0x55843538d648
        0x55843538d648
        0x55843538d648
        0x55843538d648
        0x55843538d648
        0x55843538d648
        0x55843538d648
        0x55843538d648
        0x55843538d648
        0x55843538d648
        0x55843538d648
        0x55843538d648
        0x55843538d648
        0x55843538d648
        0x55843538d648
        0x55843538d648
        0x55843538d648
        0x55843538d648
        0x55843538d648
        0x55843538d648
        0x55843538d648
        0x55843538d648
        0x55843538d648
        0x55843538d648
        0x55843538d648
        0x55843538d648
        0x55843538d648
        0x55843538d648
        0x55843538d648
        0x55843538d648
        0x55843538d648
        0x55843538d648
        0x55843538d648
        0x55843538d648
        0x55843538d648
        0x55843538d648
        0x55843538d648
        0x55843538d648
        0x55843538d648
        0x55843538d648
]: 1
@preempt_stack[
        0x7f953d901590
        0x506054105240517
]: 1
@preempt_stack[
        0x4044324c
]: 1
@preempt_stack[
        0x7f949c9cb5a9
        0x130000
        0
        0
        0x558435201c80
]: 1
@preempt_stack[
        0x7f953d9076a5
        0x7f950073ac40
        0xc810c840c81
]: 1
@preempt_stack[
        0x7f953dd5176e
]: 1
@preempt_stack[
        0x7f949c9e44f1
        0x120000
        0x558433211278
        0x558433211278
        0x558433211278
        0x558433211278
        0x558433211278
        0x558433211278
        0x558433211278
        0x558433211278
        0x558433211278
        0x558433211278
        0x558433211278
        0x558433211278
        0x558433211278
        0x558433211278
        0x558433211278
        0x558433211278
        0x558433211278
        0x558433211278
        0x558433211278
        0x558433211278
        0x558433211278
        0x558433211278
        0x558433211278
        0x558433211278
        0x558433211278
        0x558433211278
        0x558433211278
        0x558433211278
        0x558433211278
        0x558433211278
        0x558433211278
        0x558433211278
        0x558433211278
        0x558433211278
        0x558433211278
        0x558433211278
        0x558433211278
        0x558433211278
        0x558433211278
        0x558433211278
        0x558433211278
        0x558433211278
        0x558433211278
        0x558433211278
        0x558433211278
        0x558433211278
        0x558433211278
        0x558433211278
        0x558433211278
        0x558433211278
        0x558433211278
        0x558433211278
        0x558433211278
        0x558433211278
        0x558433211278
        0x558433211278
        0x558433211278
        0x558433211278
        0x558433211278
        0x558433211278
        0x558433211278
        0x558433211278
        0x558433211278
        0x558433211278
        0x558433211278
        0x558433211278
        0x558433211278
        0x558433211278
        0x558433211278
        0x558433211278
        0x558433211278
        0x558433211278
        0x558433211278
        0x558433211278
        0x558433211278
        0x558433211278
        0x558433211278
        0x558433211278
        0x558433211278
        0x558433211278
        0x558433211278
        0x558433211278
        0x558433211278
        0x558433211278
        0x558433211278
        0x558433211278
        0x558433211278
        0x558433211278
        0x558433211278
        0x558433211278
        0x558433211278
        0x558433211278
        0x558433211278
        0x558433211278
        0x558433211278
        0x558433211278
        0x558433211278
        0x558433211278
        0x558433211278
        0x558433211278
        0x558433211278
        0x558433211278
        0x558433211278
        0x558433211278
        0x558433211278
        0x558433211278
        0x558433211278
        0x558433211278
        0x558433211278
        0x558433211278
        0x558433211278
        0x558433211278
        0x558433211278
        0x558433211278
        0x558433211278
        0x558433211278
        0x558433211278
        0x558433211278
        0x558433211278
        0x558433211278
        0x558433211278
        0x558433211278
        0x558433211278
        0x558433211278
        0x558433211278
]: 1
@preempt_stack[
        0x7f953d90594c
        0
]: 1
@preempt_stack[
        0x40441d0d
]: 1
@preempt_stack[
        0x7f949c9cb79d
        0x130000
        0x4
        0
        0x5584334758c0
]: 1
@preempt_stack[
        0x401b23aa
        0x4046dfb8
        0x40785934
        0x401c67a6
        0x7f949c846428
        0x7f949c9e578f
        0x558431b82490
]: 1
@preempt_stack[
        0x7f953e5a5343
]: 1
@preempt_stack[
        0x7f949ca3fa6d
]: 1
@preempt_stack[
        0x7f949c9ce4d8
        0x558431fef618
        0x558431fef618
        0x558431fef618
        0x558431fef618
        0x558431fef618
        0x558431fef618
        0x558431fef618
        0x558431fef618
        0x558431fef618
        0x558431fef618
        0x558431fef618
        0x558431fef618
        0x558431fef618
        0x558431fef618
        0x558431fef618
        0x558431fef618
        0x558431fef618
        0x558431fef618
        0x558431fef618
        0x558431fef618
        0x558431fef618
        0x558431fef618
        0x558431fef618
        0x558431fef618
        0x558431fef618
        0x558431fef618
        0x558431fef618
        0x558431fef618
        0x558431fef618
        0x558431fef618
        0x558431fef618
        0x558431fef618
        0x558431fef618
        0x558431fef618
        0x558431fef618
        0x558431fef618
        0x558431fef618
        0x558431fef618
        0x558431fef618
        0x558431fef618
        0x558431fef618
        0x558431fef618
        0x558431fef618
        0x558431fef618
        0x558431fef618
        0x558431fef618
        0x558431fef618
        0x558431fef618
        0x558431fef618
        0x558431fef618
        0x558431fef618
        0x558431fef618
        0x558431fef618
        0x558431fef618
        0x558431fef618
        0x558431fef618
        0x558431fef618
        0x558431fef618
        0x558431fef618
        0x558431fef618
        0x558431fef618
        0x558431fef618
        0x558431fef618
        0x558431fef618
        0x558431fef618
        0x558431fef618
        0x558431fef618
        0x558431fef618
        0x558431fef618
        0x558431fef618
        0x558431fef618
        0x558431fef618
        0x558431fef618
        0x558431fef618
        0x558431fef618
        0x558431fef618
        0x558431fef618
        0x558431fef618
        0x558431fef618
        0x558431fef618
        0x558431fef618
        0x558431fef618
        0x558431fef618
        0x558431fef618
        0x558431fef618
        0x558431fef618
        0x558431fef618
        0x558431fef618
        0x558431fef618
        0x558431fef618
        0x558431fef618
        0x558431fef618
        0x558431fef618
        0x558431fef618
        0x558431fef618
        0x558431fef618
        0x558431fef618
        0x558431fef618
        0x558431fef618
        0x558431fef618
        0x558431fef618
        0x558431fef618
        0x558431fef618
        0x558431fef618
        0x558431fef618
        0x558431fef618
        0x558431fef618
        0x558431fef618
        0x558431fef618
        0x558431fef618
        0x558431fef618
        0x558431fef618
        0x558431fef618
        0x558431fef618
        0x558431fef618
        0x558431fef618
        0x558431fef618
        0x558431fef618
        0x558431fef618
        0x558431fef618
        0x558431fef618
        0x558431fef618
        0x558431fef618
        0x558431fef618
        0x558431fef618
        0x558431fef618
]: 1
@preempt_stack[
        pthread_mutex_trylock+909
        0x110000
        0x55843228cde8
        0x55843228cde8
        0x55843228cde8
        0x55843228cde8
        0x55843228cde8
        0x55843228cde8
        0x55843228cde8
        0x55843228cde8
        0x55843228cde8
        0x55843228cde8
        0x55843228cde8
        0x55843228cde8
        0x55843228cde8
        0x55843228cde8
        0x55843228cde8
        0x55843228cde8
        0x55843228cde8
        0x55843228cde8
        0x55843228cde8
        0x55843228cde8
        0x55843228cde8
        0x55843228cde8
        0x55843228cde8
        0x55843228cde8
        0x55843228cde8
        0x55843228cde8
        0x55843228cde8
        0x55843228cde8
        0x55843228cde8
        0x55843228cde8
        0x55843228cde8
        0x55843228cde8
        0x55843228cde8
        0x55843228cde8
        0x55843228cde8
        0x55843228cde8
        0x55843228cde8
        0x55843228cde8
        0x55843228cde8
        0x55843228cde8
        0x55843228cde8
        0x55843228cde8
        0x55843228cde8
        0x55843228cde8
        0x55843228cde8
        0x55843228cde8
        0x55843228cde8
        0x55843228cde8
        0x55843228cde8
        0x55843228cde8
        0x55843228cde8
        0x55843228cde8
        0x55843228cde8
        0x55843228cde8
        0x55843228cde8
        0x55843228cde8
        0x55843228cde8
        0x55843228cde8
        0x55843228cde8
        0x55843228cde8
        0x55843228cde8
        0x55843228cde8
        0x55843228cde8
        0x55843228cde8
        0x55843228cde8
        0x55843228cde8
        0x55843228cde8
        0x55843228cde8
        0x55843228cde8
        0x55843228cde8
        0x55843228cde8
        0x55843228cde8
        0x55843228cde8
        0x55843228cde8
        0x55843228cde8
        0x55843228cde8
        0x55843228cde8
        0x55843228cde8
        0x55843228cde8
        0x55843228cde8
        0x55843228cde8
        0x55843228cde8
        0x55843228cde8
        0x55843228cde8
        0x55843228cde8
        0x55843228cde8
        0x55843228cde8
        0x55843228cde8
        0x55843228cde8
        0x55843228cde8
        0x55843228cde8
        0x55843228cde8
        0x55843228cde8
        0x55843228cde8
        0x55843228cde8
        0x55843228cde8
        0x55843228cde8
        0x55843228cde8
        0x55843228cde8
        0x55843228cde8
        0x55843228cde8
        0x55843228cde8
        0x55843228cde8
        0x55843228cde8
        0x55843228cde8
        0x55843228cde8
        0x55843228cde8
        0x55843228cde8
        0x55843228cde8
        0x55843228cde8
        0x55843228cde8
        0x55843228cde8
        0x55843228cde8
        0x55843228cde8
        0x55843228cde8
        0x55843228cde8
        0x55843228cde8
        0x55843228cde8
        0x55843228cde8
        0x55843228cde8
        0x55843228cde8
        0x55843228cde8
        0x55843228cde8
        0x55843228cde8
        0x55843228cde8
]: 1
@preempt_stack[
        0x7f949c99452f
        0
        0
        0x7f93000690c0
]: 1
@preempt_stack[
        0x7f949c9cb66b
        0x130000
        0
        0
        0x558432f8ab90
]: 1
@preempt_stack[
        0x40af081c
        0x40af0680
        0x40407e56
        0x40403d24
        0x7f949c846428
        0x7f949c9e578f
        0x558431b82490
]: 1
@preempt_stack[
        0x7f953d9076a5
        0x7f95007124c0
        0x883
]: 1
@preempt_stack[
        0x7f949c9cb5b1
        0x130000
        0x4
        0
        0x5584334758c0
]: 1
@preempt_stack[
        0x7f949c997fae
]: 1
@preempt_stack[
        GC_mark_from+403
]: 1
@preempt_stack[
        0x40c0cfda
        0x40c0d864
        0x4077cadf
        0x7f949c846428
        0x7f949c9e578f
        0x558431b82490
]: 1
@preempt_stack[
        __clock_gettime+18
]: 1
@preempt_stack[
        0x7f953cab61f2
        0x4a5
]: 1
@preempt_stack[
        0x7f949c9cb778
        0x130000
        0
        0
        0x558434bf17d0
]: 1
@preempt_stack[
        0x7f949c984e4f
]: 1
@preempt_stack[
        0x7f953d9058ae
        0xc410c440c41
]: 1
@preempt_stack[
        0x7f953dd5139b
]: 1
@preempt_stack[
        0x7f953dd20283
        0x10000
        0x7f9501caceb0
        0x58
]: 1
@preempt_stack[
        0x7f949c8c3e49
        0x7f93c8245610
        0xffffffff0000034f
]: 1
@preempt_stack[
        16de7f918fe9178dbdf7a33d5304af6b_avx2+0
        0x7f953d9093b9
        0
        0x7f948f1fa928
        0x7f948e9f9928
        0x7f948e1f8928
        0
        0
        0
        0
        0
        0
        0
        0x7f948a1f0928
        0
        0
        0
        0
        0x7f94879eb928
        0
        0
        0x7f94861e8928
        0
        0
        0
        0
        0
        0
        0
        0
        0
        0
        0
        0
        0
        0
        0
        0
        0
        0
        0
        0
        0
        0
        0
        0
        0x7f9476ebfcf0
        0x7ffcbefc4518
]: 1
@preempt_stack[
        0x7f953da51a54
]: 1
@preempt_stack[
        0x7f953dcd3703
        0xc410c440c41
]: 1
@preempt_stack[
        0x40c0cf1c
        0x40c0d864
        0x4077cadf
        0x7f949c846428
        0x7f949c9e578f
        0x558431b82490
]: 1
@preempt_stack[
        0x7f953dd1fe6b
        0x7f9500010000
        0x7f9501c5ff30
        0x58
]: 1
@preempt_stack[
        0x7f949c9ce4d8
        0x558434b8e7e0
        0x558434b8e7e0
        0x558434b8e7e0
        0x558434b8e7e0
        0x558434b8e7e0
        0x558434b8e7e0
        0x558434b8e7e0
        0x558434b8e7e0
        0x558434b8e7e0
        0x558434b8e7e0
        0x558434b8e7e0
        0x558434b8e7e0
        0x558434b8e7e0
        0x558434b8e7e0
        0x558434b8e7e0
        0x558434b8e7e0
        0x558434b8e7e0
        0x558434b8e7e0
        0x558434b8e7e0
        0x558434b8e7e0
        0x558434b8e7e0
        0x558434b8e7e0
        0x558434b8e7e0
        0x558434b8e7e0
        0x558434b8e7e0
        0x558434b8e7e0
        0x558434b8e7e0
        0x558434b8e7e0
        0x558434b8e7e0
        0x558434b8e7e0
        0x558434b8e7e0
        0x558434b8e7e0
        0x558434b8e7e0
        0x558434b8e7e0
        0x558434b8e7e0
        0x558434b8e7e0
        0x558434b8e7e0
        0x558434b8e7e0
        0x558434b8e7e0
        0x558434b8e7e0
        0x558434b8e7e0
        0x558434b8e7e0
        0x558434b8e7e0
        0x558434b8e7e0
        0x558434b8e7e0
        0x558434b8e7e0
        0x558434b8e7e0
        0x558434b8e7e0
        0x558434b8e7e0
        0x558434b8e7e0
        0x558434b8e7e0
        0x558434b8e7e0
        0x558434b8e7e0
        0x558434b8e7e0
        0x558434b8e7e0
        0x558434b8e7e0
        0x558434b8e7e0
        0x558434b8e7e0
        0x558434b8e7e0
        0x558434b8e7e0
        0x558434b8e7e0
        0x558434b8e7e0
        0x558434b8e7e0
        0x558434b8e7e0
        0x558434b8e7e0
        0x558434b8e7e0
        0x558434b8e7e0
        0x558434b8e7e0
        0x558434b8e7e0
        0x558434b8e7e0
        0x558434b8e7e0
        0x558434b8e7e0
        0x558434b8e7e0
        0x558434b8e7e0
        0x558434b8e7e0
        0x558434b8e7e0
        0x558434b8e7e0
        0x558434b8e7e0
        0x558434b8e7e0
        0x558434b8e7e0
        0x558434b8e7e0
        0x558434b8e7e0
        0x558434b8e7e0
        0x558434b8e7e0
        0x558434b8e7e0
        0x558434b8e7e0
        0x558434b8e7e0
        0x558434b8e7e0
        0x558434b8e7e0
        0x558434b8e7e0
        0x558434b8e7e0
        0x558434b8e7e0
        0x558434b8e7e0
        0x558434b8e7e0
        0x558434b8e7e0
        0x558434b8e7e0
        0x558434b8e7e0
        0x558434b8e7e0
        0x558434b8e7e0
        0x558434b8e7e0
        0x558434b8e7e0
        0x558434b8e7e0
        0x558434b8e7e0
        0x558434b8e7e0
        0x558434b8e7e0
        0x558434b8e7e0
        0x558434b8e7e0
        0x558434b8e7e0
        0x558434b8e7e0
        0x558434b8e7e0
        0x558434b8e7e0
        0x558434b8e7e0
        0x558434b8e7e0
        0x558434b8e7e0
        0x558434b8e7e0
        0x558434b8e7e0
        0x558434b8e7e0
        0x558434b8e7e0
        0x558434b8e7e0
        0x558434b8e7e0
        0x558434b8e7e0
        0x558434b8e7e0
        0x558434b8e7e0
        0x558434b8e7e0
        0x558434b8e7e0
        0x558434b8e7e0
]: 1
@preempt_stack[
        0x7f953dd46c91
        0x3f0000003f000000
]: 1
@preempt_stack[
        0x7f953dd4faeb
        0x20
]: 1
@preempt_stack[
        0x7f93fc092b1f
        0x7f94788cb95b
        0x7f93fc07fabb
        0x401c67a6
        0x7f949c846428
        0x7f949c9e578f
        0x558431b82490
]: 1
@preempt_stack[
        0x7f953cbb8896
        0x10000
        0x7f950278ebc0
        0x58
        0x7f93e00000
]: 1
@preempt_stack[
        0x7f93fc07fe81
        0x7f949c846428
        0x7f949c9e578f
        0x558431b82490
]: 1
@preempt_stack[
        0x7f949c9dcfa3
        0x120000
        0x558435216ed0
        0x558435216ed0
        0x558435216ed0
        0x558435216ed0
        0x558435216ed0
        0x558435216ed0
        0x558435216ed0
        0x558435216ed0
        0x558435216ed0
        0x558435216ed0
        0x558435216ed0
        0x558435216ed0
        0x558435216ed0
        0x558435216ed0
        0x558435216ed0
        0x558435216ed0
        0x558435216ed0
        0x558435216ed0
        0x558435216ed0
        0x558435216ed0
        0x558435216ed0
        0x558435216ed0
        0x558435216ed0
        0x558435216ed0
        0x558435216ed0
        0x558435216ed0
        0x558435216ed0
        0x558435216ed0
        0x558435216ed0
        0x558435216ed0
        0x558435216ed0
        0x558435216ed0
        0x558435216ed0
        0x558435216ed0
        0x558435216ed0
        0x558435216ed0
        0x558435216ed0
        0x558435216ed0
        0x558435216ed0
        0x558435216ed0
        0x558435216ed0
        0x558435216ed0
        0x558435216ed0
        0x558435216ed0
        0x558435216ed0
        0x558435216ed0
        0x558435216ed0
        0x558435216ed0
        0x558435216ed0
        0x558435216ed0
        0x558435216ed0
        0x558435216ed0
        0x558435216ed0
        0x558435216ed0
        0x558435216ed0
        0x558435216ed0
        0x558435216ed0
        0x558435216ed0
        0x558435216ed0
        0x558435216ed0
        0x558435216ed0
        0x558435216ed0
        0x558435216ed0
        0x558435216ed0
        0x558435216ed0
        0x558435216ed0
        0x558435216ed0
        0x558435216ed0
        0x558435216ed0
        0x558435216ed0
        0x558435216ed0
        0x558435216ed0
        0x558435216ed0
        0x558435216ed0
        0x558435216ed0
        0x558435216ed0
        0x558435216ed0
        0x558435216ed0
        0x558435216ed0
        0x558435216ed0
        0x558435216ed0
        0x558435216ed0
        0x558435216ed0
        0x558435216ed0
        0x558435216ed0
        0x558435216ed0
        0x558435216ed0
        0x558435216ed0
        0x558435216ed0
        0x558435216ed0
        0x558435216ed0
        0x558435216ed0
        0x558435216ed0
        0x558435216ed0
        0x558435216ed0
        0x558435216ed0
        0x558435216ed0
        0x558435216ed0
        0x558435216ed0
        0x558435216ed0
        0x558435216ed0
        0x558435216ed0
        0x558435216ed0
        0x558435216ed0
        0x558435216ed0
        0x558435216ed0
        0x558435216ed0
        0x558435216ed0
        0x558435216ed0
        0x558435216ed0
        0x558435216ed0
        0x558435216ed0
        0x558435216ed0
        0x558435216ed0
        0x558435216ed0
        0x558435216ed0
        0x558435216ed0
        0x558435216ed0
        0x558435216ed0
        0x558435216ed0
        0x558435216ed0
        0x558435216ed0
        0x558435216ed0
        0x558435216ed0
        0x558435216ed0
]: 1
@preempt_stack[
        0x405cb2f2
        0x405cb0e8
        0x407b122c
        0x401c67a6
        0x7f949c846428
        0x7f949c9e578f
        0x558431b82490
]: 1
@preempt_stack[
        mono_g_hash_table_lookup_extended+66
        0x120000
        0x5584328f8380
        0x5584328f8380
        0x5584328f8380
        0x5584328f8380
        0x5584328f8380
        0x5584328f8380
        0x5584328f8380
        0x5584328f8380
        0x5584328f8380
        0x5584328f8380
        0x5584328f8380
        0x5584328f8380
        0x5584328f8380
        0x5584328f8380
        0x5584328f8380
        0x5584328f8380
        0x5584328f8380
        0x5584328f8380
        0x5584328f8380
        0x5584328f8380
        0x5584328f8380
        0x5584328f8380
        0x5584328f8380
        0x5584328f8380
        0x5584328f8380
        0x5584328f8380
        0x5584328f8380
        0x5584328f8380
        0x5584328f8380
        0x5584328f8380
        0x5584328f8380
        0x5584328f8380
        0x5584328f8380
        0x5584328f8380
        0x5584328f8380
        0x5584328f8380
        0x5584328f8380
        0x5584328f8380
        0x5584328f8380
        0x5584328f8380
        0x5584328f8380
        0x5584328f8380
        0x5584328f8380
        0x5584328f8380
        0x5584328f8380
        0x5584328f8380
        0x5584328f8380
        0x5584328f8380
        0x5584328f8380
        0x5584328f8380
        0x5584328f8380
        0x5584328f8380
        0x5584328f8380
        0x5584328f8380
        0x5584328f8380
        0x5584328f8380
        0x5584328f8380
        0x5584328f8380
        0x5584328f8380
        0x5584328f8380
        0x5584328f8380
        0x5584328f8380
        0x5584328f8380
        0x5584328f8380
        0x5584328f8380
        0x5584328f8380
        0x5584328f8380
        0x5584328f8380
        0x5584328f8380
        0x5584328f8380
        0x5584328f8380
        0x5584328f8380
        0x5584328f8380
        0x5584328f8380
        0x5584328f8380
        0x5584328f8380
        0x5584328f8380
        0x5584328f8380
        0x5584328f8380
        0x5584328f8380
        0x5584328f8380
        0x5584328f8380
        0x5584328f8380
        0x5584328f8380
        0x5584328f8380
        0x5584328f8380
        0x5584328f8380
        0x5584328f8380
        0x5584328f8380
        0x5584328f8380
        0x5584328f8380
        0x5584328f8380
        0x5584328f8380
        0x5584328f8380
        0x5584328f8380
        0x5584328f8380
        0x5584328f8380
        0x5584328f8380
        0x5584328f8380
        0x5584328f8380
        0x5584328f8380
        0x5584328f8380
        0x5584328f8380
        0x5584328f8380
        0x5584328f8380
        0x5584328f8380
        0x5584328f8380
        0x5584328f8380
        0x5584328f8380
        0x5584328f8380
        0x5584328f8380
        0x5584328f8380
        0x5584328f8380
        0x5584328f8380
        0x5584328f8380
        0x5584328f8380
        0x5584328f8380
        0x5584328f8380
        0x5584328f8380
        0x5584328f8380
        0x5584328f8380
        0x5584328f8380
        0x5584328f8380
        0x5584328f8380
        0x5584328f8380
]: 1
@preempt_stack[
        0x7f949ca0f68f
        0x130000
        0
        0
]: 1
@preempt_stack[
        __pthread_getspecific+29
]: 1
@preempt_stack[
        0x40bb246a
        0x40ddfd44
        0x40de40f0
        0x40b4cd24
        0x40b4c87c
        0x40b4c753
        0x7f93fc093a6b
        0x7f94788cb95b
        0x7f93fc07fabb
        0x401c67a6
        0x7f949c846428
        0x7f949c9e578f
        0x558431b82490
]: 1
@preempt_stack[
        0x7f953dd55207
]: 1
@preempt_stack[
        0x7f94788cefbe
        0x7f94788cda23
        0
        0
        0x5584327f28d0
        0x5584327f28d0
        0x5584327f28d0
        0x5584327f28d0
        0x5584327f28d0
        0x5584327f28d0
        0x5584327f28d0
        0x5584327f28d0
        0x5584327f28d0
        0x5584327f28d0
        0x5584327f28d0
        0x5584327f28d0
        0x5584327f28d0
        0x5584327f28d0
        0x5584327f28d0
        0x5584327f28d0
        0x5584327f28d0
        0x5584327f28d0
        0x5584327f28d0
        0x5584327f28d0
        0x5584327f28d0
        0x5584327f28d0
        0x5584327f28d0
        0x5584327f28d0
        0x5584327f28d0
        0x5584327f28d0
        0x5584327f28d0
        0x5584327f28d0
        0x5584327f28d0
        0x5584327f28d0
        0x5584327f28d0
        0x5584327f28d0
        0x5584327f28d0
        0x5584327f28d0
        0x5584327f28d0
        0x5584327f28d0
        0x5584327f28d0
        0x5584327f28d0
        0x5584327f28d0
        0x5584327f28d0
        0x5584327f28d0
        0x5584327f28d0
        0x5584327f28d0
        0x5584327f28d0
        0x5584327f28d0
        0x5584327f28d0
        0x5584327f28d0
        0x5584327f28d0
        0x5584327f28d0
        0x5584327f28d0
        0x5584327f28d0
        0x5584327f28d0
        0x5584327f28d0
        0x5584327f28d0
        0x5584327f28d0
        0x5584327f28d0
        0x5584327f28d0
        0x5584327f28d0
        0x5584327f28d0
        0x5584327f28d0
        0x5584327f28d0
        0x5584327f28d0
        0x5584327f28d0
        0x5584327f28d0
        0x5584327f28d0
        0x5584327f28d0
        0x5584327f28d0
        0x5584327f28d0
        0x5584327f28d0
        0x5584327f28d0
        0x5584327f28d0
        0x5584327f28d0
        0x5584327f28d0
        0x5584327f28d0
        0x5584327f28d0
        0x5584327f28d0
        0x5584327f28d0
        0x5584327f28d0
        0x5584327f28d0
        0x5584327f28d0
        0x5584327f28d0
        0x5584327f28d0
        0x5584327f28d0
        0x5584327f28d0
        0x5584327f28d0
        0x5584327f28d0
        0x5584327f28d0
        0x5584327f28d0
        0x5584327f28d0
        0x5584327f28d0
        0x5584327f28d0
        0x5584327f28d0
        0x5584327f28d0
        0x5584327f28d0
        0x5584327f28d0
        0x5584327f28d0
        0x5584327f28d0
        0x5584327f28d0
        0x5584327f28d0
        0x5584327f28d0
        0x5584327f28d0
        0x5584327f28d0
        0x5584327f28d0
        0x5584327f28d0
        0x5584327f28d0
        0x5584327f28d0
        0x5584327f28d0
        0x5584327f28d0
        0x5584327f28d0
        0x5584327f28d0
        0x5584327f28d0
        0x5584327f28d0
        0x5584327f28d0
        0x5584327f28d0
        0x5584327f28d0
        0x5584327f28d0
        0x5584327f28d0
        0x5584327f28d0
        0x5584327f28d0
        0x5584327f28d0
        0x5584327f28d0
        0x5584327f28d0
        0x5584327f28d0
]: 1
@preempt_stack[
        0x7f953dcc6108
        0x7f9501cdfeb0
]: 1
@preempt_stack[
        0x7f953dd42e82
]: 1
@preempt_stack[
        0x7f949c9dcfa3
        0x110000
        0x558434c9be50
        0x558434c9be50
        0x558434c9be50
        0x558434c9be50
        0x558434c9be50
        0x558434c9be50
        0x558434c9be50
        0x558434c9be50
        0x558434c9be50
        0x558434c9be50
        0x558434c9be50
        0x558434c9be50
        0x558434c9be50
        0x558434c9be50
        0x558434c9be50
        0x558434c9be50
        0x558434c9be50
        0x558434c9be50
        0x558434c9be50
        0x558434c9be50
        0x558434c9be50
        0x558434c9be50
        0x558434c9be50
        0x558434c9be50
        0x558434c9be50
        0x558434c9be50
        0x558434c9be50
        0x558434c9be50
        0x558434c9be50
        0x558434c9be50
        0x558434c9be50
        0x558434c9be50
        0x558434c9be50
        0x558434c9be50
        0x558434c9be50
        0x558434c9be50
        0x558434c9be50
        0x558434c9be50
        0x558434c9be50
        0x558434c9be50
        0x558434c9be50
        0x558434c9be50
        0x558434c9be50
        0x558434c9be50
        0x558434c9be50
        0x558434c9be50
        0x558434c9be50
        0x558434c9be50
        0x558434c9be50
        0x558434c9be50
        0x558434c9be50
        0x558434c9be50
        0x558434c9be50
        0x558434c9be50
        0x558434c9be50
        0x558434c9be50
        0x558434c9be50
        0x558434c9be50
        0x558434c9be50
        0x558434c9be50
        0x558434c9be50
        0x558434c9be50
        0x558434c9be50
        0x558434c9be50
        0x558434c9be50
        0x558434c9be50
        0x558434c9be50
        0x558434c9be50
        0x558434c9be50
        0x558434c9be50
        0x558434c9be50
        0x558434c9be50
        0x558434c9be50
        0x558434c9be50
        0x558434c9be50
        0x558434c9be50
        0x558434c9be50
        0x558434c9be50
        0x558434c9be50
        0x558434c9be50
        0x558434c9be50
        0x558434c9be50
        0x558434c9be50
        0x558434c9be50
        0x558434c9be50
        0x558434c9be50
        0x558434c9be50
        0x558434c9be50
        0x558434c9be50
        0x558434c9be50
        0x558434c9be50
        0x558434c9be50
        0x558434c9be50
        0x558434c9be50
        0x558434c9be50
        0x558434c9be50
        0x558434c9be50
        0x558434c9be50
        0x558434c9be50
        0x558434c9be50
        0x558434c9be50
        0x558434c9be50
        0x558434c9be50
        0x558434c9be50
        0x558434c9be50
        0x558434c9be50
        0x558434c9be50
        0x558434c9be50
        0x558434c9be50
        0x558434c9be50
        0x558434c9be50
        0x558434c9be50
        0x558434c9be50
        0x558434c9be50
        0x558434c9be50
        0x558434c9be50
        0x558434c9be50
        0x558434c9be50
        0x558434c9be50
        0x558434c9be50
        0x558434c9be50
        0x558434c9be50
        0x558434c9be50
        0x558434c9be50
        0x558434c9be50
]: 1
@preempt_stack[
        0x7f949ca4d740
]: 1
@preempt_stack[
        0x7f953cbb88c7
        0
]: 1
@preempt_stack[
        0x40bb24df
        0
        0x2000000000000001
        0x558432740e50
        0x558432740e50
        0x558432740e50
        0x558432740e50
        0x558432740e50
        0x558432740e50
        0x558432740e50
        0x558432740e50
        0x558432740e50
        0x558432740e50
        0x558432740e50
        0x558432740e50
        0x558432740e50
        0x558432740e50
        0x558432740e50
        0x558432740e50
        0x558432740e50
        0x558432740e50
        0x558432740e50
        0x558432740e50
        0x558432740e50
        0x558432740e50
        0x558432740e50
        0x558432740e50
        0x558432740e50
        0x558432740e50
        0x558432740e50
        0x558432740e50
        0x558432740e50
        0x558432740e50
        0x558432740e50
        0x558432740e50
        0x558432740e50
        0x558432740e50
        0x558432740e50
        0x558432740e50
        0x558432740e50
        0x558432740e50
        0x558432740e50
        0x558432740e50
        0x558432740e50
        0x558432740e50
        0x558432740e50
        0x558432740e50
        0x558432740e50
        0x558432740e50
        0x558432740e50
        0x558432740e50
        0x558432740e50
        0x558432740e50
        0x558432740e50
        0x558432740e50
        0x558432740e50
        0x558432740e50
        0x558432740e50
        0x558432740e50
        0x558432740e50
        0x558432740e50
        0x558432740e50
        0x558432740e50
        0x558432740e50
        0x558432740e50
        0x558432740e50
        0x558432740e50
        0x558432740e50
        0x558432740e50
        0x558432740e50
        0x558432740e50
        0x558432740e50
        0x558432740e50
        0x558432740e50
        0x558432740e50
        0x558432740e50
        0x558432740e50
        0x558432740e50
        0x558432740e50
        0x558432740e50
        0x558432740e50
        0x558432740e50
        0x558432740e50
        0x558432740e50
        0x558432740e50
        0x558432740e50
        0x558432740e50
        0x558432740e50
        0x558432740e50
        0x558432740e50
        0x558432740e50
        0x558432740e50
        0x558432740e50
        0x558432740e50
        0x558432740e50
        0x558432740e50
        0x558432740e50
        0x558432740e50
        0x558432740e50
        0x558432740e50
        0x558432740e50
        0x558432740e50
        0x558432740e50
        0x558432740e50
        0x558432740e50
        0x558432740e50
        0x558432740e50
        0x558432740e50
        0x558432740e50
        0x558432740e50
        0x558432740e50
        0x558432740e50
        0x558432740e50
        0x558432740e50
        0x558432740e50
        0x558432740e50
        0x558432740e50
        0x558432740e50
        0x558432740e50
        0x558432740e50
        0x558432740e50
        0x558432740e50
        0x558432740e50
        0x558432740e50
        0x558432740e50
        0x558432740e50
        0x558432740e50
]: 1
@preempt_stack[
        0x7f953d905cc2
        0
]: 1
@preempt_stack[
        0x40441b79
]: 1
@preempt_stack[
        0x7f949c9cb8d8
        0x120000
        0x558433526fc8
        0x558433526fc8
        0x558433526fc8
        0x558433526fc8
        0x558433526fc8
        0x558433526fc8
        0x558433526fc8
        0x558433526fc8
        0x558433526fc8
        0x558433526fc8
        0x558433526fc8
        0x558433526fc8
        0x558433526fc8
        0x558433526fc8
        0x558433526fc8
        0x558433526fc8
        0x558433526fc8
        0x558433526fc8
        0x558433526fc8
        0x558433526fc8
        0x558433526fc8
        0x558433526fc8
        0x558433526fc8
        0x558433526fc8
        0x558433526fc8
        0x558433526fc8
        0x558433526fc8
        0x558433526fc8
        0x558433526fc8
        0x558433526fc8
        0x558433526fc8
        0x558433526fc8
        0x558433526fc8
        0x558433526fc8
        0x558433526fc8
        0x558433526fc8
        0x558433526fc8
        0x558433526fc8
        0x558433526fc8
        0x558433526fc8
        0x558433526fc8
        0x558433526fc8
        0x558433526fc8
        0x558433526fc8
        0x558433526fc8
        0x558433526fc8
        0x558433526fc8
        0x558433526fc8
        0x558433526fc8
        0x558433526fc8
        0x558433526fc8
        0x558433526fc8
        0x558433526fc8
        0x558433526fc8
        0x558433526fc8
        0x558433526fc8
        0x558433526fc8
        0x558433526fc8
        0x558433526fc8
        0x558433526fc8
        0x558433526fc8
        0x558433526fc8
        0x558433526fc8
        0x558433526fc8
        0x558433526fc8
        0x558433526fc8
        0x558433526fc8
        0x558433526fc8
        0x558433526fc8
        0x558433526fc8
        0x558433526fc8
        0x558433526fc8
        0x558433526fc8
        0x558433526fc8
        0x558433526fc8
        0x558433526fc8
        0x558433526fc8
        0x558433526fc8
        0x558433526fc8
        0x558433526fc8
        0x558433526fc8
        0x558433526fc8
        0x558433526fc8
        0x558433526fc8
        0x558433526fc8
        0x558433526fc8
        0x558433526fc8
        0x558433526fc8
        0x558433526fc8
        0x558433526fc8
        0x558433526fc8
        0x558433526fc8
        0x558433526fc8
        0x558433526fc8
        0x558433526fc8
        0x558433526fc8
        0x558433526fc8
        0x558433526fc8
        0x558433526fc8
        0x558433526fc8
        0x558433526fc8
        0x558433526fc8
        0x558433526fc8
        0x558433526fc8
        0x558433526fc8
        0x558433526fc8
        0x558433526fc8
        0x558433526fc8
        0x558433526fc8
        0x558433526fc8
        0x558433526fc8
        0x558433526fc8
        0x558433526fc8
        0x558433526fc8
        0x558433526fc8
        0x558433526fc8
        0x558433526fc8
        0x558433526fc8
        0x558433526fc8
        0x558433526fc8
        0x558433526fc8
        0x558433526fc8
        0x558433526fc8
        0x558433526fc8
        0x558433526fc8
]: 1
@preempt_stack[
        0x7f953dd4ec91
]: 1
@preempt_stack[
        0x7f953e5b2be1
]: 1
@preempt_stack[
        0x7f953dd51864
]: 1
@preempt_stack[
        0x7f949c9dcfa3
        0x120000
        0x558432d75138
        0x558432d75138
        0x558432d75138
        0x558432d75138
        0x558432d75138
        0x558432d75138
        0x558432d75138
        0x558432d75138
        0x558432d75138
        0x558432d75138
        0x558432d75138
        0x558432d75138
        0x558432d75138
        0x558432d75138
        0x558432d75138
        0x558432d75138
        0x558432d75138
        0x558432d75138
        0x558432d75138
        0x558432d75138
        0x558432d75138
        0x558432d75138
        0x558432d75138
        0x558432d75138
        0x558432d75138
        0x558432d75138
        0x558432d75138
        0x558432d75138
        0x558432d75138
        0x558432d75138
        0x558432d75138
        0x558432d75138
        0x558432d75138
        0x558432d75138
        0x558432d75138
        0x558432d75138
        0x558432d75138
        0x558432d75138
        0x558432d75138
        0x558432d75138
        0x558432d75138
        0x558432d75138
        0x558432d75138
        0x558432d75138
        0x558432d75138
        0x558432d75138
        0x558432d75138
        0x558432d75138
        0x558432d75138
        0x558432d75138
        0x558432d75138
        0x558432d75138
        0x558432d75138
        0x558432d75138
        0x558432d75138
        0x558432d75138
        0x558432d75138
        0x558432d75138
        0x558432d75138
        0x558432d75138
        0x558432d75138
        0x558432d75138
        0x558432d75138
        0x558432d75138
        0x558432d75138
        0x558432d75138
        0x558432d75138
        0x558432d75138
        0x558432d75138
        0x558432d75138
        0x558432d75138
        0x558432d75138
        0x558432d75138
        0x558432d75138
        0x558432d75138
        0x558432d75138
        0x558432d75138
        0x558432d75138
        0x558432d75138
        0x558432d75138
        0x558432d75138
        0x558432d75138
        0x558432d75138
        0x558432d75138
        0x558432d75138
        0x558432d75138
        0x558432d75138
        0x558432d75138
        0x558432d75138
        0x558432d75138
        0x558432d75138
        0x558432d75138
        0x558432d75138
        0x558432d75138
        0x558432d75138
        0x558432d75138
        0x558432d75138
        0x558432d75138
        0x558432d75138
        0x558432d75138
        0x558432d75138
        0x558432d75138
        0x558432d75138
        0x558432d75138
        0x558432d75138
        0x558432d75138
        0x558432d75138
        0x558432d75138
        0x558432d75138
        0x558432d75138
        0x558432d75138
        0x558432d75138
        0x558432d75138
        0x558432d75138
        0x558432d75138
        0x558432d75138
        0x558432d75138
        0x558432d75138
        0x558432d75138
        0x558432d75138
        0x558432d75138
        0x558432d75138
        0x558432d75138
        0x558432d75138
        0x558432d75138
]: 1
@preempt_stack[
        0x7f949ca0f68f
        0x120000
        0x558432a86d80
        0x558432a86d80
        0x558432a86d80
        0x558432a86d80
        0x558432a86d80
        0x558432a86d80
        0x558432a86d80
        0x558432a86d80
        0x558432a86d80
        0x558432a86d80
        0x558432a86d80
        0x558432a86d80
        0x558432a86d80
        0x558432a86d80
        0x558432a86d80
        0x558432a86d80
        0x558432a86d80
        0x558432a86d80
        0x558432a86d80
        0x558432a86d80
        0x558432a86d80
        0x558432a86d80
        0x558432a86d80
        0x558432a86d80
        0x558432a86d80
        0x558432a86d80
        0x558432a86d80
        0x558432a86d80
        0x558432a86d80
        0x558432a86d80
        0x558432a86d80
        0x558432a86d80
        0x558432a86d80
        0x558432a86d80
        0x558432a86d80
        0x558432a86d80
        0x558432a86d80
        0x558432a86d80
        0x558432a86d80
        0x558432a86d80
        0x558432a86d80
        0x558432a86d80
        0x558432a86d80
        0x558432a86d80
        0x558432a86d80
        0x558432a86d80
        0x558432a86d80
        0x558432a86d80
        0x558432a86d80
        0x558432a86d80
        0x558432a86d80
        0x558432a86d80
        0x558432a86d80
        0x558432a86d80
        0x558432a86d80
        0x558432a86d80
        0x558432a86d80
        0x558432a86d80
        0x558432a86d80
        0x558432a86d80
        0x558432a86d80
        0x558432a86d80
        0x558432a86d80
        0x558432a86d80
        0x558432a86d80
        0x558432a86d80
        0x558432a86d80
        0x558432a86d80
        0x558432a86d80
        0x558432a86d80
        0x558432a86d80
        0x558432a86d80
        0x558432a86d80
        0x558432a86d80
        0x558432a86d80
        0x558432a86d80
        0x558432a86d80
        0x558432a86d80
        0x558432a86d80
        0x558432a86d80
        0x558432a86d80
        0x558432a86d80
        0x558432a86d80
        0x558432a86d80
        0x558432a86d80
        0x558432a86d80
        0x558432a86d80
        0x558432a86d80
        0x558432a86d80
        0x558432a86d80
        0x558432a86d80
        0x558432a86d80
        0x558432a86d80
        0x558432a86d80
        0x558432a86d80
        0x558432a86d80
        0x558432a86d80
        0x558432a86d80
        0x558432a86d80
        0x558432a86d80
        0x558432a86d80
        0x558432a86d80
        0x558432a86d80
        0x558432a86d80
        0x558432a86d80
        0x558432a86d80
        0x558432a86d80
        0x558432a86d80
        0x558432a86d80
        0x558432a86d80
        0x558432a86d80
        0x558432a86d80
        0x558432a86d80
        0x558432a86d80
        0x558432a86d80
        0x558432a86d80
        0x558432a86d80
        0x558432a86d80
        0x558432a86d80
        0x558432a86d80
        0x558432a86d80
        0x558432a86d80
        0x558432a86d80
        0x558432a86d80
        0x558432a86d80
]: 1
@preempt_stack[
        mono_class_from_mono_type_internal+13
        0x120000
        0x5584334e27a0
        0x5584334e27a0
        0x5584334e27a0
        0x5584334e27a0
        0x5584334e27a0
        0x5584334e27a0
        0x5584334e27a0
        0x5584334e27a0
        0x5584334e27a0
        0x5584334e27a0
        0x5584334e27a0
        0x5584334e27a0
        0x5584334e27a0
        0x5584334e27a0
        0x5584334e27a0
        0x5584334e27a0
        0x5584334e27a0
        0x5584334e27a0
        0x5584334e27a0
        0x5584334e27a0
        0x5584334e27a0
        0x5584334e27a0
        0x5584334e27a0
        0x5584334e27a0
        0x5584334e27a0
        0x5584334e27a0
        0x5584334e27a0
        0x5584334e27a0
        0x5584334e27a0
        0x5584334e27a0
        0x5584334e27a0
        0x5584334e27a0
        0x5584334e27a0
        0x5584334e27a0
        0x5584334e27a0
        0x5584334e27a0
        0x5584334e27a0
        0x5584334e27a0
        0x5584334e27a0
        0x5584334e27a0
        0x5584334e27a0
        0x5584334e27a0
        0x5584334e27a0
        0x5584334e27a0
        0x5584334e27a0
        0x5584334e27a0
        0x5584334e27a0
        0x5584334e27a0
        0x5584334e27a0
        0x5584334e27a0
        0x5584334e27a0
        0x5584334e27a0
        0x5584334e27a0
        0x5584334e27a0
        0x5584334e27a0
        0x5584334e27a0
        0x5584334e27a0
        0x5584334e27a0
        0x5584334e27a0
        0x5584334e27a0
        0x5584334e27a0
        0x5584334e27a0
        0x5584334e27a0
        0x5584334e27a0
        0x5584334e27a0
        0x5584334e27a0
        0x5584334e27a0
        0x5584334e27a0
        0x5584334e27a0
        0x5584334e27a0
        0x5584334e27a0
        0x5584334e27a0
        0x5584334e27a0
        0x5584334e27a0
        0x5584334e27a0
        0x5584334e27a0
        0x5584334e27a0
        0x5584334e27a0
        0x5584334e27a0
        0x5584334e27a0
        0x5584334e27a0
        0x5584334e27a0
        0x5584334e27a0
        0x5584334e27a0
        0x5584334e27a0
        0x5584334e27a0
        0x5584334e27a0
        0x5584334e27a0
        0x5584334e27a0
        0x5584334e27a0
        0x5584334e27a0
        0x5584334e27a0
        0x5584334e27a0
        0x5584334e27a0
        0x5584334e27a0
        0x5584334e27a0
        0x5584334e27a0
        0x5584334e27a0
        0x5584334e27a0
        0x5584334e27a0
        0x5584334e27a0
        0x5584334e27a0
        0x5584334e27a0
        0x5584334e27a0
        0x5584334e27a0
        0x5584334e27a0
        0x5584334e27a0
        0x5584334e27a0
        0x5584334e27a0
        0x5584334e27a0
        0x5584334e27a0
        0x5584334e27a0
        0x5584334e27a0
        0x5584334e27a0
        0x5584334e27a0
        0x5584334e27a0
        0x5584334e27a0
        0x5584334e27a0
        0x5584334e27a0
        0x5584334e27a0
        0x5584334e27a0
        0x5584334e27a0
        0x5584334e27a0
        0x5584334e27a0
        0x5584334e27a0
]: 1
@preempt_stack[
        0x7f953e5b4055
]: 1
@preempt_stack[
        0x7f953dd4322e
        0x7f9500000428
        0x3f80000000000000
]: 1
@preempt_stack[
        0x7f949ca3c726
]: 1
@preempt_stack[
        0x7f949c9cb8d8
        0x120000
        0x5584359f33e0
        0x5584359f33e0
        0x5584359f33e0
        0x5584359f33e0
        0x5584359f33e0
        0x5584359f33e0
        0x5584359f33e0
        0x5584359f33e0
        0x5584359f33e0
        0x5584359f33e0
        0x5584359f33e0
        0x5584359f33e0
        0x5584359f33e0
        0x5584359f33e0
        0x5584359f33e0
        0x5584359f33e0
        0x5584359f33e0
        0x5584359f33e0
        0x5584359f33e0
        0x5584359f33e0
        0x5584359f33e0
        0x5584359f33e0
        0x5584359f33e0
        0x5584359f33e0
        0x5584359f33e0
        0x5584359f33e0
        0x5584359f33e0
        0x5584359f33e0
        0x5584359f33e0
        0x5584359f33e0
        0x5584359f33e0
        0x5584359f33e0
        0x5584359f33e0
        0x5584359f33e0
        0x5584359f33e0
        0x5584359f33e0
        0x5584359f33e0
        0x5584359f33e0
        0x5584359f33e0
        0x5584359f33e0
        0x5584359f33e0
        0x5584359f33e0
        0x5584359f33e0
        0x5584359f33e0
        0x5584359f33e0
        0x5584359f33e0
        0x5584359f33e0
        0x5584359f33e0
        0x5584359f33e0
        0x5584359f33e0
        0x5584359f33e0
        0x5584359f33e0
        0x5584359f33e0
        0x5584359f33e0
        0x5584359f33e0
        0x5584359f33e0
        0x5584359f33e0
        0x5584359f33e0
        0x5584359f33e0
        0x5584359f33e0
        0x5584359f33e0
        0x5584359f33e0
        0x5584359f33e0
        0x5584359f33e0
        0x5584359f33e0
        0x5584359f33e0
        0x5584359f33e0
        0x5584359f33e0
        0x5584359f33e0
        0x5584359f33e0
        0x5584359f33e0
        0x5584359f33e0
        0x5584359f33e0
        0x5584359f33e0
        0x5584359f33e0
        0x5584359f33e0
        0x5584359f33e0
        0x5584359f33e0
        0x5584359f33e0
        0x5584359f33e0
        0x5584359f33e0
        0x5584359f33e0
        0x5584359f33e0
        0x5584359f33e0
        0x5584359f33e0
        0x5584359f33e0
        0x5584359f33e0
        0x5584359f33e0
        0x5584359f33e0
        0x5584359f33e0
        0x5584359f33e0
        0x5584359f33e0
        0x5584359f33e0
        0x5584359f33e0
        0x5584359f33e0
        0x5584359f33e0
        0x5584359f33e0
        0x5584359f33e0
        0x5584359f33e0
        0x5584359f33e0
        0x5584359f33e0
        0x5584359f33e0
        0x5584359f33e0
        0x5584359f33e0
        0x5584359f33e0
        0x5584359f33e0
        0x5584359f33e0
        0x5584359f33e0
        0x5584359f33e0
        0x5584359f33e0
        0x5584359f33e0
        0x5584359f33e0
        0x5584359f33e0
        0x5584359f33e0
        0x5584359f33e0
        0x5584359f33e0
        0x5584359f33e0
        0x5584359f33e0
        0x5584359f33e0
        0x5584359f33e0
        0x5584359f33e0
        0x5584359f33e0
        0x5584359f33e0
        0x5584359f33e0
        0x5584359f33e0
]: 1
@preempt_stack[
        0x7f953e690a2c
        0x7f95014107f0
        0x7f953e690660
]: 1
@preempt_stack[
        0x7f953e5aec7e
]: 1
@preempt_stack[
        0x7f953daa5ad6
        0x7f94b798d638
        0x7f94b79f3dc8
        0x7f9502939de8
        0x7f950292e2b8
        0x7f95029a55c8
        0x7f9502996f18
        0x7f9502987378
        0x7f9502a44178
        0x7f95029f2b78
        0x7f94b752a098
        0x7f9502aa0a18
        0x7f94b75287b8
        0x7f9502a9a1d8
        0x7f94b7525fb8
        0x7f94b7524888
        0x7f94b778a8b8
        0x7f94b778dee8
        0x7f94b778cf88
        0x7f94b778acc8
        0x7f94b7780bf8
        0x7f94b778a6b8
        0x7f94b778a4b8
        0x7f94b7780a58
        0x7f94b77808b8
        0x7f94b778a2b8
        0x7f94b7780718
        0x7f94b7786d38
        0x7f94b77868e8
        0x7f94b77789f8
        0x7f94b77783d8
        0x7f94b7779558
        0x7f94b7778098
        0x7f94b7777ef8
        0x7f94b7777698
        0x7f9501c81968
        0x7f95012dca48
        0x7f95012c2e28
        0x7f950202f918
        0x7f95015168f8
        0x7f9501553eb8
        0x7f9500158ec8
        0x7f95001188d8
        0x7f950021d7a8
        0x7f950008ff18
        0x7f94400834c8
        0x7f94400833d8
        0x7f9440082838
        0x7f9440082358
        0x7f944003a088
        0x7f944007a008
        0x7f944007f1c8
        0x7f944007ee68
        0x7f94400360d8
        0x7f9440017ae8
        0x7f9440017908
        0x7f94403c6e88
        0x7f9500fe8578
        0x7f94b458c288
        0x7f94b2d804c8
        0x7f94b7088938
        0x7f94b66a6918
        0x7f94b69610e8
        0x7f94b6323cb8
        0x7f94b792ee88
        0x7f94b3a92498
        0x7f94b6b6f1d8
        0x7f94b41a73c8
        0x7f94b3905d18
        0x7f95029876c8
        0x7f94b70fdc68
        0x7f94b2f3a6f8
        0x7f94b3833518
        0x7f94b792ef78
        0x7f94b77a0678
        0x7f94b62af338
        0x7f94b590ba38
        0x7f94b50ce7b8
        0x7f94b6a4b428
        0x7f94b649bec8
        0x7f94b3ad96e8
        0x7f950284eea8
        0x7f94b455b358
        0x7f94b4831648
        0x7f94b5fff328
        0x7f94b610b748
        0x7f94b3117578
        0x7f94b4404a28
        0x7f94b3fc9a38
        0x7f94b3b41e68
        0x7f94b0785008
        0x7f950285dac8
        0x7f94b41c2be8
        0x7f95028e7e48
        0x7f950292df68
        0x7f9501e52918
        0x7f94b610c358
        0x7f95028d1de8
        0x7f94b392a148
        0x7f95028e0c28
        0x7f94b64bb618
        0x7f94b3927ec8
        0x7f94b4243b88
        0x7f94b46c7948
        0x7f94b40ceef8
        0x7f95015b5ae8
        0x7f94b403fd98
        0x7f94b41b6a58
        0x7f9502a6c5d8
        0x7f94b4251b68
        0x7f94b41a19d8
        0x7f95028d7148
        0x7f94b46cdf08
        0x7f94b70c36c8
        0x7f94b6852648
        0x7f94b4609018
        0x7f95028dc4f8
        0x7f94b6491a68
        0x7f94b43907f8
        0x7f94b414e168
        0x7f94b3ad95f8
        0x7f94b4606cf8
        0x7f94b6498618
        0x7f94b488a828
        0x7f94b612f408
        0x7f94b685e338
        0x7f94b612f608
]: 1
@preempt_stack[
        0x7f949c9e44f9
        0x120000
        0x558432e47928
        0x558432e47928
        0x558432e47928
        0x558432e47928
        0x558432e47928
        0x558432e47928
        0x558432e47928
        0x558432e47928
        0x558432e47928
        0x558432e47928
        0x558432e47928
        0x558432e47928
        0x558432e47928
        0x558432e47928
        0x558432e47928
        0x558432e47928
        0x558432e47928
        0x558432e47928
        0x558432e47928
        0x558432e47928
        0x558432e47928
        0x558432e47928
        0x558432e47928
        0x558432e47928
        0x558432e47928
        0x558432e47928
        0x558432e47928
        0x558432e47928
        0x558432e47928
        0x558432e47928
        0x558432e47928
        0x558432e47928
        0x558432e47928
        0x558432e47928
        0x558432e47928
        0x558432e47928
        0x558432e47928
        0x558432e47928
        0x558432e47928
        0x558432e47928
        0x558432e47928
        0x558432e47928
        0x558432e47928
        0x558432e47928
        0x558432e47928
        0x558432e47928
        0x558432e47928
        0x558432e47928
        0x558432e47928
        0x558432e47928
        0x558432e47928
        0x558432e47928
        0x558432e47928
        0x558432e47928
        0x558432e47928
        0x558432e47928
        0x558432e47928
        0x558432e47928
        0x558432e47928
        0x558432e47928
        0x558432e47928
        0x558432e47928
        0x558432e47928
        0x558432e47928
        0x558432e47928
        0x558432e47928
        0x558432e47928
        0x558432e47928
        0x558432e47928
        0x558432e47928
        0x558432e47928
        0x558432e47928
        0x558432e47928
        0x558432e47928
        0x558432e47928
        0x558432e47928
        0x558432e47928
        0x558432e47928
        0x558432e47928
        0x558432e47928
        0x558432e47928
        0x558432e47928
        0x558432e47928
        0x558432e47928
        0x558432e47928
        0x558432e47928
        0x558432e47928
        0x558432e47928
        0x558432e47928
        0x558432e47928
        0x558432e47928
        0x558432e47928
        0x558432e47928
        0x558432e47928
        0x558432e47928
        0x558432e47928
        0x558432e47928
        0x558432e47928
        0x558432e47928
        0x558432e47928
        0x558432e47928
        0x558432e47928
        0x558432e47928
        0x558432e47928
        0x558432e47928
        0x558432e47928
        0x558432e47928
        0x558432e47928
        0x558432e47928
        0x558432e47928
        0x558432e47928
        0x558432e47928
        0x558432e47928
        0x558432e47928
        0x558432e47928
        0x558432e47928
        0x558432e47928
        0x558432e47928
        0x558432e47928
        0x558432e47928
        0x558432e47928
        0x558432e47928
        0x558432e47928
        0x558432e47928
        0x558432e47928
]: 1
@preempt_stack[
        0x7f949c9dcfa3
        0x120000
        0x5584328b88f0
        0x5584328b88f0
        0x5584328b88f0
        0x5584328b88f0
        0x5584328b88f0
        0x5584328b88f0
        0x5584328b88f0
        0x5584328b88f0
        0x5584328b88f0
        0x5584328b88f0
        0x5584328b88f0
        0x5584328b88f0
        0x5584328b88f0
        0x5584328b88f0
        0x5584328b88f0
        0x5584328b88f0
        0x5584328b88f0
        0x5584328b88f0
        0x5584328b88f0
        0x5584328b88f0
        0x5584328b88f0
        0x5584328b88f0
        0x5584328b88f0
        0x5584328b88f0
        0x5584328b88f0
        0x5584328b88f0
        0x5584328b88f0
        0x5584328b88f0
        0x5584328b88f0
        0x5584328b88f0
        0x5584328b88f0
        0x5584328b88f0
        0x5584328b88f0
        0x5584328b88f0
        0x5584328b88f0
        0x5584328b88f0
        0x5584328b88f0
        0x5584328b88f0
        0x5584328b88f0
        0x5584328b88f0
        0x5584328b88f0
        0x5584328b88f0
        0x5584328b88f0
        0x5584328b88f0
        0x5584328b88f0
        0x5584328b88f0
        0x5584328b88f0
        0x5584328b88f0
        0x5584328b88f0
        0x5584328b88f0
        0x5584328b88f0
        0x5584328b88f0
        0x5584328b88f0
        0x5584328b88f0
        0x5584328b88f0
        0x5584328b88f0
        0x5584328b88f0
        0x5584328b88f0
        0x5584328b88f0
        0x5584328b88f0
        0x5584328b88f0
        0x5584328b88f0
        0x5584328b88f0
        0x5584328b88f0
        0x5584328b88f0
        0x5584328b88f0
        0x5584328b88f0
        0x5584328b88f0
        0x5584328b88f0
        0x5584328b88f0
        0x5584328b88f0
        0x5584328b88f0
        0x5584328b88f0
        0x5584328b88f0
        0x5584328b88f0
        0x5584328b88f0
        0x5584328b88f0
        0x5584328b88f0
        0x5584328b88f0
        0x5584328b88f0
        0x5584328b88f0
        0x5584328b88f0
        0x5584328b88f0
        0x5584328b88f0
        0x5584328b88f0
        0x5584328b88f0
        0x5584328b88f0
        0x5584328b88f0
        0x5584328b88f0
        0x5584328b88f0
        0x5584328b88f0
        0x5584328b88f0
        0x5584328b88f0
        0x5584328b88f0
        0x5584328b88f0
        0x5584328b88f0
        0x5584328b88f0
        0x5584328b88f0
        0x5584328b88f0
        0x5584328b88f0
        0x5584328b88f0
        0x5584328b88f0
        0x5584328b88f0
        0x5584328b88f0
        0x5584328b88f0
        0x5584328b88f0
        0x5584328b88f0
        0x5584328b88f0
        0x5584328b88f0
        0x5584328b88f0
        0x5584328b88f0
        0x5584328b88f0
        0x5584328b88f0
        0x5584328b88f0
        0x5584328b88f0
        0x5584328b88f0
        0x5584328b88f0
        0x5584328b88f0
        0x5584328b88f0
        0x5584328b88f0
        0x5584328b88f0
        0x5584328b88f0
        0x5584328b88f0
        0x5584328b88f0
        0x5584328b88f0
]: 1
@preempt_stack[
        0x7f949c9ce579
        0x5584347e4d58
        0x5584347e4d58
        0x5584347e4d58
        0x5584347e4d58
        0x5584347e4d58
        0x5584347e4d58
        0x5584347e4d58
        0x5584347e4d58
        0x5584347e4d58
        0x5584347e4d58
        0x5584347e4d58
        0x5584347e4d58
        0x5584347e4d58
        0x5584347e4d58
        0x5584347e4d58
        0x5584347e4d58
        0x5584347e4d58
        0x5584347e4d58
        0x5584347e4d58
        0x5584347e4d58
        0x5584347e4d58
        0x5584347e4d58
        0x5584347e4d58
        0x5584347e4d58
        0x5584347e4d58
        0x5584347e4d58
        0x5584347e4d58
        0x5584347e4d58
        0x5584347e4d58
        0x5584347e4d58
        0x5584347e4d58
        0x5584347e4d58
        0x5584347e4d58
        0x5584347e4d58
        0x5584347e4d58
        0x5584347e4d58
        0x5584347e4d58
        0x5584347e4d58
        0x5584347e4d58
        0x5584347e4d58
        0x5584347e4d58
        0x5584347e4d58
        0x5584347e4d58
        0x5584347e4d58
        0x5584347e4d58
        0x5584347e4d58
        0x5584347e4d58
        0x5584347e4d58
        0x5584347e4d58
        0x5584347e4d58
        0x5584347e4d58
        0x5584347e4d58
        0x5584347e4d58
        0x5584347e4d58
        0x5584347e4d58
        0x5584347e4d58
        0x5584347e4d58
        0x5584347e4d58
        0x5584347e4d58
        0x5584347e4d58
        0x5584347e4d58
        0x5584347e4d58
        0x5584347e4d58
        0x5584347e4d58
        0x5584347e4d58
        0x5584347e4d58
        0x5584347e4d58
        0x5584347e4d58
        0x5584347e4d58
        0x5584347e4d58
        0x5584347e4d58
        0x5584347e4d58
        0x5584347e4d58
        0x5584347e4d58
        0x5584347e4d58
        0x5584347e4d58
        0x5584347e4d58
        0x5584347e4d58
        0x5584347e4d58
        0x5584347e4d58
        0x5584347e4d58
        0x5584347e4d58
        0x5584347e4d58
        0x5584347e4d58
        0x5584347e4d58
        0x5584347e4d58
        0x5584347e4d58
        0x5584347e4d58
        0x5584347e4d58
        0x5584347e4d58
        0x5584347e4d58
        0x5584347e4d58
        0x5584347e4d58
        0x5584347e4d58
        0x5584347e4d58
        0x5584347e4d58
        0x5584347e4d58
        0x5584347e4d58
        0x5584347e4d58
        0x5584347e4d58
        0x5584347e4d58
        0x5584347e4d58
        0x5584347e4d58
        0x5584347e4d58
        0x5584347e4d58
        0x5584347e4d58
        0x5584347e4d58
        0x5584347e4d58
        0x5584347e4d58
        0x5584347e4d58
        0x5584347e4d58
        0x5584347e4d58
        0x5584347e4d58
        0x5584347e4d58
        0x5584347e4d58
        0x5584347e4d58
        0x5584347e4d58
        0x5584347e4d58
        0x5584347e4d58
        0x5584347e4d58
        0x5584347e4d58
        0x5584347e4d58
        0x5584347e4d58
        0x5584347e4d58
        0x5584347e4d58
        0x5584347e4d58
]: 1
@preempt_stack[
        0x7f953dd54d4a
]: 1
@preempt_stack[
        0x7f949c9cb8d8
        0x130000
        0
        0
        0x558434d2ff80
]: 1
@preempt_stack[
        0x7f953db2b67f
        mono_runtime_invoke_array+0
        0xd6894910ec834853
]: 1
@preempt_stack[
        0x7f953dd2ae30
        0
]: 1
@preempt_stack[
        0x7f949c9dcfa3
        0x110000
        0x558432f20e30
        0x558432f20e30
        0x558432f20e30
        0x558432f20e30
        0x558432f20e30
        0x558432f20e30
        0x558432f20e30
        0x558432f20e30
        0x558432f20e30
        0x558432f20e30
        0x558432f20e30
        0x558432f20e30
        0x558432f20e30
        0x558432f20e30
        0x558432f20e30
        0x558432f20e30
        0x558432f20e30
        0x558432f20e30
        0x558432f20e30
        0x558432f20e30
        0x558432f20e30
        0x558432f20e30
        0x558432f20e30
        0x558432f20e30
        0x558432f20e30
        0x558432f20e30
        0x558432f20e30
        0x558432f20e30
        0x558432f20e30
        0x558432f20e30
        0x558432f20e30
        0x558432f20e30
        0x558432f20e30
        0x558432f20e30
        0x558432f20e30
        0x558432f20e30
        0x558432f20e30
        0x558432f20e30
        0x558432f20e30
        0x558432f20e30
        0x558432f20e30
        0x558432f20e30
        0x558432f20e30
        0x558432f20e30
        0x558432f20e30
        0x558432f20e30
        0x558432f20e30
        0x558432f20e30
        0x558432f20e30
        0x558432f20e30
        0x558432f20e30
        0x558432f20e30
        0x558432f20e30
        0x558432f20e30
        0x558432f20e30
        0x558432f20e30
        0x558432f20e30
        0x558432f20e30
        0x558432f20e30
        0x558432f20e30
        0x558432f20e30
        0x558432f20e30
        0x558432f20e30
        0x558432f20e30
        0x558432f20e30
        0x558432f20e30
        0x558432f20e30
        0x558432f20e30
        0x558432f20e30
        0x558432f20e30
        0x558432f20e30
        0x558432f20e30
        0x558432f20e30
        0x558432f20e30
        0x558432f20e30
        0x558432f20e30
        0x558432f20e30
        0x558432f20e30
        0x558432f20e30
        0x558432f20e30
        0x558432f20e30
        0x558432f20e30
        0x558432f20e30
        0x558432f20e30
        0x558432f20e30
        0x558432f20e30
        0x558432f20e30
        0x558432f20e30
        0x558432f20e30
        0x558432f20e30
        0x558432f20e30
        0x558432f20e30
        0x558432f20e30
        0x558432f20e30
        0x558432f20e30
        0x558432f20e30
        0x558432f20e30
        0x558432f20e30
        0x558432f20e30
        0x558432f20e30
        0x558432f20e30
        0x558432f20e30
        0x558432f20e30
        0x558432f20e30
        0x558432f20e30
        0x558432f20e30
        0x558432f20e30
        0x558432f20e30
        0x558432f20e30
        0x558432f20e30
        0x558432f20e30
        0x558432f20e30
        0x558432f20e30
        0x558432f20e30
        0x558432f20e30
        0x558432f20e30
        0x558432f20e30
        0x558432f20e30
        0x558432f20e30
        0x558432f20e30
        0x558432f20e30
        0x558432f20e30
        0x558432f20e30
        0x558432f20e30
        0x558432f20e30
]: 1
@preempt_stack[
        0x7f953e32956d
        0x7f95000000ec
        0x3f80000000000000
]: 1
@preempt_stack[
        0x7f953dd51799
]: 1
@preempt_stack[
        0x401c9549
        0x40c0d864
        0x4077cadf
        0x7f949c846428
        0x7f949c9e578f
        0x558431b82490
]: 1
@preempt_stack[
        0x7f953dd46c91
        0
]: 1
@preempt_stack[
        0x7f953e5b0738
]: 1
@preempt_stack[
        mono_metadata_type_hash+96
        0x120000
        0x5584350752c8
        0x5584350752c8
        0x5584350752c8
        0x5584350752c8
        0x5584350752c8
        0x5584350752c8
        0x5584350752c8
        0x5584350752c8
        0x5584350752c8
        0x5584350752c8
        0x5584350752c8
        0x5584350752c8
        0x5584350752c8
        0x5584350752c8
        0x5584350752c8
        0x5584350752c8
        0x5584350752c8
        0x5584350752c8
        0x5584350752c8
        0x5584350752c8
        0x5584350752c8
        0x5584350752c8
        0x5584350752c8
        0x5584350752c8
        0x5584350752c8
        0x5584350752c8
        0x5584350752c8
        0x5584350752c8
        0x5584350752c8
        0x5584350752c8
        0x5584350752c8
        0x5584350752c8
        0x5584350752c8
        0x5584350752c8
        0x5584350752c8
        0x5584350752c8
        0x5584350752c8
        0x5584350752c8
        0x5584350752c8
        0x5584350752c8
        0x5584350752c8
        0x5584350752c8
        0x5584350752c8
        0x5584350752c8
        0x5584350752c8
        0x5584350752c8
        0x5584350752c8
        0x5584350752c8
        0x5584350752c8
        0x5584350752c8
        0x5584350752c8
        0x5584350752c8
        0x5584350752c8
        0x5584350752c8
        0x5584350752c8
        0x5584350752c8
        0x5584350752c8
        0x5584350752c8
        0x5584350752c8
        0x5584350752c8
        0x5584350752c8
        0x5584350752c8
        0x5584350752c8
        0x5584350752c8
        0x5584350752c8
        0x5584350752c8
        0x5584350752c8
        0x5584350752c8
        0x5584350752c8
        0x5584350752c8
        0x5584350752c8
        0x5584350752c8
        0x5584350752c8
        0x5584350752c8
        0x5584350752c8
        0x5584350752c8
        0x5584350752c8
        0x5584350752c8
        0x5584350752c8
        0x5584350752c8
        0x5584350752c8
        0x5584350752c8
        0x5584350752c8
        0x5584350752c8
        0x5584350752c8
        0x5584350752c8
        0x5584350752c8
        0x5584350752c8
        0x5584350752c8
        0x5584350752c8
        0x5584350752c8
        0x5584350752c8
        0x5584350752c8
        0x5584350752c8
        0x5584350752c8
        0x5584350752c8
        0x5584350752c8
        0x5584350752c8
        0x5584350752c8
        0x5584350752c8
        0x5584350752c8
        0x5584350752c8
        0x5584350752c8
        0x5584350752c8
        0x5584350752c8
        0x5584350752c8
        0x5584350752c8
        0x5584350752c8
        0x5584350752c8
        0x5584350752c8
        0x5584350752c8
        0x5584350752c8
        0x5584350752c8
        0x5584350752c8
        0x5584350752c8
        0x5584350752c8
        0x5584350752c8
        0x5584350752c8
        0x5584350752c8
        0x5584350752c8
        0x5584350752c8
        0x5584350752c8
        0x5584350752c8
        0x5584350752c8
        0x5584350752c8
]: 1
@preempt_stack[
        0x7f949ca544cc
        0x40195268
]: 1
@preempt_stack[
        0x7f953e5a54fe
]: 1
@preempt_stack[
        __pthread_mutex_unlock+64
]: 1
@preempt_stack[
        0x7f949c9ce4de
        0x55843333de78
        0x55843333de78
        0x55843333de78
        0x55843333de78
        0x55843333de78
        0x55843333de78
        0x55843333de78
        0x55843333de78
        0x55843333de78
        0x55843333de78
        0x55843333de78
        0x55843333de78
        0x55843333de78
        0x55843333de78
        0x55843333de78
        0x55843333de78
        0x55843333de78
        0x55843333de78
        0x55843333de78
        0x55843333de78
        0x55843333de78
        0x55843333de78
        0x55843333de78
        0x55843333de78
        0x55843333de78
        0x55843333de78
        0x55843333de78
        0x55843333de78
        0x55843333de78
        0x55843333de78
        0x55843333de78
        0x55843333de78
        0x55843333de78
        0x55843333de78
        0x55843333de78
        0x55843333de78
        0x55843333de78
        0x55843333de78
        0x55843333de78
        0x55843333de78
        0x55843333de78
        0x55843333de78
        0x55843333de78
        0x55843333de78
        0x55843333de78
        0x55843333de78
        0x55843333de78
        0x55843333de78
        0x55843333de78
        0x55843333de78
        0x55843333de78
        0x55843333de78
        0x55843333de78
        0x55843333de78
        0x55843333de78
        0x55843333de78
        0x55843333de78
        0x55843333de78
        0x55843333de78
        0x55843333de78
        0x55843333de78
        0x55843333de78
        0x55843333de78
        0x55843333de78
        0x55843333de78
        0x55843333de78
        0x55843333de78
        0x55843333de78
        0x55843333de78
        0x55843333de78
        0x55843333de78
        0x55843333de78
        0x55843333de78
        0x55843333de78
        0x55843333de78
        0x55843333de78
        0x55843333de78
        0x55843333de78
        0x55843333de78
        0x55843333de78
        0x55843333de78
        0x55843333de78
        0x55843333de78
        0x55843333de78
        0x55843333de78
        0x55843333de78
        0x55843333de78
        0x55843333de78
        0x55843333de78
        0x55843333de78
        0x55843333de78
        0x55843333de78
        0x55843333de78
        0x55843333de78
        0x55843333de78
        0x55843333de78
        0x55843333de78
        0x55843333de78
        0x55843333de78
        0x55843333de78
        0x55843333de78
        0x55843333de78
        0x55843333de78
        0x55843333de78
        0x55843333de78
        0x55843333de78
        0x55843333de78
        0x55843333de78
        0x55843333de78
        0x55843333de78
        0x55843333de78
        0x55843333de78
        0x55843333de78
        0x55843333de78
        0x55843333de78
        0x55843333de78
        0x55843333de78
        0x55843333de78
        0x55843333de78
        0x55843333de78
        0x55843333de78
        0x55843333de78
        0x55843333de78
        0x55843333de78
        0x55843333de78
        0x55843333de78
]: 1
@preempt_stack[
        GC_dirty_inner+41
        0x40eac640
        0x40ea95d9
        0x40ca69ba
        0x40407e56
        0x40403d24
        0x7f949c846428
        0x7f949c9e578f
        0x558431b82490
]: 1
@preempt_stack[
        0x7f949c9ace49
        0
]: 1
@preempt_stack[
        0x7f953e329582
        0x7f9502d1ffc0
]: 1
@preempt_stack[
        __pthread_mutex_lock+7
]: 1
@preempt_stack[
        mono_metadata_type_hash+80
        0x120000
        0x558434e22740
        0x558434e22740
        0x558434e22740
        0x558434e22740
        0x558434e22740
        0x558434e22740
        0x558434e22740
        0x558434e22740
        0x558434e22740
        0x558434e22740
        0x558434e22740
        0x558434e22740
        0x558434e22740
        0x558434e22740
        0x558434e22740
        0x558434e22740
        0x558434e22740
        0x558434e22740
        0x558434e22740
        0x558434e22740
        0x558434e22740
        0x558434e22740
        0x558434e22740
        0x558434e22740
        0x558434e22740
        0x558434e22740
        0x558434e22740
        0x558434e22740
        0x558434e22740
        0x558434e22740
        0x558434e22740
        0x558434e22740
        0x558434e22740
        0x558434e22740
        0x558434e22740
        0x558434e22740
        0x558434e22740
        0x558434e22740
        0x558434e22740
        0x558434e22740
        0x558434e22740
        0x558434e22740
        0x558434e22740
        0x558434e22740
        0x558434e22740
        0x558434e22740
        0x558434e22740
        0x558434e22740
        0x558434e22740
        0x558434e22740
        0x558434e22740
        0x558434e22740
        0x558434e22740
        0x558434e22740
        0x558434e22740
        0x558434e22740
        0x558434e22740
        0x558434e22740
        0x558434e22740
        0x558434e22740
        0x558434e22740
        0x558434e22740
        0x558434e22740
        0x558434e22740
        0x558434e22740
        0x558434e22740
        0x558434e22740
        0x558434e22740
        0x558434e22740
        0x558434e22740
        0x558434e22740
        0x558434e22740
        0x558434e22740
        0x558434e22740
        0x558434e22740
        0x558434e22740
        0x558434e22740
        0x558434e22740
        0x558434e22740
        0x558434e22740
        0x558434e22740
        0x558434e22740
        0x558434e22740
        0x558434e22740
        0x558434e22740
        0x558434e22740
        0x558434e22740
        0x558434e22740
        0x558434e22740
        0x558434e22740
        0x558434e22740
        0x558434e22740
        0x558434e22740
        0x558434e22740
        0x558434e22740
        0x558434e22740
        0x558434e22740
        0x558434e22740
        0x558434e22740
        0x558434e22740
        0x558434e22740
        0x558434e22740
        0x558434e22740
        0x558434e22740
        0x558434e22740
        0x558434e22740
        0x558434e22740
        0x558434e22740
        0x558434e22740
        0x558434e22740
        0x558434e22740
        0x558434e22740
        0x558434e22740
        0x558434e22740
        0x558434e22740
        0x558434e22740
        0x558434e22740
        0x558434e22740
        0x558434e22740
        0x558434e22740
        0x558434e22740
        0x558434e22740
        0x558434e22740
        0x558434e22740
        0x558434e22740
]: 1
@preempt_stack[
        0x7f949c9dcfa3
        0x120000
        0x558434f01860
        0x558434f01860
        0x558434f01860
        0x558434f01860
        0x558434f01860
        0x558434f01860
        0x558434f01860
        0x558434f01860
        0x558434f01860
        0x558434f01860
        0x558434f01860
        0x558434f01860
        0x558434f01860
        0x558434f01860
        0x558434f01860
        0x558434f01860
        0x558434f01860
        0x558434f01860
        0x558434f01860
        0x558434f01860
        0x558434f01860
        0x558434f01860
        0x558434f01860
        0x558434f01860
        0x558434f01860
        0x558434f01860
        0x558434f01860
        0x558434f01860
        0x558434f01860
        0x558434f01860
        0x558434f01860
        0x558434f01860
        0x558434f01860
        0x558434f01860
        0x558434f01860
        0x558434f01860
        0x558434f01860
        0x558434f01860
        0x558434f01860
        0x558434f01860
        0x558434f01860
        0x558434f01860
        0x558434f01860
        0x558434f01860
        0x558434f01860
        0x558434f01860
        0x558434f01860
        0x558434f01860
        0x558434f01860
        0x558434f01860
        0x558434f01860
        0x558434f01860
        0x558434f01860
        0x558434f01860
        0x558434f01860
        0x558434f01860
        0x558434f01860
        0x558434f01860
        0x558434f01860
        0x558434f01860
        0x558434f01860
        0x558434f01860
        0x558434f01860
        0x558434f01860
        0x558434f01860
        0x558434f01860
        0x558434f01860
        0x558434f01860
        0x558434f01860
        0x558434f01860
        0x558434f01860
        0x558434f01860
        0x558434f01860
        0x558434f01860
        0x558434f01860
        0x558434f01860
        0x558434f01860
        0x558434f01860
        0x558434f01860
        0x558434f01860
        0x558434f01860
        0x558434f01860
        0x558434f01860
        0x558434f01860
        0x558434f01860
        0x558434f01860
        0x558434f01860
        0x558434f01860
        0x558434f01860
        0x558434f01860
        0x558434f01860
        0x558434f01860
        0x558434f01860
        0x558434f01860
        0x558434f01860
        0x558434f01860
        0x558434f01860
        0x558434f01860
        0x558434f01860
        0x558434f01860
        0x558434f01860
        0x558434f01860
        0x558434f01860
        0x558434f01860
        0x558434f01860
        0x558434f01860
        0x558434f01860
        0x558434f01860
        0x558434f01860
        0x558434f01860
        0x558434f01860
        0x558434f01860
        0x558434f01860
        0x558434f01860
        0x558434f01860
        0x558434f01860
        0x558434f01860
        0x558434f01860
        0x558434f01860
        0x558434f01860
        0x558434f01860
        0x558434f01860
        0x558434f01860
        0x558434f01860
        0x558434f01860
]: 1
@preempt_stack[
        0x7f949c8f904e
]: 1
@preempt_stack[
        0x40caf0d7
        0x40d05e14
        0x40d05eec
        0x40d05eec
        0x40d05eec
        0x40d04f78
        0x40d0350d
        0x40a8b124
        0x40407e56
        0x40403d24
        0x7f949c846428
        0x7f949c9e578f
        0x558431b82490
]: 1
@preempt_stack[
        0x7f949c8383a0
]: 1
@preempt_stack[
        0x7f949ca4d762
        0x558435b5b4c0
]: 1
@preempt_stack[
        mono_g_hash_table_lookup_extended+66
        0x110000
        0x558432077b18
        0x558432077b18
        0x558432077b18
        0x558432077b18
        0x558432077b18
        0x558432077b18
        0x558432077b18
        0x558432077b18
        0x558432077b18
        0x558432077b18
        0x558432077b18
        0x558432077b18
        0x558432077b18
        0x558432077b18
        0x558432077b18
        0x558432077b18
        0x558432077b18
        0x558432077b18
        0x558432077b18
        0x558432077b18
        0x558432077b18
        0x558432077b18
        0x558432077b18
        0x558432077b18
        0x558432077b18
        0x558432077b18
        0x558432077b18
        0x558432077b18
        0x558432077b18
        0x558432077b18
        0x558432077b18
        0x558432077b18
        0x558432077b18
        0x558432077b18
        0x558432077b18
        0x558432077b18
        0x558432077b18
        0x558432077b18
        0x558432077b18
        0x558432077b18
        0x558432077b18
        0x558432077b18
        0x558432077b18
        0x558432077b18
        0x558432077b18
        0x558432077b18
        0x558432077b18
        0x558432077b18
        0x558432077b18
        0x558432077b18
        0x558432077b18
        0x558432077b18
        0x558432077b18
        0x558432077b18
        0x558432077b18
        0x558432077b18
        0x558432077b18
        0x558432077b18
        0x558432077b18
        0x558432077b18
        0x558432077b18
        0x558432077b18
        0x558432077b18
        0x558432077b18
        0x558432077b18
        0x558432077b18
        0x558432077b18
        0x558432077b18
        0x558432077b18
        0x558432077b18
        0x558432077b18
        0x558432077b18
        0x558432077b18
        0x558432077b18
        0x558432077b18
        0x558432077b18
        0x558432077b18
        0x558432077b18
        0x558432077b18
        0x558432077b18
        0x558432077b18
        0x558432077b18
        0x558432077b18
        0x558432077b18
        0x558432077b18
        0x558432077b18
        0x558432077b18
        0x558432077b18
        0x558432077b18
        0x558432077b18
        0x558432077b18
        0x558432077b18
        0x558432077b18
        0x558432077b18
        0x558432077b18
        0x558432077b18
        0x558432077b18
        0x558432077b18
        0x558432077b18
        0x558432077b18
        0x558432077b18
        0x558432077b18
        0x558432077b18
        0x558432077b18
        0x558432077b18
        0x558432077b18
        0x558432077b18
        0x558432077b18
        0x558432077b18
        0x558432077b18
        0x558432077b18
        0x558432077b18
        0x558432077b18
        0x558432077b18
        0x558432077b18
        0x558432077b18
        0x558432077b18
        0x558432077b18
        0x558432077b18
        0x558432077b18
        0x558432077b18
        0x558432077b18
        0x558432077b18
        0x558432077b18
        0x558432077b18
]: 1
@preempt_stack[
        0x402f21ca
        0x40c0d864
        0x4077cadf
        0x7f949c846428
        0x7f949c9e578f
        0x558431b82490
]: 1
@preempt_stack[
        0x7f949c9cb609
        0x1
        0
        0x558434abf0c0
]: 1
@preempt_stack[
        0x7f953dcd7d82
        0x74107440742
]: 1
@preempt_stack[
        0x40caf06e
        0x40cabc4c
        0x40cab139
        0x40ca6ac7
        0x40407e56
        0x40403d24
        0x7f949c846428
        0x7f949c9e578f
        0x558431b82490
]: 1
@preempt_stack[
        0x7f949c9dcfa3
        0x120000
        0x558431b4aa60
        0x558431b4aa60
        0x558431b4aa60
        0x558431b4aa60
        0x558431b4aa60
        0x558431b4aa60
        0x558431b4aa60
        0x558431b4aa60
        0x558431b4aa60
        0x558431b4aa60
        0x558431b4aa60
        0x558431b4aa60
        0x558431b4aa60
        0x558431b4aa60
        0x558431b4aa60
        0x558431b4aa60
        0x558431b4aa60
        0x558431b4aa60
        0x558431b4aa60
        0x558431b4aa60
        0x558431b4aa60
        0x558431b4aa60
        0x558431b4aa60
        0x558431b4aa60
        0x558431b4aa60
        0x558431b4aa60
        0x558431b4aa60
        0x558431b4aa60
        0x558431b4aa60
        0x558431b4aa60
        0x558431b4aa60
        0x558431b4aa60
        0x558431b4aa60
        0x558431b4aa60
        0x558431b4aa60
        0x558431b4aa60
        0x558431b4aa60
        0x558431b4aa60
        0x558431b4aa60
        0x558431b4aa60
        0x558431b4aa60
        0x558431b4aa60
        0x558431b4aa60
        0x558431b4aa60
        0x558431b4aa60
        0x558431b4aa60
        0x558431b4aa60
        0x558431b4aa60
        0x558431b4aa60
        0x558431b4aa60
        0x558431b4aa60
        0x558431b4aa60
        0x558431b4aa60
        0x558431b4aa60
        0x558431b4aa60
        0x558431b4aa60
        0x558431b4aa60
        0x558431b4aa60
        0x558431b4aa60
        0x558431b4aa60
        0x558431b4aa60
        0x558431b4aa60
        0x558431b4aa60
        0x558431b4aa60
        0x558431b4aa60
        0x558431b4aa60
        0x558431b4aa60
        0x558431b4aa60
        0x558431b4aa60
        0x558431b4aa60
        0x558431b4aa60
        0x558431b4aa60
        0x558431b4aa60
        0x558431b4aa60
        0x558431b4aa60
        0x558431b4aa60
        0x558431b4aa60
        0x558431b4aa60
        0x558431b4aa60
        0x558431b4aa60
        0x558431b4aa60
        0x558431b4aa60
        0x558431b4aa60
        0x558431b4aa60
        0x558431b4aa60
        0x558431b4aa60
        0x558431b4aa60
        0x558431b4aa60
        0x558431b4aa60
        0x558431b4aa60
        0x558431b4aa60
        0x558431b4aa60
        0x558431b4aa60
        0x558431b4aa60
        0x558431b4aa60
        0x558431b4aa60
        0x558431b4aa60
        0x558431b4aa60
        0x558431b4aa60
        0x558431b4aa60
        0x558431b4aa60
        0x558431b4aa60
        0x558431b4aa60
        0x558431b4aa60
        0x558431b4aa60
        0x558431b4aa60
        0x558431b4aa60
        0x558431b4aa60
        0x558431b4aa60
        0x558431b4aa60
        0x558431b4aa60
        0x558431b4aa60
        0x558431b4aa60
        0x558431b4aa60
        0x558431b4aa60
        0x558431b4aa60
        0x558431b4aa60
        0x558431b4aa60
        0x558431b4aa60
        0x558431b4aa60
        0x558431b4aa60
        0x558431b4aa60
        0x558431b4aa60
        0x558431b4aa60
        0x558431b4aa60
]: 1
@preempt_stack[
        0x7f949c9cb5c4
        0
        0
        0x55843503f610
]: 1
@preempt_stack[
        0x40caf122
]: 1
@preempt_stack[
        0x7f949ca0f68f
        0x130000
        0
        0
        0x558434e69d70
]: 1
@preempt_stack[
        0x7f949c9e44f9
        0x120000
        0x558432099988
        0x558432099988
        0x558432099988
        0x558432099988
        0x558432099988
        0x558432099988
        0x558432099988
        0x558432099988
        0x558432099988
        0x558432099988
        0x558432099988
        0x558432099988
        0x558432099988
        0x558432099988
        0x558432099988
        0x558432099988
        0x558432099988
        0x558432099988
        0x558432099988
        0x558432099988
        0x558432099988
        0x558432099988
        0x558432099988
        0x558432099988
        0x558432099988
        0x558432099988
        0x558432099988
        0x558432099988
        0x558432099988
        0x558432099988
        0x558432099988
        0x558432099988
        0x558432099988
        0x558432099988
        0x558432099988
        0x558432099988
        0x558432099988
        0x558432099988
        0x558432099988
        0x558432099988
        0x558432099988
        0x558432099988
        0x558432099988
        0x558432099988
        0x558432099988
        0x558432099988
        0x558432099988
        0x558432099988
        0x558432099988
        0x558432099988
        0x558432099988
        0x558432099988
        0x558432099988
        0x558432099988
        0x558432099988
        0x558432099988
        0x558432099988
        0x558432099988
        0x558432099988
        0x558432099988
        0x558432099988
        0x558432099988
        0x558432099988
        0x558432099988
        0x558432099988
        0x558432099988
        0x558432099988
        0x558432099988
        0x558432099988
        0x558432099988
        0x558432099988
        0x558432099988
        0x558432099988
        0x558432099988
        0x558432099988
        0x558432099988
        0x558432099988
        0x558432099988
        0x558432099988
        0x558432099988
        0x558432099988
        0x558432099988
        0x558432099988
        0x558432099988
        0x558432099988
        0x558432099988
        0x558432099988
        0x558432099988
        0x558432099988
        0x558432099988
        0x558432099988
        0x558432099988
        0x558432099988
        0x558432099988
        0x558432099988
        0x558432099988
        0x558432099988
        0x558432099988
        0x558432099988
        0x558432099988
        0x558432099988
        0x558432099988
        0x558432099988
        0x558432099988
        0x558432099988
        0x558432099988
        0x558432099988
        0x558432099988
        0x558432099988
        0x558432099988
        0x558432099988
        0x558432099988
        0x558432099988
        0x558432099988
        0x558432099988
        0x558432099988
        0x558432099988
        0x558432099988
        0x558432099988
        0x558432099988
        0x558432099988
        0x558432099988
        0x558432099988
        0x558432099988
        0x558432099988
]: 1
@preempt_stack[
        0x40441d1d
]: 1
@preempt_stack[
        mono_metadata_type_hash+80
        0x120000
        0x558432b07fa8
        0x558432b07fa8
        0x558432b07fa8
        0x558432b07fa8
        0x558432b07fa8
        0x558432b07fa8
        0x558432b07fa8
        0x558432b07fa8
        0x558432b07fa8
        0x558432b07fa8
        0x558432b07fa8
        0x558432b07fa8
        0x558432b07fa8
        0x558432b07fa8
        0x558432b07fa8
        0x558432b07fa8
        0x558432b07fa8
        0x558432b07fa8
        0x558432b07fa8
        0x558432b07fa8
        0x558432b07fa8
        0x558432b07fa8
        0x558432b07fa8
        0x558432b07fa8
        0x558432b07fa8
        0x558432b07fa8
        0x558432b07fa8
        0x558432b07fa8
        0x558432b07fa8
        0x558432b07fa8
        0x558432b07fa8
        0x558432b07fa8
        0x558432b07fa8
        0x558432b07fa8
        0x558432b07fa8
        0x558432b07fa8
        0x558432b07fa8
        0x558432b07fa8
        0x558432b07fa8
        0x558432b07fa8
        0x558432b07fa8
        0x558432b07fa8
        0x558432b07fa8
        0x558432b07fa8
        0x558432b07fa8
        0x558432b07fa8
        0x558432b07fa8
        0x558432b07fa8
        0x558432b07fa8
        0x558432b07fa8
        0x558432b07fa8
        0x558432b07fa8
        0x558432b07fa8
        0x558432b07fa8
        0x558432b07fa8
        0x558432b07fa8
        0x558432b07fa8
        0x558432b07fa8
        0x558432b07fa8
        0x558432b07fa8
        0x558432b07fa8
        0x558432b07fa8
        0x558432b07fa8
        0x558432b07fa8
        0x558432b07fa8
        0x558432b07fa8
        0x558432b07fa8
        0x558432b07fa8
        0x558432b07fa8
        0x558432b07fa8
        0x558432b07fa8
        0x558432b07fa8
        0x558432b07fa8
        0x558432b07fa8
        0x558432b07fa8
        0x558432b07fa8
        0x558432b07fa8
        0x558432b07fa8
        0x558432b07fa8
        0x558432b07fa8
        0x558432b07fa8
        0x558432b07fa8
        0x558432b07fa8
        0x558432b07fa8
        0x558432b07fa8
        0x558432b07fa8
        0x558432b07fa8
        0x558432b07fa8
        0x558432b07fa8
        0x558432b07fa8
        0x558432b07fa8
        0x558432b07fa8
        0x558432b07fa8
        0x558432b07fa8
        0x558432b07fa8
        0x558432b07fa8
        0x558432b07fa8
        0x558432b07fa8
        0x558432b07fa8
        0x558432b07fa8
        0x558432b07fa8
        0x558432b07fa8
        0x558432b07fa8
        0x558432b07fa8
        0x558432b07fa8
        0x558432b07fa8
        0x558432b07fa8
        0x558432b07fa8
        0x558432b07fa8
        0x558432b07fa8
        0x558432b07fa8
        0x558432b07fa8
        0x558432b07fa8
        0x558432b07fa8
        0x558432b07fa8
        0x558432b07fa8
        0x558432b07fa8
        0x558432b07fa8
        0x558432b07fa8
        0x558432b07fa8
        0x558432b07fa8
        0x558432b07fa8
        0x558432b07fa8
        0x558432b07fa8
        0x558432b07fa8
]: 1
@preempt_stack[
        0x7f953d9073e0
        0x3132207265
]: 1
@preempt_stack[
        0x7f949c9ce4d8
        0x558434cffb48
        0x558434cffb48
        0x558434cffb48
        0x558434cffb48
        0x558434cffb48
        0x558434cffb48
        0x558434cffb48
        0x558434cffb48
        0x558434cffb48
        0x558434cffb48
        0x558434cffb48
        0x558434cffb48
        0x558434cffb48
        0x558434cffb48
        0x558434cffb48
        0x558434cffb48
        0x558434cffb48
        0x558434cffb48
        0x558434cffb48
        0x558434cffb48
        0x558434cffb48
        0x558434cffb48
        0x558434cffb48
        0x558434cffb48
        0x558434cffb48
        0x558434cffb48
        0x558434cffb48
        0x558434cffb48
        0x558434cffb48
        0x558434cffb48
        0x558434cffb48
        0x558434cffb48
        0x558434cffb48
        0x558434cffb48
        0x558434cffb48
        0x558434cffb48
        0x558434cffb48
        0x558434cffb48
        0x558434cffb48
        0x558434cffb48
        0x558434cffb48
        0x558434cffb48
        0x558434cffb48
        0x558434cffb48
        0x558434cffb48
        0x558434cffb48
        0x558434cffb48
        0x558434cffb48
        0x558434cffb48
        0x558434cffb48
        0x558434cffb48
        0x558434cffb48
        0x558434cffb48
        0x558434cffb48
        0x558434cffb48
        0x558434cffb48
        0x558434cffb48
        0x558434cffb48
        0x558434cffb48
        0x558434cffb48
        0x558434cffb48
        0x558434cffb48
        0x558434cffb48
        0x558434cffb48
        0x558434cffb48
        0x558434cffb48
        0x558434cffb48
        0x558434cffb48
        0x558434cffb48
        0x558434cffb48
        0x558434cffb48
        0x558434cffb48
        0x558434cffb48
        0x558434cffb48
        0x558434cffb48
        0x558434cffb48
        0x558434cffb48
        0x558434cffb48
        0x558434cffb48
        0x558434cffb48
        0x558434cffb48
        0x558434cffb48
        0x558434cffb48
        0x558434cffb48
        0x558434cffb48
        0x558434cffb48
        0x558434cffb48
        0x558434cffb48
        0x558434cffb48
        0x558434cffb48
        0x558434cffb48
        0x558434cffb48
        0x558434cffb48
        0x558434cffb48
        0x558434cffb48
        0x558434cffb48
        0x558434cffb48
        0x558434cffb48
        0x558434cffb48
        0x558434cffb48
        0x558434cffb48
        0x558434cffb48
        0x558434cffb48
        0x558434cffb48
        0x558434cffb48
        0x558434cffb48
        0x558434cffb48
        0x558434cffb48
        0x558434cffb48
        0x558434cffb48
        0x558434cffb48
        0x558434cffb48
        0x558434cffb48
        0x558434cffb48
        0x558434cffb48
        0x558434cffb48
        0x558434cffb48
        0x558434cffb48
        0x558434cffb48
        0x558434cffb48
        0x558434cffb48
        0x558434cffb48
        0x558434cffb48
        0x558434cffb48
        0x558434cffb48
        0x558434cffb48
]: 1
@preempt_stack[
        0x7f953dd517f9
]: 1
@preempt_stack[
        0x7f953d907383
]: 1
@preempt_stack[
        0x40441d84
        0x4044b20c
]: 1
@preempt_stack[
        mono_g_hash_table_lookup_extended+16
        0x120000
        0x5584353256c8
        0x5584353256c8
        0x5584353256c8
        0x5584353256c8
        0x5584353256c8
        0x5584353256c8
        0x5584353256c8
        0x5584353256c8
        0x5584353256c8
        0x5584353256c8
        0x5584353256c8
        0x5584353256c8
        0x5584353256c8
        0x5584353256c8
        0x5584353256c8
        0x5584353256c8
        0x5584353256c8
        0x5584353256c8
        0x5584353256c8
        0x5584353256c8
        0x5584353256c8
        0x5584353256c8
        0x5584353256c8
        0x5584353256c8
        0x5584353256c8
        0x5584353256c8
        0x5584353256c8
        0x5584353256c8
        0x5584353256c8
        0x5584353256c8
        0x5584353256c8
        0x5584353256c8
        0x5584353256c8
        0x5584353256c8
        0x5584353256c8
        0x5584353256c8
        0x5584353256c8
        0x5584353256c8
        0x5584353256c8
        0x5584353256c8
        0x5584353256c8
        0x5584353256c8
        0x5584353256c8
        0x5584353256c8
        0x5584353256c8
        0x5584353256c8
        0x5584353256c8
        0x5584353256c8
        0x5584353256c8
        0x5584353256c8
        0x5584353256c8
        0x5584353256c8
        0x5584353256c8
        0x5584353256c8
        0x5584353256c8
        0x5584353256c8
        0x5584353256c8
        0x5584353256c8
        0x5584353256c8
        0x5584353256c8
        0x5584353256c8
        0x5584353256c8
        0x5584353256c8
        0x5584353256c8
        0x5584353256c8
        0x5584353256c8
        0x5584353256c8
        0x5584353256c8
        0x5584353256c8
        0x5584353256c8
        0x5584353256c8
        0x5584353256c8
        0x5584353256c8
        0x5584353256c8
        0x5584353256c8
        0x5584353256c8
        0x5584353256c8
        0x5584353256c8
        0x5584353256c8
        0x5584353256c8
        0x5584353256c8
        0x5584353256c8
        0x5584353256c8
        0x5584353256c8
        0x5584353256c8
        0x5584353256c8
        0x5584353256c8
        0x5584353256c8
        0x5584353256c8
        0x5584353256c8
        0x5584353256c8
        0x5584353256c8
        0x5584353256c8
        0x5584353256c8
        0x5584353256c8
        0x5584353256c8
        0x5584353256c8
        0x5584353256c8
        0x5584353256c8
        0x5584353256c8
        0x5584353256c8
        0x5584353256c8
        0x5584353256c8
        0x5584353256c8
        0x5584353256c8
        0x5584353256c8
        0x5584353256c8
        0x5584353256c8
        0x5584353256c8
        0x5584353256c8
        0x5584353256c8
        0x5584353256c8
        0x5584353256c8
        0x5584353256c8
        0x5584353256c8
        0x5584353256c8
        0x5584353256c8
        0x5584353256c8
        0x5584353256c8
        0x5584353256c8
        0x5584353256c8
        0x5584353256c8
        0x5584353256c8
        0x5584353256c8
        0x5584353256c8
]: 1
@preempt_stack[
        0x7f933319ffe6
        0x2ba802b4f77
        0x7f93330fd370
        0xd24c1e90789
]: 1
@preempt_stack[
        0x7f949ca3c401
        0x40a8a7df
        0x40407e56
        0x40403d24
        0x7f949c846428
        0x7f949c9e578f
        0x558431b82490
]: 1
@preempt_stack[
        0x7f953dd18ff1
        0x7f0000000002
]: 1
@preempt_stack[
        0x7f953e5b6371
]: 1
@preempt_stack[
        0x7f953dd2ae11
        0
]: 1
@preempt_stack[
        0x7f949c96f58e
        0x120000
        0x558434f02630
        0x558434f02630
        0x558434f02630
        0x558434f02630
        0x558434f02630
        0x558434f02630
        0x558434f02630
        0x558434f02630
        0x558434f02630
        0x558434f02630
        0x558434f02630
        0x558434f02630
        0x558434f02630
        0x558434f02630
        0x558434f02630
        0x558434f02630
        0x558434f02630
        0x558434f02630
        0x558434f02630
        0x558434f02630
        0x558434f02630
        0x558434f02630
        0x558434f02630
        0x558434f02630
        0x558434f02630
        0x558434f02630
        0x558434f02630
        0x558434f02630
        0x558434f02630
        0x558434f02630
        0x558434f02630
        0x558434f02630
        0x558434f02630
        0x558434f02630
        0x558434f02630
        0x558434f02630
        0x558434f02630
        0x558434f02630
        0x558434f02630
        0x558434f02630
        0x558434f02630
        0x558434f02630
        0x558434f02630
        0x558434f02630
        0x558434f02630
        0x558434f02630
        0x558434f02630
        0x558434f02630
        0x558434f02630
        0x558434f02630
        0x558434f02630
        0x558434f02630
        0x558434f02630
        0x558434f02630
        0x558434f02630
        0x558434f02630
        0x558434f02630
        0x558434f02630
        0x558434f02630
        0x558434f02630
        0x558434f02630
        0x558434f02630
        0x558434f02630
        0x558434f02630
        0x558434f02630
        0x558434f02630
        0x558434f02630
        0x558434f02630
        0x558434f02630
        0x558434f02630
        0x558434f02630
        0x558434f02630
        0x558434f02630
        0x558434f02630
        0x558434f02630
        0x558434f02630
        0x558434f02630
        0x558434f02630
        0x558434f02630
        0x558434f02630
        0x558434f02630
        0x558434f02630
        0x558434f02630
        0x558434f02630
        0x558434f02630
        0x558434f02630
        0x558434f02630
        0x558434f02630
        0x558434f02630
        0x558434f02630
        0x558434f02630
        0x558434f02630
        0x558434f02630
        0x558434f02630
        0x558434f02630
        0x558434f02630
        0x558434f02630
        0x558434f02630
        0x558434f02630
        0x558434f02630
        0x558434f02630
        0x558434f02630
        0x558434f02630
        0x558434f02630
        0x558434f02630
        0x558434f02630
        0x558434f02630
        0x558434f02630
        0x558434f02630
        0x558434f02630
        0x558434f02630
        0x558434f02630
        0x558434f02630
        0x558434f02630
        0x558434f02630
        0x558434f02630
        0x558434f02630
        0x558434f02630
        0x558434f02630
        0x558434f02630
        0x558434f02630
        0x558434f02630
        0x558434f02630
        0x558434f02630
        0x558434f02630
]: 1
@preempt_stack[
        0x7f953dd1a4d1
        0x7f9500000514
        0x3f80000000000000
]: 1
@preempt_stack[
        0x7f953dd3d802
        0x10000
        0x7f9501fda150
        0x58
        0x558431afba9000
]: 1
@preempt_stack[
        0x7f949c9cb66b
        0x130000
        0
        0
        0x558434a12b10
]: 1
@preempt_stack[
        0x406afda6
]: 1
@preempt_stack[
        0x7f953dd3fbf3
        0xffffffffffd56908
        0
]: 1
@preempt_stack[
        0x7f953e6fda6f
]: 1
@preempt_stack[
        0x7f949c8f8deb
]: 1
@preempt_stack[
        0x7f953d905b5d
]: 1
@preempt_stack[
        0x7f953dd431fd
        0x7f953e010000
        0x7f9501c5ff30
        0x58
]: 1
@preempt_stack[
        0x40442a26
]: 1
@preempt_stack[
        0x7f953dd5179c
]: 1
@preempt_stack[
        0x7f953dd55240
]: 1
@preempt_stack[
        0x7f953d676cb0
]: 1
@preempt_stack[
        0x7f953d907604
        0
]: 1
@preempt_stack[
        0x7f953db2b624
        0x7f9502c8bb38
        0x7f94b79a0148
        0x7f9502aaaab8
        0x7f94b7941918
        0x7f94b3225178
        0x7f94b74a8898
        0x7f94b799a8b8
        0x7f94b7991848
        0x7f94b79924e8
        0x7f9502aa7d38
        0x7f94b79936d8
        0x7f94b7993cf8
        0x7f9502a9deb8
        0x7f9502c278c8
        0x7f94b79946a8
        0x7f9502ab7ca8
        0x7f94b7994ad8
        0x7f94b7995108
        0x7f94b796c608
        0x7f9502a866b8
        0x7f9502a86938
        0x7f94b79500f8
        0x7f94b7954ae8
        0x7f9501e61f48
        0x7f9502ef6d38
        0x7f9501d93b18
        0x7f9502ebbfb8
        0x7f950274b0e8
        0x7f9502e7c168
        0x7f950155fa58
        0x7f94b7942c88
        0x7f94b6cccb68
        0x7f94b6960b88
        0x7f94b7a64c58
        0x7f94b66a6478
        0x7f94b66a6058
        0x7f94b7942768
        0x7f94b65f25f8
        0x7f94b7a48828
        0x7f94b7a45a18
        0x7f94b7a45198
        0x7f94b5feaaf8
        0x7f94b5e11048
        0x7f94b7a2ad58
        0x7f94b7938248
        0x7f94b662de88
        0x7f94b5ec4278
        0x7f94b7a936f8
        0x7f94b7aabc48
        0x7f94b7aabb58
        0x7f94b77a3678
        0x7f94b5f3a728
        0x7f94b7a77108
        0x7f94b5e4d008
        0x7f94b5efe6b8
        0x7f94b5efe518
        0x7f94b60d3f28
        0x7f94b60d3d88
        0x7f94b6200118
        0x7f94b61fff78
        0x7f94b61ffdd8
        0x7f94b6d07168
        0x7f94b6d06fc8
        0x7f94b322ee18
        0x7f94b322ec78
        0x7f9501d72668
        0x7f9502cd5878
        0x7f94b3fc3758
        0x7f9502810048
        0x7f95027d7268
        0x7f950155c198
        0x7f95026a8ad8
        0x7f9502e41948
        0x7f9502c145b8
        0x7f9502cfddb8
        0x7f9502ebef18
        0x7f9502afa6c8
        0x7f9502ef5528
        0x7f9502ef36f8
        0x7f9502ef1928
        0x7f9502eecd38
        0x7f95026beac8
        0x7f9502eeb9c8
        0x7f9502ee9e68
        0x7f9502e5a8a8
        0x7f9502e58d08
        0x7f9502e57108
        0x7f9502b75c18
        0x7f9502e7ec28
        0x7f9502f1ce18
        0x7f9502f1b208
        0x7f9502f19658
        0x7f9502f17828
        0x7f9502f15c18
        0x7f9502f05248
        0x7f9502f10608
        0x7f9502f0e7d8
        0x7f9502f0c9a8
        0x7f9502f0ab78
        0x7f9502f08d48
        0x7f9502f070e8
        0x7f9502f002c8
        0x7f9502f00d38
        0x7f9502f2ee58
        0x7f9502f2d298
        0x7f9502f2b468
        0x7f9502f29858
        0x7f9502f21d88
        0x7f9502efb3d8
        0x7f9502efac38
        0x7f9502f17c28
        0x7f9502f44548
        0x7f9502aa4938
        0x7f9502aa2d78
        0x7f9502f3bd28
        0x7f9502f377e8
        0x7f9502f23118
        0x7f9502f33658
        0x7f94b3ff73a8
        0x7f94b3983c58
        0x7f94b366bdc8
        0x7f94b4668828
        0x7f94b46bde98
        0x7f94b45838b8
        0x7f94b3aafb58
        0x7f94b3c9ab28
]: 1
@preempt_stack[
        0x7f949c9dcfa3
        0x120000
        0x5584353877c0
        0x5584353877c0
        0x5584353877c0
        0x5584353877c0
        0x5584353877c0
        0x5584353877c0
        0x5584353877c0
        0x5584353877c0
        0x5584353877c0
        0x5584353877c0
        0x5584353877c0
        0x5584353877c0
        0x5584353877c0
        0x5584353877c0
        0x5584353877c0
        0x5584353877c0
        0x5584353877c0
        0x5584353877c0
        0x5584353877c0
        0x5584353877c0
        0x5584353877c0
        0x5584353877c0
        0x5584353877c0
        0x5584353877c0
        0x5584353877c0
        0x5584353877c0
        0x5584353877c0
        0x5584353877c0
        0x5584353877c0
        0x5584353877c0
        0x5584353877c0
        0x5584353877c0
        0x5584353877c0
        0x5584353877c0
        0x5584353877c0
        0x5584353877c0
        0x5584353877c0
        0x5584353877c0
        0x5584353877c0
        0x5584353877c0
        0x5584353877c0
        0x5584353877c0
        0x5584353877c0
        0x5584353877c0
        0x5584353877c0
        0x5584353877c0
        0x5584353877c0
        0x5584353877c0
        0x5584353877c0
        0x5584353877c0
        0x5584353877c0
        0x5584353877c0
        0x5584353877c0
        0x5584353877c0
        0x5584353877c0
        0x5584353877c0
        0x5584353877c0
        0x5584353877c0
        0x5584353877c0
        0x5584353877c0
        0x5584353877c0
        0x5584353877c0
        0x5584353877c0
        0x5584353877c0
        0x5584353877c0
        0x5584353877c0
        0x5584353877c0
        0x5584353877c0
        0x5584353877c0
        0x5584353877c0
        0x5584353877c0
        0x5584353877c0
        0x5584353877c0
        0x5584353877c0
        0x5584353877c0
        0x5584353877c0
        0x5584353877c0
        0x5584353877c0
        0x5584353877c0
        0x5584353877c0
        0x5584353877c0
        0x5584353877c0
        0x5584353877c0
        0x5584353877c0
        0x5584353877c0
        0x5584353877c0
        0x5584353877c0
        0x5584353877c0
        0x5584353877c0
        0x5584353877c0
        0x5584353877c0
        0x5584353877c0
        0x5584353877c0
        0x5584353877c0
        0x5584353877c0
        0x5584353877c0
        0x5584353877c0
        0x5584353877c0
        0x5584353877c0
        0x5584353877c0
        0x5584353877c0
        0x5584353877c0
        0x5584353877c0
        0x5584353877c0
        0x5584353877c0
        0x5584353877c0
        0x5584353877c0
        0x5584353877c0
        0x5584353877c0
        0x5584353877c0
        0x5584353877c0
        0x5584353877c0
        0x5584353877c0
        0x5584353877c0
        0x5584353877c0
        0x5584353877c0
        0x5584353877c0
        0x5584353877c0
        0x5584353877c0
        0x5584353877c0
        0x5584353877c0
        0x5584353877c0
        0x5584353877c0
        0x5584353877c0
        0x5584353877c0
]: 1
@preempt_stack[
        0x40af8bba
        0x40cab139
        0x40ca6ac7
        0x40407e56
        0x40403d24
        0x7f949c846428
        0x7f949c9e578f
        0x558431b82490
]: 1
@preempt_stack[
        0x7f953dcc5fb1
        0
]: 1
@preempt_stack[
        0x7f949c9cb8e4
        0x130000
        0
        0
        0x5584327bfdc0
]: 1
@preempt_stack[
        0x7f953e5a56be
]: 1
@preempt_stack[
        0x7f949c9cb64a
        0x120000
        0x558433334390
        0x558433334390
        0x558433334390
        0x558433334390
        0x558433334390
        0x558433334390
        0x558433334390
        0x558433334390
        0x558433334390
        0x558433334390
        0x558433334390
        0x558433334390
        0x558433334390
        0x558433334390
        0x558433334390
        0x558433334390
        0x558433334390
        0x558433334390
        0x558433334390
        0x558433334390
        0x558433334390
        0x558433334390
        0x558433334390
        0x558433334390
        0x558433334390
        0x558433334390
        0x558433334390
        0x558433334390
        0x558433334390
        0x558433334390
        0x558433334390
        0x558433334390
        0x558433334390
        0x558433334390
        0x558433334390
        0x558433334390
        0x558433334390
        0x558433334390
        0x558433334390
        0x558433334390
        0x558433334390
        0x558433334390
        0x558433334390
        0x558433334390
        0x558433334390
        0x558433334390
        0x558433334390
        0x558433334390
        0x558433334390
        0x558433334390
        0x558433334390
        0x558433334390
        0x558433334390
        0x558433334390
        0x558433334390
        0x558433334390
        0x558433334390
        0x558433334390
        0x558433334390
        0x558433334390
        0x558433334390
        0x558433334390
        0x558433334390
        0x558433334390
        0x558433334390
        0x558433334390
        0x558433334390
        0x558433334390
        0x558433334390
        0x558433334390
        0x558433334390
        0x558433334390
        0x558433334390
        0x558433334390
        0x558433334390
        0x558433334390
        0x558433334390
        0x558433334390
        0x558433334390
        0x558433334390
        0x558433334390
        0x558433334390
        0x558433334390
        0x558433334390
        0x558433334390
        0x558433334390
        0x558433334390
        0x558433334390
        0x558433334390
        0x558433334390
        0x558433334390
        0x558433334390
        0x558433334390
        0x558433334390
        0x558433334390
        0x558433334390
        0x558433334390
        0x558433334390
        0x558433334390
        0x558433334390
        0x558433334390
        0x558433334390
        0x558433334390
        0x558433334390
        0x558433334390
        0x558433334390
        0x558433334390
        0x558433334390
        0x558433334390
        0x558433334390
        0x558433334390
        0x558433334390
        0x558433334390
        0x558433334390
        0x558433334390
        0x558433334390
        0x558433334390
        0x558433334390
        0x558433334390
        0x558433334390
        0x558433334390
        0x558433334390
        0x558433334390
        0x558433334390
        0x558433334390
]: 1
@preempt_stack[
        0x7f949c9b66da
]: 1
@preempt_stack[
        0x7f949c9dcfa3
        0x110000
        0x5584334b8378
        0x5584334b8378
        0x5584334b8378
        0x5584334b8378
        0x5584334b8378
        0x5584334b8378
        0x5584334b8378
        0x5584334b8378
        0x5584334b8378
        0x5584334b8378
        0x5584334b8378
        0x5584334b8378
        0x5584334b8378
        0x5584334b8378
        0x5584334b8378
        0x5584334b8378
        0x5584334b8378
        0x5584334b8378
        0x5584334b8378
        0x5584334b8378
        0x5584334b8378
        0x5584334b8378
        0x5584334b8378
        0x5584334b8378
        0x5584334b8378
        0x5584334b8378
        0x5584334b8378
        0x5584334b8378
        0x5584334b8378
        0x5584334b8378
        0x5584334b8378
        0x5584334b8378
        0x5584334b8378
        0x5584334b8378
        0x5584334b8378
        0x5584334b8378
        0x5584334b8378
        0x5584334b8378
        0x5584334b8378
        0x5584334b8378
        0x5584334b8378
        0x5584334b8378
        0x5584334b8378
        0x5584334b8378
        0x5584334b8378
        0x5584334b8378
        0x5584334b8378
        0x5584334b8378
        0x5584334b8378
        0x5584334b8378
        0x5584334b8378
        0x5584334b8378
        0x5584334b8378
        0x5584334b8378
        0x5584334b8378
        0x5584334b8378
        0x5584334b8378
        0x5584334b8378
        0x5584334b8378
        0x5584334b8378
        0x5584334b8378
        0x5584334b8378
        0x5584334b8378
        0x5584334b8378
        0x5584334b8378
        0x5584334b8378
        0x5584334b8378
        0x5584334b8378
        0x5584334b8378
        0x5584334b8378
        0x5584334b8378
        0x5584334b8378
        0x5584334b8378
        0x5584334b8378
        0x5584334b8378
        0x5584334b8378
        0x5584334b8378
        0x5584334b8378
        0x5584334b8378
        0x5584334b8378
        0x5584334b8378
        0x5584334b8378
        0x5584334b8378
        0x5584334b8378
        0x5584334b8378
        0x5584334b8378
        0x5584334b8378
        0x5584334b8378
        0x5584334b8378
        0x5584334b8378
        0x5584334b8378
        0x5584334b8378
        0x5584334b8378
        0x5584334b8378
        0x5584334b8378
        0x5584334b8378
        0x5584334b8378
        0x5584334b8378
        0x5584334b8378
        0x5584334b8378
        0x5584334b8378
        0x5584334b8378
        0x5584334b8378
        0x5584334b8378
        0x5584334b8378
        0x5584334b8378
        0x5584334b8378
        0x5584334b8378
        0x5584334b8378
        0x5584334b8378
        0x5584334b8378
        0x5584334b8378
        0x5584334b8378
        0x5584334b8378
        0x5584334b8378
        0x5584334b8378
        0x5584334b8378
        0x5584334b8378
        0x5584334b8378
        0x5584334b8378
        0x5584334b8378
        0x5584334b8378
        0x5584334b8378
        0x5584334b8378
        0x5584334b8378
]: 1
@preempt_stack[
        0x7f949c99d360
]: 1
@preempt_stack[
        0x7f949c972c35
        0x5584326b8250
        0x5584325c5100
]: 1
@preempt_stack[
        0x7f949c9a235a
]: 1
@preempt_stack[
        0x4063fd9a
        0x4050a81c
        0x4046dfb8
        0x40785934
        0x401c67a6
        0x7f949c846428
        0x7f949c9e578f
        0x558431b82490
]: 1
@preempt_stack[
        0x7f953eabc9fc
        0x829e1d28
]: 1
@preempt_stack[
        mono_metadata_type_hash+96
        0x110000
        0x558435364f88
        0x558435364f88
        0x558435364f88
        0x558435364f88
        0x558435364f88
        0x558435364f88
        0x558435364f88
        0x558435364f88
        0x558435364f88
        0x558435364f88
        0x558435364f88
        0x558435364f88
        0x558435364f88
        0x558435364f88
        0x558435364f88
        0x558435364f88
        0x558435364f88
        0x558435364f88
        0x558435364f88
        0x558435364f88
        0x558435364f88
        0x558435364f88
        0x558435364f88
        0x558435364f88
        0x558435364f88
        0x558435364f88
        0x558435364f88
        0x558435364f88
        0x558435364f88
        0x558435364f88
        0x558435364f88
        0x558435364f88
        0x558435364f88
        0x558435364f88
        0x558435364f88
        0x558435364f88
        0x558435364f88
        0x558435364f88
        0x558435364f88
        0x558435364f88
        0x558435364f88
        0x558435364f88
        0x558435364f88
        0x558435364f88
        0x558435364f88
        0x558435364f88
        0x558435364f88
        0x558435364f88
        0x558435364f88
        0x558435364f88
        0x558435364f88
        0x558435364f88
        0x558435364f88
        0x558435364f88
        0x558435364f88
        0x558435364f88
        0x558435364f88
        0x558435364f88
        0x558435364f88
        0x558435364f88
        0x558435364f88
        0x558435364f88
        0x558435364f88
        0x558435364f88
        0x558435364f88
        0x558435364f88
        0x558435364f88
        0x558435364f88
        0x558435364f88
        0x558435364f88
        0x558435364f88
        0x558435364f88
        0x558435364f88
        0x558435364f88
        0x558435364f88
        0x558435364f88
        0x558435364f88
        0x558435364f88
        0x558435364f88
        0x558435364f88
        0x558435364f88
        0x558435364f88
        0x558435364f88
        0x558435364f88
        0x558435364f88
        0x558435364f88
        0x558435364f88
        0x558435364f88
        0x558435364f88
        0x558435364f88
        0x558435364f88
        0x558435364f88
        0x558435364f88
        0x558435364f88
        0x558435364f88
        0x558435364f88
        0x558435364f88
        0x558435364f88
        0x558435364f88
        0x558435364f88
        0x558435364f88
        0x558435364f88
        0x558435364f88
        0x558435364f88
        0x558435364f88
        0x558435364f88
        0x558435364f88
        0x558435364f88
        0x558435364f88
        0x558435364f88
        0x558435364f88
        0x558435364f88
        0x558435364f88
        0x558435364f88
        0x558435364f88
        0x558435364f88
        0x558435364f88
        0x558435364f88
        0x558435364f88
        0x558435364f88
        0x558435364f88
        0x558435364f88
        0x558435364f88
        0x558435364f88
        0x558435364f88
]: 1
@preempt_stack[
        0x7f953dcd7d32
        0x8c108c408c2
]: 1
@preempt_stack[
        0x40cac421
        0x40cabc4c
        0x40cab139
        0x40ca6ac7
        0x40407e56
        0x40403d24
        0x7f949c846428
        0x7f949c9e578f
        0x558431b82490
]: 1
@preempt_stack[
        0x7f953dd1fe32
        0x10000
        0x7f9502c44e70
        0x58
]: 1
@preempt_stack[
        0x7f949c9dcfa3
        0x120000
        0x558435173b78
        0x558435173b78
        0x558435173b78
        0x558435173b78
        0x558435173b78
        0x558435173b78
        0x558435173b78
        0x558435173b78
        0x558435173b78
        0x558435173b78
        0x558435173b78
        0x558435173b78
        0x558435173b78
        0x558435173b78
        0x558435173b78
        0x558435173b78
        0x558435173b78
        0x558435173b78
        0x558435173b78
        0x558435173b78
        0x558435173b78
        0x558435173b78
        0x558435173b78
        0x558435173b78
        0x558435173b78
        0x558435173b78
        0x558435173b78
        0x558435173b78
        0x558435173b78
        0x558435173b78
        0x558435173b78
        0x558435173b78
        0x558435173b78
        0x558435173b78
        0x558435173b78
        0x558435173b78
        0x558435173b78
        0x558435173b78
        0x558435173b78
        0x558435173b78
        0x558435173b78
        0x558435173b78
        0x558435173b78
        0x558435173b78
        0x558435173b78
        0x558435173b78
        0x558435173b78
        0x558435173b78
        0x558435173b78
        0x558435173b78
        0x558435173b78
        0x558435173b78
        0x558435173b78
        0x558435173b78
        0x558435173b78
        0x558435173b78
        0x558435173b78
        0x558435173b78
        0x558435173b78
        0x558435173b78
        0x558435173b78
        0x558435173b78
        0x558435173b78
        0x558435173b78
        0x558435173b78
        0x558435173b78
        0x558435173b78
        0x558435173b78
        0x558435173b78
        0x558435173b78
        0x558435173b78
        0x558435173b78
        0x558435173b78
        0x558435173b78
        0x558435173b78
        0x558435173b78
        0x558435173b78
        0x558435173b78
        0x558435173b78
        0x558435173b78
        0x558435173b78
        0x558435173b78
        0x558435173b78
        0x558435173b78
        0x558435173b78
        0x558435173b78
        0x558435173b78
        0x558435173b78
        0x558435173b78
        0x558435173b78
        0x558435173b78
        0x558435173b78
        0x558435173b78
        0x558435173b78
        0x558435173b78
        0x558435173b78
        0x558435173b78
        0x558435173b78
        0x558435173b78
        0x558435173b78
        0x558435173b78
        0x558435173b78
        0x558435173b78
        0x558435173b78
        0x558435173b78
        0x558435173b78
        0x558435173b78
        0x558435173b78
        0x558435173b78
        0x558435173b78
        0x558435173b78
        0x558435173b78
        0x558435173b78
        0x558435173b78
        0x558435173b78
        0x558435173b78
        0x558435173b78
        0x558435173b78
        0x558435173b78
        0x558435173b78
        0x558435173b78
        0x558435173b78
        0x558435173b78
        0x558435173b78
        0x558435173b78
]: 1
@preempt_stack[
        mono_metadata_type_hash+80
        0x120000
        0x558432821418
        0x558432821418
        0x558432821418
        0x558432821418
        0x558432821418
        0x558432821418
        0x558432821418
        0x558432821418
        0x558432821418
        0x558432821418
        0x558432821418
        0x558432821418
        0x558432821418
        0x558432821418
        0x558432821418
        0x558432821418
        0x558432821418
        0x558432821418
        0x558432821418
        0x558432821418
        0x558432821418
        0x558432821418
        0x558432821418
        0x558432821418
        0x558432821418
        0x558432821418
        0x558432821418
        0x558432821418
        0x558432821418
        0x558432821418
        0x558432821418
        0x558432821418
        0x558432821418
        0x558432821418
        0x558432821418
        0x558432821418
        0x558432821418
        0x558432821418
        0x558432821418
        0x558432821418
        0x558432821418
        0x558432821418
        0x558432821418
        0x558432821418
        0x558432821418
        0x558432821418
        0x558432821418
        0x558432821418
        0x558432821418
        0x558432821418
        0x558432821418
        0x558432821418
        0x558432821418
        0x558432821418
        0x558432821418
        0x558432821418
        0x558432821418
        0x558432821418
        0x558432821418
        0x558432821418
        0x558432821418
        0x558432821418
        0x558432821418
        0x558432821418
        0x558432821418
        0x558432821418
        0x558432821418
        0x558432821418
        0x558432821418
        0x558432821418
        0x558432821418
        0x558432821418
        0x558432821418
        0x558432821418
        0x558432821418
        0x558432821418
        0x558432821418
        0x558432821418
        0x558432821418
        0x558432821418
        0x558432821418
        0x558432821418
        0x558432821418
        0x558432821418
        0x558432821418
        0x558432821418
        0x558432821418
        0x558432821418
        0x558432821418
        0x558432821418
        0x558432821418
        0x558432821418
        0x558432821418
        0x558432821418
        0x558432821418
        0x558432821418
        0x558432821418
        0x558432821418
        0x558432821418
        0x558432821418
        0x558432821418
        0x558432821418
        0x558432821418
        0x558432821418
        0x558432821418
        0x558432821418
        0x558432821418
        0x558432821418
        0x558432821418
        0x558432821418
        0x558432821418
        0x558432821418
        0x558432821418
        0x558432821418
        0x558432821418
        0x558432821418
        0x558432821418
        0x558432821418
        0x558432821418
        0x558432821418
        0x558432821418
        0x558432821418
        0x558432821418
        0x558432821418
        0x558432821418
]: 1
@preempt_stack[
        0x40caefc4
        0x40cabc4c
        0x40cab139
        0x40ca6ac7
        0x40407e56
        0x40403d24
        0x7f949c846428
        0x7f949c9e578f
        0x558431b82490
]: 1
@preempt_stack[
        0x7f949c9ce4f8
        0x558434e235a8
        0x558434e235a8
        0x558434e235a8
        0x558434e235a8
        0x558434e235a8
        0x558434e235a8
        0x558434e235a8
        0x558434e235a8
        0x558434e235a8
        0x558434e235a8
        0x558434e235a8
        0x558434e235a8
        0x558434e235a8
        0x558434e235a8
        0x558434e235a8
        0x558434e235a8
        0x558434e235a8
        0x558434e235a8
        0x558434e235a8
        0x558434e235a8
        0x558434e235a8
        0x558434e235a8
        0x558434e235a8
        0x558434e235a8
        0x558434e235a8
        0x558434e235a8
        0x558434e235a8
        0x558434e235a8
        0x558434e235a8
        0x558434e235a8
        0x558434e235a8
        0x558434e235a8
        0x558434e235a8
        0x558434e235a8
        0x558434e235a8
        0x558434e235a8
        0x558434e235a8
        0x558434e235a8
        0x558434e235a8
        0x558434e235a8
        0x558434e235a8
        0x558434e235a8
        0x558434e235a8
        0x558434e235a8
        0x558434e235a8
        0x558434e235a8
        0x558434e235a8
        0x558434e235a8
        0x558434e235a8
        0x558434e235a8
        0x558434e235a8
        0x558434e235a8
        0x558434e235a8
        0x558434e235a8
        0x558434e235a8
        0x558434e235a8
        0x558434e235a8
        0x558434e235a8
        0x558434e235a8
        0x558434e235a8
        0x558434e235a8
        0x558434e235a8
        0x558434e235a8
        0x558434e235a8
        0x558434e235a8
        0x558434e235a8
        0x558434e235a8
        0x558434e235a8
        0x558434e235a8
        0x558434e235a8
        0x558434e235a8
        0x558434e235a8
        0x558434e235a8
        0x558434e235a8
        0x558434e235a8
        0x558434e235a8
        0x558434e235a8
        0x558434e235a8
        0x558434e235a8
        0x558434e235a8
        0x558434e235a8
        0x558434e235a8
        0x558434e235a8
        0x558434e235a8
        0x558434e235a8
        0x558434e235a8
        0x558434e235a8
        0x558434e235a8
        0x558434e235a8
        0x558434e235a8
        0x558434e235a8
        0x558434e235a8
        0x558434e235a8
        0x558434e235a8
        0x558434e235a8
        0x558434e235a8
        0x558434e235a8
        0x558434e235a8
        0x558434e235a8
        0x558434e235a8
        0x558434e235a8
        0x558434e235a8
        0x558434e235a8
        0x558434e235a8
        0x558434e235a8
        0x558434e235a8
        0x558434e235a8
        0x558434e235a8
        0x558434e235a8
        0x558434e235a8
        0x558434e235a8
        0x558434e235a8
        0x558434e235a8
        0x558434e235a8
        0x558434e235a8
        0x558434e235a8
        0x558434e235a8
        0x558434e235a8
        0x558434e235a8
        0x558434e235a8
        0x558434e235a8
        0x558434e235a8
        0x558434e235a8
        0x558434e235a8
        0x558434e235a8
        0x558434e235a8
]: 1
@preempt_stack[
        0x7f949c9b66e8
]: 1
@preempt_stack[
        0x7f949c9e44f9
        0x120000
        0x558435394d80
        0x558435394d80
        0x558435394d80
        0x558435394d80
        0x558435394d80
        0x558435394d80
        0x558435394d80
        0x558435394d80
        0x558435394d80
        0x558435394d80
        0x558435394d80
        0x558435394d80
        0x558435394d80
        0x558435394d80
        0x558435394d80
        0x558435394d80
        0x558435394d80
        0x558435394d80
        0x558435394d80
        0x558435394d80
        0x558435394d80
        0x558435394d80
        0x558435394d80
        0x558435394d80
        0x558435394d80
        0x558435394d80
        0x558435394d80
        0x558435394d80
        0x558435394d80
        0x558435394d80
        0x558435394d80
        0x558435394d80
        0x558435394d80
        0x558435394d80
        0x558435394d80
        0x558435394d80
        0x558435394d80
        0x558435394d80
        0x558435394d80
        0x558435394d80
        0x558435394d80
        0x558435394d80
        0x558435394d80
        0x558435394d80
        0x558435394d80
        0x558435394d80
        0x558435394d80
        0x558435394d80
        0x558435394d80
        0x558435394d80
        0x558435394d80
        0x558435394d80
        0x558435394d80
        0x558435394d80
        0x558435394d80
        0x558435394d80
        0x558435394d80
        0x558435394d80
        0x558435394d80
        0x558435394d80
        0x558435394d80
        0x558435394d80
        0x558435394d80
        0x558435394d80
        0x558435394d80
        0x558435394d80
        0x558435394d80
        0x558435394d80
        0x558435394d80
        0x558435394d80
        0x558435394d80
        0x558435394d80
        0x558435394d80
        0x558435394d80
        0x558435394d80
        0x558435394d80
        0x558435394d80
        0x558435394d80
        0x558435394d80
        0x558435394d80
        0x558435394d80
        0x558435394d80
        0x558435394d80
        0x558435394d80
        0x558435394d80
        0x558435394d80
        0x558435394d80
        0x558435394d80
        0x558435394d80
        0x558435394d80
        0x558435394d80
        0x558435394d80
        0x558435394d80
        0x558435394d80
        0x558435394d80
        0x558435394d80
        0x558435394d80
        0x558435394d80
        0x558435394d80
        0x558435394d80
        0x558435394d80
        0x558435394d80
        0x558435394d80
        0x558435394d80
        0x558435394d80
        0x558435394d80
        0x558435394d80
        0x558435394d80
        0x558435394d80
        0x558435394d80
        0x558435394d80
        0x558435394d80
        0x558435394d80
        0x558435394d80
        0x558435394d80
        0x558435394d80
        0x558435394d80
        0x558435394d80
        0x558435394d80
        0x558435394d80
        0x558435394d80
        0x558435394d80
        0x558435394d80
        0x558435394d80
        0x558435394d80
]: 1
@preempt_stack[
        free+27
]: 1
@preempt_stack[
        0x7f953d90594c
        0xc810c840c81
]: 1
@preempt_stack[
        0x7f953d9015b5
        0xd81
]: 1
@preempt_stack[
        0x7f953dcd7ad1
        0xc810c840c81
]: 1
@preempt_stack[
        0x7f949c9e44f9
        0x110000
        0x558432d3aad0
        0x558432d3aad0
        0x558432d3aad0
        0x558432d3aad0
        0x558432d3aad0
        0x558432d3aad0
        0x558432d3aad0
        0x558432d3aad0
        0x558432d3aad0
        0x558432d3aad0
        0x558432d3aad0
        0x558432d3aad0
        0x558432d3aad0
        0x558432d3aad0
        0x558432d3aad0
        0x558432d3aad0
        0x558432d3aad0
        0x558432d3aad0
        0x558432d3aad0
        0x558432d3aad0
        0x558432d3aad0
        0x558432d3aad0
        0x558432d3aad0
        0x558432d3aad0
        0x558432d3aad0
        0x558432d3aad0
        0x558432d3aad0
        0x558432d3aad0
        0x558432d3aad0
        0x558432d3aad0
        0x558432d3aad0
        0x558432d3aad0
        0x558432d3aad0
        0x558432d3aad0
        0x558432d3aad0
        0x558432d3aad0
        0x558432d3aad0
        0x558432d3aad0
        0x558432d3aad0
        0x558432d3aad0
        0x558432d3aad0
        0x558432d3aad0
        0x558432d3aad0
        0x558432d3aad0
        0x558432d3aad0
        0x558432d3aad0
        0x558432d3aad0
        0x558432d3aad0
        0x558432d3aad0
        0x558432d3aad0
        0x558432d3aad0
        0x558432d3aad0
        0x558432d3aad0
        0x558432d3aad0
        0x558432d3aad0
        0x558432d3aad0
        0x558432d3aad0
        0x558432d3aad0
        0x558432d3aad0
        0x558432d3aad0
        0x558432d3aad0
        0x558432d3aad0
        0x558432d3aad0
        0x558432d3aad0
        0x558432d3aad0
        0x558432d3aad0
        0x558432d3aad0
        0x558432d3aad0
        0x558432d3aad0
        0x558432d3aad0
        0x558432d3aad0
        0x558432d3aad0
        0x558432d3aad0
        0x558432d3aad0
        0x558432d3aad0
        0x558432d3aad0
        0x558432d3aad0
        0x558432d3aad0
        0x558432d3aad0
        0x558432d3aad0
        0x558432d3aad0
        0x558432d3aad0
        0x558432d3aad0
        0x558432d3aad0
        0x558432d3aad0
        0x558432d3aad0
        0x558432d3aad0
        0x558432d3aad0
        0x558432d3aad0
        0x558432d3aad0
        0x558432d3aad0
        0x558432d3aad0
        0x558432d3aad0
        0x558432d3aad0
        0x558432d3aad0
        0x558432d3aad0
        0x558432d3aad0
        0x558432d3aad0
        0x558432d3aad0
        0x558432d3aad0
        0x558432d3aad0
        0x558432d3aad0
        0x558432d3aad0
        0x558432d3aad0
        0x558432d3aad0
        0x558432d3aad0
        0x558432d3aad0
        0x558432d3aad0
        0x558432d3aad0
        0x558432d3aad0
        0x558432d3aad0
        0x558432d3aad0
        0x558432d3aad0
        0x558432d3aad0
        0x558432d3aad0
        0x558432d3aad0
        0x558432d3aad0
        0x558432d3aad0
        0x558432d3aad0
        0x558432d3aad0
        0x558432d3aad0
        0x558432d3aad0
        0x558432d3aad0
        0x558432d3aad0
        0x558432d3aad0
]: 1
@preempt_stack[
        0x7f953dd4ec91
        0x789ac8
]: 1
@preempt_stack[
        0x7f953dd180d0
]: 1
@preempt_stack[
        0x7f953d9076a5
        0x7f95006c9740
        0xc810c840c81
]: 1
@preempt_stack[
        0x7f949c9cb609
        0x1
        0
        0x558434836fc0
]: 1
@preempt_stack[
        0x7f949c9e44f9
        0x120000
        0x558435156d20
        0x558435156d20
        0x558435156d20
        0x558435156d20
        0x558435156d20
        0x558435156d20
        0x558435156d20
        0x558435156d20
        0x558435156d20
        0x558435156d20
        0x558435156d20
        0x558435156d20
        0x558435156d20
        0x558435156d20
        0x558435156d20
        0x558435156d20
        0x558435156d20
        0x558435156d20
        0x558435156d20
        0x558435156d20
        0x558435156d20
        0x558435156d20
        0x558435156d20
        0x558435156d20
        0x558435156d20
        0x558435156d20
        0x558435156d20
        0x558435156d20
        0x558435156d20
        0x558435156d20
        0x558435156d20
        0x558435156d20
        0x558435156d20
        0x558435156d20
        0x558435156d20
        0x558435156d20
        0x558435156d20
        0x558435156d20
        0x558435156d20
        0x558435156d20
        0x558435156d20
        0x558435156d20
        0x558435156d20
        0x558435156d20
        0x558435156d20
        0x558435156d20
        0x558435156d20
        0x558435156d20
        0x558435156d20
        0x558435156d20
        0x558435156d20
        0x558435156d20
        0x558435156d20
        0x558435156d20
        0x558435156d20
        0x558435156d20
        0x558435156d20
        0x558435156d20
        0x558435156d20
        0x558435156d20
        0x558435156d20
        0x558435156d20
        0x558435156d20
        0x558435156d20
        0x558435156d20
        0x558435156d20
        0x558435156d20
        0x558435156d20
        0x558435156d20
        0x558435156d20
        0x558435156d20
        0x558435156d20
        0x558435156d20
        0x558435156d20
        0x558435156d20
        0x558435156d20
        0x558435156d20
        0x558435156d20
        0x558435156d20
        0x558435156d20
        0x558435156d20
        0x558435156d20
        0x558435156d20
        0x558435156d20
        0x558435156d20
        0x558435156d20
        0x558435156d20
        0x558435156d20
        0x558435156d20
        0x558435156d20
        0x558435156d20
        0x558435156d20
        0x558435156d20
        0x558435156d20
        0x558435156d20
        0x558435156d20
        0x558435156d20
        0x558435156d20
        0x558435156d20
        0x558435156d20
        0x558435156d20
        0x558435156d20
        0x558435156d20
        0x558435156d20
        0x558435156d20
        0x558435156d20
        0x558435156d20
        0x558435156d20
        0x558435156d20
        0x558435156d20
        0x558435156d20
        0x558435156d20
        0x558435156d20
        0x558435156d20
        0x558435156d20
        0x558435156d20
        0x558435156d20
        0x558435156d20
        0x558435156d20
        0x558435156d20
        0x558435156d20
        0x558435156d20
        0x558435156d20
        0x558435156d20
        0x558435156d20
]: 1
@preempt_stack[
        mono_threads_exit_gc_safe_region_unbalanced+16
        0x401c67a6
        0x7f949c846428
        0x7f949c9e578f
        0x558431b82490
]: 1
@preempt_stack[
        GC_malloc_kind_global+42
]: 1
@preempt_stack[
        0x7f949c9cb5b8
        0
        0
        0x5584333f9450
]: 1
@preempt_stack[
        0x7f953d905a50
        0xd41
]: 1
@preempt_stack[
        monoeg_g_direct_hash+3
]: 1
@preempt_stack[
        pthread_mutex_trylock+909
        0x120000
        0x55843285aef0
        0x55843285aef0
        0x55843285aef0
        0x55843285aef0
        0x55843285aef0
        0x55843285aef0
        0x55843285aef0
        0x55843285aef0
        0x55843285aef0
        0x55843285aef0
        0x55843285aef0
        0x55843285aef0
        0x55843285aef0
        0x55843285aef0
        0x55843285aef0
        0x55843285aef0
        0x55843285aef0
        0x55843285aef0
        0x55843285aef0
        0x55843285aef0
        0x55843285aef0
        0x55843285aef0
        0x55843285aef0
        0x55843285aef0
        0x55843285aef0
        0x55843285aef0
        0x55843285aef0
        0x55843285aef0
        0x55843285aef0
        0x55843285aef0
        0x55843285aef0
        0x55843285aef0
        0x55843285aef0
        0x55843285aef0
        0x55843285aef0
        0x55843285aef0
        0x55843285aef0
        0x55843285aef0
        0x55843285aef0
        0x55843285aef0
        0x55843285aef0
        0x55843285aef0
        0x55843285aef0
        0x55843285aef0
        0x55843285aef0
        0x55843285aef0
        0x55843285aef0
        0x55843285aef0
        0x55843285aef0
        0x55843285aef0
        0x55843285aef0
        0x55843285aef0
        0x55843285aef0
        0x55843285aef0
        0x55843285aef0
        0x55843285aef0
        0x55843285aef0
        0x55843285aef0
        0x55843285aef0
        0x55843285aef0
        0x55843285aef0
        0x55843285aef0
        0x55843285aef0
        0x55843285aef0
        0x55843285aef0
        0x55843285aef0
        0x55843285aef0
        0x55843285aef0
        0x55843285aef0
        0x55843285aef0
        0x55843285aef0
        0x55843285aef0
        0x55843285aef0
        0x55843285aef0
        0x55843285aef0
        0x55843285aef0
        0x55843285aef0
        0x55843285aef0
        0x55843285aef0
        0x55843285aef0
        0x55843285aef0
        0x55843285aef0
        0x55843285aef0
        0x55843285aef0
        0x55843285aef0
        0x55843285aef0
        0x55843285aef0
        0x55843285aef0
        0x55843285aef0
        0x55843285aef0
        0x55843285aef0
        0x55843285aef0
        0x55843285aef0
        0x55843285aef0
        0x55843285aef0
        0x55843285aef0
        0x55843285aef0
        0x55843285aef0
        0x55843285aef0
        0x55843285aef0
        0x55843285aef0
        0x55843285aef0
        0x55843285aef0
        0x55843285aef0
        0x55843285aef0
        0x55843285aef0
        0x55843285aef0
        0x55843285aef0
        0x55843285aef0
        0x55843285aef0
        0x55843285aef0
        0x55843285aef0
        0x55843285aef0
        0x55843285aef0
        0x55843285aef0
        0x55843285aef0
        0x55843285aef0
        0x55843285aef0
        0x55843285aef0
        0x55843285aef0
        0x55843285aef0
        0x55843285aef0
        0x55843285aef0
        0x55843285aef0
        0x55843285aef0
]: 1
@preempt_stack[
        0x7f949c9cb612
        0
        0
        0x7f9450084ca0
]: 1
@preempt_stack[
        0x7f953e5b6537
]: 1
@preempt_stack[
        0x7f949c9af6f5
        0x7f9390bbd65c
        0
        0x7f93000690c0
]: 1
@preempt_stack[
        __pthread_mutex_unlock+4
]: 1
@preempt_stack[
        0x7f949c9cb63c
]: 1
@preempt_stack[
        0x7f953dd4e984
        0x7c007840782
]: 1
@preempt_stack[
        0x7f953e2bcb16
]: 1
@preempt_stack[
        0x7f949c9cb5b8
        0x1
        0
        0x558432a0c520
]: 1
@preempt_stack[
        0x7f949c982dec
]: 1
@preempt_stack[
        pthread_mutex_trylock+909
        0x120000
        0x5584322b9d60
        0x5584322b9d60
        0x5584322b9d60
        0x5584322b9d60
        0x5584322b9d60
        0x5584322b9d60
        0x5584322b9d60
        0x5584322b9d60
        0x5584322b9d60
        0x5584322b9d60
        0x5584322b9d60
        0x5584322b9d60
        0x5584322b9d60
        0x5584322b9d60
        0x5584322b9d60
        0x5584322b9d60
        0x5584322b9d60
        0x5584322b9d60
        0x5584322b9d60
        0x5584322b9d60
        0x5584322b9d60
        0x5584322b9d60
        0x5584322b9d60
        0x5584322b9d60
        0x5584322b9d60
        0x5584322b9d60
        0x5584322b9d60
        0x5584322b9d60
        0x5584322b9d60
        0x5584322b9d60
        0x5584322b9d60
        0x5584322b9d60
        0x5584322b9d60
        0x5584322b9d60
        0x5584322b9d60
        0x5584322b9d60
        0x5584322b9d60
        0x5584322b9d60
        0x5584322b9d60
        0x5584322b9d60
        0x5584322b9d60
        0x5584322b9d60
        0x5584322b9d60
        0x5584322b9d60
        0x5584322b9d60
        0x5584322b9d60
        0x5584322b9d60
        0x5584322b9d60
        0x5584322b9d60
        0x5584322b9d60
        0x5584322b9d60
        0x5584322b9d60
        0x5584322b9d60
        0x5584322b9d60
        0x5584322b9d60
        0x5584322b9d60
        0x5584322b9d60
        0x5584322b9d60
        0x5584322b9d60
        0x5584322b9d60
        0x5584322b9d60
        0x5584322b9d60
        0x5584322b9d60
        0x5584322b9d60
        0x5584322b9d60
        0x5584322b9d60
        0x5584322b9d60
        0x5584322b9d60
        0x5584322b9d60
        0x5584322b9d60
        0x5584322b9d60
        0x5584322b9d60
        0x5584322b9d60
        0x5584322b9d60
        0x5584322b9d60
        0x5584322b9d60
        0x5584322b9d60
        0x5584322b9d60
        0x5584322b9d60
        0x5584322b9d60
        0x5584322b9d60
        0x5584322b9d60
        0x5584322b9d60
        0x5584322b9d60
        0x5584322b9d60
        0x5584322b9d60
        0x5584322b9d60
        0x5584322b9d60
        0x5584322b9d60
        0x5584322b9d60
        0x5584322b9d60
        0x5584322b9d60
        0x5584322b9d60
        0x5584322b9d60
        0x5584322b9d60
        0x5584322b9d60
        0x5584322b9d60
        0x5584322b9d60
        0x5584322b9d60
        0x5584322b9d60
        0x5584322b9d60
        0x5584322b9d60
        0x5584322b9d60
        0x5584322b9d60
        0x5584322b9d60
        0x5584322b9d60
        0x5584322b9d60
        0x5584322b9d60
        0x5584322b9d60
        0x5584322b9d60
        0x5584322b9d60
        0x5584322b9d60
        0x5584322b9d60
        0x5584322b9d60
        0x5584322b9d60
        0x5584322b9d60
        0x5584322b9d60
        0x5584322b9d60
        0x5584322b9d60
        0x5584322b9d60
        0x5584322b9d60
        0x5584322b9d60
        0x5584322b9d60
        0x5584322b9d60
        0x5584322b9d60
]: 1
@preempt_stack[
        0x7f949c9cb619
]: 1
@preempt_stack[
        0x4019be03
        0x4046dfb8
        0x40785934
        0x401c67a6
        0x7f949c846428
        0x7f949c9e578f
        0x558431b82490
]: 1
@preempt_stack[
        0x40c0cf28
        0x40c0d864
        0x4077cadf
        0x7f949c846428
        0x7f949c9e578f
        0x558431b82490
]: 1
@preempt_stack[
        0x7f949c9dcfa3
        0x120000
        0x558432a72210
        0x558432a72210
        0x558432a72210
        0x558432a72210
        0x558432a72210
        0x558432a72210
        0x558432a72210
        0x558432a72210
        0x558432a72210
        0x558432a72210
        0x558432a72210
        0x558432a72210
        0x558432a72210
        0x558432a72210
        0x558432a72210
        0x558432a72210
        0x558432a72210
        0x558432a72210
        0x558432a72210
        0x558432a72210
        0x558432a72210
        0x558432a72210
        0x558432a72210
        0x558432a72210
        0x558432a72210
        0x558432a72210
        0x558432a72210
        0x558432a72210
        0x558432a72210
        0x558432a72210
        0x558432a72210
        0x558432a72210
        0x558432a72210
        0x558432a72210
        0x558432a72210
        0x558432a72210
        0x558432a72210
        0x558432a72210
        0x558432a72210
        0x558432a72210
        0x558432a72210
        0x558432a72210
        0x558432a72210
        0x558432a72210
        0x558432a72210
        0x558432a72210
        0x558432a72210
        0x558432a72210
        0x558432a72210
        0x558432a72210
        0x558432a72210
        0x558432a72210
        0x558432a72210
        0x558432a72210
        0x558432a72210
        0x558432a72210
        0x558432a72210
        0x558432a72210
        0x558432a72210
        0x558432a72210
        0x558432a72210
        0x558432a72210
        0x558432a72210
        0x558432a72210
        0x558432a72210
        0x558432a72210
        0x558432a72210
        0x558432a72210
        0x558432a72210
        0x558432a72210
        0x558432a72210
        0x558432a72210
        0x558432a72210
        0x558432a72210
        0x558432a72210
        0x558432a72210
        0x558432a72210
        0x558432a72210
        0x558432a72210
        0x558432a72210
        0x558432a72210
        0x558432a72210
        0x558432a72210
        0x558432a72210
        0x558432a72210
        0x558432a72210
        0x558432a72210
        0x558432a72210
        0x558432a72210
        0x558432a72210
        0x558432a72210
        0x558432a72210
        0x558432a72210
        0x558432a72210
        0x558432a72210
        0x558432a72210
        0x558432a72210
        0x558432a72210
        0x558432a72210
        0x558432a72210
        0x558432a72210
        0x558432a72210
        0x558432a72210
        0x558432a72210
        0x558432a72210
        0x558432a72210
        0x558432a72210
        0x558432a72210
        0x558432a72210
        0x558432a72210
        0x558432a72210
        0x558432a72210
        0x558432a72210
        0x558432a72210
        0x558432a72210
        0x558432a72210
        0x558432a72210
        0x558432a72210
        0x558432a72210
        0x558432a72210
        0x558432a72210
        0x558432a72210
        0x558432a72210
        0x558432a72210
        0x558432a72210
]: 1
@preempt_stack[
        0x7f949c972c35
        0x558433f95b10
        0x558433f921f0
]: 1
@preempt_stack[
        GC_continue_reclaim+138
        0
]: 1
@preempt_stack[
        0x40dec741
        0x40aaa27c
        0x40a8a7df
        0x40407e56
        0x40403d24
        0x7f949c846428
        0x7f949c9e578f
        0x558431b82490
]: 1
@preempt_stack[
        0x7f949c9ace99
        0
]: 1
@preempt_stack[
        0x7f949c9ac96a
]: 1
@preempt_stack[
        0x41ff96da
        0x4046dfb8
        0x40785934
        0x401c67a6
        0x7f949c846428
        0x7f949c9e578f
        0x558431b82490
]: 1
@preempt_stack[
        0x7f949c9ce4d8
        0x55843530c978
        0x55843530c978
        0x55843530c978
        0x55843530c978
        0x55843530c978
        0x55843530c978
        0x55843530c978
        0x55843530c978
        0x55843530c978
        0x55843530c978
        0x55843530c978
        0x55843530c978
        0x55843530c978
        0x55843530c978
        0x55843530c978
        0x55843530c978
        0x55843530c978
        0x55843530c978
        0x55843530c978
        0x55843530c978
        0x55843530c978
        0x55843530c978
        0x55843530c978
        0x55843530c978
        0x55843530c978
        0x55843530c978
        0x55843530c978
        0x55843530c978
        0x55843530c978
        0x55843530c978
        0x55843530c978
        0x55843530c978
        0x55843530c978
        0x55843530c978
        0x55843530c978
        0x55843530c978
        0x55843530c978
        0x55843530c978
        0x55843530c978
        0x55843530c978
        0x55843530c978
        0x55843530c978
        0x55843530c978
        0x55843530c978
        0x55843530c978
        0x55843530c978
        0x55843530c978
        0x55843530c978
        0x55843530c978
        0x55843530c978
        0x55843530c978
        0x55843530c978
        0x55843530c978
        0x55843530c978
        0x55843530c978
        0x55843530c978
        0x55843530c978
        0x55843530c978
        0x55843530c978
        0x55843530c978
        0x55843530c978
        0x55843530c978
        0x55843530c978
        0x55843530c978
        0x55843530c978
        0x55843530c978
        0x55843530c978
        0x55843530c978
        0x55843530c978
        0x55843530c978
        0x55843530c978
        0x55843530c978
        0x55843530c978
        0x55843530c978
        0x55843530c978
        0x55843530c978
        0x55843530c978
        0x55843530c978
        0x55843530c978
        0x55843530c978
        0x55843530c978
        0x55843530c978
        0x55843530c978
        0x55843530c978
        0x55843530c978
        0x55843530c978
        0x55843530c978
        0x55843530c978
        0x55843530c978
        0x55843530c978
        0x55843530c978
        0x55843530c978
        0x55843530c978
        0x55843530c978
        0x55843530c978
        0x55843530c978
        0x55843530c978
        0x55843530c978
        0x55843530c978
        0x55843530c978
        0x55843530c978
        0x55843530c978
        0x55843530c978
        0x55843530c978
        0x55843530c978
        0x55843530c978
        0x55843530c978
        0x55843530c978
        0x55843530c978
        0x55843530c978
        0x55843530c978
        0x55843530c978
        0x55843530c978
        0x55843530c978
        0x55843530c978
        0x55843530c978
        0x55843530c978
        0x55843530c978
        0x55843530c978
        0x55843530c978
        0x55843530c978
        0x55843530c978
        0x55843530c978
        0x55843530c978
        0x55843530c978
        0x55843530c978
]: 1
@preempt_stack[
        0x7f953caa951a
]: 1
@preempt_stack[
        0x7f949c9cb5b1
        0x130000
        0
        0
        0x558434efd060
]: 1
@preempt_stack[
        0x7f953d90730c
]: 1
@preempt_stack[
        0x7f953d9fb55c
        0xea00038fffef178
        0x7f953da02410
        0x8348078948011124
]: 1
@preempt_stack[
        0x40cac3ec
]: 1
@preempt_stack[
        mono_metadata_type_hash+106
        0x120000
        0x5584329cc498
        0x5584329cc498
        0x5584329cc498
        0x5584329cc498
        0x5584329cc498
        0x5584329cc498
        0x5584329cc498
        0x5584329cc498
        0x5584329cc498
        0x5584329cc498
        0x5584329cc498
        0x5584329cc498
        0x5584329cc498
        0x5584329cc498
        0x5584329cc498
        0x5584329cc498
        0x5584329cc498
        0x5584329cc498
        0x5584329cc498
        0x5584329cc498
        0x5584329cc498
        0x5584329cc498
        0x5584329cc498
        0x5584329cc498
        0x5584329cc498
        0x5584329cc498
        0x5584329cc498
        0x5584329cc498
        0x5584329cc498
        0x5584329cc498
        0x5584329cc498
        0x5584329cc498
        0x5584329cc498
        0x5584329cc498
        0x5584329cc498
        0x5584329cc498
        0x5584329cc498
        0x5584329cc498
        0x5584329cc498
        0x5584329cc498
        0x5584329cc498
        0x5584329cc498
        0x5584329cc498
        0x5584329cc498
        0x5584329cc498
        0x5584329cc498
        0x5584329cc498
        0x5584329cc498
        0x5584329cc498
        0x5584329cc498
        0x5584329cc498
        0x5584329cc498
        0x5584329cc498
        0x5584329cc498
        0x5584329cc498
        0x5584329cc498
        0x5584329cc498
        0x5584329cc498
        0x5584329cc498
        0x5584329cc498
        0x5584329cc498
        0x5584329cc498
        0x5584329cc498
        0x5584329cc498
        0x5584329cc498
        0x5584329cc498
        0x5584329cc498
        0x5584329cc498
        0x5584329cc498
        0x5584329cc498
        0x5584329cc498
        0x5584329cc498
        0x5584329cc498
        0x5584329cc498
        0x5584329cc498
        0x5584329cc498
        0x5584329cc498
        0x5584329cc498
        0x5584329cc498
        0x5584329cc498
        0x5584329cc498
        0x5584329cc498
        0x5584329cc498
        0x5584329cc498
        0x5584329cc498
        0x5584329cc498
        0x5584329cc498
        0x5584329cc498
        0x5584329cc498
        0x5584329cc498
        0x5584329cc498
        0x5584329cc498
        0x5584329cc498
        0x5584329cc498
        0x5584329cc498
        0x5584329cc498
        0x5584329cc498
        0x5584329cc498
        0x5584329cc498
        0x5584329cc498
        0x5584329cc498
        0x5584329cc498
        0x5584329cc498
        0x5584329cc498
        0x5584329cc498
        0x5584329cc498
        0x5584329cc498
        0x5584329cc498
        0x5584329cc498
        0x5584329cc498
        0x5584329cc498
        0x5584329cc498
        0x5584329cc498
        0x5584329cc498
        0x5584329cc498
        0x5584329cc498
        0x5584329cc498
        0x5584329cc498
        0x5584329cc498
        0x5584329cc498
        0x5584329cc498
        0x5584329cc498
        0x5584329cc498
        0x5584329cc498
        0x5584329cc498
]: 1
@preempt_stack[
        0x7f953dd1a601
        0x7f9500000003
        0x3f80000000000000
]: 1
@preempt_stack[
        0x40c0dee3
        0x40c0d864
        0x4077cadf
        0x7f949c846428
        0x7f949c9e578f
        0x558431b82490
]: 1
@preempt_stack[
        0x7f949c99ddaa
]: 1
@preempt_stack[
        0x7f949c9dcfa3
        0x120000
        0x558432270618
        0x558432270618
        0x558432270618
        0x558432270618
        0x558432270618
        0x558432270618
        0x558432270618
        0x558432270618
        0x558432270618
        0x558432270618
        0x558432270618
        0x558432270618
        0x558432270618
        0x558432270618
        0x558432270618
        0x558432270618
        0x558432270618
        0x558432270618
        0x558432270618
        0x558432270618
        0x558432270618
        0x558432270618
        0x558432270618
        0x558432270618
        0x558432270618
        0x558432270618
        0x558432270618
        0x558432270618
        0x558432270618
        0x558432270618
        0x558432270618
        0x558432270618
        0x558432270618
        0x558432270618
        0x558432270618
        0x558432270618
        0x558432270618
        0x558432270618
        0x558432270618
        0x558432270618
        0x558432270618
        0x558432270618
        0x558432270618
        0x558432270618
        0x558432270618
        0x558432270618
        0x558432270618
        0x558432270618
        0x558432270618
        0x558432270618
        0x558432270618
        0x558432270618
        0x558432270618
        0x558432270618
        0x558432270618
        0x558432270618
        0x558432270618
        0x558432270618
        0x558432270618
        0x558432270618
        0x558432270618
        0x558432270618
        0x558432270618
        0x558432270618
        0x558432270618
        0x558432270618
        0x558432270618
        0x558432270618
        0x558432270618
        0x558432270618
        0x558432270618
        0x558432270618
        0x558432270618
        0x558432270618
        0x558432270618
        0x558432270618
        0x558432270618
        0x558432270618
        0x558432270618
        0x558432270618
        0x558432270618
        0x558432270618
        0x558432270618
        0x558432270618
        0x558432270618
        0x558432270618
        0x558432270618
        0x558432270618
        0x558432270618
        0x558432270618
        0x558432270618
        0x558432270618
        0x558432270618
        0x558432270618
        0x558432270618
        0x558432270618
        0x558432270618
        0x558432270618
        0x558432270618
        0x558432270618
        0x558432270618
        0x558432270618
        0x558432270618
        0x558432270618
        0x558432270618
        0x558432270618
        0x558432270618
        0x558432270618
        0x558432270618
        0x558432270618
        0x558432270618
        0x558432270618
        0x558432270618
        0x558432270618
        0x558432270618
        0x558432270618
        0x558432270618
        0x558432270618
        0x558432270618
        0x558432270618
        0x558432270618
        0x558432270618
        0x558432270618
        0x558432270618
        0x558432270618
]: 1
@preempt_stack[
        0x7f949c9dcfa3
        0x120000
        0x558435389350
        0x558435389350
        0x558435389350
        0x558435389350
        0x558435389350
        0x558435389350
        0x558435389350
        0x558435389350
        0x558435389350
        0x558435389350
        0x558435389350
        0x558435389350
        0x558435389350
        0x558435389350
        0x558435389350
        0x558435389350
        0x558435389350
        0x558435389350
        0x558435389350
        0x558435389350
        0x558435389350
        0x558435389350
        0x558435389350
        0x558435389350
        0x558435389350
        0x558435389350
        0x558435389350
        0x558435389350
        0x558435389350
        0x558435389350
        0x558435389350
        0x558435389350
        0x558435389350
        0x558435389350
        0x558435389350
        0x558435389350
        0x558435389350
        0x558435389350
        0x558435389350
        0x558435389350
        0x558435389350
        0x558435389350
        0x558435389350
        0x558435389350
        0x558435389350
        0x558435389350
        0x558435389350
        0x558435389350
        0x558435389350
        0x558435389350
        0x558435389350
        0x558435389350
        0x558435389350
        0x558435389350
        0x558435389350
        0x558435389350
        0x558435389350
        0x558435389350
        0x558435389350
        0x558435389350
        0x558435389350
        0x558435389350
        0x558435389350
        0x558435389350
        0x558435389350
        0x558435389350
        0x558435389350
        0x558435389350
        0x558435389350
        0x558435389350
        0x558435389350
        0x558435389350
        0x558435389350
        0x558435389350
        0x558435389350
        0x558435389350
        0x558435389350
        0x558435389350
        0x558435389350
        0x558435389350
        0x558435389350
        0x558435389350
        0x558435389350
        0x558435389350
        0x558435389350
        0x558435389350
        0x558435389350
        0x558435389350
        0x558435389350
        0x558435389350
        0x558435389350
        0x558435389350
        0x558435389350
        0x558435389350
        0x558435389350
        0x558435389350
        0x558435389350
        0x558435389350
        0x558435389350
        0x558435389350
        0x558435389350
        0x558435389350
        0x558435389350
        0x558435389350
        0x558435389350
        0x558435389350
        0x558435389350
        0x558435389350
        0x558435389350
        0x558435389350
        0x558435389350
        0x558435389350
        0x558435389350
        0x558435389350
        0x558435389350
        0x558435389350
        0x558435389350
        0x558435389350
        0x558435389350
        0x558435389350
        0x558435389350
        0x558435389350
        0x558435389350
        0x558435389350
        0x558435389350
]: 1
@preempt_stack[
        0x7f949ca0f68f
        0x120000
        0x558432e0c500
        0x558432e0c500
        0x558432e0c500
        0x558432e0c500
        0x558432e0c500
        0x558432e0c500
        0x558432e0c500
        0x558432e0c500
        0x558432e0c500
        0x558432e0c500
        0x558432e0c500
        0x558432e0c500
        0x558432e0c500
        0x558432e0c500
        0x558432e0c500
        0x558432e0c500
        0x558432e0c500
        0x558432e0c500
        0x558432e0c500
        0x558432e0c500
        0x558432e0c500
        0x558432e0c500
        0x558432e0c500
        0x558432e0c500
        0x558432e0c500
        0x558432e0c500
        0x558432e0c500
        0x558432e0c500
        0x558432e0c500
        0x558432e0c500
        0x558432e0c500
        0x558432e0c500
        0x558432e0c500
        0x558432e0c500
        0x558432e0c500
        0x558432e0c500
        0x558432e0c500
        0x558432e0c500
        0x558432e0c500
        0x558432e0c500
        0x558432e0c500
        0x558432e0c500
        0x558432e0c500
        0x558432e0c500
        0x558432e0c500
        0x558432e0c500
        0x558432e0c500
        0x558432e0c500
        0x558432e0c500
        0x558432e0c500
        0x558432e0c500
        0x558432e0c500
        0x558432e0c500
        0x558432e0c500
        0x558432e0c500
        0x558432e0c500
        0x558432e0c500
        0x558432e0c500
        0x558432e0c500
        0x558432e0c500
        0x558432e0c500
        0x558432e0c500
        0x558432e0c500
        0x558432e0c500
        0x558432e0c500
        0x558432e0c500
        0x558432e0c500
        0x558432e0c500
        0x558432e0c500
        0x558432e0c500
        0x558432e0c500
        0x558432e0c500
        0x558432e0c500
        0x558432e0c500
        0x558432e0c500
        0x558432e0c500
        0x558432e0c500
        0x558432e0c500
        0x558432e0c500
        0x558432e0c500
        0x558432e0c500
        0x558432e0c500
        0x558432e0c500
        0x558432e0c500
        0x558432e0c500
        0x558432e0c500
        0x558432e0c500
        0x558432e0c500
        0x558432e0c500
        0x558432e0c500
        0x558432e0c500
        0x558432e0c500
        0x558432e0c500
        0x558432e0c500
        0x558432e0c500
        0x558432e0c500
        0x558432e0c500
        0x558432e0c500
        0x558432e0c500
        0x558432e0c500
        0x558432e0c500
        0x558432e0c500
        0x558432e0c500
        0x558432e0c500
        0x558432e0c500
        0x558432e0c500
        0x558432e0c500
        0x558432e0c500
        0x558432e0c500
        0x558432e0c500
        0x558432e0c500
        0x558432e0c500
        0x558432e0c500
        0x558432e0c500
        0x558432e0c500
        0x558432e0c500
        0x558432e0c500
        0x558432e0c500
        0x558432e0c500
        0x558432e0c500
        0x558432e0c500
        0x558432e0c500
        0x558432e0c500
        0x558432e0c500
        0x558432e0c500
]: 1
@preempt_stack[
        0x7f953db0813a
]: 1
@preempt_stack[
        0x7f953dd51225
]: 1
@preempt_stack[
        0x406b04c2
]: 1
@preempt_stack[
        0x40d06746
        0
        0x2000000000000001
        0x558432740e50
        0x558432740e50
        0x558432740e50
        0x558432740e50
        0x558432740e50
        0x558432740e50
        0x558432740e50
        0x558432740e50
        0x558432740e50
        0x558432740e50
        0x558432740e50
        0x558432740e50
        0x558432740e50
        0x558432740e50
        0x558432740e50
        0x558432740e50
        0x558432740e50
        0x558432740e50
        0x558432740e50
        0x558432740e50
        0x558432740e50
        0x558432740e50
        0x558432740e50
        0x558432740e50
        0x558432740e50
        0x558432740e50
        0x558432740e50
        0x558432740e50
        0x558432740e50
        0x558432740e50
        0x558432740e50
        0x558432740e50
        0x558432740e50
        0x558432740e50
        0x558432740e50
        0x558432740e50
        0x558432740e50
        0x558432740e50
        0x558432740e50
        0x558432740e50
        0x558432740e50
        0x558432740e50
        0x558432740e50
        0x558432740e50
        0x558432740e50
        0x558432740e50
        0x558432740e50
        0x558432740e50
        0x558432740e50
        0x558432740e50
        0x558432740e50
        0x558432740e50
        0x558432740e50
        0x558432740e50
        0x558432740e50
        0x558432740e50
        0x558432740e50
        0x558432740e50
        0x558432740e50
        0x558432740e50
        0x558432740e50
        0x558432740e50
        0x558432740e50
        0x558432740e50
        0x558432740e50
        0x558432740e50
        0x558432740e50
        0x558432740e50
        0x558432740e50
        0x558432740e50
        0x558432740e50
        0x558432740e50
        0x558432740e50
        0x558432740e50
        0x558432740e50
        0x558432740e50
        0x558432740e50
        0x558432740e50
        0x558432740e50
        0x558432740e50
        0x558432740e50
        0x558432740e50
        0x558432740e50
        0x558432740e50
        0x558432740e50
        0x558432740e50
        0x558432740e50
        0x558432740e50
        0x558432740e50
        0x558432740e50
        0x558432740e50
        0x558432740e50
        0x558432740e50
        0x558432740e50
        0x558432740e50
        0x558432740e50
        0x558432740e50
        0x558432740e50
        0x558432740e50
        0x558432740e50
        0x558432740e50
        0x558432740e50
        0x558432740e50
        0x558432740e50
        0x558432740e50
        0x558432740e50
        0x558432740e50
        0x558432740e50
        0x558432740e50
        0x558432740e50
        0x558432740e50
        0x558432740e50
        0x558432740e50
        0x558432740e50
        0x558432740e50
        0x558432740e50
        0x558432740e50
        0x558432740e50
        0x558432740e50
        0x558432740e50
        0x558432740e50
        0x558432740e50
        0x558432740e50
        0x558432740e50
]: 1
@preempt_stack[
        0x40d06812
        0
        0x2000000000000001
        0x558432740e50
        0x558432740e50
        0x558432740e50
        0x558432740e50
        0x558432740e50
        0x558432740e50
        0x558432740e50
        0x558432740e50
        0x558432740e50
        0x558432740e50
        0x558432740e50
        0x558432740e50
        0x558432740e50
        0x558432740e50
        0x558432740e50
        0x558432740e50
        0x558432740e50
        0x558432740e50
        0x558432740e50
        0x558432740e50
        0x558432740e50
        0x558432740e50
        0x558432740e50
        0x558432740e50
        0x558432740e50
        0x558432740e50
        0x558432740e50
        0x558432740e50
        0x558432740e50
        0x558432740e50
        0x558432740e50
        0x558432740e50
        0x558432740e50
        0x558432740e50
        0x558432740e50
        0x558432740e50
        0x558432740e50
        0x558432740e50
        0x558432740e50
        0x558432740e50
        0x558432740e50
        0x558432740e50
        0x558432740e50
        0x558432740e50
        0x558432740e50
        0x558432740e50
        0x558432740e50
        0x558432740e50
        0x558432740e50
        0x558432740e50
        0x558432740e50
        0x558432740e50
        0x558432740e50
        0x558432740e50
        0x558432740e50
        0x558432740e50
        0x558432740e50
        0x558432740e50
        0x558432740e50
        0x558432740e50
        0x558432740e50
        0x558432740e50
        0x558432740e50
        0x558432740e50
        0x558432740e50
        0x558432740e50
        0x558432740e50
        0x558432740e50
        0x558432740e50
        0x558432740e50
        0x558432740e50
        0x558432740e50
        0x558432740e50
        0x558432740e50
        0x558432740e50
        0x558432740e50
        0x558432740e50
        0x558432740e50
        0x558432740e50
        0x558432740e50
        0x558432740e50
        0x558432740e50
        0x558432740e50
        0x558432740e50
        0x558432740e50
        0x558432740e50
        0x558432740e50
        0x558432740e50
        0x558432740e50
        0x558432740e50
        0x558432740e50
        0x558432740e50
        0x558432740e50
        0x558432740e50
        0x558432740e50
        0x558432740e50
        0x558432740e50
        0x558432740e50
        0x558432740e50
        0x558432740e50
        0x558432740e50
        0x558432740e50
        0x558432740e50
        0x558432740e50
        0x558432740e50
        0x558432740e50
        0x558432740e50
        0x558432740e50
        0x558432740e50
        0x558432740e50
        0x558432740e50
        0x558432740e50
        0x558432740e50
        0x558432740e50
        0x558432740e50
        0x558432740e50
        0x558432740e50
        0x558432740e50
        0x558432740e50
        0x558432740e50
        0x558432740e50
        0x558432740e50
        0x558432740e50
        0x558432740e50
]: 1
@preempt_stack[
        0x7f953dcd7ad1
        0x301
]: 1
@preempt_stack[
        0x7f953dd431cc
        0x7f9500010000
        0x7f9502b5b070
        0x58
        0x7f93e00000
]: 1
@preempt_stack[
        0x7f949c9cb5b8
        0
        0
        0x558431ffb800
]: 1
@preempt_stack[
        0x7f953dd47440
]: 1
@preempt_stack[
        mono_class_from_mono_type_internal+13
        0x120000
        0x5584320ebe98
        0x5584320ebe98
        0x5584320ebe98
        0x5584320ebe98
        0x5584320ebe98
        0x5584320ebe98
        0x5584320ebe98
        0x5584320ebe98
        0x5584320ebe98
        0x5584320ebe98
        0x5584320ebe98
        0x5584320ebe98
        0x5584320ebe98
        0x5584320ebe98
        0x5584320ebe98
        0x5584320ebe98
        0x5584320ebe98
        0x5584320ebe98
        0x5584320ebe98
        0x5584320ebe98
        0x5584320ebe98
        0x5584320ebe98
        0x5584320ebe98
        0x5584320ebe98
        0x5584320ebe98
        0x5584320ebe98
        0x5584320ebe98
        0x5584320ebe98
        0x5584320ebe98
        0x5584320ebe98
        0x5584320ebe98
        0x5584320ebe98
        0x5584320ebe98
        0x5584320ebe98
        0x5584320ebe98
        0x5584320ebe98
        0x5584320ebe98
        0x5584320ebe98
        0x5584320ebe98
        0x5584320ebe98
        0x5584320ebe98
        0x5584320ebe98
        0x5584320ebe98
        0x5584320ebe98
        0x5584320ebe98
        0x5584320ebe98
        0x5584320ebe98
        0x5584320ebe98
        0x5584320ebe98
        0x5584320ebe98
        0x5584320ebe98
        0x5584320ebe98
        0x5584320ebe98
        0x5584320ebe98
        0x5584320ebe98
        0x5584320ebe98
        0x5584320ebe98
        0x5584320ebe98
        0x5584320ebe98
        0x5584320ebe98
        0x5584320ebe98
        0x5584320ebe98
        0x5584320ebe98
        0x5584320ebe98
        0x5584320ebe98
        0x5584320ebe98
        0x5584320ebe98
        0x5584320ebe98
        0x5584320ebe98
        0x5584320ebe98
        0x5584320ebe98
        0x5584320ebe98
        0x5584320ebe98
        0x5584320ebe98
        0x5584320ebe98
        0x5584320ebe98
        0x5584320ebe98
        0x5584320ebe98
        0x5584320ebe98
        0x5584320ebe98
        0x5584320ebe98
        0x5584320ebe98
        0x5584320ebe98
        0x5584320ebe98
        0x5584320ebe98
        0x5584320ebe98
        0x5584320ebe98
        0x5584320ebe98
        0x5584320ebe98
        0x5584320ebe98
        0x5584320ebe98
        0x5584320ebe98
        0x5584320ebe98
        0x5584320ebe98
        0x5584320ebe98
        0x5584320ebe98
        0x5584320ebe98
        0x5584320ebe98
        0x5584320ebe98
        0x5584320ebe98
        0x5584320ebe98
        0x5584320ebe98
        0x5584320ebe98
        0x5584320ebe98
        0x5584320ebe98
        0x5584320ebe98
        0x5584320ebe98
        0x5584320ebe98
        0x5584320ebe98
        0x5584320ebe98
        0x5584320ebe98
        0x5584320ebe98
        0x5584320ebe98
        0x5584320ebe98
        0x5584320ebe98
        0x5584320ebe98
        0x5584320ebe98
        0x5584320ebe98
        0x5584320ebe98
        0x5584320ebe98
        0x5584320ebe98
        0x5584320ebe98
        0x5584320ebe98
        0x5584320ebe98
        0x5584320ebe98
]: 1
@preempt_stack[
        0x7f953dbd73c2
        0x5584334e8cf8
]: 1
@preempt_stack[
        WaterSimulationApplyFlows, Assembly-CSharp, Version=0.0.0.0, Culture=neutral, PublicKeyToken=null.WakeNeighbor(WaterSimulationApplyFlows*, Assembly-CSharp, Version=0.0.0.0, Culture=neutral, PublicKeyToken=null this, Unity.Mathematics.int2, Unity.Mathematics, Version=1.0.0.0, Culture=neutral, PublicKeyToken=null _xzOffset) -> System.Void, mscorlib, Version=4.0.0.0, Culture=neutral, PublicKeyToken=b77a5c561934e089_8eb0f33479bf6508c5c83d20bff414fc from Assembly-CSharp, Version=0.0.0.0, Culture=neutral, PublicKeyToken=null+372
        16de7f918fe9178dbdf7a33d5304af6b_avx2+3068
        16de7f918fe9178dbdf7a33d5304af6b+10
        0x7f953d9093b9
        0
        0x7f948c9f5928
        0
        0
        0
        0
        0
        0
        0
        0
        0
        0
        0
        0
        0
        0
        0
        0
        0x7f94841e4928
        0
        0
        0
        0
        0
        0
        0
        0
        0
        0
        0
        0
        0
        0
        0
        0
        0
        0
        0
        0
        0x7f9476ebfcf0
        0x7ffcbefc4518
]: 1
@preempt_stack[
        0x406afcb6
]: 1
@preempt_stack[
        0x7f953dcb3d43
]: 1
@preempt_stack[
        0x40cb7f86
        0x40cb4138
        0x40cb2a88
        0x40cafea4
        0x40cafc3c
        0x40407e56
        0x40403d24
        0x7f949c846428
        0x7f949c9e578f
        0x558431b82490
]: 1
@preempt_stack[
        0x7f953cabcede
        0x7f953cabe574
        0x7f93a01999d0
]: 1
@preempt_stack[
        0x7f949c9ce4d8
        0x5584329729d8
        0x5584329729d8
        0x5584329729d8
        0x5584329729d8
        0x5584329729d8
        0x5584329729d8
        0x5584329729d8
        0x5584329729d8
        0x5584329729d8
        0x5584329729d8
        0x5584329729d8
        0x5584329729d8
        0x5584329729d8
        0x5584329729d8
        0x5584329729d8
        0x5584329729d8
        0x5584329729d8
        0x5584329729d8
        0x5584329729d8
        0x5584329729d8
        0x5584329729d8
        0x5584329729d8
        0x5584329729d8
        0x5584329729d8
        0x5584329729d8
        0x5584329729d8
        0x5584329729d8
        0x5584329729d8
        0x5584329729d8
        0x5584329729d8
        0x5584329729d8
        0x5584329729d8
        0x5584329729d8
        0x5584329729d8
        0x5584329729d8
        0x5584329729d8
        0x5584329729d8
        0x5584329729d8
        0x5584329729d8
        0x5584329729d8
        0x5584329729d8
        0x5584329729d8
        0x5584329729d8
        0x5584329729d8
        0x5584329729d8
        0x5584329729d8
        0x5584329729d8
        0x5584329729d8
        0x5584329729d8
        0x5584329729d8
        0x5584329729d8
        0x5584329729d8
        0x5584329729d8
        0x5584329729d8
        0x5584329729d8
        0x5584329729d8
        0x5584329729d8
        0x5584329729d8
        0x5584329729d8
        0x5584329729d8
        0x5584329729d8
        0x5584329729d8
        0x5584329729d8
        0x5584329729d8
        0x5584329729d8
        0x5584329729d8
        0x5584329729d8
        0x5584329729d8
        0x5584329729d8
        0x5584329729d8
        0x5584329729d8
        0x5584329729d8
        0x5584329729d8
        0x5584329729d8
        0x5584329729d8
        0x5584329729d8
        0x5584329729d8
        0x5584329729d8
        0x5584329729d8
        0x5584329729d8
        0x5584329729d8
        0x5584329729d8
        0x5584329729d8
        0x5584329729d8
        0x5584329729d8
        0x5584329729d8
        0x5584329729d8
        0x5584329729d8
        0x5584329729d8
        0x5584329729d8
        0x5584329729d8
        0x5584329729d8
        0x5584329729d8
        0x5584329729d8
        0x5584329729d8
        0x5584329729d8
        0x5584329729d8
        0x5584329729d8
        0x5584329729d8
        0x5584329729d8
        0x5584329729d8
        0x5584329729d8
        0x5584329729d8
        0x5584329729d8
        0x5584329729d8
        0x5584329729d8
        0x5584329729d8
        0x5584329729d8
        0x5584329729d8
        0x5584329729d8
        0x5584329729d8
        0x5584329729d8
        0x5584329729d8
        0x5584329729d8
        0x5584329729d8
        0x5584329729d8
        0x5584329729d8
        0x5584329729d8
        0x5584329729d8
        0x5584329729d8
        0x5584329729d8
        0x5584329729d8
        0x5584329729d8
        0x5584329729d8
        0x5584329729d8
        0x5584329729d8
]: 1
@preempt_stack[
        mono_g_hash_table_lookup_extended+66
        0x110000
        0x558434c9c3d8
        0x558434c9c3d8
        0x558434c9c3d8
        0x558434c9c3d8
        0x558434c9c3d8
        0x558434c9c3d8
        0x558434c9c3d8
        0x558434c9c3d8
        0x558434c9c3d8
        0x558434c9c3d8
        0x558434c9c3d8
        0x558434c9c3d8
        0x558434c9c3d8
        0x558434c9c3d8
        0x558434c9c3d8
        0x558434c9c3d8
        0x558434c9c3d8
        0x558434c9c3d8
        0x558434c9c3d8
        0x558434c9c3d8
        0x558434c9c3d8
        0x558434c9c3d8
        0x558434c9c3d8
        0x558434c9c3d8
        0x558434c9c3d8
        0x558434c9c3d8
        0x558434c9c3d8
        0x558434c9c3d8
        0x558434c9c3d8
        0x558434c9c3d8
        0x558434c9c3d8
        0x558434c9c3d8
        0x558434c9c3d8
        0x558434c9c3d8
        0x558434c9c3d8
        0x558434c9c3d8
        0x558434c9c3d8
        0x558434c9c3d8
        0x558434c9c3d8
        0x558434c9c3d8
        0x558434c9c3d8
        0x558434c9c3d8
        0x558434c9c3d8
        0x558434c9c3d8
        0x558434c9c3d8
        0x558434c9c3d8
        0x558434c9c3d8
        0x558434c9c3d8
        0x558434c9c3d8
        0x558434c9c3d8
        0x558434c9c3d8
        0x558434c9c3d8
        0x558434c9c3d8
        0x558434c9c3d8
        0x558434c9c3d8
        0x558434c9c3d8
        0x558434c9c3d8
        0x558434c9c3d8
        0x558434c9c3d8
        0x558434c9c3d8
        0x558434c9c3d8
        0x558434c9c3d8
        0x558434c9c3d8
        0x558434c9c3d8
        0x558434c9c3d8
        0x558434c9c3d8
        0x558434c9c3d8
        0x558434c9c3d8
        0x558434c9c3d8
        0x558434c9c3d8
        0x558434c9c3d8
        0x558434c9c3d8
        0x558434c9c3d8
        0x558434c9c3d8
        0x558434c9c3d8
        0x558434c9c3d8
        0x558434c9c3d8
        0x558434c9c3d8
        0x558434c9c3d8
        0x558434c9c3d8
        0x558434c9c3d8
        0x558434c9c3d8
        0x558434c9c3d8
        0x558434c9c3d8
        0x558434c9c3d8
        0x558434c9c3d8
        0x558434c9c3d8
        0x558434c9c3d8
        0x558434c9c3d8
        0x558434c9c3d8
        0x558434c9c3d8
        0x558434c9c3d8
        0x558434c9c3d8
        0x558434c9c3d8
        0x558434c9c3d8
        0x558434c9c3d8
        0x558434c9c3d8
        0x558434c9c3d8
        0x558434c9c3d8
        0x558434c9c3d8
        0x558434c9c3d8
        0x558434c9c3d8
        0x558434c9c3d8
        0x558434c9c3d8
        0x558434c9c3d8
        0x558434c9c3d8
        0x558434c9c3d8
        0x558434c9c3d8
        0x558434c9c3d8
        0x558434c9c3d8
        0x558434c9c3d8
        0x558434c9c3d8
        0x558434c9c3d8
        0x558434c9c3d8
        0x558434c9c3d8
        0x558434c9c3d8
        0x558434c9c3d8
        0x558434c9c3d8
        0x558434c9c3d8
        0x558434c9c3d8
        0x558434c9c3d8
        0x558434c9c3d8
        0x558434c9c3d8
        0x558434c9c3d8
        0x558434c9c3d8
]: 1
@preempt_stack[
        0x7f949c9cb66b
        0x130000
        0
        0
        0x558431b68080
]: 1
@preempt_stack[
        0x7f94788cf720
        0x7f93fc07dd4b
        0x7f93fc093433
        0x7f94788cb95b
        0x7f93fc07fabb
        0x401c67a6
        0x7f949c846428
        0x7f949c9e578f
        0x558431b82490
]: 1
@preempt_stack[
        0x40a8b976
        0x40a8a7df
        0x40407e56
        0x40403d24
        0x7f949c846428
        0x7f949c9e578f
        0x558431b82490
]: 1
@preempt_stack[
        0x7f953d9072a1
        0xc810c840c81
]: 1
@preempt_stack[
        0x7f949c9dcfa3
        0x120000
        0x55843517ad68
        0x55843517ad68
        0x55843517ad68
        0x55843517ad68
        0x55843517ad68
        0x55843517ad68
        0x55843517ad68
        0x55843517ad68
        0x55843517ad68
        0x55843517ad68
        0x55843517ad68
        0x55843517ad68
        0x55843517ad68
        0x55843517ad68
        0x55843517ad68
        0x55843517ad68
        0x55843517ad68
        0x55843517ad68
        0x55843517ad68
        0x55843517ad68
        0x55843517ad68
        0x55843517ad68
        0x55843517ad68
        0x55843517ad68
        0x55843517ad68
        0x55843517ad68
        0x55843517ad68
        0x55843517ad68
        0x55843517ad68
        0x55843517ad68
        0x55843517ad68
        0x55843517ad68
        0x55843517ad68
        0x55843517ad68
        0x55843517ad68
        0x55843517ad68
        0x55843517ad68
        0x55843517ad68
        0x55843517ad68
        0x55843517ad68
        0x55843517ad68
        0x55843517ad68
        0x55843517ad68
        0x55843517ad68
        0x55843517ad68
        0x55843517ad68
        0x55843517ad68
        0x55843517ad68
        0x55843517ad68
        0x55843517ad68
        0x55843517ad68
        0x55843517ad68
        0x55843517ad68
        0x55843517ad68
        0x55843517ad68
        0x55843517ad68
        0x55843517ad68
        0x55843517ad68
        0x55843517ad68
        0x55843517ad68
        0x55843517ad68
        0x55843517ad68
        0x55843517ad68
        0x55843517ad68
        0x55843517ad68
        0x55843517ad68
        0x55843517ad68
        0x55843517ad68
        0x55843517ad68
        0x55843517ad68
        0x55843517ad68
        0x55843517ad68
        0x55843517ad68
        0x55843517ad68
        0x55843517ad68
        0x55843517ad68
        0x55843517ad68
        0x55843517ad68
        0x55843517ad68
        0x55843517ad68
        0x55843517ad68
        0x55843517ad68
        0x55843517ad68
        0x55843517ad68
        0x55843517ad68
        0x55843517ad68
        0x55843517ad68
        0x55843517ad68
        0x55843517ad68
        0x55843517ad68
        0x55843517ad68
        0x55843517ad68
        0x55843517ad68
        0x55843517ad68
        0x55843517ad68
        0x55843517ad68
        0x55843517ad68
        0x55843517ad68
        0x55843517ad68
        0x55843517ad68
        0x55843517ad68
        0x55843517ad68
        0x55843517ad68
        0x55843517ad68
        0x55843517ad68
        0x55843517ad68
        0x55843517ad68
        0x55843517ad68
        0x55843517ad68
        0x55843517ad68
        0x55843517ad68
        0x55843517ad68
        0x55843517ad68
        0x55843517ad68
        0x55843517ad68
        0x55843517ad68
        0x55843517ad68
        0x55843517ad68
        0x55843517ad68
        0x55843517ad68
        0x55843517ad68
        0x55843517ad68
        0x55843517ad68
        0x55843517ad68
        0x55843517ad68
]: 1
@preempt_stack[
        0x40c00004
        0x7f949c846428
        0x7f949c9e578f
        0x558431b82490
]: 1
@preempt_stack[
        0x7f953ddcb05c
        0xc410c440c41
]: 1
@preempt_stack[
        0x7f949c9dcfa3
        0x120000
        0x5584351543d0
        0x5584351543d0
        0x5584351543d0
        0x5584351543d0
        0x5584351543d0
        0x5584351543d0
        0x5584351543d0
        0x5584351543d0
        0x5584351543d0
        0x5584351543d0
        0x5584351543d0
        0x5584351543d0
        0x5584351543d0
        0x5584351543d0
        0x5584351543d0
        0x5584351543d0
        0x5584351543d0
        0x5584351543d0
        0x5584351543d0
        0x5584351543d0
        0x5584351543d0
        0x5584351543d0
        0x5584351543d0
        0x5584351543d0
        0x5584351543d0
        0x5584351543d0
        0x5584351543d0
        0x5584351543d0
        0x5584351543d0
        0x5584351543d0
        0x5584351543d0
        0x5584351543d0
        0x5584351543d0
        0x5584351543d0
        0x5584351543d0
        0x5584351543d0
        0x5584351543d0
        0x5584351543d0
        0x5584351543d0
        0x5584351543d0
        0x5584351543d0
        0x5584351543d0
        0x5584351543d0
        0x5584351543d0
        0x5584351543d0
        0x5584351543d0
        0x5584351543d0
        0x5584351543d0
        0x5584351543d0
        0x5584351543d0
        0x5584351543d0
        0x5584351543d0
        0x5584351543d0
        0x5584351543d0
        0x5584351543d0
        0x5584351543d0
        0x5584351543d0
        0x5584351543d0
        0x5584351543d0
        0x5584351543d0
        0x5584351543d0
        0x5584351543d0
        0x5584351543d0
        0x5584351543d0
        0x5584351543d0
        0x5584351543d0
        0x5584351543d0
        0x5584351543d0
        0x5584351543d0
        0x5584351543d0
        0x5584351543d0
        0x5584351543d0
        0x5584351543d0
        0x5584351543d0
        0x5584351543d0
        0x5584351543d0
        0x5584351543d0
        0x5584351543d0
        0x5584351543d0
        0x5584351543d0
        0x5584351543d0
        0x5584351543d0
        0x5584351543d0
        0x5584351543d0
        0x5584351543d0
        0x5584351543d0
        0x5584351543d0
        0x5584351543d0
        0x5584351543d0
        0x5584351543d0
        0x5584351543d0
        0x5584351543d0
        0x5584351543d0
        0x5584351543d0
        0x5584351543d0
        0x5584351543d0
        0x5584351543d0
        0x5584351543d0
        0x5584351543d0
        0x5584351543d0
        0x5584351543d0
        0x5584351543d0
        0x5584351543d0
        0x5584351543d0
        0x5584351543d0
        0x5584351543d0
        0x5584351543d0
        0x5584351543d0
        0x5584351543d0
        0x5584351543d0
        0x5584351543d0
        0x5584351543d0
        0x5584351543d0
        0x5584351543d0
        0x5584351543d0
        0x5584351543d0
        0x5584351543d0
        0x5584351543d0
        0x5584351543d0
        0x5584351543d0
        0x5584351543d0
        0x5584351543d0
        0x5584351543d0
        0x5584351543d0
        0x5584351543d0
]: 1
@preempt_stack[
        0x40af7e3c
]: 1
@preempt_stack[
        0x7f953dcc6057
        0x7f95024c7b50
]: 1
@preempt_stack[
        0x7f953dcd7e6a
        0x1c1
]: 1
@preempt_stack[
        0x40d06724
        0
        0x2000000000000001
        0x558432740e50
        0x558432740e50
        0x558432740e50
        0x558432740e50
        0x558432740e50
        0x558432740e50
        0x558432740e50
        0x558432740e50
        0x558432740e50
        0x558432740e50
        0x558432740e50
        0x558432740e50
        0x558432740e50
        0x558432740e50
        0x558432740e50
        0x558432740e50
        0x558432740e50
        0x558432740e50
        0x558432740e50
        0x558432740e50
        0x558432740e50
        0x558432740e50
        0x558432740e50
        0x558432740e50
        0x558432740e50
        0x558432740e50
        0x558432740e50
        0x558432740e50
        0x558432740e50
        0x558432740e50
        0x558432740e50
        0x558432740e50
        0x558432740e50
        0x558432740e50
        0x558432740e50
        0x558432740e50
        0x558432740e50
        0x558432740e50
        0x558432740e50
        0x558432740e50
        0x558432740e50
        0x558432740e50
        0x558432740e50
        0x558432740e50
        0x558432740e50
        0x558432740e50
        0x558432740e50
        0x558432740e50
        0x558432740e50
        0x558432740e50
        0x558432740e50
        0x558432740e50
        0x558432740e50
        0x558432740e50
        0x558432740e50
        0x558432740e50
        0x558432740e50
        0x558432740e50
        0x558432740e50
        0x558432740e50
        0x558432740e50
        0x558432740e50
        0x558432740e50
        0x558432740e50
        0x558432740e50
        0x558432740e50
        0x558432740e50
        0x558432740e50
        0x558432740e50
        0x558432740e50
        0x558432740e50
        0x558432740e50
        0x558432740e50
        0x558432740e50
        0x558432740e50
        0x558432740e50
        0x558432740e50
        0x558432740e50
        0x558432740e50
        0x558432740e50
        0x558432740e50
        0x558432740e50
        0x558432740e50
        0x558432740e50
        0x558432740e50
        0x558432740e50
        0x558432740e50
        0x558432740e50
        0x558432740e50
        0x558432740e50
        0x558432740e50
        0x558432740e50
        0x558432740e50
        0x558432740e50
        0x558432740e50
        0x558432740e50
        0x558432740e50
        0x558432740e50
        0x558432740e50
        0x558432740e50
        0x558432740e50
        0x558432740e50
        0x558432740e50
        0x558432740e50
        0x558432740e50
        0x558432740e50
        0x558432740e50
        0x558432740e50
        0x558432740e50
        0x558432740e50
        0x558432740e50
        0x558432740e50
        0x558432740e50
        0x558432740e50
        0x558432740e50
        0x558432740e50
        0x558432740e50
        0x558432740e50
        0x558432740e50
        0x558432740e50
        0x558432740e50
        0x558432740e50
        0x558432740e50
        0x558432740e50
]: 1
@preempt_stack[
        0x7f953e89b68b
        0xea00038ffffdd12
        0x7f953da02410
        0x8348078948011124
]: 1
@preempt_stack[
        0x7f953dcc6b97
        0x7f950000036c
        0x3f80000000000000
]: 1
@preempt_stack[
        0x7f949ca4f415
]: 1
@preempt_stack[
        0x7f93331046ee
        0x7f93331063a4
]: 1
@preempt_stack[
        0x7f953d905bb2
        0
]: 1
@preempt_stack[
        0x7f953e33172c
]: 1
@preempt_stack[
        0x7f953e7c6079
        0x7f9500c608d0
]: 1
@preempt_stack[
        0x7f949c9711f3
        0x5584324b4f40
        0x558432493780
]: 1
@preempt_stack[
        0x7f953e329536
        0x7f9501d71da0
]: 1
@preempt_stack[
        0x402f221c
        0x40c0d864
        0x4077cadf
        0x7f949c846428
        0x7f949c9e578f
        0x558431b82490
]: 1
@preempt_stack[
        0x7f949c9e44f9
        0x120000
        0x558432da1b30
        0x558432da1b30
        0x558432da1b30
        0x558432da1b30
        0x558432da1b30
        0x558432da1b30
        0x558432da1b30
        0x558432da1b30
        0x558432da1b30
        0x558432da1b30
        0x558432da1b30
        0x558432da1b30
        0x558432da1b30
        0x558432da1b30
        0x558432da1b30
        0x558432da1b30
        0x558432da1b30
        0x558432da1b30
        0x558432da1b30
        0x558432da1b30
        0x558432da1b30
        0x558432da1b30
        0x558432da1b30
        0x558432da1b30
        0x558432da1b30
        0x558432da1b30
        0x558432da1b30
        0x558432da1b30
        0x558432da1b30
        0x558432da1b30
        0x558432da1b30
        0x558432da1b30
        0x558432da1b30
        0x558432da1b30
        0x558432da1b30
        0x558432da1b30
        0x558432da1b30
        0x558432da1b30
        0x558432da1b30
        0x558432da1b30
        0x558432da1b30
        0x558432da1b30
        0x558432da1b30
        0x558432da1b30
        0x558432da1b30
        0x558432da1b30
        0x558432da1b30
        0x558432da1b30
        0x558432da1b30
        0x558432da1b30
        0x558432da1b30
        0x558432da1b30
        0x558432da1b30
        0x558432da1b30
        0x558432da1b30
        0x558432da1b30
        0x558432da1b30
        0x558432da1b30
        0x558432da1b30
        0x558432da1b30
        0x558432da1b30
        0x558432da1b30
        0x558432da1b30
        0x558432da1b30
        0x558432da1b30
        0x558432da1b30
        0x558432da1b30
        0x558432da1b30
        0x558432da1b30
        0x558432da1b30
        0x558432da1b30
        0x558432da1b30
        0x558432da1b30
        0x558432da1b30
        0x558432da1b30
        0x558432da1b30
        0x558432da1b30
        0x558432da1b30
        0x558432da1b30
        0x558432da1b30
        0x558432da1b30
        0x558432da1b30
        0x558432da1b30
        0x558432da1b30
        0x558432da1b30
        0x558432da1b30
        0x558432da1b30
        0x558432da1b30
        0x558432da1b30
        0x558432da1b30
        0x558432da1b30
        0x558432da1b30
        0x558432da1b30
        0x558432da1b30
        0x558432da1b30
        0x558432da1b30
        0x558432da1b30
        0x558432da1b30
        0x558432da1b30
        0x558432da1b30
        0x558432da1b30
        0x558432da1b30
        0x558432da1b30
        0x558432da1b30
        0x558432da1b30
        0x558432da1b30
        0x558432da1b30
        0x558432da1b30
        0x558432da1b30
        0x558432da1b30
        0x558432da1b30
        0x558432da1b30
        0x558432da1b30
        0x558432da1b30
        0x558432da1b30
        0x558432da1b30
        0x558432da1b30
        0x558432da1b30
        0x558432da1b30
        0x558432da1b30
        0x558432da1b30
        0x558432da1b30
        0x558432da1b30
        0x558432da1b30
        0x558432da1b30
]: 1
@preempt_stack[
        mono_g_hash_table_lookup_extended+66
        0x120000
        0x558432c89248
        0x558432c89248
        0x558432c89248
        0x558432c89248
        0x558432c89248
        0x558432c89248
        0x558432c89248
        0x558432c89248
        0x558432c89248
        0x558432c89248
        0x558432c89248
        0x558432c89248
        0x558432c89248
        0x558432c89248
        0x558432c89248
        0x558432c89248
        0x558432c89248
        0x558432c89248
        0x558432c89248
        0x558432c89248
        0x558432c89248
        0x558432c89248
        0x558432c89248
        0x558432c89248
        0x558432c89248
        0x558432c89248
        0x558432c89248
        0x558432c89248
        0x558432c89248
        0x558432c89248
        0x558432c89248
        0x558432c89248
        0x558432c89248
        0x558432c89248
        0x558432c89248
        0x558432c89248
        0x558432c89248
        0x558432c89248
        0x558432c89248
        0x558432c89248
        0x558432c89248
        0x558432c89248
        0x558432c89248
        0x558432c89248
        0x558432c89248
        0x558432c89248
        0x558432c89248
        0x558432c89248
        0x558432c89248
        0x558432c89248
        0x558432c89248
        0x558432c89248
        0x558432c89248
        0x558432c89248
        0x558432c89248
        0x558432c89248
        0x558432c89248
        0x558432c89248
        0x558432c89248
        0x558432c89248
        0x558432c89248
        0x558432c89248
        0x558432c89248
        0x558432c89248
        0x558432c89248
        0x558432c89248
        0x558432c89248
        0x558432c89248
        0x558432c89248
        0x558432c89248
        0x558432c89248
        0x558432c89248
        0x558432c89248
        0x558432c89248
        0x558432c89248
        0x558432c89248
        0x558432c89248
        0x558432c89248
        0x558432c89248
        0x558432c89248
        0x558432c89248
        0x558432c89248
        0x558432c89248
        0x558432c89248
        0x558432c89248
        0x558432c89248
        0x558432c89248
        0x558432c89248
        0x558432c89248
        0x558432c89248
        0x558432c89248
        0x558432c89248
        0x558432c89248
        0x558432c89248
        0x558432c89248
        0x558432c89248
        0x558432c89248
        0x558432c89248
        0x558432c89248
        0x558432c89248
        0x558432c89248
        0x558432c89248
        0x558432c89248
        0x558432c89248
        0x558432c89248
        0x558432c89248
        0x558432c89248
        0x558432c89248
        0x558432c89248
        0x558432c89248
        0x558432c89248
        0x558432c89248
        0x558432c89248
        0x558432c89248
        0x558432c89248
        0x558432c89248
        0x558432c89248
        0x558432c89248
        0x558432c89248
        0x558432c89248
        0x558432c89248
        0x558432c89248
        0x558432c89248
        0x558432c89248
        0x558432c89248
]: 1
@preempt_stack[
        0x40caf12a
]: 1
@preempt_stack[
        0x7f953eea2cb9
        __clock_gettime+29
        0x151ac00000000
]: 1
@preempt_stack[
        0x7f953ddc81f3
        0x7f9500c608d0
]: 1
@preempt_stack[
        0x407b0684
        0x401c67a6
        0x7f949c846428
        0x7f949c9e578f
        0x558431b82490
]: 1
@preempt_stack[
        0x7f949c9dcfa3
        0x120000
        0x5584346e3078
        0x5584346e3078
        0x5584346e3078
        0x5584346e3078
        0x5584346e3078
        0x5584346e3078
        0x5584346e3078
        0x5584346e3078
        0x5584346e3078
        0x5584346e3078
        0x5584346e3078
        0x5584346e3078
        0x5584346e3078
        0x5584346e3078
        0x5584346e3078
        0x5584346e3078
        0x5584346e3078
        0x5584346e3078
        0x5584346e3078
        0x5584346e3078
        0x5584346e3078
        0x5584346e3078
        0x5584346e3078
        0x5584346e3078
        0x5584346e3078
        0x5584346e3078
        0x5584346e3078
        0x5584346e3078
        0x5584346e3078
        0x5584346e3078
        0x5584346e3078
        0x5584346e3078
        0x5584346e3078
        0x5584346e3078
        0x5584346e3078
        0x5584346e3078
        0x5584346e3078
        0x5584346e3078
        0x5584346e3078
        0x5584346e3078
        0x5584346e3078
        0x5584346e3078
        0x5584346e3078
        0x5584346e3078
        0x5584346e3078
        0x5584346e3078
        0x5584346e3078
        0x5584346e3078
        0x5584346e3078
        0x5584346e3078
        0x5584346e3078
        0x5584346e3078
        0x5584346e3078
        0x5584346e3078
        0x5584346e3078
        0x5584346e3078
        0x5584346e3078
        0x5584346e3078
        0x5584346e3078
        0x5584346e3078
        0x5584346e3078
        0x5584346e3078
        0x5584346e3078
        0x5584346e3078
        0x5584346e3078
        0x5584346e3078
        0x5584346e3078
        0x5584346e3078
        0x5584346e3078
        0x5584346e3078
        0x5584346e3078
        0x5584346e3078
        0x5584346e3078
        0x5584346e3078
        0x5584346e3078
        0x5584346e3078
        0x5584346e3078
        0x5584346e3078
        0x5584346e3078
        0x5584346e3078
        0x5584346e3078
        0x5584346e3078
        0x5584346e3078
        0x5584346e3078
        0x5584346e3078
        0x5584346e3078
        0x5584346e3078
        0x5584346e3078
        0x5584346e3078
        0x5584346e3078
        0x5584346e3078
        0x5584346e3078
        0x5584346e3078
        0x5584346e3078
        0x5584346e3078
        0x5584346e3078
        0x5584346e3078
        0x5584346e3078
        0x5584346e3078
        0x5584346e3078
        0x5584346e3078
        0x5584346e3078
        0x5584346e3078
        0x5584346e3078
        0x5584346e3078
        0x5584346e3078
        0x5584346e3078
        0x5584346e3078
        0x5584346e3078
        0x5584346e3078
        0x5584346e3078
        0x5584346e3078
        0x5584346e3078
        0x5584346e3078
        0x5584346e3078
        0x5584346e3078
        0x5584346e3078
        0x5584346e3078
        0x5584346e3078
        0x5584346e3078
        0x5584346e3078
        0x5584346e3078
        0x5584346e3078
        0x5584346e3078
        0x5584346e3078
]: 1
@preempt_stack[
        0x7f953d9073e0
        0x3131207265
]: 1
@preempt_stack[
        0x7f953dd2b1c0
        0xecd000007f950202
]: 1
@preempt_stack[
        0x7f953dd513b8
]: 1
@preempt_stack[
        0x7f949c9884c1
]: 1
@preempt_stack[
        0x7f953d6cc0a7
        0
]: 1
@preempt_stack[
        0x7f953db083ce
]: 1
@preempt_stack[
        0x7f953ddc8206
        0x7f9500c608d0
]: 1
@preempt_stack[
        0x407b165a
        0x401c67a6
        0x7f949c846428
        0x7f949c9e578f
        0x558431b82490
]: 1
@preempt_stack[
        0x7f953e691239
]: 1
@preempt_stack[
        mono_method_get_class+0
]: 1
@preempt_stack[
        0x7f953e5a56b2
]: 1
@preempt_stack[
        0x41ff8f8d
        0x4046dfb8
        0x40785934
        0x401c67a6
        0x7f949c846428
        0x7f949c9e578f
        0x558431b82490
]: 1
@preempt_stack[
        0x7f953e5b1f7a
        0
]: 1
@preempt_stack[
        0x40af8b27
        0x40cab139
        0x40ca6ac7
        0x40407e56
        0x40403d24
        0x7f949c846428
        0x7f949c9e578f
        0x558431b82490
]: 1
@preempt_stack[
        pthread_cond_timedwait+511
]: 1
@preempt_stack[
        0x7f953dd55b44
        0x21
]: 1
@preempt_stack[
        0x7f953d9077a1
        0x7f950073ac40
]: 1
@preempt_stack[
        mono_metadata_type_hash+80
        0x110000
        0x558434bf6598
        0x558434bf6598
        0x558434bf6598
        0x558434bf6598
        0x558434bf6598
        0x558434bf6598
        0x558434bf6598
        0x558434bf6598
        0x558434bf6598
        0x558434bf6598
        0x558434bf6598
        0x558434bf6598
        0x558434bf6598
        0x558434bf6598
        0x558434bf6598
        0x558434bf6598
        0x558434bf6598
        0x558434bf6598
        0x558434bf6598
        0x558434bf6598
        0x558434bf6598
        0x558434bf6598
        0x558434bf6598
        0x558434bf6598
        0x558434bf6598
        0x558434bf6598
        0x558434bf6598
        0x558434bf6598
        0x558434bf6598
        0x558434bf6598
        0x558434bf6598
        0x558434bf6598
        0x558434bf6598
        0x558434bf6598
        0x558434bf6598
        0x558434bf6598
        0x558434bf6598
        0x558434bf6598
        0x558434bf6598
        0x558434bf6598
        0x558434bf6598
        0x558434bf6598
        0x558434bf6598
        0x558434bf6598
        0x558434bf6598
        0x558434bf6598
        0x558434bf6598
        0x558434bf6598
        0x558434bf6598
        0x558434bf6598
        0x558434bf6598
        0x558434bf6598
        0x558434bf6598
        0x558434bf6598
        0x558434bf6598
        0x558434bf6598
        0x558434bf6598
        0x558434bf6598
        0x558434bf6598
        0x558434bf6598
        0x558434bf6598
        0x558434bf6598
        0x558434bf6598
        0x558434bf6598
        0x558434bf6598
        0x558434bf6598
        0x558434bf6598
        0x558434bf6598
        0x558434bf6598
        0x558434bf6598
        0x558434bf6598
        0x558434bf6598
        0x558434bf6598
        0x558434bf6598
        0x558434bf6598
        0x558434bf6598
        0x558434bf6598
        0x558434bf6598
        0x558434bf6598
        0x558434bf6598
        0x558434bf6598
        0x558434bf6598
        0x558434bf6598
        0x558434bf6598
        0x558434bf6598
        0x558434bf6598
        0x558434bf6598
        0x558434bf6598
        0x558434bf6598
        0x558434bf6598
        0x558434bf6598
        0x558434bf6598
        0x558434bf6598
        0x558434bf6598
        0x558434bf6598
        0x558434bf6598
        0x558434bf6598
        0x558434bf6598
        0x558434bf6598
        0x558434bf6598
        0x558434bf6598
        0x558434bf6598
        0x558434bf6598
        0x558434bf6598
        0x558434bf6598
        0x558434bf6598
        0x558434bf6598
        0x558434bf6598
        0x558434bf6598
        0x558434bf6598
        0x558434bf6598
        0x558434bf6598
        0x558434bf6598
        0x558434bf6598
        0x558434bf6598
        0x558434bf6598
        0x558434bf6598
        0x558434bf6598
        0x558434bf6598
        0x558434bf6598
        0x558434bf6598
        0x558434bf6598
        0x558434bf6598
        0x558434bf6598
        0x558434bf6598
]: 1
@preempt_stack[
        mono_metadata_type_hash+80
        0x110000
        0x55843538c610
        0x55843538c610
        0x55843538c610
        0x55843538c610
        0x55843538c610
        0x55843538c610
        0x55843538c610
        0x55843538c610
        0x55843538c610
        0x55843538c610
        0x55843538c610
        0x55843538c610
        0x55843538c610
        0x55843538c610
        0x55843538c610
        0x55843538c610
        0x55843538c610
        0x55843538c610
        0x55843538c610
        0x55843538c610
        0x55843538c610
        0x55843538c610
        0x55843538c610
        0x55843538c610
        0x55843538c610
        0x55843538c610
        0x55843538c610
        0x55843538c610
        0x55843538c610
        0x55843538c610
        0x55843538c610
        0x55843538c610
        0x55843538c610
        0x55843538c610
        0x55843538c610
        0x55843538c610
        0x55843538c610
        0x55843538c610
        0x55843538c610
        0x55843538c610
        0x55843538c610
        0x55843538c610
        0x55843538c610
        0x55843538c610
        0x55843538c610
        0x55843538c610
        0x55843538c610
        0x55843538c610
        0x55843538c610
        0x55843538c610
        0x55843538c610
        0x55843538c610
        0x55843538c610
        0x55843538c610
        0x55843538c610
        0x55843538c610
        0x55843538c610
        0x55843538c610
        0x55843538c610
        0x55843538c610
        0x55843538c610
        0x55843538c610
        0x55843538c610
        0x55843538c610
        0x55843538c610
        0x55843538c610
        0x55843538c610
        0x55843538c610
        0x55843538c610
        0x55843538c610
        0x55843538c610
        0x55843538c610
        0x55843538c610
        0x55843538c610
        0x55843538c610
        0x55843538c610
        0x55843538c610
        0x55843538c610
        0x55843538c610
        0x55843538c610
        0x55843538c610
        0x55843538c610
        0x55843538c610
        0x55843538c610
        0x55843538c610
        0x55843538c610
        0x55843538c610
        0x55843538c610
        0x55843538c610
        0x55843538c610
        0x55843538c610
        0x55843538c610
        0x55843538c610
        0x55843538c610
        0x55843538c610
        0x55843538c610
        0x55843538c610
        0x55843538c610
        0x55843538c610
        0x55843538c610
        0x55843538c610
        0x55843538c610
        0x55843538c610
        0x55843538c610
        0x55843538c610
        0x55843538c610
        0x55843538c610
        0x55843538c610
        0x55843538c610
        0x55843538c610
        0x55843538c610
        0x55843538c610
        0x55843538c610
        0x55843538c610
        0x55843538c610
        0x55843538c610
        0x55843538c610
        0x55843538c610
        0x55843538c610
        0x55843538c610
        0x55843538c610
        0x55843538c610
        0x55843538c610
        0x55843538c610
        0x55843538c610
]: 1
@preempt_stack[
        0x7f949c9dcf7a
        0x120000
        0x5584346e1590
        0x5584346e1590
        0x5584346e1590
        0x5584346e1590
        0x5584346e1590
        0x5584346e1590
        0x5584346e1590
        0x5584346e1590
        0x5584346e1590
        0x5584346e1590
        0x5584346e1590
        0x5584346e1590
        0x5584346e1590
        0x5584346e1590
        0x5584346e1590
        0x5584346e1590
        0x5584346e1590
        0x5584346e1590
        0x5584346e1590
        0x5584346e1590
        0x5584346e1590
        0x5584346e1590
        0x5584346e1590
        0x5584346e1590
        0x5584346e1590
        0x5584346e1590
        0x5584346e1590
        0x5584346e1590
        0x5584346e1590
        0x5584346e1590
        0x5584346e1590
        0x5584346e1590
        0x5584346e1590
        0x5584346e1590
        0x5584346e1590
        0x5584346e1590
        0x5584346e1590
        0x5584346e1590
        0x5584346e1590
        0x5584346e1590
        0x5584346e1590
        0x5584346e1590
        0x5584346e1590
        0x5584346e1590
        0x5584346e1590
        0x5584346e1590
        0x5584346e1590
        0x5584346e1590
        0x5584346e1590
        0x5584346e1590
        0x5584346e1590
        0x5584346e1590
        0x5584346e1590
        0x5584346e1590
        0x5584346e1590
        0x5584346e1590
        0x5584346e1590
        0x5584346e1590
        0x5584346e1590
        0x5584346e1590
        0x5584346e1590
        0x5584346e1590
        0x5584346e1590
        0x5584346e1590
        0x5584346e1590
        0x5584346e1590
        0x5584346e1590
        0x5584346e1590
        0x5584346e1590
        0x5584346e1590
        0x5584346e1590
        0x5584346e1590
        0x5584346e1590
        0x5584346e1590
        0x5584346e1590
        0x5584346e1590
        0x5584346e1590
        0x5584346e1590
        0x5584346e1590
        0x5584346e1590
        0x5584346e1590
        0x5584346e1590
        0x5584346e1590
        0x5584346e1590
        0x5584346e1590
        0x5584346e1590
        0x5584346e1590
        0x5584346e1590
        0x5584346e1590
        0x5584346e1590
        0x5584346e1590
        0x5584346e1590
        0x5584346e1590
        0x5584346e1590
        0x5584346e1590
        0x5584346e1590
        0x5584346e1590
        0x5584346e1590
        0x5584346e1590
        0x5584346e1590
        0x5584346e1590
        0x5584346e1590
        0x5584346e1590
        0x5584346e1590
        0x5584346e1590
        0x5584346e1590
        0x5584346e1590
        0x5584346e1590
        0x5584346e1590
        0x5584346e1590
        0x5584346e1590
        0x5584346e1590
        0x5584346e1590
        0x5584346e1590
        0x5584346e1590
        0x5584346e1590
        0x5584346e1590
        0x5584346e1590
        0x5584346e1590
        0x5584346e1590
        0x5584346e1590
        0x5584346e1590
        0x5584346e1590
        0x5584346e1590
        0x5584346e1590
]: 1
@preempt_stack[
        0x7f953dd5103e
]: 1
@preempt_stack[
        0x7f949ca0f68f
        0x120000
        0x7f940c024078
        0x7f940c024078
        0x7f940c024078
        0x7f940c024078
        0x7f940c024078
        0x7f940c024078
        0x7f940c024078
        0x7f940c024078
        0x7f940c024078
        0x7f940c024078
        0x7f940c024078
        0x7f940c024078
        0x7f940c024078
        0x7f940c024078
        0x7f940c024078
        0x7f940c024078
        0x7f940c024078
        0x7f940c024078
        0x7f940c024078
        0x7f940c024078
        0x7f940c024078
        0x7f940c024078
        0x7f940c024078
        0x7f940c024078
        0x7f940c024078
        0x7f940c024078
        0x7f940c024078
        0x7f940c024078
        0x7f940c024078
        0x7f940c024078
        0x7f940c024078
        0x7f940c024078
        0x7f940c024078
        0x7f940c024078
        0x7f940c024078
        0x7f940c024078
        0x7f940c024078
        0x7f940c024078
        0x7f940c024078
        0x7f940c024078
        0x7f940c024078
        0x7f940c024078
        0x7f940c024078
        0x7f940c024078
        0x7f940c024078
        0x7f940c024078
        0x7f940c024078
        0x7f940c024078
        0x7f940c024078
        0x7f940c024078
        0x7f940c024078
        0x7f940c024078
        0x7f940c024078
        0x7f940c024078
        0x7f940c024078
        0x7f940c024078
        0x7f940c024078
        0x7f940c024078
        0x7f940c024078
        0x7f940c024078
        0x7f940c024078
        0x7f940c024078
        0x7f940c024078
        0x7f940c024078
        0x7f940c024078
        0x7f940c024078
        0x7f940c024078
        0x7f940c024078
        0x7f940c024078
        0x7f940c024078
        0x7f940c024078
        0x7f940c024078
        0x7f940c024078
        0x7f940c024078
        0x7f940c024078
        0x7f940c024078
        0x7f940c024078
        0x7f940c024078
        0x7f940c024078
        0x7f940c024078
        0x7f940c024078
        0x7f940c024078
        0x7f940c024078
        0x7f940c024078
        0x7f940c024078
        0x7f940c024078
        0x7f940c024078
        0x7f940c024078
        0x7f940c024078
        0x7f940c024078
        0x7f940c024078
        0x7f940c024078
        0x7f940c024078
        0x7f940c024078
        0x7f940c024078
        0x7f940c024078
        0x7f940c024078
        0x7f940c024078
        0x7f940c024078
        0x7f940c024078
        0x7f940c024078
        0x7f940c024078
        0x7f940c024078
        0x7f940c024078
        0x7f940c024078
        0x7f940c024078
        0x7f940c024078
        0x7f940c024078
        0x7f940c024078
        0x7f940c024078
        0x7f940c024078
        0x7f940c024078
        0x7f940c024078
        0x7f940c024078
        0x7f940c024078
        0x7f940c024078
        0x7f940c024078
        0x7f940c024078
        0x7f940c024078
        0x7f940c024078
        0x7f940c024078
        0x7f940c024078
        0x7f940c024078
        0x7f940c024078
        0x7f940c024078
]: 1
@preempt_stack[
        0x7f953e5b4bd8
]: 1
@preempt_stack[
        0x407b1be0
        0x401c67a6
        0x7f949c846428
        0x7f949c9e578f
        0x558431b82490
]: 1
@preempt_stack[
        0x7f949c9ada37
        0
        0
        0x558431b45208
        0x558431b45208
        0x558431b45208
        0x558431b45208
        0x558431b45208
        0x558431b45208
        0x558431b45208
        0x558431b45208
        0x558431b45208
        0x558431b45208
        0x558431b45208
        0x558431b45208
        0x558431b45208
        0x558431b45208
        0x558431b45208
        0x558431b45208
        0x558431b45208
        0x558431b45208
        0x558431b45208
        0x558431b45208
        0x558431b45208
        0x558431b45208
        0x558431b45208
        0x558431b45208
        0x558431b45208
        0x558431b45208
        0x558431b45208
        0x558431b45208
        0x558431b45208
        0x558431b45208
        0x558431b45208
        0x558431b45208
        0x558431b45208
        0x558431b45208
        0x558431b45208
        0x558431b45208
        0x558431b45208
        0x558431b45208
        0x558431b45208
        0x558431b45208
        0x558431b45208
        0x558431b45208
        0x558431b45208
        0x558431b45208
        0x558431b45208
        0x558431b45208
        0x558431b45208
        0x558431b45208
        0x558431b45208
        0x558431b45208
        0x558431b45208
        0x558431b45208
        0x558431b45208
        0x558431b45208
        0x558431b45208
        0x558431b45208
        0x558431b45208
        0x558431b45208
        0x558431b45208
        0x558431b45208
        0x558431b45208
        0x558431b45208
        0x558431b45208
        0x558431b45208
        0x558431b45208
        0x558431b45208
        0x558431b45208
        0x558431b45208
        0x558431b45208
        0x558431b45208
        0x558431b45208
        0x558431b45208
        0x558431b45208
        0x558431b45208
        0x558431b45208
        0x558431b45208
        0x558431b45208
        0x558431b45208
        0x558431b45208
        0x558431b45208
        0x558431b45208
        0x558431b45208
        0x558431b45208
        0x558431b45208
        0x558431b45208
        0x558431b45208
        0x558431b45208
        0x558431b45208
        0x558431b45208
        0x558431b45208
        0x558431b45208
        0x558431b45208
        0x558431b45208
        0x558431b45208
        0x558431b45208
        0x558431b45208
        0x558431b45208
        0x558431b45208
        0x558431b45208
        0x558431b45208
        0x558431b45208
        0x558431b45208
        0x558431b45208
        0x558431b45208
        0x558431b45208
        0x558431b45208
        0x558431b45208
        0x558431b45208
        0x558431b45208
        0x558431b45208
        0x558431b45208
        0x558431b45208
        0x558431b45208
        0x558431b45208
        0x558431b45208
        0x558431b45208
        0x558431b45208
        0x558431b45208
        0x558431b45208
        0x558431b45208
        0x558431b45208
        0x558431b45208
        0x558431b45208
        0x558431b45208
]: 1
@preempt_stack[
        0x7f949c9e44f1
        0x120000
        0x558433259fb8
        0x558433259fb8
        0x558433259fb8
        0x558433259fb8
        0x558433259fb8
        0x558433259fb8
        0x558433259fb8
        0x558433259fb8
        0x558433259fb8
        0x558433259fb8
        0x558433259fb8
        0x558433259fb8
        0x558433259fb8
        0x558433259fb8
        0x558433259fb8
        0x558433259fb8
        0x558433259fb8
        0x558433259fb8
        0x558433259fb8
        0x558433259fb8
        0x558433259fb8
        0x558433259fb8
        0x558433259fb8
        0x558433259fb8
        0x558433259fb8
        0x558433259fb8
        0x558433259fb8
        0x558433259fb8
        0x558433259fb8
        0x558433259fb8
        0x558433259fb8
        0x558433259fb8
        0x558433259fb8
        0x558433259fb8
        0x558433259fb8
        0x558433259fb8
        0x558433259fb8
        0x558433259fb8
        0x558433259fb8
        0x558433259fb8
        0x558433259fb8
        0x558433259fb8
        0x558433259fb8
        0x558433259fb8
        0x558433259fb8
        0x558433259fb8
        0x558433259fb8
        0x558433259fb8
        0x558433259fb8
        0x558433259fb8
        0x558433259fb8
        0x558433259fb8
        0x558433259fb8
        0x558433259fb8
        0x558433259fb8
        0x558433259fb8
        0x558433259fb8
        0x558433259fb8
        0x558433259fb8
        0x558433259fb8
        0x558433259fb8
        0x558433259fb8
        0x558433259fb8
        0x558433259fb8
        0x558433259fb8
        0x558433259fb8
        0x558433259fb8
        0x558433259fb8
        0x558433259fb8
        0x558433259fb8
        0x558433259fb8
        0x558433259fb8
        0x558433259fb8
        0x558433259fb8
        0x558433259fb8
        0x558433259fb8
        0x558433259fb8
        0x558433259fb8
        0x558433259fb8
        0x558433259fb8
        0x558433259fb8
        0x558433259fb8
        0x558433259fb8
        0x558433259fb8
        0x558433259fb8
        0x558433259fb8
        0x558433259fb8
        0x558433259fb8
        0x558433259fb8
        0x558433259fb8
        0x558433259fb8
        0x558433259fb8
        0x558433259fb8
        0x558433259fb8
        0x558433259fb8
        0x558433259fb8
        0x558433259fb8
        0x558433259fb8
        0x558433259fb8
        0x558433259fb8
        0x558433259fb8
        0x558433259fb8
        0x558433259fb8
        0x558433259fb8
        0x558433259fb8
        0x558433259fb8
        0x558433259fb8
        0x558433259fb8
        0x558433259fb8
        0x558433259fb8
        0x558433259fb8
        0x558433259fb8
        0x558433259fb8
        0x558433259fb8
        0x558433259fb8
        0x558433259fb8
        0x558433259fb8
        0x558433259fb8
        0x558433259fb8
        0x558433259fb8
        0x558433259fb8
        0x558433259fb8
        0x558433259fb8
        0x558433259fb8
        0x558433259fb8
]: 1
@preempt_stack[
        0x401bf995
        0x4028b7b4
        0x4028b70c
        0x4028b528
        0x4028b3c4
        0x4046dfb8
        0x40785934
        0x401c67a6
        0x7f949c846428
        0x7f949c9e578f
        0x558431b82490
]: 1
@preempt_stack[
        0x7f953dd4b2d9
        0x2eaf0cdb28aa9316
]: 1
@preempt_stack[
        0x7f949c9dcfa3
        0x120000
        0x558434cfc548
        0x558434cfc548
        0x558434cfc548
        0x558434cfc548
        0x558434cfc548
        0x558434cfc548
        0x558434cfc548
        0x558434cfc548
        0x558434cfc548
        0x558434cfc548
        0x558434cfc548
        0x558434cfc548
        0x558434cfc548
        0x558434cfc548
        0x558434cfc548
        0x558434cfc548
        0x558434cfc548
        0x558434cfc548
        0x558434cfc548
        0x558434cfc548
        0x558434cfc548
        0x558434cfc548
        0x558434cfc548
        0x558434cfc548
        0x558434cfc548
        0x558434cfc548
        0x558434cfc548
        0x558434cfc548
        0x558434cfc548
        0x558434cfc548
        0x558434cfc548
        0x558434cfc548
        0x558434cfc548
        0x558434cfc548
        0x558434cfc548
        0x558434cfc548
        0x558434cfc548
        0x558434cfc548
        0x558434cfc548
        0x558434cfc548
        0x558434cfc548
        0x558434cfc548
        0x558434cfc548
        0x558434cfc548
        0x558434cfc548
        0x558434cfc548
        0x558434cfc548
        0x558434cfc548
        0x558434cfc548
        0x558434cfc548
        0x558434cfc548
        0x558434cfc548
        0x558434cfc548
        0x558434cfc548
        0x558434cfc548
        0x558434cfc548
        0x558434cfc548
        0x558434cfc548
        0x558434cfc548
        0x558434cfc548
        0x558434cfc548
        0x558434cfc548
        0x558434cfc548
        0x558434cfc548
        0x558434cfc548
        0x558434cfc548
        0x558434cfc548
        0x558434cfc548
        0x558434cfc548
        0x558434cfc548
        0x558434cfc548
        0x558434cfc548
        0x558434cfc548
        0x558434cfc548
        0x558434cfc548
        0x558434cfc548
        0x558434cfc548
        0x558434cfc548
        0x558434cfc548
        0x558434cfc548
        0x558434cfc548
        0x558434cfc548
        0x558434cfc548
        0x558434cfc548
        0x558434cfc548
        0x558434cfc548
        0x558434cfc548
        0x558434cfc548
        0x558434cfc548
        0x558434cfc548
        0x558434cfc548
        0x558434cfc548
        0x558434cfc548
        0x558434cfc548
        0x558434cfc548
        0x558434cfc548
        0x558434cfc548
        0x558434cfc548
        0x558434cfc548
        0x558434cfc548
        0x558434cfc548
        0x558434cfc548
        0x558434cfc548
        0x558434cfc548
        0x558434cfc548
        0x558434cfc548
        0x558434cfc548
        0x558434cfc548
        0x558434cfc548
        0x558434cfc548
        0x558434cfc548
        0x558434cfc548
        0x558434cfc548
        0x558434cfc548
        0x558434cfc548
        0x558434cfc548
        0x558434cfc548
        0x558434cfc548
        0x558434cfc548
        0x558434cfc548
        0x558434cfc548
        0x558434cfc548
        0x558434cfc548
        0x558434cfc548
        0x558434cfc548
]: 1
@preempt_stack[
        0x7f953cbb7fd3
        0x7f95028f8f50
]: 1
@preempt_stack[
        0x7f953dd47926
]: 1
@preempt_stack[
        mono_metadata_type_hash+96
        0x120000
        0x5584351e1a60
        0x5584351e1a60
        0x5584351e1a60
        0x5584351e1a60
        0x5584351e1a60
        0x5584351e1a60
        0x5584351e1a60
        0x5584351e1a60
        0x5584351e1a60
        0x5584351e1a60
        0x5584351e1a60
        0x5584351e1a60
        0x5584351e1a60
        0x5584351e1a60
        0x5584351e1a60
        0x5584351e1a60
        0x5584351e1a60
        0x5584351e1a60
        0x5584351e1a60
        0x5584351e1a60
        0x5584351e1a60
        0x5584351e1a60
        0x5584351e1a60
        0x5584351e1a60
        0x5584351e1a60
        0x5584351e1a60
        0x5584351e1a60
        0x5584351e1a60
        0x5584351e1a60
        0x5584351e1a60
        0x5584351e1a60
        0x5584351e1a60
        0x5584351e1a60
        0x5584351e1a60
        0x5584351e1a60
        0x5584351e1a60
        0x5584351e1a60
        0x5584351e1a60
        0x5584351e1a60
        0x5584351e1a60
        0x5584351e1a60
        0x5584351e1a60
        0x5584351e1a60
        0x5584351e1a60
        0x5584351e1a60
        0x5584351e1a60
        0x5584351e1a60
        0x5584351e1a60
        0x5584351e1a60
        0x5584351e1a60
        0x5584351e1a60
        0x5584351e1a60
        0x5584351e1a60
        0x5584351e1a60
        0x5584351e1a60
        0x5584351e1a60
        0x5584351e1a60
        0x5584351e1a60
        0x5584351e1a60
        0x5584351e1a60
        0x5584351e1a60
        0x5584351e1a60
        0x5584351e1a60
        0x5584351e1a60
        0x5584351e1a60
        0x5584351e1a60
        0x5584351e1a60
        0x5584351e1a60
        0x5584351e1a60
        0x5584351e1a60
        0x5584351e1a60
        0x5584351e1a60
        0x5584351e1a60
        0x5584351e1a60
        0x5584351e1a60
        0x5584351e1a60
        0x5584351e1a60
        0x5584351e1a60
        0x5584351e1a60
        0x5584351e1a60
        0x5584351e1a60
        0x5584351e1a60
        0x5584351e1a60
        0x5584351e1a60
        0x5584351e1a60
        0x5584351e1a60
        0x5584351e1a60
        0x5584351e1a60
        0x5584351e1a60
        0x5584351e1a60
        0x5584351e1a60
        0x5584351e1a60
        0x5584351e1a60
        0x5584351e1a60
        0x5584351e1a60
        0x5584351e1a60
        0x5584351e1a60
        0x5584351e1a60
        0x5584351e1a60
        0x5584351e1a60
        0x5584351e1a60
        0x5584351e1a60
        0x5584351e1a60
        0x5584351e1a60
        0x5584351e1a60
        0x5584351e1a60
        0x5584351e1a60
        0x5584351e1a60
        0x5584351e1a60
        0x5584351e1a60
        0x5584351e1a60
        0x5584351e1a60
        0x5584351e1a60
        0x5584351e1a60
        0x5584351e1a60
        0x5584351e1a60
        0x5584351e1a60
        0x5584351e1a60
        0x5584351e1a60
        0x5584351e1a60
        0x5584351e1a60
        0x5584351e1a60
        0x5584351e1a60
        0x5584351e1a60
        0x5584351e1a60
]: 1
@preempt_stack[
        0x7f953dd46cc1
        0xb080b060b030b02
]: 1
@preempt_stack[
        mono_g_hash_table_lookup_extended+66
        0x120000
        0x558434d8ea08
        0x558434d8ea08
        0x558434d8ea08
        0x558434d8ea08
        0x558434d8ea08
        0x558434d8ea08
        0x558434d8ea08
        0x558434d8ea08
        0x558434d8ea08
        0x558434d8ea08
        0x558434d8ea08
        0x558434d8ea08
        0x558434d8ea08
        0x558434d8ea08
        0x558434d8ea08
        0x558434d8ea08
        0x558434d8ea08
        0x558434d8ea08
        0x558434d8ea08
        0x558434d8ea08
        0x558434d8ea08
        0x558434d8ea08
        0x558434d8ea08
        0x558434d8ea08
        0x558434d8ea08
        0x558434d8ea08
        0x558434d8ea08
        0x558434d8ea08
        0x558434d8ea08
        0x558434d8ea08
        0x558434d8ea08
        0x558434d8ea08
        0x558434d8ea08
        0x558434d8ea08
        0x558434d8ea08
        0x558434d8ea08
        0x558434d8ea08
        0x558434d8ea08
        0x558434d8ea08
        0x558434d8ea08
        0x558434d8ea08
        0x558434d8ea08
        0x558434d8ea08
        0x558434d8ea08
        0x558434d8ea08
        0x558434d8ea08
        0x558434d8ea08
        0x558434d8ea08
        0x558434d8ea08
        0x558434d8ea08
        0x558434d8ea08
        0x558434d8ea08
        0x558434d8ea08
        0x558434d8ea08
        0x558434d8ea08
        0x558434d8ea08
        0x558434d8ea08
        0x558434d8ea08
        0x558434d8ea08
        0x558434d8ea08
        0x558434d8ea08
        0x558434d8ea08
        0x558434d8ea08
        0x558434d8ea08
        0x558434d8ea08
        0x558434d8ea08
        0x558434d8ea08
        0x558434d8ea08
        0x558434d8ea08
        0x558434d8ea08
        0x558434d8ea08
        0x558434d8ea08
        0x558434d8ea08
        0x558434d8ea08
        0x558434d8ea08
        0x558434d8ea08
        0x558434d8ea08
        0x558434d8ea08
        0x558434d8ea08
        0x558434d8ea08
        0x558434d8ea08
        0x558434d8ea08
        0x558434d8ea08
        0x558434d8ea08
        0x558434d8ea08
        0x558434d8ea08
        0x558434d8ea08
        0x558434d8ea08
        0x558434d8ea08
        0x558434d8ea08
        0x558434d8ea08
        0x558434d8ea08
        0x558434d8ea08
        0x558434d8ea08
        0x558434d8ea08
        0x558434d8ea08
        0x558434d8ea08
        0x558434d8ea08
        0x558434d8ea08
        0x558434d8ea08
        0x558434d8ea08
        0x558434d8ea08
        0x558434d8ea08
        0x558434d8ea08
        0x558434d8ea08
        0x558434d8ea08
        0x558434d8ea08
        0x558434d8ea08
        0x558434d8ea08
        0x558434d8ea08
        0x558434d8ea08
        0x558434d8ea08
        0x558434d8ea08
        0x558434d8ea08
        0x558434d8ea08
        0x558434d8ea08
        0x558434d8ea08
        0x558434d8ea08
        0x558434d8ea08
        0x558434d8ea08
        0x558434d8ea08
        0x558434d8ea08
        0x558434d8ea08
        0x558434d8ea08
        0x558434d8ea08
]: 1
@preempt_stack[
        mono_g_hash_table_lookup_extended+66
        0x120000
        0x558434b5f428
        0x558434b5f428
        0x558434b5f428
        0x558434b5f428
        0x558434b5f428
        0x558434b5f428
        0x558434b5f428
        0x558434b5f428
        0x558434b5f428
        0x558434b5f428
        0x558434b5f428
        0x558434b5f428
        0x558434b5f428
        0x558434b5f428
        0x558434b5f428
        0x558434b5f428
        0x558434b5f428
        0x558434b5f428
        0x558434b5f428
        0x558434b5f428
        0x558434b5f428
        0x558434b5f428
        0x558434b5f428
        0x558434b5f428
        0x558434b5f428
        0x558434b5f428
        0x558434b5f428
        0x558434b5f428
        0x558434b5f428
        0x558434b5f428
        0x558434b5f428
        0x558434b5f428
        0x558434b5f428
        0x558434b5f428
        0x558434b5f428
        0x558434b5f428
        0x558434b5f428
        0x558434b5f428
        0x558434b5f428
        0x558434b5f428
        0x558434b5f428
        0x558434b5f428
        0x558434b5f428
        0x558434b5f428
        0x558434b5f428
        0x558434b5f428
        0x558434b5f428
        0x558434b5f428
        0x558434b5f428
        0x558434b5f428
        0x558434b5f428
        0x558434b5f428
        0x558434b5f428
        0x558434b5f428
        0x558434b5f428
        0x558434b5f428
        0x558434b5f428
        0x558434b5f428
        0x558434b5f428
        0x558434b5f428
        0x558434b5f428
        0x558434b5f428
        0x558434b5f428
        0x558434b5f428
        0x558434b5f428
        0x558434b5f428
        0x558434b5f428
        0x558434b5f428
        0x558434b5f428
        0x558434b5f428
        0x558434b5f428
        0x558434b5f428
        0x558434b5f428
        0x558434b5f428
        0x558434b5f428
        0x558434b5f428
        0x558434b5f428
        0x558434b5f428
        0x558434b5f428
        0x558434b5f428
        0x558434b5f428
        0x558434b5f428
        0x558434b5f428
        0x558434b5f428
        0x558434b5f428
        0x558434b5f428
        0x558434b5f428
        0x558434b5f428
        0x558434b5f428
        0x558434b5f428
        0x558434b5f428
        0x558434b5f428
        0x558434b5f428
        0x558434b5f428
        0x558434b5f428
        0x558434b5f428
        0x558434b5f428
        0x558434b5f428
        0x558434b5f428
        0x558434b5f428
        0x558434b5f428
        0x558434b5f428
        0x558434b5f428
        0x558434b5f428
        0x558434b5f428
        0x558434b5f428
        0x558434b5f428
        0x558434b5f428
        0x558434b5f428
        0x558434b5f428
        0x558434b5f428
        0x558434b5f428
        0x558434b5f428
        0x558434b5f428
        0x558434b5f428
        0x558434b5f428
        0x558434b5f428
        0x558434b5f428
        0x558434b5f428
        0x558434b5f428
        0x558434b5f428
        0x558434b5f428
        0x558434b5f428
        0x558434b5f428
        0x558434b5f428
]: 1
@preempt_stack[
        0x7f949c9dcfa3
        0x110000
        0x5584353c0800
        0x5584353c0800
        0x5584353c0800
        0x5584353c0800
        0x5584353c0800
        0x5584353c0800
        0x5584353c0800
        0x5584353c0800
        0x5584353c0800
        0x5584353c0800
        0x5584353c0800
        0x5584353c0800
        0x5584353c0800
        0x5584353c0800
        0x5584353c0800
        0x5584353c0800
        0x5584353c0800
        0x5584353c0800
        0x5584353c0800
        0x5584353c0800
        0x5584353c0800
        0x5584353c0800
        0x5584353c0800
        0x5584353c0800
        0x5584353c0800
        0x5584353c0800
        0x5584353c0800
        0x5584353c0800
        0x5584353c0800
        0x5584353c0800
        0x5584353c0800
        0x5584353c0800
        0x5584353c0800
        0x5584353c0800
        0x5584353c0800
        0x5584353c0800
        0x5584353c0800
        0x5584353c0800
        0x5584353c0800
        0x5584353c0800
        0x5584353c0800
        0x5584353c0800
        0x5584353c0800
        0x5584353c0800
        0x5584353c0800
        0x5584353c0800
        0x5584353c0800
        0x5584353c0800
        0x5584353c0800
        0x5584353c0800
        0x5584353c0800
        0x5584353c0800
        0x5584353c0800
        0x5584353c0800
        0x5584353c0800
        0x5584353c0800
        0x5584353c0800
        0x5584353c0800
        0x5584353c0800
        0x5584353c0800
        0x5584353c0800
        0x5584353c0800
        0x5584353c0800
        0x5584353c0800
        0x5584353c0800
        0x5584353c0800
        0x5584353c0800
        0x5584353c0800
        0x5584353c0800
        0x5584353c0800
        0x5584353c0800
        0x5584353c0800
        0x5584353c0800
        0x5584353c0800
        0x5584353c0800
        0x5584353c0800
        0x5584353c0800
        0x5584353c0800
        0x5584353c0800
        0x5584353c0800
        0x5584353c0800
        0x5584353c0800
        0x5584353c0800
        0x5584353c0800
        0x5584353c0800
        0x5584353c0800
        0x5584353c0800
        0x5584353c0800
        0x5584353c0800
        0x5584353c0800
        0x5584353c0800
        0x5584353c0800
        0x5584353c0800
        0x5584353c0800
        0x5584353c0800
        0x5584353c0800
        0x5584353c0800
        0x5584353c0800
        0x5584353c0800
        0x5584353c0800
        0x5584353c0800
        0x5584353c0800
        0x5584353c0800
        0x5584353c0800
        0x5584353c0800
        0x5584353c0800
        0x5584353c0800
        0x5584353c0800
        0x5584353c0800
        0x5584353c0800
        0x5584353c0800
        0x5584353c0800
        0x5584353c0800
        0x5584353c0800
        0x5584353c0800
        0x5584353c0800
        0x5584353c0800
        0x5584353c0800
        0x5584353c0800
        0x5584353c0800
        0x5584353c0800
        0x5584353c0800
        0x5584353c0800
        0x5584353c0800
        0x5584353c0800
]: 1
@preempt_stack[
        0x7f953cbb8819
]: 1
@preempt_stack[
        0x7f949c88dda6
        0x102020202010200
]: 1
@preempt_stack[
        0x7f953dd4ed36
        0x18
]: 1
@preempt_stack[
        0x7f93327af9a2
        0
]: 1
@preempt_stack[
        0x7f953dd5187f
]: 1
@preempt_stack[
        0x7f953dcd7ad1
        0x54105440542
]: 1
@preempt_stack[
        0x4025b07d
        0x40407e17
        0x40403d24
        0x7f949c846428
        0x7f949c9e578f
        0x558431b82490
]: 1
@preempt_stack[
        0x40cadc60
        0x40cd549c
        0x40cd5308
        0x40cd41d8
        0x40cb24dd
        0x40cb2258
        0
        0
        0x558432736408
        0x558432736408
        0x558432736408
        0x558432736408
        0x558432736408
        0x558432736408
        0x558432736408
        0x558432736408
        0x558432736408
        0x558432736408
        0x558432736408
        0x558432736408
        0x558432736408
        0x558432736408
        0x558432736408
        0x558432736408
        0x558432736408
        0x558432736408
        0x558432736408
        0x558432736408
        0x558432736408
        0x558432736408
        0x558432736408
        0x558432736408
        0x558432736408
        0x558432736408
        0x558432736408
        0x558432736408
        0x558432736408
        0x558432736408
        0x558432736408
        0x558432736408
        0x558432736408
        0x558432736408
        0x558432736408
        0x558432736408
        0x558432736408
        0x558432736408
        0x558432736408
        0x558432736408
        0x558432736408
        0x558432736408
        0x558432736408
        0x558432736408
        0x558432736408
        0x558432736408
        0x558432736408
        0x558432736408
        0x558432736408
        0x558432736408
        0x558432736408
        0x558432736408
        0x558432736408
        0x558432736408
        0x558432736408
        0x558432736408
        0x558432736408
        0x558432736408
        0x558432736408
        0x558432736408
        0x558432736408
        0x558432736408
        0x558432736408
        0x558432736408
        0x558432736408
        0x558432736408
        0x558432736408
        0x558432736408
        0x558432736408
        0x558432736408
        0x558432736408
        0x558432736408
        0x558432736408
        0x558432736408
        0x558432736408
        0x558432736408
        0x558432736408
        0x558432736408
        0x558432736408
        0x558432736408
        0x558432736408
        0x558432736408
        0x558432736408
        0x558432736408
        0x558432736408
        0x558432736408
        0x558432736408
        0x558432736408
        0x558432736408
        0x558432736408
        0x558432736408
        0x558432736408
        0x558432736408
        0x558432736408
        0x558432736408
        0x558432736408
        0x558432736408
        0x558432736408
        0x558432736408
        0x558432736408
        0x558432736408
        0x558432736408
        0x558432736408
        0x558432736408
        0x558432736408
        0x558432736408
        0x558432736408
        0x558432736408
        0x558432736408
        0x558432736408
        0x558432736408
        0x558432736408
        0x558432736408
        0x558432736408
        0x558432736408
        0x558432736408
        0x558432736408
        0x558432736408
        0x558432736408
]: 1
@preempt_stack[
        __pthread_mutex_unlock+66
]: 1
@preempt_stack[
        0x7f949ca0f68f
        0x120000
        0x558432b2ceb0
        0x558432b2ceb0
        0x558432b2ceb0
        0x558432b2ceb0
        0x558432b2ceb0
        0x558432b2ceb0
        0x558432b2ceb0
        0x558432b2ceb0
        0x558432b2ceb0
        0x558432b2ceb0
        0x558432b2ceb0
        0x558432b2ceb0
        0x558432b2ceb0
        0x558432b2ceb0
        0x558432b2ceb0
        0x558432b2ceb0
        0x558432b2ceb0
        0x558432b2ceb0
        0x558432b2ceb0
        0x558432b2ceb0
        0x558432b2ceb0
        0x558432b2ceb0
        0x558432b2ceb0
        0x558432b2ceb0
        0x558432b2ceb0
        0x558432b2ceb0
        0x558432b2ceb0
        0x558432b2ceb0
        0x558432b2ceb0
        0x558432b2ceb0
        0x558432b2ceb0
        0x558432b2ceb0
        0x558432b2ceb0
        0x558432b2ceb0
        0x558432b2ceb0
        0x558432b2ceb0
        0x558432b2ceb0
        0x558432b2ceb0
        0x558432b2ceb0
        0x558432b2ceb0
        0x558432b2ceb0
        0x558432b2ceb0
        0x558432b2ceb0
        0x558432b2ceb0
        0x558432b2ceb0
        0x558432b2ceb0
        0x558432b2ceb0
        0x558432b2ceb0
        0x558432b2ceb0
        0x558432b2ceb0
        0x558432b2ceb0
        0x558432b2ceb0
        0x558432b2ceb0
        0x558432b2ceb0
        0x558432b2ceb0
        0x558432b2ceb0
        0x558432b2ceb0
        0x558432b2ceb0
        0x558432b2ceb0
        0x558432b2ceb0
        0x558432b2ceb0
        0x558432b2ceb0
        0x558432b2ceb0
        0x558432b2ceb0
        0x558432b2ceb0
        0x558432b2ceb0
        0x558432b2ceb0
        0x558432b2ceb0
        0x558432b2ceb0
        0x558432b2ceb0
        0x558432b2ceb0
        0x558432b2ceb0
        0x558432b2ceb0
        0x558432b2ceb0
        0x558432b2ceb0
        0x558432b2ceb0
        0x558432b2ceb0
        0x558432b2ceb0
        0x558432b2ceb0
        0x558432b2ceb0
        0x558432b2ceb0
        0x558432b2ceb0
        0x558432b2ceb0
        0x558432b2ceb0
        0x558432b2ceb0
        0x558432b2ceb0
        0x558432b2ceb0
        0x558432b2ceb0
        0x558432b2ceb0
        0x558432b2ceb0
        0x558432b2ceb0
        0x558432b2ceb0
        0x558432b2ceb0
        0x558432b2ceb0
        0x558432b2ceb0
        0x558432b2ceb0
        0x558432b2ceb0
        0x558432b2ceb0
        0x558432b2ceb0
        0x558432b2ceb0
        0x558432b2ceb0
        0x558432b2ceb0
        0x558432b2ceb0
        0x558432b2ceb0
        0x558432b2ceb0
        0x558432b2ceb0
        0x558432b2ceb0
        0x558432b2ceb0
        0x558432b2ceb0
        0x558432b2ceb0
        0x558432b2ceb0
        0x558432b2ceb0
        0x558432b2ceb0
        0x558432b2ceb0
        0x558432b2ceb0
        0x558432b2ceb0
        0x558432b2ceb0
        0x558432b2ceb0
        0x558432b2ceb0
        0x558432b2ceb0
        0x558432b2ceb0
        0x558432b2ceb0
        0x558432b2ceb0
        0x558432b2ceb0
        0x558432b2ceb0
]: 1
@preempt_stack[
        0x7f953cbb81e2
]: 1
@preempt_stack[
        0x402220bd
        0x40ae2d74
        0x40b97fdc
        0x4077cadf
        0x7f949c846428
        0x7f949c9e578f
        0x558431b82490
]: 1
@preempt_stack[
        0x7f953dd2c878
        0x7f953e010000
        0x7f9501c5ff30
        0x58
]: 1
@preempt_stack[
        0x7f949c88dff9
]: 1
@preempt_stack[
        0x7f953dd5128a
]: 1
@preempt_stack[
        GC_mark_from+199
]: 1
@preempt_stack[
        mono_metadata_type_hash+99
        0x120000
        0x558432b3bf30
        0x558432b3bf30
        0x558432b3bf30
        0x558432b3bf30
        0x558432b3bf30
        0x558432b3bf30
        0x558432b3bf30
        0x558432b3bf30
        0x558432b3bf30
        0x558432b3bf30
        0x558432b3bf30
        0x558432b3bf30
        0x558432b3bf30
        0x558432b3bf30
        0x558432b3bf30
        0x558432b3bf30
        0x558432b3bf30
        0x558432b3bf30
        0x558432b3bf30
        0x558432b3bf30
        0x558432b3bf30
        0x558432b3bf30
        0x558432b3bf30
        0x558432b3bf30
        0x558432b3bf30
        0x558432b3bf30
        0x558432b3bf30
        0x558432b3bf30
        0x558432b3bf30
        0x558432b3bf30
        0x558432b3bf30
        0x558432b3bf30
        0x558432b3bf30
        0x558432b3bf30
        0x558432b3bf30
        0x558432b3bf30
        0x558432b3bf30
        0x558432b3bf30
        0x558432b3bf30
        0x558432b3bf30
        0x558432b3bf30
        0x558432b3bf30
        0x558432b3bf30
        0x558432b3bf30
        0x558432b3bf30
        0x558432b3bf30
        0x558432b3bf30
        0x558432b3bf30
        0x558432b3bf30
        0x558432b3bf30
        0x558432b3bf30
        0x558432b3bf30
        0x558432b3bf30
        0x558432b3bf30
        0x558432b3bf30
        0x558432b3bf30
        0x558432b3bf30
        0x558432b3bf30
        0x558432b3bf30
        0x558432b3bf30
        0x558432b3bf30
        0x558432b3bf30
        0x558432b3bf30
        0x558432b3bf30
        0x558432b3bf30
        0x558432b3bf30
        0x558432b3bf30
        0x558432b3bf30
        0x558432b3bf30
        0x558432b3bf30
        0x558432b3bf30
        0x558432b3bf30
        0x558432b3bf30
        0x558432b3bf30
        0x558432b3bf30
        0x558432b3bf30
        0x558432b3bf30
        0x558432b3bf30
        0x558432b3bf30
        0x558432b3bf30
        0x558432b3bf30
        0x558432b3bf30
        0x558432b3bf30
        0x558432b3bf30
        0x558432b3bf30
        0x558432b3bf30
        0x558432b3bf30
        0x558432b3bf30
        0x558432b3bf30
        0x558432b3bf30
        0x558432b3bf30
        0x558432b3bf30
        0x558432b3bf30
        0x558432b3bf30
        0x558432b3bf30
        0x558432b3bf30
        0x558432b3bf30
        0x558432b3bf30
        0x558432b3bf30
        0x558432b3bf30
        0x558432b3bf30
        0x558432b3bf30
        0x558432b3bf30
        0x558432b3bf30
        0x558432b3bf30
        0x558432b3bf30
        0x558432b3bf30
        0x558432b3bf30
        0x558432b3bf30
        0x558432b3bf30
        0x558432b3bf30
        0x558432b3bf30
        0x558432b3bf30
        0x558432b3bf30
        0x558432b3bf30
        0x558432b3bf30
        0x558432b3bf30
        0x558432b3bf30
        0x558432b3bf30
        0x558432b3bf30
        0x558432b3bf30
        0x558432b3bf30
        0x558432b3bf30
        0x558432b3bf30
        0x558432b3bf30
]: 1
@preempt_stack[
        mono_metadata_type_hash+80
        0x120000
        0x558432c293f0
        0x558432c293f0
        0x558432c293f0
        0x558432c293f0
        0x558432c293f0
        0x558432c293f0
        0x558432c293f0
        0x558432c293f0
        0x558432c293f0
        0x558432c293f0
        0x558432c293f0
        0x558432c293f0
        0x558432c293f0
        0x558432c293f0
        0x558432c293f0
        0x558432c293f0
        0x558432c293f0
        0x558432c293f0
        0x558432c293f0
        0x558432c293f0
        0x558432c293f0
        0x558432c293f0
        0x558432c293f0
        0x558432c293f0
        0x558432c293f0
        0x558432c293f0
        0x558432c293f0
        0x558432c293f0
        0x558432c293f0
        0x558432c293f0
        0x558432c293f0
        0x558432c293f0
        0x558432c293f0
        0x558432c293f0
        0x558432c293f0
        0x558432c293f0
        0x558432c293f0
        0x558432c293f0
        0x558432c293f0
        0x558432c293f0
        0x558432c293f0
        0x558432c293f0
        0x558432c293f0
        0x558432c293f0
        0x558432c293f0
        0x558432c293f0
        0x558432c293f0
        0x558432c293f0
        0x558432c293f0
        0x558432c293f0
        0x558432c293f0
        0x558432c293f0
        0x558432c293f0
        0x558432c293f0
        0x558432c293f0
        0x558432c293f0
        0x558432c293f0
        0x558432c293f0
        0x558432c293f0
        0x558432c293f0
        0x558432c293f0
        0x558432c293f0
        0x558432c293f0
        0x558432c293f0
        0x558432c293f0
        0x558432c293f0
        0x558432c293f0
        0x558432c293f0
        0x558432c293f0
        0x558432c293f0
        0x558432c293f0
        0x558432c293f0
        0x558432c293f0
        0x558432c293f0
        0x558432c293f0
        0x558432c293f0
        0x558432c293f0
        0x558432c293f0
        0x558432c293f0
        0x558432c293f0
        0x558432c293f0
        0x558432c293f0
        0x558432c293f0
        0x558432c293f0
        0x558432c293f0
        0x558432c293f0
        0x558432c293f0
        0x558432c293f0
        0x558432c293f0
        0x558432c293f0
        0x558432c293f0
        0x558432c293f0
        0x558432c293f0
        0x558432c293f0
        0x558432c293f0
        0x558432c293f0
        0x558432c293f0
        0x558432c293f0
        0x558432c293f0
        0x558432c293f0
        0x558432c293f0
        0x558432c293f0
        0x558432c293f0
        0x558432c293f0
        0x558432c293f0
        0x558432c293f0
        0x558432c293f0
        0x558432c293f0
        0x558432c293f0
        0x558432c293f0
        0x558432c293f0
        0x558432c293f0
        0x558432c293f0
        0x558432c293f0
        0x558432c293f0
        0x558432c293f0
        0x558432c293f0
        0x558432c293f0
        0x558432c293f0
        0x558432c293f0
        0x558432c293f0
        0x558432c293f0
        0x558432c293f0
        0x558432c293f0
        0x558432c293f0
]: 1
@preempt_stack[
        0x402b9458
        0
        0
        0x558431b45208
        0x558431b45208
        0x558431b45208
        0x558431b45208
        0x558431b45208
        0x558431b45208
        0x558431b45208
        0x558431b45208
        0x558431b45208
        0x558431b45208
        0x558431b45208
        0x558431b45208
        0x558431b45208
        0x558431b45208
        0x558431b45208
        0x558431b45208
        0x558431b45208
        0x558431b45208
        0x558431b45208
        0x558431b45208
        0x558431b45208
        0x558431b45208
        0x558431b45208
        0x558431b45208
        0x558431b45208
        0x558431b45208
        0x558431b45208
        0x558431b45208
        0x558431b45208
        0x558431b45208
        0x558431b45208
        0x558431b45208
        0x558431b45208
        0x558431b45208
        0x558431b45208
        0x558431b45208
        0x558431b45208
        0x558431b45208
        0x558431b45208
        0x558431b45208
        0x558431b45208
        0x558431b45208
        0x558431b45208
        0x558431b45208
        0x558431b45208
        0x558431b45208
        0x558431b45208
        0x558431b45208
        0x558431b45208
        0x558431b45208
        0x558431b45208
        0x558431b45208
        0x558431b45208
        0x558431b45208
        0x558431b45208
        0x558431b45208
        0x558431b45208
        0x558431b45208
        0x558431b45208
        0x558431b45208
        0x558431b45208
        0x558431b45208
        0x558431b45208
        0x558431b45208
        0x558431b45208
        0x558431b45208
        0x558431b45208
        0x558431b45208
        0x558431b45208
        0x558431b45208
        0x558431b45208
        0x558431b45208
        0x558431b45208
        0x558431b45208
        0x558431b45208
        0x558431b45208
        0x558431b45208
        0x558431b45208
        0x558431b45208
        0x558431b45208
        0x558431b45208
        0x558431b45208
        0x558431b45208
        0x558431b45208
        0x558431b45208
        0x558431b45208
        0x558431b45208
        0x558431b45208
        0x558431b45208
        0x558431b45208
        0x558431b45208
        0x558431b45208
        0x558431b45208
        0x558431b45208
        0x558431b45208
        0x558431b45208
        0x558431b45208
        0x558431b45208
        0x558431b45208
        0x558431b45208
        0x558431b45208
        0x558431b45208
        0x558431b45208
        0x558431b45208
        0x558431b45208
        0x558431b45208
        0x558431b45208
        0x558431b45208
        0x558431b45208
        0x558431b45208
        0x558431b45208
        0x558431b45208
        0x558431b45208
        0x558431b45208
        0x558431b45208
        0x558431b45208
        0x558431b45208
        0x558431b45208
        0x558431b45208
        0x558431b45208
        0x558431b45208
        0x558431b45208
        0x558431b45208
        0x558431b45208
]: 1
@preempt_stack[
        0x7f949c9dcfa3
        0x120000
        0x558432098c90
        0x558432098c90
        0x558432098c90
        0x558432098c90
        0x558432098c90
        0x558432098c90
        0x558432098c90
        0x558432098c90
        0x558432098c90
        0x558432098c90
        0x558432098c90
        0x558432098c90
        0x558432098c90
        0x558432098c90
        0x558432098c90
        0x558432098c90
        0x558432098c90
        0x558432098c90
        0x558432098c90
        0x558432098c90
        0x558432098c90
        0x558432098c90
        0x558432098c90
        0x558432098c90
        0x558432098c90
        0x558432098c90
        0x558432098c90
        0x558432098c90
        0x558432098c90
        0x558432098c90
        0x558432098c90
        0x558432098c90
        0x558432098c90
        0x558432098c90
        0x558432098c90
        0x558432098c90
        0x558432098c90
        0x558432098c90
        0x558432098c90
        0x558432098c90
        0x558432098c90
        0x558432098c90
        0x558432098c90
        0x558432098c90
        0x558432098c90
        0x558432098c90
        0x558432098c90
        0x558432098c90
        0x558432098c90
        0x558432098c90
        0x558432098c90
        0x558432098c90
        0x558432098c90
        0x558432098c90
        0x558432098c90
        0x558432098c90
        0x558432098c90
        0x558432098c90
        0x558432098c90
        0x558432098c90
        0x558432098c90
        0x558432098c90
        0x558432098c90
        0x558432098c90
        0x558432098c90
        0x558432098c90
        0x558432098c90
        0x558432098c90
        0x558432098c90
        0x558432098c90
        0x558432098c90
        0x558432098c90
        0x558432098c90
        0x558432098c90
        0x558432098c90
        0x558432098c90
        0x558432098c90
        0x558432098c90
        0x558432098c90
        0x558432098c90
        0x558432098c90
        0x558432098c90
        0x558432098c90
        0x558432098c90
        0x558432098c90
        0x558432098c90
        0x558432098c90
        0x558432098c90
        0x558432098c90
        0x558432098c90
        0x558432098c90
        0x558432098c90
        0x558432098c90
        0x558432098c90
        0x558432098c90
        0x558432098c90
        0x558432098c90
        0x558432098c90
        0x558432098c90
        0x558432098c90
        0x558432098c90
        0x558432098c90
        0x558432098c90
        0x558432098c90
        0x558432098c90
        0x558432098c90
        0x558432098c90
        0x558432098c90
        0x558432098c90
        0x558432098c90
        0x558432098c90
        0x558432098c90
        0x558432098c90
        0x558432098c90
        0x558432098c90
        0x558432098c90
        0x558432098c90
        0x558432098c90
        0x558432098c90
        0x558432098c90
        0x558432098c90
        0x558432098c90
        0x558432098c90
        0x558432098c90
        0x558432098c90
]: 1
@preempt_stack[
        0x7f949c9dcfa3
        0x120000
        0x55843531bde0
        0x55843531bde0
        0x55843531bde0
        0x55843531bde0
        0x55843531bde0
        0x55843531bde0
        0x55843531bde0
        0x55843531bde0
        0x55843531bde0
        0x55843531bde0
        0x55843531bde0
        0x55843531bde0
        0x55843531bde0
        0x55843531bde0
        0x55843531bde0
        0x55843531bde0
        0x55843531bde0
        0x55843531bde0
        0x55843531bde0
        0x55843531bde0
        0x55843531bde0
        0x55843531bde0
        0x55843531bde0
        0x55843531bde0
        0x55843531bde0
        0x55843531bde0
        0x55843531bde0
        0x55843531bde0
        0x55843531bde0
        0x55843531bde0
        0x55843531bde0
        0x55843531bde0
        0x55843531bde0
        0x55843531bde0
        0x55843531bde0
        0x55843531bde0
        0x55843531bde0
        0x55843531bde0
        0x55843531bde0
        0x55843531bde0
        0x55843531bde0
        0x55843531bde0
        0x55843531bde0
        0x55843531bde0
        0x55843531bde0
        0x55843531bde0
        0x55843531bde0
        0x55843531bde0
        0x55843531bde0
        0x55843531bde0
        0x55843531bde0
        0x55843531bde0
        0x55843531bde0
        0x55843531bde0
        0x55843531bde0
        0x55843531bde0
        0x55843531bde0
        0x55843531bde0
        0x55843531bde0
        0x55843531bde0
        0x55843531bde0
        0x55843531bde0
        0x55843531bde0
        0x55843531bde0
        0x55843531bde0
        0x55843531bde0
        0x55843531bde0
        0x55843531bde0
        0x55843531bde0
        0x55843531bde0
        0x55843531bde0
        0x55843531bde0
        0x55843531bde0
        0x55843531bde0
        0x55843531bde0
        0x55843531bde0
        0x55843531bde0
        0x55843531bde0
        0x55843531bde0
        0x55843531bde0
        0x55843531bde0
        0x55843531bde0
        0x55843531bde0
        0x55843531bde0
        0x55843531bde0
        0x55843531bde0
        0x55843531bde0
        0x55843531bde0
        0x55843531bde0
        0x55843531bde0
        0x55843531bde0
        0x55843531bde0
        0x55843531bde0
        0x55843531bde0
        0x55843531bde0
        0x55843531bde0
        0x55843531bde0
        0x55843531bde0
        0x55843531bde0
        0x55843531bde0
        0x55843531bde0
        0x55843531bde0
        0x55843531bde0
        0x55843531bde0
        0x55843531bde0
        0x55843531bde0
        0x55843531bde0
        0x55843531bde0
        0x55843531bde0
        0x55843531bde0
        0x55843531bde0
        0x55843531bde0
        0x55843531bde0
        0x55843531bde0
        0x55843531bde0
        0x55843531bde0
        0x55843531bde0
        0x55843531bde0
        0x55843531bde0
        0x55843531bde0
        0x55843531bde0
        0x55843531bde0
        0x55843531bde0
        0x55843531bde0
        0x55843531bde0
]: 1
@preempt_stack[
        0x7f949c9a7d0c
        0x401c67a6
        0x7f949c846428
        0x7f949c9e578f
        0x558431b82490
]: 1
@preempt_stack[
        0x7f953cbb88ce
]: 1
@preempt_stack[
        0x401b6161
        0x40af0680
        0x40407e56
        0x40403d24
        0x7f949c846428
        0x7f949c9e578f
        0x558431b82490
]: 1
@preempt_stack[
        0x7f953dd0ed81
        0x7f9501cacc00
]: 1
@preempt_stack[
        0x7f953e8692d0
        0xea00038fffff05c
        0x7f953da02410
        0x8348078948011124
]: 1
@preempt_stack[
        mono_class_from_mono_type_internal+45
        0
]: 1
@preempt_stack[
        0x40cac3f5
]: 1
@preempt_stack[
        0x7f953e5af978
]: 1
@preempt_stack[
        0x7f949c9e44f9
        0x120000
        0x558432c82480
        0x558432c82480
        0x558432c82480
        0x558432c82480
        0x558432c82480
        0x558432c82480
        0x558432c82480
        0x558432c82480
        0x558432c82480
        0x558432c82480
        0x558432c82480
        0x558432c82480
        0x558432c82480
        0x558432c82480
        0x558432c82480
        0x558432c82480
        0x558432c82480
        0x558432c82480
        0x558432c82480
        0x558432c82480
        0x558432c82480
        0x558432c82480
        0x558432c82480
        0x558432c82480
        0x558432c82480
        0x558432c82480
        0x558432c82480
        0x558432c82480
        0x558432c82480
        0x558432c82480
        0x558432c82480
        0x558432c82480
        0x558432c82480
        0x558432c82480
        0x558432c82480
        0x558432c82480
        0x558432c82480
        0x558432c82480
        0x558432c82480
        0x558432c82480
        0x558432c82480
        0x558432c82480
        0x558432c82480
        0x558432c82480
        0x558432c82480
        0x558432c82480
        0x558432c82480
        0x558432c82480
        0x558432c82480
        0x558432c82480
        0x558432c82480
        0x558432c82480
        0x558432c82480
        0x558432c82480
        0x558432c82480
        0x558432c82480
        0x558432c82480
        0x558432c82480
        0x558432c82480
        0x558432c82480
        0x558432c82480
        0x558432c82480
        0x558432c82480
        0x558432c82480
        0x558432c82480
        0x558432c82480
        0x558432c82480
        0x558432c82480
        0x558432c82480
        0x558432c82480
        0x558432c82480
        0x558432c82480
        0x558432c82480
        0x558432c82480
        0x558432c82480
        0x558432c82480
        0x558432c82480
        0x558432c82480
        0x558432c82480
        0x558432c82480
        0x558432c82480
        0x558432c82480
        0x558432c82480
        0x558432c82480
        0x558432c82480
        0x558432c82480
        0x558432c82480
        0x558432c82480
        0x558432c82480
        0x558432c82480
        0x558432c82480
        0x558432c82480
        0x558432c82480
        0x558432c82480
        0x558432c82480
        0x558432c82480
        0x558432c82480
        0x558432c82480
        0x558432c82480
        0x558432c82480
        0x558432c82480
        0x558432c82480
        0x558432c82480
        0x558432c82480
        0x558432c82480
        0x558432c82480
        0x558432c82480
        0x558432c82480
        0x558432c82480
        0x558432c82480
        0x558432c82480
        0x558432c82480
        0x558432c82480
        0x558432c82480
        0x558432c82480
        0x558432c82480
        0x558432c82480
        0x558432c82480
        0x558432c82480
        0x558432c82480
        0x558432c82480
        0x558432c82480
        0x558432c82480
        0x558432c82480
        0x558432c82480
]: 1
@preempt_stack[
        0x7f949c896154
        0x7f93c827d0d0
        0x4001a
]: 1
@preempt_stack[
        0x40442a95
]: 1
@preempt_stack[
        0x7f953dd4e965
        0x70107040702
]: 1
@preempt_stack[
        0x7f953dd4e980
        0xf01
]: 1
@preempt_stack[
        0x7f953d9076a5
        0x7f95006b12c0
        0xc010c410c1e0c01
]: 1
@preempt_stack[
        0x7f949c9cb5b8
        0
        0
        0x558433130d10
]: 1
@preempt_stack[
        mono_g_hash_table_lookup+28
        0x120000
        0x5584322b9d60
        0x5584322b9d60
        0x5584322b9d60
        0x5584322b9d60
        0x5584322b9d60
        0x5584322b9d60
        0x5584322b9d60
        0x5584322b9d60
        0x5584322b9d60
        0x5584322b9d60
        0x5584322b9d60
        0x5584322b9d60
        0x5584322b9d60
        0x5584322b9d60
        0x5584322b9d60
        0x5584322b9d60
        0x5584322b9d60
        0x5584322b9d60
        0x5584322b9d60
        0x5584322b9d60
        0x5584322b9d60
        0x5584322b9d60
        0x5584322b9d60
        0x5584322b9d60
        0x5584322b9d60
        0x5584322b9d60
        0x5584322b9d60
        0x5584322b9d60
        0x5584322b9d60
        0x5584322b9d60
        0x5584322b9d60
        0x5584322b9d60
        0x5584322b9d60
        0x5584322b9d60
        0x5584322b9d60
        0x5584322b9d60
        0x5584322b9d60
        0x5584322b9d60
        0x5584322b9d60
        0x5584322b9d60
        0x5584322b9d60
        0x5584322b9d60
        0x5584322b9d60
        0x5584322b9d60
        0x5584322b9d60
        0x5584322b9d60
        0x5584322b9d60
        0x5584322b9d60
        0x5584322b9d60
        0x5584322b9d60
        0x5584322b9d60
        0x5584322b9d60
        0x5584322b9d60
        0x5584322b9d60
        0x5584322b9d60
        0x5584322b9d60
        0x5584322b9d60
        0x5584322b9d60
        0x5584322b9d60
        0x5584322b9d60
        0x5584322b9d60
        0x5584322b9d60
        0x5584322b9d60
        0x5584322b9d60
        0x5584322b9d60
        0x5584322b9d60
        0x5584322b9d60
        0x5584322b9d60
        0x5584322b9d60
        0x5584322b9d60
        0x5584322b9d60
        0x5584322b9d60
        0x5584322b9d60
        0x5584322b9d60
        0x5584322b9d60
        0x5584322b9d60
        0x5584322b9d60
        0x5584322b9d60
        0x5584322b9d60
        0x5584322b9d60
        0x5584322b9d60
        0x5584322b9d60
        0x5584322b9d60
        0x5584322b9d60
        0x5584322b9d60
        0x5584322b9d60
        0x5584322b9d60
        0x5584322b9d60
        0x5584322b9d60
        0x5584322b9d60
        0x5584322b9d60
        0x5584322b9d60
        0x5584322b9d60
        0x5584322b9d60
        0x5584322b9d60
        0x5584322b9d60
        0x5584322b9d60
        0x5584322b9d60
        0x5584322b9d60
        0x5584322b9d60
        0x5584322b9d60
        0x5584322b9d60
        0x5584322b9d60
        0x5584322b9d60
        0x5584322b9d60
        0x5584322b9d60
        0x5584322b9d60
        0x5584322b9d60
        0x5584322b9d60
        0x5584322b9d60
        0x5584322b9d60
        0x5584322b9d60
        0x5584322b9d60
        0x5584322b9d60
        0x5584322b9d60
        0x5584322b9d60
        0x5584322b9d60
        0x5584322b9d60
        0x5584322b9d60
        0x5584322b9d60
        0x5584322b9d60
        0x5584322b9d60
        0x5584322b9d60
        0x5584322b9d60
        0x5584322b9d60
]: 1
@preempt_stack[
        0x7f949ca56dfc
        0x40407e56
        0x40403d24
        0x7f949c846428
        0x7f949c9e578f
        0x558431b82490
]: 1
@preempt_stack[
        0x7f953dd47403
]: 1
@preempt_stack[
        0x7f953cbb81d4
        0x7f94b6010000
        0x7f9501dcdfd0
        0x58
]: 1
@preempt_stack[
        0x7f949c9cb75e
        0x130000
        0
        0
        0x5584347e7c40
]: 1
@preempt_stack[
        0x7f953db0c097
        0x3f8000003d604189
]: 1
@preempt_stack[
        0x40bb3586
]: 1
@preempt_stack[
        free+27
        0x2c00088000007f93
]: 1
@preempt_stack[
        0x7f953d9015d9
]: 1
@preempt_stack[
        mono_domain_is_unloading+6
        0x4028e48c
        0x4028e3fc
        0x40d39645
        0x40d39598
        0x40d39068
        0
        0x3c00000000000001
        0x558432d2dca0
        0x558432d2dca0
        0x558432d2dca0
        0x558432d2dca0
        0x558432d2dca0
        0x558432d2dca0
        0x558432d2dca0
        0x558432d2dca0
        0x558432d2dca0
        0x558432d2dca0
        0x558432d2dca0
        0x558432d2dca0
        0x558432d2dca0
        0x558432d2dca0
        0x558432d2dca0
        0x558432d2dca0
        0x558432d2dca0
        0x558432d2dca0
        0x558432d2dca0
        0x558432d2dca0
        0x558432d2dca0
        0x558432d2dca0
        0x558432d2dca0
        0x558432d2dca0
        0x558432d2dca0
        0x558432d2dca0
        0x558432d2dca0
        0x558432d2dca0
        0x558432d2dca0
        0x558432d2dca0
        0x558432d2dca0
        0x558432d2dca0
        0x558432d2dca0
        0x558432d2dca0
        0x558432d2dca0
        0x558432d2dca0
        0x558432d2dca0
        0x558432d2dca0
        0x558432d2dca0
        0x558432d2dca0
        0x558432d2dca0
        0x558432d2dca0
        0x558432d2dca0
        0x558432d2dca0
        0x558432d2dca0
        0x558432d2dca0
        0x558432d2dca0
        0x558432d2dca0
        0x558432d2dca0
        0x558432d2dca0
        0x558432d2dca0
        0x558432d2dca0
        0x558432d2dca0
        0x558432d2dca0
        0x558432d2dca0
        0x558432d2dca0
        0x558432d2dca0
        0x558432d2dca0
        0x558432d2dca0
        0x558432d2dca0
        0x558432d2dca0
        0x558432d2dca0
        0x558432d2dca0
        0x558432d2dca0
        0x558432d2dca0
        0x558432d2dca0
        0x558432d2dca0
        0x558432d2dca0
        0x558432d2dca0
        0x558432d2dca0
        0x558432d2dca0
        0x558432d2dca0
        0x558432d2dca0
        0x558432d2dca0
        0x558432d2dca0
        0x558432d2dca0
        0x558432d2dca0
        0x558432d2dca0
        0x558432d2dca0
        0x558432d2dca0
        0x558432d2dca0
        0x558432d2dca0
        0x558432d2dca0
        0x558432d2dca0
        0x558432d2dca0
        0x558432d2dca0
        0x558432d2dca0
        0x558432d2dca0
        0x558432d2dca0
        0x558432d2dca0
        0x558432d2dca0
        0x558432d2dca0
        0x558432d2dca0
        0x558432d2dca0
        0x558432d2dca0
        0x558432d2dca0
        0x558432d2dca0
        0x558432d2dca0
        0x558432d2dca0
        0x558432d2dca0
        0x558432d2dca0
        0x558432d2dca0
        0x558432d2dca0
        0x558432d2dca0
        0x558432d2dca0
        0x558432d2dca0
        0x558432d2dca0
        0x558432d2dca0
        0x558432d2dca0
        0x558432d2dca0
        0x558432d2dca0
        0x558432d2dca0
        0x558432d2dca0
        0x558432d2dca0
        0x558432d2dca0
        0x558432d2dca0
        0x558432d2dca0
        0x558432d2dca0
        0x558432d2dca0
]: 1
@preempt_stack[
        0x7f953db0b230
        0xc410c440c41
]: 1
@preempt_stack[
        0x7f953dd431fd
        0x7f953e010000
        0x7f9501caceb0
        0x58
]: 1
@preempt_stack[
        0x40c0d14c
        0x40c0d864
        0x4077cadf
        0x7f949c846428
        0x7f949c9e578f
        0x558431b82490
]: 1
@preempt_stack[
        0x7f953dd51073
]: 1
@preempt_stack[
        0x40de3a3c
        0x40b4cd24
        0x40b4c87c
        0x40b4c753
        0x7f93fc093a6b
        0x7f94788cb95b
        0x7f93fc07fabb
        0x401c67a6
        0x7f949c846428
        0x7f949c9e578f
        0x558431b82490
]: 1
@preempt_stack[
        0x7f953dcd8029
        0x4cb04c804c304c1
]: 1
@preempt_stack[
        0x7f953dd55aac
        0x7f9400000002
]: 1
@preempt_stack[
        0x7f953e5a5426
]: 1
@preempt_stack[
        pthread_mutex_trylock+909
        0x110000
        0x558434d99050
        0x558434d99050
        0x558434d99050
        0x558434d99050
        0x558434d99050
        0x558434d99050
        0x558434d99050
        0x558434d99050
        0x558434d99050
        0x558434d99050
        0x558434d99050
        0x558434d99050
        0x558434d99050
        0x558434d99050
        0x558434d99050
        0x558434d99050
        0x558434d99050
        0x558434d99050
        0x558434d99050
        0x558434d99050
        0x558434d99050
        0x558434d99050
        0x558434d99050
        0x558434d99050
        0x558434d99050
        0x558434d99050
        0x558434d99050
        0x558434d99050
        0x558434d99050
        0x558434d99050
        0x558434d99050
        0x558434d99050
        0x558434d99050
        0x558434d99050
        0x558434d99050
        0x558434d99050
        0x558434d99050
        0x558434d99050
        0x558434d99050
        0x558434d99050
        0x558434d99050
        0x558434d99050
        0x558434d99050
        0x558434d99050
        0x558434d99050
        0x558434d99050
        0x558434d99050
        0x558434d99050
        0x558434d99050
        0x558434d99050
        0x558434d99050
        0x558434d99050
        0x558434d99050
        0x558434d99050
        0x558434d99050
        0x558434d99050
        0x558434d99050
        0x558434d99050
        0x558434d99050
        0x558434d99050
        0x558434d99050
        0x558434d99050
        0x558434d99050
        0x558434d99050
        0x558434d99050
        0x558434d99050
        0x558434d99050
        0x558434d99050
        0x558434d99050
        0x558434d99050
        0x558434d99050
        0x558434d99050
        0x558434d99050
        0x558434d99050
        0x558434d99050
        0x558434d99050
        0x558434d99050
        0x558434d99050
        0x558434d99050
        0x558434d99050
        0x558434d99050
        0x558434d99050
        0x558434d99050
        0x558434d99050
        0x558434d99050
        0x558434d99050
        0x558434d99050
        0x558434d99050
        0x558434d99050
        0x558434d99050
        0x558434d99050
        0x558434d99050
        0x558434d99050
        0x558434d99050
        0x558434d99050
        0x558434d99050
        0x558434d99050
        0x558434d99050
        0x558434d99050
        0x558434d99050
        0x558434d99050
        0x558434d99050
        0x558434d99050
        0x558434d99050
        0x558434d99050
        0x558434d99050
        0x558434d99050
        0x558434d99050
        0x558434d99050
        0x558434d99050
        0x558434d99050
        0x558434d99050
        0x558434d99050
        0x558434d99050
        0x558434d99050
        0x558434d99050
        0x558434d99050
        0x558434d99050
        0x558434d99050
        0x558434d99050
        0x558434d99050
        0x558434d99050
        0x558434d99050
        0x558434d99050
        0x558434d99050
]: 1
@preempt_stack[
        mono_image_rva_map+19
]: 1
@preempt_stack[
        0x7f953dcd7a78
        0
]: 1
@preempt_stack[
        0x40dec857
]: 1
@preempt_stack[
        0x7f953dd4f402
]: 1
@preempt_stack[
        0x7f9333036851
        0x6265576d61657453
        0x7f9333036ee0
        0x4800d5e4c9058d48
]: 1
@preempt_stack[
        0x7f953e5aff38
]: 1
@preempt_stack[
        0x7f953e5b2f29
]: 1
@preempt_stack[
        0x40c0cf7a
        0x40c0d864
        0x4077cadf
        0x7f949c846428
        0x7f949c9e578f
        0x558431b82490
]: 1
@preempt_stack[
        0x7f949ca3c40f
        0
        0x2800000000000001
        0x5584327c21b8
        0x5584327c21b8
        0x5584327c21b8
        0x5584327c21b8
        0x5584327c21b8
        0x5584327c21b8
        0x5584327c21b8
        0x5584327c21b8
        0x5584327c21b8
        0x5584327c21b8
        0x5584327c21b8
        0x5584327c21b8
        0x5584327c21b8
        0x5584327c21b8
        0x5584327c21b8
        0x5584327c21b8
        0x5584327c21b8
        0x5584327c21b8
        0x5584327c21b8
        0x5584327c21b8
        0x5584327c21b8
        0x5584327c21b8
        0x5584327c21b8
        0x5584327c21b8
        0x5584327c21b8
        0x5584327c21b8
        0x5584327c21b8
        0x5584327c21b8
        0x5584327c21b8
        0x5584327c21b8
        0x5584327c21b8
        0x5584327c21b8
        0x5584327c21b8
        0x5584327c21b8
        0x5584327c21b8
        0x5584327c21b8
        0x5584327c21b8
        0x5584327c21b8
        0x5584327c21b8
        0x5584327c21b8
        0x5584327c21b8
        0x5584327c21b8
        0x5584327c21b8
        0x5584327c21b8
        0x5584327c21b8
        0x5584327c21b8
        0x5584327c21b8
        0x5584327c21b8
        0x5584327c21b8
        0x5584327c21b8
        0x5584327c21b8
        0x5584327c21b8
        0x5584327c21b8
        0x5584327c21b8
        0x5584327c21b8
        0x5584327c21b8
        0x5584327c21b8
        0x5584327c21b8
        0x5584327c21b8
        0x5584327c21b8
        0x5584327c21b8
        0x5584327c21b8
        0x5584327c21b8
        0x5584327c21b8
        0x5584327c21b8
        0x5584327c21b8
        0x5584327c21b8
        0x5584327c21b8
        0x5584327c21b8
        0x5584327c21b8
        0x5584327c21b8
        0x5584327c21b8
        0x5584327c21b8
        0x5584327c21b8
        0x5584327c21b8
        0x5584327c21b8
        0x5584327c21b8
        0x5584327c21b8
        0x5584327c21b8
        0x5584327c21b8
        0x5584327c21b8
        0x5584327c21b8
        0x5584327c21b8
        0x5584327c21b8
        0x5584327c21b8
        0x5584327c21b8
        0x5584327c21b8
        0x5584327c21b8
        0x5584327c21b8
        0x5584327c21b8
        0x5584327c21b8
        0x5584327c21b8
        0x5584327c21b8
        0x5584327c21b8
        0x5584327c21b8
        0x5584327c21b8
        0x5584327c21b8
        0x5584327c21b8
        0x5584327c21b8
        0x5584327c21b8
        0x5584327c21b8
        0x5584327c21b8
        0x5584327c21b8
        0x5584327c21b8
        0x5584327c21b8
        0x5584327c21b8
        0x5584327c21b8
        0x5584327c21b8
        0x5584327c21b8
        0x5584327c21b8
        0x5584327c21b8
        0x5584327c21b8
        0x5584327c21b8
        0x5584327c21b8
        0x5584327c21b8
        0x5584327c21b8
        0x5584327c21b8
        0x5584327c21b8
        0x5584327c21b8
        0x5584327c21b8
        0x5584327c21b8
        0x5584327c21b8
        0x5584327c21b8
        0x5584327c21b8
]: 1
@preempt_stack[
        0x40cd126c
        0x40d5bfac
        0x40d597a4
        0x40d56ef8
        0x40d56d80
        0x40d53864
        0
        0
        0x558432736408
        0x558432736408
        0x558432736408
        0x558432736408
        0x558432736408
        0x558432736408
        0x558432736408
        0x558432736408
        0x558432736408
        0x558432736408
        0x558432736408
        0x558432736408
        0x558432736408
        0x558432736408
        0x558432736408
        0x558432736408
        0x558432736408
        0x558432736408
        0x558432736408
        0x558432736408
        0x558432736408
        0x558432736408
        0x558432736408
        0x558432736408
        0x558432736408
        0x558432736408
        0x558432736408
        0x558432736408
        0x558432736408
        0x558432736408
        0x558432736408
        0x558432736408
        0x558432736408
        0x558432736408
        0x558432736408
        0x558432736408
        0x558432736408
        0x558432736408
        0x558432736408
        0x558432736408
        0x558432736408
        0x558432736408
        0x558432736408
        0x558432736408
        0x558432736408
        0x558432736408
        0x558432736408
        0x558432736408
        0x558432736408
        0x558432736408
        0x558432736408
        0x558432736408
        0x558432736408
        0x558432736408
        0x558432736408
        0x558432736408
        0x558432736408
        0x558432736408
        0x558432736408
        0x558432736408
        0x558432736408
        0x558432736408
        0x558432736408
        0x558432736408
        0x558432736408
        0x558432736408
        0x558432736408
        0x558432736408
        0x558432736408
        0x558432736408
        0x558432736408
        0x558432736408
        0x558432736408
        0x558432736408
        0x558432736408
        0x558432736408
        0x558432736408
        0x558432736408
        0x558432736408
        0x558432736408
        0x558432736408
        0x558432736408
        0x558432736408
        0x558432736408
        0x558432736408
        0x558432736408
        0x558432736408
        0x558432736408
        0x558432736408
        0x558432736408
        0x558432736408
        0x558432736408
        0x558432736408
        0x558432736408
        0x558432736408
        0x558432736408
        0x558432736408
        0x558432736408
        0x558432736408
        0x558432736408
        0x558432736408
        0x558432736408
        0x558432736408
        0x558432736408
        0x558432736408
        0x558432736408
        0x558432736408
        0x558432736408
        0x558432736408
        0x558432736408
        0x558432736408
        0x558432736408
        0x558432736408
        0x558432736408
        0x558432736408
        0x558432736408
        0x558432736408
        0x558432736408
        0x558432736408
]: 1
@preempt_stack[
        0x40c0cf94
        0x40c0d864
        0x4077cadf
        0x7f949c846428
        0x7f949c9e578f
        0x558431b82490
]: 1
@preempt_stack[
        __pthread_getspecific+25
]: 1
@preempt_stack[
        0x7f949c9cb5f7
        0
        0
        0x5584337ed680
]: 1
@preempt_stack[
        mono_class_from_mono_type_internal+13
        0x120000
        0x5584327179f8
        0x5584327179f8
        0x5584327179f8
        0x5584327179f8
        0x5584327179f8
        0x5584327179f8
        0x5584327179f8
        0x5584327179f8
        0x5584327179f8
        0x5584327179f8
        0x5584327179f8
        0x5584327179f8
        0x5584327179f8
        0x5584327179f8
        0x5584327179f8
        0x5584327179f8
        0x5584327179f8
        0x5584327179f8
        0x5584327179f8
        0x5584327179f8
        0x5584327179f8
        0x5584327179f8
        0x5584327179f8
        0x5584327179f8
        0x5584327179f8
        0x5584327179f8
        0x5584327179f8
        0x5584327179f8
        0x5584327179f8
        0x5584327179f8
        0x5584327179f8
        0x5584327179f8
        0x5584327179f8
        0x5584327179f8
        0x5584327179f8
        0x5584327179f8
        0x5584327179f8
        0x5584327179f8
        0x5584327179f8
        0x5584327179f8
        0x5584327179f8
        0x5584327179f8
        0x5584327179f8
        0x5584327179f8
        0x5584327179f8
        0x5584327179f8
        0x5584327179f8
        0x5584327179f8
        0x5584327179f8
        0x5584327179f8
        0x5584327179f8
        0x5584327179f8
        0x5584327179f8
        0x5584327179f8
        0x5584327179f8
        0x5584327179f8
        0x5584327179f8
        0x5584327179f8
        0x5584327179f8
        0x5584327179f8
        0x5584327179f8
        0x5584327179f8
        0x5584327179f8
        0x5584327179f8
        0x5584327179f8
        0x5584327179f8
        0x5584327179f8
        0x5584327179f8
        0x5584327179f8
        0x5584327179f8
        0x5584327179f8
        0x5584327179f8
        0x5584327179f8
        0x5584327179f8
        0x5584327179f8
        0x5584327179f8
        0x5584327179f8
        0x5584327179f8
        0x5584327179f8
        0x5584327179f8
        0x5584327179f8
        0x5584327179f8
        0x5584327179f8
        0x5584327179f8
        0x5584327179f8
        0x5584327179f8
        0x5584327179f8
        0x5584327179f8
        0x5584327179f8
        0x5584327179f8
        0x5584327179f8
        0x5584327179f8
        0x5584327179f8
        0x5584327179f8
        0x5584327179f8
        0x5584327179f8
        0x5584327179f8
        0x5584327179f8
        0x5584327179f8
        0x5584327179f8
        0x5584327179f8
        0x5584327179f8
        0x5584327179f8
        0x5584327179f8
        0x5584327179f8
        0x5584327179f8
        0x5584327179f8
        0x5584327179f8
        0x5584327179f8
        0x5584327179f8
        0x5584327179f8
        0x5584327179f8
        0x5584327179f8
        0x5584327179f8
        0x5584327179f8
        0x5584327179f8
        0x5584327179f8
        0x5584327179f8
        0x5584327179f8
        0x5584327179f8
        0x5584327179f8
        0x5584327179f8
        0x5584327179f8
        0x5584327179f8
        0x5584327179f8
]: 1
@preempt_stack[
        0x7f949c9ac8ec
]: 1
@preempt_stack[
        0x7f949c9cb631
]: 1
@preempt_stack[
        0x7f953e5b48e1
]: 1
@preempt_stack[
        0x7f953d6dafea
]: 1
@preempt_stack[
        0x7f953e6b20b1
]: 1
@preempt_stack[
        0x7f949c9cb75b
        0x120000
        0x5584334d2128
        0x5584334d2128
        0x5584334d2128
        0x5584334d2128
        0x5584334d2128
        0x5584334d2128
        0x5584334d2128
        0x5584334d2128
        0x5584334d2128
        0x5584334d2128
        0x5584334d2128
        0x5584334d2128
        0x5584334d2128
        0x5584334d2128
        0x5584334d2128
        0x5584334d2128
        0x5584334d2128
        0x5584334d2128
        0x5584334d2128
        0x5584334d2128
        0x5584334d2128
        0x5584334d2128
        0x5584334d2128
        0x5584334d2128
        0x5584334d2128
        0x5584334d2128
        0x5584334d2128
        0x5584334d2128
        0x5584334d2128
        0x5584334d2128
        0x5584334d2128
        0x5584334d2128
        0x5584334d2128
        0x5584334d2128
        0x5584334d2128
        0x5584334d2128
        0x5584334d2128
        0x5584334d2128
        0x5584334d2128
        0x5584334d2128
        0x5584334d2128
        0x5584334d2128
        0x5584334d2128
        0x5584334d2128
        0x5584334d2128
        0x5584334d2128
        0x5584334d2128
        0x5584334d2128
        0x5584334d2128
        0x5584334d2128
        0x5584334d2128
        0x5584334d2128
        0x5584334d2128
        0x5584334d2128
        0x5584334d2128
        0x5584334d2128
        0x5584334d2128
        0x5584334d2128
        0x5584334d2128
        0x5584334d2128
        0x5584334d2128
        0x5584334d2128
        0x5584334d2128
        0x5584334d2128
        0x5584334d2128
        0x5584334d2128
        0x5584334d2128
        0x5584334d2128
        0x5584334d2128
        0x5584334d2128
        0x5584334d2128
        0x5584334d2128
        0x5584334d2128
        0x5584334d2128
        0x5584334d2128
        0x5584334d2128
        0x5584334d2128
        0x5584334d2128
        0x5584334d2128
        0x5584334d2128
        0x5584334d2128
        0x5584334d2128
        0x5584334d2128
        0x5584334d2128
        0x5584334d2128
        0x5584334d2128
        0x5584334d2128
        0x5584334d2128
        0x5584334d2128
        0x5584334d2128
        0x5584334d2128
        0x5584334d2128
        0x5584334d2128
        0x5584334d2128
        0x5584334d2128
        0x5584334d2128
        0x5584334d2128
        0x5584334d2128
        0x5584334d2128
        0x5584334d2128
        0x5584334d2128
        0x5584334d2128
        0x5584334d2128
        0x5584334d2128
        0x5584334d2128
        0x5584334d2128
        0x5584334d2128
        0x5584334d2128
        0x5584334d2128
        0x5584334d2128
        0x5584334d2128
        0x5584334d2128
        0x5584334d2128
        0x5584334d2128
        0x5584334d2128
        0x5584334d2128
        0x5584334d2128
        0x5584334d2128
        0x5584334d2128
        0x5584334d2128
        0x5584334d2128
        0x5584334d2128
        0x5584334d2128
        0x5584334d2128
        0x5584334d2128
]: 1
@preempt_stack[
        0x7f9332983aaa
        0x200000020
        0x7f9332980b20
        0x79ff85087f8b0789
]: 1
@preempt_stack[
        0x40caf1b8
]: 1
@preempt_stack[
        0x7f953dcd309a
        0xc410c440c41
]: 1
@preempt_stack[
        0x7f953dd4fc64
        0x20
]: 1
@preempt_stack[
        _pthread_cleanup_pop+8
]: 1
@preempt_stack[
        0x7f953dcd7ad1
        0xfc10fc40fc2
]: 1
@preempt_stack[
        0x7f953dd4b083
        0x3f8000003f800000
]: 1
@preempt_stack[
        __libc_calloc+127
        0x558431b466b8
        0x558431b45450
        0x558431b45450
        0x558431b45450
        0x558431b45450
        0x558431b45450
        0x558431b45450
        0x558431b45450
        0x558431b45450
        0x558431b45450
        0x558431b45450
        0x558431b45450
        0x558431b45450
        0x558431b45450
        0x558431b45450
        0x558431b45450
        0x558431b45450
        0x558431b45450
        0x558431b45450
        0x558431b45450
        0x558431b45450
        0x558431b45450
        0x558431b45450
        0x558431b45450
        0x558431b45450
        0x558431b45450
        0x558431b45450
        0x558431b45450
        0x558431b45450
        0x558431b45450
        0x558431b45450
        0x558431b45450
        0x558431b45450
        0x558431b45450
        0x558431b45450
        0x558431b45450
        0x558431b45450
        0x558431b45450
        0x558431b45450
        0x558431b45450
        0x558431b45450
        0x558431b45450
        0x558431b45450
        0x558431b45450
        0x558431b45450
        0x558431b45450
        0x558431b45450
        0x558431b45450
        0x558431b45450
        0x558431b45450
        0x558431b45450
        0x558431b45450
        0x558431b45450
        0x558431b45450
        0x558431b45450
        0x558431b45450
        0x558431b45450
        0x558431b45450
        0x558431b45450
        0x558431b45450
        0x558431b45450
        0x558431b45450
        0x558431b45450
        0x558431b45450
        0x558431b45450
        0x558431b45450
        0x558431b45450
        0x558431b45450
        0x558431b45450
        0x558431b45450
        0x558431b45450
        0x558431b45450
        0x558431b45450
        0x558431b45450
        0x558431b45450
        0x558431b45450
        0x558431b45450
        0x558431b45450
        0x558431b45450
        0x558431b45450
        0x558431b45450
        0x558431b45450
        0x558431b45450
        0x558431b45450
        0x558431b45450
        0x558431b45450
        0x558431b45450
        0x558431b45450
        0x558431b45450
        0x558431b45450
        0x558431b45450
        0x558431b45450
        0x558431b45450
        0x558431b45450
        0x558431b45450
        0x558431b45450
        0x558431b45450
        0x558431b45450
        0x558431b45450
        0x558431b45450
        0x558431b45450
        0x558431b45450
        0x558431b45450
        0x558431b45450
        0x558431b45450
        0x558431b45450
        0x558431b45450
        0x558431b45450
        0x558431b45450
        0x558431b45450
        0x558431b45450
        0x558431b45450
        0x558431b45450
        0x558431b45450
        0x558431b45450
        0x558431b45450
        0x558431b45450
        0x558431b45450
        0x558431b45450
        0x558431b45450
        0x558431b45450
        0x558431b45450
        0x558431b45450
        0x558431b45450
        0x558431b45450
        0x558431b45450
]: 1
@preempt_stack[
        mono_gc_wbarrier_set_field+40
        0x7f949c846428
        0x7f949c9e578f
        0x558431b82490
]: 1
@preempt_stack[
        __pthread_getspecific+39
]: 1
@preempt_stack[
        0x7f949c9ff987
        0x7f93f1bb65a8
]: 1
@preempt_stack[
        0x7f953d905270
]: 1
@preempt_stack[
        0x7f949c9cb64f
        0x130000
        0
        0
        0x5584352187d0
]: 1
@preempt_stack[
        syscall+29
        0x7f9500c608d0
        0x7f953e8bb440
        0x1047c7480789
]: 1
@preempt_stack[
        0x7f933316f720
        0x7f93331063a4
]: 1
@preempt_stack[
        0x7f953dcd7a6b
        0xc410c440c41
]: 1
@preempt_stack[
        0x7f949c9ce4c1
        0x120000
        0x558433211278
        0x558433211278
        0x558433211278
        0x558433211278
        0x558433211278
        0x558433211278
        0x558433211278
        0x558433211278
        0x558433211278
        0x558433211278
        0x558433211278
        0x558433211278
        0x558433211278
        0x558433211278
        0x558433211278
        0x558433211278
        0x558433211278
        0x558433211278
        0x558433211278
        0x558433211278
        0x558433211278
        0x558433211278
        0x558433211278
        0x558433211278
        0x558433211278
        0x558433211278
        0x558433211278
        0x558433211278
        0x558433211278
        0x558433211278
        0x558433211278
        0x558433211278
        0x558433211278
        0x558433211278
        0x558433211278
        0x558433211278
        0x558433211278
        0x558433211278
        0x558433211278
        0x558433211278
        0x558433211278
        0x558433211278
        0x558433211278
        0x558433211278
        0x558433211278
        0x558433211278
        0x558433211278
        0x558433211278
        0x558433211278
        0x558433211278
        0x558433211278
        0x558433211278
        0x558433211278
        0x558433211278
        0x558433211278
        0x558433211278
        0x558433211278
        0x558433211278
        0x558433211278
        0x558433211278
        0x558433211278
        0x558433211278
        0x558433211278
        0x558433211278
        0x558433211278
        0x558433211278
        0x558433211278
        0x558433211278
        0x558433211278
        0x558433211278
        0x558433211278
        0x558433211278
        0x558433211278
        0x558433211278
        0x558433211278
        0x558433211278
        0x558433211278
        0x558433211278
        0x558433211278
        0x558433211278
        0x558433211278
        0x558433211278
        0x558433211278
        0x558433211278
        0x558433211278
        0x558433211278
        0x558433211278
        0x558433211278
        0x558433211278
        0x558433211278
        0x558433211278
        0x558433211278
        0x558433211278
        0x558433211278
        0x558433211278
        0x558433211278
        0x558433211278
        0x558433211278
        0x558433211278
        0x558433211278
        0x558433211278
        0x558433211278
        0x558433211278
        0x558433211278
        0x558433211278
        0x558433211278
        0x558433211278
        0x558433211278
        0x558433211278
        0x558433211278
        0x558433211278
        0x558433211278
        0x558433211278
        0x558433211278
        0x558433211278
        0x558433211278
        0x558433211278
        0x558433211278
        0x558433211278
        0x558433211278
        0x558433211278
        0x558433211278
        0x558433211278
        0x558433211278
        0x558433211278
]: 1
@preempt_stack[
        0x7f93327ba316
        0
]: 1
@preempt_stack[
        epoll_wait+98
]: 1
@preempt_stack[
        0x7f953dcd7ddd
        0x9c109c409c2
]: 1
@preempt_stack[
        0x7f949c9ce4d8
        0x558431fb0a90
        0x558431fb0a90
        0x558431fb0a90
        0x558431fb0a90
        0x558431fb0a90
        0x558431fb0a90
        0x558431fb0a90
        0x558431fb0a90
        0x558431fb0a90
        0x558431fb0a90
        0x558431fb0a90
        0x558431fb0a90
        0x558431fb0a90
        0x558431fb0a90
        0x558431fb0a90
        0x558431fb0a90
        0x558431fb0a90
        0x558431fb0a90
        0x558431fb0a90
        0x558431fb0a90
        0x558431fb0a90
        0x558431fb0a90
        0x558431fb0a90
        0x558431fb0a90
        0x558431fb0a90
        0x558431fb0a90
        0x558431fb0a90
        0x558431fb0a90
        0x558431fb0a90
        0x558431fb0a90
        0x558431fb0a90
        0x558431fb0a90
        0x558431fb0a90
        0x558431fb0a90
        0x558431fb0a90
        0x558431fb0a90
        0x558431fb0a90
        0x558431fb0a90
        0x558431fb0a90
        0x558431fb0a90
        0x558431fb0a90
        0x558431fb0a90
        0x558431fb0a90
        0x558431fb0a90
        0x558431fb0a90
        0x558431fb0a90
        0x558431fb0a90
        0x558431fb0a90
        0x558431fb0a90
        0x558431fb0a90
        0x558431fb0a90
        0x558431fb0a90
        0x558431fb0a90
        0x558431fb0a90
        0x558431fb0a90
        0x558431fb0a90
        0x558431fb0a90
        0x558431fb0a90
        0x558431fb0a90
        0x558431fb0a90
        0x558431fb0a90
        0x558431fb0a90
        0x558431fb0a90
        0x558431fb0a90
        0x558431fb0a90
        0x558431fb0a90
        0x558431fb0a90
        0x558431fb0a90
        0x558431fb0a90
        0x558431fb0a90
        0x558431fb0a90
        0x558431fb0a90
        0x558431fb0a90
        0x558431fb0a90
        0x558431fb0a90
        0x558431fb0a90
        0x558431fb0a90
        0x558431fb0a90
        0x558431fb0a90
        0x558431fb0a90
        0x558431fb0a90
        0x558431fb0a90
        0x558431fb0a90
        0x558431fb0a90
        0x558431fb0a90
        0x558431fb0a90
        0x558431fb0a90
        0x558431fb0a90
        0x558431fb0a90
        0x558431fb0a90
        0x558431fb0a90
        0x558431fb0a90
        0x558431fb0a90
        0x558431fb0a90
        0x558431fb0a90
        0x558431fb0a90
        0x558431fb0a90
        0x558431fb0a90
        0x558431fb0a90
        0x558431fb0a90
        0x558431fb0a90
        0x558431fb0a90
        0x558431fb0a90
        0x558431fb0a90
        0x558431fb0a90
        0x558431fb0a90
        0x558431fb0a90
        0x558431fb0a90
        0x558431fb0a90
        0x558431fb0a90
        0x558431fb0a90
        0x558431fb0a90
        0x558431fb0a90
        0x558431fb0a90
        0x558431fb0a90
        0x558431fb0a90
        0x558431fb0a90
        0x558431fb0a90
        0x558431fb0a90
        0x558431fb0a90
        0x558431fb0a90
        0x558431fb0a90
        0x558431fb0a90
        0x558431fb0a90
        0x558431fb0a90
        0x558431fb0a90
]: 1
@preempt_stack[
        0x40caeef0
        0
        0x2000000000000001
        0x558432740e50
        0x558432740e50
        0x558432740e50
        0x558432740e50
        0x558432740e50
        0x558432740e50
        0x558432740e50
        0x558432740e50
        0x558432740e50
        0x558432740e50
        0x558432740e50
        0x558432740e50
        0x558432740e50
        0x558432740e50
        0x558432740e50
        0x558432740e50
        0x558432740e50
        0x558432740e50
        0x558432740e50
        0x558432740e50
        0x558432740e50
        0x558432740e50
        0x558432740e50
        0x558432740e50
        0x558432740e50
        0x558432740e50
        0x558432740e50
        0x558432740e50
        0x558432740e50
        0x558432740e50
        0x558432740e50
        0x558432740e50
        0x558432740e50
        0x558432740e50
        0x558432740e50
        0x558432740e50
        0x558432740e50
        0x558432740e50
        0x558432740e50
        0x558432740e50
        0x558432740e50
        0x558432740e50
        0x558432740e50
        0x558432740e50
        0x558432740e50
        0x558432740e50
        0x558432740e50
        0x558432740e50
        0x558432740e50
        0x558432740e50
        0x558432740e50
        0x558432740e50
        0x558432740e50
        0x558432740e50
        0x558432740e50
        0x558432740e50
        0x558432740e50
        0x558432740e50
        0x558432740e50
        0x558432740e50
        0x558432740e50
        0x558432740e50
        0x558432740e50
        0x558432740e50
        0x558432740e50
        0x558432740e50
        0x558432740e50
        0x558432740e50
        0x558432740e50
        0x558432740e50
        0x558432740e50
        0x558432740e50
        0x558432740e50
        0x558432740e50
        0x558432740e50
        0x558432740e50
        0x558432740e50
        0x558432740e50
        0x558432740e50
        0x558432740e50
        0x558432740e50
        0x558432740e50
        0x558432740e50
        0x558432740e50
        0x558432740e50
        0x558432740e50
        0x558432740e50
        0x558432740e50
        0x558432740e50
        0x558432740e50
        0x558432740e50
        0x558432740e50
        0x558432740e50
        0x558432740e50
        0x558432740e50
        0x558432740e50
        0x558432740e50
        0x558432740e50
        0x558432740e50
        0x558432740e50
        0x558432740e50
        0x558432740e50
        0x558432740e50
        0x558432740e50
        0x558432740e50
        0x558432740e50
        0x558432740e50
        0x558432740e50
        0x558432740e50
        0x558432740e50
        0x558432740e50
        0x558432740e50
        0x558432740e50
        0x558432740e50
        0x558432740e50
        0x558432740e50
        0x558432740e50
        0x558432740e50
        0x558432740e50
        0x558432740e50
        0x558432740e50
        0x558432740e50
        0x558432740e50
        0x558432740e50
]: 1
@preempt_stack[
        0x40c0cf76
        0x40c0d864
        0x4077cadf
        0x7f949c846428
        0x7f949c9e578f
        0x558431b82490
]: 1
@preempt_stack[
        0x7f953dd46cc1
        0
]: 1
@preempt_stack[
        0x7f949c9ef89d
]: 1
@preempt_stack[
        0x7f949c9ce545
        0x55843536f048
        0x55843536f048
        0x55843536f048
        0x55843536f048
        0x55843536f048
        0x55843536f048
        0x55843536f048
        0x55843536f048
        0x55843536f048
        0x55843536f048
        0x55843536f048
        0x55843536f048
        0x55843536f048
        0x55843536f048
        0x55843536f048
        0x55843536f048
        0x55843536f048
        0x55843536f048
        0x55843536f048
        0x55843536f048
        0x55843536f048
        0x55843536f048
        0x55843536f048
        0x55843536f048
        0x55843536f048
        0x55843536f048
        0x55843536f048
        0x55843536f048
        0x55843536f048
        0x55843536f048
        0x55843536f048
        0x55843536f048
        0x55843536f048
        0x55843536f048
        0x55843536f048
        0x55843536f048
        0x55843536f048
        0x55843536f048
        0x55843536f048
        0x55843536f048
        0x55843536f048
        0x55843536f048
        0x55843536f048
        0x55843536f048
        0x55843536f048
        0x55843536f048
        0x55843536f048
        0x55843536f048
        0x55843536f048
        0x55843536f048
        0x55843536f048
        0x55843536f048
        0x55843536f048
        0x55843536f048
        0x55843536f048
        0x55843536f048
        0x55843536f048
        0x55843536f048
        0x55843536f048
        0x55843536f048
        0x55843536f048
        0x55843536f048
        0x55843536f048
        0x55843536f048
        0x55843536f048
        0x55843536f048
        0x55843536f048
        0x55843536f048
        0x55843536f048
        0x55843536f048
        0x55843536f048
        0x55843536f048
        0x55843536f048
        0x55843536f048
        0x55843536f048
        0x55843536f048
        0x55843536f048
        0x55843536f048
        0x55843536f048
        0x55843536f048
        0x55843536f048
        0x55843536f048
        0x55843536f048
        0x55843536f048
        0x55843536f048
        0x55843536f048
        0x55843536f048
        0x55843536f048
        0x55843536f048
        0x55843536f048
        0x55843536f048
        0x55843536f048
        0x55843536f048
        0x55843536f048
        0x55843536f048
        0x55843536f048
        0x55843536f048
        0x55843536f048
        0x55843536f048
        0x55843536f048
        0x55843536f048
        0x55843536f048
        0x55843536f048
        0x55843536f048
        0x55843536f048
        0x55843536f048
        0x55843536f048
        0x55843536f048
        0x55843536f048
        0x55843536f048
        0x55843536f048
        0x55843536f048
        0x55843536f048
        0x55843536f048
        0x55843536f048
        0x55843536f048
        0x55843536f048
        0x55843536f048
        0x55843536f048
        0x55843536f048
        0x55843536f048
        0x55843536f048
        0x55843536f048
        0x55843536f048
        0x55843536f048
        0x55843536f048
]: 1
@preempt_stack[
        0x40d06888
        0
        0x2000000000000001
        0x558432740e50
        0x558432740e50
        0x558432740e50
        0x558432740e50
        0x558432740e50
        0x558432740e50
        0x558432740e50
        0x558432740e50
        0x558432740e50
        0x558432740e50
        0x558432740e50
        0x558432740e50
        0x558432740e50
        0x558432740e50
        0x558432740e50
        0x558432740e50
        0x558432740e50
        0x558432740e50
        0x558432740e50
        0x558432740e50
        0x558432740e50
        0x558432740e50
        0x558432740e50
        0x558432740e50
        0x558432740e50
        0x558432740e50
        0x558432740e50
        0x558432740e50
        0x558432740e50
        0x558432740e50
        0x558432740e50
        0x558432740e50
        0x558432740e50
        0x558432740e50
        0x558432740e50
        0x558432740e50
        0x558432740e50
        0x558432740e50
        0x558432740e50
        0x558432740e50
        0x558432740e50
        0x558432740e50
        0x558432740e50
        0x558432740e50
        0x558432740e50
        0x558432740e50
        0x558432740e50
        0x558432740e50
        0x558432740e50
        0x558432740e50
        0x558432740e50
        0x558432740e50
        0x558432740e50
        0x558432740e50
        0x558432740e50
        0x558432740e50
        0x558432740e50
        0x558432740e50
        0x558432740e50
        0x558432740e50
        0x558432740e50
        0x558432740e50
        0x558432740e50
        0x558432740e50
        0x558432740e50
        0x558432740e50
        0x558432740e50
        0x558432740e50
        0x558432740e50
        0x558432740e50
        0x558432740e50
        0x558432740e50
        0x558432740e50
        0x558432740e50
        0x558432740e50
        0x558432740e50
        0x558432740e50
        0x558432740e50
        0x558432740e50
        0x558432740e50
        0x558432740e50
        0x558432740e50
        0x558432740e50
        0x558432740e50
        0x558432740e50
        0x558432740e50
        0x558432740e50
        0x558432740e50
        0x558432740e50
        0x558432740e50
        0x558432740e50
        0x558432740e50
        0x558432740e50
        0x558432740e50
        0x558432740e50
        0x558432740e50
        0x558432740e50
        0x558432740e50
        0x558432740e50
        0x558432740e50
        0x558432740e50
        0x558432740e50
        0x558432740e50
        0x558432740e50
        0x558432740e50
        0x558432740e50
        0x558432740e50
        0x558432740e50
        0x558432740e50
        0x558432740e50
        0x558432740e50
        0x558432740e50
        0x558432740e50
        0x558432740e50
        0x558432740e50
        0x558432740e50
        0x558432740e50
        0x558432740e50
        0x558432740e50
        0x558432740e50
        0x558432740e50
        0x558432740e50
        0x558432740e50
        0x558432740e50
]: 1
@preempt_stack[
        0x7f953e888906
]: 1
@preempt_stack[
        0x4043ba70
]: 1
@preempt_stack[
        0x7f953e5b62ed
]: 1
@preempt_stack[
        0x7f953dd5130f
]: 1
@preempt_stack[
        0x7f953dcd31a0
        0
]: 1
@preempt_stack[
        0x7f949c9dcfc6
]: 1
@preempt_stack[
        0x7f953e8098a0
        0x2
        0x7f953da69b90
        0x48e4314510ec8348
]: 1
@preempt_stack[
        0x7f953e5af95a
]: 1
@preempt_stack[
        0x40b656ef
        0x40a8a76e
        0x40407e56
        0x40403d24
        0x7f949c846428
        0x7f949c9e578f
        0x558431b82490
]: 1
@preempt_stack[
        0x7f953e5a5968
]: 1
@preempt_stack[
        0x7f953dcc6057
        0x7f9502d1ffc0
]: 1
@preempt_stack[
        0x7f953d901638
        0x22
]: 1
@preempt_stack[
        0x7f949c9cb64a
        0x120000
        0x558433a9b1a0
        0x558433a9b1a0
        0x558433a9b1a0
        0x558433a9b1a0
        0x558433a9b1a0
        0x558433a9b1a0
        0x558433a9b1a0
        0x558433a9b1a0
        0x558433a9b1a0
        0x558433a9b1a0
        0x558433a9b1a0
        0x558433a9b1a0
        0x558433a9b1a0
        0x558433a9b1a0
        0x558433a9b1a0
        0x558433a9b1a0
        0x558433a9b1a0
        0x558433a9b1a0
        0x558433a9b1a0
        0x558433a9b1a0
        0x558433a9b1a0
        0x558433a9b1a0
        0x558433a9b1a0
        0x558433a9b1a0
        0x558433a9b1a0
        0x558433a9b1a0
        0x558433a9b1a0
        0x558433a9b1a0
        0x558433a9b1a0
        0x558433a9b1a0
        0x558433a9b1a0
        0x558433a9b1a0
        0x558433a9b1a0
        0x558433a9b1a0
        0x558433a9b1a0
        0x558433a9b1a0
        0x558433a9b1a0
        0x558433a9b1a0
        0x558433a9b1a0
        0x558433a9b1a0
        0x558433a9b1a0
        0x558433a9b1a0
        0x558433a9b1a0
        0x558433a9b1a0
        0x558433a9b1a0
        0x558433a9b1a0
        0x558433a9b1a0
        0x558433a9b1a0
        0x558433a9b1a0
        0x558433a9b1a0
        0x558433a9b1a0
        0x558433a9b1a0
        0x558433a9b1a0
        0x558433a9b1a0
        0x558433a9b1a0
        0x558433a9b1a0
        0x558433a9b1a0
        0x558433a9b1a0
        0x558433a9b1a0
        0x558433a9b1a0
        0x558433a9b1a0
        0x558433a9b1a0
        0x558433a9b1a0
        0x558433a9b1a0
        0x558433a9b1a0
        0x558433a9b1a0
        0x558433a9b1a0
        0x558433a9b1a0
        0x558433a9b1a0
        0x558433a9b1a0
        0x558433a9b1a0
        0x558433a9b1a0
        0x558433a9b1a0
        0x558433a9b1a0
        0x558433a9b1a0
        0x558433a9b1a0
        0x558433a9b1a0
        0x558433a9b1a0
        0x558433a9b1a0
        0x558433a9b1a0
        0x558433a9b1a0
        0x558433a9b1a0
        0x558433a9b1a0
        0x558433a9b1a0
        0x558433a9b1a0
        0x558433a9b1a0
        0x558433a9b1a0
        0x558433a9b1a0
        0x558433a9b1a0
        0x558433a9b1a0
        0x558433a9b1a0
        0x558433a9b1a0
        0x558433a9b1a0
        0x558433a9b1a0
        0x558433a9b1a0
        0x558433a9b1a0
        0x558433a9b1a0
        0x558433a9b1a0
        0x558433a9b1a0
        0x558433a9b1a0
        0x558433a9b1a0
        0x558433a9b1a0
        0x558433a9b1a0
        0x558433a9b1a0
        0x558433a9b1a0
        0x558433a9b1a0
        0x558433a9b1a0
        0x558433a9b1a0
        0x558433a9b1a0
        0x558433a9b1a0
        0x558433a9b1a0
        0x558433a9b1a0
        0x558433a9b1a0
        0x558433a9b1a0
        0x558433a9b1a0
        0x558433a9b1a0
        0x558433a9b1a0
        0x558433a9b1a0
        0x558433a9b1a0
        0x558433a9b1a0
        0x558433a9b1a0
        0x558433a9b1a0
        0x558433a9b1a0
        0x558433a9b1a0
        0x558433a9b1a0
]: 1
@preempt_stack[
        0x7f949c9ce4d8
        0x558434b71dd0
        0x558434b71dd0
        0x558434b71dd0
        0x558434b71dd0
        0x558434b71dd0
        0x558434b71dd0
        0x558434b71dd0
        0x558434b71dd0
        0x558434b71dd0
        0x558434b71dd0
        0x558434b71dd0
        0x558434b71dd0
        0x558434b71dd0
        0x558434b71dd0
        0x558434b71dd0
        0x558434b71dd0
        0x558434b71dd0
        0x558434b71dd0
        0x558434b71dd0
        0x558434b71dd0
        0x558434b71dd0
        0x558434b71dd0
        0x558434b71dd0
        0x558434b71dd0
        0x558434b71dd0
        0x558434b71dd0
        0x558434b71dd0
        0x558434b71dd0
        0x558434b71dd0
        0x558434b71dd0
        0x558434b71dd0
        0x558434b71dd0
        0x558434b71dd0
        0x558434b71dd0
        0x558434b71dd0
        0x558434b71dd0
        0x558434b71dd0
        0x558434b71dd0
        0x558434b71dd0
        0x558434b71dd0
        0x558434b71dd0
        0x558434b71dd0
        0x558434b71dd0
        0x558434b71dd0
        0x558434b71dd0
        0x558434b71dd0
        0x558434b71dd0
        0x558434b71dd0
        0x558434b71dd0
        0x558434b71dd0
        0x558434b71dd0
        0x558434b71dd0
        0x558434b71dd0
        0x558434b71dd0
        0x558434b71dd0
        0x558434b71dd0
        0x558434b71dd0
        0x558434b71dd0
        0x558434b71dd0
        0x558434b71dd0
        0x558434b71dd0
        0x558434b71dd0
        0x558434b71dd0
        0x558434b71dd0
        0x558434b71dd0
        0x558434b71dd0
        0x558434b71dd0
        0x558434b71dd0
        0x558434b71dd0
        0x558434b71dd0
        0x558434b71dd0
        0x558434b71dd0
        0x558434b71dd0
        0x558434b71dd0
        0x558434b71dd0
        0x558434b71dd0
        0x558434b71dd0
        0x558434b71dd0
        0x558434b71dd0
        0x558434b71dd0
        0x558434b71dd0
        0x558434b71dd0
        0x558434b71dd0
        0x558434b71dd0
        0x558434b71dd0
        0x558434b71dd0
        0x558434b71dd0
        0x558434b71dd0
        0x558434b71dd0
        0x558434b71dd0
        0x558434b71dd0
        0x558434b71dd0
        0x558434b71dd0
        0x558434b71dd0
        0x558434b71dd0
        0x558434b71dd0
        0x558434b71dd0
        0x558434b71dd0
        0x558434b71dd0
        0x558434b71dd0
        0x558434b71dd0
        0x558434b71dd0
        0x558434b71dd0
        0x558434b71dd0
        0x558434b71dd0
        0x558434b71dd0
        0x558434b71dd0
        0x558434b71dd0
        0x558434b71dd0
        0x558434b71dd0
        0x558434b71dd0
        0x558434b71dd0
        0x558434b71dd0
        0x558434b71dd0
        0x558434b71dd0
        0x558434b71dd0
        0x558434b71dd0
        0x558434b71dd0
        0x558434b71dd0
        0x558434b71dd0
        0x558434b71dd0
        0x558434b71dd0
        0x558434b71dd0
        0x558434b71dd0
        0x558434b71dd0
        0x558434b71dd0
]: 1
@preempt_stack[
        0x7f953d6cb01b
]: 1
@preempt_stack[
        0x7f953dd1a3c3
        0x7f9500000294
        0x3f80000000000000
]: 1
@preempt_stack[
        0x7f949c9e44f9
        0x120000
        0x5584332faad0
        0x5584332faad0
        0x5584332faad0
        0x5584332faad0
        0x5584332faad0
        0x5584332faad0
        0x5584332faad0
        0x5584332faad0
        0x5584332faad0
        0x5584332faad0
        0x5584332faad0
        0x5584332faad0
        0x5584332faad0
        0x5584332faad0
        0x5584332faad0
        0x5584332faad0
        0x5584332faad0
        0x5584332faad0
        0x5584332faad0
        0x5584332faad0
        0x5584332faad0
        0x5584332faad0
        0x5584332faad0
        0x5584332faad0
        0x5584332faad0
        0x5584332faad0
        0x5584332faad0
        0x5584332faad0
        0x5584332faad0
        0x5584332faad0
        0x5584332faad0
        0x5584332faad0
        0x5584332faad0
        0x5584332faad0
        0x5584332faad0
        0x5584332faad0
        0x5584332faad0
        0x5584332faad0
        0x5584332faad0
        0x5584332faad0
        0x5584332faad0
        0x5584332faad0
        0x5584332faad0
        0x5584332faad0
        0x5584332faad0
        0x5584332faad0
        0x5584332faad0
        0x5584332faad0
        0x5584332faad0
        0x5584332faad0
        0x5584332faad0
        0x5584332faad0
        0x5584332faad0
        0x5584332faad0
        0x5584332faad0
        0x5584332faad0
        0x5584332faad0
        0x5584332faad0
        0x5584332faad0
        0x5584332faad0
        0x5584332faad0
        0x5584332faad0
        0x5584332faad0
        0x5584332faad0
        0x5584332faad0
        0x5584332faad0
        0x5584332faad0
        0x5584332faad0
        0x5584332faad0
        0x5584332faad0
        0x5584332faad0
        0x5584332faad0
        0x5584332faad0
        0x5584332faad0
        0x5584332faad0
        0x5584332faad0
        0x5584332faad0
        0x5584332faad0
        0x5584332faad0
        0x5584332faad0
        0x5584332faad0
        0x5584332faad0
        0x5584332faad0
        0x5584332faad0
        0x5584332faad0
        0x5584332faad0
        0x5584332faad0
        0x5584332faad0
        0x5584332faad0
        0x5584332faad0
        0x5584332faad0
        0x5584332faad0
        0x5584332faad0
        0x5584332faad0
        0x5584332faad0
        0x5584332faad0
        0x5584332faad0
        0x5584332faad0
        0x5584332faad0
        0x5584332faad0
        0x5584332faad0
        0x5584332faad0
        0x5584332faad0
        0x5584332faad0
        0x5584332faad0
        0x5584332faad0
        0x5584332faad0
        0x5584332faad0
        0x5584332faad0
        0x5584332faad0
        0x5584332faad0
        0x5584332faad0
        0x5584332faad0
        0x5584332faad0
        0x5584332faad0
        0x5584332faad0
        0x5584332faad0
        0x5584332faad0
        0x5584332faad0
        0x5584332faad0
        0x5584332faad0
        0x5584332faad0
        0x5584332faad0
        0x5584332faad0
        0x5584332faad0
]: 1
@preempt_stack[
        0x7f949c9e44f1
        0x120000
        0x558432dc60f8
        0x558432dc60f8
        0x558432dc60f8
        0x558432dc60f8
        0x558432dc60f8
        0x558432dc60f8
        0x558432dc60f8
        0x558432dc60f8
        0x558432dc60f8
        0x558432dc60f8
        0x558432dc60f8
        0x558432dc60f8
        0x558432dc60f8
        0x558432dc60f8
        0x558432dc60f8
        0x558432dc60f8
        0x558432dc60f8
        0x558432dc60f8
        0x558432dc60f8
        0x558432dc60f8
        0x558432dc60f8
        0x558432dc60f8
        0x558432dc60f8
        0x558432dc60f8
        0x558432dc60f8
        0x558432dc60f8
        0x558432dc60f8
        0x558432dc60f8
        0x558432dc60f8
        0x558432dc60f8
        0x558432dc60f8
        0x558432dc60f8
        0x558432dc60f8
        0x558432dc60f8
        0x558432dc60f8
        0x558432dc60f8
        0x558432dc60f8
        0x558432dc60f8
        0x558432dc60f8
        0x558432dc60f8
        0x558432dc60f8
        0x558432dc60f8
        0x558432dc60f8
        0x558432dc60f8
        0x558432dc60f8
        0x558432dc60f8
        0x558432dc60f8
        0x558432dc60f8
        0x558432dc60f8
        0x558432dc60f8
        0x558432dc60f8
        0x558432dc60f8
        0x558432dc60f8
        0x558432dc60f8
        0x558432dc60f8
        0x558432dc60f8
        0x558432dc60f8
        0x558432dc60f8
        0x558432dc60f8
        0x558432dc60f8
        0x558432dc60f8
        0x558432dc60f8
        0x558432dc60f8
        0x558432dc60f8
        0x558432dc60f8
        0x558432dc60f8
        0x558432dc60f8
        0x558432dc60f8
        0x558432dc60f8
        0x558432dc60f8
        0x558432dc60f8
        0x558432dc60f8
        0x558432dc60f8
        0x558432dc60f8
        0x558432dc60f8
        0x558432dc60f8
        0x558432dc60f8
        0x558432dc60f8
        0x558432dc60f8
        0x558432dc60f8
        0x558432dc60f8
        0x558432dc60f8
        0x558432dc60f8
        0x558432dc60f8
        0x558432dc60f8
        0x558432dc60f8
        0x558432dc60f8
        0x558432dc60f8
        0x558432dc60f8
        0x558432dc60f8
        0x558432dc60f8
        0x558432dc60f8
        0x558432dc60f8
        0x558432dc60f8
        0x558432dc60f8
        0x558432dc60f8
        0x558432dc60f8
        0x558432dc60f8
        0x558432dc60f8
        0x558432dc60f8
        0x558432dc60f8
        0x558432dc60f8
        0x558432dc60f8
        0x558432dc60f8
        0x558432dc60f8
        0x558432dc60f8
        0x558432dc60f8
        0x558432dc60f8
        0x558432dc60f8
        0x558432dc60f8
        0x558432dc60f8
        0x558432dc60f8
        0x558432dc60f8
        0x558432dc60f8
        0x558432dc60f8
        0x558432dc60f8
        0x558432dc60f8
        0x558432dc60f8
        0x558432dc60f8
        0x558432dc60f8
        0x558432dc60f8
        0x558432dc60f8
        0x558432dc60f8
        0x558432dc60f8
        0x558432dc60f8
]: 1
@preempt_stack[
        __pthread_getspecific+54
        0x7f94b5f3a728
        0x7f94b7a77108
        0x7f94b5e4d008
        0x7f94b5efe6b8
        0x7f94b5efe518
        0x7f94b60d3f28
        0x7f94b60d3d88
        0x7f94b6200118
        0x7f94b61fff78
        0x7f94b61ffdd8
        0x7f94b6d07168
        0x7f94b6d06fc8
        0x7f94b322ee18
        0x7f94b322ec78
        0x7f9501d72668
        0x7f9502cd5878
        0x7f94b3fc3758
        0x7f9502810048
        0x7f95027d7268
        0x7f950155c198
        0x7f95026a8ad8
        0x7f9502e41948
        0x7f9502c145b8
        0x7f9502cfddb8
        0x7f9502ebef18
        0x7f9502afa6c8
        0x7f9502ef5528
        0x7f9502ef36f8
        0x7f9502ef1928
        0x7f9502eecd38
        0x7f95026beac8
        0x7f9502eeb9c8
        0x7f9502ee9e68
        0x7f9502e5a8a8
        0x7f9502e58d08
        0x7f9502e57108
        0x7f9502b75c18
        0x7f9502e7ec28
        0x7f9502f1ce18
        0x7f9502f1b208
        0x7f9502f19658
        0x7f9502f17828
        0x7f9502f15c18
        0x7f9502f05248
        0x7f9502f10608
        0x7f9502f0e7d8
        0x7f9502f0c9a8
        0x7f9502f0ab78
        0x7f9502f08d48
        0x7f9502f070e8
        0x7f9502f002c8
        0x7f9502f00d38
        0x7f9502f2ee58
        0x7f9502f2d298
        0x7f9502f2b468
        0x7f9502f29858
        0x7f9502f21d88
        0x7f9502efb3d8
        0x7f9502efac38
        0x7f9502f17c28
        0x7f9502f44548
        0x7f9502aa4938
        0x7f9502aa2d78
        0x7f9502f3bd28
        0x7f9502f377e8
        0x7f9502f23118
        0x7f9502f33658
        0x7f94b3ff73a8
        0x7f94b3983c58
        0x7f94b366bdc8
        0x7f94b4668828
        0x7f94b46bde98
        0x7f94b45838b8
        0x7f94b3aafb58
        0x7f94b3c9ab28
        0x7f94b3ecfcd8
        0x7f94b3f38988
        0x7f9502ae2ab8
        0x7f94b3fa7668
        0x7f94b3b2d478
        0x7f94b4241418
        0x7f94b3c0d6e8
        0x7f94b3b1d728
        0x7f94b48326b8
        0x7f94b4665a48
        0x7f94b40b1df8
        0x7f94b3fb9988
        0x7f94b39c7ce8
        0x7f94b44dab18
        0x7f94b417aa48
        0x7f94b39dfb18
        0x7f94b685a3c8
        0x7f94b685a5c8
        0x7f94b685a7c8
        0x7f94b6447708
        0x7f94b647e888
        0x7f94b647efb8
        0x7f94b647fb18
        0x7f94b647fcb8
        0x7f94b64802c8
        0x7f94b6480eb8
        0x7f94b6481cd8
        0x7f94b6123858
        0x7f94b61239f8
        0x7f94b6123b98
        0x7f94b6127b88
        0x7f94b612e608
        0x7f94b6131b58
        0x7f94b6131d58
        0x7f94b6131f58
        0x7f94b6132158
        0x7f94b6132358
        0x7f9502ae04e8
        0x7f94b684c8c8
        0x7f94b684ca68
        0x7f94b6859bc8
        0x7f94b6859dc8
        0x7f94b6859fc8
        0x7f94b685a1c8
        0x7f94b6e2bbc8
        0x7f94b6e65f78
        0x7f94b6e66118
        0x7f94b6e662b8
        0x7f94b6e66458
        0x7f94b6e665f8
        0x7f94b6e66798
]: 1
@preempt_stack[
        0x7f949c9dcfa3
        0x120000
        0x558432f0ba20
        0x558432f0ba20
        0x558432f0ba20
        0x558432f0ba20
        0x558432f0ba20
        0x558432f0ba20
        0x558432f0ba20
        0x558432f0ba20
        0x558432f0ba20
        0x558432f0ba20
        0x558432f0ba20
        0x558432f0ba20
        0x558432f0ba20
        0x558432f0ba20
        0x558432f0ba20
        0x558432f0ba20
        0x558432f0ba20
        0x558432f0ba20
        0x558432f0ba20
        0x558432f0ba20
        0x558432f0ba20
        0x558432f0ba20
        0x558432f0ba20
        0x558432f0ba20
        0x558432f0ba20
        0x558432f0ba20
        0x558432f0ba20
        0x558432f0ba20
        0x558432f0ba20
        0x558432f0ba20
        0x558432f0ba20
        0x558432f0ba20
        0x558432f0ba20
        0x558432f0ba20
        0x558432f0ba20
        0x558432f0ba20
        0x558432f0ba20
        0x558432f0ba20
        0x558432f0ba20
        0x558432f0ba20
        0x558432f0ba20
        0x558432f0ba20
        0x558432f0ba20
        0x558432f0ba20
        0x558432f0ba20
        0x558432f0ba20
        0x558432f0ba20
        0x558432f0ba20
        0x558432f0ba20
        0x558432f0ba20
        0x558432f0ba20
        0x558432f0ba20
        0x558432f0ba20
        0x558432f0ba20
        0x558432f0ba20
        0x558432f0ba20
        0x558432f0ba20
        0x558432f0ba20
        0x558432f0ba20
        0x558432f0ba20
        0x558432f0ba20
        0x558432f0ba20
        0x558432f0ba20
        0x558432f0ba20
        0x558432f0ba20
        0x558432f0ba20
        0x558432f0ba20
        0x558432f0ba20
        0x558432f0ba20
        0x558432f0ba20
        0x558432f0ba20
        0x558432f0ba20
        0x558432f0ba20
        0x558432f0ba20
        0x558432f0ba20
        0x558432f0ba20
        0x558432f0ba20
        0x558432f0ba20
        0x558432f0ba20
        0x558432f0ba20
        0x558432f0ba20
        0x558432f0ba20
        0x558432f0ba20
        0x558432f0ba20
        0x558432f0ba20
        0x558432f0ba20
        0x558432f0ba20
        0x558432f0ba20
        0x558432f0ba20
        0x558432f0ba20
        0x558432f0ba20
        0x558432f0ba20
        0x558432f0ba20
        0x558432f0ba20
        0x558432f0ba20
        0x558432f0ba20
        0x558432f0ba20
        0x558432f0ba20
        0x558432f0ba20
        0x558432f0ba20
        0x558432f0ba20
        0x558432f0ba20
        0x558432f0ba20
        0x558432f0ba20
        0x558432f0ba20
        0x558432f0ba20
        0x558432f0ba20
        0x558432f0ba20
        0x558432f0ba20
        0x558432f0ba20
        0x558432f0ba20
        0x558432f0ba20
        0x558432f0ba20
        0x558432f0ba20
        0x558432f0ba20
        0x558432f0ba20
        0x558432f0ba20
        0x558432f0ba20
        0x558432f0ba20
        0x558432f0ba20
        0x558432f0ba20
        0x558432f0ba20
        0x558432f0ba20
        0x558432f0ba20
        0x558432f0ba20
]: 1
@preempt_stack[
        0x40b48ddc
        0x7f9470169f3b
        0x7f93fc07dedb
        0x7f93fc093433
        0x7f94788cb95b
        0x7f93fc07fabb
        0x401c67a6
        0x7f949c846428
        0x7f949c9e578f
        0x558431b82490
]: 1
@preempt_stack[
        0x7f953e5b2aab
]: 1
@preempt_stack[
        0x402e6c97
        0x4046dfb8
        0x40785934
        0x401c67a6
        0x7f949c846428
        0x7f949c9e578f
        0x558431b82490
]: 1
@preempt_stack[
        0x7f949c9dcfa3
        0x120000
        0x558432a79ed0
        0x558432a79ed0
        0x558432a79ed0
        0x558432a79ed0
        0x558432a79ed0
        0x558432a79ed0
        0x558432a79ed0
        0x558432a79ed0
        0x558432a79ed0
        0x558432a79ed0
        0x558432a79ed0
        0x558432a79ed0
        0x558432a79ed0
        0x558432a79ed0
        0x558432a79ed0
        0x558432a79ed0
        0x558432a79ed0
        0x558432a79ed0
        0x558432a79ed0
        0x558432a79ed0
        0x558432a79ed0
        0x558432a79ed0
        0x558432a79ed0
        0x558432a79ed0
        0x558432a79ed0
        0x558432a79ed0
        0x558432a79ed0
        0x558432a79ed0
        0x558432a79ed0
        0x558432a79ed0
        0x558432a79ed0
        0x558432a79ed0
        0x558432a79ed0
        0x558432a79ed0
        0x558432a79ed0
        0x558432a79ed0
        0x558432a79ed0
        0x558432a79ed0
        0x558432a79ed0
        0x558432a79ed0
        0x558432a79ed0
        0x558432a79ed0
        0x558432a79ed0
        0x558432a79ed0
        0x558432a79ed0
        0x558432a79ed0
        0x558432a79ed0
        0x558432a79ed0
        0x558432a79ed0
        0x558432a79ed0
        0x558432a79ed0
        0x558432a79ed0
        0x558432a79ed0
        0x558432a79ed0
        0x558432a79ed0
        0x558432a79ed0
        0x558432a79ed0
        0x558432a79ed0
        0x558432a79ed0
        0x558432a79ed0
        0x558432a79ed0
        0x558432a79ed0
        0x558432a79ed0
        0x558432a79ed0
        0x558432a79ed0
        0x558432a79ed0
        0x558432a79ed0
        0x558432a79ed0
        0x558432a79ed0
        0x558432a79ed0
        0x558432a79ed0
        0x558432a79ed0
        0x558432a79ed0
        0x558432a79ed0
        0x558432a79ed0
        0x558432a79ed0
        0x558432a79ed0
        0x558432a79ed0
        0x558432a79ed0
        0x558432a79ed0
        0x558432a79ed0
        0x558432a79ed0
        0x558432a79ed0
        0x558432a79ed0
        0x558432a79ed0
        0x558432a79ed0
        0x558432a79ed0
        0x558432a79ed0
        0x558432a79ed0
        0x558432a79ed0
        0x558432a79ed0
        0x558432a79ed0
        0x558432a79ed0
        0x558432a79ed0
        0x558432a79ed0
        0x558432a79ed0
        0x558432a79ed0
        0x558432a79ed0
        0x558432a79ed0
        0x558432a79ed0
        0x558432a79ed0
        0x558432a79ed0
        0x558432a79ed0
        0x558432a79ed0
        0x558432a79ed0
        0x558432a79ed0
        0x558432a79ed0
        0x558432a79ed0
        0x558432a79ed0
        0x558432a79ed0
        0x558432a79ed0
        0x558432a79ed0
        0x558432a79ed0
        0x558432a79ed0
        0x558432a79ed0
        0x558432a79ed0
        0x558432a79ed0
        0x558432a79ed0
        0x558432a79ed0
        0x558432a79ed0
        0x558432a79ed0
        0x558432a79ed0
        0x558432a79ed0
        0x558432a79ed0
        0x558432a79ed0
]: 1
@preempt_stack[
        0x7f953e6fdafe
]: 1
@preempt_stack[
        0x40408556
        0x40a8a76e
        0x40407e56
        0x40403d24
        0x7f949c846428
        0x7f949c9e578f
        0x558431b82490
]: 1
@preempt_stack[
        0x4044b146
        0x4044ae24
        0x40c3ea01
        0x40c3803c
        0x40a8a76e
        0x40407e56
        0x40403d24
        0x7f949c846428
        0x7f949c9e578f
        0x558431b82490
]: 1
@preempt_stack[
        0x40d06708
        0
        0x2000000000000001
        0x558432740e50
        0x558432740e50
        0x558432740e50
        0x558432740e50
        0x558432740e50
        0x558432740e50
        0x558432740e50
        0x558432740e50
        0x558432740e50
        0x558432740e50
        0x558432740e50
        0x558432740e50
        0x558432740e50
        0x558432740e50
        0x558432740e50
        0x558432740e50
        0x558432740e50
        0x558432740e50
        0x558432740e50
        0x558432740e50
        0x558432740e50
        0x558432740e50
        0x558432740e50
        0x558432740e50
        0x558432740e50
        0x558432740e50
        0x558432740e50
        0x558432740e50
        0x558432740e50
        0x558432740e50
        0x558432740e50
        0x558432740e50
        0x558432740e50
        0x558432740e50
        0x558432740e50
        0x558432740e50
        0x558432740e50
        0x558432740e50
        0x558432740e50
        0x558432740e50
        0x558432740e50
        0x558432740e50
        0x558432740e50
        0x558432740e50
        0x558432740e50
        0x558432740e50
        0x558432740e50
        0x558432740e50
        0x558432740e50
        0x558432740e50
        0x558432740e50
        0x558432740e50
        0x558432740e50
        0x558432740e50
        0x558432740e50
        0x558432740e50
        0x558432740e50
        0x558432740e50
        0x558432740e50
        0x558432740e50
        0x558432740e50
        0x558432740e50
        0x558432740e50
        0x558432740e50
        0x558432740e50
        0x558432740e50
        0x558432740e50
        0x558432740e50
        0x558432740e50
        0x558432740e50
        0x558432740e50
        0x558432740e50
        0x558432740e50
        0x558432740e50
        0x558432740e50
        0x558432740e50
        0x558432740e50
        0x558432740e50
        0x558432740e50
        0x558432740e50
        0x558432740e50
        0x558432740e50
        0x558432740e50
        0x558432740e50
        0x558432740e50
        0x558432740e50
        0x558432740e50
        0x558432740e50
        0x558432740e50
        0x558432740e50
        0x558432740e50
        0x558432740e50
        0x558432740e50
        0x558432740e50
        0x558432740e50
        0x558432740e50
        0x558432740e50
        0x558432740e50
        0x558432740e50
        0x558432740e50
        0x558432740e50
        0x558432740e50
        0x558432740e50
        0x558432740e50
        0x558432740e50
        0x558432740e50
        0x558432740e50
        0x558432740e50
        0x558432740e50
        0x558432740e50
        0x558432740e50
        0x558432740e50
        0x558432740e50
        0x558432740e50
        0x558432740e50
        0x558432740e50
        0x558432740e50
        0x558432740e50
        0x558432740e50
        0x558432740e50
        0x558432740e50
        0x558432740e50
        0x558432740e50
        0x558432740e50
]: 1
@preempt_stack[
        0x7f949c9e44f9
        0x120000
        0x55843376f080
        0x55843376f080
        0x55843376f080
        0x55843376f080
        0x55843376f080
        0x55843376f080
        0x55843376f080
        0x55843376f080
        0x55843376f080
        0x55843376f080
        0x55843376f080
        0x55843376f080
        0x55843376f080
        0x55843376f080
        0x55843376f080
        0x55843376f080
        0x55843376f080
        0x55843376f080
        0x55843376f080
        0x55843376f080
        0x55843376f080
        0x55843376f080
        0x55843376f080
        0x55843376f080
        0x55843376f080
        0x55843376f080
        0x55843376f080
        0x55843376f080
        0x55843376f080
        0x55843376f080
        0x55843376f080
        0x55843376f080
        0x55843376f080
        0x55843376f080
        0x55843376f080
        0x55843376f080
        0x55843376f080
        0x55843376f080
        0x55843376f080
        0x55843376f080
        0x55843376f080
        0x55843376f080
        0x55843376f080
        0x55843376f080
        0x55843376f080
        0x55843376f080
        0x55843376f080
        0x55843376f080
        0x55843376f080
        0x55843376f080
        0x55843376f080
        0x55843376f080
        0x55843376f080
        0x55843376f080
        0x55843376f080
        0x55843376f080
        0x55843376f080
        0x55843376f080
        0x55843376f080
        0x55843376f080
        0x55843376f080
        0x55843376f080
        0x55843376f080
        0x55843376f080
        0x55843376f080
        0x55843376f080
        0x55843376f080
        0x55843376f080
        0x55843376f080
        0x55843376f080
        0x55843376f080
        0x55843376f080
        0x55843376f080
        0x55843376f080
        0x55843376f080
        0x55843376f080
        0x55843376f080
        0x55843376f080
        0x55843376f080
        0x55843376f080
        0x55843376f080
        0x55843376f080
        0x55843376f080
        0x55843376f080
        0x55843376f080
        0x55843376f080
        0x55843376f080
        0x55843376f080
        0x55843376f080
        0x55843376f080
        0x55843376f080
        0x55843376f080
        0x55843376f080
        0x55843376f080
        0x55843376f080
        0x55843376f080
        0x55843376f080
        0x55843376f080
        0x55843376f080
        0x55843376f080
        0x55843376f080
        0x55843376f080
        0x55843376f080
        0x55843376f080
        0x55843376f080
        0x55843376f080
        0x55843376f080
        0x55843376f080
        0x55843376f080
        0x55843376f080
        0x55843376f080
        0x55843376f080
        0x55843376f080
        0x55843376f080
        0x55843376f080
        0x55843376f080
        0x55843376f080
        0x55843376f080
        0x55843376f080
        0x55843376f080
        0x55843376f080
        0x55843376f080
        0x55843376f080
        0x55843376f080
        0x55843376f080
]: 1
@preempt_stack[
        0x40eae7c3
        0x40eae6a8
        0x40eac640
        0x40ea95d9
        0x40ca69ba
        0x40407e56
        0x40403d24
        0x7f949c846428
        0x7f949c9e578f
        0x558431b82490
]: 1
@preempt_stack[
        0x7f953dd4fd41
        0x20
]: 1
@preempt_stack[
        0x7f953d905b94
]: 1
@preempt_stack[
        0x402f2252
        0x40c0d864
        0x4077cadf
        0x7f949c846428
        0x7f949c9e578f
        0x558431b82490
]: 1
@preempt_stack[
        0x7f949c9cb75e
        0x130000
        0x2
        0
        0x55843385f710
]: 1
@preempt_stack[
        0x7f953e6b2124
]: 1
@preempt_stack[
        0x7f949ca038f1
        0
        0x83800000000001
        0x558431b49658
        0x558431b49658
        0x558431b49658
        0x558431b49658
        0x558431b49658
        0x558431b49658
        0x558431b49658
        0x558431b49658
        0x558431b49658
        0x558431b49658
        0x558431b49658
        0x558431b49658
        0x558431b49658
        0x558431b49658
        0x558431b49658
        0x558431b49658
        0x558431b49658
        0x558431b49658
        0x558431b49658
        0x558431b49658
        0x558431b49658
        0x558431b49658
        0x558431b49658
        0x558431b49658
        0x558431b49658
        0x558431b49658
        0x558431b49658
        0x558431b49658
        0x558431b49658
        0x558431b49658
        0x558431b49658
        0x558431b49658
        0x558431b49658
        0x558431b49658
        0x558431b49658
        0x558431b49658
        0x558431b49658
        0x558431b49658
        0x558431b49658
        0x558431b49658
        0x558431b49658
        0x558431b49658
        0x558431b49658
        0x558431b49658
        0x558431b49658
        0x558431b49658
        0x558431b49658
        0x558431b49658
        0x558431b49658
        0x558431b49658
        0x558431b49658
        0x558431b49658
        0x558431b49658
        0x558431b49658
        0x558431b49658
        0x558431b49658
        0x558431b49658
        0x558431b49658
        0x558431b49658
        0x558431b49658
        0x558431b49658
        0x558431b49658
        0x558431b49658
        0x558431b49658
        0x558431b49658
        0x558431b49658
        0x558431b49658
        0x558431b49658
        0x558431b49658
        0x558431b49658
        0x558431b49658
        0x558431b49658
        0x558431b49658
        0x558431b49658
        0x558431b49658
        0x558431b49658
        0x558431b49658
        0x558431b49658
        0x558431b49658
        0x558431b49658
        0x558431b49658
        0x558431b49658
        0x558431b49658
        0x558431b49658
        0x558431b49658
        0x558431b49658
        0x558431b49658
        0x558431b49658
        0x558431b49658
        0x558431b49658
        0x558431b49658
        0x558431b49658
        0x558431b49658
        0x558431b49658
        0x558431b49658
        0x558431b49658
        0x558431b49658
        0x558431b49658
        0x558431b49658
        0x558431b49658
        0x558431b49658
        0x558431b49658
        0x558431b49658
        0x558431b49658
        0x558431b49658
        0x558431b49658
        0x558431b49658
        0x558431b49658
        0x558431b49658
        0x558431b49658
        0x558431b49658
        0x558431b49658
        0x558431b49658
        0x558431b49658
        0x558431b49658
        0x558431b49658
        0x558431b49658
        0x558431b49658
        0x558431b49658
        0x558431b49658
        0x558431b49658
        0x558431b49658
        0x558431b49658
        0x558431b49658
]: 1
@preempt_stack[
        mono_g_hash_table_lookup_extended+66
        0x120000
        0x55843523a690
        0x55843523a690
        0x55843523a690
        0x55843523a690
        0x55843523a690
        0x55843523a690
        0x55843523a690
        0x55843523a690
        0x55843523a690
        0x55843523a690
        0x55843523a690
        0x55843523a690
        0x55843523a690
        0x55843523a690
        0x55843523a690
        0x55843523a690
        0x55843523a690
        0x55843523a690
        0x55843523a690
        0x55843523a690
        0x55843523a690
        0x55843523a690
        0x55843523a690
        0x55843523a690
        0x55843523a690
        0x55843523a690
        0x55843523a690
        0x55843523a690
        0x55843523a690
        0x55843523a690
        0x55843523a690
        0x55843523a690
        0x55843523a690
        0x55843523a690
        0x55843523a690
        0x55843523a690
        0x55843523a690
        0x55843523a690
        0x55843523a690
        0x55843523a690
        0x55843523a690
        0x55843523a690
        0x55843523a690
        0x55843523a690
        0x55843523a690
        0x55843523a690
        0x55843523a690
        0x55843523a690
        0x55843523a690
        0x55843523a690
        0x55843523a690
        0x55843523a690
        0x55843523a690
        0x55843523a690
        0x55843523a690
        0x55843523a690
        0x55843523a690
        0x55843523a690
        0x55843523a690
        0x55843523a690
        0x55843523a690
        0x55843523a690
        0x55843523a690
        0x55843523a690
        0x55843523a690
        0x55843523a690
        0x55843523a690
        0x55843523a690
        0x55843523a690
        0x55843523a690
        0x55843523a690
        0x55843523a690
        0x55843523a690
        0x55843523a690
        0x55843523a690
        0x55843523a690
        0x55843523a690
        0x55843523a690
        0x55843523a690
        0x55843523a690
        0x55843523a690
        0x55843523a690
        0x55843523a690
        0x55843523a690
        0x55843523a690
        0x55843523a690
        0x55843523a690
        0x55843523a690
        0x55843523a690
        0x55843523a690
        0x55843523a690
        0x55843523a690
        0x55843523a690
        0x55843523a690
        0x55843523a690
        0x55843523a690
        0x55843523a690
        0x55843523a690
        0x55843523a690
        0x55843523a690
        0x55843523a690
        0x55843523a690
        0x55843523a690
        0x55843523a690
        0x55843523a690
        0x55843523a690
        0x55843523a690
        0x55843523a690
        0x55843523a690
        0x55843523a690
        0x55843523a690
        0x55843523a690
        0x55843523a690
        0x55843523a690
        0x55843523a690
        0x55843523a690
        0x55843523a690
        0x55843523a690
        0x55843523a690
        0x55843523a690
        0x55843523a690
        0x55843523a690
        0x55843523a690
        0x55843523a690
        0x55843523a690
]: 1
@preempt_stack[
        0x7f953dcd7a78
        0x8c108c408c2
]: 1
@preempt_stack[
        0x7f953e5b62b7
]: 1
@preempt_stack[
        0x7f953dcd7ad1
        0xc410c440c41
]: 1
@preempt_stack[
        0x7f953dcd7c03
        0xd41
]: 1
@preempt_stack[
        0x7f949c9dcfa3
        0x110000
        0x558431b42d20
        0x558431b42bc8
        0x558431b42bc8
        0x558431b42bc8
        0x558431b42bc8
        0x558431b42bc8
        0x558431b42bc8
        0x558431b42bc8
        0x558431b42bc8
        0x558431b42bc8
        0x558431b42bc8
        0x558431b42bc8
        0x558431b42bc8
        0x558431b42bc8
        0x558431b42bc8
        0x558431b42bc8
        0x558431b42bc8
        0x558431b42bc8
        0x558431b42bc8
        0x558431b42bc8
        0x558431b42bc8
        0x558431b42bc8
        0x558431b42bc8
        0x558431b42bc8
        0x558431b42bc8
        0x558431b42bc8
        0x558431b42bc8
        0x558431b42bc8
        0x558431b42bc8
        0x558431b42bc8
        0x558431b42bc8
        0x558431b42bc8
        0x558431b42bc8
        0x558431b42bc8
        0x558431b42bc8
        0x558431b42bc8
        0x558431b42bc8
        0x558431b42bc8
        0x558431b42bc8
        0x558431b42bc8
        0x558431b42bc8
        0x558431b42bc8
        0x558431b42bc8
        0x558431b42bc8
        0x558431b42bc8
        0x558431b42bc8
        0x558431b42bc8
        0x558431b42bc8
        0x558431b42bc8
        0x558431b42bc8
        0x558431b42bc8
        0x558431b42bc8
        0x558431b42bc8
        0x558431b42bc8
        0x558431b42bc8
        0x558431b42bc8
        0x558431b42bc8
        0x558431b42bc8
        0x558431b42bc8
        0x558431b42bc8
        0x558431b42bc8
        0x558431b42bc8
        0x558431b42bc8
        0x558431b42bc8
        0x558431b42bc8
        0x558431b42bc8
        0x558431b42bc8
        0x558431b42bc8
        0x558431b42bc8
        0x558431b42bc8
        0x558431b42bc8
        0x558431b42bc8
        0x558431b42bc8
        0x558431b42bc8
        0x558431b42bc8
        0x558431b42bc8
        0x558431b42bc8
        0x558431b42bc8
        0x558431b42bc8
        0x558431b42bc8
        0x558431b42bc8
        0x558431b42bc8
        0x558431b42bc8
        0x558431b42bc8
        0x558431b42bc8
        0x558431b42bc8
        0x558431b42bc8
        0x558431b42bc8
        0x558431b42bc8
        0x558431b42bc8
        0x558431b42bc8
        0x558431b42bc8
        0x558431b42bc8
        0x558431b42bc8
        0x558431b42bc8
        0x558431b42bc8
        0x558431b42bc8
        0x558431b42bc8
        0x558431b42bc8
        0x558431b42bc8
        0x558431b42bc8
        0x558431b42bc8
        0x558431b42bc8
        0x558431b42bc8
        0x558431b42bc8
        0x558431b42bc8
        0x558431b42bc8
        0x558431b42bc8
        0x558431b42bc8
        0x558431b42bc8
        0x558431b42bc8
        0x558431b42bc8
        0x558431b42bc8
        0x558431b42bc8
        0x558431b42bc8
        0x558431b42bc8
        0x558431b42bc8
        0x558431b42bc8
        0x558431b42bc8
        0x558431b42bc8
        0x558431b42bc8
        0x558431b42bc8
        0x558431b42bc8
        0x558431b42bc8
        0x558431b42bc8
]: 1
@preempt_stack[
        0x404417a0
]: 1
@preempt_stack[
        0x7f949c9ddb59
        0x558435bbc5f0
]: 1
@preempt_stack[
        0x7f953dd46f43
]: 1
@preempt_stack[
        0x7f949c9cb76a
        0x130000
        0x2
        0
        0x5584321dbae0
]: 1
@preempt_stack[
        GC_dirty_inner+41
        0x40d04f78
        0x40d0350d
        0x40a8b124
        0x40407e56
        0x40403d24
        0x7f949c846428
        0x7f949c9e578f
        0x558431b82490
]: 1
@preempt_stack[
        0x7f949c9ce4c1
        0x120000
        0x558435964978
        0x558435964978
        0x558435964978
        0x558435964978
        0x558435964978
        0x558435964978
        0x558435964978
        0x558435964978
        0x558435964978
        0x558435964978
        0x558435964978
        0x558435964978
        0x558435964978
        0x558435964978
        0x558435964978
        0x558435964978
        0x558435964978
        0x558435964978
        0x558435964978
        0x558435964978
        0x558435964978
        0x558435964978
        0x558435964978
        0x558435964978
        0x558435964978
        0x558435964978
        0x558435964978
        0x558435964978
        0x558435964978
        0x558435964978
        0x558435964978
        0x558435964978
        0x558435964978
        0x558435964978
        0x558435964978
        0x558435964978
        0x558435964978
        0x558435964978
        0x558435964978
        0x558435964978
        0x558435964978
        0x558435964978
        0x558435964978
        0x558435964978
        0x558435964978
        0x558435964978
        0x558435964978
        0x558435964978
        0x558435964978
        0x558435964978
        0x558435964978
        0x558435964978
        0x558435964978
        0x558435964978
        0x558435964978
        0x558435964978
        0x558435964978
        0x558435964978
        0x558435964978
        0x558435964978
        0x558435964978
        0x558435964978
        0x558435964978
        0x558435964978
        0x558435964978
        0x558435964978
        0x558435964978
        0x558435964978
        0x558435964978
        0x558435964978
        0x558435964978
        0x558435964978
        0x558435964978
        0x558435964978
        0x558435964978
        0x558435964978
        0x558435964978
        0x558435964978
        0x558435964978
        0x558435964978
        0x558435964978
        0x558435964978
        0x558435964978
        0x558435964978
        0x558435964978
        0x558435964978
        0x558435964978
        0x558435964978
        0x558435964978
        0x558435964978
        0x558435964978
        0x558435964978
        0x558435964978
        0x558435964978
        0x558435964978
        0x558435964978
        0x558435964978
        0x558435964978
        0x558435964978
        0x558435964978
        0x558435964978
        0x558435964978
        0x558435964978
        0x558435964978
        0x558435964978
        0x558435964978
        0x558435964978
        0x558435964978
        0x558435964978
        0x558435964978
        0x558435964978
        0x558435964978
        0x558435964978
        0x558435964978
        0x558435964978
        0x558435964978
        0x558435964978
        0x558435964978
        0x558435964978
        0x558435964978
        0x558435964978
        0x558435964978
        0x558435964978
        0x558435964978
        0x558435964978
]: 1
@preempt_stack[
        0x7f949c9dcfa3
        0x120000
        0x558434b188c8
        0x558434b188c8
        0x558434b188c8
        0x558434b188c8
        0x558434b188c8
        0x558434b188c8
        0x558434b188c8
        0x558434b188c8
        0x558434b188c8
        0x558434b188c8
        0x558434b188c8
        0x558434b188c8
        0x558434b188c8
        0x558434b188c8
        0x558434b188c8
        0x558434b188c8
        0x558434b188c8
        0x558434b188c8
        0x558434b188c8
        0x558434b188c8
        0x558434b188c8
        0x558434b188c8
        0x558434b188c8
        0x558434b188c8
        0x558434b188c8
        0x558434b188c8
        0x558434b188c8
        0x558434b188c8
        0x558434b188c8
        0x558434b188c8
        0x558434b188c8
        0x558434b188c8
        0x558434b188c8
        0x558434b188c8
        0x558434b188c8
        0x558434b188c8
        0x558434b188c8
        0x558434b188c8
        0x558434b188c8
        0x558434b188c8
        0x558434b188c8
        0x558434b188c8
        0x558434b188c8
        0x558434b188c8
        0x558434b188c8
        0x558434b188c8
        0x558434b188c8
        0x558434b188c8
        0x558434b188c8
        0x558434b188c8
        0x558434b188c8
        0x558434b188c8
        0x558434b188c8
        0x558434b188c8
        0x558434b188c8
        0x558434b188c8
        0x558434b188c8
        0x558434b188c8
        0x558434b188c8
        0x558434b188c8
        0x558434b188c8
        0x558434b188c8
        0x558434b188c8
        0x558434b188c8
        0x558434b188c8
        0x558434b188c8
        0x558434b188c8
        0x558434b188c8
        0x558434b188c8
        0x558434b188c8
        0x558434b188c8
        0x558434b188c8
        0x558434b188c8
        0x558434b188c8
        0x558434b188c8
        0x558434b188c8
        0x558434b188c8
        0x558434b188c8
        0x558434b188c8
        0x558434b188c8
        0x558434b188c8
        0x558434b188c8
        0x558434b188c8
        0x558434b188c8
        0x558434b188c8
        0x558434b188c8
        0x558434b188c8
        0x558434b188c8
        0x558434b188c8
        0x558434b188c8
        0x558434b188c8
        0x558434b188c8
        0x558434b188c8
        0x558434b188c8
        0x558434b188c8
        0x558434b188c8
        0x558434b188c8
        0x558434b188c8
        0x558434b188c8
        0x558434b188c8
        0x558434b188c8
        0x558434b188c8
        0x558434b188c8
        0x558434b188c8
        0x558434b188c8
        0x558434b188c8
        0x558434b188c8
        0x558434b188c8
        0x558434b188c8
        0x558434b188c8
        0x558434b188c8
        0x558434b188c8
        0x558434b188c8
        0x558434b188c8
        0x558434b188c8
        0x558434b188c8
        0x558434b188c8
        0x558434b188c8
        0x558434b188c8
        0x558434b188c8
        0x558434b188c8
        0x558434b188c8
        0x558434b188c8
        0x558434b188c8
        0x558434b188c8
]: 1
@preempt_stack[
        0x7f949c9af6f5
        0
]: 1
@preempt_stack[
        0x7f949c9dcfa3
        0x120000
        0x5584334d9b00
        0x5584334d9b00
        0x5584334d9b00
        0x5584334d9b00
        0x5584334d9b00
        0x5584334d9b00
        0x5584334d9b00
        0x5584334d9b00
        0x5584334d9b00
        0x5584334d9b00
        0x5584334d9b00
        0x5584334d9b00
        0x5584334d9b00
        0x5584334d9b00
        0x5584334d9b00
        0x5584334d9b00
        0x5584334d9b00
        0x5584334d9b00
        0x5584334d9b00
        0x5584334d9b00
        0x5584334d9b00
        0x5584334d9b00
        0x5584334d9b00
        0x5584334d9b00
        0x5584334d9b00
        0x5584334d9b00
        0x5584334d9b00
        0x5584334d9b00
        0x5584334d9b00
        0x5584334d9b00
        0x5584334d9b00
        0x5584334d9b00
        0x5584334d9b00
        0x5584334d9b00
        0x5584334d9b00
        0x5584334d9b00
        0x5584334d9b00
        0x5584334d9b00
        0x5584334d9b00
        0x5584334d9b00
        0x5584334d9b00
        0x5584334d9b00
        0x5584334d9b00
        0x5584334d9b00
        0x5584334d9b00
        0x5584334d9b00
        0x5584334d9b00
        0x5584334d9b00
        0x5584334d9b00
        0x5584334d9b00
        0x5584334d9b00
        0x5584334d9b00
        0x5584334d9b00
        0x5584334d9b00
        0x5584334d9b00
        0x5584334d9b00
        0x5584334d9b00
        0x5584334d9b00
        0x5584334d9b00
        0x5584334d9b00
        0x5584334d9b00
        0x5584334d9b00
        0x5584334d9b00
        0x5584334d9b00
        0x5584334d9b00
        0x5584334d9b00
        0x5584334d9b00
        0x5584334d9b00
        0x5584334d9b00
        0x5584334d9b00
        0x5584334d9b00
        0x5584334d9b00
        0x5584334d9b00
        0x5584334d9b00
        0x5584334d9b00
        0x5584334d9b00
        0x5584334d9b00
        0x5584334d9b00
        0x5584334d9b00
        0x5584334d9b00
        0x5584334d9b00
        0x5584334d9b00
        0x5584334d9b00
        0x5584334d9b00
        0x5584334d9b00
        0x5584334d9b00
        0x5584334d9b00
        0x5584334d9b00
        0x5584334d9b00
        0x5584334d9b00
        0x5584334d9b00
        0x5584334d9b00
        0x5584334d9b00
        0x5584334d9b00
        0x5584334d9b00
        0x5584334d9b00
        0x5584334d9b00
        0x5584334d9b00
        0x5584334d9b00
        0x5584334d9b00
        0x5584334d9b00
        0x5584334d9b00
        0x5584334d9b00
        0x5584334d9b00
        0x5584334d9b00
        0x5584334d9b00
        0x5584334d9b00
        0x5584334d9b00
        0x5584334d9b00
        0x5584334d9b00
        0x5584334d9b00
        0x5584334d9b00
        0x5584334d9b00
        0x5584334d9b00
        0x5584334d9b00
        0x5584334d9b00
        0x5584334d9b00
        0x5584334d9b00
        0x5584334d9b00
        0x5584334d9b00
        0x5584334d9b00
        0x5584334d9b00
        0x5584334d9b00
        0x5584334d9b00
        0x5584334d9b00
]: 1
@preempt_stack[
        0x7f949c9dcfa3
        0x110000
        0x558431b41458
        0x558431b41458
        0x558431b41458
        0x558431b41458
        0x558431b41458
        0x558431b41458
        0x558431b41458
        0x558431b41458
        0x558431b41458
        0x558431b41458
        0x558431b41458
        0x558431b41458
        0x558431b41458
        0x558431b41458
        0x558431b41458
        0x558431b41458
        0x558431b41458
        0x558431b41458
        0x558431b41458
        0x558431b41458
        0x558431b41458
        0x558431b41458
        0x558431b41458
        0x558431b41458
        0x558431b41458
        0x558431b41458
        0x558431b41458
        0x558431b41458
        0x558431b41458
        0x558431b41458
        0x558431b41458
        0x558431b41458
        0x558431b41458
        0x558431b41458
        0x558431b41458
        0x558431b41458
        0x558431b41458
        0x558431b41458
        0x558431b41458
        0x558431b41458
        0x558431b41458
        0x558431b41458
        0x558431b41458
        0x558431b41458
        0x558431b41458
        0x558431b41458
        0x558431b41458
        0x558431b41458
        0x558431b41458
        0x558431b41458
        0x558431b41458
        0x558431b41458
        0x558431b41458
        0x558431b41458
        0x558431b41458
        0x558431b41458
        0x558431b41458
        0x558431b41458
        0x558431b41458
        0x558431b41458
        0x558431b41458
        0x558431b41458
        0x558431b41458
        0x558431b41458
        0x558431b41458
        0x558431b41458
        0x558431b41458
        0x558431b41458
        0x558431b41458
        0x558431b41458
        0x558431b41458
        0x558431b41458
        0x558431b41458
        0x558431b41458
        0x558431b41458
        0x558431b41458
        0x558431b41458
        0x558431b41458
        0x558431b41458
        0x558431b41458
        0x558431b41458
        0x558431b41458
        0x558431b41458
        0x558431b41458
        0x558431b41458
        0x558431b41458
        0x558431b41458
        0x558431b41458
        0x558431b41458
        0x558431b41458
        0x558431b41458
        0x558431b41458
        0x558431b41458
        0x558431b41458
        0x558431b41458
        0x558431b41458
        0x558431b41458
        0x558431b41458
        0x558431b41458
        0x558431b41458
        0x558431b41458
        0x558431b41458
        0x558431b41458
        0x558431b41458
        0x558431b41458
        0x558431b41458
        0x558431b41458
        0x558431b41458
        0x558431b41458
        0x558431b41458
        0x558431b41458
        0x558431b41458
        0x558431b41458
        0x558431b41458
        0x558431b41458
        0x558431b41458
        0x558431b41458
        0x558431b41458
        0x558431b41458
        0x558431b41458
        0x558431b41458
        0x558431b41458
        0x558431b41458
        0x558431b41458
        0x558431b41458
]: 1
@preempt_stack[
        0x40c0dbe3
        0x40c0d864
        0x4077cadf
        0x7f949c846428
        0x7f949c9e578f
        0x558431b82490
]: 1
@preempt_stack[
        mono_metadata_type_hash+80
        0x120000
        0x5584351b73d0
        0x5584351b73d0
        0x5584351b73d0
        0x5584351b73d0
        0x5584351b73d0
        0x5584351b73d0
        0x5584351b73d0
        0x5584351b73d0
        0x5584351b73d0
        0x5584351b73d0
        0x5584351b73d0
        0x5584351b73d0
        0x5584351b73d0
        0x5584351b73d0
        0x5584351b73d0
        0x5584351b73d0
        0x5584351b73d0
        0x5584351b73d0
        0x5584351b73d0
        0x5584351b73d0
        0x5584351b73d0
        0x5584351b73d0
        0x5584351b73d0
        0x5584351b73d0
        0x5584351b73d0
        0x5584351b73d0
        0x5584351b73d0
        0x5584351b73d0
        0x5584351b73d0
        0x5584351b73d0
        0x5584351b73d0
        0x5584351b73d0
        0x5584351b73d0
        0x5584351b73d0
        0x5584351b73d0
        0x5584351b73d0
        0x5584351b73d0
        0x5584351b73d0
        0x5584351b73d0
        0x5584351b73d0
        0x5584351b73d0
        0x5584351b73d0
        0x5584351b73d0
        0x5584351b73d0
        0x5584351b73d0
        0x5584351b73d0
        0x5584351b73d0
        0x5584351b73d0
        0x5584351b73d0
        0x5584351b73d0
        0x5584351b73d0
        0x5584351b73d0
        0x5584351b73d0
        0x5584351b73d0
        0x5584351b73d0
        0x5584351b73d0
        0x5584351b73d0
        0x5584351b73d0
        0x5584351b73d0
        0x5584351b73d0
        0x5584351b73d0
        0x5584351b73d0
        0x5584351b73d0
        0x5584351b73d0
        0x5584351b73d0
        0x5584351b73d0
        0x5584351b73d0
        0x5584351b73d0
        0x5584351b73d0
        0x5584351b73d0
        0x5584351b73d0
        0x5584351b73d0
        0x5584351b73d0
        0x5584351b73d0
        0x5584351b73d0
        0x5584351b73d0
        0x5584351b73d0
        0x5584351b73d0
        0x5584351b73d0
        0x5584351b73d0
        0x5584351b73d0
        0x5584351b73d0
        0x5584351b73d0
        0x5584351b73d0
        0x5584351b73d0
        0x5584351b73d0
        0x5584351b73d0
        0x5584351b73d0
        0x5584351b73d0
        0x5584351b73d0
        0x5584351b73d0
        0x5584351b73d0
        0x5584351b73d0
        0x5584351b73d0
        0x5584351b73d0
        0x5584351b73d0
        0x5584351b73d0
        0x5584351b73d0
        0x5584351b73d0
        0x5584351b73d0
        0x5584351b73d0
        0x5584351b73d0
        0x5584351b73d0
        0x5584351b73d0
        0x5584351b73d0
        0x5584351b73d0
        0x5584351b73d0
        0x5584351b73d0
        0x5584351b73d0
        0x5584351b73d0
        0x5584351b73d0
        0x5584351b73d0
        0x5584351b73d0
        0x5584351b73d0
        0x5584351b73d0
        0x5584351b73d0
        0x5584351b73d0
        0x5584351b73d0
        0x5584351b73d0
        0x5584351b73d0
        0x5584351b73d0
        0x5584351b73d0
        0x5584351b73d0
        0x5584351b73d0
        0x5584351b73d0
]: 1
@preempt_stack[
        0x40427e44
        0x7f9470169f3b
        0x7f93fc07dedb
        0x7f93fc093433
        0x7f94788cb95b
        0x7f93fc07fabb
        0x401c67a6
        0x7f949c846428
        0x7f949c9e578f
        0x558431b82490
]: 1
@preempt_stack[
        0x7f949c8ba763
]: 1
@preempt_stack[
        0x407856cb
        0x7f93fc092cb3
        0x7f94788cb95b
        0x7f93fc07fabb
        0x401c67a6
        0x7f949c846428
        0x7f949c9e578f
        0x558431b82490
]: 1
@preempt_stack[
        0x7f953dcc604c
        0x7f9502d1ffc0
]: 1
@preempt_stack[
        WaterSimulationCalcFlows, Assembly-CSharp, Version=0.0.0.0, Culture=neutral, PublicKeyToken=null.ProcessFlows(WaterSimulationCalcFlows*, Assembly-CSharp, Version=0.0.0.0, Culture=neutral, PublicKeyToken=null this, ChunkKey, Assembly-CSharp, Version=0.0.0.0, Culture=neutral, PublicKeyToken=null chunkKey) -> System.Void, mscorlib, Version=4.0.0.0, Culture=neutral, PublicKeyToken=b77a5c561934e089_8eb0f33479bf6508c5c83d20bff414fc from Assembly-CSharp, Version=0.0.0.0, Culture=neutral, PublicKeyToken=null+522
        c8765c34ccc4a58f35885fd7f2755498_avx2+262
        c8765c34ccc4a58f35885fd7f2755498+10
        0x7f953d9093b9
        0
        0x7f948a9f1938
        0
        0
        0
        0
        0
        0
        0
        0
        0
        0
        0
        0
        0
        0
        0
        0
        0
        0
        0
        0
        0
        0
        0
        0
        0
        0
        0
        0
        0
        0
        0
        0
        0
        0x7f9476ebfcf0
        0x7ffcbefc4518
]: 1
@preempt_stack[
        0x40441c5f
]: 1
@preempt_stack[
        0x7f953dd7bc11
]: 1
@preempt_stack[
        0x7f953e5780d1
        0x3f7f561fbd851fc0
]: 1
@preempt_stack[
        0x402d45dd
        0x401c67a6
        0x7f949c846428
        0x7f949c9e578f
        0x558431b82490
]: 1
@preempt_stack[
        0x7f953dcd36c6
        0xc410c440c41
]: 1
@preempt_stack[
        0x7f953d9052b8
]: 1
@preempt_stack[
        0x40caf0d7
        0x40d5dcce
        0x40d5befe
        0x40d597cc
        0x40d56ef8
        0x40d56d80
        0x40d53864
        0
        0
        0x558432736408
        0x558432736408
        0x558432736408
        0x558432736408
        0x558432736408
        0x558432736408
        0x558432736408
        0x558432736408
        0x558432736408
        0x558432736408
        0x558432736408
        0x558432736408
        0x558432736408
        0x558432736408
        0x558432736408
        0x558432736408
        0x558432736408
        0x558432736408
        0x558432736408
        0x558432736408
        0x558432736408
        0x558432736408
        0x558432736408
        0x558432736408
        0x558432736408
        0x558432736408
        0x558432736408
        0x558432736408
        0x558432736408
        0x558432736408
        0x558432736408
        0x558432736408
        0x558432736408
        0x558432736408
        0x558432736408
        0x558432736408
        0x558432736408
        0x558432736408
        0x558432736408
        0x558432736408
        0x558432736408
        0x558432736408
        0x558432736408
        0x558432736408
        0x558432736408
        0x558432736408
        0x558432736408
        0x558432736408
        0x558432736408
        0x558432736408
        0x558432736408
        0x558432736408
        0x558432736408
        0x558432736408
        0x558432736408
        0x558432736408
        0x558432736408
        0x558432736408
        0x558432736408
        0x558432736408
        0x558432736408
        0x558432736408
        0x558432736408
        0x558432736408
        0x558432736408
        0x558432736408
        0x558432736408
        0x558432736408
        0x558432736408
        0x558432736408
        0x558432736408
        0x558432736408
        0x558432736408
        0x558432736408
        0x558432736408
        0x558432736408
        0x558432736408
        0x558432736408
        0x558432736408
        0x558432736408
        0x558432736408
        0x558432736408
        0x558432736408
        0x558432736408
        0x558432736408
        0x558432736408
        0x558432736408
        0x558432736408
        0x558432736408
        0x558432736408
        0x558432736408
        0x558432736408
        0x558432736408
        0x558432736408
        0x558432736408
        0x558432736408
        0x558432736408
        0x558432736408
        0x558432736408
        0x558432736408
        0x558432736408
        0x558432736408
        0x558432736408
        0x558432736408
        0x558432736408
        0x558432736408
        0x558432736408
        0x558432736408
        0x558432736408
        0x558432736408
        0x558432736408
        0x558432736408
        0x558432736408
        0x558432736408
        0x558432736408
        0x558432736408
        0x558432736408
        0x558432736408
]: 1
@preempt_stack[
        0x7f953d8f1ecf
        0x7f9441799370
]: 1
@preempt_stack[
        0x7f949ca0c357
        0
        0
        0x1c00000000000001
        0x558431b48de8
        0x558431b48de8
        0x558431b48de8
        0x558431b48de8
        0x558431b48de8
        0x558431b48de8
        0x558431b48de8
        0x558431b48de8
        0x558431b48de8
        0x558431b48de8
        0x558431b48de8
        0x558431b48de8
        0x558431b48de8
        0x558431b48de8
        0x558431b48de8
        0x558431b48de8
        0x558431b48de8
        0x558431b48de8
        0x558431b48de8
        0x558431b48de8
        0x558431b48de8
        0x558431b48de8
        0x558431b48de8
        0x558431b48de8
        0x558431b48de8
        0x558431b48de8
        0x558431b48de8
        0x558431b48de8
        0x558431b48de8
        0x558431b48de8
        0x558431b48de8
        0x558431b48de8
        0x558431b48de8
        0x558431b48de8
        0x558431b48de8
        0x558431b48de8
        0x558431b48de8
        0x558431b48de8
        0x558431b48de8
        0x558431b48de8
        0x558431b48de8
        0x558431b48de8
        0x558431b48de8
        0x558431b48de8
        0x558431b48de8
        0x558431b48de8
        0x558431b48de8
        0x558431b48de8
        0x558431b48de8
        0x558431b48de8
        0x558431b48de8
        0x558431b48de8
        0x558431b48de8
        0x558431b48de8
        0x558431b48de8
        0x558431b48de8
        0x558431b48de8
        0x558431b48de8
        0x558431b48de8
        0x558431b48de8
        0x558431b48de8
        0x558431b48de8
        0x558431b48de8
        0x558431b48de8
        0x558431b48de8
        0x558431b48de8
        0x558431b48de8
        0x558431b48de8
        0x558431b48de8
        0x558431b48de8
        0x558431b48de8
        0x558431b48de8
        0x558431b48de8
        0x558431b48de8
        0x558431b48de8
        0x558431b48de8
        0x558431b48de8
        0x558431b48de8
        0x558431b48de8
        0x558431b48de8
        0x558431b48de8
        0x558431b48de8
        0x558431b48de8
        0x558431b48de8
        0x558431b48de8
        0x558431b48de8
        0x558431b48de8
        0x558431b48de8
        0x558431b48de8
        0x558431b48de8
        0x558431b48de8
        0x558431b48de8
        0x558431b48de8
        0x558431b48de8
        0x558431b48de8
        0x558431b48de8
        0x558431b48de8
        0x558431b48de8
        0x558431b48de8
        0x558431b48de8
        0x558431b48de8
        0x558431b48de8
        0x558431b48de8
        0x558431b48de8
        0x558431b48de8
        0x558431b48de8
        0x558431b48de8
        0x558431b48de8
        0x558431b48de8
        0x558431b48de8
        0x558431b48de8
        0x558431b48de8
        0x558431b48de8
        0x558431b48de8
        0x558431b48de8
        0x558431b48de8
        0x558431b48de8
        0x558431b48de8
        0x558431b48de8
        0x558431b48de8
        0x558431b48de8
        0x558431b48de8
        0x558431b48de8
]: 1
@preempt_stack[
        0x40b4a427
        0x7f9470169f3b
        0x7f93fc07dedb
        0x7f93fc093433
        0x7f94788cb95b
        0x7f93fc07fabb
        0x401c67a6
        0x7f949c846428
        0x7f949c9e578f
        0x558431b82490
]: 1
@preempt_stack[
        pthread_cond_timedwait+576
]: 1
@preempt_stack[
        0x40d5c9c6
        0x40d597cc
        0x40d56ef8
        0x40d56d80
        0x40d53864
        0
        0
        0x558432736408
        0x558432736408
        0x558432736408
        0x558432736408
        0x558432736408
        0x558432736408
        0x558432736408
        0x558432736408
        0x558432736408
        0x558432736408
        0x558432736408
        0x558432736408
        0x558432736408
        0x558432736408
        0x558432736408
        0x558432736408
        0x558432736408
        0x558432736408
        0x558432736408
        0x558432736408
        0x558432736408
        0x558432736408
        0x558432736408
        0x558432736408
        0x558432736408
        0x558432736408
        0x558432736408
        0x558432736408
        0x558432736408
        0x558432736408
        0x558432736408
        0x558432736408
        0x558432736408
        0x558432736408
        0x558432736408
        0x558432736408
        0x558432736408
        0x558432736408
        0x558432736408
        0x558432736408
        0x558432736408
        0x558432736408
        0x558432736408
        0x558432736408
        0x558432736408
        0x558432736408
        0x558432736408
        0x558432736408
        0x558432736408
        0x558432736408
        0x558432736408
        0x558432736408
        0x558432736408
        0x558432736408
        0x558432736408
        0x558432736408
        0x558432736408
        0x558432736408
        0x558432736408
        0x558432736408
        0x558432736408
        0x558432736408
        0x558432736408
        0x558432736408
        0x558432736408
        0x558432736408
        0x558432736408
        0x558432736408
        0x558432736408
        0x558432736408
        0x558432736408
        0x558432736408
        0x558432736408
        0x558432736408
        0x558432736408
        0x558432736408
        0x558432736408
        0x558432736408
        0x558432736408
        0x558432736408
        0x558432736408
        0x558432736408
        0x558432736408
        0x558432736408
        0x558432736408
        0x558432736408
        0x558432736408
        0x558432736408
        0x558432736408
        0x558432736408
        0x558432736408
        0x558432736408
        0x558432736408
        0x558432736408
        0x558432736408
        0x558432736408
        0x558432736408
        0x558432736408
        0x558432736408
        0x558432736408
        0x558432736408
        0x558432736408
        0x558432736408
        0x558432736408
        0x558432736408
        0x558432736408
        0x558432736408
        0x558432736408
        0x558432736408
        0x558432736408
        0x558432736408
        0x558432736408
        0x558432736408
        0x558432736408
        0x558432736408
        0x558432736408
        0x558432736408
        0x558432736408
        0x558432736408
        0x558432736408
]: 1
@preempt_stack[
        0x7f953d905d1c
        0
]: 1
@preempt_stack[
        0x7f949c9cb77e
        0x110000
        0x558434aa7e08
        0x558434aa7e08
        0x558434aa7e08
        0x558434aa7e08
        0x558434aa7e08
        0x558434aa7e08
        0x558434aa7e08
        0x558434aa7e08
        0x558434aa7e08
        0x558434aa7e08
        0x558434aa7e08
        0x558434aa7e08
        0x558434aa7e08
        0x558434aa7e08
        0x558434aa7e08
        0x558434aa7e08
        0x558434aa7e08
        0x558434aa7e08
        0x558434aa7e08
        0x558434aa7e08
        0x558434aa7e08
        0x558434aa7e08
        0x558434aa7e08
        0x558434aa7e08
        0x558434aa7e08
        0x558434aa7e08
        0x558434aa7e08
        0x558434aa7e08
        0x558434aa7e08
        0x558434aa7e08
        0x558434aa7e08
        0x558434aa7e08
        0x558434aa7e08
        0x558434aa7e08
        0x558434aa7e08
        0x558434aa7e08
        0x558434aa7e08
        0x558434aa7e08
        0x558434aa7e08
        0x558434aa7e08
        0x558434aa7e08
        0x558434aa7e08
        0x558434aa7e08
        0x558434aa7e08
        0x558434aa7e08
        0x558434aa7e08
        0x558434aa7e08
        0x558434aa7e08
        0x558434aa7e08
        0x558434aa7e08
        0x558434aa7e08
        0x558434aa7e08
        0x558434aa7e08
        0x558434aa7e08
        0x558434aa7e08
        0x558434aa7e08
        0x558434aa7e08
        0x558434aa7e08
        0x558434aa7e08
        0x558434aa7e08
        0x558434aa7e08
        0x558434aa7e08
        0x558434aa7e08
        0x558434aa7e08
        0x558434aa7e08
        0x558434aa7e08
        0x558434aa7e08
        0x558434aa7e08
        0x558434aa7e08
        0x558434aa7e08
        0x558434aa7e08
        0x558434aa7e08
        0x558434aa7e08
        0x558434aa7e08
        0x558434aa7e08
        0x558434aa7e08
        0x558434aa7e08
        0x558434aa7e08
        0x558434aa7e08
        0x558434aa7e08
        0x558434aa7e08
        0x558434aa7e08
        0x558434aa7e08
        0x558434aa7e08
        0x558434aa7e08
        0x558434aa7e08
        0x558434aa7e08
        0x558434aa7e08
        0x558434aa7e08
        0x558434aa7e08
        0x558434aa7e08
        0x558434aa7e08
        0x558434aa7e08
        0x558434aa7e08
        0x558434aa7e08
        0x558434aa7e08
        0x558434aa7e08
        0x558434aa7e08
        0x558434aa7e08
        0x558434aa7e08
        0x558434aa7e08
        0x558434aa7e08
        0x558434aa7e08
        0x558434aa7e08
        0x558434aa7e08
        0x558434aa7e08
        0x558434aa7e08
        0x558434aa7e08
        0x558434aa7e08
        0x558434aa7e08
        0x558434aa7e08
        0x558434aa7e08
        0x558434aa7e08
        0x558434aa7e08
        0x558434aa7e08
        0x558434aa7e08
        0x558434aa7e08
        0x558434aa7e08
        0x558434aa7e08
        0x558434aa7e08
        0x558434aa7e08
        0x558434aa7e08
        0x558434aa7e08
        0x558434aa7e08
        0x558434aa7e08
]: 1
@preempt_stack[
        0x7f9333951032
        0
]: 1
@preempt_stack[
        0x4063fb8a
        0x4046dfb8
        0x40785934
        0x401c67a6
        0x7f949c846428
        0x7f949c9e578f
        0x558431b82490
]: 1
@preempt_stack[
        0x7f953dcd7a6b
        0x74107440742
]: 1
@preempt_stack[
        0x7f953d9015aa
]: 1
@preempt_stack[
        0x7f953dcc5fb1
        0xf010f040f01
]: 1
@preempt_stack[
        0x7f949c9e44f1
        0x120000
        0x558435153d80
        0x558435153d80
        0x558435153d80
        0x558435153d80
        0x558435153d80
        0x558435153d80
        0x558435153d80
        0x558435153d80
        0x558435153d80
        0x558435153d80
        0x558435153d80
        0x558435153d80
        0x558435153d80
        0x558435153d80
        0x558435153d80
        0x558435153d80
        0x558435153d80
        0x558435153d80
        0x558435153d80
        0x558435153d80
        0x558435153d80
        0x558435153d80
        0x558435153d80
        0x558435153d80
        0x558435153d80
        0x558435153d80
        0x558435153d80
        0x558435153d80
        0x558435153d80
        0x558435153d80
        0x558435153d80
        0x558435153d80
        0x558435153d80
        0x558435153d80
        0x558435153d80
        0x558435153d80
        0x558435153d80
        0x558435153d80
        0x558435153d80
        0x558435153d80
        0x558435153d80
        0x558435153d80
        0x558435153d80
        0x558435153d80
        0x558435153d80
        0x558435153d80
        0x558435153d80
        0x558435153d80
        0x558435153d80
        0x558435153d80
        0x558435153d80
        0x558435153d80
        0x558435153d80
        0x558435153d80
        0x558435153d80
        0x558435153d80
        0x558435153d80
        0x558435153d80
        0x558435153d80
        0x558435153d80
        0x558435153d80
        0x558435153d80
        0x558435153d80
        0x558435153d80
        0x558435153d80
        0x558435153d80
        0x558435153d80
        0x558435153d80
        0x558435153d80
        0x558435153d80
        0x558435153d80
        0x558435153d80
        0x558435153d80
        0x558435153d80
        0x558435153d80
        0x558435153d80
        0x558435153d80
        0x558435153d80
        0x558435153d80
        0x558435153d80
        0x558435153d80
        0x558435153d80
        0x558435153d80
        0x558435153d80
        0x558435153d80
        0x558435153d80
        0x558435153d80
        0x558435153d80
        0x558435153d80
        0x558435153d80
        0x558435153d80
        0x558435153d80
        0x558435153d80
        0x558435153d80
        0x558435153d80
        0x558435153d80
        0x558435153d80
        0x558435153d80
        0x558435153d80
        0x558435153d80
        0x558435153d80
        0x558435153d80
        0x558435153d80
        0x558435153d80
        0x558435153d80
        0x558435153d80
        0x558435153d80
        0x558435153d80
        0x558435153d80
        0x558435153d80
        0x558435153d80
        0x558435153d80
        0x558435153d80
        0x558435153d80
        0x558435153d80
        0x558435153d80
        0x558435153d80
        0x558435153d80
        0x558435153d80
        0x558435153d80
        0x558435153d80
        0x558435153d80
        0x558435153d80
        0x558435153d80
        0x558435153d80
]: 1
@preempt_stack[
        0x401ac328
        0x40212f04
        0x40a8a76e
        0x40407e56
        0x40403d24
        0x7f949c846428
        0x7f949c9e578f
        0x558431b82490
]: 1
@preempt_stack[
        0x7f953dcd7bf1
]: 1
@preempt_stack[
        mono_metadata_type_hash+1
        0x130000
        0x2
        0
        0x558432bebcb0
]: 1
@preempt_stack[
        0x40797e0b
        0x40797bc8
        0x7f93fc0783ab
        0x7f94788d9a3b
        0x7f93fc07de4b
        0x7f93fc093433
        0x7f94788cb95b
        0x7f93fc07fabb
        0x401c67a6
        0x7f949c846428
        0x7f949c9e578f
        0x558431b82490
]: 1
@preempt_stack[
        0x7f949c9dcfa3
        0x120000
        0x5584347b1c98
        0x5584347b1c98
        0x5584347b1c98
        0x5584347b1c98
        0x5584347b1c98
        0x5584347b1c98
        0x5584347b1c98
        0x5584347b1c98
        0x5584347b1c98
        0x5584347b1c98
        0x5584347b1c98
        0x5584347b1c98
        0x5584347b1c98
        0x5584347b1c98
        0x5584347b1c98
        0x5584347b1c98
        0x5584347b1c98
        0x5584347b1c98
        0x5584347b1c98
        0x5584347b1c98
        0x5584347b1c98
        0x5584347b1c98
        0x5584347b1c98
        0x5584347b1c98
        0x5584347b1c98
        0x5584347b1c98
        0x5584347b1c98
        0x5584347b1c98
        0x5584347b1c98
        0x5584347b1c98
        0x5584347b1c98
        0x5584347b1c98
        0x5584347b1c98
        0x5584347b1c98
        0x5584347b1c98
        0x5584347b1c98
        0x5584347b1c98
        0x5584347b1c98
        0x5584347b1c98
        0x5584347b1c98
        0x5584347b1c98
        0x5584347b1c98
        0x5584347b1c98
        0x5584347b1c98
        0x5584347b1c98
        0x5584347b1c98
        0x5584347b1c98
        0x5584347b1c98
        0x5584347b1c98
        0x5584347b1c98
        0x5584347b1c98
        0x5584347b1c98
        0x5584347b1c98
        0x5584347b1c98
        0x5584347b1c98
        0x5584347b1c98
        0x5584347b1c98
        0x5584347b1c98
        0x5584347b1c98
        0x5584347b1c98
        0x5584347b1c98
        0x5584347b1c98
        0x5584347b1c98
        0x5584347b1c98
        0x5584347b1c98
        0x5584347b1c98
        0x5584347b1c98
        0x5584347b1c98
        0x5584347b1c98
        0x5584347b1c98
        0x5584347b1c98
        0x5584347b1c98
        0x5584347b1c98
        0x5584347b1c98
        0x5584347b1c98
        0x5584347b1c98
        0x5584347b1c98
        0x5584347b1c98
        0x5584347b1c98
        0x5584347b1c98
        0x5584347b1c98
        0x5584347b1c98
        0x5584347b1c98
        0x5584347b1c98
        0x5584347b1c98
        0x5584347b1c98
        0x5584347b1c98
        0x5584347b1c98
        0x5584347b1c98
        0x5584347b1c98
        0x5584347b1c98
        0x5584347b1c98
        0x5584347b1c98
        0x5584347b1c98
        0x5584347b1c98
        0x5584347b1c98
        0x5584347b1c98
        0x5584347b1c98
        0x5584347b1c98
        0x5584347b1c98
        0x5584347b1c98
        0x5584347b1c98
        0x5584347b1c98
        0x5584347b1c98
        0x5584347b1c98
        0x5584347b1c98
        0x5584347b1c98
        0x5584347b1c98
        0x5584347b1c98
        0x5584347b1c98
        0x5584347b1c98
        0x5584347b1c98
        0x5584347b1c98
        0x5584347b1c98
        0x5584347b1c98
        0x5584347b1c98
        0x5584347b1c98
        0x5584347b1c98
        0x5584347b1c98
        0x5584347b1c98
        0x5584347b1c98
        0x5584347b1c98
        0x5584347b1c98
        0x5584347b1c98
        0x5584347b1c98
]: 1
@preempt_stack[
        0x7f949c9dcfa3
        0x120000
        0x5584334f92e8
        0x5584334f92e8
        0x5584334f92e8
        0x5584334f92e8
        0x5584334f92e8
        0x5584334f92e8
        0x5584334f92e8
        0x5584334f92e8
        0x5584334f92e8
        0x5584334f92e8
        0x5584334f92e8
        0x5584334f92e8
        0x5584334f92e8
        0x5584334f92e8
        0x5584334f92e8
        0x5584334f92e8
        0x5584334f92e8
        0x5584334f92e8
        0x5584334f92e8
        0x5584334f92e8
        0x5584334f92e8
        0x5584334f92e8
        0x5584334f92e8
        0x5584334f92e8
        0x5584334f92e8
        0x5584334f92e8
        0x5584334f92e8
        0x5584334f92e8
        0x5584334f92e8
        0x5584334f92e8
        0x5584334f92e8
        0x5584334f92e8
        0x5584334f92e8
        0x5584334f92e8
        0x5584334f92e8
        0x5584334f92e8
        0x5584334f92e8
        0x5584334f92e8
        0x5584334f92e8
        0x5584334f92e8
        0x5584334f92e8
        0x5584334f92e8
        0x5584334f92e8
        0x5584334f92e8
        0x5584334f92e8
        0x5584334f92e8
        0x5584334f92e8
        0x5584334f92e8
        0x5584334f92e8
        0x5584334f92e8
        0x5584334f92e8
        0x5584334f92e8
        0x5584334f92e8
        0x5584334f92e8
        0x5584334f92e8
        0x5584334f92e8
        0x5584334f92e8
        0x5584334f92e8
        0x5584334f92e8
        0x5584334f92e8
        0x5584334f92e8
        0x5584334f92e8
        0x5584334f92e8
        0x5584334f92e8
        0x5584334f92e8
        0x5584334f92e8
        0x5584334f92e8
        0x5584334f92e8
        0x5584334f92e8
        0x5584334f92e8
        0x5584334f92e8
        0x5584334f92e8
        0x5584334f92e8
        0x5584334f92e8
        0x5584334f92e8
        0x5584334f92e8
        0x5584334f92e8
        0x5584334f92e8
        0x5584334f92e8
        0x5584334f92e8
        0x5584334f92e8
        0x5584334f92e8
        0x5584334f92e8
        0x5584334f92e8
        0x5584334f92e8
        0x5584334f92e8
        0x5584334f92e8
        0x5584334f92e8
        0x5584334f92e8
        0x5584334f92e8
        0x5584334f92e8
        0x5584334f92e8
        0x5584334f92e8
        0x5584334f92e8
        0x5584334f92e8
        0x5584334f92e8
        0x5584334f92e8
        0x5584334f92e8
        0x5584334f92e8
        0x5584334f92e8
        0x5584334f92e8
        0x5584334f92e8
        0x5584334f92e8
        0x5584334f92e8
        0x5584334f92e8
        0x5584334f92e8
        0x5584334f92e8
        0x5584334f92e8
        0x5584334f92e8
        0x5584334f92e8
        0x5584334f92e8
        0x5584334f92e8
        0x5584334f92e8
        0x5584334f92e8
        0x5584334f92e8
        0x5584334f92e8
        0x5584334f92e8
        0x5584334f92e8
        0x5584334f92e8
        0x5584334f92e8
        0x5584334f92e8
        0x5584334f92e8
        0x5584334f92e8
        0x5584334f92e8
        0x5584334f92e8
]: 1
@preempt_stack[
        0x7f953dd4aebf
        0x3f8000003f800000
]: 1
@preempt_stack[
        0x7f949c9dcfa3
        0x120000
        0x558435337408
        0x558435337408
        0x558435337408
        0x558435337408
        0x558435337408
        0x558435337408
        0x558435337408
        0x558435337408
        0x558435337408
        0x558435337408
        0x558435337408
        0x558435337408
        0x558435337408
        0x558435337408
        0x558435337408
        0x558435337408
        0x558435337408
        0x558435337408
        0x558435337408
        0x558435337408
        0x558435337408
        0x558435337408
        0x558435337408
        0x558435337408
        0x558435337408
        0x558435337408
        0x558435337408
        0x558435337408
        0x558435337408
        0x558435337408
        0x558435337408
        0x558435337408
        0x558435337408
        0x558435337408
        0x558435337408
        0x558435337408
        0x558435337408
        0x558435337408
        0x558435337408
        0x558435337408
        0x558435337408
        0x558435337408
        0x558435337408
        0x558435337408
        0x558435337408
        0x558435337408
        0x558435337408
        0x558435337408
        0x558435337408
        0x558435337408
        0x558435337408
        0x558435337408
        0x558435337408
        0x558435337408
        0x558435337408
        0x558435337408
        0x558435337408
        0x558435337408
        0x558435337408
        0x558435337408
        0x558435337408
        0x558435337408
        0x558435337408
        0x558435337408
        0x558435337408
        0x558435337408
        0x558435337408
        0x558435337408
        0x558435337408
        0x558435337408
        0x558435337408
        0x558435337408
        0x558435337408
        0x558435337408
        0x558435337408
        0x558435337408
        0x558435337408
        0x558435337408
        0x558435337408
        0x558435337408
        0x558435337408
        0x558435337408
        0x558435337408
        0x558435337408
        0x558435337408
        0x558435337408
        0x558435337408
        0x558435337408
        0x558435337408
        0x558435337408
        0x558435337408
        0x558435337408
        0x558435337408
        0x558435337408
        0x558435337408
        0x558435337408
        0x558435337408
        0x558435337408
        0x558435337408
        0x558435337408
        0x558435337408
        0x558435337408
        0x558435337408
        0x558435337408
        0x558435337408
        0x558435337408
        0x558435337408
        0x558435337408
        0x558435337408
        0x558435337408
        0x558435337408
        0x558435337408
        0x558435337408
        0x558435337408
        0x558435337408
        0x558435337408
        0x558435337408
        0x558435337408
        0x558435337408
        0x558435337408
        0x558435337408
        0x558435337408
        0x558435337408
        0x558435337408
        0x558435337408
]: 1
@preempt_stack[
        0x7f9470015181
        0x40dac732
]: 1
@preempt_stack[
        0x7f953cab61f2
        0x5b
]: 1
@preempt_stack[
        0x7f953d9f48bf
        0x401c67a6
        0x7f949c846428
        0x7f949c9e578f
        0x558431b82490
]: 1
@preempt_stack[
        0x7f949c9ca15d
]: 1
@preempt_stack[
        0x7f953e8556e2
        0x7f9501c912c0
        0x10100ffffff
        0x7f9501c317a0
        0x7f953e853ba0
        0x8948002fec12058d
]: 1
@preempt_stack[
        0x7f953e5b29b1
]: 1
@preempt_stack[
        0x7f949c9ce4d8
        0x558431b5b7a0
        0x558431b5b7a0
        0x558431b5b7a0
        0x558431b5b7a0
        0x558431b5b7a0
        0x558431b5b7a0
        0x558431b5b7a0
        0x558431b5b7a0
        0x558431b5b7a0
        0x558431b5b7a0
        0x558431b5b7a0
        0x558431b5b7a0
        0x558431b5b7a0
        0x558431b5b7a0
        0x558431b5b7a0
        0x558431b5b7a0
        0x558431b5b7a0
        0x558431b5b7a0
        0x558431b5b7a0
        0x558431b5b7a0
        0x558431b5b7a0
        0x558431b5b7a0
        0x558431b5b7a0
        0x558431b5b7a0
        0x558431b5b7a0
        0x558431b5b7a0
        0x558431b5b7a0
        0x558431b5b7a0
        0x558431b5b7a0
        0x558431b5b7a0
        0x558431b5b7a0
        0x558431b5b7a0
        0x558431b5b7a0
        0x558431b5b7a0
        0x558431b5b7a0
        0x558431b5b7a0
        0x558431b5b7a0
        0x558431b5b7a0
        0x558431b5b7a0
        0x558431b5b7a0
        0x558431b5b7a0
        0x558431b5b7a0
        0x558431b5b7a0
        0x558431b5b7a0
        0x558431b5b7a0
        0x558431b5b7a0
        0x558431b5b7a0
        0x558431b5b7a0
        0x558431b5b7a0
        0x558431b5b7a0
        0x558431b5b7a0
        0x558431b5b7a0
        0x558431b5b7a0
        0x558431b5b7a0
        0x558431b5b7a0
        0x558431b5b7a0
        0x558431b5b7a0
        0x558431b5b7a0
        0x558431b5b7a0
        0x558431b5b7a0
        0x558431b5b7a0
        0x558431b5b7a0
        0x558431b5b7a0
        0x558431b5b7a0
        0x558431b5b7a0
        0x558431b5b7a0
        0x558431b5b7a0
        0x558431b5b7a0
        0x558431b5b7a0
        0x558431b5b7a0
        0x558431b5b7a0
        0x558431b5b7a0
        0x558431b5b7a0
        0x558431b5b7a0
        0x558431b5b7a0
        0x558431b5b7a0
        0x558431b5b7a0
        0x558431b5b7a0
        0x558431b5b7a0
        0x558431b5b7a0
        0x558431b5b7a0
        0x558431b5b7a0
        0x558431b5b7a0
        0x558431b5b7a0
        0x558431b5b7a0
        0x558431b5b7a0
        0x558431b5b7a0
        0x558431b5b7a0
        0x558431b5b7a0
        0x558431b5b7a0
        0x558431b5b7a0
        0x558431b5b7a0
        0x558431b5b7a0
        0x558431b5b7a0
        0x558431b5b7a0
        0x558431b5b7a0
        0x558431b5b7a0
        0x558431b5b7a0
        0x558431b5b7a0
        0x558431b5b7a0
        0x558431b5b7a0
        0x558431b5b7a0
        0x558431b5b7a0
        0x558431b5b7a0
        0x558431b5b7a0
        0x558431b5b7a0
        0x558431b5b7a0
        0x558431b5b7a0
        0x558431b5b7a0
        0x558431b5b7a0
        0x558431b5b7a0
        0x558431b5b7a0
        0x558431b5b7a0
        0x558431b5b7a0
        0x558431b5b7a0
        0x558431b5b7a0
        0x558431b5b7a0
        0x558431b5b7a0
        0x558431b5b7a0
        0x558431b5b7a0
        0x558431b5b7a0
        0x558431b5b7a0
        0x558431b5b7a0
        0x558431b5b7a0
        0x558431b5b7a0
        0x558431b5b7a0
]: 1
@preempt_stack[
        sched_yield+11
        0x7f9390bbe6c0
        0x7f9390dbf6c0
        0x7f93f1bb76c0
        0x7f93f1db86c0
        0x7f93f2ff96c0
        0x7f94709a36c0
        0x7f9470ba46c0
        0x7f9474e336c0
        0x7f94750346c0
        0x7f94752356c0
        0x7f94754366c0
        0x7f9476ec06c0
        0x7f94821e16c0
        0x7f94829e26c0
        0x7f94831e36c0
        0x7f94839e46c0
        0x7f94841e56c0
        0x7f94849e66c0
        0x7f94851e76c0
        0x7f94859e86c0
        0x7f94861e96c0
        0x7f94869ea6c0
        0x7f94871eb6c0
        0x7f94879ec6c0
        0x7f94881ed6c0
        0x7f94889ee6c0
        0x7f94891ef6c0
        0x7f94899f06c0
        0x7f948a1f16c0
        0x7f948a9f26c0
        0x7f948b1f36c0
        0x7f948b9f46c0
        0x7f948c1f56c0
        0x7f948c9f66c0
        0x7f948d1f76c0
        0x7f948d9f86c0
        0x7f948e1f96c0
        0x7f948e9fa6c0
        0x7f948f1fb6c0
        0x7f948f9fc6c0
        0x7f94901fd6c0
        0x7f94909fe6c0
        0x7f94911ff6c0
        0x7f949c1ff6c0
        0x7f953ed02bc0
]: 1
@preempt_stack[
        0x7f949c9dcf92
        0x120000
        0x5584334cd468
        0x5584334cd468
        0x5584334cd468
        0x5584334cd468
        0x5584334cd468
        0x5584334cd468
        0x5584334cd468
        0x5584334cd468
        0x5584334cd468
        0x5584334cd468
        0x5584334cd468
        0x5584334cd468
        0x5584334cd468
        0x5584334cd468
        0x5584334cd468
        0x5584334cd468
        0x5584334cd468
        0x5584334cd468
        0x5584334cd468
        0x5584334cd468
        0x5584334cd468
        0x5584334cd468
        0x5584334cd468
        0x5584334cd468
        0x5584334cd468
        0x5584334cd468
        0x5584334cd468
        0x5584334cd468
        0x5584334cd468
        0x5584334cd468
        0x5584334cd468
        0x5584334cd468
        0x5584334cd468
        0x5584334cd468
        0x5584334cd468
        0x5584334cd468
        0x5584334cd468
        0x5584334cd468
        0x5584334cd468
        0x5584334cd468
        0x5584334cd468
        0x5584334cd468
        0x5584334cd468
        0x5584334cd468
        0x5584334cd468
        0x5584334cd468
        0x5584334cd468
        0x5584334cd468
        0x5584334cd468
        0x5584334cd468
        0x5584334cd468
        0x5584334cd468
        0x5584334cd468
        0x5584334cd468
        0x5584334cd468
        0x5584334cd468
        0x5584334cd468
        0x5584334cd468
        0x5584334cd468
        0x5584334cd468
        0x5584334cd468
        0x5584334cd468
        0x5584334cd468
        0x5584334cd468
        0x5584334cd468
        0x5584334cd468
        0x5584334cd468
        0x5584334cd468
        0x5584334cd468
        0x5584334cd468
        0x5584334cd468
        0x5584334cd468
        0x5584334cd468
        0x5584334cd468
        0x5584334cd468
        0x5584334cd468
        0x5584334cd468
        0x5584334cd468
        0x5584334cd468
        0x5584334cd468
        0x5584334cd468
        0x5584334cd468
        0x5584334cd468
        0x5584334cd468
        0x5584334cd468
        0x5584334cd468
        0x5584334cd468
        0x5584334cd468
        0x5584334cd468
        0x5584334cd468
        0x5584334cd468
        0x5584334cd468
        0x5584334cd468
        0x5584334cd468
        0x5584334cd468
        0x5584334cd468
        0x5584334cd468
        0x5584334cd468
        0x5584334cd468
        0x5584334cd468
        0x5584334cd468
        0x5584334cd468
        0x5584334cd468
        0x5584334cd468
        0x5584334cd468
        0x5584334cd468
        0x5584334cd468
        0x5584334cd468
        0x5584334cd468
        0x5584334cd468
        0x5584334cd468
        0x5584334cd468
        0x5584334cd468
        0x5584334cd468
        0x5584334cd468
        0x5584334cd468
        0x5584334cd468
        0x5584334cd468
        0x5584334cd468
        0x5584334cd468
        0x5584334cd468
        0x5584334cd468
        0x5584334cd468
        0x5584334cd468
        0x5584334cd468
]: 1
@preempt_stack[
        0x7f953cbb884a
]: 1
@preempt_stack[
        0x7f949c97bf2a
]: 1
@preempt_stack[
        0x7f949c9e44f9
        0x120000
        0x5584342e3bf0
        0x5584342e3bf0
        0x5584342e3bf0
        0x5584342e3bf0
        0x5584342e3bf0
        0x5584342e3bf0
        0x5584342e3bf0
        0x5584342e3bf0
        0x5584342e3bf0
        0x5584342e3bf0
        0x5584342e3bf0
        0x5584342e3bf0
        0x5584342e3bf0
        0x5584342e3bf0
        0x5584342e3bf0
        0x5584342e3bf0
        0x5584342e3bf0
        0x5584342e3bf0
        0x5584342e3bf0
        0x5584342e3bf0
        0x5584342e3bf0
        0x5584342e3bf0
        0x5584342e3bf0
        0x5584342e3bf0
        0x5584342e3bf0
        0x5584342e3bf0
        0x5584342e3bf0
        0x5584342e3bf0
        0x5584342e3bf0
        0x5584342e3bf0
        0x5584342e3bf0
        0x5584342e3bf0
        0x5584342e3bf0
        0x5584342e3bf0
        0x5584342e3bf0
        0x5584342e3bf0
        0x5584342e3bf0
        0x5584342e3bf0
        0x5584342e3bf0
        0x5584342e3bf0
        0x5584342e3bf0
        0x5584342e3bf0
        0x5584342e3bf0
        0x5584342e3bf0
        0x5584342e3bf0
        0x5584342e3bf0
        0x5584342e3bf0
        0x5584342e3bf0
        0x5584342e3bf0
        0x5584342e3bf0
        0x5584342e3bf0
        0x5584342e3bf0
        0x5584342e3bf0
        0x5584342e3bf0
        0x5584342e3bf0
        0x5584342e3bf0
        0x5584342e3bf0
        0x5584342e3bf0
        0x5584342e3bf0
        0x5584342e3bf0
        0x5584342e3bf0
        0x5584342e3bf0
        0x5584342e3bf0
        0x5584342e3bf0
        0x5584342e3bf0
        0x5584342e3bf0
        0x5584342e3bf0
        0x5584342e3bf0
        0x5584342e3bf0
        0x5584342e3bf0
        0x5584342e3bf0
        0x5584342e3bf0
        0x5584342e3bf0
        0x5584342e3bf0
        0x5584342e3bf0
        0x5584342e3bf0
        0x5584342e3bf0
        0x5584342e3bf0
        0x5584342e3bf0
        0x5584342e3bf0
        0x5584342e3bf0
        0x5584342e3bf0
        0x5584342e3bf0
        0x5584342e3bf0
        0x5584342e3bf0
        0x5584342e3bf0
        0x5584342e3bf0
        0x5584342e3bf0
        0x5584342e3bf0
        0x5584342e3bf0
        0x5584342e3bf0
        0x5584342e3bf0
        0x5584342e3bf0
        0x5584342e3bf0
        0x5584342e3bf0
        0x5584342e3bf0
        0x5584342e3bf0
        0x5584342e3bf0
        0x5584342e3bf0
        0x5584342e3bf0
        0x5584342e3bf0
        0x5584342e3bf0
        0x5584342e3bf0
        0x5584342e3bf0
        0x5584342e3bf0
        0x5584342e3bf0
        0x5584342e3bf0
        0x5584342e3bf0
        0x5584342e3bf0
        0x5584342e3bf0
        0x5584342e3bf0
        0x5584342e3bf0
        0x5584342e3bf0
        0x5584342e3bf0
        0x5584342e3bf0
        0x5584342e3bf0
        0x5584342e3bf0
        0x5584342e3bf0
        0x5584342e3bf0
        0x5584342e3bf0
        0x5584342e3bf0
        0x5584342e3bf0
        0x5584342e3bf0
        0x5584342e3bf0
        0x5584342e3bf0
]: 1
@preempt_stack[
        0x7f949c8ba970
        0
        0x83800000000001
        0x558431b49658
        0x558431b49658
        0x558431b49658
        0x558431b49658
        0x558431b49658
        0x558431b49658
        0x558431b49658
        0x558431b49658
        0x558431b49658
        0x558431b49658
        0x558431b49658
        0x558431b49658
        0x558431b49658
        0x558431b49658
        0x558431b49658
        0x558431b49658
        0x558431b49658
        0x558431b49658
        0x558431b49658
        0x558431b49658
        0x558431b49658
        0x558431b49658
        0x558431b49658
        0x558431b49658
        0x558431b49658
        0x558431b49658
        0x558431b49658
        0x558431b49658
        0x558431b49658
        0x558431b49658
        0x558431b49658
        0x558431b49658
        0x558431b49658
        0x558431b49658
        0x558431b49658
        0x558431b49658
        0x558431b49658
        0x558431b49658
        0x558431b49658
        0x558431b49658
        0x558431b49658
        0x558431b49658
        0x558431b49658
        0x558431b49658
        0x558431b49658
        0x558431b49658
        0x558431b49658
        0x558431b49658
        0x558431b49658
        0x558431b49658
        0x558431b49658
        0x558431b49658
        0x558431b49658
        0x558431b49658
        0x558431b49658
        0x558431b49658
        0x558431b49658
        0x558431b49658
        0x558431b49658
        0x558431b49658
        0x558431b49658
        0x558431b49658
        0x558431b49658
        0x558431b49658
        0x558431b49658
        0x558431b49658
        0x558431b49658
        0x558431b49658
        0x558431b49658
        0x558431b49658
        0x558431b49658
        0x558431b49658
        0x558431b49658
        0x558431b49658
        0x558431b49658
        0x558431b49658
        0x558431b49658
        0x558431b49658
        0x558431b49658
        0x558431b49658
        0x558431b49658
        0x558431b49658
        0x558431b49658
        0x558431b49658
        0x558431b49658
        0x558431b49658
        0x558431b49658
        0x558431b49658
        0x558431b49658
        0x558431b49658
        0x558431b49658
        0x558431b49658
        0x558431b49658
        0x558431b49658
        0x558431b49658
        0x558431b49658
        0x558431b49658
        0x558431b49658
        0x558431b49658
        0x558431b49658
        0x558431b49658
        0x558431b49658
        0x558431b49658
        0x558431b49658
        0x558431b49658
        0x558431b49658
        0x558431b49658
        0x558431b49658
        0x558431b49658
        0x558431b49658
        0x558431b49658
        0x558431b49658
        0x558431b49658
        0x558431b49658
        0x558431b49658
        0x558431b49658
        0x558431b49658
        0x558431b49658
        0x558431b49658
        0x558431b49658
        0x558431b49658
        0x558431b49658
        0x558431b49658
        0x558431b49658
]: 1
@preempt_stack[
        0x7f953d9075f4
        0
]: 1
@preempt_stack[
        0x7f949c9dcfa3
        0x120000
        0x558434b968b0
        0x558434b968b0
        0x558434b968b0
        0x558434b968b0
        0x558434b968b0
        0x558434b968b0
        0x558434b968b0
        0x558434b968b0
        0x558434b968b0
        0x558434b968b0
        0x558434b968b0
        0x558434b968b0
        0x558434b968b0
        0x558434b968b0
        0x558434b968b0
        0x558434b968b0
        0x558434b968b0
        0x558434b968b0
        0x558434b968b0
        0x558434b968b0
        0x558434b968b0
        0x558434b968b0
        0x558434b968b0
        0x558434b968b0
        0x558434b968b0
        0x558434b968b0
        0x558434b968b0
        0x558434b968b0
        0x558434b968b0
        0x558434b968b0
        0x558434b968b0
        0x558434b968b0
        0x558434b968b0
        0x558434b968b0
        0x558434b968b0
        0x558434b968b0
        0x558434b968b0
        0x558434b968b0
        0x558434b968b0
        0x558434b968b0
        0x558434b968b0
        0x558434b968b0
        0x558434b968b0
        0x558434b968b0
        0x558434b968b0
        0x558434b968b0
        0x558434b968b0
        0x558434b968b0
        0x558434b968b0
        0x558434b968b0
        0x558434b968b0
        0x558434b968b0
        0x558434b968b0
        0x558434b968b0
        0x558434b968b0
        0x558434b968b0
        0x558434b968b0
        0x558434b968b0
        0x558434b968b0
        0x558434b968b0
        0x558434b968b0
        0x558434b968b0
        0x558434b968b0
        0x558434b968b0
        0x558434b968b0
        0x558434b968b0
        0x558434b968b0
        0x558434b968b0
        0x558434b968b0
        0x558434b968b0
        0x558434b968b0
        0x558434b968b0
        0x558434b968b0
        0x558434b968b0
        0x558434b968b0
        0x558434b968b0
        0x558434b968b0
        0x558434b968b0
        0x558434b968b0
        0x558434b968b0
        0x558434b968b0
        0x558434b968b0
        0x558434b968b0
        0x558434b968b0
        0x558434b968b0
        0x558434b968b0
        0x558434b968b0
        0x558434b968b0
        0x558434b968b0
        0x558434b968b0
        0x558434b968b0
        0x558434b968b0
        0x558434b968b0
        0x558434b968b0
        0x558434b968b0
        0x558434b968b0
        0x558434b968b0
        0x558434b968b0
        0x558434b968b0
        0x558434b968b0
        0x558434b968b0
        0x558434b968b0
        0x558434b968b0
        0x558434b968b0
        0x558434b968b0
        0x558434b968b0
        0x558434b968b0
        0x558434b968b0
        0x558434b968b0
        0x558434b968b0
        0x558434b968b0
        0x558434b968b0
        0x558434b968b0
        0x558434b968b0
        0x558434b968b0
        0x558434b968b0
        0x558434b968b0
        0x558434b968b0
        0x558434b968b0
        0x558434b968b0
        0x558434b968b0
        0x558434b968b0
        0x558434b968b0
        0x558434b968b0
        0x558434b968b0
]: 1
@preempt_stack[
        0x40c0cf98
        0x40c0d864
        0x4077cadf
        0x7f949c846428
        0x7f949c9e578f
        0x558431b82490
]: 1
@preempt_stack[
        0x7f953cbb8887
        0x7f9354178440
        0
        0
        0x558431b42e78
        0x558431b42e78
        0x558431b42e78
        0x558431b42e78
        0x558431b42e78
        0x558431b42e78
        0x558431b42e78
        0x558431b42e78
        0x558431b42e78
        0x558431b42e78
        0x558431b42e78
        0x558431b42e78
        0x558431b42e78
        0x558431b42e78
        0x558431b42e78
        0x558431b42e78
        0x558431b42e78
        0x558431b42e78
        0x558431b42e78
        0x558431b42e78
        0x558431b42e78
        0x558431b42e78
        0x558431b42e78
        0x558431b42e78
        0x558431b42e78
        0x558431b42e78
        0x558431b42e78
        0x558431b42e78
        0x558431b42e78
        0x558431b42e78
        0x558431b42e78
        0x558431b42e78
        0x558431b42e78
        0x558431b42e78
        0x558431b42e78
        0x558431b42e78
        0x558431b42e78
        0x558431b42e78
        0x558431b42e78
        0x558431b42e78
        0x558431b42e78
        0x558431b42e78
        0x558431b42e78
        0x558431b42e78
        0x558431b42e78
        0x558431b42e78
        0x558431b42e78
        0x558431b42e78
        0x558431b42e78
        0x558431b42e78
        0x558431b42e78
        0x558431b42e78
        0x558431b42e78
        0x558431b42e78
        0x558431b42e78
        0x558431b42e78
        0x558431b42e78
        0x558431b42e78
        0x558431b42e78
        0x558431b42e78
        0x558431b42e78
        0x558431b42e78
        0x558431b42e78
        0x558431b42e78
        0x558431b42e78
        0x558431b42e78
        0x558431b42e78
        0x558431b42e78
        0x558431b42e78
        0x558431b42e78
        0x558431b42e78
        0x558431b42e78
        0x558431b42e78
        0x558431b42e78
        0x558431b42e78
        0x558431b42e78
        0x558431b42e78
        0x558431b42e78
        0x558431b42e78
        0x558431b42e78
        0x558431b42e78
        0x558431b42e78
        0x558431b42e78
        0x558431b42e78
        0x558431b42e78
        0x558431b42e78
        0x558431b42e78
        0x558431b42e78
        0x558431b42e78
        0x558431b42e78
        0x558431b42e78
        0x558431b42e78
        0x558431b42e78
        0x558431b42e78
        0x558431b42e78
        0x558431b42e78
        0x558431b42e78
        0x558431b42e78
        0x558431b42e78
        0x558431b42e78
        0x558431b42e78
        0x558431b42e78
        0x558431b42e78
        0x558431b42e78
        0x558431b42e78
        0x558431b42e78
        0x558431b42e78
        0x558431b42e78
        0x558431b42e78
        0x558431b42e78
        0x558431b42e78
        0x558431b42e78
        0x558431b42e78
        0x558431b42e78
        0x558431b42e78
        0x558431b42e78
        0x558431b42e78
        0x558431b42e78
        0x558431b42e78
        0x558431b42e78
        0x558431b42e78
        0x558431b42e78
        0x558431b42e78
]: 1
@preempt_stack[
        0x7f949c9cb76a
        0x130000
        0
        0
        0x558434a13ec0
]: 1
@preempt_stack[
        0x7f953dcd373c
]: 1
@preempt_stack[
        0x4044365d
]: 1
@preempt_stack[
        0x7f953e5b2e06
]: 1
@preempt_stack[
        0x7f949c9cb60e
        0
        0
        0x558434ad50b0
]: 1
@preempt_stack[
        0x7f953d7ba1d8
        0xaa00038fffefefa
        0x7f953da7ee80
        0x4810c08348010df2
]: 1
@preempt_stack[
        0x7f953dcd31a0
        0xe700c400c2
]: 1
@preempt_stack[
        0x40d58de8
        0x40d56ef8
        0x40d56d80
        0x40d53864
        0
        0
        0x558432736408
        0x558432736408
        0x558432736408
        0x558432736408
        0x558432736408
        0x558432736408
        0x558432736408
        0x558432736408
        0x558432736408
        0x558432736408
        0x558432736408
        0x558432736408
        0x558432736408
        0x558432736408
        0x558432736408
        0x558432736408
        0x558432736408
        0x558432736408
        0x558432736408
        0x558432736408
        0x558432736408
        0x558432736408
        0x558432736408
        0x558432736408
        0x558432736408
        0x558432736408
        0x558432736408
        0x558432736408
        0x558432736408
        0x558432736408
        0x558432736408
        0x558432736408
        0x558432736408
        0x558432736408
        0x558432736408
        0x558432736408
        0x558432736408
        0x558432736408
        0x558432736408
        0x558432736408
        0x558432736408
        0x558432736408
        0x558432736408
        0x558432736408
        0x558432736408
        0x558432736408
        0x558432736408
        0x558432736408
        0x558432736408
        0x558432736408
        0x558432736408
        0x558432736408
        0x558432736408
        0x558432736408
        0x558432736408
        0x558432736408
        0x558432736408
        0x558432736408
        0x558432736408
        0x558432736408
        0x558432736408
        0x558432736408
        0x558432736408
        0x558432736408
        0x558432736408
        0x558432736408
        0x558432736408
        0x558432736408
        0x558432736408
        0x558432736408
        0x558432736408
        0x558432736408
        0x558432736408
        0x558432736408
        0x558432736408
        0x558432736408
        0x558432736408
        0x558432736408
        0x558432736408
        0x558432736408
        0x558432736408
        0x558432736408
        0x558432736408
        0x558432736408
        0x558432736408
        0x558432736408
        0x558432736408
        0x558432736408
        0x558432736408
        0x558432736408
        0x558432736408
        0x558432736408
        0x558432736408
        0x558432736408
        0x558432736408
        0x558432736408
        0x558432736408
        0x558432736408
        0x558432736408
        0x558432736408
        0x558432736408
        0x558432736408
        0x558432736408
        0x558432736408
        0x558432736408
        0x558432736408
        0x558432736408
        0x558432736408
        0x558432736408
        0x558432736408
        0x558432736408
        0x558432736408
        0x558432736408
        0x558432736408
        0x558432736408
        0x558432736408
        0x558432736408
        0x558432736408
        0x558432736408
        0x558432736408
        0x558432736408
]: 1
@preempt_stack[
        0x7f953dd2e3bb
]: 1
@preempt_stack[
        GC_push_next_marked_dirty+205
        GC_collect_a_little_inner+223
]: 1
@preempt_stack[
        0x7f953dcd3703
]: 1
@preempt_stack[
        0x40ca9d63
        0x40ca9c78
        0x4043a937
        0x40ea9cd4
        0x40ea95d9
        0x40ca69ba
        0x40407e56
        0x40403d24
        0x7f949c846428
        0x7f949c9e578f
        0x558431b82490
]: 1
@preempt_stack[
        0x7f949c9cb5b8
        0x1
        0
        0x5584323fa120
]: 1
@preempt_stack[
        GC_dirty_inner+41
        0x40c2f218
        0x40c2eec4
        0x40c41434
        0x40c41000
        0x40a8a76e
        0x40407e56
        0x40403d24
        0x7f949c846428
        0x7f949c9e578f
        0x558431b82490
]: 1
@preempt_stack[
        mono_class_from_mono_type_internal+13
        0x120000
        0x558431b4d518
        0x558431b4d518
        0x558431b4d518
        0x558431b4d518
        0x558431b4d518
        0x558431b4d518
        0x558431b4d518
        0x558431b4d518
        0x558431b4d518
        0x558431b4d518
        0x558431b4d518
        0x558431b4d518
        0x558431b4d518
        0x558431b4d518
        0x558431b4d518
        0x558431b4d518
        0x558431b4d518
        0x558431b4d518
        0x558431b4d518
        0x558431b4d518
        0x558431b4d518
        0x558431b4d518
        0x558431b4d518
        0x558431b4d518
        0x558431b4d518
        0x558431b4d518
        0x558431b4d518
        0x558431b4d518
        0x558431b4d518
        0x558431b4d518
        0x558431b4d518
        0x558431b4d518
        0x558431b4d518
        0x558431b4d518
        0x558431b4d518
        0x558431b4d518
        0x558431b4d518
        0x558431b4d518
        0x558431b4d518
        0x558431b4d518
        0x558431b4d518
        0x558431b4d518
        0x558431b4d518
        0x558431b4d518
        0x558431b4d518
        0x558431b4d518
        0x558431b4d518
        0x558431b4d518
        0x558431b4d518
        0x558431b4d518
        0x558431b4d518
        0x558431b4d518
        0x558431b4d518
        0x558431b4d518
        0x558431b4d518
        0x558431b4d518
        0x558431b4d518
        0x558431b4d518
        0x558431b4d518
        0x558431b4d518
        0x558431b4d518
        0x558431b4d518
        0x558431b4d518
        0x558431b4d518
        0x558431b4d518
        0x558431b4d518
        0x558431b4d518
        0x558431b4d518
        0x558431b4d518
        0x558431b4d518
        0x558431b4d518
        0x558431b4d518
        0x558431b4d518
        0x558431b4d518
        0x558431b4d518
        0x558431b4d518
        0x558431b4d518
        0x558431b4d518
        0x558431b4d518
        0x558431b4d518
        0x558431b4d518
        0x558431b4d518
        0x558431b4d518
        0x558431b4d518
        0x558431b4d518
        0x558431b4d518
        0x558431b4d518
        0x558431b4d518
        0x558431b4d518
        0x558431b4d518
        0x558431b4d518
        0x558431b4d518
        0x558431b4d518
        0x558431b4d518
        0x558431b4d518
        0x558431b4d518
        0x558431b4d518
        0x558431b4d518
        0x558431b4d518
        0x558431b4d518
        0x558431b4d518
        0x558431b4d518
        0x558431b4d518
        0x558431b4d518
        0x558431b4d518
        0x558431b4d518
        0x558431b4d518
        0x558431b4d518
        0x558431b4d518
        0x558431b4d518
        0x558431b4d518
        0x558431b4d518
        0x558431b4d518
        0x558431b4d518
        0x558431b4d518
        0x558431b4d518
        0x558431b4d518
        0x558431b4d518
        0x558431b4d518
        0x558431b4d518
        0x558431b4d518
        0x558431b4d518
        0x558431b4d518
        0x558431b4d518
        0x558431b4d518
]: 1
@preempt_stack[
        0x40c0dbfc
        0x40c0d864
        0x4077cadf
        0x7f949c846428
        0x7f949c9e578f
        0x558431b82490
]: 1
@preempt_stack[
        0x7f949c8b5efe
]: 1
@preempt_stack[
        0x7f953caa94da
]: 1
@preempt_stack[
        0x40ce0106
]: 1
@preempt_stack[
        0x7f949c9cb8e7
        0x130000
        0
        0
        0x558435014db0
]: 1
@preempt_stack[
        0x7f949c9dcfa3
        0x120000
        0x558434bf88c0
        0x558434bf88c0
        0x558434bf88c0
        0x558434bf88c0
        0x558434bf88c0
        0x558434bf88c0
        0x558434bf88c0
        0x558434bf88c0
        0x558434bf88c0
        0x558434bf88c0
        0x558434bf88c0
        0x558434bf88c0
        0x558434bf88c0
        0x558434bf88c0
        0x558434bf88c0
        0x558434bf88c0
        0x558434bf88c0
        0x558434bf88c0
        0x558434bf88c0
        0x558434bf88c0
        0x558434bf88c0
        0x558434bf88c0
        0x558434bf88c0
        0x558434bf88c0
        0x558434bf88c0
        0x558434bf88c0
        0x558434bf88c0
        0x558434bf88c0
        0x558434bf88c0
        0x558434bf88c0
        0x558434bf88c0
        0x558434bf88c0
        0x558434bf88c0
        0x558434bf88c0
        0x558434bf88c0
        0x558434bf88c0
        0x558434bf88c0
        0x558434bf88c0
        0x558434bf88c0
        0x558434bf88c0
        0x558434bf88c0
        0x558434bf88c0
        0x558434bf88c0
        0x558434bf88c0
        0x558434bf88c0
        0x558434bf88c0
        0x558434bf88c0
        0x558434bf88c0
        0x558434bf88c0
        0x558434bf88c0
        0x558434bf88c0
        0x558434bf88c0
        0x558434bf88c0
        0x558434bf88c0
        0x558434bf88c0
        0x558434bf88c0
        0x558434bf88c0
        0x558434bf88c0
        0x558434bf88c0
        0x558434bf88c0
        0x558434bf88c0
        0x558434bf88c0
        0x558434bf88c0
        0x558434bf88c0
        0x558434bf88c0
        0x558434bf88c0
        0x558434bf88c0
        0x558434bf88c0
        0x558434bf88c0
        0x558434bf88c0
        0x558434bf88c0
        0x558434bf88c0
        0x558434bf88c0
        0x558434bf88c0
        0x558434bf88c0
        0x558434bf88c0
        0x558434bf88c0
        0x558434bf88c0
        0x558434bf88c0
        0x558434bf88c0
        0x558434bf88c0
        0x558434bf88c0
        0x558434bf88c0
        0x558434bf88c0
        0x558434bf88c0
        0x558434bf88c0
        0x558434bf88c0
        0x558434bf88c0
        0x558434bf88c0
        0x558434bf88c0
        0x558434bf88c0
        0x558434bf88c0
        0x558434bf88c0
        0x558434bf88c0
        0x558434bf88c0
        0x558434bf88c0
        0x558434bf88c0
        0x558434bf88c0
        0x558434bf88c0
        0x558434bf88c0
        0x558434bf88c0
        0x558434bf88c0
        0x558434bf88c0
        0x558434bf88c0
        0x558434bf88c0
        0x558434bf88c0
        0x558434bf88c0
        0x558434bf88c0
        0x558434bf88c0
        0x558434bf88c0
        0x558434bf88c0
        0x558434bf88c0
        0x558434bf88c0
        0x558434bf88c0
        0x558434bf88c0
        0x558434bf88c0
        0x558434bf88c0
        0x558434bf88c0
        0x558434bf88c0
        0x558434bf88c0
        0x558434bf88c0
        0x558434bf88c0
        0x558434bf88c0
        0x558434bf88c0
        0x558434bf88c0
]: 1
@preempt_stack[
        0x7f953d9076a5
        0x7f95007021c0
        0xc410c440c41
]: 1
@preempt_stack[
        0x7f94788cd411
        0x7f93fc07dd4b
        0x7f93fc093433
        0x7f94788cb95b
        0x7f93fc07fabb
        0x401c67a6
        0x7f949c846428
        0x7f949c9e578f
        0x558431b82490
]: 1
@preempt_stack[
        GC_gcj_malloc+99
        0x407f5b04
        0x40407e17
        0x40403d24
        0x7f949c846428
        0x7f949c9e578f
        0x558431b82490
]: 1
@preempt_stack[
        0x40231a03
        0x40c0d864
        0x4077cadf
        0x7f949c846428
        0x7f949c9e578f
        0x558431b82490
]: 1
@preempt_stack[
        0x7f953d905bbd
        0
]: 1
@preempt_stack[
        0x40c4b11b
        0x40c46650
        0x40bf6ea4
        0x40b4cd24
        0x40b4c87c
        0x40b4c753
        0x7f93fc093a6b
        0x7f94788cb95b
        0x7f93fc07fabb
        0x401c67a6
        0x7f949c846428
        0x7f949c9e578f
        0x558431b82490
]: 1
@preempt_stack[
        0x7f949c9dcfa3
        0x120000
        0x5584353782a0
        0x5584353782a0
        0x5584353782a0
        0x5584353782a0
        0x5584353782a0
        0x5584353782a0
        0x5584353782a0
        0x5584353782a0
        0x5584353782a0
        0x5584353782a0
        0x5584353782a0
        0x5584353782a0
        0x5584353782a0
        0x5584353782a0
        0x5584353782a0
        0x5584353782a0
        0x5584353782a0
        0x5584353782a0
        0x5584353782a0
        0x5584353782a0
        0x5584353782a0
        0x5584353782a0
        0x5584353782a0
        0x5584353782a0
        0x5584353782a0
        0x5584353782a0
        0x5584353782a0
        0x5584353782a0
        0x5584353782a0
        0x5584353782a0
        0x5584353782a0
        0x5584353782a0
        0x5584353782a0
        0x5584353782a0
        0x5584353782a0
        0x5584353782a0
        0x5584353782a0
        0x5584353782a0
        0x5584353782a0
        0x5584353782a0
        0x5584353782a0
        0x5584353782a0
        0x5584353782a0
        0x5584353782a0
        0x5584353782a0
        0x5584353782a0
        0x5584353782a0
        0x5584353782a0
        0x5584353782a0
        0x5584353782a0
        0x5584353782a0
        0x5584353782a0
        0x5584353782a0
        0x5584353782a0
        0x5584353782a0
        0x5584353782a0
        0x5584353782a0
        0x5584353782a0
        0x5584353782a0
        0x5584353782a0
        0x5584353782a0
        0x5584353782a0
        0x5584353782a0
        0x5584353782a0
        0x5584353782a0
        0x5584353782a0
        0x5584353782a0
        0x5584353782a0
        0x5584353782a0
        0x5584353782a0
        0x5584353782a0
        0x5584353782a0
        0x5584353782a0
        0x5584353782a0
        0x5584353782a0
        0x5584353782a0
        0x5584353782a0
        0x5584353782a0
        0x5584353782a0
        0x5584353782a0
        0x5584353782a0
        0x5584353782a0
        0x5584353782a0
        0x5584353782a0
        0x5584353782a0
        0x5584353782a0
        0x5584353782a0
        0x5584353782a0
        0x5584353782a0
        0x5584353782a0
        0x5584353782a0
        0x5584353782a0
        0x5584353782a0
        0x5584353782a0
        0x5584353782a0
        0x5584353782a0
        0x5584353782a0
        0x5584353782a0
        0x5584353782a0
        0x5584353782a0
        0x5584353782a0
        0x5584353782a0
        0x5584353782a0
        0x5584353782a0
        0x5584353782a0
        0x5584353782a0
        0x5584353782a0
        0x5584353782a0
        0x5584353782a0
        0x5584353782a0
        0x5584353782a0
        0x5584353782a0
        0x5584353782a0
        0x5584353782a0
        0x5584353782a0
        0x5584353782a0
        0x5584353782a0
        0x5584353782a0
        0x5584353782a0
        0x5584353782a0
        0x5584353782a0
        0x5584353782a0
        0x5584353782a0
        0x5584353782a0
        0x5584353782a0
]: 1
@preempt_stack[
        mono_g_hash_table_lookup_extended+66
        0x120000
        0x558432c45c90
        0x558432c45c90
        0x558432c45c90
        0x558432c45c90
        0x558432c45c90
        0x558432c45c90
        0x558432c45c90
        0x558432c45c90
        0x558432c45c90
        0x558432c45c90
        0x558432c45c90
        0x558432c45c90
        0x558432c45c90
        0x558432c45c90
        0x558432c45c90
        0x558432c45c90
        0x558432c45c90
        0x558432c45c90
        0x558432c45c90
        0x558432c45c90
        0x558432c45c90
        0x558432c45c90
        0x558432c45c90
        0x558432c45c90
        0x558432c45c90
        0x558432c45c90
        0x558432c45c90
        0x558432c45c90
        0x558432c45c90
        0x558432c45c90
        0x558432c45c90
        0x558432c45c90
        0x558432c45c90
        0x558432c45c90
        0x558432c45c90
        0x558432c45c90
        0x558432c45c90
        0x558432c45c90
        0x558432c45c90
        0x558432c45c90
        0x558432c45c90
        0x558432c45c90
        0x558432c45c90
        0x558432c45c90
        0x558432c45c90
        0x558432c45c90
        0x558432c45c90
        0x558432c45c90
        0x558432c45c90
        0x558432c45c90
        0x558432c45c90
        0x558432c45c90
        0x558432c45c90
        0x558432c45c90
        0x558432c45c90
        0x558432c45c90
        0x558432c45c90
        0x558432c45c90
        0x558432c45c90
        0x558432c45c90
        0x558432c45c90
        0x558432c45c90
        0x558432c45c90
        0x558432c45c90
        0x558432c45c90
        0x558432c45c90
        0x558432c45c90
        0x558432c45c90
        0x558432c45c90
        0x558432c45c90
        0x558432c45c90
        0x558432c45c90
        0x558432c45c90
        0x558432c45c90
        0x558432c45c90
        0x558432c45c90
        0x558432c45c90
        0x558432c45c90
        0x558432c45c90
        0x558432c45c90
        0x558432c45c90
        0x558432c45c90
        0x558432c45c90
        0x558432c45c90
        0x558432c45c90
        0x558432c45c90
        0x558432c45c90
        0x558432c45c90
        0x558432c45c90
        0x558432c45c90
        0x558432c45c90
        0x558432c45c90
        0x558432c45c90
        0x558432c45c90
        0x558432c45c90
        0x558432c45c90
        0x558432c45c90
        0x558432c45c90
        0x558432c45c90
        0x558432c45c90
        0x558432c45c90
        0x558432c45c90
        0x558432c45c90
        0x558432c45c90
        0x558432c45c90
        0x558432c45c90
        0x558432c45c90
        0x558432c45c90
        0x558432c45c90
        0x558432c45c90
        0x558432c45c90
        0x558432c45c90
        0x558432c45c90
        0x558432c45c90
        0x558432c45c90
        0x558432c45c90
        0x558432c45c90
        0x558432c45c90
        0x558432c45c90
        0x558432c45c90
        0x558432c45c90
        0x558432c45c90
        0x558432c45c90
        0x558432c45c90
        0x558432c45c90
]: 1
@preempt_stack[
        0x4045e8c0
        0x4046dfb8
        0x40785934
        0x401c67a6
        0x7f949c846428
        0x7f949c9e578f
        0x558431b82490
]: 1
@preempt_stack[
        0x7f949ca5dbc9
        0x558431b44b60
        0x558431b44b60
        0x558431b44b60
        0x558431b44b60
        0x558431b44b60
        0x558431b44b60
        0x558431b44b60
        0x558431b44b60
        0x558431b44b60
        0x558431b44b60
        0x558431b44b60
        0x558431b44b60
        0x558431b44b60
        0x558431b44b60
        0x558431b44b60
        0x558431b44b60
        0x558431b44b60
        0x558431b44b60
        0x558431b44b60
        0x558431b44b60
        0x558431b44b60
        0x558431b44b60
        0x558431b44b60
        0x558431b44b60
        0x558431b44b60
        0x558431b44b60
        0x558431b44b60
        0x558431b44b60
        0x558431b44b60
        0x558431b44b60
        0x558431b44b60
        0x558431b44b60
        0x558431b44b60
        0x558431b44b60
        0x558431b44b60
        0x558431b44b60
        0x558431b44b60
        0x558431b44b60
        0x558431b44b60
        0x558431b44b60
        0x558431b44b60
        0x558431b44b60
        0x558431b44b60
        0x558431b44b60
        0x558431b44b60
        0x558431b44b60
        0x558431b44b60
        0x558431b44b60
        0x558431b44b60
        0x558431b44b60
        0x558431b44b60
        0x558431b44b60
        0x558431b44b60
        0x558431b44b60
        0x558431b44b60
        0x558431b44b60
        0x558431b44b60
        0x558431b44b60
        0x558431b44b60
        0x558431b44b60
        0x558431b44b60
        0x558431b44b60
        0x558431b44b60
        0x558431b44b60
        0x558431b44b60
        0x558431b44b60
        0x558431b44b60
        0x558431b44b60
        0x558431b44b60
        0x558431b44b60
        0x558431b44b60
        0x558431b44b60
        0x558431b44b60
        0x558431b44b60
        0x558431b44b60
        0x558431b44b60
        0x558431b44b60
        0x558431b44b60
        0x558431b44b60
        0x558431b44b60
        0x558431b44b60
        0x558431b44b60
        0x558431b44b60
        0x558431b44b60
        0x558431b44b60
        0x558431b44b60
        0x558431b44b60
        0x558431b44b60
        0x558431b44b60
        0x558431b44b60
        0x558431b44b60
        0x558431b44b60
        0x558431b44b60
        0x558431b44b60
        0x558431b44b60
        0x558431b44b60
        0x558431b44b60
        0x558431b44b60
        0x558431b44b60
        0x558431b44b60
        0x558431b44b60
        0x558431b44b60
        0x558431b44b60
        0x558431b44b60
        0x558431b44b60
        0x558431b44b60
        0x558431b44b60
        0x558431b44b60
        0x558431b44b60
        0x558431b44b60
        0x558431b44b60
        0x558431b44b60
        0x558431b44b60
        0x558431b44b60
        0x558431b44b60
        0x558431b44b60
        0x558431b44b60
        0x558431b44b60
        0x558431b44b60
        0x558431b44b60
        0x558431b44b60
        0x558431b44b60
        0x558431b44b60
        0x558431b44b60
        0x558431b44b60
        0x558431b44b60
]: 1
@preempt_stack[
        0x7f953e5b29da
]: 1
@preempt_stack[
        0x40cacc71
        0x40cabc4c
        0x40cab139
        0x40ca6ac7
        0x40407e56
        0x40403d24
        0x7f949c846428
        0x7f949c9e578f
        0x558431b82490
]: 1
@preempt_stack[
        0x7f949c9cb8e4
]: 1
@preempt_stack[
        0x7f949c9cb5f7
        0x1
        0
        0x558434e6a8e0
]: 1
@preempt_stack[
        0x7f953db0831d
        0x7f9502020cc8
        0x7f953dd1d730
        0x2556058d48fc8949
]: 1
@preempt_stack[
        0x7f953db07a00
        0x21
]: 1
@preempt_stack[
        0x7f949ca0de84
]: 1
@preempt_stack[
        0x7f953d9073e0
        0x38207265
]: 1
@preempt_stack[
        0x4063fcbc
        0x4046dfb8
        0x40785934
        0x401c67a6
        0x7f949c846428
        0x7f949c9e578f
        0x558431b82490
]: 1
@preempt_stack[
        0x7f949c9cb75b
        0x120000
        0x5584340643b8
        0x5584340643b8
        0x5584340643b8
        0x5584340643b8
        0x5584340643b8
        0x5584340643b8
        0x5584340643b8
        0x5584340643b8
        0x5584340643b8
        0x5584340643b8
        0x5584340643b8
        0x5584340643b8
        0x5584340643b8
        0x5584340643b8
        0x5584340643b8
        0x5584340643b8
        0x5584340643b8
        0x5584340643b8
        0x5584340643b8
        0x5584340643b8
        0x5584340643b8
        0x5584340643b8
        0x5584340643b8
        0x5584340643b8
        0x5584340643b8
        0x5584340643b8
        0x5584340643b8
        0x5584340643b8
        0x5584340643b8
        0x5584340643b8
        0x5584340643b8
        0x5584340643b8
        0x5584340643b8
        0x5584340643b8
        0x5584340643b8
        0x5584340643b8
        0x5584340643b8
        0x5584340643b8
        0x5584340643b8
        0x5584340643b8
        0x5584340643b8
        0x5584340643b8
        0x5584340643b8
        0x5584340643b8
        0x5584340643b8
        0x5584340643b8
        0x5584340643b8
        0x5584340643b8
        0x5584340643b8
        0x5584340643b8
        0x5584340643b8
        0x5584340643b8
        0x5584340643b8
        0x5584340643b8
        0x5584340643b8
        0x5584340643b8
        0x5584340643b8
        0x5584340643b8
        0x5584340643b8
        0x5584340643b8
        0x5584340643b8
        0x5584340643b8
        0x5584340643b8
        0x5584340643b8
        0x5584340643b8
        0x5584340643b8
        0x5584340643b8
        0x5584340643b8
        0x5584340643b8
        0x5584340643b8
        0x5584340643b8
        0x5584340643b8
        0x5584340643b8
        0x5584340643b8
        0x5584340643b8
        0x5584340643b8
        0x5584340643b8
        0x5584340643b8
        0x5584340643b8
        0x5584340643b8
        0x5584340643b8
        0x5584340643b8
        0x5584340643b8
        0x5584340643b8
        0x5584340643b8
        0x5584340643b8
        0x5584340643b8
        0x5584340643b8
        0x5584340643b8
        0x5584340643b8
        0x5584340643b8
        0x5584340643b8
        0x5584340643b8
        0x5584340643b8
        0x5584340643b8
        0x5584340643b8
        0x5584340643b8
        0x5584340643b8
        0x5584340643b8
        0x5584340643b8
        0x5584340643b8
        0x5584340643b8
        0x5584340643b8
        0x5584340643b8
        0x5584340643b8
        0x5584340643b8
        0x5584340643b8
        0x5584340643b8
        0x5584340643b8
        0x5584340643b8
        0x5584340643b8
        0x5584340643b8
        0x5584340643b8
        0x5584340643b8
        0x5584340643b8
        0x5584340643b8
        0x5584340643b8
        0x5584340643b8
        0x5584340643b8
        0x5584340643b8
        0x5584340643b8
        0x5584340643b8
        0x5584340643b8
        0x5584340643b8
        0x5584340643b8
]: 1
@preempt_stack[
        0x7f953e5b2966
]: 1
@preempt_stack[
        0x407af884
        0x401c67a6
        0x7f949c846428
        0x7f949c9e578f
        0x558431b82490
]: 1
@preempt_stack[
        0x7f949c9cb66b
        0x130000
        0
        0
        0x558434eee1b0
]: 1
@preempt_stack[
        mono_g_hash_table_lookup+21
        0x120000
        0x558433225a40
        0x558433225a40
        0x558433225a40
        0x558433225a40
        0x558433225a40
        0x558433225a40
        0x558433225a40
        0x558433225a40
        0x558433225a40
        0x558433225a40
        0x558433225a40
        0x558433225a40
        0x558433225a40
        0x558433225a40
        0x558433225a40
        0x558433225a40
        0x558433225a40
        0x558433225a40
        0x558433225a40
        0x558433225a40
        0x558433225a40
        0x558433225a40
        0x558433225a40
        0x558433225a40
        0x558433225a40
        0x558433225a40
        0x558433225a40
        0x558433225a40
        0x558433225a40
        0x558433225a40
        0x558433225a40
        0x558433225a40
        0x558433225a40
        0x558433225a40
        0x558433225a40
        0x558433225a40
        0x558433225a40
        0x558433225a40
        0x558433225a40
        0x558433225a40
        0x558433225a40
        0x558433225a40
        0x558433225a40
        0x558433225a40
        0x558433225a40
        0x558433225a40
        0x558433225a40
        0x558433225a40
        0x558433225a40
        0x558433225a40
        0x558433225a40
        0x558433225a40
        0x558433225a40
        0x558433225a40
        0x558433225a40
        0x558433225a40
        0x558433225a40
        0x558433225a40
        0x558433225a40
        0x558433225a40
        0x558433225a40
        0x558433225a40
        0x558433225a40
        0x558433225a40
        0x558433225a40
        0x558433225a40
        0x558433225a40
        0x558433225a40
        0x558433225a40
        0x558433225a40
        0x558433225a40
        0x558433225a40
        0x558433225a40
        0x558433225a40
        0x558433225a40
        0x558433225a40
        0x558433225a40
        0x558433225a40
        0x558433225a40
        0x558433225a40
        0x558433225a40
        0x558433225a40
        0x558433225a40
        0x558433225a40
        0x558433225a40
        0x558433225a40
        0x558433225a40
        0x558433225a40
        0x558433225a40
        0x558433225a40
        0x558433225a40
        0x558433225a40
        0x558433225a40
        0x558433225a40
        0x558433225a40
        0x558433225a40
        0x558433225a40
        0x558433225a40
        0x558433225a40
        0x558433225a40
        0x558433225a40
        0x558433225a40
        0x558433225a40
        0x558433225a40
        0x558433225a40
        0x558433225a40
        0x558433225a40
        0x558433225a40
        0x558433225a40
        0x558433225a40
        0x558433225a40
        0x558433225a40
        0x558433225a40
        0x558433225a40
        0x558433225a40
        0x558433225a40
        0x558433225a40
        0x558433225a40
        0x558433225a40
        0x558433225a40
        0x558433225a40
        0x558433225a40
        0x558433225a40
        0x558433225a40
        0x558433225a40
]: 1
@preempt_stack[
        0x7f953e32b9c5
]: 1
@preempt_stack[
        clock_nanosleep+153
]: 1
@preempt_stack[
        0x7f953dd4e974
        0x2eaf0cdb28aa9316
]: 1
@preempt_stack[
        0x7f949c9cb5bf
        0x2
        0
        0x558434a2f070
]: 1
@preempt_stack[
        0x40441c38
]: 1
@preempt_stack[
        0x7f953db2b624
        mono_runtime_invoke_array+0
        0xd6894910ec834853
]: 1
@preempt_stack[
        0x7f947016b00c
        0x7f947016b1fb
        0x7f94788ccef3
        0x7f93fc07dd4b
        0x7f93fc093433
        0x7f94788cb95b
        0x7f93fc07fabb
        0x401c67a6
        0x7f949c846428
        0x7f949c9e578f
        0x558431b82490
]: 1
@preempt_stack[
        0x7f953dd206b4
        0x7f953dd25ce0
        0xa1d6058d48fc8949
]: 1
@preempt_stack[
        0x7f953d901590
        0
]: 1
@preempt_stack[
        0x7f949c9dcfa3
        0x120000
        0x558433222568
        0x558433222568
        0x558433222568
        0x558433222568
        0x558433222568
        0x558433222568
        0x558433222568
        0x558433222568
        0x558433222568
        0x558433222568
        0x558433222568
        0x558433222568
        0x558433222568
        0x558433222568
        0x558433222568
        0x558433222568
        0x558433222568
        0x558433222568
        0x558433222568
        0x558433222568
        0x558433222568
        0x558433222568
        0x558433222568
        0x558433222568
        0x558433222568
        0x558433222568
        0x558433222568
        0x558433222568
        0x558433222568
        0x558433222568
        0x558433222568
        0x558433222568
        0x558433222568
        0x558433222568
        0x558433222568
        0x558433222568
        0x558433222568
        0x558433222568
        0x558433222568
        0x558433222568
        0x558433222568
        0x558433222568
        0x558433222568
        0x558433222568
        0x558433222568
        0x558433222568
        0x558433222568
        0x558433222568
        0x558433222568
        0x558433222568
        0x558433222568
        0x558433222568
        0x558433222568
        0x558433222568
        0x558433222568
        0x558433222568
        0x558433222568
        0x558433222568
        0x558433222568
        0x558433222568
        0x558433222568
        0x558433222568
        0x558433222568
        0x558433222568
        0x558433222568
        0x558433222568
        0x558433222568
        0x558433222568
        0x558433222568
        0x558433222568
        0x558433222568
        0x558433222568
        0x558433222568
        0x558433222568
        0x558433222568
        0x558433222568
        0x558433222568
        0x558433222568
        0x558433222568
        0x558433222568
        0x558433222568
        0x558433222568
        0x558433222568
        0x558433222568
        0x558433222568
        0x558433222568
        0x558433222568
        0x558433222568
        0x558433222568
        0x558433222568
        0x558433222568
        0x558433222568
        0x558433222568
        0x558433222568
        0x558433222568
        0x558433222568
        0x558433222568
        0x558433222568
        0x558433222568
        0x558433222568
        0x558433222568
        0x558433222568
        0x558433222568
        0x558433222568
        0x558433222568
        0x558433222568
        0x558433222568
        0x558433222568
        0x558433222568
        0x558433222568
        0x558433222568
        0x558433222568
        0x558433222568
        0x558433222568
        0x558433222568
        0x558433222568
        0x558433222568
        0x558433222568
        0x558433222568
        0x558433222568
        0x558433222568
        0x558433222568
        0x558433222568
        0x558433222568
        0x558433222568
]: 1
@preempt_stack[
        0x7f949c9cb5a7
        0x130000
        0
        0
        0x558432d5da10
]: 1
@preempt_stack[
        0x7f953d6bad23
]: 1
@preempt_stack[
        __tls_get_addr+0
]: 1
@preempt_stack[
        0x7f953cbb8f22
        0x7ffcbefc3a59
        0x6e656b6f5479654b
]: 1
@preempt_stack[
        0x40d51662
]: 1
@preempt_stack[
        0x7f949c8d2d5c
        0
]: 1
@preempt_stack[
        0x7f949c9cb778
        0x130000
        0x1
        0
        0x55843523c430
]: 1
@preempt_stack[
        0x7f949c9dcfa3
        0x110000
        0x558434c9cd60
        0x558434c9cd60
        0x558434c9cd60
        0x558434c9cd60
        0x558434c9cd60
        0x558434c9cd60
        0x558434c9cd60
        0x558434c9cd60
        0x558434c9cd60
        0x558434c9cd60
        0x558434c9cd60
        0x558434c9cd60
        0x558434c9cd60
        0x558434c9cd60
        0x558434c9cd60
        0x558434c9cd60
        0x558434c9cd60
        0x558434c9cd60
        0x558434c9cd60
        0x558434c9cd60
        0x558434c9cd60
        0x558434c9cd60
        0x558434c9cd60
        0x558434c9cd60
        0x558434c9cd60
        0x558434c9cd60
        0x558434c9cd60
        0x558434c9cd60
        0x558434c9cd60
        0x558434c9cd60
        0x558434c9cd60
        0x558434c9cd60
        0x558434c9cd60
        0x558434c9cd60
        0x558434c9cd60
        0x558434c9cd60
        0x558434c9cd60
        0x558434c9cd60
        0x558434c9cd60
        0x558434c9cd60
        0x558434c9cd60
        0x558434c9cd60
        0x558434c9cd60
        0x558434c9cd60
        0x558434c9cd60
        0x558434c9cd60
        0x558434c9cd60
        0x558434c9cd60
        0x558434c9cd60
        0x558434c9cd60
        0x558434c9cd60
        0x558434c9cd60
        0x558434c9cd60
        0x558434c9cd60
        0x558434c9cd60
        0x558434c9cd60
        0x558434c9cd60
        0x558434c9cd60
        0x558434c9cd60
        0x558434c9cd60
        0x558434c9cd60
        0x558434c9cd60
        0x558434c9cd60
        0x558434c9cd60
        0x558434c9cd60
        0x558434c9cd60
        0x558434c9cd60
        0x558434c9cd60
        0x558434c9cd60
        0x558434c9cd60
        0x558434c9cd60
        0x558434c9cd60
        0x558434c9cd60
        0x558434c9cd60
        0x558434c9cd60
        0x558434c9cd60
        0x558434c9cd60
        0x558434c9cd60
        0x558434c9cd60
        0x558434c9cd60
        0x558434c9cd60
        0x558434c9cd60
        0x558434c9cd60
        0x558434c9cd60
        0x558434c9cd60
        0x558434c9cd60
        0x558434c9cd60
        0x558434c9cd60
        0x558434c9cd60
        0x558434c9cd60
        0x558434c9cd60
        0x558434c9cd60
        0x558434c9cd60
        0x558434c9cd60
        0x558434c9cd60
        0x558434c9cd60
        0x558434c9cd60
        0x558434c9cd60
        0x558434c9cd60
        0x558434c9cd60
        0x558434c9cd60
        0x558434c9cd60
        0x558434c9cd60
        0x558434c9cd60
        0x558434c9cd60
        0x558434c9cd60
        0x558434c9cd60
        0x558434c9cd60
        0x558434c9cd60
        0x558434c9cd60
        0x558434c9cd60
        0x558434c9cd60
        0x558434c9cd60
        0x558434c9cd60
        0x558434c9cd60
        0x558434c9cd60
        0x558434c9cd60
        0x558434c9cd60
        0x558434c9cd60
        0x558434c9cd60
        0x558434c9cd60
        0x558434c9cd60
        0x558434c9cd60
        0x558434c9cd60
        0x558434c9cd60
]: 1
@preempt_stack[
        0x40442b04
]: 1
@preempt_stack[
        0x7f953dd4e475
        0x506054105240517
]: 1
@preempt_stack[
        0x7f953d904ef1
]: 1
@preempt_stack[
        0x7f953d9077a1
        0x7f95006f1ec0
]: 1
@preempt_stack[
        0x40231977
        0x40c0d864
        0x4077cadf
        0x7f949c846428
        0x7f949c9e578f
        0x558431b82490
]: 1
@preempt_stack[
        0x7f9333c7f0c4
]: 1
@preempt_stack[
        0x7f953e5a5508
]: 1
@preempt_stack[
        0x7f953e6db70a
]: 1
@preempt_stack[
        mono_class_from_mono_type_internal+13
        0x120000
        0x5584334f6f30
        0x5584334f6f30
        0x5584334f6f30
        0x5584334f6f30
        0x5584334f6f30
        0x5584334f6f30
        0x5584334f6f30
        0x5584334f6f30
        0x5584334f6f30
        0x5584334f6f30
        0x5584334f6f30
        0x5584334f6f30
        0x5584334f6f30
        0x5584334f6f30
        0x5584334f6f30
        0x5584334f6f30
        0x5584334f6f30
        0x5584334f6f30
        0x5584334f6f30
        0x5584334f6f30
        0x5584334f6f30
        0x5584334f6f30
        0x5584334f6f30
        0x5584334f6f30
        0x5584334f6f30
        0x5584334f6f30
        0x5584334f6f30
        0x5584334f6f30
        0x5584334f6f30
        0x5584334f6f30
        0x5584334f6f30
        0x5584334f6f30
        0x5584334f6f30
        0x5584334f6f30
        0x5584334f6f30
        0x5584334f6f30
        0x5584334f6f30
        0x5584334f6f30
        0x5584334f6f30
        0x5584334f6f30
        0x5584334f6f30
        0x5584334f6f30
        0x5584334f6f30
        0x5584334f6f30
        0x5584334f6f30
        0x5584334f6f30
        0x5584334f6f30
        0x5584334f6f30
        0x5584334f6f30
        0x5584334f6f30
        0x5584334f6f30
        0x5584334f6f30
        0x5584334f6f30
        0x5584334f6f30
        0x5584334f6f30
        0x5584334f6f30
        0x5584334f6f30
        0x5584334f6f30
        0x5584334f6f30
        0x5584334f6f30
        0x5584334f6f30
        0x5584334f6f30
        0x5584334f6f30
        0x5584334f6f30
        0x5584334f6f30
        0x5584334f6f30
        0x5584334f6f30
        0x5584334f6f30
        0x5584334f6f30
        0x5584334f6f30
        0x5584334f6f30
        0x5584334f6f30
        0x5584334f6f30
        0x5584334f6f30
        0x5584334f6f30
        0x5584334f6f30
        0x5584334f6f30
        0x5584334f6f30
        0x5584334f6f30
        0x5584334f6f30
        0x5584334f6f30
        0x5584334f6f30
        0x5584334f6f30
        0x5584334f6f30
        0x5584334f6f30
        0x5584334f6f30
        0x5584334f6f30
        0x5584334f6f30
        0x5584334f6f30
        0x5584334f6f30
        0x5584334f6f30
        0x5584334f6f30
        0x5584334f6f30
        0x5584334f6f30
        0x5584334f6f30
        0x5584334f6f30
        0x5584334f6f30
        0x5584334f6f30
        0x5584334f6f30
        0x5584334f6f30
        0x5584334f6f30
        0x5584334f6f30
        0x5584334f6f30
        0x5584334f6f30
        0x5584334f6f30
        0x5584334f6f30
        0x5584334f6f30
        0x5584334f6f30
        0x5584334f6f30
        0x5584334f6f30
        0x5584334f6f30
        0x5584334f6f30
        0x5584334f6f30
        0x5584334f6f30
        0x5584334f6f30
        0x5584334f6f30
        0x5584334f6f30
        0x5584334f6f30
        0x5584334f6f30
        0x5584334f6f30
        0x5584334f6f30
        0x5584334f6f30
        0x5584334f6f30
        0x5584334f6f30
        0x5584334f6f30
]: 1
@preempt_stack[
        GC_gcj_malloc+73
        0x40b983a8
        0x4077cadf
        0x7f949c846428
        0x7f949c9e578f
        0x558431b82490
]: 1
@preempt_stack[
        0x40d0681e
        0
        0x2000000000000001
        0x558432740e50
        0x558432740e50
        0x558432740e50
        0x558432740e50
        0x558432740e50
        0x558432740e50
        0x558432740e50
        0x558432740e50
        0x558432740e50
        0x558432740e50
        0x558432740e50
        0x558432740e50
        0x558432740e50
        0x558432740e50
        0x558432740e50
        0x558432740e50
        0x558432740e50
        0x558432740e50
        0x558432740e50
        0x558432740e50
        0x558432740e50
        0x558432740e50
        0x558432740e50
        0x558432740e50
        0x558432740e50
        0x558432740e50
        0x558432740e50
        0x558432740e50
        0x558432740e50
        0x558432740e50
        0x558432740e50
        0x558432740e50
        0x558432740e50
        0x558432740e50
        0x558432740e50
        0x558432740e50
        0x558432740e50
        0x558432740e50
        0x558432740e50
        0x558432740e50
        0x558432740e50
        0x558432740e50
        0x558432740e50
        0x558432740e50
        0x558432740e50
        0x558432740e50
        0x558432740e50
        0x558432740e50
        0x558432740e50
        0x558432740e50
        0x558432740e50
        0x558432740e50
        0x558432740e50
        0x558432740e50
        0x558432740e50
        0x558432740e50
        0x558432740e50
        0x558432740e50
        0x558432740e50
        0x558432740e50
        0x558432740e50
        0x558432740e50
        0x558432740e50
        0x558432740e50
        0x558432740e50
        0x558432740e50
        0x558432740e50
        0x558432740e50
        0x558432740e50
        0x558432740e50
        0x558432740e50
        0x558432740e50
        0x558432740e50
        0x558432740e50
        0x558432740e50
        0x558432740e50
        0x558432740e50
        0x558432740e50
        0x558432740e50
        0x558432740e50
        0x558432740e50
        0x558432740e50
        0x558432740e50
        0x558432740e50
        0x558432740e50
        0x558432740e50
        0x558432740e50
        0x558432740e50
        0x558432740e50
        0x558432740e50
        0x558432740e50
        0x558432740e50
        0x558432740e50
        0x558432740e50
        0x558432740e50
        0x558432740e50
        0x558432740e50
        0x558432740e50
        0x558432740e50
        0x558432740e50
        0x558432740e50
        0x558432740e50
        0x558432740e50
        0x558432740e50
        0x558432740e50
        0x558432740e50
        0x558432740e50
        0x558432740e50
        0x558432740e50
        0x558432740e50
        0x558432740e50
        0x558432740e50
        0x558432740e50
        0x558432740e50
        0x558432740e50
        0x558432740e50
        0x558432740e50
        0x558432740e50
        0x558432740e50
        0x558432740e50
        0x558432740e50
        0x558432740e50
        0x558432740e50
        0x558432740e50
]: 1
@preempt_stack[
        mono_metadata_type_hash+80
        0x110000
        0x55843264e268
        0x55843264e268
        0x55843264e268
        0x55843264e268
        0x55843264e268
        0x55843264e268
        0x55843264e268
        0x55843264e268
        0x55843264e268
        0x55843264e268
        0x55843264e268
        0x55843264e268
        0x55843264e268
        0x55843264e268
        0x55843264e268
        0x55843264e268
        0x55843264e268
        0x55843264e268
        0x55843264e268
        0x55843264e268
        0x55843264e268
        0x55843264e268
        0x55843264e268
        0x55843264e268
        0x55843264e268
        0x55843264e268
        0x55843264e268
        0x55843264e268
        0x55843264e268
        0x55843264e268
        0x55843264e268
        0x55843264e268
        0x55843264e268
        0x55843264e268
        0x55843264e268
        0x55843264e268
        0x55843264e268
        0x55843264e268
        0x55843264e268
        0x55843264e268
        0x55843264e268
        0x55843264e268
        0x55843264e268
        0x55843264e268
        0x55843264e268
        0x55843264e268
        0x55843264e268
        0x55843264e268
        0x55843264e268
        0x55843264e268
        0x55843264e268
        0x55843264e268
        0x55843264e268
        0x55843264e268
        0x55843264e268
        0x55843264e268
        0x55843264e268
        0x55843264e268
        0x55843264e268
        0x55843264e268
        0x55843264e268
        0x55843264e268
        0x55843264e268
        0x55843264e268
        0x55843264e268
        0x55843264e268
        0x55843264e268
        0x55843264e268
        0x55843264e268
        0x55843264e268
        0x55843264e268
        0x55843264e268
        0x55843264e268
        0x55843264e268
        0x55843264e268
        0x55843264e268
        0x55843264e268
        0x55843264e268
        0x55843264e268
        0x55843264e268
        0x55843264e268
        0x55843264e268
        0x55843264e268
        0x55843264e268
        0x55843264e268
        0x55843264e268
        0x55843264e268
        0x55843264e268
        0x55843264e268
        0x55843264e268
        0x55843264e268
        0x55843264e268
        0x55843264e268
        0x55843264e268
        0x55843264e268
        0x55843264e268
        0x55843264e268
        0x55843264e268
        0x55843264e268
        0x55843264e268
        0x55843264e268
        0x55843264e268
        0x55843264e268
        0x55843264e268
        0x55843264e268
        0x55843264e268
        0x55843264e268
        0x55843264e268
        0x55843264e268
        0x55843264e268
        0x55843264e268
        0x55843264e268
        0x55843264e268
        0x55843264e268
        0x55843264e268
        0x55843264e268
        0x55843264e268
        0x55843264e268
        0x55843264e268
        0x55843264e268
        0x55843264e268
        0x55843264e268
        0x55843264e268
        0x55843264e268
        0x55843264e268
]: 1
@preempt_stack[
        0x7f953dcc5fc1
        0x28102840282
]: 1
@preempt_stack[
        GC_mark_from+388
]: 1
@preempt_stack[
        0x7f953dd4faa9
        0x20
]: 1
@preempt_stack[
        0x7f953e5b499e
]: 1
@preempt_stack[
        0x7f949c9cb775
        0x120000
        0x558432c25418
        0x558432c25418
        0x558432c25418
        0x558432c25418
        0x558432c25418
        0x558432c25418
        0x558432c25418
        0x558432c25418
        0x558432c25418
        0x558432c25418
        0x558432c25418
        0x558432c25418
        0x558432c25418
        0x558432c25418
        0x558432c25418
        0x558432c25418
        0x558432c25418
        0x558432c25418
        0x558432c25418
        0x558432c25418
        0x558432c25418
        0x558432c25418
        0x558432c25418
        0x558432c25418
        0x558432c25418
        0x558432c25418
        0x558432c25418
        0x558432c25418
        0x558432c25418
        0x558432c25418
        0x558432c25418
        0x558432c25418
        0x558432c25418
        0x558432c25418
        0x558432c25418
        0x558432c25418
        0x558432c25418
        0x558432c25418
        0x558432c25418
        0x558432c25418
        0x558432c25418
        0x558432c25418
        0x558432c25418
        0x558432c25418
        0x558432c25418
        0x558432c25418
        0x558432c25418
        0x558432c25418
        0x558432c25418
        0x558432c25418
        0x558432c25418
        0x558432c25418
        0x558432c25418
        0x558432c25418
        0x558432c25418
        0x558432c25418
        0x558432c25418
        0x558432c25418
        0x558432c25418
        0x558432c25418
        0x558432c25418
        0x558432c25418
        0x558432c25418
        0x558432c25418
        0x558432c25418
        0x558432c25418
        0x558432c25418
        0x558432c25418
        0x558432c25418
        0x558432c25418
        0x558432c25418
        0x558432c25418
        0x558432c25418
        0x558432c25418
        0x558432c25418
        0x558432c25418
        0x558432c25418
        0x558432c25418
        0x558432c25418
        0x558432c25418
        0x558432c25418
        0x558432c25418
        0x558432c25418
        0x558432c25418
        0x558432c25418
        0x558432c25418
        0x558432c25418
        0x558432c25418
        0x558432c25418
        0x558432c25418
        0x558432c25418
        0x558432c25418
        0x558432c25418
        0x558432c25418
        0x558432c25418
        0x558432c25418
        0x558432c25418
        0x558432c25418
        0x558432c25418
        0x558432c25418
        0x558432c25418
        0x558432c25418
        0x558432c25418
        0x558432c25418
        0x558432c25418
        0x558432c25418
        0x558432c25418
        0x558432c25418
        0x558432c25418
        0x558432c25418
        0x558432c25418
        0x558432c25418
        0x558432c25418
        0x558432c25418
        0x558432c25418
        0x558432c25418
        0x558432c25418
        0x558432c25418
        0x558432c25418
        0x558432c25418
        0x558432c25418
        0x558432c25418
        0x558432c25418
        0x558432c25418
        0x558432c25418
]: 1
@preempt_stack[
        0x7f953db0837d
        0x7f95028f8858
        0x7f953dd260a0
        0xa0d6058d48fc8949
]: 1
@preempt_stack[
        mono_g_hash_table_lookup_extended+66
        0x110000
        0x5584334b3380
        0x5584334b3380
        0x5584334b3380
        0x5584334b3380
        0x5584334b3380
        0x5584334b3380
        0x5584334b3380
        0x5584334b3380
        0x5584334b3380
        0x5584334b3380
        0x5584334b3380
        0x5584334b3380
        0x5584334b3380
        0x5584334b3380
        0x5584334b3380
        0x5584334b3380
        0x5584334b3380
        0x5584334b3380
        0x5584334b3380
        0x5584334b3380
        0x5584334b3380
        0x5584334b3380
        0x5584334b3380
        0x5584334b3380
        0x5584334b3380
        0x5584334b3380
        0x5584334b3380
        0x5584334b3380
        0x5584334b3380
        0x5584334b3380
        0x5584334b3380
        0x5584334b3380
        0x5584334b3380
        0x5584334b3380
        0x5584334b3380
        0x5584334b3380
        0x5584334b3380
        0x5584334b3380
        0x5584334b3380
        0x5584334b3380
        0x5584334b3380
        0x5584334b3380
        0x5584334b3380
        0x5584334b3380
        0x5584334b3380
        0x5584334b3380
        0x5584334b3380
        0x5584334b3380
        0x5584334b3380
        0x5584334b3380
        0x5584334b3380
        0x5584334b3380
        0x5584334b3380
        0x5584334b3380
        0x5584334b3380
        0x5584334b3380
        0x5584334b3380
        0x5584334b3380
        0x5584334b3380
        0x5584334b3380
        0x5584334b3380
        0x5584334b3380
        0x5584334b3380
        0x5584334b3380
        0x5584334b3380
        0x5584334b3380
        0x5584334b3380
        0x5584334b3380
        0x5584334b3380
        0x5584334b3380
        0x5584334b3380
        0x5584334b3380
        0x5584334b3380
        0x5584334b3380
        0x5584334b3380
        0x5584334b3380
        0x5584334b3380
        0x5584334b3380
        0x5584334b3380
        0x5584334b3380
        0x5584334b3380
        0x5584334b3380
        0x5584334b3380
        0x5584334b3380
        0x5584334b3380
        0x5584334b3380
        0x5584334b3380
        0x5584334b3380
        0x5584334b3380
        0x5584334b3380
        0x5584334b3380
        0x5584334b3380
        0x5584334b3380
        0x5584334b3380
        0x5584334b3380
        0x5584334b3380
        0x5584334b3380
        0x5584334b3380
        0x5584334b3380
        0x5584334b3380
        0x5584334b3380
        0x5584334b3380
        0x5584334b3380
        0x5584334b3380
        0x5584334b3380
        0x5584334b3380
        0x5584334b3380
        0x5584334b3380
        0x5584334b3380
        0x5584334b3380
        0x5584334b3380
        0x5584334b3380
        0x5584334b3380
        0x5584334b3380
        0x5584334b3380
        0x5584334b3380
        0x5584334b3380
        0x5584334b3380
        0x5584334b3380
        0x5584334b3380
        0x5584334b3380
        0x5584334b3380
        0x5584334b3380
        0x5584334b3380
        0x5584334b3380
]: 1
@preempt_stack[
        0x7f949c9dcfa3
        0x120000
        0x558431df7cb8
        0x558431df7cb8
        0x558431df7cb8
        0x558431df7cb8
        0x558431df7cb8
        0x558431df7cb8
        0x558431df7cb8
        0x558431df7cb8
        0x558431df7cb8
        0x558431df7cb8
        0x558431df7cb8
        0x558431df7cb8
        0x558431df7cb8
        0x558431df7cb8
        0x558431df7cb8
        0x558431df7cb8
        0x558431df7cb8
        0x558431df7cb8
        0x558431df7cb8
        0x558431df7cb8
        0x558431df7cb8
        0x558431df7cb8
        0x558431df7cb8
        0x558431df7cb8
        0x558431df7cb8
        0x558431df7cb8
        0x558431df7cb8
        0x558431df7cb8
        0x558431df7cb8
        0x558431df7cb8
        0x558431df7cb8
        0x558431df7cb8
        0x558431df7cb8
        0x558431df7cb8
        0x558431df7cb8
        0x558431df7cb8
        0x558431df7cb8
        0x558431df7cb8
        0x558431df7cb8
        0x558431df7cb8
        0x558431df7cb8
        0x558431df7cb8
        0x558431df7cb8
        0x558431df7cb8
        0x558431df7cb8
        0x558431df7cb8
        0x558431df7cb8
        0x558431df7cb8
        0x558431df7cb8
        0x558431df7cb8
        0x558431df7cb8
        0x558431df7cb8
        0x558431df7cb8
        0x558431df7cb8
        0x558431df7cb8
        0x558431df7cb8
        0x558431df7cb8
        0x558431df7cb8
        0x558431df7cb8
        0x558431df7cb8
        0x558431df7cb8
        0x558431df7cb8
        0x558431df7cb8
        0x558431df7cb8
        0x558431df7cb8
        0x558431df7cb8
        0x558431df7cb8
        0x558431df7cb8
        0x558431df7cb8
        0x558431df7cb8
        0x558431df7cb8
        0x558431df7cb8
        0x558431df7cb8
        0x558431df7cb8
        0x558431df7cb8
        0x558431df7cb8
        0x558431df7cb8
        0x558431df7cb8
        0x558431df7cb8
        0x558431df7cb8
        0x558431df7cb8
        0x558431df7cb8
        0x558431df7cb8
        0x558431df7cb8
        0x558431df7cb8
        0x558431df7cb8
        0x558431df7cb8
        0x558431df7cb8
        0x558431df7cb8
        0x558431df7cb8
        0x558431df7cb8
        0x558431df7cb8
        0x558431df7cb8
        0x558431df7cb8
        0x558431df7cb8
        0x558431df7cb8
        0x558431df7cb8
        0x558431df7cb8
        0x558431df7cb8
        0x558431df7cb8
        0x558431df7cb8
        0x558431df7cb8
        0x558431df7cb8
        0x558431df7cb8
        0x558431df7cb8
        0x558431df7cb8
        0x558431df7cb8
        0x558431df7cb8
        0x558431df7cb8
        0x558431df7cb8
        0x558431df7cb8
        0x558431df7cb8
        0x558431df7cb8
        0x558431df7cb8
        0x558431df7cb8
        0x558431df7cb8
        0x558431df7cb8
        0x558431df7cb8
        0x558431df7cb8
        0x558431df7cb8
        0x558431df7cb8
        0x558431df7cb8
        0x558431df7cb8
        0x558431df7cb8
        0x558431df7cb8
]: 1
@preempt_stack[
        mono_metadata_type_hash+80
        0x110000
        0x55843483d2b0
        0x55843483d2b0
        0x55843483d2b0
        0x55843483d2b0
        0x55843483d2b0
        0x55843483d2b0
        0x55843483d2b0
        0x55843483d2b0
        0x55843483d2b0
        0x55843483d2b0
        0x55843483d2b0
        0x55843483d2b0
        0x55843483d2b0
        0x55843483d2b0
        0x55843483d2b0
        0x55843483d2b0
        0x55843483d2b0
        0x55843483d2b0
        0x55843483d2b0
        0x55843483d2b0
        0x55843483d2b0
        0x55843483d2b0
        0x55843483d2b0
        0x55843483d2b0
        0x55843483d2b0
        0x55843483d2b0
        0x55843483d2b0
        0x55843483d2b0
        0x55843483d2b0
        0x55843483d2b0
        0x55843483d2b0
        0x55843483d2b0
        0x55843483d2b0
        0x55843483d2b0
        0x55843483d2b0
        0x55843483d2b0
        0x55843483d2b0
        0x55843483d2b0
        0x55843483d2b0
        0x55843483d2b0
        0x55843483d2b0
        0x55843483d2b0
        0x55843483d2b0
        0x55843483d2b0
        0x55843483d2b0
        0x55843483d2b0
        0x55843483d2b0
        0x55843483d2b0
        0x55843483d2b0
        0x55843483d2b0
        0x55843483d2b0
        0x55843483d2b0
        0x55843483d2b0
        0x55843483d2b0
        0x55843483d2b0
        0x55843483d2b0
        0x55843483d2b0
        0x55843483d2b0
        0x55843483d2b0
        0x55843483d2b0
        0x55843483d2b0
        0x55843483d2b0
        0x55843483d2b0
        0x55843483d2b0
        0x55843483d2b0
        0x55843483d2b0
        0x55843483d2b0
        0x55843483d2b0
        0x55843483d2b0
        0x55843483d2b0
        0x55843483d2b0
        0x55843483d2b0
        0x55843483d2b0
        0x55843483d2b0
        0x55843483d2b0
        0x55843483d2b0
        0x55843483d2b0
        0x55843483d2b0
        0x55843483d2b0
        0x55843483d2b0
        0x55843483d2b0
        0x55843483d2b0
        0x55843483d2b0
        0x55843483d2b0
        0x55843483d2b0
        0x55843483d2b0
        0x55843483d2b0
        0x55843483d2b0
        0x55843483d2b0
        0x55843483d2b0
        0x55843483d2b0
        0x55843483d2b0
        0x55843483d2b0
        0x55843483d2b0
        0x55843483d2b0
        0x55843483d2b0
        0x55843483d2b0
        0x55843483d2b0
        0x55843483d2b0
        0x55843483d2b0
        0x55843483d2b0
        0x55843483d2b0
        0x55843483d2b0
        0x55843483d2b0
        0x55843483d2b0
        0x55843483d2b0
        0x55843483d2b0
        0x55843483d2b0
        0x55843483d2b0
        0x55843483d2b0
        0x55843483d2b0
        0x55843483d2b0
        0x55843483d2b0
        0x55843483d2b0
        0x55843483d2b0
        0x55843483d2b0
        0x55843483d2b0
        0x55843483d2b0
        0x55843483d2b0
        0x55843483d2b0
        0x55843483d2b0
        0x55843483d2b0
        0x55843483d2b0
        0x55843483d2b0
        0x55843483d2b0
]: 1
@preempt_stack[
        0x7f953cbb88dc
        0x40b9815c
        0x4077cadf
        0x7f949c846428
        0x7f949c9e578f
        0x558431b82490
]: 1
@preempt_stack[
        0x7f949c87aef1
        0
]: 1
@preempt_stack[
        0x7f949c9dcfa3
        0x120000
        0x558434aa0188
        0x558434aa0188
        0x558434aa0188
        0x558434aa0188
        0x558434aa0188
        0x558434aa0188
        0x558434aa0188
        0x558434aa0188
        0x558434aa0188
        0x558434aa0188
        0x558434aa0188
        0x558434aa0188
        0x558434aa0188
        0x558434aa0188
        0x558434aa0188
        0x558434aa0188
        0x558434aa0188
        0x558434aa0188
        0x558434aa0188
        0x558434aa0188
        0x558434aa0188
        0x558434aa0188
        0x558434aa0188
        0x558434aa0188
        0x558434aa0188
        0x558434aa0188
        0x558434aa0188
        0x558434aa0188
        0x558434aa0188
        0x558434aa0188
        0x558434aa0188
        0x558434aa0188
        0x558434aa0188
        0x558434aa0188
        0x558434aa0188
        0x558434aa0188
        0x558434aa0188
        0x558434aa0188
        0x558434aa0188
        0x558434aa0188
        0x558434aa0188
        0x558434aa0188
        0x558434aa0188
        0x558434aa0188
        0x558434aa0188
        0x558434aa0188
        0x558434aa0188
        0x558434aa0188
        0x558434aa0188
        0x558434aa0188
        0x558434aa0188
        0x558434aa0188
        0x558434aa0188
        0x558434aa0188
        0x558434aa0188
        0x558434aa0188
        0x558434aa0188
        0x558434aa0188
        0x558434aa0188
        0x558434aa0188
        0x558434aa0188
        0x558434aa0188
        0x558434aa0188
        0x558434aa0188
        0x558434aa0188
        0x558434aa0188
        0x558434aa0188
        0x558434aa0188
        0x558434aa0188
        0x558434aa0188
        0x558434aa0188
        0x558434aa0188
        0x558434aa0188
        0x558434aa0188
        0x558434aa0188
        0x558434aa0188
        0x558434aa0188
        0x558434aa0188
        0x558434aa0188
        0x558434aa0188
        0x558434aa0188
        0x558434aa0188
        0x558434aa0188
        0x558434aa0188
        0x558434aa0188
        0x558434aa0188
        0x558434aa0188
        0x558434aa0188
        0x558434aa0188
        0x558434aa0188
        0x558434aa0188
        0x558434aa0188
        0x558434aa0188
        0x558434aa0188
        0x558434aa0188
        0x558434aa0188
        0x558434aa0188
        0x558434aa0188
        0x558434aa0188
        0x558434aa0188
        0x558434aa0188
        0x558434aa0188
        0x558434aa0188
        0x558434aa0188
        0x558434aa0188
        0x558434aa0188
        0x558434aa0188
        0x558434aa0188
        0x558434aa0188
        0x558434aa0188
        0x558434aa0188
        0x558434aa0188
        0x558434aa0188
        0x558434aa0188
        0x558434aa0188
        0x558434aa0188
        0x558434aa0188
        0x558434aa0188
        0x558434aa0188
        0x558434aa0188
        0x558434aa0188
        0x558434aa0188
        0x558434aa0188
        0x558434aa0188
        0x558434aa0188
]: 1
@preempt_stack[
        0x7f949c9e44f9
        0x120000
        0x558432834158
        0x558432834158
        0x558432834158
        0x558432834158
        0x558432834158
        0x558432834158
        0x558432834158
        0x558432834158
        0x558432834158
        0x558432834158
        0x558432834158
        0x558432834158
        0x558432834158
        0x558432834158
        0x558432834158
        0x558432834158
        0x558432834158
        0x558432834158
        0x558432834158
        0x558432834158
        0x558432834158
        0x558432834158
        0x558432834158
        0x558432834158
        0x558432834158
        0x558432834158
        0x558432834158
        0x558432834158
        0x558432834158
        0x558432834158
        0x558432834158
        0x558432834158
        0x558432834158
        0x558432834158
        0x558432834158
        0x558432834158
        0x558432834158
        0x558432834158
        0x558432834158
        0x558432834158
        0x558432834158
        0x558432834158
        0x558432834158
        0x558432834158
        0x558432834158
        0x558432834158
        0x558432834158
        0x558432834158
        0x558432834158
        0x558432834158
        0x558432834158
        0x558432834158
        0x558432834158
        0x558432834158
        0x558432834158
        0x558432834158
        0x558432834158
        0x558432834158
        0x558432834158
        0x558432834158
        0x558432834158
        0x558432834158
        0x558432834158
        0x558432834158
        0x558432834158
        0x558432834158
        0x558432834158
        0x558432834158
        0x558432834158
        0x558432834158
        0x558432834158
        0x558432834158
        0x558432834158
        0x558432834158
        0x558432834158
        0x558432834158
        0x558432834158
        0x558432834158
        0x558432834158
        0x558432834158
        0x558432834158
        0x558432834158
        0x558432834158
        0x558432834158
        0x558432834158
        0x558432834158
        0x558432834158
        0x558432834158
        0x558432834158
        0x558432834158
        0x558432834158
        0x558432834158
        0x558432834158
        0x558432834158
        0x558432834158
        0x558432834158
        0x558432834158
        0x558432834158
        0x558432834158
        0x558432834158
        0x558432834158
        0x558432834158
        0x558432834158
        0x558432834158
        0x558432834158
        0x558432834158
        0x558432834158
        0x558432834158
        0x558432834158
        0x558432834158
        0x558432834158
        0x558432834158
        0x558432834158
        0x558432834158
        0x558432834158
        0x558432834158
        0x558432834158
        0x558432834158
        0x558432834158
        0x558432834158
        0x558432834158
        0x558432834158
        0x558432834158
        0x558432834158
        0x558432834158
]: 1
@preempt_stack[
        0x7f949ca0c355
        0x558431b24c20
]: 1
@preempt_stack[
        0x40de67a8
        0x40bf9418
        0x40b4cd24
        0x40b4c87c
        0x40b4c753
        0x7f93fc093a6b
        0x7f94788cb95b
        0x7f93fc07fabb
        0x401c67a6
        0x7f949c846428
        0x7f949c9e578f
        0x558431b82490
]: 1
@preempt_stack[
        0x404e20c4
        0x7f949c846428
        0x7f949c9e578f
        0x558431b82490
]: 1
@preempt_stack[
        0x40d02a55
        0x7f949c846428
        0x7f949c9e578f
        0x558431b82490
]: 1
@preempt_stack[
        0x7f953e5a591f
]: 1
@preempt_stack[
        0x41ff911c
        0x40ca9c78
        0x4076d0f6
        0x40d355f4
        0x40aeee2c
        0x40a8a7df
        0x40407e56
        0x40403d24
        0x7f949c846428
        0x7f949c9e578f
        0x558431b82490
]: 1
@preempt_stack[
        0x7f949c9cb8e7
        0x130000
        0
        0
        0x558434c7f4c0
]: 1
@preempt_stack[
        0x7f953dd4e974
        0
]: 1
@preempt_stack[
        0x402c498a
        0x4050a81c
        0x4046dfb8
        0x40785934
        0x401c67a6
        0x7f949c846428
        0x7f949c9e578f
        0x558431b82490
]: 1
@preempt_stack[
        0x4043fc1c
        0x40c40548
        0x40c382d8
        0x40a8a76e
        0x40407e56
        0x40403d24
        0x7f949c846428
        0x7f949c9e578f
        0x558431b82490
]: 1
@preempt_stack[
        0x7f953d9073e0
        0x39207265
]: 1
@preempt_stack[
        0x7f949c98ab1b
]: 1
@preempt_stack[
        0x7f949c9dcfba
]: 1
@preempt_stack[
        0x7f953dd46e62
]: 1
@preempt_stack[
        0x40cad51c
        0x40cabc4c
        0x40cab139
        0x40ca6ac7
        0x40407e56
        0x40403d24
        0x7f949c846428
        0x7f949c9e578f
        0x558431b82490
]: 1
@preempt_stack[
        0x7f953dcd7bfa
        0
]: 1
@preempt_stack[
        0x7f953dd17f60
]: 1
@preempt_stack[
        0x7f953dd4784d
]: 1
@preempt_stack[
        0x7f953e5b3c35
]: 1
@preempt_stack[
        0x406b04c7
]: 1
@preempt_stack[
        0x7f953dd4ed32
]: 1
@preempt_stack[
        0x7f949c9cb79d
        0x130000
        0x2
        0
        0x558434ad4e70
]: 1
@preempt_stack[
        0x7f953dd47332
]: 1
@preempt_stack[
        0x7f953d9058ae
        0x9040941092c0928
]: 1
@preempt_stack[
        0x4063fd94
        0x4050a81c
        0x4046dfb8
        0x40785934
        0x401c67a6
        0x7f949c846428
        0x7f949c9e578f
        0x558431b82490
]: 1
@preempt_stack[
        mono_class_from_mono_type_internal+13
        0x120000
        0x558433340930
        0x558433340930
        0x558433340930
        0x558433340930
        0x558433340930
        0x558433340930
        0x558433340930
        0x558433340930
        0x558433340930
        0x558433340930
        0x558433340930
        0x558433340930
        0x558433340930
        0x558433340930
        0x558433340930
        0x558433340930
        0x558433340930
        0x558433340930
        0x558433340930
        0x558433340930
        0x558433340930
        0x558433340930
        0x558433340930
        0x558433340930
        0x558433340930
        0x558433340930
        0x558433340930
        0x558433340930
        0x558433340930
        0x558433340930
        0x558433340930
        0x558433340930
        0x558433340930
        0x558433340930
        0x558433340930
        0x558433340930
        0x558433340930
        0x558433340930
        0x558433340930
        0x558433340930
        0x558433340930
        0x558433340930
        0x558433340930
        0x558433340930
        0x558433340930
        0x558433340930
        0x558433340930
        0x558433340930
        0x558433340930
        0x558433340930
        0x558433340930
        0x558433340930
        0x558433340930
        0x558433340930
        0x558433340930
        0x558433340930
        0x558433340930
        0x558433340930
        0x558433340930
        0x558433340930
        0x558433340930
        0x558433340930
        0x558433340930
        0x558433340930
        0x558433340930
        0x558433340930
        0x558433340930
        0x558433340930
        0x558433340930
        0x558433340930
        0x558433340930
        0x558433340930
        0x558433340930
        0x558433340930
        0x558433340930
        0x558433340930
        0x558433340930
        0x558433340930
        0x558433340930
        0x558433340930
        0x558433340930
        0x558433340930
        0x558433340930
        0x558433340930
        0x558433340930
        0x558433340930
        0x558433340930
        0x558433340930
        0x558433340930
        0x558433340930
        0x558433340930
        0x558433340930
        0x558433340930
        0x558433340930
        0x558433340930
        0x558433340930
        0x558433340930
        0x558433340930
        0x558433340930
        0x558433340930
        0x558433340930
        0x558433340930
        0x558433340930
        0x558433340930
        0x558433340930
        0x558433340930
        0x558433340930
        0x558433340930
        0x558433340930
        0x558433340930
        0x558433340930
        0x558433340930
        0x558433340930
        0x558433340930
        0x558433340930
        0x558433340930
        0x558433340930
        0x558433340930
        0x558433340930
        0x558433340930
        0x558433340930
        0x558433340930
        0x558433340930
        0x558433340930
        0x558433340930
]: 1
@preempt_stack[
        0x7f953da51a7a
]: 1
@preempt_stack[
        0x7f953cbb8887
]: 1
@preempt_stack[
        monoeg_g_hash_table_lookup_extended+66
        0x558433c69f98
        0x558433c08f88
        0x558433c08f88
        0x558433c08f88
        0x558433c08f88
        0x558433c08f88
        0x558433c08f88
        0x558433c08f88
        0x558433c08f88
        0x558433c08f88
        0x558433c08f88
        0x558433c08f88
        0x558433c08f88
        0x558433c08f88
        0x558433c08f88
        0x558433c08f88
        0x558433c08f88
        0x558433c08f88
        0x558433c08f88
        0x558433c08f88
        0x558433c08f88
        0x558433c08f88
        0x558433c08f88
        0x558433c08f88
        0x558433c08f88
        0x558433c08f88
        0x558433c08f88
        0x558433c08f88
        0x558433c08f88
        0x558433c08f88
        0x558433c08f88
        0x558433c08f88
        0x558433c08f88
        0x558433c08f88
        0x558433c08f88
        0x558433c08f88
        0x558433c08f88
        0x558433c08f88
        0x558433c08f88
        0x558433c08f88
        0x558433c08f88
        0x558433c08f88
        0x558433c08f88
        0x558433c08f88
        0x558433c08f88
        0x558433c08f88
        0x558433c08f88
        0x558433c08f88
        0x558433c08f88
        0x558433c08f88
        0x558433c08f88
        0x558433c08f88
        0x558433c08f88
        0x558433c08f88
        0x558433c08f88
        0x558433c08f88
        0x558433c08f88
        0x558433c08f88
        0x558433c08f88
        0x558433c08f88
        0x558433c08f88
        0x558433c08f88
        0x558433c08f88
        0x558433c08f88
        0x558433c08f88
        0x558433c08f88
        0x558433c08f88
        0x558433c08f88
        0x558433c08f88
        0x558433c08f88
        0x558433c08f88
        0x558433c08f88
        0x558433c08f88
        0x558433c08f88
        0x558433c08f88
        0x558433c08f88
        0x558433c08f88
        0x558433c08f88
        0x558433c08f88
        0x558433c08f88
        0x558433c08f88
        0x558433c08f88
        0x558433c08f88
        0x558433c08f88
        0x558433c08f88
        0x558433c08f88
        0x558433c08f88
        0x558433c08f88
        0x558433c08f88
        0x558433c08f88
        0x558433c08f88
        0x558433c08f88
        0x558433c08f88
        0x558433c08f88
        0x558433c08f88
        0x558433c08f88
        0x558433c08f88
        0x558433c08f88
        0x558433c08f88
        0x558433c08f88
        0x558433c08f88
        0x558433c08f88
        0x558433c08f88
        0x558433c08f88
        0x558433c08f88
        0x558433c08f88
        0x558433c08f88
        0x558433c08f88
        0x558433c08f88
        0x558433c08f88
        0x558433c08f88
        0x558433c08f88
        0x558433c08f88
        0x558433c08f88
        0x558433c08f88
        0x558433c08f88
        0x558433c08f88
        0x558433c08f88
        0x558433c08f88
        0x558433c08f88
        0x558433c08f88
        0x558433c08f88
        0x558433c08f88
        0x558433c08f88
        0x558433c08f88
        0x558433c08f88
]: 1
@preempt_stack[
        0x401a1bf4
        0x401a1784
        0x4019de60
        0x4028e48c
        0x4028e3fc
        0x40d3d15f
        0x40d39645
        0x40d39598
        0x40d39068
        0
        0x3c00000000000001
        0x558432d2dca0
        0x558432d2dca0
        0x558432d2dca0
        0x558432d2dca0
        0x558432d2dca0
        0x558432d2dca0
        0x558432d2dca0
        0x558432d2dca0
        0x558432d2dca0
        0x558432d2dca0
        0x558432d2dca0
        0x558432d2dca0
        0x558432d2dca0
        0x558432d2dca0
        0x558432d2dca0
        0x558432d2dca0
        0x558432d2dca0
        0x558432d2dca0
        0x558432d2dca0
        0x558432d2dca0
        0x558432d2dca0
        0x558432d2dca0
        0x558432d2dca0
        0x558432d2dca0
        0x558432d2dca0
        0x558432d2dca0
        0x558432d2dca0
        0x558432d2dca0
        0x558432d2dca0
        0x558432d2dca0
        0x558432d2dca0
        0x558432d2dca0
        0x558432d2dca0
        0x558432d2dca0
        0x558432d2dca0
        0x558432d2dca0
        0x558432d2dca0
        0x558432d2dca0
        0x558432d2dca0
        0x558432d2dca0
        0x558432d2dca0
        0x558432d2dca0
        0x558432d2dca0
        0x558432d2dca0
        0x558432d2dca0
        0x558432d2dca0
        0x558432d2dca0
        0x558432d2dca0
        0x558432d2dca0
        0x558432d2dca0
        0x558432d2dca0
        0x558432d2dca0
        0x558432d2dca0
        0x558432d2dca0
        0x558432d2dca0
        0x558432d2dca0
        0x558432d2dca0
        0x558432d2dca0
        0x558432d2dca0
        0x558432d2dca0
        0x558432d2dca0
        0x558432d2dca0
        0x558432d2dca0
        0x558432d2dca0
        0x558432d2dca0
        0x558432d2dca0
        0x558432d2dca0
        0x558432d2dca0
        0x558432d2dca0
        0x558432d2dca0
        0x558432d2dca0
        0x558432d2dca0
        0x558432d2dca0
        0x558432d2dca0
        0x558432d2dca0
        0x558432d2dca0
        0x558432d2dca0
        0x558432d2dca0
        0x558432d2dca0
        0x558432d2dca0
        0x558432d2dca0
        0x558432d2dca0
        0x558432d2dca0
        0x558432d2dca0
        0x558432d2dca0
        0x558432d2dca0
        0x558432d2dca0
        0x558432d2dca0
        0x558432d2dca0
        0x558432d2dca0
        0x558432d2dca0
        0x558432d2dca0
        0x558432d2dca0
        0x558432d2dca0
        0x558432d2dca0
        0x558432d2dca0
        0x558432d2dca0
        0x558432d2dca0
        0x558432d2dca0
        0x558432d2dca0
        0x558432d2dca0
        0x558432d2dca0
        0x558432d2dca0
        0x558432d2dca0
        0x558432d2dca0
        0x558432d2dca0
        0x558432d2dca0
        0x558432d2dca0
        0x558432d2dca0
        0x558432d2dca0
        0x558432d2dca0
        0x558432d2dca0
        0x558432d2dca0
        0x558432d2dca0
        0x558432d2dca0
        0x558432d2dca0
]: 1
@preempt_stack[
        0x7f953cbb8044
        0x89e9000000bce890
]: 1
@preempt_stack[
        0x7f953dcd7c5c
        0x5c5
]: 1
@preempt_stack[
        0x7f953e84b9a0
        0xc410c440c41
]: 1
@preempt_stack[
        0x401c9566
        0x40c0d864
        0x4077cadf
        0x7f949c846428
        0x7f949c9e578f
        0x558431b82490
]: 1
@preempt_stack[
        0x7f953dd47328
]: 1
@preempt_stack[
        0x7f949c9cb778
        0x130000
        0
        0
        0x558435014bf0
]: 1
@preempt_stack[
        0x7f953db0c49f
        0
]: 1
@preempt_stack[
        0x7f953dd46c91
        0xc82
]: 1
@preempt_stack[
        0x7f949c9e44f9
        0x120000
        0x558432b7a4f0
        0x558432b7a4f0
        0x558432b7a4f0
        0x558432b7a4f0
        0x558432b7a4f0
        0x558432b7a4f0
        0x558432b7a4f0
        0x558432b7a4f0
        0x558432b7a4f0
        0x558432b7a4f0
        0x558432b7a4f0
        0x558432b7a4f0
        0x558432b7a4f0
        0x558432b7a4f0
        0x558432b7a4f0
        0x558432b7a4f0
        0x558432b7a4f0
        0x558432b7a4f0
        0x558432b7a4f0
        0x558432b7a4f0
        0x558432b7a4f0
        0x558432b7a4f0
        0x558432b7a4f0
        0x558432b7a4f0
        0x558432b7a4f0
        0x558432b7a4f0
        0x558432b7a4f0
        0x558432b7a4f0
        0x558432b7a4f0
        0x558432b7a4f0
        0x558432b7a4f0
        0x558432b7a4f0
        0x558432b7a4f0
        0x558432b7a4f0
        0x558432b7a4f0
        0x558432b7a4f0
        0x558432b7a4f0
        0x558432b7a4f0
        0x558432b7a4f0
        0x558432b7a4f0
        0x558432b7a4f0
        0x558432b7a4f0
        0x558432b7a4f0
        0x558432b7a4f0
        0x558432b7a4f0
        0x558432b7a4f0
        0x558432b7a4f0
        0x558432b7a4f0
        0x558432b7a4f0
        0x558432b7a4f0
        0x558432b7a4f0
        0x558432b7a4f0
        0x558432b7a4f0
        0x558432b7a4f0
        0x558432b7a4f0
        0x558432b7a4f0
        0x558432b7a4f0
        0x558432b7a4f0
        0x558432b7a4f0
        0x558432b7a4f0
        0x558432b7a4f0
        0x558432b7a4f0
        0x558432b7a4f0
        0x558432b7a4f0
        0x558432b7a4f0
        0x558432b7a4f0
        0x558432b7a4f0
        0x558432b7a4f0
        0x558432b7a4f0
        0x558432b7a4f0
        0x558432b7a4f0
        0x558432b7a4f0
        0x558432b7a4f0
        0x558432b7a4f0
        0x558432b7a4f0
        0x558432b7a4f0
        0x558432b7a4f0
        0x558432b7a4f0
        0x558432b7a4f0
        0x558432b7a4f0
        0x558432b7a4f0
        0x558432b7a4f0
        0x558432b7a4f0
        0x558432b7a4f0
        0x558432b7a4f0
        0x558432b7a4f0
        0x558432b7a4f0
        0x558432b7a4f0
        0x558432b7a4f0
        0x558432b7a4f0
        0x558432b7a4f0
        0x558432b7a4f0
        0x558432b7a4f0
        0x558432b7a4f0
        0x558432b7a4f0
        0x558432b7a4f0
        0x558432b7a4f0
        0x558432b7a4f0
        0x558432b7a4f0
        0x558432b7a4f0
        0x558432b7a4f0
        0x558432b7a4f0
        0x558432b7a4f0
        0x558432b7a4f0
        0x558432b7a4f0
        0x558432b7a4f0
        0x558432b7a4f0
        0x558432b7a4f0
        0x558432b7a4f0
        0x558432b7a4f0
        0x558432b7a4f0
        0x558432b7a4f0
        0x558432b7a4f0
        0x558432b7a4f0
        0x558432b7a4f0
        0x558432b7a4f0
        0x558432b7a4f0
        0x558432b7a4f0
        0x558432b7a4f0
        0x558432b7a4f0
        0x558432b7a4f0
        0x558432b7a4f0
        0x558432b7a4f0
        0x558432b7a4f0
        0x558432b7a4f0
]: 1
@preempt_stack[
        GC_malloc_kind_global+101
]: 1
@preempt_stack[
        0x7f953e68fe49
        0x7f9500db27b0
        0x7f9500cde1a8
        0x7f9500db27b0
        0x7f9500cde1a8
        0x7f9500db27b0
        0x7f9500cde1a8
        0x7f9500db27b0
        0x7f9500cde1a8
        0x7f9500db27b0
        0x7f9500cde1a8
        0x7f9500db27b0
        0x7f9500cde1a8
        0x7f9500db27b0
        0x7f9500cde1a8
        0x7f9500db27b0
        0x7f9500cde1a8
        0x7f9500db27b0
        0x7f9500cde1a8
        0x7f9500db27b0
        0x7f9500cde1a8
        0x7f9500db27b0
        0x7f9500cde1a8
        0x7f9500db27b0
        0x7f9500cde1a8
        0x7f9500db27b0
        0x7f9500cde1a8
        0x7f9500db27b0
        0x7f9500cde1a8
        0x7f9500db27b0
        0x7f9500cde1a8
        0x7f9500db27b0
        0x7f9500cde1a8
        0x7f9500db27b0
        0x7f9500cde1a8
        0x7f9500db27b0
        0x7f9500cde1a8
        0x7f9500db27b0
        0x7f9500cde1a8
        0x7f9500db27b0
        0x7f9500cde1a8
        0x7f9500db27b0
        0x7f9500cde1a8
        0x7f9500db27b0
        0x7f9500cde1a8
        0x7f9500db27b0
        0x7f9500cde1a8
        0x7f9500db27b0
        0x7f9500cde1a8
        0x7f9500db27b0
        0x7f9500cde1a8
        0x7f9500db27b0
        0x7f9500cde1a8
        0x7f9500db27b0
        0x7f9500cde1a8
        0x7f9500db27b0
        0x7f9500cde1a8
        0x7f9500db27b0
        0x7f9500cde1a8
        0x7f9500db27b0
        0x7f9500cde1a8
        0x7f9500db27b0
        0x7f9500cde1a8
        0x7f9500db27b0
        0x7f9500cde1a8
        0x7f9500db27b0
        0x7f9500cde1a8
        0x7f9500db27b0
        0x7f9500cde1a8
        0x7f9500db27b0
        0x7f9500cde1a8
        0x7f9500db27b0
        0x7f9500cde1a8
        0x7f9500db27b0
        0x7f9500cde1a8
        0x7f9500db27b0
        0x7f9500cde1a8
        0x7f9500db27b0
        0x7f9500cde1a8
        0x7f9500db27b0
        0x7f9500cde1a8
        0x7f9500db27b0
        0x7f9500cde1a8
        0x7f9500db27b0
        0x7f9500cde1a8
        0x7f9500db27b0
        0x7f9500cde1a8
        0x7f9500db27b0
        0x7f9500cde1a8
        0x7f9500db27b0
        0x7f9500cde1a8
        0x7f9500db27b0
        0x7f9500cde1a8
        0x7f9500db27b0
        0x7f9500cde1a8
        0x7f9500db27b0
        0x7f9500cde1a8
        0x7f9500db27b0
        0x7f9500cde1a8
        0x7f9500db27b0
        0x7f9500cde1a8
        0x7f9500db27b0
        0x7f9500cde1a8
        0x7f9500db27b0
        0x7f9500cde1a8
        0x7f9500db27b0
        0x7f9500cde1a8
        0x7f9500db27b0
        0x7f9500cde1a8
        0x7f9500db27b0
        0x7f9500cde1a8
        0x7f9500db27b0
        0x7f9500cde1a8
        0x7f9500db27b0
        0x7f9500cde1a8
        0x7f9500db27b0
        0x7f9500cde1a8
        0x7f9500db27b0
        0x7f9500cde1a8
        0x7f9500db27b0
        0x7f9500cde1a8
        0x7f9500db27b0
        0x7f9500cde1a8
        0x7f9500db27b0
        0x7f9500cde1a8
        0x7f9500db27b0
        0x7f9500cde1a8
]: 1
@preempt_stack[
        0x7f953e578195
        0x40145c2e09001e
]: 1
@preempt_stack[
        0x7f953e6fda69
]: 1
@preempt_stack[
        0x7f949c9dcfa3
        0x130000
        0
        0
        0x5584321dbae0
]: 1
@preempt_stack[
        0x7f953cabcd91
        0x7f953cabe24a
]: 1
@preempt_stack[
        0x7f949c9cb5b8
        0x1
        0
        0x5584322fc3f0
]: 1
@preempt_stack[
        0x7f953dd4f4cd
]: 1
@preempt_stack[
        0x7f953e5a5334
]: 1
@preempt_stack[
        0x40784ce0
        0x407bfa14
]: 1
@preempt_stack[
        0x7f953dd4233b
]: 1
@preempt_stack[
        0x7f953d9073e0
        0x3832207265
]: 1
@preempt_stack[
        0x7f953dcd309e
        0
]: 1
@preempt_stack[
        0x7f953cbb81ef
]: 1
@preempt_stack[
        0x7f949c9e44f9
        0x120000
        0x558434e62eb8
        0x558434e62eb8
        0x558434e62eb8
        0x558434e62eb8
        0x558434e62eb8
        0x558434e62eb8
        0x558434e62eb8
        0x558434e62eb8
        0x558434e62eb8
        0x558434e62eb8
        0x558434e62eb8
        0x558434e62eb8
        0x558434e62eb8
        0x558434e62eb8
        0x558434e62eb8
        0x558434e62eb8
        0x558434e62eb8
        0x558434e62eb8
        0x558434e62eb8
        0x558434e62eb8
        0x558434e62eb8
        0x558434e62eb8
        0x558434e62eb8
        0x558434e62eb8
        0x558434e62eb8
        0x558434e62eb8
        0x558434e62eb8
        0x558434e62eb8
        0x558434e62eb8
        0x558434e62eb8
        0x558434e62eb8
        0x558434e62eb8
        0x558434e62eb8
        0x558434e62eb8
        0x558434e62eb8
        0x558434e62eb8
        0x558434e62eb8
        0x558434e62eb8
        0x558434e62eb8
        0x558434e62eb8
        0x558434e62eb8
        0x558434e62eb8
        0x558434e62eb8
        0x558434e62eb8
        0x558434e62eb8
        0x558434e62eb8
        0x558434e62eb8
        0x558434e62eb8
        0x558434e62eb8
        0x558434e62eb8
        0x558434e62eb8
        0x558434e62eb8
        0x558434e62eb8
        0x558434e62eb8
        0x558434e62eb8
        0x558434e62eb8
        0x558434e62eb8
        0x558434e62eb8
        0x558434e62eb8
        0x558434e62eb8
        0x558434e62eb8
        0x558434e62eb8
        0x558434e62eb8
        0x558434e62eb8
        0x558434e62eb8
        0x558434e62eb8
        0x558434e62eb8
        0x558434e62eb8
        0x558434e62eb8
        0x558434e62eb8
        0x558434e62eb8
        0x558434e62eb8
        0x558434e62eb8
        0x558434e62eb8
        0x558434e62eb8
        0x558434e62eb8
        0x558434e62eb8
        0x558434e62eb8
        0x558434e62eb8
        0x558434e62eb8
        0x558434e62eb8
        0x558434e62eb8
        0x558434e62eb8
        0x558434e62eb8
        0x558434e62eb8
        0x558434e62eb8
        0x558434e62eb8
        0x558434e62eb8
        0x558434e62eb8
        0x558434e62eb8
        0x558434e62eb8
        0x558434e62eb8
        0x558434e62eb8
        0x558434e62eb8
        0x558434e62eb8
        0x558434e62eb8
        0x558434e62eb8
        0x558434e62eb8
        0x558434e62eb8
        0x558434e62eb8
        0x558434e62eb8
        0x558434e62eb8
        0x558434e62eb8
        0x558434e62eb8
        0x558434e62eb8
        0x558434e62eb8
        0x558434e62eb8
        0x558434e62eb8
        0x558434e62eb8
        0x558434e62eb8
        0x558434e62eb8
        0x558434e62eb8
        0x558434e62eb8
        0x558434e62eb8
        0x558434e62eb8
        0x558434e62eb8
        0x558434e62eb8
        0x558434e62eb8
        0x558434e62eb8
        0x558434e62eb8
        0x558434e62eb8
        0x558434e62eb8
        0x558434e62eb8
        0x558434e62eb8
        0x558434e62eb8
]: 1
@preempt_stack[
        mono_class_from_mono_type_internal+13
        0x110000
        0x558431b42e78
        0x558431b42e78
        0x558431b42e78
        0x558431b42e78
        0x558431b42e78
        0x558431b42e78
        0x558431b42e78
        0x558431b42e78
        0x558431b42e78
        0x558431b42e78
        0x558431b42e78
        0x558431b42e78
        0x558431b42e78
        0x558431b42e78
        0x558431b42e78
        0x558431b42e78
        0x558431b42e78
        0x558431b42e78
        0x558431b42e78
        0x558431b42e78
        0x558431b42e78
        0x558431b42e78
        0x558431b42e78
        0x558431b42e78
        0x558431b42e78
        0x558431b42e78
        0x558431b42e78
        0x558431b42e78
        0x558431b42e78
        0x558431b42e78
        0x558431b42e78
        0x558431b42e78
        0x558431b42e78
        0x558431b42e78
        0x558431b42e78
        0x558431b42e78
        0x558431b42e78
        0x558431b42e78
        0x558431b42e78
        0x558431b42e78
        0x558431b42e78
        0x558431b42e78
        0x558431b42e78
        0x558431b42e78
        0x558431b42e78
        0x558431b42e78
        0x558431b42e78
        0x558431b42e78
        0x558431b42e78
        0x558431b42e78
        0x558431b42e78
        0x558431b42e78
        0x558431b42e78
        0x558431b42e78
        0x558431b42e78
        0x558431b42e78
        0x558431b42e78
        0x558431b42e78
        0x558431b42e78
        0x558431b42e78
        0x558431b42e78
        0x558431b42e78
        0x558431b42e78
        0x558431b42e78
        0x558431b42e78
        0x558431b42e78
        0x558431b42e78
        0x558431b42e78
        0x558431b42e78
        0x558431b42e78
        0x558431b42e78
        0x558431b42e78
        0x558431b42e78
        0x558431b42e78
        0x558431b42e78
        0x558431b42e78
        0x558431b42e78
        0x558431b42e78
        0x558431b42e78
        0x558431b42e78
        0x558431b42e78
        0x558431b42e78
        0x558431b42e78
        0x558431b42e78
        0x558431b42e78
        0x558431b42e78
        0x558431b42e78
        0x558431b42e78
        0x558431b42e78
        0x558431b42e78
        0x558431b42e78
        0x558431b42e78
        0x558431b42e78
        0x558431b42e78
        0x558431b42e78
        0x558431b42e78
        0x558431b42e78
        0x558431b42e78
        0x558431b42e78
        0x558431b42e78
        0x558431b42e78
        0x558431b42e78
        0x558431b42e78
        0x558431b42e78
        0x558431b42e78
        0x558431b42e78
        0x558431b42e78
        0x558431b42e78
        0x558431b42e78
        0x558431b42e78
        0x558431b42e78
        0x558431b42e78
        0x558431b42e78
        0x558431b42e78
        0x558431b42e78
        0x558431b42e78
        0x558431b42e78
        0x558431b42e78
        0x558431b42e78
        0x558431b42e78
        0x558431b42e78
        0x558431b42e78
        0x558431b42e78
        0x558431b42e78
        0x558431b42e78
]: 1
@preempt_stack[
        0x7f953d9015ec
        0xc810c840c81
]: 1
@preempt_stack[
        0x7f953d9058b2
        0xe41
]: 1
@preempt_stack[
        pthread_mutex_trylock+909
        0x120000
        0x558434dd9dc8
        0x558434dd9dc8
        0x558434dd9dc8
        0x558434dd9dc8
        0x558434dd9dc8
        0x558434dd9dc8
        0x558434dd9dc8
        0x558434dd9dc8
        0x558434dd9dc8
        0x558434dd9dc8
        0x558434dd9dc8
        0x558434dd9dc8
        0x558434dd9dc8
        0x558434dd9dc8
        0x558434dd9dc8
        0x558434dd9dc8
        0x558434dd9dc8
        0x558434dd9dc8
        0x558434dd9dc8
        0x558434dd9dc8
        0x558434dd9dc8
        0x558434dd9dc8
        0x558434dd9dc8
        0x558434dd9dc8
        0x558434dd9dc8
        0x558434dd9dc8
        0x558434dd9dc8
        0x558434dd9dc8
        0x558434dd9dc8
        0x558434dd9dc8
        0x558434dd9dc8
        0x558434dd9dc8
        0x558434dd9dc8
        0x558434dd9dc8
        0x558434dd9dc8
        0x558434dd9dc8
        0x558434dd9dc8
        0x558434dd9dc8
        0x558434dd9dc8
        0x558434dd9dc8
        0x558434dd9dc8
        0x558434dd9dc8
        0x558434dd9dc8
        0x558434dd9dc8
        0x558434dd9dc8
        0x558434dd9dc8
        0x558434dd9dc8
        0x558434dd9dc8
        0x558434dd9dc8
        0x558434dd9dc8
        0x558434dd9dc8
        0x558434dd9dc8
        0x558434dd9dc8
        0x558434dd9dc8
        0x558434dd9dc8
        0x558434dd9dc8
        0x558434dd9dc8
        0x558434dd9dc8
        0x558434dd9dc8
        0x558434dd9dc8
        0x558434dd9dc8
        0x558434dd9dc8
        0x558434dd9dc8
        0x558434dd9dc8
        0x558434dd9dc8
        0x558434dd9dc8
        0x558434dd9dc8
        0x558434dd9dc8
        0x558434dd9dc8
        0x558434dd9dc8
        0x558434dd9dc8
        0x558434dd9dc8
        0x558434dd9dc8
        0x558434dd9dc8
        0x558434dd9dc8
        0x558434dd9dc8
        0x558434dd9dc8
        0x558434dd9dc8
        0x558434dd9dc8
        0x558434dd9dc8
        0x558434dd9dc8
        0x558434dd9dc8
        0x558434dd9dc8
        0x558434dd9dc8
        0x558434dd9dc8
        0x558434dd9dc8
        0x558434dd9dc8
        0x558434dd9dc8
        0x558434dd9dc8
        0x558434dd9dc8
        0x558434dd9dc8
        0x558434dd9dc8
        0x558434dd9dc8
        0x558434dd9dc8
        0x558434dd9dc8
        0x558434dd9dc8
        0x558434dd9dc8
        0x558434dd9dc8
        0x558434dd9dc8
        0x558434dd9dc8
        0x558434dd9dc8
        0x558434dd9dc8
        0x558434dd9dc8
        0x558434dd9dc8
        0x558434dd9dc8
        0x558434dd9dc8
        0x558434dd9dc8
        0x558434dd9dc8
        0x558434dd9dc8
        0x558434dd9dc8
        0x558434dd9dc8
        0x558434dd9dc8
        0x558434dd9dc8
        0x558434dd9dc8
        0x558434dd9dc8
        0x558434dd9dc8
        0x558434dd9dc8
        0x558434dd9dc8
        0x558434dd9dc8
        0x558434dd9dc8
        0x558434dd9dc8
        0x558434dd9dc8
        0x558434dd9dc8
        0x558434dd9dc8
        0x558434dd9dc8
]: 1
@preempt_stack[
        0x7f953da7b2a8
        0xe400038ffff7360
        0x7f953da9dd80
        0x4810c08348010bfa
]: 1
@preempt_stack[
        0x7f953d9076a5
        0x7f950073ac40
        0x4cb04c804c304c1
]: 1
@preempt_stack[
        0x7f953dd1ace8
]: 1
@preempt_stack[
        0x40290bb6
        0x70023c1f7225260a
]: 1
@preempt_stack[
        GC_dirty_inner+41
        0
        0x2000000000000001
        0x558432740e50
        0x558432740e50
        0x558432740e50
        0x558432740e50
        0x558432740e50
        0x558432740e50
        0x558432740e50
        0x558432740e50
        0x558432740e50
        0x558432740e50
        0x558432740e50
        0x558432740e50
        0x558432740e50
        0x558432740e50
        0x558432740e50
        0x558432740e50
        0x558432740e50
        0x558432740e50
        0x558432740e50
        0x558432740e50
        0x558432740e50
        0x558432740e50
        0x558432740e50
        0x558432740e50
        0x558432740e50
        0x558432740e50
        0x558432740e50
        0x558432740e50
        0x558432740e50
        0x558432740e50
        0x558432740e50
        0x558432740e50
        0x558432740e50
        0x558432740e50
        0x558432740e50
        0x558432740e50
        0x558432740e50
        0x558432740e50
        0x558432740e50
        0x558432740e50
        0x558432740e50
        0x558432740e50
        0x558432740e50
        0x558432740e50
        0x558432740e50
        0x558432740e50
        0x558432740e50
        0x558432740e50
        0x558432740e50
        0x558432740e50
        0x558432740e50
        0x558432740e50
        0x558432740e50
        0x558432740e50
        0x558432740e50
        0x558432740e50
        0x558432740e50
        0x558432740e50
        0x558432740e50
        0x558432740e50
        0x558432740e50
        0x558432740e50
        0x558432740e50
        0x558432740e50
        0x558432740e50
        0x558432740e50
        0x558432740e50
        0x558432740e50
        0x558432740e50
        0x558432740e50
        0x558432740e50
        0x558432740e50
        0x558432740e50
        0x558432740e50
        0x558432740e50
        0x558432740e50
        0x558432740e50
        0x558432740e50
        0x558432740e50
        0x558432740e50
        0x558432740e50
        0x558432740e50
        0x558432740e50
        0x558432740e50
        0x558432740e50
        0x558432740e50
        0x558432740e50
        0x558432740e50
        0x558432740e50
        0x558432740e50
        0x558432740e50
        0x558432740e50
        0x558432740e50
        0x558432740e50
        0x558432740e50
        0x558432740e50
        0x558432740e50
        0x558432740e50
        0x558432740e50
        0x558432740e50
        0x558432740e50
        0x558432740e50
        0x558432740e50
        0x558432740e50
        0x558432740e50
        0x558432740e50
        0x558432740e50
        0x558432740e50
        0x558432740e50
        0x558432740e50
        0x558432740e50
        0x558432740e50
        0x558432740e50
        0x558432740e50
        0x558432740e50
        0x558432740e50
        0x558432740e50
        0x558432740e50
        0x558432740e50
        0x558432740e50
        0x558432740e50
        0x558432740e50
        0x558432740e50
        0x558432740e50
]: 1
@preempt_stack[
        0x7f933396c230
        0
]: 1
@preempt_stack[
        0x7f953cbb8f22
        0x7f93404fa976
        0x61636f6c2e2f6963
]: 1
@preempt_stack[
        0x7f949ca56dfc
        0x4046dfb8
        0x40785934
        0x401c67a6
        0x7f949c846428
        0x7f949c9e578f
        0x558431b82490
]: 1
@preempt_stack[
        mono_g_hash_table_lookup_extended+66
        0x110000
        0x558431fd9a40
        0x558431fd9a40
        0x558431fd9a40
        0x558431fd9a40
        0x558431fd9a40
        0x558431fd9a40
        0x558431fd9a40
        0x558431fd9a40
        0x558431fd9a40
        0x558431fd9a40
        0x558431fd9a40
        0x558431fd9a40
        0x558431fd9a40
        0x558431fd9a40
        0x558431fd9a40
        0x558431fd9a40
        0x558431fd9a40
        0x558431fd9a40
        0x558431fd9a40
        0x558431fd9a40
        0x558431fd9a40
        0x558431fd9a40
        0x558431fd9a40
        0x558431fd9a40
        0x558431fd9a40
        0x558431fd9a40
        0x558431fd9a40
        0x558431fd9a40
        0x558431fd9a40
        0x558431fd9a40
        0x558431fd9a40
        0x558431fd9a40
        0x558431fd9a40
        0x558431fd9a40
        0x558431fd9a40
        0x558431fd9a40
        0x558431fd9a40
        0x558431fd9a40
        0x558431fd9a40
        0x558431fd9a40
        0x558431fd9a40
        0x558431fd9a40
        0x558431fd9a40
        0x558431fd9a40
        0x558431fd9a40
        0x558431fd9a40
        0x558431fd9a40
        0x558431fd9a40
        0x558431fd9a40
        0x558431fd9a40
        0x558431fd9a40
        0x558431fd9a40
        0x558431fd9a40
        0x558431fd9a40
        0x558431fd9a40
        0x558431fd9a40
        0x558431fd9a40
        0x558431fd9a40
        0x558431fd9a40
        0x558431fd9a40
        0x558431fd9a40
        0x558431fd9a40
        0x558431fd9a40
        0x558431fd9a40
        0x558431fd9a40
        0x558431fd9a40
        0x558431fd9a40
        0x558431fd9a40
        0x558431fd9a40
        0x558431fd9a40
        0x558431fd9a40
        0x558431fd9a40
        0x558431fd9a40
        0x558431fd9a40
        0x558431fd9a40
        0x558431fd9a40
        0x558431fd9a40
        0x558431fd9a40
        0x558431fd9a40
        0x558431fd9a40
        0x558431fd9a40
        0x558431fd9a40
        0x558431fd9a40
        0x558431fd9a40
        0x558431fd9a40
        0x558431fd9a40
        0x558431fd9a40
        0x558431fd9a40
        0x558431fd9a40
        0x558431fd9a40
        0x558431fd9a40
        0x558431fd9a40
        0x558431fd9a40
        0x558431fd9a40
        0x558431fd9a40
        0x558431fd9a40
        0x558431fd9a40
        0x558431fd9a40
        0x558431fd9a40
        0x558431fd9a40
        0x558431fd9a40
        0x558431fd9a40
        0x558431fd9a40
        0x558431fd9a40
        0x558431fd9a40
        0x558431fd9a40
        0x558431fd9a40
        0x558431fd9a40
        0x558431fd9a40
        0x558431fd9a40
        0x558431fd9a40
        0x558431fd9a40
        0x558431fd9a40
        0x558431fd9a40
        0x558431fd9a40
        0x558431fd9a40
        0x558431fd9a40
        0x558431fd9a40
        0x558431fd9a40
        0x558431fd9a40
        0x558431fd9a40
        0x558431fd9a40
        0x558431fd9a40
        0x558431fd9a40
        0x558431fd9a40
]: 1
@preempt_stack[
        0x40830e4b
        0x40d37448
        0x40d36eac
        0x40aeee2c
        0x40a8a7df
        0x40407e56
        0x40403d24
        0x7f949c846428
        0x7f949c9e578f
        0x558431b82490
]: 1
@preempt_stack[
        0x7f953dd1fe6b
        0x7f953e010000
        0x7f9502c44e70
        0x58
]: 1
@preempt_stack[
        0x7f953e5b66e5
]: 1
@preempt_stack[
        0x7f953e853acb
        0xea00038fffff066
        0x7f953da02410
        0x8348078948011124
]: 1
@preempt_stack[
        0x401b5d33
        0x4046dfb8
        0x40785934
        0x401c67a6
        0x7f949c846428
        0x7f949c9e578f
        0x558431b82490
]: 1
@preempt_stack[
        0x40797d01
        0x40797bc8
        0x7f947016739b
        0x7f947016759b
        0x7f93fc092d6b
        0x7f94788cb95b
        0x7f93fc07fabb
        0x401c67a6
        0x7f949c846428
        0x7f949c9e578f
        0x558431b82490
]: 1
@preempt_stack[
        0x7f953dcd7a78
        0x1c1
]: 1
@preempt_stack[
        0x7f949c9e44f9
        0x120000
        0x558433328420
        0x558433328420
        0x558433328420
        0x558433328420
        0x558433328420
        0x558433328420
        0x558433328420
        0x558433328420
        0x558433328420
        0x558433328420
        0x558433328420
        0x558433328420
        0x558433328420
        0x558433328420
        0x558433328420
        0x558433328420
        0x558433328420
        0x558433328420
        0x558433328420
        0x558433328420
        0x558433328420
        0x558433328420
        0x558433328420
        0x558433328420
        0x558433328420
        0x558433328420
        0x558433328420
        0x558433328420
        0x558433328420
        0x558433328420
        0x558433328420
        0x558433328420
        0x558433328420
        0x558433328420
        0x558433328420
        0x558433328420
        0x558433328420
        0x558433328420
        0x558433328420
        0x558433328420
        0x558433328420
        0x558433328420
        0x558433328420
        0x558433328420
        0x558433328420
        0x558433328420
        0x558433328420
        0x558433328420
        0x558433328420
        0x558433328420
        0x558433328420
        0x558433328420
        0x558433328420
        0x558433328420
        0x558433328420
        0x558433328420
        0x558433328420
        0x558433328420
        0x558433328420
        0x558433328420
        0x558433328420
        0x558433328420
        0x558433328420
        0x558433328420
        0x558433328420
        0x558433328420
        0x558433328420
        0x558433328420
        0x558433328420
        0x558433328420
        0x558433328420
        0x558433328420
        0x558433328420
        0x558433328420
        0x558433328420
        0x558433328420
        0x558433328420
        0x558433328420
        0x558433328420
        0x558433328420
        0x558433328420
        0x558433328420
        0x558433328420
        0x558433328420
        0x558433328420
        0x558433328420
        0x558433328420
        0x558433328420
        0x558433328420
        0x558433328420
        0x558433328420
        0x558433328420
        0x558433328420
        0x558433328420
        0x558433328420
        0x558433328420
        0x558433328420
        0x558433328420
        0x558433328420
        0x558433328420
        0x558433328420
        0x558433328420
        0x558433328420
        0x558433328420
        0x558433328420
        0x558433328420
        0x558433328420
        0x558433328420
        0x558433328420
        0x558433328420
        0x558433328420
        0x558433328420
        0x558433328420
        0x558433328420
        0x558433328420
        0x558433328420
        0x558433328420
        0x558433328420
        0x558433328420
        0x558433328420
        0x558433328420
        0x558433328420
        0x558433328420
        0x558433328420
        0x558433328420
]: 1
@preempt_stack[
        GC_allochblk_nth+0
]: 1
@preempt_stack[
        0x7f953dcd7ad1
        0xb01
]: 1
@preempt_stack[
        0x401a5601
        0x401a5590
        0x40212f04
        0x40a8a7df
        0x40407e56
        0x40403d24
        0x7f949c846428
        0x7f949c9e578f
        0x558431b82490
]: 1
@preempt_stack[
        0x406403f6
        0x4046dfb8
        0x40785934
        0x401c67a6
        0x7f949c846428
        0x7f949c9e578f
        0x558431b82490
]: 1
@preempt_stack[
        0x7f953d905d00
        0
]: 1
@preempt_stack[
        0x7f953e84b9a0
        0xe01
]: 1
@preempt_stack[
        0x7f953dd4fabd
        0x20
]: 1
@preempt_stack[
        0x401b5e5a
        0x4046dfb8
        0x40785934
        0x401c67a6
        0x7f949c846428
        0x7f949c9e578f
        0x558431b82490
]: 1
@preempt_stack[
        0x7f953ddcb071
        0xc410c440c41
]: 1
@preempt_stack[
        0x401b5f9b
        0x4046dfb8
        0x40785934
        0x401c67a6
        0x7f949c846428
        0x7f949c9e578f
        0x558431b82490
]: 1
@preempt_stack[
        0x40442a52
]: 1
@preempt_stack[
        0x7f953da57c03
        0x7f9502eee430
        0
        0x7f9500000038
        0x7f9500000038
        0x7f9500000038
        0x7f9500000038
        0x7f9500000038
        0x7f9500000038
        0x7f9500000038
        0x7f9500000038
        0x7f9500000038
        0x7f9500000038
        0x7f9500000038
        0x7f9500000038
        0x7f9500000038
        0x7f9500000038
        0x7f9500000038
        0x7f9500000038
        0x7f9500000038
        0x7f9500000038
        0x7f9500000038
        0x7f9500000038
        0x7f9500000038
        0x7f9500000038
        0x7f9500000038
        0x7f9500000038
        0x7f9500000038
        0x7f9500000038
        0x7f9500000038
        0x7f9500000038
        0x7f9500000038
        0x7f9500000038
        0x7f9500000038
        0x7f9500000038
        0x7f9500000038
        0x7f9500000038
        0x7f9500000038
        0x7f9500000038
        0x7f9500000038
        0x7f9500000038
        0x7f9500000038
        0x7f9500000038
        0x7f9500000038
        0x7f9500000038
        0x7f9500000038
        0x7f9500000038
        0x7f9500000038
        0x7f9500000038
        0x7f9500000038
        0x7f9500000038
        0x7f9500000038
        0x7f9500000038
        0x7f9500000038
        0x7f9500000038
        0x7f9500000038
        0x7f9500000038
        0x7f9500000038
        0x7f9500000038
        0x7f9500000038
        0x7f9500000038
        0x7f9500000038
        0x7f9500000038
        0x7f9500000038
        0x7f9500000038
        0x7f9500000038
        0x7f9500000038
        0x7f9500000038
        0x7f9500000038
        0x7f9500000038
        0x7f9500000038
        0x7f9500000038
        0x7f9500000038
        0x7f9500000038
        0x7f9500000038
        0x7f9500000038
        0x7f9500000038
        0x7f9500000038
        0x7f9500000038
        0x7f9500000038
        0x7f9500000038
        0x7f9500000038
        0x7f9500000038
        0x7f9500000038
        0x7f9500000038
        0x7f9500000038
        0x7f9500000038
        0x7f9500000038
        0x7f9500000038
        0x7f9500000038
        0x7f9500000038
        0x7f9500000038
        0x7f9500000038
        0x7f9500000038
        0x7f9500000038
        0x7f9500000038
        0x7f9500000038
        0x7f9500000038
        0x7f9500000038
        0x7f9500000038
        0x7f9500000038
        0x7f9500000038
        0x7f9500000038
        0x7f9500000038
        0x7f9500000038
        0x7f9500000038
        0x7f9500000038
        0x7f9500000038
        0x7f9500000038
        0x7f9500000038
        0x7f9500000038
        0x7f9500000038
        0x7f9500000038
        0x7f9500000038
        0x7f9500000038
        0x7f9500000038
        0x7f9500000038
        0x7f9500000038
        0x7f9500000038
        0x7f9500000038
        0x7f9500000038
        0x7f9500000038
        0x7f9500000038
        0x7f9500000038
        0x7f9500000038
        0x7f9500000038
        0x7f9500000038
]: 1
@preempt_stack[
        0x7f953dd1a46b
        0x7f9500000428
        0x3f80000000000000
]: 1
@preempt_stack[
        monoeg_g_hash_table_lookup_extended+66
        0x7f93c8178298
        0x5070825120e0207
]: 1
@preempt_stack[
        0x7f949ca0c35d
        0x7f949cdbe760
        0
        0x7f94000417c0
]: 1
@preempt_stack[
        0x7f949c9dcfb8
]: 1
@preempt_stack[
        0x7f949c9ac922
        0x4046dfb8
        0x40785934
        0x401c67a6
        0x7f949c846428
        0x7f949c9e578f
        0x558431b82490
]: 1
@preempt_stack[
        0x7f953e5b2d62
]: 1
@preempt_stack[
        0x7f953dcd6a50
        0x70107040702
]: 1
@preempt_stack[
        0x7f953dcd7ad1
        0xd81
]: 1
@preempt_stack[
        0x7f953db0c507
        0xe81
]: 1
@preempt_stack[
        0x7f953dcbe937
        0x7f9502458a30
        0x58
]: 1
@preempt_stack[
        0x7f953dcd7bbb
        0xac10ac40ac1
]: 1
@preempt_stack[
        0x40cd5ef2
        0
        0
        0x5584326a9a10
        0x5584326a9a10
        0x5584326a9a10
        0x5584326a9a10
        0x5584326a9a10
        0x5584326a9a10
        0x5584326a9a10
        0x5584326a9a10
        0x5584326a9a10
        0x5584326a9a10
        0x5584326a9a10
        0x5584326a9a10
        0x5584326a9a10
        0x5584326a9a10
        0x5584326a9a10
        0x5584326a9a10
        0x5584326a9a10
        0x5584326a9a10
        0x5584326a9a10
        0x5584326a9a10
        0x5584326a9a10
        0x5584326a9a10
        0x5584326a9a10
        0x5584326a9a10
        0x5584326a9a10
        0x5584326a9a10
        0x5584326a9a10
        0x5584326a9a10
        0x5584326a9a10
        0x5584326a9a10
        0x5584326a9a10
        0x5584326a9a10
        0x5584326a9a10
        0x5584326a9a10
        0x5584326a9a10
        0x5584326a9a10
        0x5584326a9a10
        0x5584326a9a10
        0x5584326a9a10
        0x5584326a9a10
        0x5584326a9a10
        0x5584326a9a10
        0x5584326a9a10
        0x5584326a9a10
        0x5584326a9a10
        0x5584326a9a10
        0x5584326a9a10
        0x5584326a9a10
        0x5584326a9a10
        0x5584326a9a10
        0x5584326a9a10
        0x5584326a9a10
        0x5584326a9a10
        0x5584326a9a10
        0x5584326a9a10
        0x5584326a9a10
        0x5584326a9a10
        0x5584326a9a10
        0x5584326a9a10
        0x5584326a9a10
        0x5584326a9a10
        0x5584326a9a10
        0x5584326a9a10
        0x5584326a9a10
        0x5584326a9a10
        0x5584326a9a10
        0x5584326a9a10
        0x5584326a9a10
        0x5584326a9a10
        0x5584326a9a10
        0x5584326a9a10
        0x5584326a9a10
        0x5584326a9a10
        0x5584326a9a10
        0x5584326a9a10
        0x5584326a9a10
        0x5584326a9a10
        0x5584326a9a10
        0x5584326a9a10
        0x5584326a9a10
        0x5584326a9a10
        0x5584326a9a10
        0x5584326a9a10
        0x5584326a9a10
        0x5584326a9a10
        0x5584326a9a10
        0x5584326a9a10
        0x5584326a9a10
        0x5584326a9a10
        0x5584326a9a10
        0x5584326a9a10
        0x5584326a9a10
        0x5584326a9a10
        0x5584326a9a10
        0x5584326a9a10
        0x5584326a9a10
        0x5584326a9a10
        0x5584326a9a10
        0x5584326a9a10
        0x5584326a9a10
        0x5584326a9a10
        0x5584326a9a10
        0x5584326a9a10
        0x5584326a9a10
        0x5584326a9a10
        0x5584326a9a10
        0x5584326a9a10
        0x5584326a9a10
        0x5584326a9a10
        0x5584326a9a10
        0x5584326a9a10
        0x5584326a9a10
        0x5584326a9a10
        0x5584326a9a10
        0x5584326a9a10
        0x5584326a9a10
        0x5584326a9a10
        0x5584326a9a10
        0x5584326a9a10
        0x5584326a9a10
        0x5584326a9a10
        0x5584326a9a10
        0x5584326a9a10
        0x5584326a9a10
]: 1
@preempt_stack[
        0x4043fc0d
        0
        0x3c00000000000001
        0x558432d2dca0
        0x558432d2dca0
        0x558432d2dca0
        0x558432d2dca0
        0x558432d2dca0
        0x558432d2dca0
        0x558432d2dca0
        0x558432d2dca0
        0x558432d2dca0
        0x558432d2dca0
        0x558432d2dca0
        0x558432d2dca0
        0x558432d2dca0
        0x558432d2dca0
        0x558432d2dca0
        0x558432d2dca0
        0x558432d2dca0
        0x558432d2dca0
        0x558432d2dca0
        0x558432d2dca0
        0x558432d2dca0
        0x558432d2dca0
        0x558432d2dca0
        0x558432d2dca0
        0x558432d2dca0
        0x558432d2dca0
        0x558432d2dca0
        0x558432d2dca0
        0x558432d2dca0
        0x558432d2dca0
        0x558432d2dca0
        0x558432d2dca0
        0x558432d2dca0
        0x558432d2dca0
        0x558432d2dca0
        0x558432d2dca0
        0x558432d2dca0
        0x558432d2dca0
        0x558432d2dca0
        0x558432d2dca0
        0x558432d2dca0
        0x558432d2dca0
        0x558432d2dca0
        0x558432d2dca0
        0x558432d2dca0
        0x558432d2dca0
        0x558432d2dca0
        0x558432d2dca0
        0x558432d2dca0
        0x558432d2dca0
        0x558432d2dca0
        0x558432d2dca0
        0x558432d2dca0
        0x558432d2dca0
        0x558432d2dca0
        0x558432d2dca0
        0x558432d2dca0
        0x558432d2dca0
        0x558432d2dca0
        0x558432d2dca0
        0x558432d2dca0
        0x558432d2dca0
        0x558432d2dca0
        0x558432d2dca0
        0x558432d2dca0
        0x558432d2dca0
        0x558432d2dca0
        0x558432d2dca0
        0x558432d2dca0
        0x558432d2dca0
        0x558432d2dca0
        0x558432d2dca0
        0x558432d2dca0
        0x558432d2dca0
        0x558432d2dca0
        0x558432d2dca0
        0x558432d2dca0
        0x558432d2dca0
        0x558432d2dca0
        0x558432d2dca0
        0x558432d2dca0
        0x558432d2dca0
        0x558432d2dca0
        0x558432d2dca0
        0x558432d2dca0
        0x558432d2dca0
        0x558432d2dca0
        0x558432d2dca0
        0x558432d2dca0
        0x558432d2dca0
        0x558432d2dca0
        0x558432d2dca0
        0x558432d2dca0
        0x558432d2dca0
        0x558432d2dca0
        0x558432d2dca0
        0x558432d2dca0
        0x558432d2dca0
        0x558432d2dca0
        0x558432d2dca0
        0x558432d2dca0
        0x558432d2dca0
        0x558432d2dca0
        0x558432d2dca0
        0x558432d2dca0
        0x558432d2dca0
        0x558432d2dca0
        0x558432d2dca0
        0x558432d2dca0
        0x558432d2dca0
        0x558432d2dca0
        0x558432d2dca0
        0x558432d2dca0
        0x558432d2dca0
        0x558432d2dca0
        0x558432d2dca0
        0x558432d2dca0
        0x558432d2dca0
        0x558432d2dca0
        0x558432d2dca0
        0x558432d2dca0
        0x558432d2dca0
        0x558432d2dca0
        0x558432d2dca0
]: 1
@preempt_stack[
        0x7f953d9fb554
        0xea00038ffff3d3e
        0x7f953da02410
        0x8348078948011124
]: 1
@preempt_stack[
        mono_metadata_type_hash+80
        0x120000
        0x558432951dd0
        0x558432951dd0
        0x558432951dd0
        0x558432951dd0
        0x558432951dd0
        0x558432951dd0
        0x558432951dd0
        0x558432951dd0
        0x558432951dd0
        0x558432951dd0
        0x558432951dd0
        0x558432951dd0
        0x558432951dd0
        0x558432951dd0
        0x558432951dd0
        0x558432951dd0
        0x558432951dd0
        0x558432951dd0
        0x558432951dd0
        0x558432951dd0
        0x558432951dd0
        0x558432951dd0
        0x558432951dd0
        0x558432951dd0
        0x558432951dd0
        0x558432951dd0
        0x558432951dd0
        0x558432951dd0
        0x558432951dd0
        0x558432951dd0
        0x558432951dd0
        0x558432951dd0
        0x558432951dd0
        0x558432951dd0
        0x558432951dd0
        0x558432951dd0
        0x558432951dd0
        0x558432951dd0
        0x558432951dd0
        0x558432951dd0
        0x558432951dd0
        0x558432951dd0
        0x558432951dd0
        0x558432951dd0
        0x558432951dd0
        0x558432951dd0
        0x558432951dd0
        0x558432951dd0
        0x558432951dd0
        0x558432951dd0
        0x558432951dd0
        0x558432951dd0
        0x558432951dd0
        0x558432951dd0
        0x558432951dd0
        0x558432951dd0
        0x558432951dd0
        0x558432951dd0
        0x558432951dd0
        0x558432951dd0
        0x558432951dd0
        0x558432951dd0
        0x558432951dd0
        0x558432951dd0
        0x558432951dd0
        0x558432951dd0
        0x558432951dd0
        0x558432951dd0
        0x558432951dd0
        0x558432951dd0
        0x558432951dd0
        0x558432951dd0
        0x558432951dd0
        0x558432951dd0
        0x558432951dd0
        0x558432951dd0
        0x558432951dd0
        0x558432951dd0
        0x558432951dd0
        0x558432951dd0
        0x558432951dd0
        0x558432951dd0
        0x558432951dd0
        0x558432951dd0
        0x558432951dd0
        0x558432951dd0
        0x558432951dd0
        0x558432951dd0
        0x558432951dd0
        0x558432951dd0
        0x558432951dd0
        0x558432951dd0
        0x558432951dd0
        0x558432951dd0
        0x558432951dd0
        0x558432951dd0
        0x558432951dd0
        0x558432951dd0
        0x558432951dd0
        0x558432951dd0
        0x558432951dd0
        0x558432951dd0
        0x558432951dd0
        0x558432951dd0
        0x558432951dd0
        0x558432951dd0
        0x558432951dd0
        0x558432951dd0
        0x558432951dd0
        0x558432951dd0
        0x558432951dd0
        0x558432951dd0
        0x558432951dd0
        0x558432951dd0
        0x558432951dd0
        0x558432951dd0
        0x558432951dd0
        0x558432951dd0
        0x558432951dd0
        0x558432951dd0
        0x558432951dd0
        0x558432951dd0
        0x558432951dd0
        0x558432951dd0
        0x558432951dd0
]: 1
@preempt_stack[
        0x7f953d6cd183
]: 1
@preempt_stack[
        0x407978ae
]: 1
@preempt_stack[
        0x7f949c9cb5c4
        0
        0
        0x558434e6a220
]: 1
@preempt_stack[
        0x401a5a41
        0x4021cc78
]: 1
@preempt_stack[
        0x7f953dcd7c03
        0x883
]: 1
@preempt_stack[
        GC_continue_reclaim+54
        0
]: 1
@preempt_stack[
        0x7f953e5a5940
]: 1
@preempt_stack[
        0x7f953dcd373c
        0x583
]: 1
@preempt_stack[
        0x7f949ca56df1
]: 1
@preempt_stack[
        0x7f949c8d27ba
        0x8b00007f949cdb
]: 1
@preempt_stack[
        0x7f949c9cb5b8
        0
        0
        0x558434838670
]: 1
@preempt_stack[
        0x40c62360
        0x40d37448
        0x40d36eac
        0x40aeee2c
        0x40a8a7df
        0x40407e56
        0x40403d24
        0x7f949c846428
        0x7f949c9e578f
        0x558431b82490
]: 1
@preempt_stack[
        0x7f953e4a6a38
]: 1
@preempt_stack[
        0x7f949c99dea1
]: 1
@preempt_stack[
        0x7f953dd54d42
]: 1
@preempt_stack[
        0x7f949c9cb8d8
        0x120000
        0x558434a265c8
        0x558434a265c8
        0x558434a265c8
        0x558434a265c8
        0x558434a265c8
        0x558434a265c8
        0x558434a265c8
        0x558434a265c8
        0x558434a265c8
        0x558434a265c8
        0x558434a265c8
        0x558434a265c8
        0x558434a265c8
        0x558434a265c8
        0x558434a265c8
        0x558434a265c8
        0x558434a265c8
        0x558434a265c8
        0x558434a265c8
        0x558434a265c8
        0x558434a265c8
        0x558434a265c8
        0x558434a265c8
        0x558434a265c8
        0x558434a265c8
        0x558434a265c8
        0x558434a265c8
        0x558434a265c8
        0x558434a265c8
        0x558434a265c8
        0x558434a265c8
        0x558434a265c8
        0x558434a265c8
        0x558434a265c8
        0x558434a265c8
        0x558434a265c8
        0x558434a265c8
        0x558434a265c8
        0x558434a265c8
        0x558434a265c8
        0x558434a265c8
        0x558434a265c8
        0x558434a265c8
        0x558434a265c8
        0x558434a265c8
        0x558434a265c8
        0x558434a265c8
        0x558434a265c8
        0x558434a265c8
        0x558434a265c8
        0x558434a265c8
        0x558434a265c8
        0x558434a265c8
        0x558434a265c8
        0x558434a265c8
        0x558434a265c8
        0x558434a265c8
        0x558434a265c8
        0x558434a265c8
        0x558434a265c8
        0x558434a265c8
        0x558434a265c8
        0x558434a265c8
        0x558434a265c8
        0x558434a265c8
        0x558434a265c8
        0x558434a265c8
        0x558434a265c8
        0x558434a265c8
        0x558434a265c8
        0x558434a265c8
        0x558434a265c8
        0x558434a265c8
        0x558434a265c8
        0x558434a265c8
        0x558434a265c8
        0x558434a265c8
        0x558434a265c8
        0x558434a265c8
        0x558434a265c8
        0x558434a265c8
        0x558434a265c8
        0x558434a265c8
        0x558434a265c8
        0x558434a265c8
        0x558434a265c8
        0x558434a265c8
        0x558434a265c8
        0x558434a265c8
        0x558434a265c8
        0x558434a265c8
        0x558434a265c8
        0x558434a265c8
        0x558434a265c8
        0x558434a265c8
        0x558434a265c8
        0x558434a265c8
        0x558434a265c8
        0x558434a265c8
        0x558434a265c8
        0x558434a265c8
        0x558434a265c8
        0x558434a265c8
        0x558434a265c8
        0x558434a265c8
        0x558434a265c8
        0x558434a265c8
        0x558434a265c8
        0x558434a265c8
        0x558434a265c8
        0x558434a265c8
        0x558434a265c8
        0x558434a265c8
        0x558434a265c8
        0x558434a265c8
        0x558434a265c8
        0x558434a265c8
        0x558434a265c8
        0x558434a265c8
        0x558434a265c8
        0x558434a265c8
        0x558434a265c8
        0x558434a265c8
        0x558434a265c8
        0x558434a265c8
]: 1
@preempt_stack[
        mono_metadata_type_hash+80
        0x120000
        0x55843523b848
        0x55843523b848
        0x55843523b848
        0x55843523b848
        0x55843523b848
        0x55843523b848
        0x55843523b848
        0x55843523b848
        0x55843523b848
        0x55843523b848
        0x55843523b848
        0x55843523b848
        0x55843523b848
        0x55843523b848
        0x55843523b848
        0x55843523b848
        0x55843523b848
        0x55843523b848
        0x55843523b848
        0x55843523b848
        0x55843523b848
        0x55843523b848
        0x55843523b848
        0x55843523b848
        0x55843523b848
        0x55843523b848
        0x55843523b848
        0x55843523b848
        0x55843523b848
        0x55843523b848
        0x55843523b848
        0x55843523b848
        0x55843523b848
        0x55843523b848
        0x55843523b848
        0x55843523b848
        0x55843523b848
        0x55843523b848
        0x55843523b848
        0x55843523b848
        0x55843523b848
        0x55843523b848
        0x55843523b848
        0x55843523b848
        0x55843523b848
        0x55843523b848
        0x55843523b848
        0x55843523b848
        0x55843523b848
        0x55843523b848
        0x55843523b848
        0x55843523b848
        0x55843523b848
        0x55843523b848
        0x55843523b848
        0x55843523b848
        0x55843523b848
        0x55843523b848
        0x55843523b848
        0x55843523b848
        0x55843523b848
        0x55843523b848
        0x55843523b848
        0x55843523b848
        0x55843523b848
        0x55843523b848
        0x55843523b848
        0x55843523b848
        0x55843523b848
        0x55843523b848
        0x55843523b848
        0x55843523b848
        0x55843523b848
        0x55843523b848
        0x55843523b848
        0x55843523b848
        0x55843523b848
        0x55843523b848
        0x55843523b848
        0x55843523b848
        0x55843523b848
        0x55843523b848
        0x55843523b848
        0x55843523b848
        0x55843523b848
        0x55843523b848
        0x55843523b848
        0x55843523b848
        0x55843523b848
        0x55843523b848
        0x55843523b848
        0x55843523b848
        0x55843523b848
        0x55843523b848
        0x55843523b848
        0x55843523b848
        0x55843523b848
        0x55843523b848
        0x55843523b848
        0x55843523b848
        0x55843523b848
        0x55843523b848
        0x55843523b848
        0x55843523b848
        0x55843523b848
        0x55843523b848
        0x55843523b848
        0x55843523b848
        0x55843523b848
        0x55843523b848
        0x55843523b848
        0x55843523b848
        0x55843523b848
        0x55843523b848
        0x55843523b848
        0x55843523b848
        0x55843523b848
        0x55843523b848
        0x55843523b848
        0x55843523b848
        0x55843523b848
        0x55843523b848
        0x55843523b848
        0x55843523b848
        0x55843523b848
]: 1
@preempt_stack[
        0x7f949ca0f68f
        0x130000
        0x2
        0
        0x558432a372a0
]: 1
@preempt_stack[
        0x7f953dcd7a3b
]: 1
@preempt_stack[
        pthread_mutex_trylock+909
        0x120000
        0x558432fc9490
        0x558432fc9490
        0x558432fc9490
        0x558432fc9490
        0x558432fc9490
        0x558432fc9490
        0x558432fc9490
        0x558432fc9490
        0x558432fc9490
        0x558432fc9490
        0x558432fc9490
        0x558432fc9490
        0x558432fc9490
        0x558432fc9490
        0x558432fc9490
        0x558432fc9490
        0x558432fc9490
        0x558432fc9490
        0x558432fc9490
        0x558432fc9490
        0x558432fc9490
        0x558432fc9490
        0x558432fc9490
        0x558432fc9490
        0x558432fc9490
        0x558432fc9490
        0x558432fc9490
        0x558432fc9490
        0x558432fc9490
        0x558432fc9490
        0x558432fc9490
        0x558432fc9490
        0x558432fc9490
        0x558432fc9490
        0x558432fc9490
        0x558432fc9490
        0x558432fc9490
        0x558432fc9490
        0x558432fc9490
        0x558432fc9490
        0x558432fc9490
        0x558432fc9490
        0x558432fc9490
        0x558432fc9490
        0x558432fc9490
        0x558432fc9490
        0x558432fc9490
        0x558432fc9490
        0x558432fc9490
        0x558432fc9490
        0x558432fc9490
        0x558432fc9490
        0x558432fc9490
        0x558432fc9490
        0x558432fc9490
        0x558432fc9490
        0x558432fc9490
        0x558432fc9490
        0x558432fc9490
        0x558432fc9490
        0x558432fc9490
        0x558432fc9490
        0x558432fc9490
        0x558432fc9490
        0x558432fc9490
        0x558432fc9490
        0x558432fc9490
        0x558432fc9490
        0x558432fc9490
        0x558432fc9490
        0x558432fc9490
        0x558432fc9490
        0x558432fc9490
        0x558432fc9490
        0x558432fc9490
        0x558432fc9490
        0x558432fc9490
        0x558432fc9490
        0x558432fc9490
        0x558432fc9490
        0x558432fc9490
        0x558432fc9490
        0x558432fc9490
        0x558432fc9490
        0x558432fc9490
        0x558432fc9490
        0x558432fc9490
        0x558432fc9490
        0x558432fc9490
        0x558432fc9490
        0x558432fc9490
        0x558432fc9490
        0x558432fc9490
        0x558432fc9490
        0x558432fc9490
        0x558432fc9490
        0x558432fc9490
        0x558432fc9490
        0x558432fc9490
        0x558432fc9490
        0x558432fc9490
        0x558432fc9490
        0x558432fc9490
        0x558432fc9490
        0x558432fc9490
        0x558432fc9490
        0x558432fc9490
        0x558432fc9490
        0x558432fc9490
        0x558432fc9490
        0x558432fc9490
        0x558432fc9490
        0x558432fc9490
        0x558432fc9490
        0x558432fc9490
        0x558432fc9490
        0x558432fc9490
        0x558432fc9490
        0x558432fc9490
        0x558432fc9490
        0x558432fc9490
        0x558432fc9490
        0x558432fc9490
        0x558432fc9490
        0x558432fc9490
]: 1
@preempt_stack[
        0x7f949c9cb60e
        0x1
        0
        0x5584347a1860
]: 1
@preempt_stack[
        0x7f953dd55a95
        0x2
]: 1
@preempt_stack[
        0x7f953e5b2004
        0
]: 1
@preempt_stack[
        0x7f953d9015ec
        0xb410b440b41
]: 1
@preempt_stack[
        0x402d68c2
]: 1
@preempt_stack[
        0x40caeeea
]: 1
@preempt_stack[
        mono_mempool_alloc+2
        0x7f9378013100
        0x558432c47840
]: 1
@preempt_stack[
        0x7f953d7bbdf1
]: 1
@preempt_stack[
        0x7f949c9cb8e4
        0x130000
        0x1
        0
        0x558434d70ca0
]: 1
@preempt_stack[
        __pthread_mutex_unlock+48
]: 1
@preempt_stack[
        0x40cac1d0
        0x40cabc4c
        0x40cab139
        0x40ca6ac7
        0x40407e56
        0x40403d24
        0x7f949c846428
        0x7f949c9e578f
        0x558431b82490
]: 1
@preempt_stack[
        monoeg_g_hash_table_lookup_extended+66
        0x558438eab320
]: 1
@preempt_stack[
        epoll_wait+98
        0x200000020
        0x7f9332980b20
        0x79ff85087f8b0789
]: 2
@preempt_stack[
        0x7f953e5a5982
]: 2
@preempt_stack[
        0x7f949c9dcfd2
]: 2
@preempt_stack[
        0x7f953d907326
]: 2
@preempt_stack[
        mono_metadata_type_hash+80
        0x110000
        0x558431b42e78
        0x558431b42e78
        0x558431b42e78
        0x558431b42e78
        0x558431b42e78
        0x558431b42e78
        0x558431b42e78
        0x558431b42e78
        0x558431b42e78
        0x558431b42e78
        0x558431b42e78
        0x558431b42e78
        0x558431b42e78
        0x558431b42e78
        0x558431b42e78
        0x558431b42e78
        0x558431b42e78
        0x558431b42e78
        0x558431b42e78
        0x558431b42e78
        0x558431b42e78
        0x558431b42e78
        0x558431b42e78
        0x558431b42e78
        0x558431b42e78
        0x558431b42e78
        0x558431b42e78
        0x558431b42e78
        0x558431b42e78
        0x558431b42e78
        0x558431b42e78
        0x558431b42e78
        0x558431b42e78
        0x558431b42e78
        0x558431b42e78
        0x558431b42e78
        0x558431b42e78
        0x558431b42e78
        0x558431b42e78
        0x558431b42e78
        0x558431b42e78
        0x558431b42e78
        0x558431b42e78
        0x558431b42e78
        0x558431b42e78
        0x558431b42e78
        0x558431b42e78
        0x558431b42e78
        0x558431b42e78
        0x558431b42e78
        0x558431b42e78
        0x558431b42e78
        0x558431b42e78
        0x558431b42e78
        0x558431b42e78
        0x558431b42e78
        0x558431b42e78
        0x558431b42e78
        0x558431b42e78
        0x558431b42e78
        0x558431b42e78
        0x558431b42e78
        0x558431b42e78
        0x558431b42e78
        0x558431b42e78
        0x558431b42e78
        0x558431b42e78
        0x558431b42e78
        0x558431b42e78
        0x558431b42e78
        0x558431b42e78
        0x558431b42e78
        0x558431b42e78
        0x558431b42e78
        0x558431b42e78
        0x558431b42e78
        0x558431b42e78
        0x558431b42e78
        0x558431b42e78
        0x558431b42e78
        0x558431b42e78
        0x558431b42e78
        0x558431b42e78
        0x558431b42e78
        0x558431b42e78
        0x558431b42e78
        0x558431b42e78
        0x558431b42e78
        0x558431b42e78
        0x558431b42e78
        0x558431b42e78
        0x558431b42e78
        0x558431b42e78
        0x558431b42e78
        0x558431b42e78
        0x558431b42e78
        0x558431b42e78
        0x558431b42e78
        0x558431b42e78
        0x558431b42e78
        0x558431b42e78
        0x558431b42e78
        0x558431b42e78
        0x558431b42e78
        0x558431b42e78
        0x558431b42e78
        0x558431b42e78
        0x558431b42e78
        0x558431b42e78
        0x558431b42e78
        0x558431b42e78
        0x558431b42e78
        0x558431b42e78
        0x558431b42e78
        0x558431b42e78
        0x558431b42e78
        0x558431b42e78
        0x558431b42e78
        0x558431b42e78
        0x558431b42e78
        0x558431b42e78
        0x558431b42e78
        0x558431b42e78
        0x558431b42e78
        0x558431b42e78
]: 2
@preempt_stack[
        0x7f949c9cb621
]: 2
@preempt_stack[
        0x7f953dd180df
]: 2
@preempt_stack[
        0x4023197c
        0x40c0d864
        0x4077cadf
        0x7f949c846428
        0x7f949c9e578f
        0x558431b82490
]: 2
@preempt_stack[
        0x7f953dd1a630
        0x7f9500000428
        0x3f80000000000000
]: 2
@preempt_stack[
        __clock_gettime+18
        0x2c00088000007f93
]: 2
@preempt_stack[
        0x7f953db07768
]: 2
@preempt_stack[
        0x402f21df
        0x40c0d864
        0x4077cadf
        0x7f949c846428
        0x7f949c9e578f
        0x558431b82490
]: 2
@preempt_stack[
        0x7f953d907303
]: 2
@preempt_stack[
        0x40c0cf60
        0x40c0d864
        0x4077cadf
        0x7f949c846428
        0x7f949c9e578f
        0x558431b82490
]: 2
@preempt_stack[
        0x401b236b
        0x4046dfb8
        0x40785934
        0x401c67a6
        0x7f949c846428
        0x7f949c9e578f
        0x558431b82490
]: 2
@preempt_stack[
        0x7f953dd42261
        0x2eaf0cdb28aa9316
]: 2
@preempt_stack[
        0x40c0d08e
        0x40c0d864
        0x4077cadf
        0x7f949c846428
        0x7f949c9e578f
        0x558431b82490
]: 2
@preempt_stack[
        0x7f953db08129
]: 2
@preempt_stack[
        0x7f949c9ac925
        0x4046dfb8
        0x40785934
        0x401c67a6
        0x7f949c846428
        0x7f949c9e578f
        0x558431b82490
]: 2
@preempt_stack[
        0x40c0cf18
        0x40c0d864
        0x4077cadf
        0x7f949c846428
        0x7f949c9e578f
        0x558431b82490
]: 2
@preempt_stack[
        0x7f953dd51034
]: 2
@preempt_stack[
        0x7f953d9075e9
        0
]: 2
@preempt_stack[
        0x7f953dd4e978
        0x2eaf0cdb28aa9316
]: 2
@preempt_stack[
        0x7f949c9af6f5
        0x5
]: 2
@preempt_stack[
        atanf32+53
]: 2
@preempt_stack[
        0x7f953e66dd1b
        0x7f9500cb2290
        0x7f953e66e030
]: 2
@preempt_stack[
        0x40cdbee9
]: 2
@preempt_stack[
        0x7f953dd243c8
        0x21
]: 2
@preempt_stack[
        0x7f953d905cf6
        0
]: 2
@preempt_stack[
        0x7f949c9ddb37
        0x558435bbc5f0
]: 2
@preempt_stack[
        0x7f949ca544cc
        0x7f949c9e578f
        0x558431b82490
]: 2
@preempt_stack[
        0x7f953caabea2
]: 2
@preempt_stack[
        0x7f953daa7a73
]: 2
@preempt_stack[
        0x7f949ca3ef6c
]: 2
@preempt_stack[
        0x7f953d9075ef
        0
]: 2
@preempt_stack[
        0x7f953e4a6c42
]: 2
@preempt_stack[
        0x401b5ee0
        0x4046dfb8
        0x40785934
        0x401c67a6
        0x7f949c846428
        0x7f949c9e578f
        0x558431b82490
]: 2
@preempt_stack[
        GC_dirty_inner+41
        0x40dbe6db
        0x40dbdc5c
        0x40b18238
        0x7f949c846428
        0x7f949c9e578f
        0x558431b82490
]: 2
@preempt_stack[
        0x7f949c9a23b6
        0
]: 2
@preempt_stack[
        0x7f953dd3cfaf
]: 2
@preempt_stack[
        0x7f949c9dd02f
]: 2
@preempt_stack[
        0x40c0cf58
        0x40c0d864
        0x4077cadf
        0x7f949c846428
        0x7f949c9e578f
        0x558431b82490
]: 2
@preempt_stack[
        0x7f953d907316
]: 2
@preempt_stack[
        0x401c954d
        0x40c0d864
        0x4077cadf
        0x7f949c846428
        0x7f949c9e578f
        0x558431b82490
]: 2
@preempt_stack[
        0x7f953db09470
]: 2
@preempt_stack[
        0x7f953e5b66c8
]: 2
@preempt_stack[
        0x7f953d7dad76
]: 2
@preempt_stack[
        0x7f953dd2dd92
        0xbd343f63
]: 2
@preempt_stack[
        0x7f953e5a597a
]: 2
@preempt_stack[
        0x7f953e5a54f7
]: 2
@preempt_stack[
        0x40c0cf4a
        0x40c0d864
        0x4077cadf
        0x7f949c846428
        0x7f949c9e578f
        0x558431b82490
]: 2
@preempt_stack[
        0x7f949c9ac928
        0x4046dfb8
        0x40785934
        0x401c67a6
        0x7f949c846428
        0x7f949c9e578f
        0x558431b82490
]: 2
@preempt_stack[
        0x7f949c9cb8ed
]: 2
@preempt_stack[
        0x7f953e6ca6ff
]: 2
@preempt_stack[
        0x7f953caa95d4
]: 2
@preempt_stack[
        0x7f953e572002
]: 2
@preempt_stack[
        0x7f949c9ade3e
]: 2
@preempt_stack[
        0x40caf06e
        0x40cad7b4
        0x40cabc4c
        0x40cab139
        0x40ca6ac7
        0x40407e56
        0x40403d24
        0x7f949c846428
        0x7f949c9e578f
        0x558431b82490
]: 2
@preempt_stack[
        0x7f953d905c54
]: 2
@preempt_stack[
        0x7f953dd4230f
        0x2eaf0cdb28aa9316
]: 2
@preempt_stack[
        0x7f953e5a5438
]: 2
@preempt_stack[
        0x7f953db0842f
]: 2
@preempt_stack[
        0x7f953e5a568f
]: 2
@preempt_stack[
        0x40461954
        0x4046dfb8
        0x40785934
        0x401c67a6
        0x7f949c846428
        0x7f949c9e578f
        0x558431b82490
]: 2
@preempt_stack[
        0x7f949c956de0
]: 2
@preempt_stack[
        0x7f953d905b73
]: 2
@preempt_stack[
        mono_metadata_type_equal+2
]: 2
@preempt_stack[
        0x7f949c99ddd5
]: 2
@preempt_stack[
        0x7f953dd51875
]: 2
@preempt_stack[
        0x7f949c9ddb44
        0x558435bbc5f0
]: 2
@preempt_stack[
        0x7f949c997efe
]: 2
@preempt_stack[
        0x40c0cf5c
        0x40c0d864
        0x4077cadf
        0x7f949c846428
        0x7f949c9e578f
        0x558431b82490
]: 2
@preempt_stack[
        GC_dirty_inner+41
        0x401c67a6
        0x7f949c846428
        0x7f949c9e578f
        0x558431b82490
]: 2
@preempt_stack[
        0x7f949ca0f68f
        0x110000
        0x558431b42e78
        0x558431b42e78
        0x558431b42e78
        0x558431b42e78
        0x558431b42e78
        0x558431b42e78
        0x558431b42e78
        0x558431b42e78
        0x558431b42e78
        0x558431b42e78
        0x558431b42e78
        0x558431b42e78
        0x558431b42e78
        0x558431b42e78
        0x558431b42e78
        0x558431b42e78
        0x558431b42e78
        0x558431b42e78
        0x558431b42e78
        0x558431b42e78
        0x558431b42e78
        0x558431b42e78
        0x558431b42e78
        0x558431b42e78
        0x558431b42e78
        0x558431b42e78
        0x558431b42e78
        0x558431b42e78
        0x558431b42e78
        0x558431b42e78
        0x558431b42e78
        0x558431b42e78
        0x558431b42e78
        0x558431b42e78
        0x558431b42e78
        0x558431b42e78
        0x558431b42e78
        0x558431b42e78
        0x558431b42e78
        0x558431b42e78
        0x558431b42e78
        0x558431b42e78
        0x558431b42e78
        0x558431b42e78
        0x558431b42e78
        0x558431b42e78
        0x558431b42e78
        0x558431b42e78
        0x558431b42e78
        0x558431b42e78
        0x558431b42e78
        0x558431b42e78
        0x558431b42e78
        0x558431b42e78
        0x558431b42e78
        0x558431b42e78
        0x558431b42e78
        0x558431b42e78
        0x558431b42e78
        0x558431b42e78
        0x558431b42e78
        0x558431b42e78
        0x558431b42e78
        0x558431b42e78
        0x558431b42e78
        0x558431b42e78
        0x558431b42e78
        0x558431b42e78
        0x558431b42e78
        0x558431b42e78
        0x558431b42e78
        0x558431b42e78
        0x558431b42e78
        0x558431b42e78
        0x558431b42e78
        0x558431b42e78
        0x558431b42e78
        0x558431b42e78
        0x558431b42e78
        0x558431b42e78
        0x558431b42e78
        0x558431b42e78
        0x558431b42e78
        0x558431b42e78
        0x558431b42e78
        0x558431b42e78
        0x558431b42e78
        0x558431b42e78
        0x558431b42e78
        0x558431b42e78
        0x558431b42e78
        0x558431b42e78
        0x558431b42e78
        0x558431b42e78
        0x558431b42e78
        0x558431b42e78
        0x558431b42e78
        0x558431b42e78
        0x558431b42e78
        0x558431b42e78
        0x558431b42e78
        0x558431b42e78
        0x558431b42e78
        0x558431b42e78
        0x558431b42e78
        0x558431b42e78
        0x558431b42e78
        0x558431b42e78
        0x558431b42e78
        0x558431b42e78
        0x558431b42e78
        0x558431b42e78
        0x558431b42e78
        0x558431b42e78
        0x558431b42e78
        0x558431b42e78
        0x558431b42e78
        0x558431b42e78
        0x558431b42e78
        0x558431b42e78
        0x558431b42e78
        0x558431b42e78
        0x558431b42e78
        0x558431b42e78
        0x558431b42e78
]: 2
@preempt_stack[
        0x40d5b9df
        0x40d56ef8
        0x40d56d80
        0x40d53864
        0
        0
        0x558432736408
        0x558432736408
        0x558432736408
        0x558432736408
        0x558432736408
        0x558432736408
        0x558432736408
        0x558432736408
        0x558432736408
        0x558432736408
        0x558432736408
        0x558432736408
        0x558432736408
        0x558432736408
        0x558432736408
        0x558432736408
        0x558432736408
        0x558432736408
        0x558432736408
        0x558432736408
        0x558432736408
        0x558432736408
        0x558432736408
        0x558432736408
        0x558432736408
        0x558432736408
        0x558432736408
        0x558432736408
        0x558432736408
        0x558432736408
        0x558432736408
        0x558432736408
        0x558432736408
        0x558432736408
        0x558432736408
        0x558432736408
        0x558432736408
        0x558432736408
        0x558432736408
        0x558432736408
        0x558432736408
        0x558432736408
        0x558432736408
        0x558432736408
        0x558432736408
        0x558432736408
        0x558432736408
        0x558432736408
        0x558432736408
        0x558432736408
        0x558432736408
        0x558432736408
        0x558432736408
        0x558432736408
        0x558432736408
        0x558432736408
        0x558432736408
        0x558432736408
        0x558432736408
        0x558432736408
        0x558432736408
        0x558432736408
        0x558432736408
        0x558432736408
        0x558432736408
        0x558432736408
        0x558432736408
        0x558432736408
        0x558432736408
        0x558432736408
        0x558432736408
        0x558432736408
        0x558432736408
        0x558432736408
        0x558432736408
        0x558432736408
        0x558432736408
        0x558432736408
        0x558432736408
        0x558432736408
        0x558432736408
        0x558432736408
        0x558432736408
        0x558432736408
        0x558432736408
        0x558432736408
        0x558432736408
        0x558432736408
        0x558432736408
        0x558432736408
        0x558432736408
        0x558432736408
        0x558432736408
        0x558432736408
        0x558432736408
        0x558432736408
        0x558432736408
        0x558432736408
        0x558432736408
        0x558432736408
        0x558432736408
        0x558432736408
        0x558432736408
        0x558432736408
        0x558432736408
        0x558432736408
        0x558432736408
        0x558432736408
        0x558432736408
        0x558432736408
        0x558432736408
        0x558432736408
        0x558432736408
        0x558432736408
        0x558432736408
        0x558432736408
        0x558432736408
        0x558432736408
        0x558432736408
        0x558432736408
        0x558432736408
]: 2
@preempt_stack[
        0x40caf13d
        0
        0x2000000000000001
        0x558432740e50
        0x558432740e50
        0x558432740e50
        0x558432740e50
        0x558432740e50
        0x558432740e50
        0x558432740e50
        0x558432740e50
        0x558432740e50
        0x558432740e50
        0x558432740e50
        0x558432740e50
        0x558432740e50
        0x558432740e50
        0x558432740e50
        0x558432740e50
        0x558432740e50
        0x558432740e50
        0x558432740e50
        0x558432740e50
        0x558432740e50
        0x558432740e50
        0x558432740e50
        0x558432740e50
        0x558432740e50
        0x558432740e50
        0x558432740e50
        0x558432740e50
        0x558432740e50
        0x558432740e50
        0x558432740e50
        0x558432740e50
        0x558432740e50
        0x558432740e50
        0x558432740e50
        0x558432740e50
        0x558432740e50
        0x558432740e50
        0x558432740e50
        0x558432740e50
        0x558432740e50
        0x558432740e50
        0x558432740e50
        0x558432740e50
        0x558432740e50
        0x558432740e50
        0x558432740e50
        0x558432740e50
        0x558432740e50
        0x558432740e50
        0x558432740e50
        0x558432740e50
        0x558432740e50
        0x558432740e50
        0x558432740e50
        0x558432740e50
        0x558432740e50
        0x558432740e50
        0x558432740e50
        0x558432740e50
        0x558432740e50
        0x558432740e50
        0x558432740e50
        0x558432740e50
        0x558432740e50
        0x558432740e50
        0x558432740e50
        0x558432740e50
        0x558432740e50
        0x558432740e50
        0x558432740e50
        0x558432740e50
        0x558432740e50
        0x558432740e50
        0x558432740e50
        0x558432740e50
        0x558432740e50
        0x558432740e50
        0x558432740e50
        0x558432740e50
        0x558432740e50
        0x558432740e50
        0x558432740e50
        0x558432740e50
        0x558432740e50
        0x558432740e50
        0x558432740e50
        0x558432740e50
        0x558432740e50
        0x558432740e50
        0x558432740e50
        0x558432740e50
        0x558432740e50
        0x558432740e50
        0x558432740e50
        0x558432740e50
        0x558432740e50
        0x558432740e50
        0x558432740e50
        0x558432740e50
        0x558432740e50
        0x558432740e50
        0x558432740e50
        0x558432740e50
        0x558432740e50
        0x558432740e50
        0x558432740e50
        0x558432740e50
        0x558432740e50
        0x558432740e50
        0x558432740e50
        0x558432740e50
        0x558432740e50
        0x558432740e50
        0x558432740e50
        0x558432740e50
        0x558432740e50
        0x558432740e50
        0x558432740e50
        0x558432740e50
        0x558432740e50
        0x558432740e50
        0x558432740e50
        0x558432740e50
]: 2
@preempt_stack[
        0x7f949c9ddad4
        0x558435bbc5f0
]: 2
@preempt_stack[
        syscall+29
        0x7f9500c608d0
]: 2
@preempt_stack[
        0x40804b4a
        0x7f94788d013b
        0x401c67a6
        0x7f949c846428
        0x7f949c9e578f
        0x558431b82490
]: 2
@preempt_stack[
        0x7f953db0811a
]: 2
@preempt_stack[
        0x7f949c99ddce
]: 2
@preempt_stack[
        0x4023195a
        0x40c0d864
        0x4077cadf
        0x7f949c846428
        0x7f949c9e578f
        0x558431b82490
]: 2
@preempt_stack[
        0x7f953e5a542e
]: 2
@preempt_stack[
        0x4063fb80
        0x4046dfb8
        0x40785934
        0x401c67a6
        0x7f949c846428
        0x7f949c9e578f
        0x558431b82490
]: 2
@preempt_stack[
        mono_g_hash_table_lookup_extended+66
        0x110000
        0x558431b42e78
        0x558431b42e78
        0x558431b42e78
        0x558431b42e78
        0x558431b42e78
        0x558431b42e78
        0x558431b42e78
        0x558431b42e78
        0x558431b42e78
        0x558431b42e78
        0x558431b42e78
        0x558431b42e78
        0x558431b42e78
        0x558431b42e78
        0x558431b42e78
        0x558431b42e78
        0x558431b42e78
        0x558431b42e78
        0x558431b42e78
        0x558431b42e78
        0x558431b42e78
        0x558431b42e78
        0x558431b42e78
        0x558431b42e78
        0x558431b42e78
        0x558431b42e78
        0x558431b42e78
        0x558431b42e78
        0x558431b42e78
        0x558431b42e78
        0x558431b42e78
        0x558431b42e78
        0x558431b42e78
        0x558431b42e78
        0x558431b42e78
        0x558431b42e78
        0x558431b42e78
        0x558431b42e78
        0x558431b42e78
        0x558431b42e78
        0x558431b42e78
        0x558431b42e78
        0x558431b42e78
        0x558431b42e78
        0x558431b42e78
        0x558431b42e78
        0x558431b42e78
        0x558431b42e78
        0x558431b42e78
        0x558431b42e78
        0x558431b42e78
        0x558431b42e78
        0x558431b42e78
        0x558431b42e78
        0x558431b42e78
        0x558431b42e78
        0x558431b42e78
        0x558431b42e78
        0x558431b42e78
        0x558431b42e78
        0x558431b42e78
        0x558431b42e78
        0x558431b42e78
        0x558431b42e78
        0x558431b42e78
        0x558431b42e78
        0x558431b42e78
        0x558431b42e78
        0x558431b42e78
        0x558431b42e78
        0x558431b42e78
        0x558431b42e78
        0x558431b42e78
        0x558431b42e78
        0x558431b42e78
        0x558431b42e78
        0x558431b42e78
        0x558431b42e78
        0x558431b42e78
        0x558431b42e78
        0x558431b42e78
        0x558431b42e78
        0x558431b42e78
        0x558431b42e78
        0x558431b42e78
        0x558431b42e78
        0x558431b42e78
        0x558431b42e78
        0x558431b42e78
        0x558431b42e78
        0x558431b42e78
        0x558431b42e78
        0x558431b42e78
        0x558431b42e78
        0x558431b42e78
        0x558431b42e78
        0x558431b42e78
        0x558431b42e78
        0x558431b42e78
        0x558431b42e78
        0x558431b42e78
        0x558431b42e78
        0x558431b42e78
        0x558431b42e78
        0x558431b42e78
        0x558431b42e78
        0x558431b42e78
        0x558431b42e78
        0x558431b42e78
        0x558431b42e78
        0x558431b42e78
        0x558431b42e78
        0x558431b42e78
        0x558431b42e78
        0x558431b42e78
        0x558431b42e78
        0x558431b42e78
        0x558431b42e78
        0x558431b42e78
        0x558431b42e78
        0x558431b42e78
        0x558431b42e78
        0x558431b42e78
        0x558431b42e78
        0x558431b42e78
]: 2
@preempt_stack[
        0x7f949c9cb629
]: 2
@preempt_stack[
        0x7f953d905d3f
]: 2
@preempt_stack[
        0x40c0de06
        0x40c0d864
        0x4077cadf
        0x7f949c846428
        0x7f949c9e578f
        0x558431b82490
]: 2
@preempt_stack[
        0x7f953dd51764
]: 2
@preempt_stack[
        0x40caf0d7
        0x40ce0114
]: 3
@preempt_stack[
        0x7f949c9cb8e0
]: 3
@preempt_stack[
        0x7f949ca4d762
]: 3
@preempt_stack[
        GC_dirty_inner+41
]: 3
@preempt_stack[
        0x7f953dd511f4
]: 3
@preempt_stack[
        0x7f953d905cdb
        0
]: 3
@preempt_stack[
        0x7f949c9ace53
        0
]: 3
@preempt_stack[
        0x7f949ca4d77d
]: 3
@preempt_stack[
        GC_dirty_inner+41
        0x4046dfb8
        0x40785934
        0x401c67a6
        0x7f949c846428
        0x7f949c9e578f
        0x558431b82490
]: 3
@preempt_stack[
        0x40c0cf4e
        0x40c0d864
        0x4077cadf
        0x7f949c846428
        0x7f949c9e578f
        0x558431b82490
]: 3
@preempt_stack[
        0x7f953e5af96e
]: 3
@preempt_stack[
        GC_header_cache_miss+248
]: 3
@preempt_stack[
        0x40cadc60
        0x40ce0114
]: 3
@preempt_stack[
        0x7f953d9073d1
]: 3
@preempt_stack[
        0x7f953d9073e0
        0x35207265
]: 3
@preempt_stack[
        0x7f949ca0c35d
]: 3
@preempt_stack[
        0x40231914
        0x40c0d864
        0x4077cadf
        0x7f949c846428
        0x7f949c9e578f
        0x558431b82490
]: 3
@preempt_stack[
        0x7f949c97b240
]: 3
@preempt_stack[
        0x7f949c9cb626
]: 3
@preempt_stack[
        0x7f949c9dcfa3
        0x120000
        0x558434bb60f0
        0x558434bb60f0
        0x558434bb60f0
        0x558434bb60f0
        0x558434bb60f0
        0x558434bb60f0
        0x558434bb60f0
        0x558434bb60f0
        0x558434bb60f0
        0x558434bb60f0
        0x558434bb60f0
        0x558434bb60f0
        0x558434bb60f0
        0x558434bb60f0
        0x558434bb60f0
        0x558434bb60f0
        0x558434bb60f0
        0x558434bb60f0
        0x558434bb60f0
        0x558434bb60f0
        0x558434bb60f0
        0x558434bb60f0
        0x558434bb60f0
        0x558434bb60f0
        0x558434bb60f0
        0x558434bb60f0
        0x558434bb60f0
        0x558434bb60f0
        0x558434bb60f0
        0x558434bb60f0
        0x558434bb60f0
        0x558434bb60f0
        0x558434bb60f0
        0x558434bb60f0
        0x558434bb60f0
        0x558434bb60f0
        0x558434bb60f0
        0x558434bb60f0
        0x558434bb60f0
        0x558434bb60f0
        0x558434bb60f0
        0x558434bb60f0
        0x558434bb60f0
        0x558434bb60f0
        0x558434bb60f0
        0x558434bb60f0
        0x558434bb60f0
        0x558434bb60f0
        0x558434bb60f0
        0x558434bb60f0
        0x558434bb60f0
        0x558434bb60f0
        0x558434bb60f0
        0x558434bb60f0
        0x558434bb60f0
        0x558434bb60f0
        0x558434bb60f0
        0x558434bb60f0
        0x558434bb60f0
        0x558434bb60f0
        0x558434bb60f0
        0x558434bb60f0
        0x558434bb60f0
        0x558434bb60f0
        0x558434bb60f0
        0x558434bb60f0
        0x558434bb60f0
        0x558434bb60f0
        0x558434bb60f0
        0x558434bb60f0
        0x558434bb60f0
        0x558434bb60f0
        0x558434bb60f0
        0x558434bb60f0
        0x558434bb60f0
        0x558434bb60f0
        0x558434bb60f0
        0x558434bb60f0
        0x558434bb60f0
        0x558434bb60f0
        0x558434bb60f0
        0x558434bb60f0
        0x558434bb60f0
        0x558434bb60f0
        0x558434bb60f0
        0x558434bb60f0
        0x558434bb60f0
        0x558434bb60f0
        0x558434bb60f0
        0x558434bb60f0
        0x558434bb60f0
        0x558434bb60f0
        0x558434bb60f0
        0x558434bb60f0
        0x558434bb60f0
        0x558434bb60f0
        0x558434bb60f0
        0x558434bb60f0
        0x558434bb60f0
        0x558434bb60f0
        0x558434bb60f0
        0x558434bb60f0
        0x558434bb60f0
        0x558434bb60f0
        0x558434bb60f0
        0x558434bb60f0
        0x558434bb60f0
        0x558434bb60f0
        0x558434bb60f0
        0x558434bb60f0
        0x558434bb60f0
        0x558434bb60f0
        0x558434bb60f0
        0x558434bb60f0
        0x558434bb60f0
        0x558434bb60f0
        0x558434bb60f0
        0x558434bb60f0
        0x558434bb60f0
        0x558434bb60f0
        0x558434bb60f0
        0x558434bb60f0
        0x558434bb60f0
        0x558434bb60f0
        0x558434bb60f0
]: 3
@preempt_stack[
        0x7f949c99d305
]: 4
@preempt_stack[
        0x7f953dd4e965
        0x2eaf0cdb28aa9316
]: 4
@preempt_stack[
        0x7f949ca0c355
        0
]: 4
@preempt_stack[
        0x7f953d905d93
]: 4
@preempt_stack[
        sched_yield+11
]: 4
@preempt_stack[
        0x7f949c9dcfcf
]: 4
@preempt_stack[
        0x7f953cab61f2
        0x200000020
        0x7f9332980b20
        0x79ff85087f8b0789
]: 4
@preempt_stack[
        0x7f953caa95c8
]: 4
@preempt_stack[
        0x7f953d9075e0
        0
]: 4
@preempt_stack[
        0x7f953d905bfd
        0
]: 4
@preempt_stack[
        0x7f953caabeb0
]: 4
@preempt_stack[
        0x7f953d905d05
        0
]: 4
@preempt_stack[
        0x7f953dd243c0
        0x21
]: 4
@preempt_stack[
        0x7f953d9073e3
]: 5
@preempt_stack[
        0x7f953d9075ea
        0
]: 5
@preempt_stack[
        0x7f949c99de95
]: 5
@preempt_stack[
        0x7f953d905c76
]: 5
@preempt_stack[
        0x7f953d9ff734
]: 5
@preempt_stack[
        0x7f949c9dcfcb
]: 5
@preempt_stack[
        0x40c0dba9
        0x40c0d864
        0x4077cadf
        0x7f949c846428
        0x7f949c9e578f
        0x558431b82490
]: 5
@preempt_stack[
        0x7f953e571ffe
]: 5
@preempt_stack[
        0x7f953caa97de
]: 5
@preempt_stack[
        0x7f953d907341
]: 6
@preempt_stack[
        0x40c0d165
        0x40c0d864
        0x4077cadf
        0x7f949c846428
        0x7f949c9e578f
        0x558431b82490
]: 6
@preempt_stack[
        0x7f949c9cb645
]: 6
@preempt_stack[
        pthread_mutex_trylock+909
]: 6
@preempt_stack[
        0x7f949c99d308
]: 6
@preempt_stack[
        0x7f949c9ac963
]: 6
@preempt_stack[
        0x7f953d905cc9
        0
]: 6
@preempt_stack[
        0x7f953d9075bb
]: 6
@preempt_stack[
        0x7f953d905cfb
        0
]: 6
@preempt_stack[
        0x40231946
        0x40c0d864
        0x4077cadf
        0x7f949c846428
        0x7f949c9e578f
        0x558431b82490
]: 6
@preempt_stack[
        0x7f953d9077de
        0
]: 6
@preempt_stack[
        0x7f953d905ccf
        0
]: 6
@preempt_stack[
        0x7f953eea2bdd
        __clock_gettime+29
]: 6
@preempt_stack[
        __pthread_mutex_unlock+68
        0
        0x1c00000000000001
        0x558431b48de8
        0x558431b48de8
        0x558431b48de8
        0x558431b48de8
        0x558431b48de8
        0x558431b48de8
        0x558431b48de8
        0x558431b48de8
        0x558431b48de8
        0x558431b48de8
        0x558431b48de8
        0x558431b48de8
        0x558431b48de8
        0x558431b48de8
        0x558431b48de8
        0x558431b48de8
        0x558431b48de8
        0x558431b48de8
        0x558431b48de8
        0x558431b48de8
        0x558431b48de8
        0x558431b48de8
        0x558431b48de8
        0x558431b48de8
        0x558431b48de8
        0x558431b48de8
        0x558431b48de8
        0x558431b48de8
        0x558431b48de8
        0x558431b48de8
        0x558431b48de8
        0x558431b48de8
        0x558431b48de8
        0x558431b48de8
        0x558431b48de8
        0x558431b48de8
        0x558431b48de8
        0x558431b48de8
        0x558431b48de8
        0x558431b48de8
        0x558431b48de8
        0x558431b48de8
        0x558431b48de8
        0x558431b48de8
        0x558431b48de8
        0x558431b48de8
        0x558431b48de8
        0x558431b48de8
        0x558431b48de8
        0x558431b48de8
        0x558431b48de8
        0x558431b48de8
        0x558431b48de8
        0x558431b48de8
        0x558431b48de8
        0x558431b48de8
        0x558431b48de8
        0x558431b48de8
        0x558431b48de8
        0x558431b48de8
        0x558431b48de8
        0x558431b48de8
        0x558431b48de8
        0x558431b48de8
        0x558431b48de8
        0x558431b48de8
        0x558431b48de8
        0x558431b48de8
        0x558431b48de8
        0x558431b48de8
        0x558431b48de8
        0x558431b48de8
        0x558431b48de8
        0x558431b48de8
        0x558431b48de8
        0x558431b48de8
        0x558431b48de8
        0x558431b48de8
        0x558431b48de8
        0x558431b48de8
        0x558431b48de8
        0x558431b48de8
        0x558431b48de8
        0x558431b48de8
        0x558431b48de8
        0x558431b48de8
        0x558431b48de8
        0x558431b48de8
        0x558431b48de8
        0x558431b48de8
        0x558431b48de8
        0x558431b48de8
        0x558431b48de8
        0x558431b48de8
        0x558431b48de8
        0x558431b48de8
        0x558431b48de8
        0x558431b48de8
        0x558431b48de8
        0x558431b48de8
        0x558431b48de8
        0x558431b48de8
        0x558431b48de8
        0x558431b48de8
        0x558431b48de8
        0x558431b48de8
        0x558431b48de8
        0x558431b48de8
        0x558431b48de8
        0x558431b48de8
        0x558431b48de8
        0x558431b48de8
        0x558431b48de8
        0x558431b48de8
        0x558431b48de8
        0x558431b48de8
        0x558431b48de8
        0x558431b48de8
        0x558431b48de8
        0x558431b48de8
        0x558431b48de8
        0x558431b48de8
        0x558431b48de8
        0x558431b48de8
]: 7
@preempt_stack[
        0x7f949c9ace91
        0
]: 7
@preempt_stack[
        0x7f953dd3cf9c
]: 7
@preempt_stack[
        0x7f953d905b7a
]: 7
@preempt_stack[
        0x7f953d9077d9
        0
]: 7
@preempt_stack[
        0x7f949c99843e
        0
]: 7
@preempt_stack[
        0x4045e941
        0x4046dfb8
        0x40785934
        0x401c67a6
        0x7f949c846428
        0x7f949c9e578f
        0x558431b82490
]: 7
@preempt_stack[
        0x7f953d907601
        0
]: 7
@preempt_stack[
        __pthread_mutex_unlock+68
]: 7
@preempt_stack[
        0x7f949c9ac960
]: 7
@preempt_stack[
        0x7f953caa9847
]: 8
@preempt_stack[
        0x7f949ca0c357
]: 8
@preempt_stack[
        0x7f953d905cb7
        0
]: 8
@preempt_stack[
        0x7f953d9077d2
        0
]: 9
@preempt_stack[
        0x7f953d9077d5
        0
]: 10
@preempt_stack[
        0x7f949c99de92
]: 10
@preempt_stack[
        0x7f949ca0c35a
]: 13
@preempt_stack[
        0x7f949c9dcfa3
        0x110000
        0x558431b42e78
        0x558431b42e78
        0x558431b42e78
        0x558431b42e78
        0x558431b42e78
        0x558431b42e78
        0x558431b42e78
        0x558431b42e78
        0x558431b42e78
        0x558431b42e78
        0x558431b42e78
        0x558431b42e78
        0x558431b42e78
        0x558431b42e78
        0x558431b42e78
        0x558431b42e78
        0x558431b42e78
        0x558431b42e78
        0x558431b42e78
        0x558431b42e78
        0x558431b42e78
        0x558431b42e78
        0x558431b42e78
        0x558431b42e78
        0x558431b42e78
        0x558431b42e78
        0x558431b42e78
        0x558431b42e78
        0x558431b42e78
        0x558431b42e78
        0x558431b42e78
        0x558431b42e78
        0x558431b42e78
        0x558431b42e78
        0x558431b42e78
        0x558431b42e78
        0x558431b42e78
        0x558431b42e78
        0x558431b42e78
        0x558431b42e78
        0x558431b42e78
        0x558431b42e78
        0x558431b42e78
        0x558431b42e78
        0x558431b42e78
        0x558431b42e78
        0x558431b42e78
        0x558431b42e78
        0x558431b42e78
        0x558431b42e78
        0x558431b42e78
        0x558431b42e78
        0x558431b42e78
        0x558431b42e78
        0x558431b42e78
        0x558431b42e78
        0x558431b42e78
        0x558431b42e78
        0x558431b42e78
        0x558431b42e78
        0x558431b42e78
        0x558431b42e78
        0x558431b42e78
        0x558431b42e78
        0x558431b42e78
        0x558431b42e78
        0x558431b42e78
        0x558431b42e78
        0x558431b42e78
        0x558431b42e78
        0x558431b42e78
        0x558431b42e78
        0x558431b42e78
        0x558431b42e78
        0x558431b42e78
        0x558431b42e78
        0x558431b42e78
        0x558431b42e78
        0x558431b42e78
        0x558431b42e78
        0x558431b42e78
        0x558431b42e78
        0x558431b42e78
        0x558431b42e78
        0x558431b42e78
        0x558431b42e78
        0x558431b42e78
        0x558431b42e78
        0x558431b42e78
        0x558431b42e78
        0x558431b42e78
        0x558431b42e78
        0x558431b42e78
        0x558431b42e78
        0x558431b42e78
        0x558431b42e78
        0x558431b42e78
        0x558431b42e78
        0x558431b42e78
        0x558431b42e78
        0x558431b42e78
        0x558431b42e78
        0x558431b42e78
        0x558431b42e78
        0x558431b42e78
        0x558431b42e78
        0x558431b42e78
        0x558431b42e78
        0x558431b42e78
        0x558431b42e78
        0x558431b42e78
        0x558431b42e78
        0x558431b42e78
        0x558431b42e78
        0x558431b42e78
        0x558431b42e78
        0x558431b42e78
        0x558431b42e78
        0x558431b42e78
        0x558431b42e78
        0x558431b42e78
        0x558431b42e78
        0x558431b42e78
        0x558431b42e78
        0x558431b42e78
]: 13
@preempt_stack[
        0x7f953d905b28
]: 14
@preempt_stack[
        0x7f953d907607
        0
]: 15
@preempt_stack[
        0x7f953d9077d0
        0
]: 18
@preempt_stack[
        0x7f953d905d9b
]: 18
@preempt_stack[
        0x7f949ca0f6a9
        0
        0x1c00000000000001
        0x558431b48de8
        0x558431b48de8
        0x558431b48de8
        0x558431b48de8
        0x558431b48de8
        0x558431b48de8
        0x558431b48de8
        0x558431b48de8
        0x558431b48de8
        0x558431b48de8
        0x558431b48de8
        0x558431b48de8
        0x558431b48de8
        0x558431b48de8
        0x558431b48de8
        0x558431b48de8
        0x558431b48de8
        0x558431b48de8
        0x558431b48de8
        0x558431b48de8
        0x558431b48de8
        0x558431b48de8
        0x558431b48de8
        0x558431b48de8
        0x558431b48de8
        0x558431b48de8
        0x558431b48de8
        0x558431b48de8
        0x558431b48de8
        0x558431b48de8
        0x558431b48de8
        0x558431b48de8
        0x558431b48de8
        0x558431b48de8
        0x558431b48de8
        0x558431b48de8
        0x558431b48de8
        0x558431b48de8
        0x558431b48de8
        0x558431b48de8
        0x558431b48de8
        0x558431b48de8
        0x558431b48de8
        0x558431b48de8
        0x558431b48de8
        0x558431b48de8
        0x558431b48de8
        0x558431b48de8
        0x558431b48de8
        0x558431b48de8
        0x558431b48de8
        0x558431b48de8
        0x558431b48de8
        0x558431b48de8
        0x558431b48de8
        0x558431b48de8
        0x558431b48de8
        0x558431b48de8
        0x558431b48de8
        0x558431b48de8
        0x558431b48de8
        0x558431b48de8
        0x558431b48de8
        0x558431b48de8
        0x558431b48de8
        0x558431b48de8
        0x558431b48de8
        0x558431b48de8
        0x558431b48de8
        0x558431b48de8
        0x558431b48de8
        0x558431b48de8
        0x558431b48de8
        0x558431b48de8
        0x558431b48de8
        0x558431b48de8
        0x558431b48de8
        0x558431b48de8
        0x558431b48de8
        0x558431b48de8
        0x558431b48de8
        0x558431b48de8
        0x558431b48de8
        0x558431b48de8
        0x558431b48de8
        0x558431b48de8
        0x558431b48de8
        0x558431b48de8
        0x558431b48de8
        0x558431b48de8
        0x558431b48de8
        0x558431b48de8
        0x558431b48de8
        0x558431b48de8
        0x558431b48de8
        0x558431b48de8
        0x558431b48de8
        0x558431b48de8
        0x558431b48de8
        0x558431b48de8
        0x558431b48de8
        0x558431b48de8
        0x558431b48de8
        0x558431b48de8
        0x558431b48de8
        0x558431b48de8
        0x558431b48de8
        0x558431b48de8
        0x558431b48de8
        0x558431b48de8
        0x558431b48de8
        0x558431b48de8
        0x558431b48de8
        0x558431b48de8
        0x558431b48de8
        0x558431b48de8
        0x558431b48de8
        0x558431b48de8
        0x558431b48de8
        0x558431b48de8
        0x558431b48de8
        0x558431b48de8
        0x558431b48de8
        0x558431b48de8
]: 18
@preempt_stack[
        0x4019be20
        0x4046dfb8
        0x40785934
        0x401c67a6
        0x7f949c846428
        0x7f949c9e578f
        0x558431b82490
]: 20
@preempt_stack[
        0x7f953d905ccc
        0
]: 21
@preempt_stack[
        0x7f949c9acc12
        0
]: 23
@preempt_stack[
        0x7f949ca0c355
]: 30
@preempt_stack[
        0x7f953cab61f2
]: 33
@preempt_stack[
        0x7f949c9cb62c
]: 44
@preempt_stack[
        0x7f953d9075f7
        0
]: 51
@preempt_stack[
        0x7f949c9b2517
]: 59
@preempt_stack[
        0x7f949c9ace8e
        0
]: 61
@preempt_stack[
        0x7f953d9073e0
]: 95
@preempt_stack[
        0x7f953d9075fe
        0
]: 318
@preempt_stack[
        syscall+29
]: 492
@preempt_stack[
        0x7f953d9075fa
        0
]: 636
@preempted: 3533
@prev_state[16]: 8
@prev_state[2]: 664
@prev_state[256]: 2568
@prev_state[0]: 3533
@prev_state[1]: 178795
