/home/maci/Desktop/7dtd/7dtd-loadgen/workspace/bench/lap1/probe-15s/apm/session_20260822_083749_pid829742/bt/states.bt:35:20-25: WARNING: Expression of type: uint64 being cast to type: int64. This may cause unexpected results. Use an explicit cast to suppress this warning.
    $us = (uint64)(nsecs - @main_wake) / 1000;
                   ~~~~~
/home/maci/Desktop/7dtd/7dtd-loadgen/workspace/bench/lap1/probe-15s/apm/session_20260822_083749_pid829742/bt/states.bt:35:28-38: WARNING: Expression of type: uint64 being cast to type: int64. This may cause unexpected results. Use an explicit cast to suppress this warning.
    $us = (uint64)(nsecs - @main_wake) / 1000;
                           ~~~~~~~~~~
/home/maci/Desktop/7dtd/7dtd-loadgen/workspace/bench/lap1/probe-15s/apm/session_20260822_083749_pid829742/bt/states.bt:36:5-24: WARNING: Return value discarded.
    delete(@main_wake);
    ~~~~~~~~~~~~~~~~~~~
MAIN_RUNQ_STALL 10280 us (ready, not scheduled)

=== switch-out prev_state counts (0=R preempt) ===
@prev_state[16]: 3
@prev_state[2]: 791
@prev_state[256]: 1804
@prev_state[0]: 2923
@prev_state[1]: 151095

=== preemption count ===
@preempted: 2923

=== main-thread run-queue latency us (wake -> scheduled) ===
@main_runqlat_us:
[0]                 4664 |@@@@@@@@@@@@@@@@@@@@@@@@@@@@@@@@@@@@@@@@@@@@@@@@@@@@|
[1]                  772 |@@@@@@@@                                            |
[2, 4)               490 |@@@@@                                               |
[4, 8)                64 |                                                    |
[8, 16)               28 |                                                    |
[16, 32)              13 |                                                    |
[32, 64)               6 |                                                    |
[64, 128)              4 |                                                    |
[128, 256)             4 |                                                    |
[256, 512)             5 |                                                    |
[512, 1K)              6 |                                                    |
[1K, 2K)               2 |                                                    |
[2K, 4K)               1 |                                                    |
[4K, 8K)               0 |                                                    |
[8K, 16K)              1 |                                                    |


=== main-thread runq stall (>=1ms) total us + count ===
@main_runq_stall_us: 16465
@main_runq_stall_n: 4

=== preempt stacks (top) ===
@preempt_stack[
        0x7f03cdf05d93
]: 6
@preempt_stack[
        0x7f03ce33cf9c
]: 8
@preempt_stack[
        0x7f03cd0abeb0
]: 8
@preempt_stack[
        0x7f03cdf077d5
        0
]: 8
@preempt_stack[
        0x7f032c9acc12
        0
]: 9
@preempt_stack[
        0x7f03cdf05b28
]: 10
@preempt_stack[
        0x7f03cdf07341
]: 10
@preempt_stack[
        0x7f03cdf077d9
        0
]: 10
@preempt_stack[
        0x7f032ca0c355
]: 10
@preempt_stack[
        0x7f032c99de92
]: 10
@preempt_stack[
        0x7f03cd0a9847
]: 10
@preempt_stack[
        0x7f03cdf073e3
]: 11
@preempt_stack[
        0x7f03ceb72002
]: 12
@preempt_stack[
        0x7f032ca0f6a9
        0
        0x1c00000000000001
        0x55ec9c668de8
        0x55ec9c668de8
        0x55ec9c668de8
        0x55ec9c668de8
        0x55ec9c668de8
        0x55ec9c668de8
        0x55ec9c668de8
        0x55ec9c668de8
        0x55ec9c668de8
        0x55ec9c668de8
        0x55ec9c668de8
        0x55ec9c668de8
        0x55ec9c668de8
        0x55ec9c668de8
        0x55ec9c668de8
        0x55ec9c668de8
        0x55ec9c668de8
        0x55ec9c668de8
        0x55ec9c668de8
        0x55ec9c668de8
        0x55ec9c668de8
        0x55ec9c668de8
        0x55ec9c668de8
        0x55ec9c668de8
        0x55ec9c668de8
        0x55ec9c668de8
        0x55ec9c668de8
        0x55ec9c668de8
        0x55ec9c668de8
        0x55ec9c668de8
        0x55ec9c668de8
        0x55ec9c668de8
        0x55ec9c668de8
        0x55ec9c668de8
        0x55ec9c668de8
        0x55ec9c668de8
        0x55ec9c668de8
        0x55ec9c668de8
        0x55ec9c668de8
        0x55ec9c668de8
        0x55ec9c668de8
        0x55ec9c668de8
        0x55ec9c668de8
        0x55ec9c668de8
        0x55ec9c668de8
        0x55ec9c668de8
        0x55ec9c668de8
        0x55ec9c668de8
        0x55ec9c668de8
        0x55ec9c668de8
        0x55ec9c668de8
        0x55ec9c668de8
        0x55ec9c668de8
        0x55ec9c668de8
        0x55ec9c668de8
        0x55ec9c668de8
        0x55ec9c668de8
        0x55ec9c668de8
        0x55ec9c668de8
        0x55ec9c668de8
        0x55ec9c668de8
        0x55ec9c668de8
        0x55ec9c668de8
        0x55ec9c668de8
        0x55ec9c668de8
        0x55ec9c668de8
        0x55ec9c668de8
        0x55ec9c668de8
        0x55ec9c668de8
        0x55ec9c668de8
        0x55ec9c668de8
        0x55ec9c668de8
        0x55ec9c668de8
        0x55ec9c668de8
        0x55ec9c668de8
        0x55ec9c668de8
        0x55ec9c668de8
        0x55ec9c668de8
        0x55ec9c668de8
        0x55ec9c668de8
        0x55ec9c668de8
        0x55ec9c668de8
        0x55ec9c668de8
        0x55ec9c668de8
        0x55ec9c668de8
        0x55ec9c668de8
        0x55ec9c668de8
        0x55ec9c668de8
        0x55ec9c668de8
        0x55ec9c668de8
        0x55ec9c668de8
        0x55ec9c668de8
        0x55ec9c668de8
        0x55ec9c668de8
        0x55ec9c668de8
        0x55ec9c668de8
        0x55ec9c668de8
        0x55ec9c668de8
        0x55ec9c668de8
        0x55ec9c668de8
        0x55ec9c668de8
        0x55ec9c668de8
        0x55ec9c668de8
        0x55ec9c668de8
        0x55ec9c668de8
        0x55ec9c668de8
        0x55ec9c668de8
        0x55ec9c668de8
        0x55ec9c668de8
        0x55ec9c668de8
        0x55ec9c668de8
        0x55ec9c668de8
        0x55ec9c668de8
        0x55ec9c668de8
        0x55ec9c668de8
        0x55ec9c668de8
        0x55ec9c668de8
        0x55ec9c668de8
        0x55ec9c668de8
        0x55ec9c668de8
        0x55ec9c668de8
        0x55ec9c668de8
        0x55ec9c668de8
        0x55ec9c668de8
]: 12
@preempt_stack[
        0x7f03cdf077d0
        0
]: 14
@preempt_stack[
        0x40ba1e20
        0x416f5368
        0x41a0c934
        0x40bcc7a6
        0x7f032c846428
        0x7f032c9e578f
        0x55ec9c6a2490
]: 15
@preempt_stack[
        0x7f03cdf07607
        0
]: 17
@preempt_stack[
        0x7f03cdf07601
        0
]: 19
@preempt_stack[
        0x7f032c9cb62c
]: 22
@preempt_stack[
        0x7f03cdf05ccc
        0
]: 23
@preempt_stack[
        0x7f03ceb71ffe
]: 23
@preempt_stack[
        0x7f032c9ace8e
        0
]: 28
@preempt_stack[
        0x7f03cdf05d9b
]: 32
@preempt_stack[
        0x7f03cdf075f7
        0
]: 41
@preempt_stack[
        0x7f032c9b2517
]: 41
@preempt_stack[
        0x7f03cd0b61f2
]: 58
@preempt_stack[
        0x7f03cdf073e0
]: 120
@preempt_stack[
        0x7f03cdf075fe
        0
]: 367
@preempt_stack[
        syscall+29
]: 459
@preempt_stack[
        0x7f03cdf075fa
        0
]: 622


@main_runq_stall_n: 4
@main_runq_stall_us: 16465
@main_runqlat_sum_us: 26783
@main_runqlat_us:
[0]                 4664 |@@@@@@@@@@@@@@@@@@@@@@@@@@@@@@@@@@@@@@@@@@@@@@@@@@@@|
[1]                  772 |@@@@@@@@                                            |
[2, 4)               490 |@@@@@                                               |
[4, 8)                64 |                                                    |
[8, 16)               28 |                                                    |
[16, 32)              13 |                                                    |
[32, 64)               6 |                                                    |
[64, 128)              4 |                                                    |
[128, 256)             4 |                                                    |
[256, 512)             5 |                                                    |
[512, 1K)              6 |                                                    |
[1K, 2K)               2 |                                                    |
[2K, 4K)               1 |                                                    |
[4K, 8K)               0 |                                                    |
[8K, 16K)              1 |                                                    |

@preempt_stack[
        0x7f03ce355852
        0x530
]: 1
@preempt_stack[
        0x7f03ce10831d
        0x7f03937a97b8
        0x7f03ce31d730
        0x2556058d48fc8949
]: 1
@preempt_stack[
        0x7f03cdf077db
        0
]: 1
@preempt_stack[
        0x7f03cebaff3b
]: 1
@preempt_stack[
        0x7f03cf389883
        0x7f03cecfdab2
]: 1
@preempt_stack[
        mono_metadata_type_hash+80
        0x120000
        0x55ec9f35d3d8
        0x55ec9f35d3d8
        0x55ec9f35d3d8
        0x55ec9f35d3d8
        0x55ec9f35d3d8
        0x55ec9f35d3d8
        0x55ec9f35d3d8
        0x55ec9f35d3d8
        0x55ec9f35d3d8
        0x55ec9f35d3d8
        0x55ec9f35d3d8
        0x55ec9f35d3d8
        0x55ec9f35d3d8
        0x55ec9f35d3d8
        0x55ec9f35d3d8
        0x55ec9f35d3d8
        0x55ec9f35d3d8
        0x55ec9f35d3d8
        0x55ec9f35d3d8
        0x55ec9f35d3d8
        0x55ec9f35d3d8
        0x55ec9f35d3d8
        0x55ec9f35d3d8
        0x55ec9f35d3d8
        0x55ec9f35d3d8
        0x55ec9f35d3d8
        0x55ec9f35d3d8
        0x55ec9f35d3d8
        0x55ec9f35d3d8
        0x55ec9f35d3d8
        0x55ec9f35d3d8
        0x55ec9f35d3d8
        0x55ec9f35d3d8
        0x55ec9f35d3d8
        0x55ec9f35d3d8
        0x55ec9f35d3d8
        0x55ec9f35d3d8
        0x55ec9f35d3d8
        0x55ec9f35d3d8
        0x55ec9f35d3d8
        0x55ec9f35d3d8
        0x55ec9f35d3d8
        0x55ec9f35d3d8
        0x55ec9f35d3d8
        0x55ec9f35d3d8
        0x55ec9f35d3d8
        0x55ec9f35d3d8
        0x55ec9f35d3d8
        0x55ec9f35d3d8
        0x55ec9f35d3d8
        0x55ec9f35d3d8
        0x55ec9f35d3d8
        0x55ec9f35d3d8
        0x55ec9f35d3d8
        0x55ec9f35d3d8
        0x55ec9f35d3d8
        0x55ec9f35d3d8
        0x55ec9f35d3d8
        0x55ec9f35d3d8
        0x55ec9f35d3d8
        0x55ec9f35d3d8
        0x55ec9f35d3d8
        0x55ec9f35d3d8
        0x55ec9f35d3d8
        0x55ec9f35d3d8
        0x55ec9f35d3d8
        0x55ec9f35d3d8
        0x55ec9f35d3d8
        0x55ec9f35d3d8
        0x55ec9f35d3d8
        0x55ec9f35d3d8
        0x55ec9f35d3d8
        0x55ec9f35d3d8
        0x55ec9f35d3d8
        0x55ec9f35d3d8
        0x55ec9f35d3d8
        0x55ec9f35d3d8
        0x55ec9f35d3d8
        0x55ec9f35d3d8
        0x55ec9f35d3d8
        0x55ec9f35d3d8
        0x55ec9f35d3d8
        0x55ec9f35d3d8
        0x55ec9f35d3d8
        0x55ec9f35d3d8
        0x55ec9f35d3d8
        0x55ec9f35d3d8
        0x55ec9f35d3d8
        0x55ec9f35d3d8
        0x55ec9f35d3d8
        0x55ec9f35d3d8
        0x55ec9f35d3d8
        0x55ec9f35d3d8
        0x55ec9f35d3d8
        0x55ec9f35d3d8
        0x55ec9f35d3d8
        0x55ec9f35d3d8
        0x55ec9f35d3d8
        0x55ec9f35d3d8
        0x55ec9f35d3d8
        0x55ec9f35d3d8
        0x55ec9f35d3d8
        0x55ec9f35d3d8
        0x55ec9f35d3d8
        0x55ec9f35d3d8
        0x55ec9f35d3d8
        0x55ec9f35d3d8
        0x55ec9f35d3d8
        0x55ec9f35d3d8
        0x55ec9f35d3d8
        0x55ec9f35d3d8
        0x55ec9f35d3d8
        0x55ec9f35d3d8
        0x55ec9f35d3d8
        0x55ec9f35d3d8
        0x55ec9f35d3d8
        0x55ec9f35d3d8
        0x55ec9f35d3d8
        0x55ec9f35d3d8
        0x55ec9f35d3d8
        0x55ec9f35d3d8
        0x55ec9f35d3d8
        0x55ec9f35d3d8
        0x55ec9f35d3d8
        0x55ec9f35d3d8
]: 1
@preempt_stack[
        0x7f03cf389bdd
        __clock_gettime+29
        0x5
]: 1
@preempt_stack[
        0x7f03ceba2578
        0x7f03ce4986f5
]: 1
@preempt_stack[
        0x40c59cc5
        0x40bcc7a6
        0x7f032c846428
        0x7f032c9e578f
        0x55ec9c6a2490
]: 1
@preempt_stack[
        0x7f032c9cb63c
]: 1
@preempt_stack[
        free+27
        0x8000880402c0000
]: 1
@preempt_stack[
        0x7f032ca0dd26
]: 1
@preempt_stack[
        0x7f032ca0c357
        0
        0
        0x1c00000000000001
        0x55ec9c668de8
        0x55ec9c668de8
        0x55ec9c668de8
        0x55ec9c668de8
        0x55ec9c668de8
        0x55ec9c668de8
        0x55ec9c668de8
        0x55ec9c668de8
        0x55ec9c668de8
        0x55ec9c668de8
        0x55ec9c668de8
        0x55ec9c668de8
        0x55ec9c668de8
        0x55ec9c668de8
        0x55ec9c668de8
        0x55ec9c668de8
        0x55ec9c668de8
        0x55ec9c668de8
        0x55ec9c668de8
        0x55ec9c668de8
        0x55ec9c668de8
        0x55ec9c668de8
        0x55ec9c668de8
        0x55ec9c668de8
        0x55ec9c668de8
        0x55ec9c668de8
        0x55ec9c668de8
        0x55ec9c668de8
        0x55ec9c668de8
        0x55ec9c668de8
        0x55ec9c668de8
        0x55ec9c668de8
        0x55ec9c668de8
        0x55ec9c668de8
        0x55ec9c668de8
        0x55ec9c668de8
        0x55ec9c668de8
        0x55ec9c668de8
        0x55ec9c668de8
        0x55ec9c668de8
        0x55ec9c668de8
        0x55ec9c668de8
        0x55ec9c668de8
        0x55ec9c668de8
        0x55ec9c668de8
        0x55ec9c668de8
        0x55ec9c668de8
        0x55ec9c668de8
        0x55ec9c668de8
        0x55ec9c668de8
        0x55ec9c668de8
        0x55ec9c668de8
        0x55ec9c668de8
        0x55ec9c668de8
        0x55ec9c668de8
        0x55ec9c668de8
        0x55ec9c668de8
        0x55ec9c668de8
        0x55ec9c668de8
        0x55ec9c668de8
        0x55ec9c668de8
        0x55ec9c668de8
        0x55ec9c668de8
        0x55ec9c668de8
        0x55ec9c668de8
        0x55ec9c668de8
        0x55ec9c668de8
        0x55ec9c668de8
        0x55ec9c668de8
        0x55ec9c668de8
        0x55ec9c668de8
        0x55ec9c668de8
        0x55ec9c668de8
        0x55ec9c668de8
        0x55ec9c668de8
        0x55ec9c668de8
        0x55ec9c668de8
        0x55ec9c668de8
        0x55ec9c668de8
        0x55ec9c668de8
        0x55ec9c668de8
        0x55ec9c668de8
        0x55ec9c668de8
        0x55ec9c668de8
        0x55ec9c668de8
        0x55ec9c668de8
        0x55ec9c668de8
        0x55ec9c668de8
        0x55ec9c668de8
        0x55ec9c668de8
        0x55ec9c668de8
        0x55ec9c668de8
        0x55ec9c668de8
        0x55ec9c668de8
        0x55ec9c668de8
        0x55ec9c668de8
        0x55ec9c668de8
        0x55ec9c668de8
        0x55ec9c668de8
        0x55ec9c668de8
        0x55ec9c668de8
        0x55ec9c668de8
        0x55ec9c668de8
        0x55ec9c668de8
        0x55ec9c668de8
        0x55ec9c668de8
        0x55ec9c668de8
        0x55ec9c668de8
        0x55ec9c668de8
        0x55ec9c668de8
        0x55ec9c668de8
        0x55ec9c668de8
        0x55ec9c668de8
        0x55ec9c668de8
        0x55ec9c668de8
        0x55ec9c668de8
        0x55ec9c668de8
        0x55ec9c668de8
        0x55ec9c668de8
        0x55ec9c668de8
        0x55ec9c668de8
        0x55ec9c668de8
        0x55ec9c668de8
]: 1
@preempt_stack[
        0x41d117cb
        0x4168eed6
        0x4168a944
        0x7f032c846428
        0x7f032c9e578f
        0x55ec9c6a2490
]: 1
@preempt_stack[
        0x7f03cd0abecb
]: 1
@preempt_stack[
        0x7f03ce1075f1
]: 1
@preempt_stack[
        0x41e94be7
        0x41e94864
        0x41a03adf
        0x7f032c846428
        0x7f032c9e578f
        0x55ec9c6a2490
]: 1
@preempt_stack[
        __pthread_mutex_unlock+48
        0
        0x83800000000001
        0x55ec9c669658
        0x55ec9c669658
        0x55ec9c669658
        0x55ec9c669658
        0x55ec9c669658
        0x55ec9c669658
        0x55ec9c669658
        0x55ec9c669658
        0x55ec9c669658
        0x55ec9c669658
        0x55ec9c669658
        0x55ec9c669658
        0x55ec9c669658
        0x55ec9c669658
        0x55ec9c669658
        0x55ec9c669658
        0x55ec9c669658
        0x55ec9c669658
        0x55ec9c669658
        0x55ec9c669658
        0x55ec9c669658
        0x55ec9c669658
        0x55ec9c669658
        0x55ec9c669658
        0x55ec9c669658
        0x55ec9c669658
        0x55ec9c669658
        0x55ec9c669658
        0x55ec9c669658
        0x55ec9c669658
        0x55ec9c669658
        0x55ec9c669658
        0x55ec9c669658
        0x55ec9c669658
        0x55ec9c669658
        0x55ec9c669658
        0x55ec9c669658
        0x55ec9c669658
        0x55ec9c669658
        0x55ec9c669658
        0x55ec9c669658
        0x55ec9c669658
        0x55ec9c669658
        0x55ec9c669658
        0x55ec9c669658
        0x55ec9c669658
        0x55ec9c669658
        0x55ec9c669658
        0x55ec9c669658
        0x55ec9c669658
        0x55ec9c669658
        0x55ec9c669658
        0x55ec9c669658
        0x55ec9c669658
        0x55ec9c669658
        0x55ec9c669658
        0x55ec9c669658
        0x55ec9c669658
        0x55ec9c669658
        0x55ec9c669658
        0x55ec9c669658
        0x55ec9c669658
        0x55ec9c669658
        0x55ec9c669658
        0x55ec9c669658
        0x55ec9c669658
        0x55ec9c669658
        0x55ec9c669658
        0x55ec9c669658
        0x55ec9c669658
        0x55ec9c669658
        0x55ec9c669658
        0x55ec9c669658
        0x55ec9c669658
        0x55ec9c669658
        0x55ec9c669658
        0x55ec9c669658
        0x55ec9c669658
        0x55ec9c669658
        0x55ec9c669658
        0x55ec9c669658
        0x55ec9c669658
        0x55ec9c669658
        0x55ec9c669658
        0x55ec9c669658
        0x55ec9c669658
        0x55ec9c669658
        0x55ec9c669658
        0x55ec9c669658
        0x55ec9c669658
        0x55ec9c669658
        0x55ec9c669658
        0x55ec9c669658
        0x55ec9c669658
        0x55ec9c669658
        0x55ec9c669658
        0x55ec9c669658
        0x55ec9c669658
        0x55ec9c669658
        0x55ec9c669658
        0x55ec9c669658
        0x55ec9c669658
        0x55ec9c669658
        0x55ec9c669658
        0x55ec9c669658
        0x55ec9c669658
        0x55ec9c669658
        0x55ec9c669658
        0x55ec9c669658
        0x55ec9c669658
        0x55ec9c669658
        0x55ec9c669658
        0x55ec9c669658
        0x55ec9c669658
        0x55ec9c669658
        0x55ec9c669658
        0x55ec9c669658
        0x55ec9c669658
        0x55ec9c669658
        0x55ec9c669658
        0x55ec9c669658
        0x55ec9c669658
        0x55ec9c669658
        0x55ec9c669658
]: 1
@preempt_stack[
        0x7f03ce31fe6f
        0x3f80000090010000
        0x7f0391e95ec0
        0x58
]: 1
@preempt_stack[
        mono_thread_info_uninstall_interrupt+1
]: 1
@preempt_stack[
        0x7f03cf389bdd
        __clock_gettime+29
        0
        0x7f01c3d2f900
        0x7f01c27c33f0
        0
]: 1
@preempt_stack[
        0x7f032c9cb8d8
        0x120000
        0x55eca022f208
        0x55eca022f208
        0x55eca022f208
        0x55eca022f208
        0x55eca022f208
        0x55eca022f208
        0x55eca022f208
        0x55eca022f208
        0x55eca022f208
        0x55eca022f208
        0x55eca022f208
        0x55eca022f208
        0x55eca022f208
        0x55eca022f208
        0x55eca022f208
        0x55eca022f208
        0x55eca022f208
        0x55eca022f208
        0x55eca022f208
        0x55eca022f208
        0x55eca022f208
        0x55eca022f208
        0x55eca022f208
        0x55eca022f208
        0x55eca022f208
        0x55eca022f208
        0x55eca022f208
        0x55eca022f208
        0x55eca022f208
        0x55eca022f208
        0x55eca022f208
        0x55eca022f208
        0x55eca022f208
        0x55eca022f208
        0x55eca022f208
        0x55eca022f208
        0x55eca022f208
        0x55eca022f208
        0x55eca022f208
        0x55eca022f208
        0x55eca022f208
        0x55eca022f208
        0x55eca022f208
        0x55eca022f208
        0x55eca022f208
        0x55eca022f208
        0x55eca022f208
        0x55eca022f208
        0x55eca022f208
        0x55eca022f208
        0x55eca022f208
        0x55eca022f208
        0x55eca022f208
        0x55eca022f208
        0x55eca022f208
        0x55eca022f208
        0x55eca022f208
        0x55eca022f208
        0x55eca022f208
        0x55eca022f208
        0x55eca022f208
        0x55eca022f208
        0x55eca022f208
        0x55eca022f208
        0x55eca022f208
        0x55eca022f208
        0x55eca022f208
        0x55eca022f208
        0x55eca022f208
        0x55eca022f208
        0x55eca022f208
        0x55eca022f208
        0x55eca022f208
        0x55eca022f208
        0x55eca022f208
        0x55eca022f208
        0x55eca022f208
        0x55eca022f208
        0x55eca022f208
        0x55eca022f208
        0x55eca022f208
        0x55eca022f208
        0x55eca022f208
        0x55eca022f208
        0x55eca022f208
        0x55eca022f208
        0x55eca022f208
        0x55eca022f208
        0x55eca022f208
        0x55eca022f208
        0x55eca022f208
        0x55eca022f208
        0x55eca022f208
        0x55eca022f208
        0x55eca022f208
        0x55eca022f208
        0x55eca022f208
        0x55eca022f208
        0x55eca022f208
        0x55eca022f208
        0x55eca022f208
        0x55eca022f208
        0x55eca022f208
        0x55eca022f208
        0x55eca022f208
        0x55eca022f208
        0x55eca022f208
        0x55eca022f208
        0x55eca022f208
        0x55eca022f208
        0x55eca022f208
        0x55eca022f208
        0x55eca022f208
        0x55eca022f208
        0x55eca022f208
        0x55eca022f208
        0x55eca022f208
        0x55eca022f208
        0x55eca022f208
        0x55eca022f208
        0x55eca022f208
        0x55eca022f208
        0x55eca022f208
        0x55eca022f208
        0x55eca022f208
]: 1
@preempt_stack[
        0x7f03cdf076a5
        0x7f039074af40
        0
]: 1
@preempt_stack[
        0x7f03cdf07678
        0x7f0390690cc0
]: 1
@preempt_stack[
        0x41e93f60
        0x41e94864
        0x41a03adf
        0x7f032c846428
        0x7f032c9e578f
        0x55ec9c6a2490
]: 1
@preempt_stack[
        0x40b9a040
        0x416f5368
        0x41a0c934
        0x40bcc7a6
        0x7f032c846428
        0x7f032c9e578f
        0x55ec9c6a2490
]: 1
@preempt_stack[
        0x7f032c9af6eb
        0x20
        0xffff00000004
]: 1
@preempt_stack[
        0x7f03cec90a2c
        0x7f03914093a0
        0x7f03cec90660
        0x8b48098b48004e3a
]: 1
@preempt_stack[
        mono_metadata_type_hash+106
        0x120000
        0x55ec9de55130
        0x55ec9de55130
        0x55ec9de55130
        0x55ec9de55130
        0x55ec9de55130
        0x55ec9de55130
        0x55ec9de55130
        0x55ec9de55130
        0x55ec9de55130
        0x55ec9de55130
        0x55ec9de55130
        0x55ec9de55130
        0x55ec9de55130
        0x55ec9de55130
        0x55ec9de55130
        0x55ec9de55130
        0x55ec9de55130
        0x55ec9de55130
        0x55ec9de55130
        0x55ec9de55130
        0x55ec9de55130
        0x55ec9de55130
        0x55ec9de55130
        0x55ec9de55130
        0x55ec9de55130
        0x55ec9de55130
        0x55ec9de55130
        0x55ec9de55130
        0x55ec9de55130
        0x55ec9de55130
        0x55ec9de55130
        0x55ec9de55130
        0x55ec9de55130
        0x55ec9de55130
        0x55ec9de55130
        0x55ec9de55130
        0x55ec9de55130
        0x55ec9de55130
        0x55ec9de55130
        0x55ec9de55130
        0x55ec9de55130
        0x55ec9de55130
        0x55ec9de55130
        0x55ec9de55130
        0x55ec9de55130
        0x55ec9de55130
        0x55ec9de55130
        0x55ec9de55130
        0x55ec9de55130
        0x55ec9de55130
        0x55ec9de55130
        0x55ec9de55130
        0x55ec9de55130
        0x55ec9de55130
        0x55ec9de55130
        0x55ec9de55130
        0x55ec9de55130
        0x55ec9de55130
        0x55ec9de55130
        0x55ec9de55130
        0x55ec9de55130
        0x55ec9de55130
        0x55ec9de55130
        0x55ec9de55130
        0x55ec9de55130
        0x55ec9de55130
        0x55ec9de55130
        0x55ec9de55130
        0x55ec9de55130
        0x55ec9de55130
        0x55ec9de55130
        0x55ec9de55130
        0x55ec9de55130
        0x55ec9de55130
        0x55ec9de55130
        0x55ec9de55130
        0x55ec9de55130
        0x55ec9de55130
        0x55ec9de55130
        0x55ec9de55130
        0x55ec9de55130
        0x55ec9de55130
        0x55ec9de55130
        0x55ec9de55130
        0x55ec9de55130
        0x55ec9de55130
        0x55ec9de55130
        0x55ec9de55130
        0x55ec9de55130
        0x55ec9de55130
        0x55ec9de55130
        0x55ec9de55130
        0x55ec9de55130
        0x55ec9de55130
        0x55ec9de55130
        0x55ec9de55130
        0x55ec9de55130
        0x55ec9de55130
        0x55ec9de55130
        0x55ec9de55130
        0x55ec9de55130
        0x55ec9de55130
        0x55ec9de55130
        0x55ec9de55130
        0x55ec9de55130
        0x55ec9de55130
        0x55ec9de55130
        0x55ec9de55130
        0x55ec9de55130
        0x55ec9de55130
        0x55ec9de55130
        0x55ec9de55130
        0x55ec9de55130
        0x55ec9de55130
        0x55ec9de55130
        0x55ec9de55130
        0x55ec9de55130
        0x55ec9de55130
        0x55ec9de55130
        0x55ec9de55130
        0x55ec9de55130
        0x55ec9de55130
        0x55ec9de55130
        0x55ec9de55130
        0x55ec9de55130
]: 1
@preempt_stack[
        0x7f032c9dcfa3
        0x110000
        0x55ec9f5fa308
        0x55ec9f5fa308
        0x55ec9f5fa308
        0x55ec9f5fa308
        0x55ec9f5fa308
        0x55ec9f5fa308
        0x55ec9f5fa308
        0x55ec9f5fa308
        0x55ec9f5fa308
        0x55ec9f5fa308
        0x55ec9f5fa308
        0x55ec9f5fa308
        0x55ec9f5fa308
        0x55ec9f5fa308
        0x55ec9f5fa308
        0x55ec9f5fa308
        0x55ec9f5fa308
        0x55ec9f5fa308
        0x55ec9f5fa308
        0x55ec9f5fa308
        0x55ec9f5fa308
        0x55ec9f5fa308
        0x55ec9f5fa308
        0x55ec9f5fa308
        0x55ec9f5fa308
        0x55ec9f5fa308
        0x55ec9f5fa308
        0x55ec9f5fa308
        0x55ec9f5fa308
        0x55ec9f5fa308
        0x55ec9f5fa308
        0x55ec9f5fa308
        0x55ec9f5fa308
        0x55ec9f5fa308
        0x55ec9f5fa308
        0x55ec9f5fa308
        0x55ec9f5fa308
        0x55ec9f5fa308
        0x55ec9f5fa308
        0x55ec9f5fa308
        0x55ec9f5fa308
        0x55ec9f5fa308
        0x55ec9f5fa308
        0x55ec9f5fa308
        0x55ec9f5fa308
        0x55ec9f5fa308
        0x55ec9f5fa308
        0x55ec9f5fa308
        0x55ec9f5fa308
        0x55ec9f5fa308
        0x55ec9f5fa308
        0x55ec9f5fa308
        0x55ec9f5fa308
        0x55ec9f5fa308
        0x55ec9f5fa308
        0x55ec9f5fa308
        0x55ec9f5fa308
        0x55ec9f5fa308
        0x55ec9f5fa308
        0x55ec9f5fa308
        0x55ec9f5fa308
        0x55ec9f5fa308
        0x55ec9f5fa308
        0x55ec9f5fa308
        0x55ec9f5fa308
        0x55ec9f5fa308
        0x55ec9f5fa308
        0x55ec9f5fa308
        0x55ec9f5fa308
        0x55ec9f5fa308
        0x55ec9f5fa308
        0x55ec9f5fa308
        0x55ec9f5fa308
        0x55ec9f5fa308
        0x55ec9f5fa308
        0x55ec9f5fa308
        0x55ec9f5fa308
        0x55ec9f5fa308
        0x55ec9f5fa308
        0x55ec9f5fa308
        0x55ec9f5fa308
        0x55ec9f5fa308
        0x55ec9f5fa308
        0x55ec9f5fa308
        0x55ec9f5fa308
        0x55ec9f5fa308
        0x55ec9f5fa308
        0x55ec9f5fa308
        0x55ec9f5fa308
        0x55ec9f5fa308
        0x55ec9f5fa308
        0x55ec9f5fa308
        0x55ec9f5fa308
        0x55ec9f5fa308
        0x55ec9f5fa308
        0x55ec9f5fa308
        0x55ec9f5fa308
        0x55ec9f5fa308
        0x55ec9f5fa308
        0x55ec9f5fa308
        0x55ec9f5fa308
        0x55ec9f5fa308
        0x55ec9f5fa308
        0x55ec9f5fa308
        0x55ec9f5fa308
        0x55ec9f5fa308
        0x55ec9f5fa308
        0x55ec9f5fa308
        0x55ec9f5fa308
        0x55ec9f5fa308
        0x55ec9f5fa308
        0x55ec9f5fa308
        0x55ec9f5fa308
        0x55ec9f5fa308
        0x55ec9f5fa308
        0x55ec9f5fa308
        0x55ec9f5fa308
        0x55ec9f5fa308
        0x55ec9f5fa308
        0x55ec9f5fa308
        0x55ec9f5fa308
        0x55ec9f5fa308
        0x55ec9f5fa308
        0x55ec9f5fa308
        0x55ec9f5fa308
]: 1
@preempt_stack[
        0x7f032c9cb5b8
        0x1
        0
        0x55ec9d896ba0
]: 1
@preempt_stack[
        0x7f032c9cb8e0
        0x130000
        0x1
        0
        0x55ec9e9ba020
]: 1
@preempt_stack[
        0x7f03ce33cfcd
]: 1
@preempt_stack[
        0x7f032c97bf00
]: 1
@preempt_stack[
        GC_mark_from+388
]: 1
@preempt_stack[
        0x40bbbd84
        0x416f5368
        0x41a0c934
        0x40bcc7a6
        0x7f032c846428
        0x7f032c9e578f
        0x55ec9c6a2490
]: 1
@preempt_stack[
        0x7f032c9ce4d8
        0x55ec9fa2bfe8
        0x55ec9fa2bfe8
        0x55ec9fa2bfe8
        0x55ec9fa2bfe8
        0x55ec9fa2bfe8
        0x55ec9fa2bfe8
        0x55ec9fa2bfe8
        0x55ec9fa2bfe8
        0x55ec9fa2bfe8
        0x55ec9fa2bfe8
        0x55ec9fa2bfe8
        0x55ec9fa2bfe8
        0x55ec9fa2bfe8
        0x55ec9fa2bfe8
        0x55ec9fa2bfe8
        0x55ec9fa2bfe8
        0x55ec9fa2bfe8
        0x55ec9fa2bfe8
        0x55ec9fa2bfe8
        0x55ec9fa2bfe8
        0x55ec9fa2bfe8
        0x55ec9fa2bfe8
        0x55ec9fa2bfe8
        0x55ec9fa2bfe8
        0x55ec9fa2bfe8
        0x55ec9fa2bfe8
        0x55ec9fa2bfe8
        0x55ec9fa2bfe8
        0x55ec9fa2bfe8
        0x55ec9fa2bfe8
        0x55ec9fa2bfe8
        0x55ec9fa2bfe8
        0x55ec9fa2bfe8
        0x55ec9fa2bfe8
        0x55ec9fa2bfe8
        0x55ec9fa2bfe8
        0x55ec9fa2bfe8
        0x55ec9fa2bfe8
        0x55ec9fa2bfe8
        0x55ec9fa2bfe8
        0x55ec9fa2bfe8
        0x55ec9fa2bfe8
        0x55ec9fa2bfe8
        0x55ec9fa2bfe8
        0x55ec9fa2bfe8
        0x55ec9fa2bfe8
        0x55ec9fa2bfe8
        0x55ec9fa2bfe8
        0x55ec9fa2bfe8
        0x55ec9fa2bfe8
        0x55ec9fa2bfe8
        0x55ec9fa2bfe8
        0x55ec9fa2bfe8
        0x55ec9fa2bfe8
        0x55ec9fa2bfe8
        0x55ec9fa2bfe8
        0x55ec9fa2bfe8
        0x55ec9fa2bfe8
        0x55ec9fa2bfe8
        0x55ec9fa2bfe8
        0x55ec9fa2bfe8
        0x55ec9fa2bfe8
        0x55ec9fa2bfe8
        0x55ec9fa2bfe8
        0x55ec9fa2bfe8
        0x55ec9fa2bfe8
        0x55ec9fa2bfe8
        0x55ec9fa2bfe8
        0x55ec9fa2bfe8
        0x55ec9fa2bfe8
        0x55ec9fa2bfe8
        0x55ec9fa2bfe8
        0x55ec9fa2bfe8
        0x55ec9fa2bfe8
        0x55ec9fa2bfe8
        0x55ec9fa2bfe8
        0x55ec9fa2bfe8
        0x55ec9fa2bfe8
        0x55ec9fa2bfe8
        0x55ec9fa2bfe8
        0x55ec9fa2bfe8
        0x55ec9fa2bfe8
        0x55ec9fa2bfe8
        0x55ec9fa2bfe8
        0x55ec9fa2bfe8
        0x55ec9fa2bfe8
        0x55ec9fa2bfe8
        0x55ec9fa2bfe8
        0x55ec9fa2bfe8
        0x55ec9fa2bfe8
        0x55ec9fa2bfe8
        0x55ec9fa2bfe8
        0x55ec9fa2bfe8
        0x55ec9fa2bfe8
        0x55ec9fa2bfe8
        0x55ec9fa2bfe8
        0x55ec9fa2bfe8
        0x55ec9fa2bfe8
        0x55ec9fa2bfe8
        0x55ec9fa2bfe8
        0x55ec9fa2bfe8
        0x55ec9fa2bfe8
        0x55ec9fa2bfe8
        0x55ec9fa2bfe8
        0x55ec9fa2bfe8
        0x55ec9fa2bfe8
        0x55ec9fa2bfe8
        0x55ec9fa2bfe8
        0x55ec9fa2bfe8
        0x55ec9fa2bfe8
        0x55ec9fa2bfe8
        0x55ec9fa2bfe8
        0x55ec9fa2bfe8
        0x55ec9fa2bfe8
        0x55ec9fa2bfe8
        0x55ec9fa2bfe8
        0x55ec9fa2bfe8
        0x55ec9fa2bfe8
        0x55ec9fa2bfe8
        0x55ec9fa2bfe8
        0x55ec9fa2bfe8
        0x55ec9fa2bfe8
        0x55ec9fa2bfe8
        0x55ec9fa2bfe8
        0x55ec9fa2bfe8
        0x55ec9fa2bfe8
]: 1
@preempt_stack[
        0x7f03cebb20e7
        0x7f03cd23f2b8
]: 1
@preempt_stack[
        0x417076f4
        0x416f5368
        0x41a0c934
        0x40bcc7a6
        0x7f032c846428
        0x7f032c9e578f
        0x55ec9c6a2490
]: 1
@preempt_stack[
        0x417917fd
        0x416f5368
        0x41a0c934
        0x40bcc7a6
        0x7f032c846428
        0x7f032c9e578f
        0x55ec9c6a2490
]: 1
@preempt_stack[
        0x7f032c9ac963
]: 1
@preempt_stack[
        0x7f032ca0dcfe
]: 1
@preempt_stack[
        0x7f03cd1b81cd
        0x10000
        0x7f0391214860
        0x58
]: 1
@preempt_stack[
        0x7f03ce342281
        0x2eaf0cdb28aa9316
]: 1
@preempt_stack[
        0x7f03ce3431d3
        0x10000
        0x7f039368b8b0
        0x58
]: 1
@preempt_stack[
        mono_class_from_mono_type_internal+13
        0x120000
        0x55ec9d4cc650
        0x55ec9d4cc650
        0x55ec9d4cc650
        0x55ec9d4cc650
        0x55ec9d4cc650
        0x55ec9d4cc650
        0x55ec9d4cc650
        0x55ec9d4cc650
        0x55ec9d4cc650
        0x55ec9d4cc650
        0x55ec9d4cc650
        0x55ec9d4cc650
        0x55ec9d4cc650
        0x55ec9d4cc650
        0x55ec9d4cc650
        0x55ec9d4cc650
        0x55ec9d4cc650
        0x55ec9d4cc650
        0x55ec9d4cc650
        0x55ec9d4cc650
        0x55ec9d4cc650
        0x55ec9d4cc650
        0x55ec9d4cc650
        0x55ec9d4cc650
        0x55ec9d4cc650
        0x55ec9d4cc650
        0x55ec9d4cc650
        0x55ec9d4cc650
        0x55ec9d4cc650
        0x55ec9d4cc650
        0x55ec9d4cc650
        0x55ec9d4cc650
        0x55ec9d4cc650
        0x55ec9d4cc650
        0x55ec9d4cc650
        0x55ec9d4cc650
        0x55ec9d4cc650
        0x55ec9d4cc650
        0x55ec9d4cc650
        0x55ec9d4cc650
        0x55ec9d4cc650
        0x55ec9d4cc650
        0x55ec9d4cc650
        0x55ec9d4cc650
        0x55ec9d4cc650
        0x55ec9d4cc650
        0x55ec9d4cc650
        0x55ec9d4cc650
        0x55ec9d4cc650
        0x55ec9d4cc650
        0x55ec9d4cc650
        0x55ec9d4cc650
        0x55ec9d4cc650
        0x55ec9d4cc650
        0x55ec9d4cc650
        0x55ec9d4cc650
        0x55ec9d4cc650
        0x55ec9d4cc650
        0x55ec9d4cc650
        0x55ec9d4cc650
        0x55ec9d4cc650
        0x55ec9d4cc650
        0x55ec9d4cc650
        0x55ec9d4cc650
        0x55ec9d4cc650
        0x55ec9d4cc650
        0x55ec9d4cc650
        0x55ec9d4cc650
        0x55ec9d4cc650
        0x55ec9d4cc650
        0x55ec9d4cc650
        0x55ec9d4cc650
        0x55ec9d4cc650
        0x55ec9d4cc650
        0x55ec9d4cc650
        0x55ec9d4cc650
        0x55ec9d4cc650
        0x55ec9d4cc650
        0x55ec9d4cc650
        0x55ec9d4cc650
        0x55ec9d4cc650
        0x55ec9d4cc650
        0x55ec9d4cc650
        0x55ec9d4cc650
        0x55ec9d4cc650
        0x55ec9d4cc650
        0x55ec9d4cc650
        0x55ec9d4cc650
        0x55ec9d4cc650
        0x55ec9d4cc650
        0x55ec9d4cc650
        0x55ec9d4cc650
        0x55ec9d4cc650
        0x55ec9d4cc650
        0x55ec9d4cc650
        0x55ec9d4cc650
        0x55ec9d4cc650
        0x55ec9d4cc650
        0x55ec9d4cc650
        0x55ec9d4cc650
        0x55ec9d4cc650
        0x55ec9d4cc650
        0x55ec9d4cc650
        0x55ec9d4cc650
        0x55ec9d4cc650
        0x55ec9d4cc650
        0x55ec9d4cc650
        0x55ec9d4cc650
        0x55ec9d4cc650
        0x55ec9d4cc650
        0x55ec9d4cc650
        0x55ec9d4cc650
        0x55ec9d4cc650
        0x55ec9d4cc650
        0x55ec9d4cc650
        0x55ec9d4cc650
        0x55ec9d4cc650
        0x55ec9d4cc650
        0x55ec9d4cc650
        0x55ec9d4cc650
        0x55ec9d4cc650
        0x55ec9d4cc650
        0x55ec9d4cc650
        0x55ec9d4cc650
        0x55ec9d4cc650
]: 1
@preempt_stack[
        0x7f03cebb2b7e
]: 1
@preempt_stack[
        __pthread_getspecific+0
        0x88000007f02
]: 1
@preempt_stack[
        0x7f03ce3513a8
]: 1
@preempt_stack[
        0x7f032ca56e2f
        0x416f5368
        0x41a0c934
        0x40bcc7a6
        0x7f032c846428
        0x7f032c9e578f
        0x55ec9c6a2490
]: 1
@preempt_stack[
        0x7f032c9e44f1
        0x120000
        0x55ec9de4ffc0
        0x55ec9de4ffc0
        0x55ec9de4ffc0
        0x55ec9de4ffc0
        0x55ec9de4ffc0
        0x55ec9de4ffc0
        0x55ec9de4ffc0
        0x55ec9de4ffc0
        0x55ec9de4ffc0
        0x55ec9de4ffc0
        0x55ec9de4ffc0
        0x55ec9de4ffc0
        0x55ec9de4ffc0
        0x55ec9de4ffc0
        0x55ec9de4ffc0
        0x55ec9de4ffc0
        0x55ec9de4ffc0
        0x55ec9de4ffc0
        0x55ec9de4ffc0
        0x55ec9de4ffc0
        0x55ec9de4ffc0
        0x55ec9de4ffc0
        0x55ec9de4ffc0
        0x55ec9de4ffc0
        0x55ec9de4ffc0
        0x55ec9de4ffc0
        0x55ec9de4ffc0
        0x55ec9de4ffc0
        0x55ec9de4ffc0
        0x55ec9de4ffc0
        0x55ec9de4ffc0
        0x55ec9de4ffc0
        0x55ec9de4ffc0
        0x55ec9de4ffc0
        0x55ec9de4ffc0
        0x55ec9de4ffc0
        0x55ec9de4ffc0
        0x55ec9de4ffc0
        0x55ec9de4ffc0
        0x55ec9de4ffc0
        0x55ec9de4ffc0
        0x55ec9de4ffc0
        0x55ec9de4ffc0
        0x55ec9de4ffc0
        0x55ec9de4ffc0
        0x55ec9de4ffc0
        0x55ec9de4ffc0
        0x55ec9de4ffc0
        0x55ec9de4ffc0
        0x55ec9de4ffc0
        0x55ec9de4ffc0
        0x55ec9de4ffc0
        0x55ec9de4ffc0
        0x55ec9de4ffc0
        0x55ec9de4ffc0
        0x55ec9de4ffc0
        0x55ec9de4ffc0
        0x55ec9de4ffc0
        0x55ec9de4ffc0
        0x55ec9de4ffc0
        0x55ec9de4ffc0
        0x55ec9de4ffc0
        0x55ec9de4ffc0
        0x55ec9de4ffc0
        0x55ec9de4ffc0
        0x55ec9de4ffc0
        0x55ec9de4ffc0
        0x55ec9de4ffc0
        0x55ec9de4ffc0
        0x55ec9de4ffc0
        0x55ec9de4ffc0
        0x55ec9de4ffc0
        0x55ec9de4ffc0
        0x55ec9de4ffc0
        0x55ec9de4ffc0
        0x55ec9de4ffc0
        0x55ec9de4ffc0
        0x55ec9de4ffc0
        0x55ec9de4ffc0
        0x55ec9de4ffc0
        0x55ec9de4ffc0
        0x55ec9de4ffc0
        0x55ec9de4ffc0
        0x55ec9de4ffc0
        0x55ec9de4ffc0
        0x55ec9de4ffc0
        0x55ec9de4ffc0
        0x55ec9de4ffc0
        0x55ec9de4ffc0
        0x55ec9de4ffc0
        0x55ec9de4ffc0
        0x55ec9de4ffc0
        0x55ec9de4ffc0
        0x55ec9de4ffc0
        0x55ec9de4ffc0
        0x55ec9de4ffc0
        0x55ec9de4ffc0
        0x55ec9de4ffc0
        0x55ec9de4ffc0
        0x55ec9de4ffc0
        0x55ec9de4ffc0
        0x55ec9de4ffc0
        0x55ec9de4ffc0
        0x55ec9de4ffc0
        0x55ec9de4ffc0
        0x55ec9de4ffc0
        0x55ec9de4ffc0
        0x55ec9de4ffc0
        0x55ec9de4ffc0
        0x55ec9de4ffc0
        0x55ec9de4ffc0
        0x55ec9de4ffc0
        0x55ec9de4ffc0
        0x55ec9de4ffc0
        0x55ec9de4ffc0
        0x55ec9de4ffc0
        0x55ec9de4ffc0
        0x55ec9de4ffc0
        0x55ec9de4ffc0
        0x55ec9de4ffc0
        0x55ec9de4ffc0
        0x55ec9de4ffc0
        0x55ec9de4ffc0
        0x55ec9de4ffc0
        0x55ec9de4ffc0
]: 1
@preempt_stack[
        0x7f03cecfdd83
        0x7f0390cb2290
        0x7f03cec6e030
        0x1174c08548000001
]: 1
@preempt_stack[
        0x7f03ce2c69ec
        0x7f03000004c6
        0
]: 1
@preempt_stack[
        0x7f032c9dcfa3
        0x120000
        0x55ec9fbb7468
        0x55ec9fbb7468
        0x55ec9fbb7468
        0x55ec9fbb7468
        0x55ec9fbb7468
        0x55ec9fbb7468
        0x55ec9fbb7468
        0x55ec9fbb7468
        0x55ec9fbb7468
        0x55ec9fbb7468
        0x55ec9fbb7468
        0x55ec9fbb7468
        0x55ec9fbb7468
        0x55ec9fbb7468
        0x55ec9fbb7468
        0x55ec9fbb7468
        0x55ec9fbb7468
        0x55ec9fbb7468
        0x55ec9fbb7468
        0x55ec9fbb7468
        0x55ec9fbb7468
        0x55ec9fbb7468
        0x55ec9fbb7468
        0x55ec9fbb7468
        0x55ec9fbb7468
        0x55ec9fbb7468
        0x55ec9fbb7468
        0x55ec9fbb7468
        0x55ec9fbb7468
        0x55ec9fbb7468
        0x55ec9fbb7468
        0x55ec9fbb7468
        0x55ec9fbb7468
        0x55ec9fbb7468
        0x55ec9fbb7468
        0x55ec9fbb7468
        0x55ec9fbb7468
        0x55ec9fbb7468
        0x55ec9fbb7468
        0x55ec9fbb7468
        0x55ec9fbb7468
        0x55ec9fbb7468
        0x55ec9fbb7468
        0x55ec9fbb7468
        0x55ec9fbb7468
        0x55ec9fbb7468
        0x55ec9fbb7468
        0x55ec9fbb7468
        0x55ec9fbb7468
        0x55ec9fbb7468
        0x55ec9fbb7468
        0x55ec9fbb7468
        0x55ec9fbb7468
        0x55ec9fbb7468
        0x55ec9fbb7468
        0x55ec9fbb7468
        0x55ec9fbb7468
        0x55ec9fbb7468
        0x55ec9fbb7468
        0x55ec9fbb7468
        0x55ec9fbb7468
        0x55ec9fbb7468
        0x55ec9fbb7468
        0x55ec9fbb7468
        0x55ec9fbb7468
        0x55ec9fbb7468
        0x55ec9fbb7468
        0x55ec9fbb7468
        0x55ec9fbb7468
        0x55ec9fbb7468
        0x55ec9fbb7468
        0x55ec9fbb7468
        0x55ec9fbb7468
        0x55ec9fbb7468
        0x55ec9fbb7468
        0x55ec9fbb7468
        0x55ec9fbb7468
        0x55ec9fbb7468
        0x55ec9fbb7468
        0x55ec9fbb7468
        0x55ec9fbb7468
        0x55ec9fbb7468
        0x55ec9fbb7468
        0x55ec9fbb7468
        0x55ec9fbb7468
        0x55ec9fbb7468
        0x55ec9fbb7468
        0x55ec9fbb7468
        0x55ec9fbb7468
        0x55ec9fbb7468
        0x55ec9fbb7468
        0x55ec9fbb7468
        0x55ec9fbb7468
        0x55ec9fbb7468
        0x55ec9fbb7468
        0x55ec9fbb7468
        0x55ec9fbb7468
        0x55ec9fbb7468
        0x55ec9fbb7468
        0x55ec9fbb7468
        0x55ec9fbb7468
        0x55ec9fbb7468
        0x55ec9fbb7468
        0x55ec9fbb7468
        0x55ec9fbb7468
        0x55ec9fbb7468
        0x55ec9fbb7468
        0x55ec9fbb7468
        0x55ec9fbb7468
        0x55ec9fbb7468
        0x55ec9fbb7468
        0x55ec9fbb7468
        0x55ec9fbb7468
        0x55ec9fbb7468
        0x55ec9fbb7468
        0x55ec9fbb7468
        0x55ec9fbb7468
        0x55ec9fbb7468
        0x55ec9fbb7468
        0x55ec9fbb7468
        0x55ec9fbb7468
        0x55ec9fbb7468
        0x55ec9fbb7468
        0x55ec9fbb7468
        0x55ec9fbb7468
]: 1
@preempt_stack[
        0x7f03ce33dbc4
        0x7f0391d005c0
        0x58
]: 1
@preempt_stack[
        0x7f03ceba6d1c
]: 1
@preempt_stack[
        0x7f032ca0d491
]: 1
@preempt_stack[
        0x7f032c9cb5b8
        0
        0
        0x55ec9fb5eb90
]: 1
@preempt_stack[
        0x7f03ce31818d
        0x2
]: 1
@preempt_stack[
        0x7f03ce3123ae
        0x481674003a80f689
]: 1
@preempt_stack[
        GC_base+80
        0x41e1f15c
        0x41a03adf
        0x7f032c846428
        0x7f032c9e578f
        0x55ec9c6a2490
]: 1
@preempt_stack[
        0x7f032c9cb61f
]: 1
@preempt_stack[
        0x7f03ce351389
]: 1
@preempt_stack[
        0x7f032c9e44f9
        0x120000
        0x55ec9fe9dd58
        0x55ec9fe9dd58
        0x55ec9fe9dd58
        0x55ec9fe9dd58
        0x55ec9fe9dd58
        0x55ec9fe9dd58
        0x55ec9fe9dd58
        0x55ec9fe9dd58
        0x55ec9fe9dd58
        0x55ec9fe9dd58
        0x55ec9fe9dd58
        0x55ec9fe9dd58
        0x55ec9fe9dd58
        0x55ec9fe9dd58
        0x55ec9fe9dd58
        0x55ec9fe9dd58
        0x55ec9fe9dd58
        0x55ec9fe9dd58
        0x55ec9fe9dd58
        0x55ec9fe9dd58
        0x55ec9fe9dd58
        0x55ec9fe9dd58
        0x55ec9fe9dd58
        0x55ec9fe9dd58
        0x55ec9fe9dd58
        0x55ec9fe9dd58
        0x55ec9fe9dd58
        0x55ec9fe9dd58
        0x55ec9fe9dd58
        0x55ec9fe9dd58
        0x55ec9fe9dd58
        0x55ec9fe9dd58
        0x55ec9fe9dd58
        0x55ec9fe9dd58
        0x55ec9fe9dd58
        0x55ec9fe9dd58
        0x55ec9fe9dd58
        0x55ec9fe9dd58
        0x55ec9fe9dd58
        0x55ec9fe9dd58
        0x55ec9fe9dd58
        0x55ec9fe9dd58
        0x55ec9fe9dd58
        0x55ec9fe9dd58
        0x55ec9fe9dd58
        0x55ec9fe9dd58
        0x55ec9fe9dd58
        0x55ec9fe9dd58
        0x55ec9fe9dd58
        0x55ec9fe9dd58
        0x55ec9fe9dd58
        0x55ec9fe9dd58
        0x55ec9fe9dd58
        0x55ec9fe9dd58
        0x55ec9fe9dd58
        0x55ec9fe9dd58
        0x55ec9fe9dd58
        0x55ec9fe9dd58
        0x55ec9fe9dd58
        0x55ec9fe9dd58
        0x55ec9fe9dd58
        0x55ec9fe9dd58
        0x55ec9fe9dd58
        0x55ec9fe9dd58
        0x55ec9fe9dd58
        0x55ec9fe9dd58
        0x55ec9fe9dd58
        0x55ec9fe9dd58
        0x55ec9fe9dd58
        0x55ec9fe9dd58
        0x55ec9fe9dd58
        0x55ec9fe9dd58
        0x55ec9fe9dd58
        0x55ec9fe9dd58
        0x55ec9fe9dd58
        0x55ec9fe9dd58
        0x55ec9fe9dd58
        0x55ec9fe9dd58
        0x55ec9fe9dd58
        0x55ec9fe9dd58
        0x55ec9fe9dd58
        0x55ec9fe9dd58
        0x55ec9fe9dd58
        0x55ec9fe9dd58
        0x55ec9fe9dd58
        0x55ec9fe9dd58
        0x55ec9fe9dd58
        0x55ec9fe9dd58
        0x55ec9fe9dd58
        0x55ec9fe9dd58
        0x55ec9fe9dd58
        0x55ec9fe9dd58
        0x55ec9fe9dd58
        0x55ec9fe9dd58
        0x55ec9fe9dd58
        0x55ec9fe9dd58
        0x55ec9fe9dd58
        0x55ec9fe9dd58
        0x55ec9fe9dd58
        0x55ec9fe9dd58
        0x55ec9fe9dd58
        0x55ec9fe9dd58
        0x55ec9fe9dd58
        0x55ec9fe9dd58
        0x55ec9fe9dd58
        0x55ec9fe9dd58
        0x55ec9fe9dd58
        0x55ec9fe9dd58
        0x55ec9fe9dd58
        0x55ec9fe9dd58
        0x55ec9fe9dd58
        0x55ec9fe9dd58
        0x55ec9fe9dd58
        0x55ec9fe9dd58
        0x55ec9fe9dd58
        0x55ec9fe9dd58
        0x55ec9fe9dd58
        0x55ec9fe9dd58
        0x55ec9fe9dd58
        0x55ec9fe9dd58
        0x55ec9fe9dd58
        0x55ec9fe9dd58
        0x55ec9fe9dd58
        0x55ec9fe9dd58
        0x55ec9fe9dd58
]: 1
@preempt_stack[
        0x40ccfe80
        0x416f5368
        0x41a0c934
        0x40bcc7a6
        0x7f032c846428
        0x7f032c9e578f
        0x55ec9c6a2490
]: 1
@preempt_stack[
        0x7f032c99dea1
]: 1
@preempt_stack[
        0x7f03ce32b18e
]: 1
@preempt_stack[
        0x7f032c9dcfa3
        0x110000
        0x55ec9cc70630
        0x55ec9cc70630
        0x55ec9cc70630
        0x55ec9cc70630
        0x55ec9cc70630
        0x55ec9cc70630
        0x55ec9cc70630
        0x55ec9cc70630
        0x55ec9cc70630
        0x55ec9cc70630
        0x55ec9cc70630
        0x55ec9cc70630
        0x55ec9cc70630
        0x55ec9cc70630
        0x55ec9cc70630
        0x55ec9cc70630
        0x55ec9cc70630
        0x55ec9cc70630
        0x55ec9cc70630
        0x55ec9cc70630
        0x55ec9cc70630
        0x55ec9cc70630
        0x55ec9cc70630
        0x55ec9cc70630
        0x55ec9cc70630
        0x55ec9cc70630
        0x55ec9cc70630
        0x55ec9cc70630
        0x55ec9cc70630
        0x55ec9cc70630
        0x55ec9cc70630
        0x55ec9cc70630
        0x55ec9cc70630
        0x55ec9cc70630
        0x55ec9cc70630
        0x55ec9cc70630
        0x55ec9cc70630
        0x55ec9cc70630
        0x55ec9cc70630
        0x55ec9cc70630
        0x55ec9cc70630
        0x55ec9cc70630
        0x55ec9cc70630
        0x55ec9cc70630
        0x55ec9cc70630
        0x55ec9cc70630
        0x55ec9cc70630
        0x55ec9cc70630
        0x55ec9cc70630
        0x55ec9cc70630
        0x55ec9cc70630
        0x55ec9cc70630
        0x55ec9cc70630
        0x55ec9cc70630
        0x55ec9cc70630
        0x55ec9cc70630
        0x55ec9cc70630
        0x55ec9cc70630
        0x55ec9cc70630
        0x55ec9cc70630
        0x55ec9cc70630
        0x55ec9cc70630
        0x55ec9cc70630
        0x55ec9cc70630
        0x55ec9cc70630
        0x55ec9cc70630
        0x55ec9cc70630
        0x55ec9cc70630
        0x55ec9cc70630
        0x55ec9cc70630
        0x55ec9cc70630
        0x55ec9cc70630
        0x55ec9cc70630
        0x55ec9cc70630
        0x55ec9cc70630
        0x55ec9cc70630
        0x55ec9cc70630
        0x55ec9cc70630
        0x55ec9cc70630
        0x55ec9cc70630
        0x55ec9cc70630
        0x55ec9cc70630
        0x55ec9cc70630
        0x55ec9cc70630
        0x55ec9cc70630
        0x55ec9cc70630
        0x55ec9cc70630
        0x55ec9cc70630
        0x55ec9cc70630
        0x55ec9cc70630
        0x55ec9cc70630
        0x55ec9cc70630
        0x55ec9cc70630
        0x55ec9cc70630
        0x55ec9cc70630
        0x55ec9cc70630
        0x55ec9cc70630
        0x55ec9cc70630
        0x55ec9cc70630
        0x55ec9cc70630
        0x55ec9cc70630
        0x55ec9cc70630
        0x55ec9cc70630
        0x55ec9cc70630
        0x55ec9cc70630
        0x55ec9cc70630
        0x55ec9cc70630
        0x55ec9cc70630
        0x55ec9cc70630
        0x55ec9cc70630
        0x55ec9cc70630
        0x55ec9cc70630
        0x55ec9cc70630
        0x55ec9cc70630
        0x55ec9cc70630
        0x55ec9cc70630
        0x55ec9cc70630
        0x55ec9cc70630
        0x55ec9cc70630
        0x55ec9cc70630
        0x55ec9cc70630
        0x55ec9cc70630
        0x55ec9cc70630
        0x55ec9cc70630
        0x55ec9cc70630
]: 1
@preempt_stack[
        0x7f03cf3899d4
        0x7f03cecfda62
]: 1
@preempt_stack[
        0x7f03ce35137d
]: 1
@preempt_stack[
        mono_metadata_type_hash+80
        0x110000
        0x55ec9e0351e0
        0x55ec9e0351e0
        0x55ec9e0351e0
        0x55ec9e0351e0
        0x55ec9e0351e0
        0x55ec9e0351e0
        0x55ec9e0351e0
        0x55ec9e0351e0
        0x55ec9e0351e0
        0x55ec9e0351e0
        0x55ec9e0351e0
        0x55ec9e0351e0
        0x55ec9e0351e0
        0x55ec9e0351e0
        0x55ec9e0351e0
        0x55ec9e0351e0
        0x55ec9e0351e0
        0x55ec9e0351e0
        0x55ec9e0351e0
        0x55ec9e0351e0
        0x55ec9e0351e0
        0x55ec9e0351e0
        0x55ec9e0351e0
        0x55ec9e0351e0
        0x55ec9e0351e0
        0x55ec9e0351e0
        0x55ec9e0351e0
        0x55ec9e0351e0
        0x55ec9e0351e0
        0x55ec9e0351e0
        0x55ec9e0351e0
        0x55ec9e0351e0
        0x55ec9e0351e0
        0x55ec9e0351e0
        0x55ec9e0351e0
        0x55ec9e0351e0
        0x55ec9e0351e0
        0x55ec9e0351e0
        0x55ec9e0351e0
        0x55ec9e0351e0
        0x55ec9e0351e0
        0x55ec9e0351e0
        0x55ec9e0351e0
        0x55ec9e0351e0
        0x55ec9e0351e0
        0x55ec9e0351e0
        0x55ec9e0351e0
        0x55ec9e0351e0
        0x55ec9e0351e0
        0x55ec9e0351e0
        0x55ec9e0351e0
        0x55ec9e0351e0
        0x55ec9e0351e0
        0x55ec9e0351e0
        0x55ec9e0351e0
        0x55ec9e0351e0
        0x55ec9e0351e0
        0x55ec9e0351e0
        0x55ec9e0351e0
        0x55ec9e0351e0
        0x55ec9e0351e0
        0x55ec9e0351e0
        0x55ec9e0351e0
        0x55ec9e0351e0
        0x55ec9e0351e0
        0x55ec9e0351e0
        0x55ec9e0351e0
        0x55ec9e0351e0
        0x55ec9e0351e0
        0x55ec9e0351e0
        0x55ec9e0351e0
        0x55ec9e0351e0
        0x55ec9e0351e0
        0x55ec9e0351e0
        0x55ec9e0351e0
        0x55ec9e0351e0
        0x55ec9e0351e0
        0x55ec9e0351e0
        0x55ec9e0351e0
        0x55ec9e0351e0
        0x55ec9e0351e0
        0x55ec9e0351e0
        0x55ec9e0351e0
        0x55ec9e0351e0
        0x55ec9e0351e0
        0x55ec9e0351e0
        0x55ec9e0351e0
        0x55ec9e0351e0
        0x55ec9e0351e0
        0x55ec9e0351e0
        0x55ec9e0351e0
        0x55ec9e0351e0
        0x55ec9e0351e0
        0x55ec9e0351e0
        0x55ec9e0351e0
        0x55ec9e0351e0
        0x55ec9e0351e0
        0x55ec9e0351e0
        0x55ec9e0351e0
        0x55ec9e0351e0
        0x55ec9e0351e0
        0x55ec9e0351e0
        0x55ec9e0351e0
        0x55ec9e0351e0
        0x55ec9e0351e0
        0x55ec9e0351e0
        0x55ec9e0351e0
        0x55ec9e0351e0
        0x55ec9e0351e0
        0x55ec9e0351e0
        0x55ec9e0351e0
        0x55ec9e0351e0
        0x55ec9e0351e0
        0x55ec9e0351e0
        0x55ec9e0351e0
        0x55ec9e0351e0
        0x55ec9e0351e0
        0x55ec9e0351e0
        0x55ec9e0351e0
        0x55ec9e0351e0
        0x55ec9e0351e0
        0x55ec9e0351e0
        0x55ec9e0351e0
        0x55ec9e0351e0
        0x55ec9e0351e0
]: 1
@preempt_stack[
        0x7f032c9dcfa3
        0x120000
        0x55ec9fe46148
        0x55ec9fe46148
        0x55ec9fe46148
        0x55ec9fe46148
        0x55ec9fe46148
        0x55ec9fe46148
        0x55ec9fe46148
        0x55ec9fe46148
        0x55ec9fe46148
        0x55ec9fe46148
        0x55ec9fe46148
        0x55ec9fe46148
        0x55ec9fe46148
        0x55ec9fe46148
        0x55ec9fe46148
        0x55ec9fe46148
        0x55ec9fe46148
        0x55ec9fe46148
        0x55ec9fe46148
        0x55ec9fe46148
        0x55ec9fe46148
        0x55ec9fe46148
        0x55ec9fe46148
        0x55ec9fe46148
        0x55ec9fe46148
        0x55ec9fe46148
        0x55ec9fe46148
        0x55ec9fe46148
        0x55ec9fe46148
        0x55ec9fe46148
        0x55ec9fe46148
        0x55ec9fe46148
        0x55ec9fe46148
        0x55ec9fe46148
        0x55ec9fe46148
        0x55ec9fe46148
        0x55ec9fe46148
        0x55ec9fe46148
        0x55ec9fe46148
        0x55ec9fe46148
        0x55ec9fe46148
        0x55ec9fe46148
        0x55ec9fe46148
        0x55ec9fe46148
        0x55ec9fe46148
        0x55ec9fe46148
        0x55ec9fe46148
        0x55ec9fe46148
        0x55ec9fe46148
        0x55ec9fe46148
        0x55ec9fe46148
        0x55ec9fe46148
        0x55ec9fe46148
        0x55ec9fe46148
        0x55ec9fe46148
        0x55ec9fe46148
        0x55ec9fe46148
        0x55ec9fe46148
        0x55ec9fe46148
        0x55ec9fe46148
        0x55ec9fe46148
        0x55ec9fe46148
        0x55ec9fe46148
        0x55ec9fe46148
        0x55ec9fe46148
        0x55ec9fe46148
        0x55ec9fe46148
        0x55ec9fe46148
        0x55ec9fe46148
        0x55ec9fe46148
        0x55ec9fe46148
        0x55ec9fe46148
        0x55ec9fe46148
        0x55ec9fe46148
        0x55ec9fe46148
        0x55ec9fe46148
        0x55ec9fe46148
        0x55ec9fe46148
        0x55ec9fe46148
        0x55ec9fe46148
        0x55ec9fe46148
        0x55ec9fe46148
        0x55ec9fe46148
        0x55ec9fe46148
        0x55ec9fe46148
        0x55ec9fe46148
        0x55ec9fe46148
        0x55ec9fe46148
        0x55ec9fe46148
        0x55ec9fe46148
        0x55ec9fe46148
        0x55ec9fe46148
        0x55ec9fe46148
        0x55ec9fe46148
        0x55ec9fe46148
        0x55ec9fe46148
        0x55ec9fe46148
        0x55ec9fe46148
        0x55ec9fe46148
        0x55ec9fe46148
        0x55ec9fe46148
        0x55ec9fe46148
        0x55ec9fe46148
        0x55ec9fe46148
        0x55ec9fe46148
        0x55ec9fe46148
        0x55ec9fe46148
        0x55ec9fe46148
        0x55ec9fe46148
        0x55ec9fe46148
        0x55ec9fe46148
        0x55ec9fe46148
        0x55ec9fe46148
        0x55ec9fe46148
        0x55ec9fe46148
        0x55ec9fe46148
        0x55ec9fe46148
        0x55ec9fe46148
        0x55ec9fe46148
        0x55ec9fe46148
        0x55ec9fe46148
        0x55ec9fe46148
        0x55ec9fe46148
        0x55ec9fe46148
        0x55ec9fe46148
]: 1
@preempt_stack[
        __pthread_mutex_unlock+0
]: 1
@preempt_stack[
        0x7f03ce2c6ab3
        0x7f030000061a
        0
]: 1
@preempt_stack[
        0x7f032c9dcfa3
        0x110000
        0x55ec9caf8d68
        0x55ec9caf8d68
        0x55ec9caf8d68
        0x55ec9caf8d68
        0x55ec9caf8d68
        0x55ec9caf8d68
        0x55ec9caf8d68
        0x55ec9caf8d68
        0x55ec9caf8d68
        0x55ec9caf8d68
        0x55ec9caf8d68
        0x55ec9caf8d68
        0x55ec9caf8d68
        0x55ec9caf8d68
        0x55ec9caf8d68
        0x55ec9caf8d68
        0x55ec9caf8d68
        0x55ec9caf8d68
        0x55ec9caf8d68
        0x55ec9caf8d68
        0x55ec9caf8d68
        0x55ec9caf8d68
        0x55ec9caf8d68
        0x55ec9caf8d68
        0x55ec9caf8d68
        0x55ec9caf8d68
        0x55ec9caf8d68
        0x55ec9caf8d68
        0x55ec9caf8d68
        0x55ec9caf8d68
        0x55ec9caf8d68
        0x55ec9caf8d68
        0x55ec9caf8d68
        0x55ec9caf8d68
        0x55ec9caf8d68
        0x55ec9caf8d68
        0x55ec9caf8d68
        0x55ec9caf8d68
        0x55ec9caf8d68
        0x55ec9caf8d68
        0x55ec9caf8d68
        0x55ec9caf8d68
        0x55ec9caf8d68
        0x55ec9caf8d68
        0x55ec9caf8d68
        0x55ec9caf8d68
        0x55ec9caf8d68
        0x55ec9caf8d68
        0x55ec9caf8d68
        0x55ec9caf8d68
        0x55ec9caf8d68
        0x55ec9caf8d68
        0x55ec9caf8d68
        0x55ec9caf8d68
        0x55ec9caf8d68
        0x55ec9caf8d68
        0x55ec9caf8d68
        0x55ec9caf8d68
        0x55ec9caf8d68
        0x55ec9caf8d68
        0x55ec9caf8d68
        0x55ec9caf8d68
        0x55ec9caf8d68
        0x55ec9caf8d68
        0x55ec9caf8d68
        0x55ec9caf8d68
        0x55ec9caf8d68
        0x55ec9caf8d68
        0x55ec9caf8d68
        0x55ec9caf8d68
        0x55ec9caf8d68
        0x55ec9caf8d68
        0x55ec9caf8d68
        0x55ec9caf8d68
        0x55ec9caf8d68
        0x55ec9caf8d68
        0x55ec9caf8d68
        0x55ec9caf8d68
        0x55ec9caf8d68
        0x55ec9caf8d68
        0x55ec9caf8d68
        0x55ec9caf8d68
        0x55ec9caf8d68
        0x55ec9caf8d68
        0x55ec9caf8d68
        0x55ec9caf8d68
        0x55ec9caf8d68
        0x55ec9caf8d68
        0x55ec9caf8d68
        0x55ec9caf8d68
        0x55ec9caf8d68
        0x55ec9caf8d68
        0x55ec9caf8d68
        0x55ec9caf8d68
        0x55ec9caf8d68
        0x55ec9caf8d68
        0x55ec9caf8d68
        0x55ec9caf8d68
        0x55ec9caf8d68
        0x55ec9caf8d68
        0x55ec9caf8d68
        0x55ec9caf8d68
        0x55ec9caf8d68
        0x55ec9caf8d68
        0x55ec9caf8d68
        0x55ec9caf8d68
        0x55ec9caf8d68
        0x55ec9caf8d68
        0x55ec9caf8d68
        0x55ec9caf8d68
        0x55ec9caf8d68
        0x55ec9caf8d68
        0x55ec9caf8d68
        0x55ec9caf8d68
        0x55ec9caf8d68
        0x55ec9caf8d68
        0x55ec9caf8d68
        0x55ec9caf8d68
        0x55ec9caf8d68
        0x55ec9caf8d68
        0x55ec9caf8d68
        0x55ec9caf8d68
        0x55ec9caf8d68
        0x55ec9caf8d68
        0x55ec9caf8d68
]: 1
@preempt_stack[
        0x7f03ce2d7a78
        0xc93
]: 1
@preempt_stack[
        0x7f032ca0f68f
        0x110000
        0x55ec9c662e78
        0x55ec9c662e78
        0x55ec9c662e78
        0x55ec9c662e78
        0x55ec9c662e78
        0x55ec9c662e78
        0x55ec9c662e78
        0x55ec9c662e78
        0x55ec9c662e78
        0x55ec9c662e78
        0x55ec9c662e78
        0x55ec9c662e78
        0x55ec9c662e78
        0x55ec9c662e78
        0x55ec9c662e78
        0x55ec9c662e78
        0x55ec9c662e78
        0x55ec9c662e78
        0x55ec9c662e78
        0x55ec9c662e78
        0x55ec9c662e78
        0x55ec9c662e78
        0x55ec9c662e78
        0x55ec9c662e78
        0x55ec9c662e78
        0x55ec9c662e78
        0x55ec9c662e78
        0x55ec9c662e78
        0x55ec9c662e78
        0x55ec9c662e78
        0x55ec9c662e78
        0x55ec9c662e78
        0x55ec9c662e78
        0x55ec9c662e78
        0x55ec9c662e78
        0x55ec9c662e78
        0x55ec9c662e78
        0x55ec9c662e78
        0x55ec9c662e78
        0x55ec9c662e78
        0x55ec9c662e78
        0x55ec9c662e78
        0x55ec9c662e78
        0x55ec9c662e78
        0x55ec9c662e78
        0x55ec9c662e78
        0x55ec9c662e78
        0x55ec9c662e78
        0x55ec9c662e78
        0x55ec9c662e78
        0x55ec9c662e78
        0x55ec9c662e78
        0x55ec9c662e78
        0x55ec9c662e78
        0x55ec9c662e78
        0x55ec9c662e78
        0x55ec9c662e78
        0x55ec9c662e78
        0x55ec9c662e78
        0x55ec9c662e78
        0x55ec9c662e78
        0x55ec9c662e78
        0x55ec9c662e78
        0x55ec9c662e78
        0x55ec9c662e78
        0x55ec9c662e78
        0x55ec9c662e78
        0x55ec9c662e78
        0x55ec9c662e78
        0x55ec9c662e78
        0x55ec9c662e78
        0x55ec9c662e78
        0x55ec9c662e78
        0x55ec9c662e78
        0x55ec9c662e78
        0x55ec9c662e78
        0x55ec9c662e78
        0x55ec9c662e78
        0x55ec9c662e78
        0x55ec9c662e78
        0x55ec9c662e78
        0x55ec9c662e78
        0x55ec9c662e78
        0x55ec9c662e78
        0x55ec9c662e78
        0x55ec9c662e78
        0x55ec9c662e78
        0x55ec9c662e78
        0x55ec9c662e78
        0x55ec9c662e78
        0x55ec9c662e78
        0x55ec9c662e78
        0x55ec9c662e78
        0x55ec9c662e78
        0x55ec9c662e78
        0x55ec9c662e78
        0x55ec9c662e78
        0x55ec9c662e78
        0x55ec9c662e78
        0x55ec9c662e78
        0x55ec9c662e78
        0x55ec9c662e78
        0x55ec9c662e78
        0x55ec9c662e78
        0x55ec9c662e78
        0x55ec9c662e78
        0x55ec9c662e78
        0x55ec9c662e78
        0x55ec9c662e78
        0x55ec9c662e78
        0x55ec9c662e78
        0x55ec9c662e78
        0x55ec9c662e78
        0x55ec9c662e78
        0x55ec9c662e78
        0x55ec9c662e78
        0x55ec9c662e78
        0x55ec9c662e78
        0x55ec9c662e78
        0x55ec9c662e78
        0x55ec9c662e78
        0x55ec9c662e78
        0x55ec9c662e78
        0x55ec9c662e78
        0x55ec9c662e78
]: 1
@preempt_stack[
        0x7f03cdf07678
        0x7f03906b9440
]: 1
@preempt_stack[
        0x416f54cb
        0x416f5368
        0x41a0c934
        0x40bcc7a6
        0x7f032c846428
        0x7f032c9e578f
        0x55ec9c6a2490
]: 1
@preempt_stack[
        mono_metadata_type_hash+28
        0x120000
        0x7f02900c1398
        0x7f02900c1398
        0x7f02900c1398
        0x7f02900c1398
        0x7f02900c1398
        0x7f02900c1398
        0x7f02900c1398
        0x7f02900c1398
        0x7f02900c1398
        0x7f02900c1398
        0x7f02900c1398
        0x7f02900c1398
        0x7f02900c1398
        0x7f02900c1398
        0x7f02900c1398
        0x7f02900c1398
        0x7f02900c1398
        0x7f02900c1398
        0x7f02900c1398
        0x7f02900c1398
        0x7f02900c1398
        0x7f02900c1398
        0x7f02900c1398
        0x7f02900c1398
        0x7f02900c1398
        0x7f02900c1398
        0x7f02900c1398
        0x7f02900c1398
        0x7f02900c1398
        0x7f02900c1398
        0x7f02900c1398
        0x7f02900c1398
        0x7f02900c1398
        0x7f02900c1398
        0x7f02900c1398
        0x7f02900c1398
        0x7f02900c1398
        0x7f02900c1398
        0x7f02900c1398
        0x7f02900c1398
        0x7f02900c1398
        0x7f02900c1398
        0x7f02900c1398
        0x7f02900c1398
        0x7f02900c1398
        0x7f02900c1398
        0x7f02900c1398
        0x7f02900c1398
        0x7f02900c1398
        0x7f02900c1398
        0x7f02900c1398
        0x7f02900c1398
        0x7f02900c1398
        0x7f02900c1398
        0x7f02900c1398
        0x7f02900c1398
        0x7f02900c1398
        0x7f02900c1398
        0x7f02900c1398
        0x7f02900c1398
        0x7f02900c1398
        0x7f02900c1398
        0x7f02900c1398
        0x7f02900c1398
        0x7f02900c1398
        0x7f02900c1398
        0x7f02900c1398
        0x7f02900c1398
        0x7f02900c1398
        0x7f02900c1398
        0x7f02900c1398
        0x7f02900c1398
        0x7f02900c1398
        0x7f02900c1398
        0x7f02900c1398
        0x7f02900c1398
        0x7f02900c1398
        0x7f02900c1398
        0x7f02900c1398
        0x7f02900c1398
        0x7f02900c1398
        0x7f02900c1398
        0x7f02900c1398
        0x7f02900c1398
        0x7f02900c1398
        0x7f02900c1398
        0x7f02900c1398
        0x7f02900c1398
        0x7f02900c1398
        0x7f02900c1398
        0x7f02900c1398
        0x7f02900c1398
        0x7f02900c1398
        0x7f02900c1398
        0x7f02900c1398
        0x7f02900c1398
        0x7f02900c1398
        0x7f02900c1398
        0x7f02900c1398
        0x7f02900c1398
        0x7f02900c1398
        0x7f02900c1398
        0x7f02900c1398
        0x7f02900c1398
        0x7f02900c1398
        0x7f02900c1398
        0x7f02900c1398
        0x7f02900c1398
        0x7f02900c1398
        0x7f02900c1398
        0x7f02900c1398
        0x7f02900c1398
        0x7f02900c1398
        0x7f02900c1398
        0x7f02900c1398
        0x7f02900c1398
        0x7f02900c1398
        0x7f02900c1398
        0x7f02900c1398
        0x7f02900c1398
        0x7f02900c1398
        0x7f02900c1398
        0x7f02900c1398
        0x7f02900c1398
        0x7f02900c1398
]: 1
@preempt_stack[
        0x7f03ce8fa67a
        0x7f039368b530
]: 1
@preempt_stack[
        0x7f032c9e44f9
        0x120000
        0x55ec9d968388
        0x55ec9d968388
        0x55ec9d968388
        0x55ec9d968388
        0x55ec9d968388
        0x55ec9d968388
        0x55ec9d968388
        0x55ec9d968388
        0x55ec9d968388
        0x55ec9d968388
        0x55ec9d968388
        0x55ec9d968388
        0x55ec9d968388
        0x55ec9d968388
        0x55ec9d968388
        0x55ec9d968388
        0x55ec9d968388
        0x55ec9d968388
        0x55ec9d968388
        0x55ec9d968388
        0x55ec9d968388
        0x55ec9d968388
        0x55ec9d968388
        0x55ec9d968388
        0x55ec9d968388
        0x55ec9d968388
        0x55ec9d968388
        0x55ec9d968388
        0x55ec9d968388
        0x55ec9d968388
        0x55ec9d968388
        0x55ec9d968388
        0x55ec9d968388
        0x55ec9d968388
        0x55ec9d968388
        0x55ec9d968388
        0x55ec9d968388
        0x55ec9d968388
        0x55ec9d968388
        0x55ec9d968388
        0x55ec9d968388
        0x55ec9d968388
        0x55ec9d968388
        0x55ec9d968388
        0x55ec9d968388
        0x55ec9d968388
        0x55ec9d968388
        0x55ec9d968388
        0x55ec9d968388
        0x55ec9d968388
        0x55ec9d968388
        0x55ec9d968388
        0x55ec9d968388
        0x55ec9d968388
        0x55ec9d968388
        0x55ec9d968388
        0x55ec9d968388
        0x55ec9d968388
        0x55ec9d968388
        0x55ec9d968388
        0x55ec9d968388
        0x55ec9d968388
        0x55ec9d968388
        0x55ec9d968388
        0x55ec9d968388
        0x55ec9d968388
        0x55ec9d968388
        0x55ec9d968388
        0x55ec9d968388
        0x55ec9d968388
        0x55ec9d968388
        0x55ec9d968388
        0x55ec9d968388
        0x55ec9d968388
        0x55ec9d968388
        0x55ec9d968388
        0x55ec9d968388
        0x55ec9d968388
        0x55ec9d968388
        0x55ec9d968388
        0x55ec9d968388
        0x55ec9d968388
        0x55ec9d968388
        0x55ec9d968388
        0x55ec9d968388
        0x55ec9d968388
        0x55ec9d968388
        0x55ec9d968388
        0x55ec9d968388
        0x55ec9d968388
        0x55ec9d968388
        0x55ec9d968388
        0x55ec9d968388
        0x55ec9d968388
        0x55ec9d968388
        0x55ec9d968388
        0x55ec9d968388
        0x55ec9d968388
        0x55ec9d968388
        0x55ec9d968388
        0x55ec9d968388
        0x55ec9d968388
        0x55ec9d968388
        0x55ec9d968388
        0x55ec9d968388
        0x55ec9d968388
        0x55ec9d968388
        0x55ec9d968388
        0x55ec9d968388
        0x55ec9d968388
        0x55ec9d968388
        0x55ec9d968388
        0x55ec9d968388
        0x55ec9d968388
        0x55ec9d968388
        0x55ec9d968388
        0x55ec9d968388
        0x55ec9d968388
        0x55ec9d968388
        0x55ec9d968388
        0x55ec9d968388
        0x55ec9d968388
        0x55ec9d968388
        0x55ec9d968388
        0x55ec9d968388
]: 1
@preempt_stack[
        0x7f03ceba2568
        0x7f03ce4986f5
]: 1
@preempt_stack[
        0x7f032c9e44f9
        0x120000
        0x55ec9d6ed0f8
        0x55ec9d6ed0f8
        0x55ec9d6ed0f8
        0x55ec9d6ed0f8
        0x55ec9d6ed0f8
        0x55ec9d6ed0f8
        0x55ec9d6ed0f8
        0x55ec9d6ed0f8
        0x55ec9d6ed0f8
        0x55ec9d6ed0f8
        0x55ec9d6ed0f8
        0x55ec9d6ed0f8
        0x55ec9d6ed0f8
        0x55ec9d6ed0f8
        0x55ec9d6ed0f8
        0x55ec9d6ed0f8
        0x55ec9d6ed0f8
        0x55ec9d6ed0f8
        0x55ec9d6ed0f8
        0x55ec9d6ed0f8
        0x55ec9d6ed0f8
        0x55ec9d6ed0f8
        0x55ec9d6ed0f8
        0x55ec9d6ed0f8
        0x55ec9d6ed0f8
        0x55ec9d6ed0f8
        0x55ec9d6ed0f8
        0x55ec9d6ed0f8
        0x55ec9d6ed0f8
        0x55ec9d6ed0f8
        0x55ec9d6ed0f8
        0x55ec9d6ed0f8
        0x55ec9d6ed0f8
        0x55ec9d6ed0f8
        0x55ec9d6ed0f8
        0x55ec9d6ed0f8
        0x55ec9d6ed0f8
        0x55ec9d6ed0f8
        0x55ec9d6ed0f8
        0x55ec9d6ed0f8
        0x55ec9d6ed0f8
        0x55ec9d6ed0f8
        0x55ec9d6ed0f8
        0x55ec9d6ed0f8
        0x55ec9d6ed0f8
        0x55ec9d6ed0f8
        0x55ec9d6ed0f8
        0x55ec9d6ed0f8
        0x55ec9d6ed0f8
        0x55ec9d6ed0f8
        0x55ec9d6ed0f8
        0x55ec9d6ed0f8
        0x55ec9d6ed0f8
        0x55ec9d6ed0f8
        0x55ec9d6ed0f8
        0x55ec9d6ed0f8
        0x55ec9d6ed0f8
        0x55ec9d6ed0f8
        0x55ec9d6ed0f8
        0x55ec9d6ed0f8
        0x55ec9d6ed0f8
        0x55ec9d6ed0f8
        0x55ec9d6ed0f8
        0x55ec9d6ed0f8
        0x55ec9d6ed0f8
        0x55ec9d6ed0f8
        0x55ec9d6ed0f8
        0x55ec9d6ed0f8
        0x55ec9d6ed0f8
        0x55ec9d6ed0f8
        0x55ec9d6ed0f8
        0x55ec9d6ed0f8
        0x55ec9d6ed0f8
        0x55ec9d6ed0f8
        0x55ec9d6ed0f8
        0x55ec9d6ed0f8
        0x55ec9d6ed0f8
        0x55ec9d6ed0f8
        0x55ec9d6ed0f8
        0x55ec9d6ed0f8
        0x55ec9d6ed0f8
        0x55ec9d6ed0f8
        0x55ec9d6ed0f8
        0x55ec9d6ed0f8
        0x55ec9d6ed0f8
        0x55ec9d6ed0f8
        0x55ec9d6ed0f8
        0x55ec9d6ed0f8
        0x55ec9d6ed0f8
        0x55ec9d6ed0f8
        0x55ec9d6ed0f8
        0x55ec9d6ed0f8
        0x55ec9d6ed0f8
        0x55ec9d6ed0f8
        0x55ec9d6ed0f8
        0x55ec9d6ed0f8
        0x55ec9d6ed0f8
        0x55ec9d6ed0f8
        0x55ec9d6ed0f8
        0x55ec9d6ed0f8
        0x55ec9d6ed0f8
        0x55ec9d6ed0f8
        0x55ec9d6ed0f8
        0x55ec9d6ed0f8
        0x55ec9d6ed0f8
        0x55ec9d6ed0f8
        0x55ec9d6ed0f8
        0x55ec9d6ed0f8
        0x55ec9d6ed0f8
        0x55ec9d6ed0f8
        0x55ec9d6ed0f8
        0x55ec9d6ed0f8
        0x55ec9d6ed0f8
        0x55ec9d6ed0f8
        0x55ec9d6ed0f8
        0x55ec9d6ed0f8
        0x55ec9d6ed0f8
        0x55ec9d6ed0f8
        0x55ec9d6ed0f8
        0x55ec9d6ed0f8
        0x55ec9d6ed0f8
        0x55ec9d6ed0f8
        0x55ec9d6ed0f8
        0x55ec9d6ed0f8
        0x55ec9d6ed0f8
]: 1
@preempt_stack[
        0x7f03cd0a9847
        0x8000880402c0000
]: 1
@preempt_stack[
        0x7f03cdf07678
        0x7f03906a0fc0
]: 1
@preempt_stack[
        0x40bbbd33
        0x416f5368
        0x41a0c934
        0x40bcc7a6
        0x7f032c846428
        0x7f032c9e578f
        0x55ec9c6a2490
]: 1
@preempt_stack[
        0x7f03cdf05ce2
        0
]: 1
@preempt_stack[
        0x7f032ca0c34b
        0
]: 1
@preempt_stack[
        0x7f03cee3bf20
        0x7f03cf153548
        0
]: 1
@preempt_stack[
        0x7f03ce32d25c
        0x1
]: 1
@preempt_stack[
        0x7f032c9acc0b
        0
]: 1
@preempt_stack[
        0x7f032ca4f415
]: 1
@preempt_stack[
        0x7f03ce320640
        0x7f03ce325ce0
        0xa1d6058d48fc8949
]: 1
@preempt_stack[
        0x7f03ce096766
        0xe400038fffee4f0
        0x7f03ce09dd80
        0x4810c08348010bfa
]: 1
@preempt_stack[
        __tls_get_addr+40
]: 1
@preempt_stack[
        0x7f03ce92e264
]: 1
@preempt_stack[
        0x7f032c9cb5a8
        0x130000
        0
        0
        0x55ec9fe71610
]: 1
@preempt_stack[
        0x7f03ce318174
        0x5
]: 1
@preempt_stack[
        0x7f03cebb2b93
]: 1
@preempt_stack[
        0x7f032ca0d530
]: 1
@preempt_stack[
        GC_gcj_malloc+99
        0x41a7cb24
        0x4168ee97
        0x4168a944
        0x7f032c846428
        0x7f032c9e578f
        0x55ec9c6a2490
]: 1
@preempt_stack[
        0x7f03cebb4889
]: 1
@preempt_stack[
        0x418c6ca1
        0x416f5368
        0x41a0c934
        0x40bcc7a6
        0x7f032c846428
        0x7f032c9e578f
        0x55ec9c6a2490
]: 1
@preempt_stack[
        0x40c6606b
        0x40c65ef4
        0x41d117df
        0x4168eed6
        0x4168a944
        0x7f032c846428
        0x7f032c9e578f
        0x55ec9c6a2490
]: 1
@preempt_stack[
        0x7f032c9ddad4
        0x55eca06ea1f0
]: 1
@preempt_stack[
        mono_g_hash_table_lookup_extended+66
        0x110000
        0x55ec9e037a80
        0x55ec9e037a80
        0x55ec9e037a80
        0x55ec9e037a80
        0x55ec9e037a80
        0x55ec9e037a80
        0x55ec9e037a80
        0x55ec9e037a80
        0x55ec9e037a80
        0x55ec9e037a80
        0x55ec9e037a80
        0x55ec9e037a80
        0x55ec9e037a80
        0x55ec9e037a80
        0x55ec9e037a80
        0x55ec9e037a80
        0x55ec9e037a80
        0x55ec9e037a80
        0x55ec9e037a80
        0x55ec9e037a80
        0x55ec9e037a80
        0x55ec9e037a80
        0x55ec9e037a80
        0x55ec9e037a80
        0x55ec9e037a80
        0x55ec9e037a80
        0x55ec9e037a80
        0x55ec9e037a80
        0x55ec9e037a80
        0x55ec9e037a80
        0x55ec9e037a80
        0x55ec9e037a80
        0x55ec9e037a80
        0x55ec9e037a80
        0x55ec9e037a80
        0x55ec9e037a80
        0x55ec9e037a80
        0x55ec9e037a80
        0x55ec9e037a80
        0x55ec9e037a80
        0x55ec9e037a80
        0x55ec9e037a80
        0x55ec9e037a80
        0x55ec9e037a80
        0x55ec9e037a80
        0x55ec9e037a80
        0x55ec9e037a80
        0x55ec9e037a80
        0x55ec9e037a80
        0x55ec9e037a80
        0x55ec9e037a80
        0x55ec9e037a80
        0x55ec9e037a80
        0x55ec9e037a80
        0x55ec9e037a80
        0x55ec9e037a80
        0x55ec9e037a80
        0x55ec9e037a80
        0x55ec9e037a80
        0x55ec9e037a80
        0x55ec9e037a80
        0x55ec9e037a80
        0x55ec9e037a80
        0x55ec9e037a80
        0x55ec9e037a80
        0x55ec9e037a80
        0x55ec9e037a80
        0x55ec9e037a80
        0x55ec9e037a80
        0x55ec9e037a80
        0x55ec9e037a80
        0x55ec9e037a80
        0x55ec9e037a80
        0x55ec9e037a80
        0x55ec9e037a80
        0x55ec9e037a80
        0x55ec9e037a80
        0x55ec9e037a80
        0x55ec9e037a80
        0x55ec9e037a80
        0x55ec9e037a80
        0x55ec9e037a80
        0x55ec9e037a80
        0x55ec9e037a80
        0x55ec9e037a80
        0x55ec9e037a80
        0x55ec9e037a80
        0x55ec9e037a80
        0x55ec9e037a80
        0x55ec9e037a80
        0x55ec9e037a80
        0x55ec9e037a80
        0x55ec9e037a80
        0x55ec9e037a80
        0x55ec9e037a80
        0x55ec9e037a80
        0x55ec9e037a80
        0x55ec9e037a80
        0x55ec9e037a80
        0x55ec9e037a80
        0x55ec9e037a80
        0x55ec9e037a80
        0x55ec9e037a80
        0x55ec9e037a80
        0x55ec9e037a80
        0x55ec9e037a80
        0x55ec9e037a80
        0x55ec9e037a80
        0x55ec9e037a80
        0x55ec9e037a80
        0x55ec9e037a80
        0x55ec9e037a80
        0x55ec9e037a80
        0x55ec9e037a80
        0x55ec9e037a80
        0x55ec9e037a80
        0x55ec9e037a80
        0x55ec9e037a80
        0x55ec9e037a80
        0x55ec9e037a80
        0x55ec9e037a80
        0x55ec9e037a80
        0x55ec9e037a80
        0x55ec9e037a80
        0x55ec9e037a80
]: 1
@preempt_stack[
        pthread_cond_timedwait+520
]: 1
@preempt_stack[
        0x40c09c57
        0x40c09a68
]: 1
@preempt_stack[
        0x7f032c9ce4f8
        0x55ec9fe78c00
        0x55ec9fe78c00
        0x55ec9fe78c00
        0x55ec9fe78c00
        0x55ec9fe78c00
        0x55ec9fe78c00
        0x55ec9fe78c00
        0x55ec9fe78c00
        0x55ec9fe78c00
        0x55ec9fe78c00
        0x55ec9fe78c00
        0x55ec9fe78c00
        0x55ec9fe78c00
        0x55ec9fe78c00
        0x55ec9fe78c00
        0x55ec9fe78c00
        0x55ec9fe78c00
        0x55ec9fe78c00
        0x55ec9fe78c00
        0x55ec9fe78c00
        0x55ec9fe78c00
        0x55ec9fe78c00
        0x55ec9fe78c00
        0x55ec9fe78c00
        0x55ec9fe78c00
        0x55ec9fe78c00
        0x55ec9fe78c00
        0x55ec9fe78c00
        0x55ec9fe78c00
        0x55ec9fe78c00
        0x55ec9fe78c00
        0x55ec9fe78c00
        0x55ec9fe78c00
        0x55ec9fe78c00
        0x55ec9fe78c00
        0x55ec9fe78c00
        0x55ec9fe78c00
        0x55ec9fe78c00
        0x55ec9fe78c00
        0x55ec9fe78c00
        0x55ec9fe78c00
        0x55ec9fe78c00
        0x55ec9fe78c00
        0x55ec9fe78c00
        0x55ec9fe78c00
        0x55ec9fe78c00
        0x55ec9fe78c00
        0x55ec9fe78c00
        0x55ec9fe78c00
        0x55ec9fe78c00
        0x55ec9fe78c00
        0x55ec9fe78c00
        0x55ec9fe78c00
        0x55ec9fe78c00
        0x55ec9fe78c00
        0x55ec9fe78c00
        0x55ec9fe78c00
        0x55ec9fe78c00
        0x55ec9fe78c00
        0x55ec9fe78c00
        0x55ec9fe78c00
        0x55ec9fe78c00
        0x55ec9fe78c00
        0x55ec9fe78c00
        0x55ec9fe78c00
        0x55ec9fe78c00
        0x55ec9fe78c00
        0x55ec9fe78c00
        0x55ec9fe78c00
        0x55ec9fe78c00
        0x55ec9fe78c00
        0x55ec9fe78c00
        0x55ec9fe78c00
        0x55ec9fe78c00
        0x55ec9fe78c00
        0x55ec9fe78c00
        0x55ec9fe78c00
        0x55ec9fe78c00
        0x55ec9fe78c00
        0x55ec9fe78c00
        0x55ec9fe78c00
        0x55ec9fe78c00
        0x55ec9fe78c00
        0x55ec9fe78c00
        0x55ec9fe78c00
        0x55ec9fe78c00
        0x55ec9fe78c00
        0x55ec9fe78c00
        0x55ec9fe78c00
        0x55ec9fe78c00
        0x55ec9fe78c00
        0x55ec9fe78c00
        0x55ec9fe78c00
        0x55ec9fe78c00
        0x55ec9fe78c00
        0x55ec9fe78c00
        0x55ec9fe78c00
        0x55ec9fe78c00
        0x55ec9fe78c00
        0x55ec9fe78c00
        0x55ec9fe78c00
        0x55ec9fe78c00
        0x55ec9fe78c00
        0x55ec9fe78c00
        0x55ec9fe78c00
        0x55ec9fe78c00
        0x55ec9fe78c00
        0x55ec9fe78c00
        0x55ec9fe78c00
        0x55ec9fe78c00
        0x55ec9fe78c00
        0x55ec9fe78c00
        0x55ec9fe78c00
        0x55ec9fe78c00
        0x55ec9fe78c00
        0x55ec9fe78c00
        0x55ec9fe78c00
        0x55ec9fe78c00
        0x55ec9fe78c00
        0x55ec9fe78c00
        0x55ec9fe78c00
        0x55ec9fe78c00
        0x55ec9fe78c00
        0x55ec9fe78c00
        0x55ec9fe78c00
        0x55ec9fe78c00
]: 1
@preempt_stack[
        0x7f03ce37bc11
]: 1
@preempt_stack[
        0x7f03ce050e53
]: 1
@preempt_stack[
        __pthread_mutex_unlock+66
]: 1
@preempt_stack[
        0x7f032c9ce502
        0x55ec9f75bf48
        0x55ec9f75bf48
        0x55ec9f75bf48
        0x55ec9f75bf48
        0x55ec9f75bf48
        0x55ec9f75bf48
        0x55ec9f75bf48
        0x55ec9f75bf48
        0x55ec9f75bf48
        0x55ec9f75bf48
        0x55ec9f75bf48
        0x55ec9f75bf48
        0x55ec9f75bf48
        0x55ec9f75bf48
        0x55ec9f75bf48
        0x55ec9f75bf48
        0x55ec9f75bf48
        0x55ec9f75bf48
        0x55ec9f75bf48
        0x55ec9f75bf48
        0x55ec9f75bf48
        0x55ec9f75bf48
        0x55ec9f75bf48
        0x55ec9f75bf48
        0x55ec9f75bf48
        0x55ec9f75bf48
        0x55ec9f75bf48
        0x55ec9f75bf48
        0x55ec9f75bf48
        0x55ec9f75bf48
        0x55ec9f75bf48
        0x55ec9f75bf48
        0x55ec9f75bf48
        0x55ec9f75bf48
        0x55ec9f75bf48
        0x55ec9f75bf48
        0x55ec9f75bf48
        0x55ec9f75bf48
        0x55ec9f75bf48
        0x55ec9f75bf48
        0x55ec9f75bf48
        0x55ec9f75bf48
        0x55ec9f75bf48
        0x55ec9f75bf48
        0x55ec9f75bf48
        0x55ec9f75bf48
        0x55ec9f75bf48
        0x55ec9f75bf48
        0x55ec9f75bf48
        0x55ec9f75bf48
        0x55ec9f75bf48
        0x55ec9f75bf48
        0x55ec9f75bf48
        0x55ec9f75bf48
        0x55ec9f75bf48
        0x55ec9f75bf48
        0x55ec9f75bf48
        0x55ec9f75bf48
        0x55ec9f75bf48
        0x55ec9f75bf48
        0x55ec9f75bf48
        0x55ec9f75bf48
        0x55ec9f75bf48
        0x55ec9f75bf48
        0x55ec9f75bf48
        0x55ec9f75bf48
        0x55ec9f75bf48
        0x55ec9f75bf48
        0x55ec9f75bf48
        0x55ec9f75bf48
        0x55ec9f75bf48
        0x55ec9f75bf48
        0x55ec9f75bf48
        0x55ec9f75bf48
        0x55ec9f75bf48
        0x55ec9f75bf48
        0x55ec9f75bf48
        0x55ec9f75bf48
        0x55ec9f75bf48
        0x55ec9f75bf48
        0x55ec9f75bf48
        0x55ec9f75bf48
        0x55ec9f75bf48
        0x55ec9f75bf48
        0x55ec9f75bf48
        0x55ec9f75bf48
        0x55ec9f75bf48
        0x55ec9f75bf48
        0x55ec9f75bf48
        0x55ec9f75bf48
        0x55ec9f75bf48
        0x55ec9f75bf48
        0x55ec9f75bf48
        0x55ec9f75bf48
        0x55ec9f75bf48
        0x55ec9f75bf48
        0x55ec9f75bf48
        0x55ec9f75bf48
        0x55ec9f75bf48
        0x55ec9f75bf48
        0x55ec9f75bf48
        0x55ec9f75bf48
        0x55ec9f75bf48
        0x55ec9f75bf48
        0x55ec9f75bf48
        0x55ec9f75bf48
        0x55ec9f75bf48
        0x55ec9f75bf48
        0x55ec9f75bf48
        0x55ec9f75bf48
        0x55ec9f75bf48
        0x55ec9f75bf48
        0x55ec9f75bf48
        0x55ec9f75bf48
        0x55ec9f75bf48
        0x55ec9f75bf48
        0x55ec9f75bf48
        0x55ec9f75bf48
        0x55ec9f75bf48
        0x55ec9f75bf48
        0x55ec9f75bf48
        0x55ec9f75bf48
        0x55ec9f75bf48
        0x55ec9f75bf48
        0x55ec9f75bf48
        0x55ec9f75bf48
]: 1
@preempt_stack[
        0x7f03ce07b29f
        0xe400038fffef714
        0x7f03ce09dd80
        0x4810c08348010bfa
]: 1
@preempt_stack[
        0x7f03ce2d3707
]: 1
@preempt_stack[
        0x7f032c9cb609
        0x1
        0
        0x55ec9f35bb20
]: 1
@preempt_stack[
        0x7f03ce3122e7
        0x7f0391e6d768
        0x7f03ce313b40
        0xbe76058d48fc8949
]: 1
@preempt_stack[
        0x7f032c9dcfa3
        0x120000
        0x55ec9feb05a8
        0x55ec9feb05a8
        0x55ec9feb05a8
        0x55ec9feb05a8
        0x55ec9feb05a8
        0x55ec9feb05a8
        0x55ec9feb05a8
        0x55ec9feb05a8
        0x55ec9feb05a8
        0x55ec9feb05a8
        0x55ec9feb05a8
        0x55ec9feb05a8
        0x55ec9feb05a8
        0x55ec9feb05a8
        0x55ec9feb05a8
        0x55ec9feb05a8
        0x55ec9feb05a8
        0x55ec9feb05a8
        0x55ec9feb05a8
        0x55ec9feb05a8
        0x55ec9feb05a8
        0x55ec9feb05a8
        0x55ec9feb05a8
        0x55ec9feb05a8
        0x55ec9feb05a8
        0x55ec9feb05a8
        0x55ec9feb05a8
        0x55ec9feb05a8
        0x55ec9feb05a8
        0x55ec9feb05a8
        0x55ec9feb05a8
        0x55ec9feb05a8
        0x55ec9feb05a8
        0x55ec9feb05a8
        0x55ec9feb05a8
        0x55ec9feb05a8
        0x55ec9feb05a8
        0x55ec9feb05a8
        0x55ec9feb05a8
        0x55ec9feb05a8
        0x55ec9feb05a8
        0x55ec9feb05a8
        0x55ec9feb05a8
        0x55ec9feb05a8
        0x55ec9feb05a8
        0x55ec9feb05a8
        0x55ec9feb05a8
        0x55ec9feb05a8
        0x55ec9feb05a8
        0x55ec9feb05a8
        0x55ec9feb05a8
        0x55ec9feb05a8
        0x55ec9feb05a8
        0x55ec9feb05a8
        0x55ec9feb05a8
        0x55ec9feb05a8
        0x55ec9feb05a8
        0x55ec9feb05a8
        0x55ec9feb05a8
        0x55ec9feb05a8
        0x55ec9feb05a8
        0x55ec9feb05a8
        0x55ec9feb05a8
        0x55ec9feb05a8
        0x55ec9feb05a8
        0x55ec9feb05a8
        0x55ec9feb05a8
        0x55ec9feb05a8
        0x55ec9feb05a8
        0x55ec9feb05a8
        0x55ec9feb05a8
        0x55ec9feb05a8
        0x55ec9feb05a8
        0x55ec9feb05a8
        0x55ec9feb05a8
        0x55ec9feb05a8
        0x55ec9feb05a8
        0x55ec9feb05a8
        0x55ec9feb05a8
        0x55ec9feb05a8
        0x55ec9feb05a8
        0x55ec9feb05a8
        0x55ec9feb05a8
        0x55ec9feb05a8
        0x55ec9feb05a8
        0x55ec9feb05a8
        0x55ec9feb05a8
        0x55ec9feb05a8
        0x55ec9feb05a8
        0x55ec9feb05a8
        0x55ec9feb05a8
        0x55ec9feb05a8
        0x55ec9feb05a8
        0x55ec9feb05a8
        0x55ec9feb05a8
        0x55ec9feb05a8
        0x55ec9feb05a8
        0x55ec9feb05a8
        0x55ec9feb05a8
        0x55ec9feb05a8
        0x55ec9feb05a8
        0x55ec9feb05a8
        0x55ec9feb05a8
        0x55ec9feb05a8
        0x55ec9feb05a8
        0x55ec9feb05a8
        0x55ec9feb05a8
        0x55ec9feb05a8
        0x55ec9feb05a8
        0x55ec9feb05a8
        0x55ec9feb05a8
        0x55ec9feb05a8
        0x55ec9feb05a8
        0x55ec9feb05a8
        0x55ec9feb05a8
        0x55ec9feb05a8
        0x55ec9feb05a8
        0x55ec9feb05a8
        0x55ec9feb05a8
        0x55ec9feb05a8
        0x55ec9feb05a8
        0x55ec9feb05a8
        0x55ec9feb05a8
        0x55ec9feb05a8
        0x55ec9feb05a8
]: 1
@preempt_stack[
        mono_metadata_type_hash+96
        0x120000
        0x55ec9fe51b58
        0x55ec9fe51b58
        0x55ec9fe51b58
        0x55ec9fe51b58
        0x55ec9fe51b58
        0x55ec9fe51b58
        0x55ec9fe51b58
        0x55ec9fe51b58
        0x55ec9fe51b58
        0x55ec9fe51b58
        0x55ec9fe51b58
        0x55ec9fe51b58
        0x55ec9fe51b58
        0x55ec9fe51b58
        0x55ec9fe51b58
        0x55ec9fe51b58
        0x55ec9fe51b58
        0x55ec9fe51b58
        0x55ec9fe51b58
        0x55ec9fe51b58
        0x55ec9fe51b58
        0x55ec9fe51b58
        0x55ec9fe51b58
        0x55ec9fe51b58
        0x55ec9fe51b58
        0x55ec9fe51b58
        0x55ec9fe51b58
        0x55ec9fe51b58
        0x55ec9fe51b58
        0x55ec9fe51b58
        0x55ec9fe51b58
        0x55ec9fe51b58
        0x55ec9fe51b58
        0x55ec9fe51b58
        0x55ec9fe51b58
        0x55ec9fe51b58
        0x55ec9fe51b58
        0x55ec9fe51b58
        0x55ec9fe51b58
        0x55ec9fe51b58
        0x55ec9fe51b58
        0x55ec9fe51b58
        0x55ec9fe51b58
        0x55ec9fe51b58
        0x55ec9fe51b58
        0x55ec9fe51b58
        0x55ec9fe51b58
        0x55ec9fe51b58
        0x55ec9fe51b58
        0x55ec9fe51b58
        0x55ec9fe51b58
        0x55ec9fe51b58
        0x55ec9fe51b58
        0x55ec9fe51b58
        0x55ec9fe51b58
        0x55ec9fe51b58
        0x55ec9fe51b58
        0x55ec9fe51b58
        0x55ec9fe51b58
        0x55ec9fe51b58
        0x55ec9fe51b58
        0x55ec9fe51b58
        0x55ec9fe51b58
        0x55ec9fe51b58
        0x55ec9fe51b58
        0x55ec9fe51b58
        0x55ec9fe51b58
        0x55ec9fe51b58
        0x55ec9fe51b58
        0x55ec9fe51b58
        0x55ec9fe51b58
        0x55ec9fe51b58
        0x55ec9fe51b58
        0x55ec9fe51b58
        0x55ec9fe51b58
        0x55ec9fe51b58
        0x55ec9fe51b58
        0x55ec9fe51b58
        0x55ec9fe51b58
        0x55ec9fe51b58
        0x55ec9fe51b58
        0x55ec9fe51b58
        0x55ec9fe51b58
        0x55ec9fe51b58
        0x55ec9fe51b58
        0x55ec9fe51b58
        0x55ec9fe51b58
        0x55ec9fe51b58
        0x55ec9fe51b58
        0x55ec9fe51b58
        0x55ec9fe51b58
        0x55ec9fe51b58
        0x55ec9fe51b58
        0x55ec9fe51b58
        0x55ec9fe51b58
        0x55ec9fe51b58
        0x55ec9fe51b58
        0x55ec9fe51b58
        0x55ec9fe51b58
        0x55ec9fe51b58
        0x55ec9fe51b58
        0x55ec9fe51b58
        0x55ec9fe51b58
        0x55ec9fe51b58
        0x55ec9fe51b58
        0x55ec9fe51b58
        0x55ec9fe51b58
        0x55ec9fe51b58
        0x55ec9fe51b58
        0x55ec9fe51b58
        0x55ec9fe51b58
        0x55ec9fe51b58
        0x55ec9fe51b58
        0x55ec9fe51b58
        0x55ec9fe51b58
        0x55ec9fe51b58
        0x55ec9fe51b58
        0x55ec9fe51b58
        0x55ec9fe51b58
        0x55ec9fe51b58
        0x55ec9fe51b58
        0x55ec9fe51b58
        0x55ec9fe51b58
        0x55ec9fe51b58
        0x55ec9fe51b58
]: 1
@preempt_stack[
        0x7f03ce31835c
        0xffffffff00000002
]: 1
@preempt_stack[
        0x7f03ce347844
]: 1
@preempt_stack[
        0x41937418
]: 1
@preempt_stack[
        0x7f03ceba533b
]: 1
@preempt_stack[
        mono_threads_exit_gc_safe_region_internal+8
]: 1
@preempt_stack[
        pthread_mutex_trylock+909
        0x120000
        0x55ec9f35cdb0
        0x55ec9f35cdb0
        0x55ec9f35cdb0
        0x55ec9f35cdb0
        0x55ec9f35cdb0
        0x55ec9f35cdb0
        0x55ec9f35cdb0
        0x55ec9f35cdb0
        0x55ec9f35cdb0
        0x55ec9f35cdb0
        0x55ec9f35cdb0
        0x55ec9f35cdb0
        0x55ec9f35cdb0
        0x55ec9f35cdb0
        0x55ec9f35cdb0
        0x55ec9f35cdb0
        0x55ec9f35cdb0
        0x55ec9f35cdb0
        0x55ec9f35cdb0
        0x55ec9f35cdb0
        0x55ec9f35cdb0
        0x55ec9f35cdb0
        0x55ec9f35cdb0
        0x55ec9f35cdb0
        0x55ec9f35cdb0
        0x55ec9f35cdb0
        0x55ec9f35cdb0
        0x55ec9f35cdb0
        0x55ec9f35cdb0
        0x55ec9f35cdb0
        0x55ec9f35cdb0
        0x55ec9f35cdb0
        0x55ec9f35cdb0
        0x55ec9f35cdb0
        0x55ec9f35cdb0
        0x55ec9f35cdb0
        0x55ec9f35cdb0
        0x55ec9f35cdb0
        0x55ec9f35cdb0
        0x55ec9f35cdb0
        0x55ec9f35cdb0
        0x55ec9f35cdb0
        0x55ec9f35cdb0
        0x55ec9f35cdb0
        0x55ec9f35cdb0
        0x55ec9f35cdb0
        0x55ec9f35cdb0
        0x55ec9f35cdb0
        0x55ec9f35cdb0
        0x55ec9f35cdb0
        0x55ec9f35cdb0
        0x55ec9f35cdb0
        0x55ec9f35cdb0
        0x55ec9f35cdb0
        0x55ec9f35cdb0
        0x55ec9f35cdb0
        0x55ec9f35cdb0
        0x55ec9f35cdb0
        0x55ec9f35cdb0
        0x55ec9f35cdb0
        0x55ec9f35cdb0
        0x55ec9f35cdb0
        0x55ec9f35cdb0
        0x55ec9f35cdb0
        0x55ec9f35cdb0
        0x55ec9f35cdb0
        0x55ec9f35cdb0
        0x55ec9f35cdb0
        0x55ec9f35cdb0
        0x55ec9f35cdb0
        0x55ec9f35cdb0
        0x55ec9f35cdb0
        0x55ec9f35cdb0
        0x55ec9f35cdb0
        0x55ec9f35cdb0
        0x55ec9f35cdb0
        0x55ec9f35cdb0
        0x55ec9f35cdb0
        0x55ec9f35cdb0
        0x55ec9f35cdb0
        0x55ec9f35cdb0
        0x55ec9f35cdb0
        0x55ec9f35cdb0
        0x55ec9f35cdb0
        0x55ec9f35cdb0
        0x55ec9f35cdb0
        0x55ec9f35cdb0
        0x55ec9f35cdb0
        0x55ec9f35cdb0
        0x55ec9f35cdb0
        0x55ec9f35cdb0
        0x55ec9f35cdb0
        0x55ec9f35cdb0
        0x55ec9f35cdb0
        0x55ec9f35cdb0
        0x55ec9f35cdb0
        0x55ec9f35cdb0
        0x55ec9f35cdb0
        0x55ec9f35cdb0
        0x55ec9f35cdb0
        0x55ec9f35cdb0
        0x55ec9f35cdb0
        0x55ec9f35cdb0
        0x55ec9f35cdb0
        0x55ec9f35cdb0
        0x55ec9f35cdb0
        0x55ec9f35cdb0
        0x55ec9f35cdb0
        0x55ec9f35cdb0
        0x55ec9f35cdb0
        0x55ec9f35cdb0
        0x55ec9f35cdb0
        0x55ec9f35cdb0
        0x55ec9f35cdb0
        0x55ec9f35cdb0
        0x55ec9f35cdb0
        0x55ec9f35cdb0
        0x55ec9f35cdb0
        0x55ec9f35cdb0
        0x55ec9f35cdb0
        0x55ec9f35cdb0
        0x55ec9f35cdb0
        0x55ec9f35cdb0
        0x55ec9f35cdb0
        0x55ec9f35cdb0
]: 1
@preempt_stack[
        0x41e94ea1
        0x41e94864
        0x41a03adf
        0x7f032c846428
        0x7f032c9e578f
        0x55ec9c6a2490
]: 1
@preempt_stack[
        0x7f03ce317fac
]: 1
@preempt_stack[
        0x7f03cec90151
        0x7f0390cf5330
        0x7f0390cde3a0
        0x7f0390cdd9c8
        0x7f0390cf5330
        0x7f0390cde3a0
        0x7f0390cdd9c8
        0x7f0390cf5330
        0x7f0390cde3a0
        0x7f0390cdd9c8
        0x7f0390cf5330
        0x7f0390cde3a0
        0x7f0390cdd9c8
        0x7f0390cf5330
        0x7f0390cde3a0
        0x7f0390cdd9c8
        0x7f0390cf5330
        0x7f0390cde3a0
        0x7f0390cdd9c8
        0x7f0390cf5330
        0x7f0390cde3a0
        0x7f0390cdd9c8
        0x7f0390cf5330
        0x7f0390cde3a0
        0x7f0390cdd9c8
        0x7f0390cf5330
        0x7f0390cde3a0
        0x7f0390cdd9c8
        0x7f0390cf5330
        0x7f0390cde3a0
        0x7f0390cdd9c8
        0x7f0390cf5330
        0x7f0390cde3a0
        0x7f0390cdd9c8
        0x7f0390cf5330
        0x7f0390cde3a0
        0x7f0390cdd9c8
        0x7f0390cf5330
        0x7f0390cde3a0
        0x7f0390cdd9c8
        0x7f0390cf5330
        0x7f0390cde3a0
        0x7f0390cdd9c8
        0x7f0390cf5330
        0x7f0390cde3a0
        0x7f0390cdd9c8
        0x7f0390cf5330
        0x7f0390cde3a0
        0x7f0390cdd9c8
        0x7f0390cf5330
        0x7f0390cde3a0
        0x7f0390cdd9c8
        0x7f0390cf5330
        0x7f0390cde3a0
        0x7f0390cdd9c8
        0x7f0390cf5330
        0x7f0390cde3a0
        0x7f0390cdd9c8
        0x7f0390cf5330
        0x7f0390cde3a0
        0x7f0390cdd9c8
        0x7f0390cf5330
        0x7f0390cde3a0
        0x7f0390cdd9c8
        0x7f0390cf5330
        0x7f0390cde3a0
        0x7f0390cdd9c8
        0x7f0390cf5330
        0x7f0390cde3a0
        0x7f0390cdd9c8
        0x7f0390cf5330
        0x7f0390cde3a0
        0x7f0390cdd9c8
        0x7f0390cf5330
        0x7f0390cde3a0
        0x7f0390cdd9c8
        0x7f0390cf5330
        0x7f0390cde3a0
        0x7f0390cdd9c8
        0x7f0390cf5330
        0x7f0390cde3a0
        0x7f0390cdd9c8
        0x7f0390cf5330
        0x7f0390cde3a0
        0x7f0390cdd9c8
        0x7f0390cf5330
        0x7f0390cde3a0
        0x7f0390cdd9c8
        0x7f0390cf5330
        0x7f0390cde3a0
        0x7f0390cdd9c8
        0x7f0390cf5330
        0x7f0390cde3a0
        0x7f0390cdd9c8
        0x7f0390cf5330
        0x7f0390cde3a0
        0x7f0390cdd9c8
        0x7f0390cf5330
        0x7f0390cde3a0
        0x7f0390cdd9c8
        0x7f0390cf5330
        0x7f0390cde3a0
        0x7f0390cdd9c8
        0x7f0390cf5330
        0x7f0390cde3a0
        0x7f0390cdd9c8
        0x7f0390cf5330
        0x7f0390cde3a0
        0x7f0390cdd9c8
        0x7f0390cf5330
        0x7f0390cde3a0
        0x7f0390cdd9c8
        0x7f0390cf5330
        0x7f0390cde3a0
        0x7f0390cdd9c8
        0x7f0390cf5330
        0x7f0390cde3a0
        0x7f0390cdd9c8
        0x7f0390cf5330
        0x7f0390cde3a0
        0x7f0390cdd9c8
        0x7f0390cf5330
        0x7f0390cde3a0
        0x7f0390cdd9c8
        0x7f0390cf5330
        0x7f0390cde3a0
        0x7f0390cdd9c8
]: 1
@preempt_stack[
        0x7f032ca4d762
]: 1
@preempt_stack[
        0x7f03cdf015c0
        0xc93
]: 1
@preempt_stack[
        0x7f03ce320137
        0x10000
        0x7f0392e5f160
        0x58
        0xb80000ffff000000
]: 1
@preempt_stack[
        0x7f03ce34e965
        0x601060a0605
]: 1
@preempt_stack[
        0x7f03ce342e82
]: 1
@preempt_stack[
        0x7f032c9a6c20
        0
        0
        0x55ec9c668de8
        0x55ec9c668de8
        0x55ec9c668de8
        0x55ec9c668de8
        0x55ec9c668de8
        0x55ec9c668de8
        0x55ec9c668de8
        0x55ec9c668de8
        0x55ec9c668de8
        0x55ec9c668de8
        0x55ec9c668de8
        0x55ec9c668de8
        0x55ec9c668de8
        0x55ec9c668de8
        0x55ec9c668de8
        0x55ec9c668de8
        0x55ec9c668de8
        0x55ec9c668de8
        0x55ec9c668de8
        0x55ec9c668de8
        0x55ec9c668de8
        0x55ec9c668de8
        0x55ec9c668de8
        0x55ec9c668de8
        0x55ec9c668de8
        0x55ec9c668de8
        0x55ec9c668de8
        0x55ec9c668de8
        0x55ec9c668de8
        0x55ec9c668de8
        0x55ec9c668de8
        0x55ec9c668de8
        0x55ec9c668de8
        0x55ec9c668de8
        0x55ec9c668de8
        0x55ec9c668de8
        0x55ec9c668de8
        0x55ec9c668de8
        0x55ec9c668de8
        0x55ec9c668de8
        0x55ec9c668de8
        0x55ec9c668de8
        0x55ec9c668de8
        0x55ec9c668de8
        0x55ec9c668de8
        0x55ec9c668de8
        0x55ec9c668de8
        0x55ec9c668de8
        0x55ec9c668de8
        0x55ec9c668de8
        0x55ec9c668de8
        0x55ec9c668de8
        0x55ec9c668de8
        0x55ec9c668de8
        0x55ec9c668de8
        0x55ec9c668de8
        0x55ec9c668de8
        0x55ec9c668de8
        0x55ec9c668de8
        0x55ec9c668de8
        0x55ec9c668de8
        0x55ec9c668de8
        0x55ec9c668de8
        0x55ec9c668de8
        0x55ec9c668de8
        0x55ec9c668de8
        0x55ec9c668de8
        0x55ec9c668de8
        0x55ec9c668de8
        0x55ec9c668de8
        0x55ec9c668de8
        0x55ec9c668de8
        0x55ec9c668de8
        0x55ec9c668de8
        0x55ec9c668de8
        0x55ec9c668de8
        0x55ec9c668de8
        0x55ec9c668de8
        0x55ec9c668de8
        0x55ec9c668de8
        0x55ec9c668de8
        0x55ec9c668de8
        0x55ec9c668de8
        0x55ec9c668de8
        0x55ec9c668de8
        0x55ec9c668de8
        0x55ec9c668de8
        0x55ec9c668de8
        0x55ec9c668de8
        0x55ec9c668de8
        0x55ec9c668de8
        0x55ec9c668de8
        0x55ec9c668de8
        0x55ec9c668de8
        0x55ec9c668de8
        0x55ec9c668de8
        0x55ec9c668de8
        0x55ec9c668de8
        0x55ec9c668de8
        0x55ec9c668de8
        0x55ec9c668de8
        0x55ec9c668de8
        0x55ec9c668de8
        0x55ec9c668de8
        0x55ec9c668de8
        0x55ec9c668de8
        0x55ec9c668de8
        0x55ec9c668de8
        0x55ec9c668de8
        0x55ec9c668de8
        0x55ec9c668de8
        0x55ec9c668de8
        0x55ec9c668de8
        0x55ec9c668de8
        0x55ec9c668de8
        0x55ec9c668de8
        0x55ec9c668de8
        0x55ec9c668de8
        0x55ec9c668de8
        0x55ec9c668de8
        0x55ec9c668de8
        0x55ec9c668de8
        0x55ec9c668de8
        0x55ec9c668de8
]: 1
@preempt_stack[
        0x7f03cecdbdd4
]: 1
@preempt_stack[
        0x41d117e6
        0x4168eed6
        0x4168a944
        0x7f032c846428
        0x7f032c9e578f
        0x55ec9c6a2490
]: 1
@preempt_stack[
        0x7f032c9af6f5
        0x5
]: 1
@preempt_stack[
        mono_thread_info_uninstall_interrupt+37
        0xbc00088000007f01
]: 1
@preempt_stack[
        0x7f01c3a50464
        0
]: 1
@preempt_stack[
        0x4174acc3
        0x7f032c846428
        0x7f032c9e578f
        0x55ec9c6a2490
]: 1
@preempt_stack[
        0x7f03ce33d897
        0x10000
        0x7f039368b8b0
        0x58
]: 1
@preempt_stack[
        0x40bcf590
        0x41e94864
        0x41a03adf
        0x7f032c846428
        0x7f032c9e578f
        0x55ec9c6a2490
]: 1
@preempt_stack[
        0x7f03ceaa6d5b
]: 1
@preempt_stack[
        0x7f032ca0f68f
        0x120000
        0x55ec9d37eab0
        0x55ec9d37eab0
        0x55ec9d37eab0
        0x55ec9d37eab0
        0x55ec9d37eab0
        0x55ec9d37eab0
        0x55ec9d37eab0
        0x55ec9d37eab0
        0x55ec9d37eab0
        0x55ec9d37eab0
        0x55ec9d37eab0
        0x55ec9d37eab0
        0x55ec9d37eab0
        0x55ec9d37eab0
        0x55ec9d37eab0
        0x55ec9d37eab0
        0x55ec9d37eab0
        0x55ec9d37eab0
        0x55ec9d37eab0
        0x55ec9d37eab0
        0x55ec9d37eab0
        0x55ec9d37eab0
        0x55ec9d37eab0
        0x55ec9d37eab0
        0x55ec9d37eab0
        0x55ec9d37eab0
        0x55ec9d37eab0
        0x55ec9d37eab0
        0x55ec9d37eab0
        0x55ec9d37eab0
        0x55ec9d37eab0
        0x55ec9d37eab0
        0x55ec9d37eab0
        0x55ec9d37eab0
        0x55ec9d37eab0
        0x55ec9d37eab0
        0x55ec9d37eab0
        0x55ec9d37eab0
        0x55ec9d37eab0
        0x55ec9d37eab0
        0x55ec9d37eab0
        0x55ec9d37eab0
        0x55ec9d37eab0
        0x55ec9d37eab0
        0x55ec9d37eab0
        0x55ec9d37eab0
        0x55ec9d37eab0
        0x55ec9d37eab0
        0x55ec9d37eab0
        0x55ec9d37eab0
        0x55ec9d37eab0
        0x55ec9d37eab0
        0x55ec9d37eab0
        0x55ec9d37eab0
        0x55ec9d37eab0
        0x55ec9d37eab0
        0x55ec9d37eab0
        0x55ec9d37eab0
        0x55ec9d37eab0
        0x55ec9d37eab0
        0x55ec9d37eab0
        0x55ec9d37eab0
        0x55ec9d37eab0
        0x55ec9d37eab0
        0x55ec9d37eab0
        0x55ec9d37eab0
        0x55ec9d37eab0
        0x55ec9d37eab0
        0x55ec9d37eab0
        0x55ec9d37eab0
        0x55ec9d37eab0
        0x55ec9d37eab0
        0x55ec9d37eab0
        0x55ec9d37eab0
        0x55ec9d37eab0
        0x55ec9d37eab0
        0x55ec9d37eab0
        0x55ec9d37eab0
        0x55ec9d37eab0
        0x55ec9d37eab0
        0x55ec9d37eab0
        0x55ec9d37eab0
        0x55ec9d37eab0
        0x55ec9d37eab0
        0x55ec9d37eab0
        0x55ec9d37eab0
        0x55ec9d37eab0
        0x55ec9d37eab0
        0x55ec9d37eab0
        0x55ec9d37eab0
        0x55ec9d37eab0
        0x55ec9d37eab0
        0x55ec9d37eab0
        0x55ec9d37eab0
        0x55ec9d37eab0
        0x55ec9d37eab0
        0x55ec9d37eab0
        0x55ec9d37eab0
        0x55ec9d37eab0
        0x55ec9d37eab0
        0x55ec9d37eab0
        0x55ec9d37eab0
        0x55ec9d37eab0
        0x55ec9d37eab0
        0x55ec9d37eab0
        0x55ec9d37eab0
        0x55ec9d37eab0
        0x55ec9d37eab0
        0x55ec9d37eab0
        0x55ec9d37eab0
        0x55ec9d37eab0
        0x55ec9d37eab0
        0x55ec9d37eab0
        0x55ec9d37eab0
        0x55ec9d37eab0
        0x55ec9d37eab0
        0x55ec9d37eab0
        0x55ec9d37eab0
        0x55ec9d37eab0
        0x55ec9d37eab0
        0x55ec9d37eab0
        0x55ec9d37eab0
        0x55ec9d37eab0
        0x55ec9d37eab0
        0x55ec9d37eab0
]: 1
@preempt_stack[
        0x7f03cee435c1
]: 1
@preempt_stack[
        0x7f03cedc5826
        0x7f03934aebb0
]: 1
@preempt_stack[
        0x7f032c9e44f9
        0x120000
        0x55ec9dd8dd58
        0x55ec9dd8dd58
        0x55ec9dd8dd58
        0x55ec9dd8dd58
        0x55ec9dd8dd58
        0x55ec9dd8dd58
        0x55ec9dd8dd58
        0x55ec9dd8dd58
        0x55ec9dd8dd58
        0x55ec9dd8dd58
        0x55ec9dd8dd58
        0x55ec9dd8dd58
        0x55ec9dd8dd58
        0x55ec9dd8dd58
        0x55ec9dd8dd58
        0x55ec9dd8dd58
        0x55ec9dd8dd58
        0x55ec9dd8dd58
        0x55ec9dd8dd58
        0x55ec9dd8dd58
        0x55ec9dd8dd58
        0x55ec9dd8dd58
        0x55ec9dd8dd58
        0x55ec9dd8dd58
        0x55ec9dd8dd58
        0x55ec9dd8dd58
        0x55ec9dd8dd58
        0x55ec9dd8dd58
        0x55ec9dd8dd58
        0x55ec9dd8dd58
        0x55ec9dd8dd58
        0x55ec9dd8dd58
        0x55ec9dd8dd58
        0x55ec9dd8dd58
        0x55ec9dd8dd58
        0x55ec9dd8dd58
        0x55ec9dd8dd58
        0x55ec9dd8dd58
        0x55ec9dd8dd58
        0x55ec9dd8dd58
        0x55ec9dd8dd58
        0x55ec9dd8dd58
        0x55ec9dd8dd58
        0x55ec9dd8dd58
        0x55ec9dd8dd58
        0x55ec9dd8dd58
        0x55ec9dd8dd58
        0x55ec9dd8dd58
        0x55ec9dd8dd58
        0x55ec9dd8dd58
        0x55ec9dd8dd58
        0x55ec9dd8dd58
        0x55ec9dd8dd58
        0x55ec9dd8dd58
        0x55ec9dd8dd58
        0x55ec9dd8dd58
        0x55ec9dd8dd58
        0x55ec9dd8dd58
        0x55ec9dd8dd58
        0x55ec9dd8dd58
        0x55ec9dd8dd58
        0x55ec9dd8dd58
        0x55ec9dd8dd58
        0x55ec9dd8dd58
        0x55ec9dd8dd58
        0x55ec9dd8dd58
        0x55ec9dd8dd58
        0x55ec9dd8dd58
        0x55ec9dd8dd58
        0x55ec9dd8dd58
        0x55ec9dd8dd58
        0x55ec9dd8dd58
        0x55ec9dd8dd58
        0x55ec9dd8dd58
        0x55ec9dd8dd58
        0x55ec9dd8dd58
        0x55ec9dd8dd58
        0x55ec9dd8dd58
        0x55ec9dd8dd58
        0x55ec9dd8dd58
        0x55ec9dd8dd58
        0x55ec9dd8dd58
        0x55ec9dd8dd58
        0x55ec9dd8dd58
        0x55ec9dd8dd58
        0x55ec9dd8dd58
        0x55ec9dd8dd58
        0x55ec9dd8dd58
        0x55ec9dd8dd58
        0x55ec9dd8dd58
        0x55ec9dd8dd58
        0x55ec9dd8dd58
        0x55ec9dd8dd58
        0x55ec9dd8dd58
        0x55ec9dd8dd58
        0x55ec9dd8dd58
        0x55ec9dd8dd58
        0x55ec9dd8dd58
        0x55ec9dd8dd58
        0x55ec9dd8dd58
        0x55ec9dd8dd58
        0x55ec9dd8dd58
        0x55ec9dd8dd58
        0x55ec9dd8dd58
        0x55ec9dd8dd58
        0x55ec9dd8dd58
        0x55ec9dd8dd58
        0x55ec9dd8dd58
        0x55ec9dd8dd58
        0x55ec9dd8dd58
        0x55ec9dd8dd58
        0x55ec9dd8dd58
        0x55ec9dd8dd58
        0x55ec9dd8dd58
        0x55ec9dd8dd58
        0x55ec9dd8dd58
        0x55ec9dd8dd58
        0x55ec9dd8dd58
        0x55ec9dd8dd58
        0x55ec9dd8dd58
        0x55ec9dd8dd58
        0x55ec9dd8dd58
        0x55ec9dd8dd58
        0x55ec9dd8dd58
        0x55ec9dd8dd58
]: 1
@preempt_stack[
        0x7f03ce351857
]: 1
@preempt_stack[
        0x41e93f69
        0x41e94864
        0x41a03adf
        0x7f032c846428
        0x7f032c9e578f
        0x55ec9c6a2490
]: 1
@preempt_stack[
        0x7f03ce481f51
]: 1
@preempt_stack[
        0x7f03cdf05932
        0xacc
]: 1
@preempt_stack[
        __clock_gettime+0
        0x2068b4ba
]: 1
@preempt_stack[
        0x7f03ce342ee7
]: 1
@preempt_stack[
        mono_class_from_mono_type_internal+50
        0x120000
        0x55ec9f996048
        0x55ec9f996048
        0x55ec9f996048
        0x55ec9f996048
        0x55ec9f996048
        0x55ec9f996048
        0x55ec9f996048
        0x55ec9f996048
        0x55ec9f996048
        0x55ec9f996048
        0x55ec9f996048
        0x55ec9f996048
        0x55ec9f996048
        0x55ec9f996048
        0x55ec9f996048
        0x55ec9f996048
        0x55ec9f996048
        0x55ec9f996048
        0x55ec9f996048
        0x55ec9f996048
        0x55ec9f996048
        0x55ec9f996048
        0x55ec9f996048
        0x55ec9f996048
        0x55ec9f996048
        0x55ec9f996048
        0x55ec9f996048
        0x55ec9f996048
        0x55ec9f996048
        0x55ec9f996048
        0x55ec9f996048
        0x55ec9f996048
        0x55ec9f996048
        0x55ec9f996048
        0x55ec9f996048
        0x55ec9f996048
        0x55ec9f996048
        0x55ec9f996048
        0x55ec9f996048
        0x55ec9f996048
        0x55ec9f996048
        0x55ec9f996048
        0x55ec9f996048
        0x55ec9f996048
        0x55ec9f996048
        0x55ec9f996048
        0x55ec9f996048
        0x55ec9f996048
        0x55ec9f996048
        0x55ec9f996048
        0x55ec9f996048
        0x55ec9f996048
        0x55ec9f996048
        0x55ec9f996048
        0x55ec9f996048
        0x55ec9f996048
        0x55ec9f996048
        0x55ec9f996048
        0x55ec9f996048
        0x55ec9f996048
        0x55ec9f996048
        0x55ec9f996048
        0x55ec9f996048
        0x55ec9f996048
        0x55ec9f996048
        0x55ec9f996048
        0x55ec9f996048
        0x55ec9f996048
        0x55ec9f996048
        0x55ec9f996048
        0x55ec9f996048
        0x55ec9f996048
        0x55ec9f996048
        0x55ec9f996048
        0x55ec9f996048
        0x55ec9f996048
        0x55ec9f996048
        0x55ec9f996048
        0x55ec9f996048
        0x55ec9f996048
        0x55ec9f996048
        0x55ec9f996048
        0x55ec9f996048
        0x55ec9f996048
        0x55ec9f996048
        0x55ec9f996048
        0x55ec9f996048
        0x55ec9f996048
        0x55ec9f996048
        0x55ec9f996048
        0x55ec9f996048
        0x55ec9f996048
        0x55ec9f996048
        0x55ec9f996048
        0x55ec9f996048
        0x55ec9f996048
        0x55ec9f996048
        0x55ec9f996048
        0x55ec9f996048
        0x55ec9f996048
        0x55ec9f996048
        0x55ec9f996048
        0x55ec9f996048
        0x55ec9f996048
        0x55ec9f996048
        0x55ec9f996048
        0x55ec9f996048
        0x55ec9f996048
        0x55ec9f996048
        0x55ec9f996048
        0x55ec9f996048
        0x55ec9f996048
        0x55ec9f996048
        0x55ec9f996048
        0x55ec9f996048
        0x55ec9f996048
        0x55ec9f996048
        0x55ec9f996048
        0x55ec9f996048
        0x55ec9f996048
        0x55ec9f996048
        0x55ec9f996048
        0x55ec9f996048
        0x55ec9f996048
        0x55ec9f996048
]: 1
@preempt_stack[
        0x7f03cd1b81c6
        0x7f0390010000
        0x7f03935dab20
        0x58
]: 1
@preempt_stack[
        0x7f03cebb29e1
]: 1
@preempt_stack[
        0x7f03ce3511ef
]: 1
@preempt_stack[
        0x40c38f9e
        0x40c65ef4
        0x41d117df
        0x4168eed6
        0x4168a944
        0x7f032c846428
        0x7f032c9e578f
        0x55ec9c6a2490
]: 1
@preempt_stack[
        0x416f548b
        0x416f5368
        0x41a0c934
        0x40bcc7a6
        0x7f032c846428
        0x7f032c9e578f
        0x55ec9c6a2490
]: 1
@preempt_stack[
        0x41a1c644
        0x7f032c846428
        0x7f032c9e578f
        0x55ec9c6a2490
]: 1
@preempt_stack[
        0x7f03ce2d379d
        0xb4b
]: 1
@preempt_stack[
        0x7f03ce239090
        0x7f02d2f7d750
]: 1
@preempt_stack[
        0x7f03ce2d7c07
        0x84008150804
]: 1
@preempt_stack[
        0x7f032c9ce545
        0x55ec9e00a6c0
        0x55ec9e00a6c0
        0x55ec9e00a6c0
        0x55ec9e00a6c0
        0x55ec9e00a6c0
        0x55ec9e00a6c0
        0x55ec9e00a6c0
        0x55ec9e00a6c0
        0x55ec9e00a6c0
        0x55ec9e00a6c0
        0x55ec9e00a6c0
        0x55ec9e00a6c0
        0x55ec9e00a6c0
        0x55ec9e00a6c0
        0x55ec9e00a6c0
        0x55ec9e00a6c0
        0x55ec9e00a6c0
        0x55ec9e00a6c0
        0x55ec9e00a6c0
        0x55ec9e00a6c0
        0x55ec9e00a6c0
        0x55ec9e00a6c0
        0x55ec9e00a6c0
        0x55ec9e00a6c0
        0x55ec9e00a6c0
        0x55ec9e00a6c0
        0x55ec9e00a6c0
        0x55ec9e00a6c0
        0x55ec9e00a6c0
        0x55ec9e00a6c0
        0x55ec9e00a6c0
        0x55ec9e00a6c0
        0x55ec9e00a6c0
        0x55ec9e00a6c0
        0x55ec9e00a6c0
        0x55ec9e00a6c0
        0x55ec9e00a6c0
        0x55ec9e00a6c0
        0x55ec9e00a6c0
        0x55ec9e00a6c0
        0x55ec9e00a6c0
        0x55ec9e00a6c0
        0x55ec9e00a6c0
        0x55ec9e00a6c0
        0x55ec9e00a6c0
        0x55ec9e00a6c0
        0x55ec9e00a6c0
        0x55ec9e00a6c0
        0x55ec9e00a6c0
        0x55ec9e00a6c0
        0x55ec9e00a6c0
        0x55ec9e00a6c0
        0x55ec9e00a6c0
        0x55ec9e00a6c0
        0x55ec9e00a6c0
        0x55ec9e00a6c0
        0x55ec9e00a6c0
        0x55ec9e00a6c0
        0x55ec9e00a6c0
        0x55ec9e00a6c0
        0x55ec9e00a6c0
        0x55ec9e00a6c0
        0x55ec9e00a6c0
        0x55ec9e00a6c0
        0x55ec9e00a6c0
        0x55ec9e00a6c0
        0x55ec9e00a6c0
        0x55ec9e00a6c0
        0x55ec9e00a6c0
        0x55ec9e00a6c0
        0x55ec9e00a6c0
        0x55ec9e00a6c0
        0x55ec9e00a6c0
        0x55ec9e00a6c0
        0x55ec9e00a6c0
        0x55ec9e00a6c0
        0x55ec9e00a6c0
        0x55ec9e00a6c0
        0x55ec9e00a6c0
        0x55ec9e00a6c0
        0x55ec9e00a6c0
        0x55ec9e00a6c0
        0x55ec9e00a6c0
        0x55ec9e00a6c0
        0x55ec9e00a6c0
        0x55ec9e00a6c0
        0x55ec9e00a6c0
        0x55ec9e00a6c0
        0x55ec9e00a6c0
        0x55ec9e00a6c0
        0x55ec9e00a6c0
        0x55ec9e00a6c0
        0x55ec9e00a6c0
        0x55ec9e00a6c0
        0x55ec9e00a6c0
        0x55ec9e00a6c0
        0x55ec9e00a6c0
        0x55ec9e00a6c0
        0x55ec9e00a6c0
        0x55ec9e00a6c0
        0x55ec9e00a6c0
        0x55ec9e00a6c0
        0x55ec9e00a6c0
        0x55ec9e00a6c0
        0x55ec9e00a6c0
        0x55ec9e00a6c0
        0x55ec9e00a6c0
        0x55ec9e00a6c0
        0x55ec9e00a6c0
        0x55ec9e00a6c0
        0x55ec9e00a6c0
        0x55ec9e00a6c0
        0x55ec9e00a6c0
        0x55ec9e00a6c0
        0x55ec9e00a6c0
        0x55ec9e00a6c0
        0x55ec9e00a6c0
        0x55ec9e00a6c0
        0x55ec9e00a6c0
        0x55ec9e00a6c0
        0x55ec9e00a6c0
        0x55ec9e00a6c0
        0x55ec9e00a6c0
        0x55ec9e00a6c0
        0x55ec9e00a6c0
        0x55ec9e00a6c0
]: 1
@preempt_stack[
        0x7f03cd0b61f2
        0x200000021
        0x7f01c2980b20
        0x79ff85087f8b0789
]: 1
@preempt_stack[
        0x7f032c9e9989
        0x41a03adf
        0x7f032c846428
        0x7f032c9e578f
        0x55ec9c6a2490
]: 1
@preempt_stack[
        __clock_gettime+29
]: 1
@preempt_stack[
        0x7f03cec90a2c
        0x7f03914069e0
        0x7f03cec90660
        0x8b48098b48004e3a
]: 1
@preempt_stack[
        0x7f032ca0f68f
        0x130000
        0x3
        0
        0x55ec9fa1d600
]: 1
@preempt_stack[
        0x7f03cdf05d00
        0
]: 1
@preempt_stack[
        0x7f03ce3315f6
        0x7f02d8996010
]: 1
@preempt_stack[
        __pthread_mutex_unlock+48
]: 1
@preempt_stack[
        mono_threads_exit_gc_unsafe_region_internal+11
        0x40bcc7a6
        0x7f032c846428
        0x7f032c9e578f
        0x55ec9c6a2490
]: 1
@preempt_stack[
        0x7f03ce31ae37
]: 1
@preempt_stack[
        0x7f03cee37c63
        0x7f0390c608d0
        0x7f03cee1b560
        0x1047c7480789
]: 1
@preempt_stack[
        0x41ce0305
        0x41775008
        0x40c61364
        0x40c5fcd0
        0x40c5f0e4
        0x4197f778
        0x41a0c8d4
        0x40bcc7a6
        0x7f032c846428
        0x7f032c9e578f
        0x55ec9c6a2490
]: 1
@preempt_stack[
        0x7f032c9cb8ed
        0x130000
        0
        0
        0x55ec9fbc5a20
]: 1
@preempt_stack[
        0x7f03cdf073e0
        0x3232207265
]: 1
@preempt_stack[
        0x7f03ce33229f
        0x7f0392fa5500
]: 1
@preempt_stack[
        0x7f03ce35179c
]: 1
@preempt_stack[
        0x7f03cd0a951a
]: 1
@preempt_stack[
        __tls_get_addr+23
        0x20689a30
]: 1
@preempt_stack[
        0x7f03cecb1fbe
]: 1
@preempt_stack[
        0x7f032c9dcfa3
        0x120000
        0x55ec9fcd5118
        0x55ec9fcd5118
        0x55ec9fcd5118
        0x55ec9fcd5118
        0x55ec9fcd5118
        0x55ec9fcd5118
        0x55ec9fcd5118
        0x55ec9fcd5118
        0x55ec9fcd5118
        0x55ec9fcd5118
        0x55ec9fcd5118
        0x55ec9fcd5118
        0x55ec9fcd5118
        0x55ec9fcd5118
        0x55ec9fcd5118
        0x55ec9fcd5118
        0x55ec9fcd5118
        0x55ec9fcd5118
        0x55ec9fcd5118
        0x55ec9fcd5118
        0x55ec9fcd5118
        0x55ec9fcd5118
        0x55ec9fcd5118
        0x55ec9fcd5118
        0x55ec9fcd5118
        0x55ec9fcd5118
        0x55ec9fcd5118
        0x55ec9fcd5118
        0x55ec9fcd5118
        0x55ec9fcd5118
        0x55ec9fcd5118
        0x55ec9fcd5118
        0x55ec9fcd5118
        0x55ec9fcd5118
        0x55ec9fcd5118
        0x55ec9fcd5118
        0x55ec9fcd5118
        0x55ec9fcd5118
        0x55ec9fcd5118
        0x55ec9fcd5118
        0x55ec9fcd5118
        0x55ec9fcd5118
        0x55ec9fcd5118
        0x55ec9fcd5118
        0x55ec9fcd5118
        0x55ec9fcd5118
        0x55ec9fcd5118
        0x55ec9fcd5118
        0x55ec9fcd5118
        0x55ec9fcd5118
        0x55ec9fcd5118
        0x55ec9fcd5118
        0x55ec9fcd5118
        0x55ec9fcd5118
        0x55ec9fcd5118
        0x55ec9fcd5118
        0x55ec9fcd5118
        0x55ec9fcd5118
        0x55ec9fcd5118
        0x55ec9fcd5118
        0x55ec9fcd5118
        0x55ec9fcd5118
        0x55ec9fcd5118
        0x55ec9fcd5118
        0x55ec9fcd5118
        0x55ec9fcd5118
        0x55ec9fcd5118
        0x55ec9fcd5118
        0x55ec9fcd5118
        0x55ec9fcd5118
        0x55ec9fcd5118
        0x55ec9fcd5118
        0x55ec9fcd5118
        0x55ec9fcd5118
        0x55ec9fcd5118
        0x55ec9fcd5118
        0x55ec9fcd5118
        0x55ec9fcd5118
        0x55ec9fcd5118
        0x55ec9fcd5118
        0x55ec9fcd5118
        0x55ec9fcd5118
        0x55ec9fcd5118
        0x55ec9fcd5118
        0x55ec9fcd5118
        0x55ec9fcd5118
        0x55ec9fcd5118
        0x55ec9fcd5118
        0x55ec9fcd5118
        0x55ec9fcd5118
        0x55ec9fcd5118
        0x55ec9fcd5118
        0x55ec9fcd5118
        0x55ec9fcd5118
        0x55ec9fcd5118
        0x55ec9fcd5118
        0x55ec9fcd5118
        0x55ec9fcd5118
        0x55ec9fcd5118
        0x55ec9fcd5118
        0x55ec9fcd5118
        0x55ec9fcd5118
        0x55ec9fcd5118
        0x55ec9fcd5118
        0x55ec9fcd5118
        0x55ec9fcd5118
        0x55ec9fcd5118
        0x55ec9fcd5118
        0x55ec9fcd5118
        0x55ec9fcd5118
        0x55ec9fcd5118
        0x55ec9fcd5118
        0x55ec9fcd5118
        0x55ec9fcd5118
        0x55ec9fcd5118
        0x55ec9fcd5118
        0x55ec9fcd5118
        0x55ec9fcd5118
        0x55ec9fcd5118
        0x55ec9fcd5118
        0x55ec9fcd5118
        0x55ec9fcd5118
        0x55ec9fcd5118
        0x55ec9fcd5118
        0x55ec9fcd5118
]: 1
@preempt_stack[
        0x7f03ce343e51
]: 1
@preempt_stack[
        0x41d130ac
        0x41d117df
        0x4168eed6
        0x4168a944
        0x7f032c846428
        0x7f032c9e578f
        0x55ec9c6a2490
]: 1
@preempt_stack[
        GC_clear_hdr_marks+80
        0
]: 1
@preempt_stack[
        0x7f03ce2d7a33
]: 1
@preempt_stack[
        0x7f03ce31807b
]: 1
@preempt_stack[
        0x7f03cdccc0a7
        0
]: 1
@preempt_stack[
        0x7f03cdf077d5
        0x7f039070a340
        0x90109040902
]: 1
@preempt_stack[
        0x7f03cdf075e1
        0
]: 1
@preempt_stack[
        0x7f03ceba5340
]: 1
@preempt_stack[
        0x7f03cd1b8806
]: 1
@preempt_stack[
        0x7f032ca0f68f
        0x130000
        0
        0
        0x7f02e0002df0
]: 1
@preempt_stack[
        0x40c9158b
        0x40c914d4
        0x416f5368
        0x41a0c934
        0x40bcc7a6
        0x7f032c846428
        0x7f032c9e578f
        0x55ec9c6a2490
]: 1
@preempt_stack[
        0x7f03cdf076a5
        0x7f03906a9140
        0x43
]: 1
@preempt_stack[
        0x7f03ce2d309e
        0xb93
]: 1
@preempt_stack[
        0x416e8b22
        0x416f5368
        0x41a0c934
        0x40bcc7a6
        0x7f032c846428
        0x7f032c9e578f
        0x55ec9c6a2490
]: 1
@preempt_stack[
        0x41e93f8c
        0x41e94864
        0x41a03adf
        0x7f032c846428
        0x7f032c9e578f
        0x55ec9c6a2490
]: 1
@preempt_stack[
        0x7f03ce34e965
        0x1c1
]: 1
@preempt_stack[
        0x7f03ce2c6da3
        0x7f0391d3c1b0
]: 1
@preempt_stack[
        sched_yield+11
]: 1
@preempt_stack[
        0x7f01c2983799
]: 1
@preempt_stack[
        0x41e3a853
        0
        0x2000000000000001
        0x55ec9e22fc68
        0x55ec9e22fc68
        0x55ec9e22fc68
        0x55ec9e22fc68
        0x55ec9e22fc68
        0x55ec9e22fc68
        0x55ec9e22fc68
        0x55ec9e22fc68
        0x55ec9e22fc68
        0x55ec9e22fc68
        0x55ec9e22fc68
        0x55ec9e22fc68
        0x55ec9e22fc68
        0x55ec9e22fc68
        0x55ec9e22fc68
        0x55ec9e22fc68
        0x55ec9e22fc68
        0x55ec9e22fc68
        0x55ec9e22fc68
        0x55ec9e22fc68
        0x55ec9e22fc68
        0x55ec9e22fc68
        0x55ec9e22fc68
        0x55ec9e22fc68
        0x55ec9e22fc68
        0x55ec9e22fc68
        0x55ec9e22fc68
        0x55ec9e22fc68
        0x55ec9e22fc68
        0x55ec9e22fc68
        0x55ec9e22fc68
        0x55ec9e22fc68
        0x55ec9e22fc68
        0x55ec9e22fc68
        0x55ec9e22fc68
        0x55ec9e22fc68
        0x55ec9e22fc68
        0x55ec9e22fc68
        0x55ec9e22fc68
        0x55ec9e22fc68
        0x55ec9e22fc68
        0x55ec9e22fc68
        0x55ec9e22fc68
        0x55ec9e22fc68
        0x55ec9e22fc68
        0x55ec9e22fc68
        0x55ec9e22fc68
        0x55ec9e22fc68
        0x55ec9e22fc68
        0x55ec9e22fc68
        0x55ec9e22fc68
        0x55ec9e22fc68
        0x55ec9e22fc68
        0x55ec9e22fc68
        0x55ec9e22fc68
        0x55ec9e22fc68
        0x55ec9e22fc68
        0x55ec9e22fc68
        0x55ec9e22fc68
        0x55ec9e22fc68
        0x55ec9e22fc68
        0x55ec9e22fc68
        0x55ec9e22fc68
        0x55ec9e22fc68
        0x55ec9e22fc68
        0x55ec9e22fc68
        0x55ec9e22fc68
        0x55ec9e22fc68
        0x55ec9e22fc68
        0x55ec9e22fc68
        0x55ec9e22fc68
        0x55ec9e22fc68
        0x55ec9e22fc68
        0x55ec9e22fc68
        0x55ec9e22fc68
        0x55ec9e22fc68
        0x55ec9e22fc68
        0x55ec9e22fc68
        0x55ec9e22fc68
        0x55ec9e22fc68
        0x55ec9e22fc68
        0x55ec9e22fc68
        0x55ec9e22fc68
        0x55ec9e22fc68
        0x55ec9e22fc68
        0x55ec9e22fc68
        0x55ec9e22fc68
        0x55ec9e22fc68
        0x55ec9e22fc68
        0x55ec9e22fc68
        0x55ec9e22fc68
        0x55ec9e22fc68
        0x55ec9e22fc68
        0x55ec9e22fc68
        0x55ec9e22fc68
        0x55ec9e22fc68
        0x55ec9e22fc68
        0x55ec9e22fc68
        0x55ec9e22fc68
        0x55ec9e22fc68
        0x55ec9e22fc68
        0x55ec9e22fc68
        0x55ec9e22fc68
        0x55ec9e22fc68
        0x55ec9e22fc68
        0x55ec9e22fc68
        0x55ec9e22fc68
        0x55ec9e22fc68
        0x55ec9e22fc68
        0x55ec9e22fc68
        0x55ec9e22fc68
        0x55ec9e22fc68
        0x55ec9e22fc68
        0x55ec9e22fc68
        0x55ec9e22fc68
        0x55ec9e22fc68
        0x55ec9e22fc68
        0x55ec9e22fc68
        0x55ec9e22fc68
        0x55ec9e22fc68
        0x55ec9e22fc68
        0x55ec9e22fc68
        0x55ec9e22fc68
        0x55ec9e22fc68
]: 1
@preempt_stack[
        0x7f032c9e9651
        0x41a7cb24
        0x4168ee97
        0x4168a944
        0x7f032c846428
        0x7f032c9e578f
        0x55ec9c6a2490
]: 1
@preempt_stack[
        0x7f032c9cb5b1
        0x130000
        0
        0
        0x7f029000ae00
]: 1
@preempt_stack[
        0x7f03cdf05a50
        0x581
]: 1
@preempt_stack[
        0x7f032c9cb5b8
        0
        0
        0x55ec9f890040
]: 1
@preempt_stack[
        0x7f032c9a2a29
]: 1
@preempt_stack[
        0x7f03ceba5426
]: 1
@preempt_stack[
        0x7f03ce32d244
        0x7f03cf11df18
]: 1
@preempt_stack[
        0x7f03ce345f13
]: 1
@preempt_stack[
        0x7f03ce35138c
]: 1
@preempt_stack[
        0x7f03ce355aac
        0x2c000000005
]: 1
@preempt_stack[
        0x7f032c9cb659
        0x130000
        0x1
        0
        0x55ec9e2dd4b0
]: 1
@preempt_stack[
        0x7f032c9dcfa3
        0x120000
        0x55ec9de0de58
        0x55ec9de0de58
        0x55ec9de0de58
        0x55ec9de0de58
        0x55ec9de0de58
        0x55ec9de0de58
        0x55ec9de0de58
        0x55ec9de0de58
        0x55ec9de0de58
        0x55ec9de0de58
        0x55ec9de0de58
        0x55ec9de0de58
        0x55ec9de0de58
        0x55ec9de0de58
        0x55ec9de0de58
        0x55ec9de0de58
        0x55ec9de0de58
        0x55ec9de0de58
        0x55ec9de0de58
        0x55ec9de0de58
        0x55ec9de0de58
        0x55ec9de0de58
        0x55ec9de0de58
        0x55ec9de0de58
        0x55ec9de0de58
        0x55ec9de0de58
        0x55ec9de0de58
        0x55ec9de0de58
        0x55ec9de0de58
        0x55ec9de0de58
        0x55ec9de0de58
        0x55ec9de0de58
        0x55ec9de0de58
        0x55ec9de0de58
        0x55ec9de0de58
        0x55ec9de0de58
        0x55ec9de0de58
        0x55ec9de0de58
        0x55ec9de0de58
        0x55ec9de0de58
        0x55ec9de0de58
        0x55ec9de0de58
        0x55ec9de0de58
        0x55ec9de0de58
        0x55ec9de0de58
        0x55ec9de0de58
        0x55ec9de0de58
        0x55ec9de0de58
        0x55ec9de0de58
        0x55ec9de0de58
        0x55ec9de0de58
        0x55ec9de0de58
        0x55ec9de0de58
        0x55ec9de0de58
        0x55ec9de0de58
        0x55ec9de0de58
        0x55ec9de0de58
        0x55ec9de0de58
        0x55ec9de0de58
        0x55ec9de0de58
        0x55ec9de0de58
        0x55ec9de0de58
        0x55ec9de0de58
        0x55ec9de0de58
        0x55ec9de0de58
        0x55ec9de0de58
        0x55ec9de0de58
        0x55ec9de0de58
        0x55ec9de0de58
        0x55ec9de0de58
        0x55ec9de0de58
        0x55ec9de0de58
        0x55ec9de0de58
        0x55ec9de0de58
        0x55ec9de0de58
        0x55ec9de0de58
        0x55ec9de0de58
        0x55ec9de0de58
        0x55ec9de0de58
        0x55ec9de0de58
        0x55ec9de0de58
        0x55ec9de0de58
        0x55ec9de0de58
        0x55ec9de0de58
        0x55ec9de0de58
        0x55ec9de0de58
        0x55ec9de0de58
        0x55ec9de0de58
        0x55ec9de0de58
        0x55ec9de0de58
        0x55ec9de0de58
        0x55ec9de0de58
        0x55ec9de0de58
        0x55ec9de0de58
        0x55ec9de0de58
        0x55ec9de0de58
        0x55ec9de0de58
        0x55ec9de0de58
        0x55ec9de0de58
        0x55ec9de0de58
        0x55ec9de0de58
        0x55ec9de0de58
        0x55ec9de0de58
        0x55ec9de0de58
        0x55ec9de0de58
        0x55ec9de0de58
        0x55ec9de0de58
        0x55ec9de0de58
        0x55ec9de0de58
        0x55ec9de0de58
        0x55ec9de0de58
        0x55ec9de0de58
        0x55ec9de0de58
        0x55ec9de0de58
        0x55ec9de0de58
        0x55ec9de0de58
        0x55ec9de0de58
        0x55ec9de0de58
        0x55ec9de0de58
        0x55ec9de0de58
        0x55ec9de0de58
        0x55ec9de0de58
        0x55ec9de0de58
        0x55ec9de0de58
        0x55ec9de0de58
]: 1
@preempt_stack[
        0x7f032c9dcfa3
        0x120000
        0x55ec9fa10b10
        0x55ec9fa10b10
        0x55ec9fa10b10
        0x55ec9fa10b10
        0x55ec9fa10b10
        0x55ec9fa10b10
        0x55ec9fa10b10
        0x55ec9fa10b10
        0x55ec9fa10b10
        0x55ec9fa10b10
        0x55ec9fa10b10
        0x55ec9fa10b10
        0x55ec9fa10b10
        0x55ec9fa10b10
        0x55ec9fa10b10
        0x55ec9fa10b10
        0x55ec9fa10b10
        0x55ec9fa10b10
        0x55ec9fa10b10
        0x55ec9fa10b10
        0x55ec9fa10b10
        0x55ec9fa10b10
        0x55ec9fa10b10
        0x55ec9fa10b10
        0x55ec9fa10b10
        0x55ec9fa10b10
        0x55ec9fa10b10
        0x55ec9fa10b10
        0x55ec9fa10b10
        0x55ec9fa10b10
        0x55ec9fa10b10
        0x55ec9fa10b10
        0x55ec9fa10b10
        0x55ec9fa10b10
        0x55ec9fa10b10
        0x55ec9fa10b10
        0x55ec9fa10b10
        0x55ec9fa10b10
        0x55ec9fa10b10
        0x55ec9fa10b10
        0x55ec9fa10b10
        0x55ec9fa10b10
        0x55ec9fa10b10
        0x55ec9fa10b10
        0x55ec9fa10b10
        0x55ec9fa10b10
        0x55ec9fa10b10
        0x55ec9fa10b10
        0x55ec9fa10b10
        0x55ec9fa10b10
        0x55ec9fa10b10
        0x55ec9fa10b10
        0x55ec9fa10b10
        0x55ec9fa10b10
        0x55ec9fa10b10
        0x55ec9fa10b10
        0x55ec9fa10b10
        0x55ec9fa10b10
        0x55ec9fa10b10
        0x55ec9fa10b10
        0x55ec9fa10b10
        0x55ec9fa10b10
        0x55ec9fa10b10
        0x55ec9fa10b10
        0x55ec9fa10b10
        0x55ec9fa10b10
        0x55ec9fa10b10
        0x55ec9fa10b10
        0x55ec9fa10b10
        0x55ec9fa10b10
        0x55ec9fa10b10
        0x55ec9fa10b10
        0x55ec9fa10b10
        0x55ec9fa10b10
        0x55ec9fa10b10
        0x55ec9fa10b10
        0x55ec9fa10b10
        0x55ec9fa10b10
        0x55ec9fa10b10
        0x55ec9fa10b10
        0x55ec9fa10b10
        0x55ec9fa10b10
        0x55ec9fa10b10
        0x55ec9fa10b10
        0x55ec9fa10b10
        0x55ec9fa10b10
        0x55ec9fa10b10
        0x55ec9fa10b10
        0x55ec9fa10b10
        0x55ec9fa10b10
        0x55ec9fa10b10
        0x55ec9fa10b10
        0x55ec9fa10b10
        0x55ec9fa10b10
        0x55ec9fa10b10
        0x55ec9fa10b10
        0x55ec9fa10b10
        0x55ec9fa10b10
        0x55ec9fa10b10
        0x55ec9fa10b10
        0x55ec9fa10b10
        0x55ec9fa10b10
        0x55ec9fa10b10
        0x55ec9fa10b10
        0x55ec9fa10b10
        0x55ec9fa10b10
        0x55ec9fa10b10
        0x55ec9fa10b10
        0x55ec9fa10b10
        0x55ec9fa10b10
        0x55ec9fa10b10
        0x55ec9fa10b10
        0x55ec9fa10b10
        0x55ec9fa10b10
        0x55ec9fa10b10
        0x55ec9fa10b10
        0x55ec9fa10b10
        0x55ec9fa10b10
        0x55ec9fa10b10
        0x55ec9fa10b10
        0x55ec9fa10b10
        0x55ec9fa10b10
        0x55ec9fa10b10
        0x55ec9fa10b10
        0x55ec9fa10b10
]: 1
@preempt_stack[
        0x41d11ebd
        0x41d117df
        0x4168eed6
        0x4168a944
        0x7f032c846428
        0x7f032c9e578f
        0x55ec9c6a2490
]: 1
@preempt_stack[
        0x7f03ce3554ef
]: 1
@preempt_stack[
        0x7f03ce108129
]: 1
@preempt_stack[
        0x7f032c97118d
        0
        0x1c00000000000001
        0x55ec9c668de8
        0x55ec9c668de8
        0x55ec9c668de8
        0x55ec9c668de8
        0x55ec9c668de8
        0x55ec9c668de8
        0x55ec9c668de8
        0x55ec9c668de8
        0x55ec9c668de8
        0x55ec9c668de8
        0x55ec9c668de8
        0x55ec9c668de8
        0x55ec9c668de8
        0x55ec9c668de8
        0x55ec9c668de8
        0x55ec9c668de8
        0x55ec9c668de8
        0x55ec9c668de8
        0x55ec9c668de8
        0x55ec9c668de8
        0x55ec9c668de8
        0x55ec9c668de8
        0x55ec9c668de8
        0x55ec9c668de8
        0x55ec9c668de8
        0x55ec9c668de8
        0x55ec9c668de8
        0x55ec9c668de8
        0x55ec9c668de8
        0x55ec9c668de8
        0x55ec9c668de8
        0x55ec9c668de8
        0x55ec9c668de8
        0x55ec9c668de8
        0x55ec9c668de8
        0x55ec9c668de8
        0x55ec9c668de8
        0x55ec9c668de8
        0x55ec9c668de8
        0x55ec9c668de8
        0x55ec9c668de8
        0x55ec9c668de8
        0x55ec9c668de8
        0x55ec9c668de8
        0x55ec9c668de8
        0x55ec9c668de8
        0x55ec9c668de8
        0x55ec9c668de8
        0x55ec9c668de8
        0x55ec9c668de8
        0x55ec9c668de8
        0x55ec9c668de8
        0x55ec9c668de8
        0x55ec9c668de8
        0x55ec9c668de8
        0x55ec9c668de8
        0x55ec9c668de8
        0x55ec9c668de8
        0x55ec9c668de8
        0x55ec9c668de8
        0x55ec9c668de8
        0x55ec9c668de8
        0x55ec9c668de8
        0x55ec9c668de8
        0x55ec9c668de8
        0x55ec9c668de8
        0x55ec9c668de8
        0x55ec9c668de8
        0x55ec9c668de8
        0x55ec9c668de8
        0x55ec9c668de8
        0x55ec9c668de8
        0x55ec9c668de8
        0x55ec9c668de8
        0x55ec9c668de8
        0x55ec9c668de8
        0x55ec9c668de8
        0x55ec9c668de8
        0x55ec9c668de8
        0x55ec9c668de8
        0x55ec9c668de8
        0x55ec9c668de8
        0x55ec9c668de8
        0x55ec9c668de8
        0x55ec9c668de8
        0x55ec9c668de8
        0x55ec9c668de8
        0x55ec9c668de8
        0x55ec9c668de8
        0x55ec9c668de8
        0x55ec9c668de8
        0x55ec9c668de8
        0x55ec9c668de8
        0x55ec9c668de8
        0x55ec9c668de8
        0x55ec9c668de8
        0x55ec9c668de8
        0x55ec9c668de8
        0x55ec9c668de8
        0x55ec9c668de8
        0x55ec9c668de8
        0x55ec9c668de8
        0x55ec9c668de8
        0x55ec9c668de8
        0x55ec9c668de8
        0x55ec9c668de8
        0x55ec9c668de8
        0x55ec9c668de8
        0x55ec9c668de8
        0x55ec9c668de8
        0x55ec9c668de8
        0x55ec9c668de8
        0x55ec9c668de8
        0x55ec9c668de8
        0x55ec9c668de8
        0x55ec9c668de8
        0x55ec9c668de8
        0x55ec9c668de8
        0x55ec9c668de8
        0x55ec9c668de8
        0x55ec9c668de8
        0x55ec9c668de8
        0x55ec9c668de8
        0x55ec9c668de8
]: 1
@preempt_stack[
        0x7f032c9dcfa3
        0x120000
        0x55ec9d95f278
        0x55ec9d95f278
        0x55ec9d95f278
        0x55ec9d95f278
        0x55ec9d95f278
        0x55ec9d95f278
        0x55ec9d95f278
        0x55ec9d95f278
        0x55ec9d95f278
        0x55ec9d95f278
        0x55ec9d95f278
        0x55ec9d95f278
        0x55ec9d95f278
        0x55ec9d95f278
        0x55ec9d95f278
        0x55ec9d95f278
        0x55ec9d95f278
        0x55ec9d95f278
        0x55ec9d95f278
        0x55ec9d95f278
        0x55ec9d95f278
        0x55ec9d95f278
        0x55ec9d95f278
        0x55ec9d95f278
        0x55ec9d95f278
        0x55ec9d95f278
        0x55ec9d95f278
        0x55ec9d95f278
        0x55ec9d95f278
        0x55ec9d95f278
        0x55ec9d95f278
        0x55ec9d95f278
        0x55ec9d95f278
        0x55ec9d95f278
        0x55ec9d95f278
        0x55ec9d95f278
        0x55ec9d95f278
        0x55ec9d95f278
        0x55ec9d95f278
        0x55ec9d95f278
        0x55ec9d95f278
        0x55ec9d95f278
        0x55ec9d95f278
        0x55ec9d95f278
        0x55ec9d95f278
        0x55ec9d95f278
        0x55ec9d95f278
        0x55ec9d95f278
        0x55ec9d95f278
        0x55ec9d95f278
        0x55ec9d95f278
        0x55ec9d95f278
        0x55ec9d95f278
        0x55ec9d95f278
        0x55ec9d95f278
        0x55ec9d95f278
        0x55ec9d95f278
        0x55ec9d95f278
        0x55ec9d95f278
        0x55ec9d95f278
        0x55ec9d95f278
        0x55ec9d95f278
        0x55ec9d95f278
        0x55ec9d95f278
        0x55ec9d95f278
        0x55ec9d95f278
        0x55ec9d95f278
        0x55ec9d95f278
        0x55ec9d95f278
        0x55ec9d95f278
        0x55ec9d95f278
        0x55ec9d95f278
        0x55ec9d95f278
        0x55ec9d95f278
        0x55ec9d95f278
        0x55ec9d95f278
        0x55ec9d95f278
        0x55ec9d95f278
        0x55ec9d95f278
        0x55ec9d95f278
        0x55ec9d95f278
        0x55ec9d95f278
        0x55ec9d95f278
        0x55ec9d95f278
        0x55ec9d95f278
        0x55ec9d95f278
        0x55ec9d95f278
        0x55ec9d95f278
        0x55ec9d95f278
        0x55ec9d95f278
        0x55ec9d95f278
        0x55ec9d95f278
        0x55ec9d95f278
        0x55ec9d95f278
        0x55ec9d95f278
        0x55ec9d95f278
        0x55ec9d95f278
        0x55ec9d95f278
        0x55ec9d95f278
        0x55ec9d95f278
        0x55ec9d95f278
        0x55ec9d95f278
        0x55ec9d95f278
        0x55ec9d95f278
        0x55ec9d95f278
        0x55ec9d95f278
        0x55ec9d95f278
        0x55ec9d95f278
        0x55ec9d95f278
        0x55ec9d95f278
        0x55ec9d95f278
        0x55ec9d95f278
        0x55ec9d95f278
        0x55ec9d95f278
        0x55ec9d95f278
        0x55ec9d95f278
        0x55ec9d95f278
        0x55ec9d95f278
        0x55ec9d95f278
        0x55ec9d95f278
        0x55ec9d95f278
        0x55ec9d95f278
        0x55ec9d95f278
        0x55ec9d95f278
        0x55ec9d95f278
]: 1
@preempt_stack[
        0x7f03ce33cfdc
]: 1
@preempt_stack[
        0x7f032c9e44f9
        0x120000
        0x55ec9dd5b3b8
        0x55ec9dd5b3b8
        0x55ec9dd5b3b8
        0x55ec9dd5b3b8
        0x55ec9dd5b3b8
        0x55ec9dd5b3b8
        0x55ec9dd5b3b8
        0x55ec9dd5b3b8
        0x55ec9dd5b3b8
        0x55ec9dd5b3b8
        0x55ec9dd5b3b8
        0x55ec9dd5b3b8
        0x55ec9dd5b3b8
        0x55ec9dd5b3b8
        0x55ec9dd5b3b8
        0x55ec9dd5b3b8
        0x55ec9dd5b3b8
        0x55ec9dd5b3b8
        0x55ec9dd5b3b8
        0x55ec9dd5b3b8
        0x55ec9dd5b3b8
        0x55ec9dd5b3b8
        0x55ec9dd5b3b8
        0x55ec9dd5b3b8
        0x55ec9dd5b3b8
        0x55ec9dd5b3b8
        0x55ec9dd5b3b8
        0x55ec9dd5b3b8
        0x55ec9dd5b3b8
        0x55ec9dd5b3b8
        0x55ec9dd5b3b8
        0x55ec9dd5b3b8
        0x55ec9dd5b3b8
        0x55ec9dd5b3b8
        0x55ec9dd5b3b8
        0x55ec9dd5b3b8
        0x55ec9dd5b3b8
        0x55ec9dd5b3b8
        0x55ec9dd5b3b8
        0x55ec9dd5b3b8
        0x55ec9dd5b3b8
        0x55ec9dd5b3b8
        0x55ec9dd5b3b8
        0x55ec9dd5b3b8
        0x55ec9dd5b3b8
        0x55ec9dd5b3b8
        0x55ec9dd5b3b8
        0x55ec9dd5b3b8
        0x55ec9dd5b3b8
        0x55ec9dd5b3b8
        0x55ec9dd5b3b8
        0x55ec9dd5b3b8
        0x55ec9dd5b3b8
        0x55ec9dd5b3b8
        0x55ec9dd5b3b8
        0x55ec9dd5b3b8
        0x55ec9dd5b3b8
        0x55ec9dd5b3b8
        0x55ec9dd5b3b8
        0x55ec9dd5b3b8
        0x55ec9dd5b3b8
        0x55ec9dd5b3b8
        0x55ec9dd5b3b8
        0x55ec9dd5b3b8
        0x55ec9dd5b3b8
        0x55ec9dd5b3b8
        0x55ec9dd5b3b8
        0x55ec9dd5b3b8
        0x55ec9dd5b3b8
        0x55ec9dd5b3b8
        0x55ec9dd5b3b8
        0x55ec9dd5b3b8
        0x55ec9dd5b3b8
        0x55ec9dd5b3b8
        0x55ec9dd5b3b8
        0x55ec9dd5b3b8
        0x55ec9dd5b3b8
        0x55ec9dd5b3b8
        0x55ec9dd5b3b8
        0x55ec9dd5b3b8
        0x55ec9dd5b3b8
        0x55ec9dd5b3b8
        0x55ec9dd5b3b8
        0x55ec9dd5b3b8
        0x55ec9dd5b3b8
        0x55ec9dd5b3b8
        0x55ec9dd5b3b8
        0x55ec9dd5b3b8
        0x55ec9dd5b3b8
        0x55ec9dd5b3b8
        0x55ec9dd5b3b8
        0x55ec9dd5b3b8
        0x55ec9dd5b3b8
        0x55ec9dd5b3b8
        0x55ec9dd5b3b8
        0x55ec9dd5b3b8
        0x55ec9dd5b3b8
        0x55ec9dd5b3b8
        0x55ec9dd5b3b8
        0x55ec9dd5b3b8
        0x55ec9dd5b3b8
        0x55ec9dd5b3b8
        0x55ec9dd5b3b8
        0x55ec9dd5b3b8
        0x55ec9dd5b3b8
        0x55ec9dd5b3b8
        0x55ec9dd5b3b8
        0x55ec9dd5b3b8
        0x55ec9dd5b3b8
        0x55ec9dd5b3b8
        0x55ec9dd5b3b8
        0x55ec9dd5b3b8
        0x55ec9dd5b3b8
        0x55ec9dd5b3b8
        0x55ec9dd5b3b8
        0x55ec9dd5b3b8
        0x55ec9dd5b3b8
        0x55ec9dd5b3b8
        0x55ec9dd5b3b8
        0x55ec9dd5b3b8
        0x55ec9dd5b3b8
        0x55ec9dd5b3b8
        0x55ec9dd5b3b8
        0x55ec9dd5b3b8
        0x55ec9dd5b3b8
]: 1
@preempt_stack[
        0x7f03cd1b88dc
        0
]: 1
@preempt_stack[
        0x7f03cdf07604
        0
]: 1
@preempt_stack[
        0x7f03ce33fc3f
]: 1
@preempt_stack[
        0x7f03cdf07783
        0x7f03907633c0
        0xdcd0dc10dc40dc2
]: 1
@preempt_stack[
        GC_push_next_marked_uncollectable+118
]: 1
@preempt_stack[
        mono_g_hash_table_lookup_extended+66
        0x120000
        0x55ec9de61280
        0x55ec9de61280
        0x55ec9de61280
        0x55ec9de61280
        0x55ec9de61280
        0x55ec9de61280
        0x55ec9de61280
        0x55ec9de61280
        0x55ec9de61280
        0x55ec9de61280
        0x55ec9de61280
        0x55ec9de61280
        0x55ec9de61280
        0x55ec9de61280
        0x55ec9de61280
        0x55ec9de61280
        0x55ec9de61280
        0x55ec9de61280
        0x55ec9de61280
        0x55ec9de61280
        0x55ec9de61280
        0x55ec9de61280
        0x55ec9de61280
        0x55ec9de61280
        0x55ec9de61280
        0x55ec9de61280
        0x55ec9de61280
        0x55ec9de61280
        0x55ec9de61280
        0x55ec9de61280
        0x55ec9de61280
        0x55ec9de61280
        0x55ec9de61280
        0x55ec9de61280
        0x55ec9de61280
        0x55ec9de61280
        0x55ec9de61280
        0x55ec9de61280
        0x55ec9de61280
        0x55ec9de61280
        0x55ec9de61280
        0x55ec9de61280
        0x55ec9de61280
        0x55ec9de61280
        0x55ec9de61280
        0x55ec9de61280
        0x55ec9de61280
        0x55ec9de61280
        0x55ec9de61280
        0x55ec9de61280
        0x55ec9de61280
        0x55ec9de61280
        0x55ec9de61280
        0x55ec9de61280
        0x55ec9de61280
        0x55ec9de61280
        0x55ec9de61280
        0x55ec9de61280
        0x55ec9de61280
        0x55ec9de61280
        0x55ec9de61280
        0x55ec9de61280
        0x55ec9de61280
        0x55ec9de61280
        0x55ec9de61280
        0x55ec9de61280
        0x55ec9de61280
        0x55ec9de61280
        0x55ec9de61280
        0x55ec9de61280
        0x55ec9de61280
        0x55ec9de61280
        0x55ec9de61280
        0x55ec9de61280
        0x55ec9de61280
        0x55ec9de61280
        0x55ec9de61280
        0x55ec9de61280
        0x55ec9de61280
        0x55ec9de61280
        0x55ec9de61280
        0x55ec9de61280
        0x55ec9de61280
        0x55ec9de61280
        0x55ec9de61280
        0x55ec9de61280
        0x55ec9de61280
        0x55ec9de61280
        0x55ec9de61280
        0x55ec9de61280
        0x55ec9de61280
        0x55ec9de61280
        0x55ec9de61280
        0x55ec9de61280
        0x55ec9de61280
        0x55ec9de61280
        0x55ec9de61280
        0x55ec9de61280
        0x55ec9de61280
        0x55ec9de61280
        0x55ec9de61280
        0x55ec9de61280
        0x55ec9de61280
        0x55ec9de61280
        0x55ec9de61280
        0x55ec9de61280
        0x55ec9de61280
        0x55ec9de61280
        0x55ec9de61280
        0x55ec9de61280
        0x55ec9de61280
        0x55ec9de61280
        0x55ec9de61280
        0x55ec9de61280
        0x55ec9de61280
        0x55ec9de61280
        0x55ec9de61280
        0x55ec9de61280
        0x55ec9de61280
        0x55ec9de61280
        0x55ec9de61280
        0x55ec9de61280
        0x55ec9de61280
        0x55ec9de61280
        0x55ec9de61280
]: 1
@preempt_stack[
        0x7f03cebb298f
]: 1
@preempt_stack[
        0x40ccfe80
        0x4168eed6
        0x4168a944
        0x7f032c846428
        0x7f032c9e578f
        0x55ec9c6a2490
]: 1
@preempt_stack[
        0x41d13215
        0x41d117df
        0x4168eed6
        0x4168a944
        0x7f032c846428
        0x7f032c9e578f
        0x55ec9c6a2490
]: 1
@preempt_stack[
        0x40c3710a
        0x41e94864
        0x41a03adf
        0x7f032c846428
        0x7f032c9e578f
        0x55ec9c6a2490
]: 1
@preempt_stack[
        0x7f03ce320137
        0x10000
        0x7f0392f67db0
        0x58
]: 1
@preempt_stack[
        0x7f032c9e44f9
        0x120000
        0x55ec9dfe79a0
        0x55ec9dfe79a0
        0x55ec9dfe79a0
        0x55ec9dfe79a0
        0x55ec9dfe79a0
        0x55ec9dfe79a0
        0x55ec9dfe79a0
        0x55ec9dfe79a0
        0x55ec9dfe79a0
        0x55ec9dfe79a0
        0x55ec9dfe79a0
        0x55ec9dfe79a0
        0x55ec9dfe79a0
        0x55ec9dfe79a0
        0x55ec9dfe79a0
        0x55ec9dfe79a0
        0x55ec9dfe79a0
        0x55ec9dfe79a0
        0x55ec9dfe79a0
        0x55ec9dfe79a0
        0x55ec9dfe79a0
        0x55ec9dfe79a0
        0x55ec9dfe79a0
        0x55ec9dfe79a0
        0x55ec9dfe79a0
        0x55ec9dfe79a0
        0x55ec9dfe79a0
        0x55ec9dfe79a0
        0x55ec9dfe79a0
        0x55ec9dfe79a0
        0x55ec9dfe79a0
        0x55ec9dfe79a0
        0x55ec9dfe79a0
        0x55ec9dfe79a0
        0x55ec9dfe79a0
        0x55ec9dfe79a0
        0x55ec9dfe79a0
        0x55ec9dfe79a0
        0x55ec9dfe79a0
        0x55ec9dfe79a0
        0x55ec9dfe79a0
        0x55ec9dfe79a0
        0x55ec9dfe79a0
        0x55ec9dfe79a0
        0x55ec9dfe79a0
        0x55ec9dfe79a0
        0x55ec9dfe79a0
        0x55ec9dfe79a0
        0x55ec9dfe79a0
        0x55ec9dfe79a0
        0x55ec9dfe79a0
        0x55ec9dfe79a0
        0x55ec9dfe79a0
        0x55ec9dfe79a0
        0x55ec9dfe79a0
        0x55ec9dfe79a0
        0x55ec9dfe79a0
        0x55ec9dfe79a0
        0x55ec9dfe79a0
        0x55ec9dfe79a0
        0x55ec9dfe79a0
        0x55ec9dfe79a0
        0x55ec9dfe79a0
        0x55ec9dfe79a0
        0x55ec9dfe79a0
        0x55ec9dfe79a0
        0x55ec9dfe79a0
        0x55ec9dfe79a0
        0x55ec9dfe79a0
        0x55ec9dfe79a0
        0x55ec9dfe79a0
        0x55ec9dfe79a0
        0x55ec9dfe79a0
        0x55ec9dfe79a0
        0x55ec9dfe79a0
        0x55ec9dfe79a0
        0x55ec9dfe79a0
        0x55ec9dfe79a0
        0x55ec9dfe79a0
        0x55ec9dfe79a0
        0x55ec9dfe79a0
        0x55ec9dfe79a0
        0x55ec9dfe79a0
        0x55ec9dfe79a0
        0x55ec9dfe79a0
        0x55ec9dfe79a0
        0x55ec9dfe79a0
        0x55ec9dfe79a0
        0x55ec9dfe79a0
        0x55ec9dfe79a0
        0x55ec9dfe79a0
        0x55ec9dfe79a0
        0x55ec9dfe79a0
        0x55ec9dfe79a0
        0x55ec9dfe79a0
        0x55ec9dfe79a0
        0x55ec9dfe79a0
        0x55ec9dfe79a0
        0x55ec9dfe79a0
        0x55ec9dfe79a0
        0x55ec9dfe79a0
        0x55ec9dfe79a0
        0x55ec9dfe79a0
        0x55ec9dfe79a0
        0x55ec9dfe79a0
        0x55ec9dfe79a0
        0x55ec9dfe79a0
        0x55ec9dfe79a0
        0x55ec9dfe79a0
        0x55ec9dfe79a0
        0x55ec9dfe79a0
        0x55ec9dfe79a0
        0x55ec9dfe79a0
        0x55ec9dfe79a0
        0x55ec9dfe79a0
        0x55ec9dfe79a0
        0x55ec9dfe79a0
        0x55ec9dfe79a0
        0x55ec9dfe79a0
        0x55ec9dfe79a0
        0x55ec9dfe79a0
        0x55ec9dfe79a0
        0x55ec9dfe79a0
        0x55ec9dfe79a0
        0x55ec9dfe79a0
]: 1
@preempt_stack[
        0x7f03ce351a0c
]: 1
@preempt_stack[
        GC_gcj_malloc+99
        0x417918dc
        0x416f5368
        0x41a0c934
        0x40bcc7a6
        0x7f032c846428
        0x7f032c9e578f
        0x55ec9c6a2490
]: 1
@preempt_stack[
        0x7f032c9cb5f1
        0
        0
        0x55ec9fe71610
]: 1
@preempt_stack[
        0x7f03ce342e72
]: 1
@preempt_stack[
        0x41936d8e
]: 1
@preempt_stack[
        0x7f032c9dcfa3
        0x110000
        0x55ec9fa34480
        0x55ec9fa34480
        0x55ec9fa34480
        0x55ec9fa34480
        0x55ec9fa34480
        0x55ec9fa34480
        0x55ec9fa34480
        0x55ec9fa34480
        0x55ec9fa34480
        0x55ec9fa34480
        0x55ec9fa34480
        0x55ec9fa34480
        0x55ec9fa34480
        0x55ec9fa34480
        0x55ec9fa34480
        0x55ec9fa34480
        0x55ec9fa34480
        0x55ec9fa34480
        0x55ec9fa34480
        0x55ec9fa34480
        0x55ec9fa34480
        0x55ec9fa34480
        0x55ec9fa34480
        0x55ec9fa34480
        0x55ec9fa34480
        0x55ec9fa34480
        0x55ec9fa34480
        0x55ec9fa34480
        0x55ec9fa34480
        0x55ec9fa34480
        0x55ec9fa34480
        0x55ec9fa34480
        0x55ec9fa34480
        0x55ec9fa34480
        0x55ec9fa34480
        0x55ec9fa34480
        0x55ec9fa34480
        0x55ec9fa34480
        0x55ec9fa34480
        0x55ec9fa34480
        0x55ec9fa34480
        0x55ec9fa34480
        0x55ec9fa34480
        0x55ec9fa34480
        0x55ec9fa34480
        0x55ec9fa34480
        0x55ec9fa34480
        0x55ec9fa34480
        0x55ec9fa34480
        0x55ec9fa34480
        0x55ec9fa34480
        0x55ec9fa34480
        0x55ec9fa34480
        0x55ec9fa34480
        0x55ec9fa34480
        0x55ec9fa34480
        0x55ec9fa34480
        0x55ec9fa34480
        0x55ec9fa34480
        0x55ec9fa34480
        0x55ec9fa34480
        0x55ec9fa34480
        0x55ec9fa34480
        0x55ec9fa34480
        0x55ec9fa34480
        0x55ec9fa34480
        0x55ec9fa34480
        0x55ec9fa34480
        0x55ec9fa34480
        0x55ec9fa34480
        0x55ec9fa34480
        0x55ec9fa34480
        0x55ec9fa34480
        0x55ec9fa34480
        0x55ec9fa34480
        0x55ec9fa34480
        0x55ec9fa34480
        0x55ec9fa34480
        0x55ec9fa34480
        0x55ec9fa34480
        0x55ec9fa34480
        0x55ec9fa34480
        0x55ec9fa34480
        0x55ec9fa34480
        0x55ec9fa34480
        0x55ec9fa34480
        0x55ec9fa34480
        0x55ec9fa34480
        0x55ec9fa34480
        0x55ec9fa34480
        0x55ec9fa34480
        0x55ec9fa34480
        0x55ec9fa34480
        0x55ec9fa34480
        0x55ec9fa34480
        0x55ec9fa34480
        0x55ec9fa34480
        0x55ec9fa34480
        0x55ec9fa34480
        0x55ec9fa34480
        0x55ec9fa34480
        0x55ec9fa34480
        0x55ec9fa34480
        0x55ec9fa34480
        0x55ec9fa34480
        0x55ec9fa34480
        0x55ec9fa34480
        0x55ec9fa34480
        0x55ec9fa34480
        0x55ec9fa34480
        0x55ec9fa34480
        0x55ec9fa34480
        0x55ec9fa34480
        0x55ec9fa34480
        0x55ec9fa34480
        0x55ec9fa34480
        0x55ec9fa34480
        0x55ec9fa34480
        0x55ec9fa34480
        0x55ec9fa34480
        0x55ec9fa34480
        0x55ec9fa34480
        0x55ec9fa34480
        0x55ec9fa34480
        0x55ec9fa34480
]: 1
@preempt_stack[
        __pthread_mutex_unlock+0
        0x8000880402c0000
]: 1
@preempt_stack[
        0x7f03ce10c507
        0xc93
]: 1
@preempt_stack[
        0x7f03ce2d31a0
        0xb4b
]: 1
@preempt_stack[
        0x7f03ce355b26
        0x21
]: 1
@preempt_stack[
        mono_metadata_type_hash+80
        0x120000
        0x55ec9fa2c288
        0x55ec9fa2c288
        0x55ec9fa2c288
        0x55ec9fa2c288
        0x55ec9fa2c288
        0x55ec9fa2c288
        0x55ec9fa2c288
        0x55ec9fa2c288
        0x55ec9fa2c288
        0x55ec9fa2c288
        0x55ec9fa2c288
        0x55ec9fa2c288
        0x55ec9fa2c288
        0x55ec9fa2c288
        0x55ec9fa2c288
        0x55ec9fa2c288
        0x55ec9fa2c288
        0x55ec9fa2c288
        0x55ec9fa2c288
        0x55ec9fa2c288
        0x55ec9fa2c288
        0x55ec9fa2c288
        0x55ec9fa2c288
        0x55ec9fa2c288
        0x55ec9fa2c288
        0x55ec9fa2c288
        0x55ec9fa2c288
        0x55ec9fa2c288
        0x55ec9fa2c288
        0x55ec9fa2c288
        0x55ec9fa2c288
        0x55ec9fa2c288
        0x55ec9fa2c288
        0x55ec9fa2c288
        0x55ec9fa2c288
        0x55ec9fa2c288
        0x55ec9fa2c288
        0x55ec9fa2c288
        0x55ec9fa2c288
        0x55ec9fa2c288
        0x55ec9fa2c288
        0x55ec9fa2c288
        0x55ec9fa2c288
        0x55ec9fa2c288
        0x55ec9fa2c288
        0x55ec9fa2c288
        0x55ec9fa2c288
        0x55ec9fa2c288
        0x55ec9fa2c288
        0x55ec9fa2c288
        0x55ec9fa2c288
        0x55ec9fa2c288
        0x55ec9fa2c288
        0x55ec9fa2c288
        0x55ec9fa2c288
        0x55ec9fa2c288
        0x55ec9fa2c288
        0x55ec9fa2c288
        0x55ec9fa2c288
        0x55ec9fa2c288
        0x55ec9fa2c288
        0x55ec9fa2c288
        0x55ec9fa2c288
        0x55ec9fa2c288
        0x55ec9fa2c288
        0x55ec9fa2c288
        0x55ec9fa2c288
        0x55ec9fa2c288
        0x55ec9fa2c288
        0x55ec9fa2c288
        0x55ec9fa2c288
        0x55ec9fa2c288
        0x55ec9fa2c288
        0x55ec9fa2c288
        0x55ec9fa2c288
        0x55ec9fa2c288
        0x55ec9fa2c288
        0x55ec9fa2c288
        0x55ec9fa2c288
        0x55ec9fa2c288
        0x55ec9fa2c288
        0x55ec9fa2c288
        0x55ec9fa2c288
        0x55ec9fa2c288
        0x55ec9fa2c288
        0x55ec9fa2c288
        0x55ec9fa2c288
        0x55ec9fa2c288
        0x55ec9fa2c288
        0x55ec9fa2c288
        0x55ec9fa2c288
        0x55ec9fa2c288
        0x55ec9fa2c288
        0x55ec9fa2c288
        0x55ec9fa2c288
        0x55ec9fa2c288
        0x55ec9fa2c288
        0x55ec9fa2c288
        0x55ec9fa2c288
        0x55ec9fa2c288
        0x55ec9fa2c288
        0x55ec9fa2c288
        0x55ec9fa2c288
        0x55ec9fa2c288
        0x55ec9fa2c288
        0x55ec9fa2c288
        0x55ec9fa2c288
        0x55ec9fa2c288
        0x55ec9fa2c288
        0x55ec9fa2c288
        0x55ec9fa2c288
        0x55ec9fa2c288
        0x55ec9fa2c288
        0x55ec9fa2c288
        0x55ec9fa2c288
        0x55ec9fa2c288
        0x55ec9fa2c288
        0x55ec9fa2c288
        0x55ec9fa2c288
        0x55ec9fa2c288
        0x55ec9fa2c288
        0x55ec9fa2c288
        0x55ec9fa2c288
        0x55ec9fa2c288
        0x55ec9fa2c288
]: 1
@preempt_stack[
        0x7f01c3c681b7
        0
]: 1
@preempt_stack[
        0x40c65ef7
        0x4168eed6
        0x4168a944
        0x7f032c846428
        0x7f032c9e578f
        0x55ec9c6a2490
]: 1
@preempt_stack[
        0x7f03ce34e965
        0x2eaf0cdb28aa9316
]: 1
@preempt_stack[
        0x7f03cdf0777f
        0x7f03906d18c0
        0xb4b
]: 1
@preempt_stack[
        mono_metadata_type_hash+96
        0x110000
        0x55ec9fbfd198
        0x55ec9fbfd198
        0x55ec9fbfd198
        0x55ec9fbfd198
        0x55ec9fbfd198
        0x55ec9fbfd198
        0x55ec9fbfd198
        0x55ec9fbfd198
        0x55ec9fbfd198
        0x55ec9fbfd198
        0x55ec9fbfd198
        0x55ec9fbfd198
        0x55ec9fbfd198
        0x55ec9fbfd198
        0x55ec9fbfd198
        0x55ec9fbfd198
        0x55ec9fbfd198
        0x55ec9fbfd198
        0x55ec9fbfd198
        0x55ec9fbfd198
        0x55ec9fbfd198
        0x55ec9fbfd198
        0x55ec9fbfd198
        0x55ec9fbfd198
        0x55ec9fbfd198
        0x55ec9fbfd198
        0x55ec9fbfd198
        0x55ec9fbfd198
        0x55ec9fbfd198
        0x55ec9fbfd198
        0x55ec9fbfd198
        0x55ec9fbfd198
        0x55ec9fbfd198
        0x55ec9fbfd198
        0x55ec9fbfd198
        0x55ec9fbfd198
        0x55ec9fbfd198
        0x55ec9fbfd198
        0x55ec9fbfd198
        0x55ec9fbfd198
        0x55ec9fbfd198
        0x55ec9fbfd198
        0x55ec9fbfd198
        0x55ec9fbfd198
        0x55ec9fbfd198
        0x55ec9fbfd198
        0x55ec9fbfd198
        0x55ec9fbfd198
        0x55ec9fbfd198
        0x55ec9fbfd198
        0x55ec9fbfd198
        0x55ec9fbfd198
        0x55ec9fbfd198
        0x55ec9fbfd198
        0x55ec9fbfd198
        0x55ec9fbfd198
        0x55ec9fbfd198
        0x55ec9fbfd198
        0x55ec9fbfd198
        0x55ec9fbfd198
        0x55ec9fbfd198
        0x55ec9fbfd198
        0x55ec9fbfd198
        0x55ec9fbfd198
        0x55ec9fbfd198
        0x55ec9fbfd198
        0x55ec9fbfd198
        0x55ec9fbfd198
        0x55ec9fbfd198
        0x55ec9fbfd198
        0x55ec9fbfd198
        0x55ec9fbfd198
        0x55ec9fbfd198
        0x55ec9fbfd198
        0x55ec9fbfd198
        0x55ec9fbfd198
        0x55ec9fbfd198
        0x55ec9fbfd198
        0x55ec9fbfd198
        0x55ec9fbfd198
        0x55ec9fbfd198
        0x55ec9fbfd198
        0x55ec9fbfd198
        0x55ec9fbfd198
        0x55ec9fbfd198
        0x55ec9fbfd198
        0x55ec9fbfd198
        0x55ec9fbfd198
        0x55ec9fbfd198
        0x55ec9fbfd198
        0x55ec9fbfd198
        0x55ec9fbfd198
        0x55ec9fbfd198
        0x55ec9fbfd198
        0x55ec9fbfd198
        0x55ec9fbfd198
        0x55ec9fbfd198
        0x55ec9fbfd198
        0x55ec9fbfd198
        0x55ec9fbfd198
        0x55ec9fbfd198
        0x55ec9fbfd198
        0x55ec9fbfd198
        0x55ec9fbfd198
        0x55ec9fbfd198
        0x55ec9fbfd198
        0x55ec9fbfd198
        0x55ec9fbfd198
        0x55ec9fbfd198
        0x55ec9fbfd198
        0x55ec9fbfd198
        0x55ec9fbfd198
        0x55ec9fbfd198
        0x55ec9fbfd198
        0x55ec9fbfd198
        0x55ec9fbfd198
        0x55ec9fbfd198
        0x55ec9fbfd198
        0x55ec9fbfd198
        0x55ec9fbfd198
        0x55ec9fbfd198
        0x55ec9fbfd198
        0x55ec9fbfd198
        0x55ec9fbfd198
        0x55ec9fbfd198
]: 1
@preempt_stack[
        0x7f03ce31ace8
]: 1
@preempt_stack[
        0x7f03ceba54fe
]: 1
@preempt_stack[
        0x7f032c9dcfa3
        0x110000
        0x55ec9fd21d58
        0x55ec9fd21d58
        0x55ec9fd21d58
        0x55ec9fd21d58
        0x55ec9fd21d58
        0x55ec9fd21d58
        0x55ec9fd21d58
        0x55ec9fd21d58
        0x55ec9fd21d58
        0x55ec9fd21d58
        0x55ec9fd21d58
        0x55ec9fd21d58
        0x55ec9fd21d58
        0x55ec9fd21d58
        0x55ec9fd21d58
        0x55ec9fd21d58
        0x55ec9fd21d58
        0x55ec9fd21d58
        0x55ec9fd21d58
        0x55ec9fd21d58
        0x55ec9fd21d58
        0x55ec9fd21d58
        0x55ec9fd21d58
        0x55ec9fd21d58
        0x55ec9fd21d58
        0x55ec9fd21d58
        0x55ec9fd21d58
        0x55ec9fd21d58
        0x55ec9fd21d58
        0x55ec9fd21d58
        0x55ec9fd21d58
        0x55ec9fd21d58
        0x55ec9fd21d58
        0x55ec9fd21d58
        0x55ec9fd21d58
        0x55ec9fd21d58
        0x55ec9fd21d58
        0x55ec9fd21d58
        0x55ec9fd21d58
        0x55ec9fd21d58
        0x55ec9fd21d58
        0x55ec9fd21d58
        0x55ec9fd21d58
        0x55ec9fd21d58
        0x55ec9fd21d58
        0x55ec9fd21d58
        0x55ec9fd21d58
        0x55ec9fd21d58
        0x55ec9fd21d58
        0x55ec9fd21d58
        0x55ec9fd21d58
        0x55ec9fd21d58
        0x55ec9fd21d58
        0x55ec9fd21d58
        0x55ec9fd21d58
        0x55ec9fd21d58
        0x55ec9fd21d58
        0x55ec9fd21d58
        0x55ec9fd21d58
        0x55ec9fd21d58
        0x55ec9fd21d58
        0x55ec9fd21d58
        0x55ec9fd21d58
        0x55ec9fd21d58
        0x55ec9fd21d58
        0x55ec9fd21d58
        0x55ec9fd21d58
        0x55ec9fd21d58
        0x55ec9fd21d58
        0x55ec9fd21d58
        0x55ec9fd21d58
        0x55ec9fd21d58
        0x55ec9fd21d58
        0x55ec9fd21d58
        0x55ec9fd21d58
        0x55ec9fd21d58
        0x55ec9fd21d58
        0x55ec9fd21d58
        0x55ec9fd21d58
        0x55ec9fd21d58
        0x55ec9fd21d58
        0x55ec9fd21d58
        0x55ec9fd21d58
        0x55ec9fd21d58
        0x55ec9fd21d58
        0x55ec9fd21d58
        0x55ec9fd21d58
        0x55ec9fd21d58
        0x55ec9fd21d58
        0x55ec9fd21d58
        0x55ec9fd21d58
        0x55ec9fd21d58
        0x55ec9fd21d58
        0x55ec9fd21d58
        0x55ec9fd21d58
        0x55ec9fd21d58
        0x55ec9fd21d58
        0x55ec9fd21d58
        0x55ec9fd21d58
        0x55ec9fd21d58
        0x55ec9fd21d58
        0x55ec9fd21d58
        0x55ec9fd21d58
        0x55ec9fd21d58
        0x55ec9fd21d58
        0x55ec9fd21d58
        0x55ec9fd21d58
        0x55ec9fd21d58
        0x55ec9fd21d58
        0x55ec9fd21d58
        0x55ec9fd21d58
        0x55ec9fd21d58
        0x55ec9fd21d58
        0x55ec9fd21d58
        0x55ec9fd21d58
        0x55ec9fd21d58
        0x55ec9fd21d58
        0x55ec9fd21d58
        0x55ec9fd21d58
        0x55ec9fd21d58
        0x55ec9fd21d58
        0x55ec9fd21d58
        0x55ec9fd21d58
        0x55ec9fd21d58
        0x55ec9fd21d58
]: 1
@preempt_stack[
        0x40bc6158
        0x40c918c4
        0x40c9181c
        0x40c91638
        0x40c914d4
        0x416f5368
        0x41a0c934
        0x40bcc7a6
        0x7f032c846428
        0x7f032c9e578f
        0x55ec9c6a2490
]: 1
@preempt_stack[
        0x7f03ce3510c2
]: 1
@preempt_stack[
        0x7f032c9ce502
        0x55ec9c662e78
        0x55ec9c662e78
        0x55ec9c662e78
        0x55ec9c662e78
        0x55ec9c662e78
        0x55ec9c662e78
        0x55ec9c662e78
        0x55ec9c662e78
        0x55ec9c662e78
        0x55ec9c662e78
        0x55ec9c662e78
        0x55ec9c662e78
        0x55ec9c662e78
        0x55ec9c662e78
        0x55ec9c662e78
        0x55ec9c662e78
        0x55ec9c662e78
        0x55ec9c662e78
        0x55ec9c662e78
        0x55ec9c662e78
        0x55ec9c662e78
        0x55ec9c662e78
        0x55ec9c662e78
        0x55ec9c662e78
        0x55ec9c662e78
        0x55ec9c662e78
        0x55ec9c662e78
        0x55ec9c662e78
        0x55ec9c662e78
        0x55ec9c662e78
        0x55ec9c662e78
        0x55ec9c662e78
        0x55ec9c662e78
        0x55ec9c662e78
        0x55ec9c662e78
        0x55ec9c662e78
        0x55ec9c662e78
        0x55ec9c662e78
        0x55ec9c662e78
        0x55ec9c662e78
        0x55ec9c662e78
        0x55ec9c662e78
        0x55ec9c662e78
        0x55ec9c662e78
        0x55ec9c662e78
        0x55ec9c662e78
        0x55ec9c662e78
        0x55ec9c662e78
        0x55ec9c662e78
        0x55ec9c662e78
        0x55ec9c662e78
        0x55ec9c662e78
        0x55ec9c662e78
        0x55ec9c662e78
        0x55ec9c662e78
        0x55ec9c662e78
        0x55ec9c662e78
        0x55ec9c662e78
        0x55ec9c662e78
        0x55ec9c662e78
        0x55ec9c662e78
        0x55ec9c662e78
        0x55ec9c662e78
        0x55ec9c662e78
        0x55ec9c662e78
        0x55ec9c662e78
        0x55ec9c662e78
        0x55ec9c662e78
        0x55ec9c662e78
        0x55ec9c662e78
        0x55ec9c662e78
        0x55ec9c662e78
        0x55ec9c662e78
        0x55ec9c662e78
        0x55ec9c662e78
        0x55ec9c662e78
        0x55ec9c662e78
        0x55ec9c662e78
        0x55ec9c662e78
        0x55ec9c662e78
        0x55ec9c662e78
        0x55ec9c662e78
        0x55ec9c662e78
        0x55ec9c662e78
        0x55ec9c662e78
        0x55ec9c662e78
        0x55ec9c662e78
        0x55ec9c662e78
        0x55ec9c662e78
        0x55ec9c662e78
        0x55ec9c662e78
        0x55ec9c662e78
        0x55ec9c662e78
        0x55ec9c662e78
        0x55ec9c662e78
        0x55ec9c662e78
        0x55ec9c662e78
        0x55ec9c662e78
        0x55ec9c662e78
        0x55ec9c662e78
        0x55ec9c662e78
        0x55ec9c662e78
        0x55ec9c662e78
        0x55ec9c662e78
        0x55ec9c662e78
        0x55ec9c662e78
        0x55ec9c662e78
        0x55ec9c662e78
        0x55ec9c662e78
        0x55ec9c662e78
        0x55ec9c662e78
        0x55ec9c662e78
        0x55ec9c662e78
        0x55ec9c662e78
        0x55ec9c662e78
        0x55ec9c662e78
        0x55ec9c662e78
        0x55ec9c662e78
        0x55ec9c662e78
        0x55ec9c662e78
        0x55ec9c662e78
        0x55ec9c662e78
        0x55ec9c662e78
        0x55ec9c662e78
        0x55ec9c662e78
        0x55ec9c662e78
]: 1
@preempt_stack[
        0x7f03cee1b570
        0x7f0390c608d0
]: 1
@preempt_stack[
        0x7f03ce051a74
]: 1
@preempt_stack[
        0x7f03ce342328
]: 1
@preempt_stack[
        0x7f03ce3243c0
        0x21
]: 1
@preempt_stack[
        0x7f03ce3518dd
]: 1
@preempt_stack[
        0x7f03cdcd5d3e
]: 1
@preempt_stack[
        0x7f03ce32b300
        0x1cc000007f0391d2
]: 1
@preempt_stack[
        0x7f03cebb5e73
]: 1
@preempt_stack[
        0x7f032c9cb659
        0x130000
        0
        0
        0x55ec9d286950
]: 1
@preempt_stack[
        0x7f03cdf07678
        0x7f03906fa040
]: 1
@preempt_stack[
        mono_metadata_type_hash+80
        0x120000
        0x55ec9fe9e618
        0x55ec9fe9e618
        0x55ec9fe9e618
        0x55ec9fe9e618
        0x55ec9fe9e618
        0x55ec9fe9e618
        0x55ec9fe9e618
        0x55ec9fe9e618
        0x55ec9fe9e618
        0x55ec9fe9e618
        0x55ec9fe9e618
        0x55ec9fe9e618
        0x55ec9fe9e618
        0x55ec9fe9e618
        0x55ec9fe9e618
        0x55ec9fe9e618
        0x55ec9fe9e618
        0x55ec9fe9e618
        0x55ec9fe9e618
        0x55ec9fe9e618
        0x55ec9fe9e618
        0x55ec9fe9e618
        0x55ec9fe9e618
        0x55ec9fe9e618
        0x55ec9fe9e618
        0x55ec9fe9e618
        0x55ec9fe9e618
        0x55ec9fe9e618
        0x55ec9fe9e618
        0x55ec9fe9e618
        0x55ec9fe9e618
        0x55ec9fe9e618
        0x55ec9fe9e618
        0x55ec9fe9e618
        0x55ec9fe9e618
        0x55ec9fe9e618
        0x55ec9fe9e618
        0x55ec9fe9e618
        0x55ec9fe9e618
        0x55ec9fe9e618
        0x55ec9fe9e618
        0x55ec9fe9e618
        0x55ec9fe9e618
        0x55ec9fe9e618
        0x55ec9fe9e618
        0x55ec9fe9e618
        0x55ec9fe9e618
        0x55ec9fe9e618
        0x55ec9fe9e618
        0x55ec9fe9e618
        0x55ec9fe9e618
        0x55ec9fe9e618
        0x55ec9fe9e618
        0x55ec9fe9e618
        0x55ec9fe9e618
        0x55ec9fe9e618
        0x55ec9fe9e618
        0x55ec9fe9e618
        0x55ec9fe9e618
        0x55ec9fe9e618
        0x55ec9fe9e618
        0x55ec9fe9e618
        0x55ec9fe9e618
        0x55ec9fe9e618
        0x55ec9fe9e618
        0x55ec9fe9e618
        0x55ec9fe9e618
        0x55ec9fe9e618
        0x55ec9fe9e618
        0x55ec9fe9e618
        0x55ec9fe9e618
        0x55ec9fe9e618
        0x55ec9fe9e618
        0x55ec9fe9e618
        0x55ec9fe9e618
        0x55ec9fe9e618
        0x55ec9fe9e618
        0x55ec9fe9e618
        0x55ec9fe9e618
        0x55ec9fe9e618
        0x55ec9fe9e618
        0x55ec9fe9e618
        0x55ec9fe9e618
        0x55ec9fe9e618
        0x55ec9fe9e618
        0x55ec9fe9e618
        0x55ec9fe9e618
        0x55ec9fe9e618
        0x55ec9fe9e618
        0x55ec9fe9e618
        0x55ec9fe9e618
        0x55ec9fe9e618
        0x55ec9fe9e618
        0x55ec9fe9e618
        0x55ec9fe9e618
        0x55ec9fe9e618
        0x55ec9fe9e618
        0x55ec9fe9e618
        0x55ec9fe9e618
        0x55ec9fe9e618
        0x55ec9fe9e618
        0x55ec9fe9e618
        0x55ec9fe9e618
        0x55ec9fe9e618
        0x55ec9fe9e618
        0x55ec9fe9e618
        0x55ec9fe9e618
        0x55ec9fe9e618
        0x55ec9fe9e618
        0x55ec9fe9e618
        0x55ec9fe9e618
        0x55ec9fe9e618
        0x55ec9fe9e618
        0x55ec9fe9e618
        0x55ec9fe9e618
        0x55ec9fe9e618
        0x55ec9fe9e618
        0x55ec9fe9e618
        0x55ec9fe9e618
        0x55ec9fe9e618
        0x55ec9fe9e618
        0x55ec9fe9e618
        0x55ec9fe9e618
        0x55ec9fe9e618
        0x55ec9fe9e618
]: 1
@preempt_stack[
        0x7f03ce929566
        0x7f03000000ec
        0
]: 1
@preempt_stack[
        0x7f03ce355b44
        0x21
]: 1
@preempt_stack[
        0x7f032c9cb5b8
        0
        0
        0x55ec9fb946f0
]: 1
@preempt_stack[
        0x7f03cebb2a49
]: 1
@preempt_stack[
        0x7f03ce2d7a78
        0
]: 1
@preempt_stack[
        0x7f032c9cb8e4
        0x130000
        0
        0
        0x55ec9e0e7b30
]: 1
@preempt_stack[
        0x7f03cecfdabc
]: 1
@preempt_stack[
        0x7f03ce32b260
        0x1cc000007f0391d2
]: 1
@preempt_stack[
        0x7f03cd0abf7e
]: 1
@preempt_stack[
        0x419374c7
]: 1
@preempt_stack[
        0x7f032c9cb645
]: 1
@preempt_stack[
        0x40bcf552
        0x41e94864
        0x41a03adf
        0x7f032c846428
        0x7f032c9e578f
        0x55ec9c6a2490
]: 1
@preempt_stack[
        0x7f03ce2c6a03
        0x7f030000043c
        0
]: 1
@preempt_stack[
        0x7f03ce34f4d5
]: 1
@preempt_stack[
        0x7f032c9cb8e4
        0x130000
        0x1
        0
        0x55ec9ce1caf0
]: 1
@preempt_stack[
        0x7f032c9ce4d8
        0x55ec9fc8d6f8
        0x55ec9fc8d6f8
        0x55ec9fc8d6f8
        0x55ec9fc8d6f8
        0x55ec9fc8d6f8
        0x55ec9fc8d6f8
        0x55ec9fc8d6f8
        0x55ec9fc8d6f8
        0x55ec9fc8d6f8
        0x55ec9fc8d6f8
        0x55ec9fc8d6f8
        0x55ec9fc8d6f8
        0x55ec9fc8d6f8
        0x55ec9fc8d6f8
        0x55ec9fc8d6f8
        0x55ec9fc8d6f8
        0x55ec9fc8d6f8
        0x55ec9fc8d6f8
        0x55ec9fc8d6f8
        0x55ec9fc8d6f8
        0x55ec9fc8d6f8
        0x55ec9fc8d6f8
        0x55ec9fc8d6f8
        0x55ec9fc8d6f8
        0x55ec9fc8d6f8
        0x55ec9fc8d6f8
        0x55ec9fc8d6f8
        0x55ec9fc8d6f8
        0x55ec9fc8d6f8
        0x55ec9fc8d6f8
        0x55ec9fc8d6f8
        0x55ec9fc8d6f8
        0x55ec9fc8d6f8
        0x55ec9fc8d6f8
        0x55ec9fc8d6f8
        0x55ec9fc8d6f8
        0x55ec9fc8d6f8
        0x55ec9fc8d6f8
        0x55ec9fc8d6f8
        0x55ec9fc8d6f8
        0x55ec9fc8d6f8
        0x55ec9fc8d6f8
        0x55ec9fc8d6f8
        0x55ec9fc8d6f8
        0x55ec9fc8d6f8
        0x55ec9fc8d6f8
        0x55ec9fc8d6f8
        0x55ec9fc8d6f8
        0x55ec9fc8d6f8
        0x55ec9fc8d6f8
        0x55ec9fc8d6f8
        0x55ec9fc8d6f8
        0x55ec9fc8d6f8
        0x55ec9fc8d6f8
        0x55ec9fc8d6f8
        0x55ec9fc8d6f8
        0x55ec9fc8d6f8
        0x55ec9fc8d6f8
        0x55ec9fc8d6f8
        0x55ec9fc8d6f8
        0x55ec9fc8d6f8
        0x55ec9fc8d6f8
        0x55ec9fc8d6f8
        0x55ec9fc8d6f8
        0x55ec9fc8d6f8
        0x55ec9fc8d6f8
        0x55ec9fc8d6f8
        0x55ec9fc8d6f8
        0x55ec9fc8d6f8
        0x55ec9fc8d6f8
        0x55ec9fc8d6f8
        0x55ec9fc8d6f8
        0x55ec9fc8d6f8
        0x55ec9fc8d6f8
        0x55ec9fc8d6f8
        0x55ec9fc8d6f8
        0x55ec9fc8d6f8
        0x55ec9fc8d6f8
        0x55ec9fc8d6f8
        0x55ec9fc8d6f8
        0x55ec9fc8d6f8
        0x55ec9fc8d6f8
        0x55ec9fc8d6f8
        0x55ec9fc8d6f8
        0x55ec9fc8d6f8
        0x55ec9fc8d6f8
        0x55ec9fc8d6f8
        0x55ec9fc8d6f8
        0x55ec9fc8d6f8
        0x55ec9fc8d6f8
        0x55ec9fc8d6f8
        0x55ec9fc8d6f8
        0x55ec9fc8d6f8
        0x55ec9fc8d6f8
        0x55ec9fc8d6f8
        0x55ec9fc8d6f8
        0x55ec9fc8d6f8
        0x55ec9fc8d6f8
        0x55ec9fc8d6f8
        0x55ec9fc8d6f8
        0x55ec9fc8d6f8
        0x55ec9fc8d6f8
        0x55ec9fc8d6f8
        0x55ec9fc8d6f8
        0x55ec9fc8d6f8
        0x55ec9fc8d6f8
        0x55ec9fc8d6f8
        0x55ec9fc8d6f8
        0x55ec9fc8d6f8
        0x55ec9fc8d6f8
        0x55ec9fc8d6f8
        0x55ec9fc8d6f8
        0x55ec9fc8d6f8
        0x55ec9fc8d6f8
        0x55ec9fc8d6f8
        0x55ec9fc8d6f8
        0x55ec9fc8d6f8
        0x55ec9fc8d6f8
        0x55ec9fc8d6f8
        0x55ec9fc8d6f8
        0x55ec9fc8d6f8
        0x55ec9fc8d6f8
        0x55ec9fc8d6f8
        0x55ec9fc8d6f8
        0x55ec9fc8d6f8
        0x55ec9fc8d6f8
]: 1
@preempt_stack[
        modff+4
        0x30
]: 1
@preempt_stack[
        0x7f03ceba56ca
]: 1
@preempt_stack[
        0x7f03ce2c5fb1
        0x90109040902
]: 1
@preempt_stack[
        0x7f03ce33f084
        0x7f0391e24930
        0x58
]: 1
@preempt_stack[
        pthread_cond_timedwait+509
]: 1
@preempt_stack[
        0x40c66077
        0x40c65ef4
        0x41d117df
        0x4168eed6
        0x4168a944
        0x7f032c846428
        0x7f032c9e578f
        0x55ec9c6a2490
]: 1
@preempt_stack[
        0x7f03ce3513ac
]: 1
@preempt_stack[
        0x7f032ca56dfc
]: 1
@preempt_stack[
        0x7f03ce32dce1
        0xec10ec40ec2
]: 1
@preempt_stack[
        0x419374f4
]: 1
@preempt_stack[
        0x7f01c3954111
]: 1
@preempt_stack[
        0x7f03cecca697
]: 1
@preempt_stack[
        0x7f032ca58630
]: 1
@preempt_stack[
        0x40ccac3d
        0x417918dc
        0x416f5368
        0x41a0c934
        0x40bcc7a6
        0x7f032c846428
        0x7f032c9e578f
        0x55ec9c6a2490
]: 1
@preempt_stack[
        0x7f03cedf9cbf
        0xea00038fffef918
        0x7f03ce002410
        0x8348078948011124
]: 1
@preempt_stack[
        0x7f032c9e5743
        0x7f030576f6c0
        0x7f03059706c0
        0x7f03073b16c0
        0x7f03127e16c0
        0x7f0312fe26c0
        0x7f03137e36c0
        0x7f0313fe46c0
        0x7f03147e56c0
        0x7f0314fe66c0
        0x7f03157e76c0
        0x7f0315fe86c0
        0x7f03167e96c0
        0x7f0316fea6c0
        0x7f03177eb6c0
        0x7f0317fec6c0
        0x7f03187ed6c0
        0x7f0318fee6c0
        0x7f03197ef6c0
        0x7f0319ff06c0
        0x7f031a7f16c0
        0x7f031aff26c0
        0x7f031b7f36c0
        0x7f031bff46c0
        0x7f031c7f56c0
        0x7f031cff66c0
        0x7f031d7f76c0
        0x7f031dff86c0
        0x7f031e7f96c0
        0x7f031effa6c0
        0x7f031f7fb6c0
        0x7f031fffc6c0
        0x7f03207fd6c0
        0x7f0320ffe6c0
        0x7f03217ff6c0
        0x7f032c7ff6c0
        0x7f03cf2f2bc0
]: 1
@preempt_stack[
        0x7f032ca0d440
]: 1
@preempt_stack[
        __libc_calloc+4
        0x100000000
]: 1
@preempt_stack[
        0x7f03cebaf934
]: 1
@preempt_stack[
        0x7f032c998006
]: 1
@preempt_stack[
        0x7f03cdccd183
]: 1
@preempt_stack[
        0x7f03ce2c6057
        0x7f03935dad30
]: 1
@preempt_stack[
        0x7f03ce345ffc
]: 1
@preempt_stack[
        0x7f03ce2c6f25
        0x7f030000043c
        0
]: 1
@preempt_stack[
        0x7f032c8406a6
        0
]: 1
@preempt_stack[
        0x415795ea
        0x41e94864
        0x41a03adf
        0x7f032c846428
        0x7f032c9e578f
        0x55ec9c6a2490
]: 1
@preempt_stack[
        0x7f032c9dcfa3
        0x120000
        0x55ec9e041690
        0x55ec9e041690
        0x55ec9e041690
        0x55ec9e041690
        0x55ec9e041690
        0x55ec9e041690
        0x55ec9e041690
        0x55ec9e041690
        0x55ec9e041690
        0x55ec9e041690
        0x55ec9e041690
        0x55ec9e041690
        0x55ec9e041690
        0x55ec9e041690
        0x55ec9e041690
        0x55ec9e041690
        0x55ec9e041690
        0x55ec9e041690
        0x55ec9e041690
        0x55ec9e041690
        0x55ec9e041690
        0x55ec9e041690
        0x55ec9e041690
        0x55ec9e041690
        0x55ec9e041690
        0x55ec9e041690
        0x55ec9e041690
        0x55ec9e041690
        0x55ec9e041690
        0x55ec9e041690
        0x55ec9e041690
        0x55ec9e041690
        0x55ec9e041690
        0x55ec9e041690
        0x55ec9e041690
        0x55ec9e041690
        0x55ec9e041690
        0x55ec9e041690
        0x55ec9e041690
        0x55ec9e041690
        0x55ec9e041690
        0x55ec9e041690
        0x55ec9e041690
        0x55ec9e041690
        0x55ec9e041690
        0x55ec9e041690
        0x55ec9e041690
        0x55ec9e041690
        0x55ec9e041690
        0x55ec9e041690
        0x55ec9e041690
        0x55ec9e041690
        0x55ec9e041690
        0x55ec9e041690
        0x55ec9e041690
        0x55ec9e041690
        0x55ec9e041690
        0x55ec9e041690
        0x55ec9e041690
        0x55ec9e041690
        0x55ec9e041690
        0x55ec9e041690
        0x55ec9e041690
        0x55ec9e041690
        0x55ec9e041690
        0x55ec9e041690
        0x55ec9e041690
        0x55ec9e041690
        0x55ec9e041690
        0x55ec9e041690
        0x55ec9e041690
        0x55ec9e041690
        0x55ec9e041690
        0x55ec9e041690
        0x55ec9e041690
        0x55ec9e041690
        0x55ec9e041690
        0x55ec9e041690
        0x55ec9e041690
        0x55ec9e041690
        0x55ec9e041690
        0x55ec9e041690
        0x55ec9e041690
        0x55ec9e041690
        0x55ec9e041690
        0x55ec9e041690
        0x55ec9e041690
        0x55ec9e041690
        0x55ec9e041690
        0x55ec9e041690
        0x55ec9e041690
        0x55ec9e041690
        0x55ec9e041690
        0x55ec9e041690
        0x55ec9e041690
        0x55ec9e041690
        0x55ec9e041690
        0x55ec9e041690
        0x55ec9e041690
        0x55ec9e041690
        0x55ec9e041690
        0x55ec9e041690
        0x55ec9e041690
        0x55ec9e041690
        0x55ec9e041690
        0x55ec9e041690
        0x55ec9e041690
        0x55ec9e041690
        0x55ec9e041690
        0x55ec9e041690
        0x55ec9e041690
        0x55ec9e041690
        0x55ec9e041690
        0x55ec9e041690
        0x55ec9e041690
        0x55ec9e041690
        0x55ec9e041690
        0x55ec9e041690
        0x55ec9e041690
        0x55ec9e041690
        0x55ec9e041690
        0x55ec9e041690
        0x55ec9e041690
        0x55ec9e041690
        0x55ec9e041690
]: 1
@preempt_stack[
        0x7f032ca0c2f9
        0x55ec9c63b390
        0xffff00000004
]: 1
@preempt_stack[
        0x7f032ca3c63c
]: 1
@preempt_stack[
        0x7f032c9cb8e7
        0x130000
        0
        0
        0x55ec9fd6c790
]: 1
@preempt_stack[
        0x4171dfac
        0x416f5368
        0x41a0c934
        0x40bcc7a6
        0x7f032c846428
        0x7f032c9e578f
        0x55ec9c6a2490
]: 1
@preempt_stack[
        0x7f032c9cb5a9
        0x130000
        0
        0
        0x55ec9f78a5b0
]: 1
@preempt_stack[
        0x7f03ce34e978
        0x2eaf0cdb28aa9316
]: 1
@preempt_stack[
        0x7f03cf389bcb
        __clock_gettime+29
        epoll_wait+98
]: 1
@preempt_stack[
        pthread_cond_timedwait+169
]: 1
@preempt_stack[
        __tls_get_addr+4
        0x55ec9c63b390
        0xffff00000004
]: 1
@preempt_stack[
        mono_metadata_type_hash+106
        0x110000
        0x55ec9c662e78
        0x55ec9c662e78
        0x55ec9c662e78
        0x55ec9c662e78
        0x55ec9c662e78
        0x55ec9c662e78
        0x55ec9c662e78
        0x55ec9c662e78
        0x55ec9c662e78
        0x55ec9c662e78
        0x55ec9c662e78
        0x55ec9c662e78
        0x55ec9c662e78
        0x55ec9c662e78
        0x55ec9c662e78
        0x55ec9c662e78
        0x55ec9c662e78
        0x55ec9c662e78
        0x55ec9c662e78
        0x55ec9c662e78
        0x55ec9c662e78
        0x55ec9c662e78
        0x55ec9c662e78
        0x55ec9c662e78
        0x55ec9c662e78
        0x55ec9c662e78
        0x55ec9c662e78
        0x55ec9c662e78
        0x55ec9c662e78
        0x55ec9c662e78
        0x55ec9c662e78
        0x55ec9c662e78
        0x55ec9c662e78
        0x55ec9c662e78
        0x55ec9c662e78
        0x55ec9c662e78
        0x55ec9c662e78
        0x55ec9c662e78
        0x55ec9c662e78
        0x55ec9c662e78
        0x55ec9c662e78
        0x55ec9c662e78
        0x55ec9c662e78
        0x55ec9c662e78
        0x55ec9c662e78
        0x55ec9c662e78
        0x55ec9c662e78
        0x55ec9c662e78
        0x55ec9c662e78
        0x55ec9c662e78
        0x55ec9c662e78
        0x55ec9c662e78
        0x55ec9c662e78
        0x55ec9c662e78
        0x55ec9c662e78
        0x55ec9c662e78
        0x55ec9c662e78
        0x55ec9c662e78
        0x55ec9c662e78
        0x55ec9c662e78
        0x55ec9c662e78
        0x55ec9c662e78
        0x55ec9c662e78
        0x55ec9c662e78
        0x55ec9c662e78
        0x55ec9c662e78
        0x55ec9c662e78
        0x55ec9c662e78
        0x55ec9c662e78
        0x55ec9c662e78
        0x55ec9c662e78
        0x55ec9c662e78
        0x55ec9c662e78
        0x55ec9c662e78
        0x55ec9c662e78
        0x55ec9c662e78
        0x55ec9c662e78
        0x55ec9c662e78
        0x55ec9c662e78
        0x55ec9c662e78
        0x55ec9c662e78
        0x55ec9c662e78
        0x55ec9c662e78
        0x55ec9c662e78
        0x55ec9c662e78
        0x55ec9c662e78
        0x55ec9c662e78
        0x55ec9c662e78
        0x55ec9c662e78
        0x55ec9c662e78
        0x55ec9c662e78
        0x55ec9c662e78
        0x55ec9c662e78
        0x55ec9c662e78
        0x55ec9c662e78
        0x55ec9c662e78
        0x55ec9c662e78
        0x55ec9c662e78
        0x55ec9c662e78
        0x55ec9c662e78
        0x55ec9c662e78
        0x55ec9c662e78
        0x55ec9c662e78
        0x55ec9c662e78
        0x55ec9c662e78
        0x55ec9c662e78
        0x55ec9c662e78
        0x55ec9c662e78
        0x55ec9c662e78
        0x55ec9c662e78
        0x55ec9c662e78
        0x55ec9c662e78
        0x55ec9c662e78
        0x55ec9c662e78
        0x55ec9c662e78
        0x55ec9c662e78
        0x55ec9c662e78
        0x55ec9c662e78
        0x55ec9c662e78
        0x55ec9c662e78
        0x55ec9c662e78
        0x55ec9c662e78
        0x55ec9c662e78
        0x55ec9c662e78
        0x55ec9c662e78
]: 1
@preempt_stack[
        0x7f03ce342f54
]: 1
@preempt_stack[
        0x7f032c9e44e4
        0x120000
        0x55ec9d169a08
        0x55ec9d169a08
        0x55ec9d169a08
        0x55ec9d169a08
        0x55ec9d169a08
        0x55ec9d169a08
        0x55ec9d169a08
        0x55ec9d169a08
        0x55ec9d169a08
        0x55ec9d169a08
        0x55ec9d169a08
        0x55ec9d169a08
        0x55ec9d169a08
        0x55ec9d169a08
        0x55ec9d169a08
        0x55ec9d169a08
        0x55ec9d169a08
        0x55ec9d169a08
        0x55ec9d169a08
        0x55ec9d169a08
        0x55ec9d169a08
        0x55ec9d169a08
        0x55ec9d169a08
        0x55ec9d169a08
        0x55ec9d169a08
        0x55ec9d169a08
        0x55ec9d169a08
        0x55ec9d169a08
        0x55ec9d169a08
        0x55ec9d169a08
        0x55ec9d169a08
        0x55ec9d169a08
        0x55ec9d169a08
        0x55ec9d169a08
        0x55ec9d169a08
        0x55ec9d169a08
        0x55ec9d169a08
        0x55ec9d169a08
        0x55ec9d169a08
        0x55ec9d169a08
        0x55ec9d169a08
        0x55ec9d169a08
        0x55ec9d169a08
        0x55ec9d169a08
        0x55ec9d169a08
        0x55ec9d169a08
        0x55ec9d169a08
        0x55ec9d169a08
        0x55ec9d169a08
        0x55ec9d169a08
        0x55ec9d169a08
        0x55ec9d169a08
        0x55ec9d169a08
        0x55ec9d169a08
        0x55ec9d169a08
        0x55ec9d169a08
        0x55ec9d169a08
        0x55ec9d169a08
        0x55ec9d169a08
        0x55ec9d169a08
        0x55ec9d169a08
        0x55ec9d169a08
        0x55ec9d169a08
        0x55ec9d169a08
        0x55ec9d169a08
        0x55ec9d169a08
        0x55ec9d169a08
        0x55ec9d169a08
        0x55ec9d169a08
        0x55ec9d169a08
        0x55ec9d169a08
        0x55ec9d169a08
        0x55ec9d169a08
        0x55ec9d169a08
        0x55ec9d169a08
        0x55ec9d169a08
        0x55ec9d169a08
        0x55ec9d169a08
        0x55ec9d169a08
        0x55ec9d169a08
        0x55ec9d169a08
        0x55ec9d169a08
        0x55ec9d169a08
        0x55ec9d169a08
        0x55ec9d169a08
        0x55ec9d169a08
        0x55ec9d169a08
        0x55ec9d169a08
        0x55ec9d169a08
        0x55ec9d169a08
        0x55ec9d169a08
        0x55ec9d169a08
        0x55ec9d169a08
        0x55ec9d169a08
        0x55ec9d169a08
        0x55ec9d169a08
        0x55ec9d169a08
        0x55ec9d169a08
        0x55ec9d169a08
        0x55ec9d169a08
        0x55ec9d169a08
        0x55ec9d169a08
        0x55ec9d169a08
        0x55ec9d169a08
        0x55ec9d169a08
        0x55ec9d169a08
        0x55ec9d169a08
        0x55ec9d169a08
        0x55ec9d169a08
        0x55ec9d169a08
        0x55ec9d169a08
        0x55ec9d169a08
        0x55ec9d169a08
        0x55ec9d169a08
        0x55ec9d169a08
        0x55ec9d169a08
        0x55ec9d169a08
        0x55ec9d169a08
        0x55ec9d169a08
        0x55ec9d169a08
        0x55ec9d169a08
        0x55ec9d169a08
        0x55ec9d169a08
        0x55ec9d169a08
        0x55ec9d169a08
]: 1
@preempt_stack[
        0x7f032c9cb5a9
        0x130000
        0
        0
        0x55ec9f605130
]: 1
@preempt_stack[
        0x7f03ce2c68c3
        0x7f03000001d3
        0
]: 1
@preempt_stack[
        0x7f03ce2be605
]: 1
@preempt_stack[
        0x7f03cdf015ec
        0x6d8
]: 1
@preempt_stack[
        0x7f032c9cb5b8
        0
        0
        0x7f02e0002df0
]: 1
@preempt_stack[
        0x7f032ca0cf48
]: 1
@preempt_stack[
        0x7f03ce32c878
        0x10000
        0x7f0391e24410
        0x58
        0xb80000ffff000000
]: 1
@preempt_stack[
        0x7f032ca3c423
        0x14800
        0x2800000000000001
        0x55ec9d136868
        0x55ec9d136868
        0x55ec9d136868
        0x55ec9d136868
        0x55ec9d136868
        0x55ec9d136868
        0x55ec9d136868
        0x55ec9d136868
        0x55ec9d136868
        0x55ec9d136868
        0x55ec9d136868
        0x55ec9d136868
        0x55ec9d136868
        0x55ec9d136868
        0x55ec9d136868
        0x55ec9d136868
        0x55ec9d136868
        0x55ec9d136868
        0x55ec9d136868
        0x55ec9d136868
        0x55ec9d136868
        0x55ec9d136868
        0x55ec9d136868
        0x55ec9d136868
        0x55ec9d136868
        0x55ec9d136868
        0x55ec9d136868
        0x55ec9d136868
        0x55ec9d136868
        0x55ec9d136868
        0x55ec9d136868
        0x55ec9d136868
        0x55ec9d136868
        0x55ec9d136868
        0x55ec9d136868
        0x55ec9d136868
        0x55ec9d136868
        0x55ec9d136868
        0x55ec9d136868
        0x55ec9d136868
        0x55ec9d136868
        0x55ec9d136868
        0x55ec9d136868
        0x55ec9d136868
        0x55ec9d136868
        0x55ec9d136868
        0x55ec9d136868
        0x55ec9d136868
        0x55ec9d136868
        0x55ec9d136868
        0x55ec9d136868
        0x55ec9d136868
        0x55ec9d136868
        0x55ec9d136868
        0x55ec9d136868
        0x55ec9d136868
        0x55ec9d136868
        0x55ec9d136868
        0x55ec9d136868
        0x55ec9d136868
        0x55ec9d136868
        0x55ec9d136868
        0x55ec9d136868
        0x55ec9d136868
        0x55ec9d136868
        0x55ec9d136868
        0x55ec9d136868
        0x55ec9d136868
        0x55ec9d136868
        0x55ec9d136868
        0x55ec9d136868
        0x55ec9d136868
        0x55ec9d136868
        0x55ec9d136868
        0x55ec9d136868
        0x55ec9d136868
        0x55ec9d136868
        0x55ec9d136868
        0x55ec9d136868
        0x55ec9d136868
        0x55ec9d136868
        0x55ec9d136868
        0x55ec9d136868
        0x55ec9d136868
        0x55ec9d136868
        0x55ec9d136868
        0x55ec9d136868
        0x55ec9d136868
        0x55ec9d136868
        0x55ec9d136868
        0x55ec9d136868
        0x55ec9d136868
        0x55ec9d136868
        0x55ec9d136868
        0x55ec9d136868
        0x55ec9d136868
        0x55ec9d136868
        0x55ec9d136868
        0x55ec9d136868
        0x55ec9d136868
        0x55ec9d136868
        0x55ec9d136868
        0x55ec9d136868
        0x55ec9d136868
        0x55ec9d136868
        0x55ec9d136868
        0x55ec9d136868
        0x55ec9d136868
        0x55ec9d136868
        0x55ec9d136868
        0x55ec9d136868
        0x55ec9d136868
        0x55ec9d136868
        0x55ec9d136868
        0x55ec9d136868
        0x55ec9d136868
        0x55ec9d136868
        0x55ec9d136868
        0x55ec9d136868
        0x55ec9d136868
        0x55ec9d136868
        0x55ec9d136868
        0x55ec9d136868
        0x55ec9d136868
]: 1
@preempt_stack[
        0x7f03cecfdaa1
]: 1
@preempt_stack[
        mono_metadata_type_hash+80
        0x120000
        0x55ec9cd09810
        0x55ec9cd09810
        0x55ec9cd09810
        0x55ec9cd09810
        0x55ec9cd09810
        0x55ec9cd09810
        0x55ec9cd09810
        0x55ec9cd09810
        0x55ec9cd09810
        0x55ec9cd09810
        0x55ec9cd09810
        0x55ec9cd09810
        0x55ec9cd09810
        0x55ec9cd09810
        0x55ec9cd09810
        0x55ec9cd09810
        0x55ec9cd09810
        0x55ec9cd09810
        0x55ec9cd09810
        0x55ec9cd09810
        0x55ec9cd09810
        0x55ec9cd09810
        0x55ec9cd09810
        0x55ec9cd09810
        0x55ec9cd09810
        0x55ec9cd09810
        0x55ec9cd09810
        0x55ec9cd09810
        0x55ec9cd09810
        0x55ec9cd09810
        0x55ec9cd09810
        0x55ec9cd09810
        0x55ec9cd09810
        0x55ec9cd09810
        0x55ec9cd09810
        0x55ec9cd09810
        0x55ec9cd09810
        0x55ec9cd09810
        0x55ec9cd09810
        0x55ec9cd09810
        0x55ec9cd09810
        0x55ec9cd09810
        0x55ec9cd09810
        0x55ec9cd09810
        0x55ec9cd09810
        0x55ec9cd09810
        0x55ec9cd09810
        0x55ec9cd09810
        0x55ec9cd09810
        0x55ec9cd09810
        0x55ec9cd09810
        0x55ec9cd09810
        0x55ec9cd09810
        0x55ec9cd09810
        0x55ec9cd09810
        0x55ec9cd09810
        0x55ec9cd09810
        0x55ec9cd09810
        0x55ec9cd09810
        0x55ec9cd09810
        0x55ec9cd09810
        0x55ec9cd09810
        0x55ec9cd09810
        0x55ec9cd09810
        0x55ec9cd09810
        0x55ec9cd09810
        0x55ec9cd09810
        0x55ec9cd09810
        0x55ec9cd09810
        0x55ec9cd09810
        0x55ec9cd09810
        0x55ec9cd09810
        0x55ec9cd09810
        0x55ec9cd09810
        0x55ec9cd09810
        0x55ec9cd09810
        0x55ec9cd09810
        0x55ec9cd09810
        0x55ec9cd09810
        0x55ec9cd09810
        0x55ec9cd09810
        0x55ec9cd09810
        0x55ec9cd09810
        0x55ec9cd09810
        0x55ec9cd09810
        0x55ec9cd09810
        0x55ec9cd09810
        0x55ec9cd09810
        0x55ec9cd09810
        0x55ec9cd09810
        0x55ec9cd09810
        0x55ec9cd09810
        0x55ec9cd09810
        0x55ec9cd09810
        0x55ec9cd09810
        0x55ec9cd09810
        0x55ec9cd09810
        0x55ec9cd09810
        0x55ec9cd09810
        0x55ec9cd09810
        0x55ec9cd09810
        0x55ec9cd09810
        0x55ec9cd09810
        0x55ec9cd09810
        0x55ec9cd09810
        0x55ec9cd09810
        0x55ec9cd09810
        0x55ec9cd09810
        0x55ec9cd09810
        0x55ec9cd09810
        0x55ec9cd09810
        0x55ec9cd09810
        0x55ec9cd09810
        0x55ec9cd09810
        0x55ec9cd09810
        0x55ec9cd09810
        0x55ec9cd09810
        0x55ec9cd09810
        0x55ec9cd09810
        0x55ec9cd09810
        0x55ec9cd09810
        0x55ec9cd09810
        0x55ec9cd09810
        0x55ec9cd09810
        0x55ec9cd09810
]: 1
@preempt_stack[
        0x7f03ce2d7ad1
        0xa44
]: 1
@preempt_stack[
        0x7f03ce35185d
]: 1
@preempt_stack[
        0x7f032c9cb609
        0
        0
        0x55ec9cbfef20
]: 1
@preempt_stack[
        0x40bab6a8
        0x40bab590
        0x40c65ef4
        0x41d117df
        0x4168eed6
        0x4168a944
        0x7f032c846428
        0x7f032c9e578f
        0x55ec9c6a2490
]: 1
@preempt_stack[
        0x7f03ceaa6e33
]: 1
@preempt_stack[
        0x7f03ce3517da
]: 1
@preempt_stack[
        0x7f032c9dcfa3
        0x120000
        0x55ec9cbf91f8
        0x55ec9cbf91f8
        0x55ec9cbf91f8
        0x55ec9cbf91f8
        0x55ec9cbf91f8
        0x55ec9cbf91f8
        0x55ec9cbf91f8
        0x55ec9cbf91f8
        0x55ec9cbf91f8
        0x55ec9cbf91f8
        0x55ec9cbf91f8
        0x55ec9cbf91f8
        0x55ec9cbf91f8
        0x55ec9cbf91f8
        0x55ec9cbf91f8
        0x55ec9cbf91f8
        0x55ec9cbf91f8
        0x55ec9cbf91f8
        0x55ec9cbf91f8
        0x55ec9cbf91f8
        0x55ec9cbf91f8
        0x55ec9cbf91f8
        0x55ec9cbf91f8
        0x55ec9cbf91f8
        0x55ec9cbf91f8
        0x55ec9cbf91f8
        0x55ec9cbf91f8
        0x55ec9cbf91f8
        0x55ec9cbf91f8
        0x55ec9cbf91f8
        0x55ec9cbf91f8
        0x55ec9cbf91f8
        0x55ec9cbf91f8
        0x55ec9cbf91f8
        0x55ec9cbf91f8
        0x55ec9cbf91f8
        0x55ec9cbf91f8
        0x55ec9cbf91f8
        0x55ec9cbf91f8
        0x55ec9cbf91f8
        0x55ec9cbf91f8
        0x55ec9cbf91f8
        0x55ec9cbf91f8
        0x55ec9cbf91f8
        0x55ec9cbf91f8
        0x55ec9cbf91f8
        0x55ec9cbf91f8
        0x55ec9cbf91f8
        0x55ec9cbf91f8
        0x55ec9cbf91f8
        0x55ec9cbf91f8
        0x55ec9cbf91f8
        0x55ec9cbf91f8
        0x55ec9cbf91f8
        0x55ec9cbf91f8
        0x55ec9cbf91f8
        0x55ec9cbf91f8
        0x55ec9cbf91f8
        0x55ec9cbf91f8
        0x55ec9cbf91f8
        0x55ec9cbf91f8
        0x55ec9cbf91f8
        0x55ec9cbf91f8
        0x55ec9cbf91f8
        0x55ec9cbf91f8
        0x55ec9cbf91f8
        0x55ec9cbf91f8
        0x55ec9cbf91f8
        0x55ec9cbf91f8
        0x55ec9cbf91f8
        0x55ec9cbf91f8
        0x55ec9cbf91f8
        0x55ec9cbf91f8
        0x55ec9cbf91f8
        0x55ec9cbf91f8
        0x55ec9cbf91f8
        0x55ec9cbf91f8
        0x55ec9cbf91f8
        0x55ec9cbf91f8
        0x55ec9cbf91f8
        0x55ec9cbf91f8
        0x55ec9cbf91f8
        0x55ec9cbf91f8
        0x55ec9cbf91f8
        0x55ec9cbf91f8
        0x55ec9cbf91f8
        0x55ec9cbf91f8
        0x55ec9cbf91f8
        0x55ec9cbf91f8
        0x55ec9cbf91f8
        0x55ec9cbf91f8
        0x55ec9cbf91f8
        0x55ec9cbf91f8
        0x55ec9cbf91f8
        0x55ec9cbf91f8
        0x55ec9cbf91f8
        0x55ec9cbf91f8
        0x55ec9cbf91f8
        0x55ec9cbf91f8
        0x55ec9cbf91f8
        0x55ec9cbf91f8
        0x55ec9cbf91f8
        0x55ec9cbf91f8
        0x55ec9cbf91f8
        0x55ec9cbf91f8
        0x55ec9cbf91f8
        0x55ec9cbf91f8
        0x55ec9cbf91f8
        0x55ec9cbf91f8
        0x55ec9cbf91f8
        0x55ec9cbf91f8
        0x55ec9cbf91f8
        0x55ec9cbf91f8
        0x55ec9cbf91f8
        0x55ec9cbf91f8
        0x55ec9cbf91f8
        0x55ec9cbf91f8
        0x55ec9cbf91f8
        0x55ec9cbf91f8
        0x55ec9cbf91f8
        0x55ec9cbf91f8
        0x55ec9cbf91f8
        0x55ec9cbf91f8
        0x55ec9cbf91f8
        0x55ec9cbf91f8
]: 1
@preempt_stack[
        0x7f03cebb1f60
        0x7980000000000000
]: 1
@preempt_stack[
        0x7f032c9cb775
        0x120000
        0x55ec9de09c28
        0x55ec9de09c28
        0x55ec9de09c28
        0x55ec9de09c28
        0x55ec9de09c28
        0x55ec9de09c28
        0x55ec9de09c28
        0x55ec9de09c28
        0x55ec9de09c28
        0x55ec9de09c28
        0x55ec9de09c28
        0x55ec9de09c28
        0x55ec9de09c28
        0x55ec9de09c28
        0x55ec9de09c28
        0x55ec9de09c28
        0x55ec9de09c28
        0x55ec9de09c28
        0x55ec9de09c28
        0x55ec9de09c28
        0x55ec9de09c28
        0x55ec9de09c28
        0x55ec9de09c28
        0x55ec9de09c28
        0x55ec9de09c28
        0x55ec9de09c28
        0x55ec9de09c28
        0x55ec9de09c28
        0x55ec9de09c28
        0x55ec9de09c28
        0x55ec9de09c28
        0x55ec9de09c28
        0x55ec9de09c28
        0x55ec9de09c28
        0x55ec9de09c28
        0x55ec9de09c28
        0x55ec9de09c28
        0x55ec9de09c28
        0x55ec9de09c28
        0x55ec9de09c28
        0x55ec9de09c28
        0x55ec9de09c28
        0x55ec9de09c28
        0x55ec9de09c28
        0x55ec9de09c28
        0x55ec9de09c28
        0x55ec9de09c28
        0x55ec9de09c28
        0x55ec9de09c28
        0x55ec9de09c28
        0x55ec9de09c28
        0x55ec9de09c28
        0x55ec9de09c28
        0x55ec9de09c28
        0x55ec9de09c28
        0x55ec9de09c28
        0x55ec9de09c28
        0x55ec9de09c28
        0x55ec9de09c28
        0x55ec9de09c28
        0x55ec9de09c28
        0x55ec9de09c28
        0x55ec9de09c28
        0x55ec9de09c28
        0x55ec9de09c28
        0x55ec9de09c28
        0x55ec9de09c28
        0x55ec9de09c28
        0x55ec9de09c28
        0x55ec9de09c28
        0x55ec9de09c28
        0x55ec9de09c28
        0x55ec9de09c28
        0x55ec9de09c28
        0x55ec9de09c28
        0x55ec9de09c28
        0x55ec9de09c28
        0x55ec9de09c28
        0x55ec9de09c28
        0x55ec9de09c28
        0x55ec9de09c28
        0x55ec9de09c28
        0x55ec9de09c28
        0x55ec9de09c28
        0x55ec9de09c28
        0x55ec9de09c28
        0x55ec9de09c28
        0x55ec9de09c28
        0x55ec9de09c28
        0x55ec9de09c28
        0x55ec9de09c28
        0x55ec9de09c28
        0x55ec9de09c28
        0x55ec9de09c28
        0x55ec9de09c28
        0x55ec9de09c28
        0x55ec9de09c28
        0x55ec9de09c28
        0x55ec9de09c28
        0x55ec9de09c28
        0x55ec9de09c28
        0x55ec9de09c28
        0x55ec9de09c28
        0x55ec9de09c28
        0x55ec9de09c28
        0x55ec9de09c28
        0x55ec9de09c28
        0x55ec9de09c28
        0x55ec9de09c28
        0x55ec9de09c28
        0x55ec9de09c28
        0x55ec9de09c28
        0x55ec9de09c28
        0x55ec9de09c28
        0x55ec9de09c28
        0x55ec9de09c28
        0x55ec9de09c28
        0x55ec9de09c28
        0x55ec9de09c28
        0x55ec9de09c28
        0x55ec9de09c28
        0x55ec9de09c28
        0x55ec9de09c28
        0x55ec9de09c28
        0x55ec9de09c28
]: 1
@preempt_stack[
        0x41e93f18
        0x41e94864
        0x41a03adf
        0x7f032c846428
        0x7f032c9e578f
        0x55ec9c6a2490
]: 1
@preempt_stack[
        0x7f032c9cb621
]: 1
@preempt_stack[
        0x7f03cd1b88b5
        0x7f0300010000
        0x7f0391e24410
        0x58
        0xb80000ffff000000
]: 1
@preempt_stack[
        0x7f03cd1b884a
]: 1
@preempt_stack[
        0x7f032c9ce4d8
        0x55ec9fbc76c0
        0x55ec9fbc76c0
        0x55ec9fbc76c0
        0x55ec9fbc76c0
        0x55ec9fbc76c0
        0x55ec9fbc76c0
        0x55ec9fbc76c0
        0x55ec9fbc76c0
        0x55ec9fbc76c0
        0x55ec9fbc76c0
        0x55ec9fbc76c0
        0x55ec9fbc76c0
        0x55ec9fbc76c0
        0x55ec9fbc76c0
        0x55ec9fbc76c0
        0x55ec9fbc76c0
        0x55ec9fbc76c0
        0x55ec9fbc76c0
        0x55ec9fbc76c0
        0x55ec9fbc76c0
        0x55ec9fbc76c0
        0x55ec9fbc76c0
        0x55ec9fbc76c0
        0x55ec9fbc76c0
        0x55ec9fbc76c0
        0x55ec9fbc76c0
        0x55ec9fbc76c0
        0x55ec9fbc76c0
        0x55ec9fbc76c0
        0x55ec9fbc76c0
        0x55ec9fbc76c0
        0x55ec9fbc76c0
        0x55ec9fbc76c0
        0x55ec9fbc76c0
        0x55ec9fbc76c0
        0x55ec9fbc76c0
        0x55ec9fbc76c0
        0x55ec9fbc76c0
        0x55ec9fbc76c0
        0x55ec9fbc76c0
        0x55ec9fbc76c0
        0x55ec9fbc76c0
        0x55ec9fbc76c0
        0x55ec9fbc76c0
        0x55ec9fbc76c0
        0x55ec9fbc76c0
        0x55ec9fbc76c0
        0x55ec9fbc76c0
        0x55ec9fbc76c0
        0x55ec9fbc76c0
        0x55ec9fbc76c0
        0x55ec9fbc76c0
        0x55ec9fbc76c0
        0x55ec9fbc76c0
        0x55ec9fbc76c0
        0x55ec9fbc76c0
        0x55ec9fbc76c0
        0x55ec9fbc76c0
        0x55ec9fbc76c0
        0x55ec9fbc76c0
        0x55ec9fbc76c0
        0x55ec9fbc76c0
        0x55ec9fbc76c0
        0x55ec9fbc76c0
        0x55ec9fbc76c0
        0x55ec9fbc76c0
        0x55ec9fbc76c0
        0x55ec9fbc76c0
        0x55ec9fbc76c0
        0x55ec9fbc76c0
        0x55ec9fbc76c0
        0x55ec9fbc76c0
        0x55ec9fbc76c0
        0x55ec9fbc76c0
        0x55ec9fbc76c0
        0x55ec9fbc76c0
        0x55ec9fbc76c0
        0x55ec9fbc76c0
        0x55ec9fbc76c0
        0x55ec9fbc76c0
        0x55ec9fbc76c0
        0x55ec9fbc76c0
        0x55ec9fbc76c0
        0x55ec9fbc76c0
        0x55ec9fbc76c0
        0x55ec9fbc76c0
        0x55ec9fbc76c0
        0x55ec9fbc76c0
        0x55ec9fbc76c0
        0x55ec9fbc76c0
        0x55ec9fbc76c0
        0x55ec9fbc76c0
        0x55ec9fbc76c0
        0x55ec9fbc76c0
        0x55ec9fbc76c0
        0x55ec9fbc76c0
        0x55ec9fbc76c0
        0x55ec9fbc76c0
        0x55ec9fbc76c0
        0x55ec9fbc76c0
        0x55ec9fbc76c0
        0x55ec9fbc76c0
        0x55ec9fbc76c0
        0x55ec9fbc76c0
        0x55ec9fbc76c0
        0x55ec9fbc76c0
        0x55ec9fbc76c0
        0x55ec9fbc76c0
        0x55ec9fbc76c0
        0x55ec9fbc76c0
        0x55ec9fbc76c0
        0x55ec9fbc76c0
        0x55ec9fbc76c0
        0x55ec9fbc76c0
        0x55ec9fbc76c0
        0x55ec9fbc76c0
        0x55ec9fbc76c0
        0x55ec9fbc76c0
        0x55ec9fbc76c0
        0x55ec9fbc76c0
        0x55ec9fbc76c0
        0x55ec9fbc76c0
        0x55ec9fbc76c0
        0x55ec9fbc76c0
        0x55ec9fbc76c0
        0x55ec9fbc76c0
]: 1
@preempt_stack[
        usleep+76
]: 1
@preempt_stack[
        0x7f032c8d2d5c
        0
]: 1
@preempt_stack[
        pthread_mutex_trylock+909
        0x55ec9c63b390
        0xffff00000004
]: 1
@preempt_stack[
        0x7f032ca0d516
]: 1
@preempt_stack[
        0x7f032c9af6f8
        0x5
]: 1
@preempt_stack[
        0x40bb836b
        0x416f5368
        0x41a0c934
        0x40bcc7a6
        0x7f032c846428
        0x7f032c9e578f
        0x55ec9c6a2490
]: 1
@preempt_stack[
        0x7f03ce351836
]: 1
@preempt_stack[
        0x7f032c9cb62f
]: 1
@preempt_stack[
        0x7f032c9cb76a
        0x130000
        0
        0
        0x55ec9d773fd0
]: 1
@preempt_stack[
        0x7f03ce33cfb3
]: 1
@preempt_stack[
        0x40bb8314
        0x416f5368
        0x41a0c934
        0x40bcc7a6
        0x7f032c846428
        0x7f032c9e578f
        0x55ec9c6a2490
]: 1
@preempt_stack[
        0x7f032c9cb5b8
        0x1
        0
        0x55ec9f58be20
]: 1
@preempt_stack[
        0x7f03ce34e965
        0
]: 1
@preempt_stack[
        0x7f032c9dcfa3
        0x120000
        0x55ec9d4edc38
        0x55ec9d4edc38
        0x55ec9d4edc38
        0x55ec9d4edc38
        0x55ec9d4edc38
        0x55ec9d4edc38
        0x55ec9d4edc38
        0x55ec9d4edc38
        0x55ec9d4edc38
        0x55ec9d4edc38
        0x55ec9d4edc38
        0x55ec9d4edc38
        0x55ec9d4edc38
        0x55ec9d4edc38
        0x55ec9d4edc38
        0x55ec9d4edc38
        0x55ec9d4edc38
        0x55ec9d4edc38
        0x55ec9d4edc38
        0x55ec9d4edc38
        0x55ec9d4edc38
        0x55ec9d4edc38
        0x55ec9d4edc38
        0x55ec9d4edc38
        0x55ec9d4edc38
        0x55ec9d4edc38
        0x55ec9d4edc38
        0x55ec9d4edc38
        0x55ec9d4edc38
        0x55ec9d4edc38
        0x55ec9d4edc38
        0x55ec9d4edc38
        0x55ec9d4edc38
        0x55ec9d4edc38
        0x55ec9d4edc38
        0x55ec9d4edc38
        0x55ec9d4edc38
        0x55ec9d4edc38
        0x55ec9d4edc38
        0x55ec9d4edc38
        0x55ec9d4edc38
        0x55ec9d4edc38
        0x55ec9d4edc38
        0x55ec9d4edc38
        0x55ec9d4edc38
        0x55ec9d4edc38
        0x55ec9d4edc38
        0x55ec9d4edc38
        0x55ec9d4edc38
        0x55ec9d4edc38
        0x55ec9d4edc38
        0x55ec9d4edc38
        0x55ec9d4edc38
        0x55ec9d4edc38
        0x55ec9d4edc38
        0x55ec9d4edc38
        0x55ec9d4edc38
        0x55ec9d4edc38
        0x55ec9d4edc38
        0x55ec9d4edc38
        0x55ec9d4edc38
        0x55ec9d4edc38
        0x55ec9d4edc38
        0x55ec9d4edc38
        0x55ec9d4edc38
        0x55ec9d4edc38
        0x55ec9d4edc38
        0x55ec9d4edc38
        0x55ec9d4edc38
        0x55ec9d4edc38
        0x55ec9d4edc38
        0x55ec9d4edc38
        0x55ec9d4edc38
        0x55ec9d4edc38
        0x55ec9d4edc38
        0x55ec9d4edc38
        0x55ec9d4edc38
        0x55ec9d4edc38
        0x55ec9d4edc38
        0x55ec9d4edc38
        0x55ec9d4edc38
        0x55ec9d4edc38
        0x55ec9d4edc38
        0x55ec9d4edc38
        0x55ec9d4edc38
        0x55ec9d4edc38
        0x55ec9d4edc38
        0x55ec9d4edc38
        0x55ec9d4edc38
        0x55ec9d4edc38
        0x55ec9d4edc38
        0x55ec9d4edc38
        0x55ec9d4edc38
        0x55ec9d4edc38
        0x55ec9d4edc38
        0x55ec9d4edc38
        0x55ec9d4edc38
        0x55ec9d4edc38
        0x55ec9d4edc38
        0x55ec9d4edc38
        0x55ec9d4edc38
        0x55ec9d4edc38
        0x55ec9d4edc38
        0x55ec9d4edc38
        0x55ec9d4edc38
        0x55ec9d4edc38
        0x55ec9d4edc38
        0x55ec9d4edc38
        0x55ec9d4edc38
        0x55ec9d4edc38
        0x55ec9d4edc38
        0x55ec9d4edc38
        0x55ec9d4edc38
        0x55ec9d4edc38
        0x55ec9d4edc38
        0x55ec9d4edc38
        0x55ec9d4edc38
        0x55ec9d4edc38
        0x55ec9d4edc38
        0x55ec9d4edc38
        0x55ec9d4edc38
        0x55ec9d4edc38
        0x55ec9d4edc38
        0x55ec9d4edc38
        0x55ec9d4edc38
]: 1
@preempt_stack[
        0x40c91d4d
        0x40c918c4
        0x40c9181c
        0x40c91638
        0x40c914d4
        0x416f5368
        0x41a0c934
        0x40bcc7a6
        0x7f032c846428
        0x7f032c9e578f
        0x55ec9c6a2490
]: 1
@preempt_stack[
        0x7f032c9af6f5
        0x2068d4ea
]: 1
@preempt_stack[
        0x7f032c9cb78e
        0x130000
        0x1
        0
        0x55ec9fb80a30
]: 1
@preempt_stack[
        mono_metadata_type_hash+64
        0x120000
        0x55ec9f36fc18
        0x55ec9f36fc18
        0x55ec9f36fc18
        0x55ec9f36fc18
        0x55ec9f36fc18
        0x55ec9f36fc18
        0x55ec9f36fc18
        0x55ec9f36fc18
        0x55ec9f36fc18
        0x55ec9f36fc18
        0x55ec9f36fc18
        0x55ec9f36fc18
        0x55ec9f36fc18
        0x55ec9f36fc18
        0x55ec9f36fc18
        0x55ec9f36fc18
        0x55ec9f36fc18
        0x55ec9f36fc18
        0x55ec9f36fc18
        0x55ec9f36fc18
        0x55ec9f36fc18
        0x55ec9f36fc18
        0x55ec9f36fc18
        0x55ec9f36fc18
        0x55ec9f36fc18
        0x55ec9f36fc18
        0x55ec9f36fc18
        0x55ec9f36fc18
        0x55ec9f36fc18
        0x55ec9f36fc18
        0x55ec9f36fc18
        0x55ec9f36fc18
        0x55ec9f36fc18
        0x55ec9f36fc18
        0x55ec9f36fc18
        0x55ec9f36fc18
        0x55ec9f36fc18
        0x55ec9f36fc18
        0x55ec9f36fc18
        0x55ec9f36fc18
        0x55ec9f36fc18
        0x55ec9f36fc18
        0x55ec9f36fc18
        0x55ec9f36fc18
        0x55ec9f36fc18
        0x55ec9f36fc18
        0x55ec9f36fc18
        0x55ec9f36fc18
        0x55ec9f36fc18
        0x55ec9f36fc18
        0x55ec9f36fc18
        0x55ec9f36fc18
        0x55ec9f36fc18
        0x55ec9f36fc18
        0x55ec9f36fc18
        0x55ec9f36fc18
        0x55ec9f36fc18
        0x55ec9f36fc18
        0x55ec9f36fc18
        0x55ec9f36fc18
        0x55ec9f36fc18
        0x55ec9f36fc18
        0x55ec9f36fc18
        0x55ec9f36fc18
        0x55ec9f36fc18
        0x55ec9f36fc18
        0x55ec9f36fc18
        0x55ec9f36fc18
        0x55ec9f36fc18
        0x55ec9f36fc18
        0x55ec9f36fc18
        0x55ec9f36fc18
        0x55ec9f36fc18
        0x55ec9f36fc18
        0x55ec9f36fc18
        0x55ec9f36fc18
        0x55ec9f36fc18
        0x55ec9f36fc18
        0x55ec9f36fc18
        0x55ec9f36fc18
        0x55ec9f36fc18
        0x55ec9f36fc18
        0x55ec9f36fc18
        0x55ec9f36fc18
        0x55ec9f36fc18
        0x55ec9f36fc18
        0x55ec9f36fc18
        0x55ec9f36fc18
        0x55ec9f36fc18
        0x55ec9f36fc18
        0x55ec9f36fc18
        0x55ec9f36fc18
        0x55ec9f36fc18
        0x55ec9f36fc18
        0x55ec9f36fc18
        0x55ec9f36fc18
        0x55ec9f36fc18
        0x55ec9f36fc18
        0x55ec9f36fc18
        0x55ec9f36fc18
        0x55ec9f36fc18
        0x55ec9f36fc18
        0x55ec9f36fc18
        0x55ec9f36fc18
        0x55ec9f36fc18
        0x55ec9f36fc18
        0x55ec9f36fc18
        0x55ec9f36fc18
        0x55ec9f36fc18
        0x55ec9f36fc18
        0x55ec9f36fc18
        0x55ec9f36fc18
        0x55ec9f36fc18
        0x55ec9f36fc18
        0x55ec9f36fc18
        0x55ec9f36fc18
        0x55ec9f36fc18
        0x55ec9f36fc18
        0x55ec9f36fc18
        0x55ec9f36fc18
        0x55ec9f36fc18
        0x55ec9f36fc18
        0x55ec9f36fc18
        0x55ec9f36fc18
        0x55ec9f36fc18
]: 1
@preempt_stack[
        0x7f03cebb3cae
]: 1
@preempt_stack[
        0x7f03ce31a430
        0x7f0300000003
        0
]: 1
@preempt_stack[
        0x7f03cd0a95c8
        0x108
]: 1
@preempt_stack[
        0x7f03cf389bcb
        __clock_gettime+29
        0xbc00088000007f01
]: 1
@preempt_stack[
        0x7f03cdf015ec
        0x70107040702
]: 1
@preempt_stack[
        0x7f032ca0dccd
]: 1
@preempt_stack[
        pthread_mutex_trylock+909
        0x120000
        0x55ec9dfe30b0
        0x55ec9dfe30b0
        0x55ec9dfe30b0
        0x55ec9dfe30b0
        0x55ec9dfe30b0
        0x55ec9dfe30b0
        0x55ec9dfe30b0
        0x55ec9dfe30b0
        0x55ec9dfe30b0
        0x55ec9dfe30b0
        0x55ec9dfe30b0
        0x55ec9dfe30b0
        0x55ec9dfe30b0
        0x55ec9dfe30b0
        0x55ec9dfe30b0
        0x55ec9dfe30b0
        0x55ec9dfe30b0
        0x55ec9dfe30b0
        0x55ec9dfe30b0
        0x55ec9dfe30b0
        0x55ec9dfe30b0
        0x55ec9dfe30b0
        0x55ec9dfe30b0
        0x55ec9dfe30b0
        0x55ec9dfe30b0
        0x55ec9dfe30b0
        0x55ec9dfe30b0
        0x55ec9dfe30b0
        0x55ec9dfe30b0
        0x55ec9dfe30b0
        0x55ec9dfe30b0
        0x55ec9dfe30b0
        0x55ec9dfe30b0
        0x55ec9dfe30b0
        0x55ec9dfe30b0
        0x55ec9dfe30b0
        0x55ec9dfe30b0
        0x55ec9dfe30b0
        0x55ec9dfe30b0
        0x55ec9dfe30b0
        0x55ec9dfe30b0
        0x55ec9dfe30b0
        0x55ec9dfe30b0
        0x55ec9dfe30b0
        0x55ec9dfe30b0
        0x55ec9dfe30b0
        0x55ec9dfe30b0
        0x55ec9dfe30b0
        0x55ec9dfe30b0
        0x55ec9dfe30b0
        0x55ec9dfe30b0
        0x55ec9dfe30b0
        0x55ec9dfe30b0
        0x55ec9dfe30b0
        0x55ec9dfe30b0
        0x55ec9dfe30b0
        0x55ec9dfe30b0
        0x55ec9dfe30b0
        0x55ec9dfe30b0
        0x55ec9dfe30b0
        0x55ec9dfe30b0
        0x55ec9dfe30b0
        0x55ec9dfe30b0
        0x55ec9dfe30b0
        0x55ec9dfe30b0
        0x55ec9dfe30b0
        0x55ec9dfe30b0
        0x55ec9dfe30b0
        0x55ec9dfe30b0
        0x55ec9dfe30b0
        0x55ec9dfe30b0
        0x55ec9dfe30b0
        0x55ec9dfe30b0
        0x55ec9dfe30b0
        0x55ec9dfe30b0
        0x55ec9dfe30b0
        0x55ec9dfe30b0
        0x55ec9dfe30b0
        0x55ec9dfe30b0
        0x55ec9dfe30b0
        0x55ec9dfe30b0
        0x55ec9dfe30b0
        0x55ec9dfe30b0
        0x55ec9dfe30b0
        0x55ec9dfe30b0
        0x55ec9dfe30b0
        0x55ec9dfe30b0
        0x55ec9dfe30b0
        0x55ec9dfe30b0
        0x55ec9dfe30b0
        0x55ec9dfe30b0
        0x55ec9dfe30b0
        0x55ec9dfe30b0
        0x55ec9dfe30b0
        0x55ec9dfe30b0
        0x55ec9dfe30b0
        0x55ec9dfe30b0
        0x55ec9dfe30b0
        0x55ec9dfe30b0
        0x55ec9dfe30b0
        0x55ec9dfe30b0
        0x55ec9dfe30b0
        0x55ec9dfe30b0
        0x55ec9dfe30b0
        0x55ec9dfe30b0
        0x55ec9dfe30b0
        0x55ec9dfe30b0
        0x55ec9dfe30b0
        0x55ec9dfe30b0
        0x55ec9dfe30b0
        0x55ec9dfe30b0
        0x55ec9dfe30b0
        0x55ec9dfe30b0
        0x55ec9dfe30b0
        0x55ec9dfe30b0
        0x55ec9dfe30b0
        0x55ec9dfe30b0
        0x55ec9dfe30b0
        0x55ec9dfe30b0
        0x55ec9dfe30b0
        0x55ec9dfe30b0
        0x55ec9dfe30b0
        0x55ec9dfe30b0
        0x55ec9dfe30b0
        0x55ec9dfe30b0
]: 1
@preempt_stack[
        0x7f03cecca6ff
]: 1
@preempt_stack[
        0x419374b1
]: 1
@preempt_stack[
        0x7f032c9cb8e4
]: 1
@preempt_stack[
        0x4157959c
        0x41e94864
        0x41a03adf
        0x7f032c846428
        0x7f032c9e578f
        0x55ec9c6a2490
]: 1
@preempt_stack[
        mono_g_hash_table_lookup_extended+126
        0x120000
        0x55ec9d50de48
        0x55ec9d50de48
        0x55ec9d50de48
        0x55ec9d50de48
        0x55ec9d50de48
        0x55ec9d50de48
        0x55ec9d50de48
        0x55ec9d50de48
        0x55ec9d50de48
        0x55ec9d50de48
        0x55ec9d50de48
        0x55ec9d50de48
        0x55ec9d50de48
        0x55ec9d50de48
        0x55ec9d50de48
        0x55ec9d50de48
        0x55ec9d50de48
        0x55ec9d50de48
        0x55ec9d50de48
        0x55ec9d50de48
        0x55ec9d50de48
        0x55ec9d50de48
        0x55ec9d50de48
        0x55ec9d50de48
        0x55ec9d50de48
        0x55ec9d50de48
        0x55ec9d50de48
        0x55ec9d50de48
        0x55ec9d50de48
        0x55ec9d50de48
        0x55ec9d50de48
        0x55ec9d50de48
        0x55ec9d50de48
        0x55ec9d50de48
        0x55ec9d50de48
        0x55ec9d50de48
        0x55ec9d50de48
        0x55ec9d50de48
        0x55ec9d50de48
        0x55ec9d50de48
        0x55ec9d50de48
        0x55ec9d50de48
        0x55ec9d50de48
        0x55ec9d50de48
        0x55ec9d50de48
        0x55ec9d50de48
        0x55ec9d50de48
        0x55ec9d50de48
        0x55ec9d50de48
        0x55ec9d50de48
        0x55ec9d50de48
        0x55ec9d50de48
        0x55ec9d50de48
        0x55ec9d50de48
        0x55ec9d50de48
        0x55ec9d50de48
        0x55ec9d50de48
        0x55ec9d50de48
        0x55ec9d50de48
        0x55ec9d50de48
        0x55ec9d50de48
        0x55ec9d50de48
        0x55ec9d50de48
        0x55ec9d50de48
        0x55ec9d50de48
        0x55ec9d50de48
        0x55ec9d50de48
        0x55ec9d50de48
        0x55ec9d50de48
        0x55ec9d50de48
        0x55ec9d50de48
        0x55ec9d50de48
        0x55ec9d50de48
        0x55ec9d50de48
        0x55ec9d50de48
        0x55ec9d50de48
        0x55ec9d50de48
        0x55ec9d50de48
        0x55ec9d50de48
        0x55ec9d50de48
        0x55ec9d50de48
        0x55ec9d50de48
        0x55ec9d50de48
        0x55ec9d50de48
        0x55ec9d50de48
        0x55ec9d50de48
        0x55ec9d50de48
        0x55ec9d50de48
        0x55ec9d50de48
        0x55ec9d50de48
        0x55ec9d50de48
        0x55ec9d50de48
        0x55ec9d50de48
        0x55ec9d50de48
        0x55ec9d50de48
        0x55ec9d50de48
        0x55ec9d50de48
        0x55ec9d50de48
        0x55ec9d50de48
        0x55ec9d50de48
        0x55ec9d50de48
        0x55ec9d50de48
        0x55ec9d50de48
        0x55ec9d50de48
        0x55ec9d50de48
        0x55ec9d50de48
        0x55ec9d50de48
        0x55ec9d50de48
        0x55ec9d50de48
        0x55ec9d50de48
        0x55ec9d50de48
        0x55ec9d50de48
        0x55ec9d50de48
        0x55ec9d50de48
        0x55ec9d50de48
        0x55ec9d50de48
        0x55ec9d50de48
        0x55ec9d50de48
        0x55ec9d50de48
        0x55ec9d50de48
        0x55ec9d50de48
        0x55ec9d50de48
        0x55ec9d50de48
        0x55ec9d50de48
        0x55ec9d50de48
]: 1
@preempt_stack[
        0x40bab584
        0x40c65ef4
        0x41d117df
        0x4168eed6
        0x4168a944
        0x7f032c846428
        0x7f032c9e578f
        0x55ec9c6a2490
]: 1
@preempt_stack[
        0x7f03ce107a19
]: 1
@preempt_stack[
        0x7f032c9e44f9
        0x120000
        0x55ec9d3323a0
        0x55ec9d3323a0
        0x55ec9d3323a0
        0x55ec9d3323a0
        0x55ec9d3323a0
        0x55ec9d3323a0
        0x55ec9d3323a0
        0x55ec9d3323a0
        0x55ec9d3323a0
        0x55ec9d3323a0
        0x55ec9d3323a0
        0x55ec9d3323a0
        0x55ec9d3323a0
        0x55ec9d3323a0
        0x55ec9d3323a0
        0x55ec9d3323a0
        0x55ec9d3323a0
        0x55ec9d3323a0
        0x55ec9d3323a0
        0x55ec9d3323a0
        0x55ec9d3323a0
        0x55ec9d3323a0
        0x55ec9d3323a0
        0x55ec9d3323a0
        0x55ec9d3323a0
        0x55ec9d3323a0
        0x55ec9d3323a0
        0x55ec9d3323a0
        0x55ec9d3323a0
        0x55ec9d3323a0
        0x55ec9d3323a0
        0x55ec9d3323a0
        0x55ec9d3323a0
        0x55ec9d3323a0
        0x55ec9d3323a0
        0x55ec9d3323a0
        0x55ec9d3323a0
        0x55ec9d3323a0
        0x55ec9d3323a0
        0x55ec9d3323a0
        0x55ec9d3323a0
        0x55ec9d3323a0
        0x55ec9d3323a0
        0x55ec9d3323a0
        0x55ec9d3323a0
        0x55ec9d3323a0
        0x55ec9d3323a0
        0x55ec9d3323a0
        0x55ec9d3323a0
        0x55ec9d3323a0
        0x55ec9d3323a0
        0x55ec9d3323a0
        0x55ec9d3323a0
        0x55ec9d3323a0
        0x55ec9d3323a0
        0x55ec9d3323a0
        0x55ec9d3323a0
        0x55ec9d3323a0
        0x55ec9d3323a0
        0x55ec9d3323a0
        0x55ec9d3323a0
        0x55ec9d3323a0
        0x55ec9d3323a0
        0x55ec9d3323a0
        0x55ec9d3323a0
        0x55ec9d3323a0
        0x55ec9d3323a0
        0x55ec9d3323a0
        0x55ec9d3323a0
        0x55ec9d3323a0
        0x55ec9d3323a0
        0x55ec9d3323a0
        0x55ec9d3323a0
        0x55ec9d3323a0
        0x55ec9d3323a0
        0x55ec9d3323a0
        0x55ec9d3323a0
        0x55ec9d3323a0
        0x55ec9d3323a0
        0x55ec9d3323a0
        0x55ec9d3323a0
        0x55ec9d3323a0
        0x55ec9d3323a0
        0x55ec9d3323a0
        0x55ec9d3323a0
        0x55ec9d3323a0
        0x55ec9d3323a0
        0x55ec9d3323a0
        0x55ec9d3323a0
        0x55ec9d3323a0
        0x55ec9d3323a0
        0x55ec9d3323a0
        0x55ec9d3323a0
        0x55ec9d3323a0
        0x55ec9d3323a0
        0x55ec9d3323a0
        0x55ec9d3323a0
        0x55ec9d3323a0
        0x55ec9d3323a0
        0x55ec9d3323a0
        0x55ec9d3323a0
        0x55ec9d3323a0
        0x55ec9d3323a0
        0x55ec9d3323a0
        0x55ec9d3323a0
        0x55ec9d3323a0
        0x55ec9d3323a0
        0x55ec9d3323a0
        0x55ec9d3323a0
        0x55ec9d3323a0
        0x55ec9d3323a0
        0x55ec9d3323a0
        0x55ec9d3323a0
        0x55ec9d3323a0
        0x55ec9d3323a0
        0x55ec9d3323a0
        0x55ec9d3323a0
        0x55ec9d3323a0
        0x55ec9d3323a0
        0x55ec9d3323a0
        0x55ec9d3323a0
        0x55ec9d3323a0
        0x55ec9d3323a0
        0x55ec9d3323a0
        0x55ec9d3323a0
]: 1
@preempt_stack[
        0x7f03ce109401
]: 1
@preempt_stack[
        0x7f03ce2d8002
        0xf8f
]: 1
@preempt_stack[
        0x7f03cdf05c54
]: 1
@preempt_stack[
        0x7f032c9e44f9
        0x120000
        0x55ec9de161a8
        0x55ec9de161a8
        0x55ec9de161a8
        0x55ec9de161a8
        0x55ec9de161a8
        0x55ec9de161a8
        0x55ec9de161a8
        0x55ec9de161a8
        0x55ec9de161a8
        0x55ec9de161a8
        0x55ec9de161a8
        0x55ec9de161a8
        0x55ec9de161a8
        0x55ec9de161a8
        0x55ec9de161a8
        0x55ec9de161a8
        0x55ec9de161a8
        0x55ec9de161a8
        0x55ec9de161a8
        0x55ec9de161a8
        0x55ec9de161a8
        0x55ec9de161a8
        0x55ec9de161a8
        0x55ec9de161a8
        0x55ec9de161a8
        0x55ec9de161a8
        0x55ec9de161a8
        0x55ec9de161a8
        0x55ec9de161a8
        0x55ec9de161a8
        0x55ec9de161a8
        0x55ec9de161a8
        0x55ec9de161a8
        0x55ec9de161a8
        0x55ec9de161a8
        0x55ec9de161a8
        0x55ec9de161a8
        0x55ec9de161a8
        0x55ec9de161a8
        0x55ec9de161a8
        0x55ec9de161a8
        0x55ec9de161a8
        0x55ec9de161a8
        0x55ec9de161a8
        0x55ec9de161a8
        0x55ec9de161a8
        0x55ec9de161a8
        0x55ec9de161a8
        0x55ec9de161a8
        0x55ec9de161a8
        0x55ec9de161a8
        0x55ec9de161a8
        0x55ec9de161a8
        0x55ec9de161a8
        0x55ec9de161a8
        0x55ec9de161a8
        0x55ec9de161a8
        0x55ec9de161a8
        0x55ec9de161a8
        0x55ec9de161a8
        0x55ec9de161a8
        0x55ec9de161a8
        0x55ec9de161a8
        0x55ec9de161a8
        0x55ec9de161a8
        0x55ec9de161a8
        0x55ec9de161a8
        0x55ec9de161a8
        0x55ec9de161a8
        0x55ec9de161a8
        0x55ec9de161a8
        0x55ec9de161a8
        0x55ec9de161a8
        0x55ec9de161a8
        0x55ec9de161a8
        0x55ec9de161a8
        0x55ec9de161a8
        0x55ec9de161a8
        0x55ec9de161a8
        0x55ec9de161a8
        0x55ec9de161a8
        0x55ec9de161a8
        0x55ec9de161a8
        0x55ec9de161a8
        0x55ec9de161a8
        0x55ec9de161a8
        0x55ec9de161a8
        0x55ec9de161a8
        0x55ec9de161a8
        0x55ec9de161a8
        0x55ec9de161a8
        0x55ec9de161a8
        0x55ec9de161a8
        0x55ec9de161a8
        0x55ec9de161a8
        0x55ec9de161a8
        0x55ec9de161a8
        0x55ec9de161a8
        0x55ec9de161a8
        0x55ec9de161a8
        0x55ec9de161a8
        0x55ec9de161a8
        0x55ec9de161a8
        0x55ec9de161a8
        0x55ec9de161a8
        0x55ec9de161a8
        0x55ec9de161a8
        0x55ec9de161a8
        0x55ec9de161a8
        0x55ec9de161a8
        0x55ec9de161a8
        0x55ec9de161a8
        0x55ec9de161a8
        0x55ec9de161a8
        0x55ec9de161a8
        0x55ec9de161a8
        0x55ec9de161a8
        0x55ec9de161a8
        0x55ec9de161a8
        0x55ec9de161a8
        0x55ec9de161a8
        0x55ec9de161a8
        0x55ec9de161a8
        0x55ec9de161a8
        0x55ec9de161a8
]: 1
@preempt_stack[
        0x7f03ce2c6076
        0x7f03932b9c00
]: 1
@preempt_stack[
        0x418c6d8d
        0x417918dc
        0x416f5368
        0x41a0c934
        0x40bcc7a6
        0x7f032c846428
        0x7f032c9e578f
        0x55ec9c6a2490
]: 1
@preempt_stack[
        0x40c65e94
        0x4168eed6
        0x4168a944
        0x7f032c846428
        0x7f032c9e578f
        0x55ec9c6a2490
]: 1
@preempt_stack[
        0x7f03cdc76c96
]: 1
@preempt_stack[
        atanf32+70
]: 1
@preempt_stack[
        0x7f03cdf015ec
        0xd05
]: 1
@preempt_stack[
        0x7f03ce3513be
]: 1
@preempt_stack[
        0x7f01c397c232
        0
]: 1
@preempt_stack[
        0x7f03cdf073e6
        0x36207265
]: 1
@preempt_stack[
        0x7f03ce2d309a
        0xec10ec40ec2
]: 1
@preempt_stack[
        0x7f03ce2c6add
        0x7f030000043c
        0
]: 1
@preempt_stack[
        0x7f03ce31be36
        0x248
]: 1
@preempt_stack[
        0x416e58c0
        0x416f5368
        0x41a0c934
        0x40bcc7a6
        0x7f032c846428
        0x7f032c9e578f
        0x55ec9c6a2490
]: 1
@preempt_stack[
        0x7f032c9cb8e0
        0x130000
        0
        0
        0x55ec9f35b630
]: 1
@preempt_stack[
        mono_metadata_type_equal+0
]: 1
@preempt_stack[
        0x7f03cdf073e0
        0x31207265
]: 1
@preempt_stack[
        0x7f03ce310bd1
        0x7f0391cb8840
]: 1
@preempt_stack[
        0x7f03ce34faeb
        0x20
]: 1
@preempt_stack[
        mono_metadata_type_hash+106
        0x110000
        0x55ec9fec5640
        0x55ec9fec5640
        0x55ec9fec5640
        0x55ec9fec5640
        0x55ec9fec5640
        0x55ec9fec5640
        0x55ec9fec5640
        0x55ec9fec5640
        0x55ec9fec5640
        0x55ec9fec5640
        0x55ec9fec5640
        0x55ec9fec5640
        0x55ec9fec5640
        0x55ec9fec5640
        0x55ec9fec5640
        0x55ec9fec5640
        0x55ec9fec5640
        0x55ec9fec5640
        0x55ec9fec5640
        0x55ec9fec5640
        0x55ec9fec5640
        0x55ec9fec5640
        0x55ec9fec5640
        0x55ec9fec5640
        0x55ec9fec5640
        0x55ec9fec5640
        0x55ec9fec5640
        0x55ec9fec5640
        0x55ec9fec5640
        0x55ec9fec5640
        0x55ec9fec5640
        0x55ec9fec5640
        0x55ec9fec5640
        0x55ec9fec5640
        0x55ec9fec5640
        0x55ec9fec5640
        0x55ec9fec5640
        0x55ec9fec5640
        0x55ec9fec5640
        0x55ec9fec5640
        0x55ec9fec5640
        0x55ec9fec5640
        0x55ec9fec5640
        0x55ec9fec5640
        0x55ec9fec5640
        0x55ec9fec5640
        0x55ec9fec5640
        0x55ec9fec5640
        0x55ec9fec5640
        0x55ec9fec5640
        0x55ec9fec5640
        0x55ec9fec5640
        0x55ec9fec5640
        0x55ec9fec5640
        0x55ec9fec5640
        0x55ec9fec5640
        0x55ec9fec5640
        0x55ec9fec5640
        0x55ec9fec5640
        0x55ec9fec5640
        0x55ec9fec5640
        0x55ec9fec5640
        0x55ec9fec5640
        0x55ec9fec5640
        0x55ec9fec5640
        0x55ec9fec5640
        0x55ec9fec5640
        0x55ec9fec5640
        0x55ec9fec5640
        0x55ec9fec5640
        0x55ec9fec5640
        0x55ec9fec5640
        0x55ec9fec5640
        0x55ec9fec5640
        0x55ec9fec5640
        0x55ec9fec5640
        0x55ec9fec5640
        0x55ec9fec5640
        0x55ec9fec5640
        0x55ec9fec5640
        0x55ec9fec5640
        0x55ec9fec5640
        0x55ec9fec5640
        0x55ec9fec5640
        0x55ec9fec5640
        0x55ec9fec5640
        0x55ec9fec5640
        0x55ec9fec5640
        0x55ec9fec5640
        0x55ec9fec5640
        0x55ec9fec5640
        0x55ec9fec5640
        0x55ec9fec5640
        0x55ec9fec5640
        0x55ec9fec5640
        0x55ec9fec5640
        0x55ec9fec5640
        0x55ec9fec5640
        0x55ec9fec5640
        0x55ec9fec5640
        0x55ec9fec5640
        0x55ec9fec5640
        0x55ec9fec5640
        0x55ec9fec5640
        0x55ec9fec5640
        0x55ec9fec5640
        0x55ec9fec5640
        0x55ec9fec5640
        0x55ec9fec5640
        0x55ec9fec5640
        0x55ec9fec5640
        0x55ec9fec5640
        0x55ec9fec5640
        0x55ec9fec5640
        0x55ec9fec5640
        0x55ec9fec5640
        0x55ec9fec5640
        0x55ec9fec5640
        0x55ec9fec5640
        0x55ec9fec5640
        0x55ec9fec5640
        0x55ec9fec5640
        0x55ec9fec5640
        0x55ec9fec5640
        0x55ec9fec5640
]: 1
@preempt_stack[
        0x7f03ce2f3321
        0
]: 1
@preempt_stack[
        0x7f032c9cb77a
        0x120000
        0x55ec9f35cdb0
        0x55ec9f35cdb0
        0x55ec9f35cdb0
        0x55ec9f35cdb0
        0x55ec9f35cdb0
        0x55ec9f35cdb0
        0x55ec9f35cdb0
        0x55ec9f35cdb0
        0x55ec9f35cdb0
        0x55ec9f35cdb0
        0x55ec9f35cdb0
        0x55ec9f35cdb0
        0x55ec9f35cdb0
        0x55ec9f35cdb0
        0x55ec9f35cdb0
        0x55ec9f35cdb0
        0x55ec9f35cdb0
        0x55ec9f35cdb0
        0x55ec9f35cdb0
        0x55ec9f35cdb0
        0x55ec9f35cdb0
        0x55ec9f35cdb0
        0x55ec9f35cdb0
        0x55ec9f35cdb0
        0x55ec9f35cdb0
        0x55ec9f35cdb0
        0x55ec9f35cdb0
        0x55ec9f35cdb0
        0x55ec9f35cdb0
        0x55ec9f35cdb0
        0x55ec9f35cdb0
        0x55ec9f35cdb0
        0x55ec9f35cdb0
        0x55ec9f35cdb0
        0x55ec9f35cdb0
        0x55ec9f35cdb0
        0x55ec9f35cdb0
        0x55ec9f35cdb0
        0x55ec9f35cdb0
        0x55ec9f35cdb0
        0x55ec9f35cdb0
        0x55ec9f35cdb0
        0x55ec9f35cdb0
        0x55ec9f35cdb0
        0x55ec9f35cdb0
        0x55ec9f35cdb0
        0x55ec9f35cdb0
        0x55ec9f35cdb0
        0x55ec9f35cdb0
        0x55ec9f35cdb0
        0x55ec9f35cdb0
        0x55ec9f35cdb0
        0x55ec9f35cdb0
        0x55ec9f35cdb0
        0x55ec9f35cdb0
        0x55ec9f35cdb0
        0x55ec9f35cdb0
        0x55ec9f35cdb0
        0x55ec9f35cdb0
        0x55ec9f35cdb0
        0x55ec9f35cdb0
        0x55ec9f35cdb0
        0x55ec9f35cdb0
        0x55ec9f35cdb0
        0x55ec9f35cdb0
        0x55ec9f35cdb0
        0x55ec9f35cdb0
        0x55ec9f35cdb0
        0x55ec9f35cdb0
        0x55ec9f35cdb0
        0x55ec9f35cdb0
        0x55ec9f35cdb0
        0x55ec9f35cdb0
        0x55ec9f35cdb0
        0x55ec9f35cdb0
        0x55ec9f35cdb0
        0x55ec9f35cdb0
        0x55ec9f35cdb0
        0x55ec9f35cdb0
        0x55ec9f35cdb0
        0x55ec9f35cdb0
        0x55ec9f35cdb0
        0x55ec9f35cdb0
        0x55ec9f35cdb0
        0x55ec9f35cdb0
        0x55ec9f35cdb0
        0x55ec9f35cdb0
        0x55ec9f35cdb0
        0x55ec9f35cdb0
        0x55ec9f35cdb0
        0x55ec9f35cdb0
        0x55ec9f35cdb0
        0x55ec9f35cdb0
        0x55ec9f35cdb0
        0x55ec9f35cdb0
        0x55ec9f35cdb0
        0x55ec9f35cdb0
        0x55ec9f35cdb0
        0x55ec9f35cdb0
        0x55ec9f35cdb0
        0x55ec9f35cdb0
        0x55ec9f35cdb0
        0x55ec9f35cdb0
        0x55ec9f35cdb0
        0x55ec9f35cdb0
        0x55ec9f35cdb0
        0x55ec9f35cdb0
        0x55ec9f35cdb0
        0x55ec9f35cdb0
        0x55ec9f35cdb0
        0x55ec9f35cdb0
        0x55ec9f35cdb0
        0x55ec9f35cdb0
        0x55ec9f35cdb0
        0x55ec9f35cdb0
        0x55ec9f35cdb0
        0x55ec9f35cdb0
        0x55ec9f35cdb0
        0x55ec9f35cdb0
        0x55ec9f35cdb0
        0x55ec9f35cdb0
        0x55ec9f35cdb0
        0x55ec9f35cdb0
        0x55ec9f35cdb0
        0x55ec9f35cdb0
]: 1
@preempt_stack[
        0x7f03ce10837d
        0x7f03936cf6a8
        0x7f03ce313b40
        0xbe76058d48fc8949
]: 1
@preempt_stack[
        0x4193736a
]: 1
@preempt_stack[
        0x7f03cee8c432
]: 1
@preempt_stack[
        0x7f03ce317f60
]: 1
@preempt_stack[
        0x7f032c9cb5b8
        0x1
        0
        0x55ec9c680a20
]: 1
@preempt_stack[
        0x7f03ce2d3667
        0x54105440542
]: 1
@preempt_stack[
        0x7f03cdf0594c
        0xb4b
]: 1
@preempt_stack[
        0x7f03cecdbdcc
]: 1
@preempt_stack[
        0x7f032c9cb8ed
]: 1
@preempt_stack[
        0x7f032c9cb778
        0x120000
        0x55ec9de11ce0
        0x55ec9de11ce0
        0x55ec9de11ce0
        0x55ec9de11ce0
        0x55ec9de11ce0
        0x55ec9de11ce0
        0x55ec9de11ce0
        0x55ec9de11ce0
        0x55ec9de11ce0
        0x55ec9de11ce0
        0x55ec9de11ce0
        0x55ec9de11ce0
        0x55ec9de11ce0
        0x55ec9de11ce0
        0x55ec9de11ce0
        0x55ec9de11ce0
        0x55ec9de11ce0
        0x55ec9de11ce0
        0x55ec9de11ce0
        0x55ec9de11ce0
        0x55ec9de11ce0
        0x55ec9de11ce0
        0x55ec9de11ce0
        0x55ec9de11ce0
        0x55ec9de11ce0
        0x55ec9de11ce0
        0x55ec9de11ce0
        0x55ec9de11ce0
        0x55ec9de11ce0
        0x55ec9de11ce0
        0x55ec9de11ce0
        0x55ec9de11ce0
        0x55ec9de11ce0
        0x55ec9de11ce0
        0x55ec9de11ce0
        0x55ec9de11ce0
        0x55ec9de11ce0
        0x55ec9de11ce0
        0x55ec9de11ce0
        0x55ec9de11ce0
        0x55ec9de11ce0
        0x55ec9de11ce0
        0x55ec9de11ce0
        0x55ec9de11ce0
        0x55ec9de11ce0
        0x55ec9de11ce0
        0x55ec9de11ce0
        0x55ec9de11ce0
        0x55ec9de11ce0
        0x55ec9de11ce0
        0x55ec9de11ce0
        0x55ec9de11ce0
        0x55ec9de11ce0
        0x55ec9de11ce0
        0x55ec9de11ce0
        0x55ec9de11ce0
        0x55ec9de11ce0
        0x55ec9de11ce0
        0x55ec9de11ce0
        0x55ec9de11ce0
        0x55ec9de11ce0
        0x55ec9de11ce0
        0x55ec9de11ce0
        0x55ec9de11ce0
        0x55ec9de11ce0
        0x55ec9de11ce0
        0x55ec9de11ce0
        0x55ec9de11ce0
        0x55ec9de11ce0
        0x55ec9de11ce0
        0x55ec9de11ce0
        0x55ec9de11ce0
        0x55ec9de11ce0
        0x55ec9de11ce0
        0x55ec9de11ce0
        0x55ec9de11ce0
        0x55ec9de11ce0
        0x55ec9de11ce0
        0x55ec9de11ce0
        0x55ec9de11ce0
        0x55ec9de11ce0
        0x55ec9de11ce0
        0x55ec9de11ce0
        0x55ec9de11ce0
        0x55ec9de11ce0
        0x55ec9de11ce0
        0x55ec9de11ce0
        0x55ec9de11ce0
        0x55ec9de11ce0
        0x55ec9de11ce0
        0x55ec9de11ce0
        0x55ec9de11ce0
        0x55ec9de11ce0
        0x55ec9de11ce0
        0x55ec9de11ce0
        0x55ec9de11ce0
        0x55ec9de11ce0
        0x55ec9de11ce0
        0x55ec9de11ce0
        0x55ec9de11ce0
        0x55ec9de11ce0
        0x55ec9de11ce0
        0x55ec9de11ce0
        0x55ec9de11ce0
        0x55ec9de11ce0
        0x55ec9de11ce0
        0x55ec9de11ce0
        0x55ec9de11ce0
        0x55ec9de11ce0
        0x55ec9de11ce0
        0x55ec9de11ce0
        0x55ec9de11ce0
        0x55ec9de11ce0
        0x55ec9de11ce0
        0x55ec9de11ce0
        0x55ec9de11ce0
        0x55ec9de11ce0
        0x55ec9de11ce0
        0x55ec9de11ce0
        0x55ec9de11ce0
        0x55ec9de11ce0
        0x55ec9de11ce0
        0x55ec9de11ce0
        0x55ec9de11ce0
        0x55ec9de11ce0
]: 1
@preempt_stack[
        0x7f03ce34632f
]: 1
@preempt_stack[
        0x7f032c9dcfa3
        0x120000
        0x55ec9d5683a0
        0x55ec9d5683a0
        0x55ec9d5683a0
        0x55ec9d5683a0
        0x55ec9d5683a0
        0x55ec9d5683a0
        0x55ec9d5683a0
        0x55ec9d5683a0
        0x55ec9d5683a0
        0x55ec9d5683a0
        0x55ec9d5683a0
        0x55ec9d5683a0
        0x55ec9d5683a0
        0x55ec9d5683a0
        0x55ec9d5683a0
        0x55ec9d5683a0
        0x55ec9d5683a0
        0x55ec9d5683a0
        0x55ec9d5683a0
        0x55ec9d5683a0
        0x55ec9d5683a0
        0x55ec9d5683a0
        0x55ec9d5683a0
        0x55ec9d5683a0
        0x55ec9d5683a0
        0x55ec9d5683a0
        0x55ec9d5683a0
        0x55ec9d5683a0
        0x55ec9d5683a0
        0x55ec9d5683a0
        0x55ec9d5683a0
        0x55ec9d5683a0
        0x55ec9d5683a0
        0x55ec9d5683a0
        0x55ec9d5683a0
        0x55ec9d5683a0
        0x55ec9d5683a0
        0x55ec9d5683a0
        0x55ec9d5683a0
        0x55ec9d5683a0
        0x55ec9d5683a0
        0x55ec9d5683a0
        0x55ec9d5683a0
        0x55ec9d5683a0
        0x55ec9d5683a0
        0x55ec9d5683a0
        0x55ec9d5683a0
        0x55ec9d5683a0
        0x55ec9d5683a0
        0x55ec9d5683a0
        0x55ec9d5683a0
        0x55ec9d5683a0
        0x55ec9d5683a0
        0x55ec9d5683a0
        0x55ec9d5683a0
        0x55ec9d5683a0
        0x55ec9d5683a0
        0x55ec9d5683a0
        0x55ec9d5683a0
        0x55ec9d5683a0
        0x55ec9d5683a0
        0x55ec9d5683a0
        0x55ec9d5683a0
        0x55ec9d5683a0
        0x55ec9d5683a0
        0x55ec9d5683a0
        0x55ec9d5683a0
        0x55ec9d5683a0
        0x55ec9d5683a0
        0x55ec9d5683a0
        0x55ec9d5683a0
        0x55ec9d5683a0
        0x55ec9d5683a0
        0x55ec9d5683a0
        0x55ec9d5683a0
        0x55ec9d5683a0
        0x55ec9d5683a0
        0x55ec9d5683a0
        0x55ec9d5683a0
        0x55ec9d5683a0
        0x55ec9d5683a0
        0x55ec9d5683a0
        0x55ec9d5683a0
        0x55ec9d5683a0
        0x55ec9d5683a0
        0x55ec9d5683a0
        0x55ec9d5683a0
        0x55ec9d5683a0
        0x55ec9d5683a0
        0x55ec9d5683a0
        0x55ec9d5683a0
        0x55ec9d5683a0
        0x55ec9d5683a0
        0x55ec9d5683a0
        0x55ec9d5683a0
        0x55ec9d5683a0
        0x55ec9d5683a0
        0x55ec9d5683a0
        0x55ec9d5683a0
        0x55ec9d5683a0
        0x55ec9d5683a0
        0x55ec9d5683a0
        0x55ec9d5683a0
        0x55ec9d5683a0
        0x55ec9d5683a0
        0x55ec9d5683a0
        0x55ec9d5683a0
        0x55ec9d5683a0
        0x55ec9d5683a0
        0x55ec9d5683a0
        0x55ec9d5683a0
        0x55ec9d5683a0
        0x55ec9d5683a0
        0x55ec9d5683a0
        0x55ec9d5683a0
        0x55ec9d5683a0
        0x55ec9d5683a0
        0x55ec9d5683a0
        0x55ec9d5683a0
        0x55ec9d5683a0
        0x55ec9d5683a0
        0x55ec9d5683a0
        0x55ec9d5683a0
        0x55ec9d5683a0
        0x55ec9d5683a0
]: 1
@preempt_stack[
        0x7f03ce351789
]: 1
@preempt_stack[
        0x7f03cdf076a5
        0x7f03906fa040
        0
]: 1
@preempt_stack[
        0x7f03cd0a9847
        0xdc00088000007f01
]: 1
@preempt_stack[
        0x7f03ce929536
        0x7f03935dad30
]: 1
@preempt_stack[
        0x7f03ceba5508
]: 1
@preempt_stack[
        0x7f03ce34ed53
]: 1
@preempt_stack[
        0x7f03cdf075e7
        0
]: 1
@preempt_stack[
        0x7f032c9abb17
        0
        0
        0x55ec9c6685d8
        0x55ec9c6685d8
        0x55ec9c6685d8
        0x55ec9c6685d8
        0x55ec9c6685d8
        0x55ec9c6685d8
        0x55ec9c6685d8
        0x55ec9c6685d8
        0x55ec9c6685d8
        0x55ec9c6685d8
        0x55ec9c6685d8
        0x55ec9c6685d8
        0x55ec9c6685d8
        0x55ec9c6685d8
        0x55ec9c6685d8
        0x55ec9c6685d8
        0x55ec9c6685d8
        0x55ec9c6685d8
        0x55ec9c6685d8
        0x55ec9c6685d8
        0x55ec9c6685d8
        0x55ec9c6685d8
        0x55ec9c6685d8
        0x55ec9c6685d8
        0x55ec9c6685d8
        0x55ec9c6685d8
        0x55ec9c6685d8
        0x55ec9c6685d8
        0x55ec9c6685d8
        0x55ec9c6685d8
        0x55ec9c6685d8
        0x55ec9c6685d8
        0x55ec9c6685d8
        0x55ec9c6685d8
        0x55ec9c6685d8
        0x55ec9c6685d8
        0x55ec9c6685d8
        0x55ec9c6685d8
        0x55ec9c6685d8
        0x55ec9c6685d8
        0x55ec9c6685d8
        0x55ec9c6685d8
        0x55ec9c6685d8
        0x55ec9c6685d8
        0x55ec9c6685d8
        0x55ec9c6685d8
        0x55ec9c6685d8
        0x55ec9c6685d8
        0x55ec9c6685d8
        0x55ec9c6685d8
        0x55ec9c6685d8
        0x55ec9c6685d8
        0x55ec9c6685d8
        0x55ec9c6685d8
        0x55ec9c6685d8
        0x55ec9c6685d8
        0x55ec9c6685d8
        0x55ec9c6685d8
        0x55ec9c6685d8
        0x55ec9c6685d8
        0x55ec9c6685d8
        0x55ec9c6685d8
        0x55ec9c6685d8
        0x55ec9c6685d8
        0x55ec9c6685d8
        0x55ec9c6685d8
        0x55ec9c6685d8
        0x55ec9c6685d8
        0x55ec9c6685d8
        0x55ec9c6685d8
        0x55ec9c6685d8
        0x55ec9c6685d8
        0x55ec9c6685d8
        0x55ec9c6685d8
        0x55ec9c6685d8
        0x55ec9c6685d8
        0x55ec9c6685d8
        0x55ec9c6685d8
        0x55ec9c6685d8
        0x55ec9c6685d8
        0x55ec9c6685d8
        0x55ec9c6685d8
        0x55ec9c6685d8
        0x55ec9c6685d8
        0x55ec9c6685d8
        0x55ec9c6685d8
        0x55ec9c6685d8
        0x55ec9c6685d8
        0x55ec9c6685d8
        0x55ec9c6685d8
        0x55ec9c6685d8
        0x55ec9c6685d8
        0x55ec9c6685d8
        0x55ec9c6685d8
        0x55ec9c6685d8
        0x55ec9c6685d8
        0x55ec9c6685d8
        0x55ec9c6685d8
        0x55ec9c6685d8
        0x55ec9c6685d8
        0x55ec9c6685d8
        0x55ec9c6685d8
        0x55ec9c6685d8
        0x55ec9c6685d8
        0x55ec9c6685d8
        0x55ec9c6685d8
        0x55ec9c6685d8
        0x55ec9c6685d8
        0x55ec9c6685d8
        0x55ec9c6685d8
        0x55ec9c6685d8
        0x55ec9c6685d8
        0x55ec9c6685d8
        0x55ec9c6685d8
        0x55ec9c6685d8
        0x55ec9c6685d8
        0x55ec9c6685d8
        0x55ec9c6685d8
        0x55ec9c6685d8
        0x55ec9c6685d8
        0x55ec9c6685d8
        0x55ec9c6685d8
        0x55ec9c6685d8
        0x55ec9c6685d8
]: 1
@preempt_stack[
        0x7f03ce34b2d1
        0x2eaf0cdb28aa9316
]: 1
@preempt_stack[
        0x7f03ce10947e
]: 1
@preempt_stack[
        0x7f03ce34b04e
        0x3f8000003f800000
]: 1
@preempt_stack[
        0x7f03cebb6664
]: 1
@preempt_stack[
        0x7f03ce33fe9b
]: 1
@preempt_stack[
        0x7f03ce340472
]: 1
@preempt_stack[
        0x40ccff8d
        0x416f5368
        0x41a0c934
        0x40bcc7a6
        0x7f032c846428
        0x7f032c9e578f
        0x55ec9c6a2490
]: 1
@preempt_stack[
        0x7f03ce2d309a
        0
]: 1
@preempt_stack[
        0x7f03ceba5982
]: 1
@preempt_stack[
        0x7f032c9ce4d8
        0x55ec9f299308
        0x55ec9f299308
        0x55ec9f299308
        0x55ec9f299308
        0x55ec9f299308
        0x55ec9f299308
        0x55ec9f299308
        0x55ec9f299308
        0x55ec9f299308
        0x55ec9f299308
        0x55ec9f299308
        0x55ec9f299308
        0x55ec9f299308
        0x55ec9f299308
        0x55ec9f299308
        0x55ec9f299308
        0x55ec9f299308
        0x55ec9f299308
        0x55ec9f299308
        0x55ec9f299308
        0x55ec9f299308
        0x55ec9f299308
        0x55ec9f299308
        0x55ec9f299308
        0x55ec9f299308
        0x55ec9f299308
        0x55ec9f299308
        0x55ec9f299308
        0x55ec9f299308
        0x55ec9f299308
        0x55ec9f299308
        0x55ec9f299308
        0x55ec9f299308
        0x55ec9f299308
        0x55ec9f299308
        0x55ec9f299308
        0x55ec9f299308
        0x55ec9f299308
        0x55ec9f299308
        0x55ec9f299308
        0x55ec9f299308
        0x55ec9f299308
        0x55ec9f299308
        0x55ec9f299308
        0x55ec9f299308
        0x55ec9f299308
        0x55ec9f299308
        0x55ec9f299308
        0x55ec9f299308
        0x55ec9f299308
        0x55ec9f299308
        0x55ec9f299308
        0x55ec9f299308
        0x55ec9f299308
        0x55ec9f299308
        0x55ec9f299308
        0x55ec9f299308
        0x55ec9f299308
        0x55ec9f299308
        0x55ec9f299308
        0x55ec9f299308
        0x55ec9f299308
        0x55ec9f299308
        0x55ec9f299308
        0x55ec9f299308
        0x55ec9f299308
        0x55ec9f299308
        0x55ec9f299308
        0x55ec9f299308
        0x55ec9f299308
        0x55ec9f299308
        0x55ec9f299308
        0x55ec9f299308
        0x55ec9f299308
        0x55ec9f299308
        0x55ec9f299308
        0x55ec9f299308
        0x55ec9f299308
        0x55ec9f299308
        0x55ec9f299308
        0x55ec9f299308
        0x55ec9f299308
        0x55ec9f299308
        0x55ec9f299308
        0x55ec9f299308
        0x55ec9f299308
        0x55ec9f299308
        0x55ec9f299308
        0x55ec9f299308
        0x55ec9f299308
        0x55ec9f299308
        0x55ec9f299308
        0x55ec9f299308
        0x55ec9f299308
        0x55ec9f299308
        0x55ec9f299308
        0x55ec9f299308
        0x55ec9f299308
        0x55ec9f299308
        0x55ec9f299308
        0x55ec9f299308
        0x55ec9f299308
        0x55ec9f299308
        0x55ec9f299308
        0x55ec9f299308
        0x55ec9f299308
        0x55ec9f299308
        0x55ec9f299308
        0x55ec9f299308
        0x55ec9f299308
        0x55ec9f299308
        0x55ec9f299308
        0x55ec9f299308
        0x55ec9f299308
        0x55ec9f299308
        0x55ec9f299308
        0x55ec9f299308
        0x55ec9f299308
        0x55ec9f299308
        0x55ec9f299308
        0x55ec9f299308
        0x55ec9f299308
        0x55ec9f299308
        0x55ec9f299308
        0x55ec9f299308
        0x55ec9f299308
]: 1
@preempt_stack[
        0x7f032c9cb5b8
        0
        0
        0x55ec9d0f9a70
]: 1
@preempt_stack[
        0x7f03ce2d373c
]: 1
@preempt_stack[
        0x7f032c997efe
]: 1
@preempt_stack[
        0x7f03ce310a4c
        0
]: 1
@preempt_stack[
        0x7f03cebb6578
]: 1
@preempt_stack[
        0x7f03ce1084da
]: 1
@preempt_stack[
        0x7f03cdccae92
        0
]: 1
@preempt_stack[
        0x7f03cee3a782
        0x7f0390c608d0
]: 1
@preempt_stack[
        0x7f032c9ce4d8
        0x55ec9c67b7a0
        0x55ec9c67b7a0
        0x55ec9c67b7a0
        0x55ec9c67b7a0
        0x55ec9c67b7a0
        0x55ec9c67b7a0
        0x55ec9c67b7a0
        0x55ec9c67b7a0
        0x55ec9c67b7a0
        0x55ec9c67b7a0
        0x55ec9c67b7a0
        0x55ec9c67b7a0
        0x55ec9c67b7a0
        0x55ec9c67b7a0
        0x55ec9c67b7a0
        0x55ec9c67b7a0
        0x55ec9c67b7a0
        0x55ec9c67b7a0
        0x55ec9c67b7a0
        0x55ec9c67b7a0
        0x55ec9c67b7a0
        0x55ec9c67b7a0
        0x55ec9c67b7a0
        0x55ec9c67b7a0
        0x55ec9c67b7a0
        0x55ec9c67b7a0
        0x55ec9c67b7a0
        0x55ec9c67b7a0
        0x55ec9c67b7a0
        0x55ec9c67b7a0
        0x55ec9c67b7a0
        0x55ec9c67b7a0
        0x55ec9c67b7a0
        0x55ec9c67b7a0
        0x55ec9c67b7a0
        0x55ec9c67b7a0
        0x55ec9c67b7a0
        0x55ec9c67b7a0
        0x55ec9c67b7a0
        0x55ec9c67b7a0
        0x55ec9c67b7a0
        0x55ec9c67b7a0
        0x55ec9c67b7a0
        0x55ec9c67b7a0
        0x55ec9c67b7a0
        0x55ec9c67b7a0
        0x55ec9c67b7a0
        0x55ec9c67b7a0
        0x55ec9c67b7a0
        0x55ec9c67b7a0
        0x55ec9c67b7a0
        0x55ec9c67b7a0
        0x55ec9c67b7a0
        0x55ec9c67b7a0
        0x55ec9c67b7a0
        0x55ec9c67b7a0
        0x55ec9c67b7a0
        0x55ec9c67b7a0
        0x55ec9c67b7a0
        0x55ec9c67b7a0
        0x55ec9c67b7a0
        0x55ec9c67b7a0
        0x55ec9c67b7a0
        0x55ec9c67b7a0
        0x55ec9c67b7a0
        0x55ec9c67b7a0
        0x55ec9c67b7a0
        0x55ec9c67b7a0
        0x55ec9c67b7a0
        0x55ec9c67b7a0
        0x55ec9c67b7a0
        0x55ec9c67b7a0
        0x55ec9c67b7a0
        0x55ec9c67b7a0
        0x55ec9c67b7a0
        0x55ec9c67b7a0
        0x55ec9c67b7a0
        0x55ec9c67b7a0
        0x55ec9c67b7a0
        0x55ec9c67b7a0
        0x55ec9c67b7a0
        0x55ec9c67b7a0
        0x55ec9c67b7a0
        0x55ec9c67b7a0
        0x55ec9c67b7a0
        0x55ec9c67b7a0
        0x55ec9c67b7a0
        0x55ec9c67b7a0
        0x55ec9c67b7a0
        0x55ec9c67b7a0
        0x55ec9c67b7a0
        0x55ec9c67b7a0
        0x55ec9c67b7a0
        0x55ec9c67b7a0
        0x55ec9c67b7a0
        0x55ec9c67b7a0
        0x55ec9c67b7a0
        0x55ec9c67b7a0
        0x55ec9c67b7a0
        0x55ec9c67b7a0
        0x55ec9c67b7a0
        0x55ec9c67b7a0
        0x55ec9c67b7a0
        0x55ec9c67b7a0
        0x55ec9c67b7a0
        0x55ec9c67b7a0
        0x55ec9c67b7a0
        0x55ec9c67b7a0
        0x55ec9c67b7a0
        0x55ec9c67b7a0
        0x55ec9c67b7a0
        0x55ec9c67b7a0
        0x55ec9c67b7a0
        0x55ec9c67b7a0
        0x55ec9c67b7a0
        0x55ec9c67b7a0
        0x55ec9c67b7a0
        0x55ec9c67b7a0
        0x55ec9c67b7a0
        0x55ec9c67b7a0
        0x55ec9c67b7a0
        0x55ec9c67b7a0
        0x55ec9c67b7a0
        0x55ec9c67b7a0
        0x55ec9c67b7a0
        0x55ec9c67b7a0
]: 1
@preempt_stack[
        0x7f03cd1b80dd
        0x3f8000003f800000
]: 1
@preempt_stack[
        0x7f03cd0a9521
]: 1
@preempt_stack[
        0x7f032c9cb610
        0
        0
        0x55ec9e2dd4b0
]: 1
@preempt_stack[
        0x7f032c9e24bd
        0
]: 1
@preempt_stack[
        pthread_mutex_trylock+909
        0x120000
        0x55ec9f1da730
        0x55ec9f1da730
        0x55ec9f1da730
        0x55ec9f1da730
        0x55ec9f1da730
        0x55ec9f1da730
        0x55ec9f1da730
        0x55ec9f1da730
        0x55ec9f1da730
        0x55ec9f1da730
        0x55ec9f1da730
        0x55ec9f1da730
        0x55ec9f1da730
        0x55ec9f1da730
        0x55ec9f1da730
        0x55ec9f1da730
        0x55ec9f1da730
        0x55ec9f1da730
        0x55ec9f1da730
        0x55ec9f1da730
        0x55ec9f1da730
        0x55ec9f1da730
        0x55ec9f1da730
        0x55ec9f1da730
        0x55ec9f1da730
        0x55ec9f1da730
        0x55ec9f1da730
        0x55ec9f1da730
        0x55ec9f1da730
        0x55ec9f1da730
        0x55ec9f1da730
        0x55ec9f1da730
        0x55ec9f1da730
        0x55ec9f1da730
        0x55ec9f1da730
        0x55ec9f1da730
        0x55ec9f1da730
        0x55ec9f1da730
        0x55ec9f1da730
        0x55ec9f1da730
        0x55ec9f1da730
        0x55ec9f1da730
        0x55ec9f1da730
        0x55ec9f1da730
        0x55ec9f1da730
        0x55ec9f1da730
        0x55ec9f1da730
        0x55ec9f1da730
        0x55ec9f1da730
        0x55ec9f1da730
        0x55ec9f1da730
        0x55ec9f1da730
        0x55ec9f1da730
        0x55ec9f1da730
        0x55ec9f1da730
        0x55ec9f1da730
        0x55ec9f1da730
        0x55ec9f1da730
        0x55ec9f1da730
        0x55ec9f1da730
        0x55ec9f1da730
        0x55ec9f1da730
        0x55ec9f1da730
        0x55ec9f1da730
        0x55ec9f1da730
        0x55ec9f1da730
        0x55ec9f1da730
        0x55ec9f1da730
        0x55ec9f1da730
        0x55ec9f1da730
        0x55ec9f1da730
        0x55ec9f1da730
        0x55ec9f1da730
        0x55ec9f1da730
        0x55ec9f1da730
        0x55ec9f1da730
        0x55ec9f1da730
        0x55ec9f1da730
        0x55ec9f1da730
        0x55ec9f1da730
        0x55ec9f1da730
        0x55ec9f1da730
        0x55ec9f1da730
        0x55ec9f1da730
        0x55ec9f1da730
        0x55ec9f1da730
        0x55ec9f1da730
        0x55ec9f1da730
        0x55ec9f1da730
        0x55ec9f1da730
        0x55ec9f1da730
        0x55ec9f1da730
        0x55ec9f1da730
        0x55ec9f1da730
        0x55ec9f1da730
        0x55ec9f1da730
        0x55ec9f1da730
        0x55ec9f1da730
        0x55ec9f1da730
        0x55ec9f1da730
        0x55ec9f1da730
        0x55ec9f1da730
        0x55ec9f1da730
        0x55ec9f1da730
        0x55ec9f1da730
        0x55ec9f1da730
        0x55ec9f1da730
        0x55ec9f1da730
        0x55ec9f1da730
        0x55ec9f1da730
        0x55ec9f1da730
        0x55ec9f1da730
        0x55ec9f1da730
        0x55ec9f1da730
        0x55ec9f1da730
        0x55ec9f1da730
        0x55ec9f1da730
        0x55ec9f1da730
        0x55ec9f1da730
        0x55ec9f1da730
        0x55ec9f1da730
        0x55ec9f1da730
        0x55ec9f1da730
        0x55ec9f1da730
        0x55ec9f1da730
]: 1
@preempt_stack[
        0x7f032c9ddb37
        0x55eca06ea1f0
]: 1
@preempt_stack[
        0x7f032c9cb78e
        0x130000
        0
        0
        0x55ec9fa1a310
]: 1
@preempt_stack[
        0x7f03ce10813a
]: 1
@preempt_stack[
        0x7f027c4bfc14
        0x40bcc7a6
        0x7f032c846428
        0x7f032c9e578f
        0x55ec9c6a2490
]: 1
@preempt_stack[
        0x7f03ce2d3192
        0
]: 1
@preempt_stack[
        0x7f032c99de95
]: 1
@preempt_stack[
        mono_g_hash_table_lookup_extended+66
        0x120000
        0x55ec9d4b4280
        0x55ec9d4b4280
        0x55ec9d4b4280
        0x55ec9d4b4280
        0x55ec9d4b4280
        0x55ec9d4b4280
        0x55ec9d4b4280
        0x55ec9d4b4280
        0x55ec9d4b4280
        0x55ec9d4b4280
        0x55ec9d4b4280
        0x55ec9d4b4280
        0x55ec9d4b4280
        0x55ec9d4b4280
        0x55ec9d4b4280
        0x55ec9d4b4280
        0x55ec9d4b4280
        0x55ec9d4b4280
        0x55ec9d4b4280
        0x55ec9d4b4280
        0x55ec9d4b4280
        0x55ec9d4b4280
        0x55ec9d4b4280
        0x55ec9d4b4280
        0x55ec9d4b4280
        0x55ec9d4b4280
        0x55ec9d4b4280
        0x55ec9d4b4280
        0x55ec9d4b4280
        0x55ec9d4b4280
        0x55ec9d4b4280
        0x55ec9d4b4280
        0x55ec9d4b4280
        0x55ec9d4b4280
        0x55ec9d4b4280
        0x55ec9d4b4280
        0x55ec9d4b4280
        0x55ec9d4b4280
        0x55ec9d4b4280
        0x55ec9d4b4280
        0x55ec9d4b4280
        0x55ec9d4b4280
        0x55ec9d4b4280
        0x55ec9d4b4280
        0x55ec9d4b4280
        0x55ec9d4b4280
        0x55ec9d4b4280
        0x55ec9d4b4280
        0x55ec9d4b4280
        0x55ec9d4b4280
        0x55ec9d4b4280
        0x55ec9d4b4280
        0x55ec9d4b4280
        0x55ec9d4b4280
        0x55ec9d4b4280
        0x55ec9d4b4280
        0x55ec9d4b4280
        0x55ec9d4b4280
        0x55ec9d4b4280
        0x55ec9d4b4280
        0x55ec9d4b4280
        0x55ec9d4b4280
        0x55ec9d4b4280
        0x55ec9d4b4280
        0x55ec9d4b4280
        0x55ec9d4b4280
        0x55ec9d4b4280
        0x55ec9d4b4280
        0x55ec9d4b4280
        0x55ec9d4b4280
        0x55ec9d4b4280
        0x55ec9d4b4280
        0x55ec9d4b4280
        0x55ec9d4b4280
        0x55ec9d4b4280
        0x55ec9d4b4280
        0x55ec9d4b4280
        0x55ec9d4b4280
        0x55ec9d4b4280
        0x55ec9d4b4280
        0x55ec9d4b4280
        0x55ec9d4b4280
        0x55ec9d4b4280
        0x55ec9d4b4280
        0x55ec9d4b4280
        0x55ec9d4b4280
        0x55ec9d4b4280
        0x55ec9d4b4280
        0x55ec9d4b4280
        0x55ec9d4b4280
        0x55ec9d4b4280
        0x55ec9d4b4280
        0x55ec9d4b4280
        0x55ec9d4b4280
        0x55ec9d4b4280
        0x55ec9d4b4280
        0x55ec9d4b4280
        0x55ec9d4b4280
        0x55ec9d4b4280
        0x55ec9d4b4280
        0x55ec9d4b4280
        0x55ec9d4b4280
        0x55ec9d4b4280
        0x55ec9d4b4280
        0x55ec9d4b4280
        0x55ec9d4b4280
        0x55ec9d4b4280
        0x55ec9d4b4280
        0x55ec9d4b4280
        0x55ec9d4b4280
        0x55ec9d4b4280
        0x55ec9d4b4280
        0x55ec9d4b4280
        0x55ec9d4b4280
        0x55ec9d4b4280
        0x55ec9d4b4280
        0x55ec9d4b4280
        0x55ec9d4b4280
        0x55ec9d4b4280
        0x55ec9d4b4280
        0x55ec9d4b4280
        0x55ec9d4b4280
        0x55ec9d4b4280
        0x55ec9d4b4280
        0x55ec9d4b4280
]: 1
@preempt_stack[
        0x7f03cd1b7fd3
        0x41f0280f00000038
]: 1
@preempt_stack[
        0x7f03cebb4bd8
]: 1
@preempt_stack[
        0x7f03ce355b40
        0x21
]: 1
@preempt_stack[
        mono_class_from_mono_type_internal+13
        0x110000
        0x55ec9fc1d068
        0x55ec9fc1d068
        0x55ec9fc1d068
        0x55ec9fc1d068
        0x55ec9fc1d068
        0x55ec9fc1d068
        0x55ec9fc1d068
        0x55ec9fc1d068
        0x55ec9fc1d068
        0x55ec9fc1d068
        0x55ec9fc1d068
        0x55ec9fc1d068
        0x55ec9fc1d068
        0x55ec9fc1d068
        0x55ec9fc1d068
        0x55ec9fc1d068
        0x55ec9fc1d068
        0x55ec9fc1d068
        0x55ec9fc1d068
        0x55ec9fc1d068
        0x55ec9fc1d068
        0x55ec9fc1d068
        0x55ec9fc1d068
        0x55ec9fc1d068
        0x55ec9fc1d068
        0x55ec9fc1d068
        0x55ec9fc1d068
        0x55ec9fc1d068
        0x55ec9fc1d068
        0x55ec9fc1d068
        0x55ec9fc1d068
        0x55ec9fc1d068
        0x55ec9fc1d068
        0x55ec9fc1d068
        0x55ec9fc1d068
        0x55ec9fc1d068
        0x55ec9fc1d068
        0x55ec9fc1d068
        0x55ec9fc1d068
        0x55ec9fc1d068
        0x55ec9fc1d068
        0x55ec9fc1d068
        0x55ec9fc1d068
        0x55ec9fc1d068
        0x55ec9fc1d068
        0x55ec9fc1d068
        0x55ec9fc1d068
        0x55ec9fc1d068
        0x55ec9fc1d068
        0x55ec9fc1d068
        0x55ec9fc1d068
        0x55ec9fc1d068
        0x55ec9fc1d068
        0x55ec9fc1d068
        0x55ec9fc1d068
        0x55ec9fc1d068
        0x55ec9fc1d068
        0x55ec9fc1d068
        0x55ec9fc1d068
        0x55ec9fc1d068
        0x55ec9fc1d068
        0x55ec9fc1d068
        0x55ec9fc1d068
        0x55ec9fc1d068
        0x55ec9fc1d068
        0x55ec9fc1d068
        0x55ec9fc1d068
        0x55ec9fc1d068
        0x55ec9fc1d068
        0x55ec9fc1d068
        0x55ec9fc1d068
        0x55ec9fc1d068
        0x55ec9fc1d068
        0x55ec9fc1d068
        0x55ec9fc1d068
        0x55ec9fc1d068
        0x55ec9fc1d068
        0x55ec9fc1d068
        0x55ec9fc1d068
        0x55ec9fc1d068
        0x55ec9fc1d068
        0x55ec9fc1d068
        0x55ec9fc1d068
        0x55ec9fc1d068
        0x55ec9fc1d068
        0x55ec9fc1d068
        0x55ec9fc1d068
        0x55ec9fc1d068
        0x55ec9fc1d068
        0x55ec9fc1d068
        0x55ec9fc1d068
        0x55ec9fc1d068
        0x55ec9fc1d068
        0x55ec9fc1d068
        0x55ec9fc1d068
        0x55ec9fc1d068
        0x55ec9fc1d068
        0x55ec9fc1d068
        0x55ec9fc1d068
        0x55ec9fc1d068
        0x55ec9fc1d068
        0x55ec9fc1d068
        0x55ec9fc1d068
        0x55ec9fc1d068
        0x55ec9fc1d068
        0x55ec9fc1d068
        0x55ec9fc1d068
        0x55ec9fc1d068
        0x55ec9fc1d068
        0x55ec9fc1d068
        0x55ec9fc1d068
        0x55ec9fc1d068
        0x55ec9fc1d068
        0x55ec9fc1d068
        0x55ec9fc1d068
        0x55ec9fc1d068
        0x55ec9fc1d068
        0x55ec9fc1d068
        0x55ec9fc1d068
        0x55ec9fc1d068
        0x55ec9fc1d068
        0x55ec9fc1d068
        0x55ec9fc1d068
        0x55ec9fc1d068
        0x55ec9fc1d068
]: 1
@preempt_stack[
        GC_header_cache_miss+248
]: 1
@preempt_stack[
        0x7f03ce3426ef
]: 1
@preempt_stack[
        0x7f03cedc6398
        0
]: 1
@preempt_stack[
        monoeg_g_hash_table_lookup_extended+66
        0x55ec9e605458
        0x55ec9e605340
        0x55ec9e605340
        0x55ec9e605340
        0x55ec9e605340
        0x55ec9e605340
        0x55ec9e605340
        0x55ec9e605340
        0x55ec9e605340
        0x55ec9e605340
        0x55ec9e605340
        0x55ec9e605340
        0x55ec9e605340
        0x55ec9e605340
        0x55ec9e605340
        0x55ec9e605340
        0x55ec9e605340
        0x55ec9e605340
        0x55ec9e605340
        0x55ec9e605340
        0x55ec9e605340
        0x55ec9e605340
        0x55ec9e605340
        0x55ec9e605340
        0x55ec9e605340
        0x55ec9e605340
        0x55ec9e605340
        0x55ec9e605340
        0x55ec9e605340
        0x55ec9e605340
        0x55ec9e605340
        0x55ec9e605340
        0x55ec9e605340
        0x55ec9e605340
        0x55ec9e605340
        0x55ec9e605340
        0x55ec9e605340
        0x55ec9e605340
        0x55ec9e605340
        0x55ec9e605340
        0x55ec9e605340
        0x55ec9e605340
        0x55ec9e605340
        0x55ec9e605340
        0x55ec9e605340
        0x55ec9e605340
        0x55ec9e605340
        0x55ec9e605340
        0x55ec9e605340
        0x55ec9e605340
        0x55ec9e605340
        0x55ec9e605340
        0x55ec9e605340
        0x55ec9e605340
        0x55ec9e605340
        0x55ec9e605340
        0x55ec9e605340
        0x55ec9e605340
        0x55ec9e605340
        0x55ec9e605340
        0x55ec9e605340
        0x55ec9e605340
        0x55ec9e605340
        0x55ec9e605340
        0x55ec9e605340
        0x55ec9e605340
        0x55ec9e605340
        0x55ec9e605340
        0x55ec9e605340
        0x55ec9e605340
        0x55ec9e605340
        0x55ec9e605340
        0x55ec9e605340
        0x55ec9e605340
        0x55ec9e605340
        0x55ec9e605340
        0x55ec9e605340
        0x55ec9e605340
        0x55ec9e605340
        0x55ec9e605340
        0x55ec9e605340
        0x55ec9e605340
        0x55ec9e605340
        0x55ec9e605340
        0x55ec9e605340
        0x55ec9e605340
        0x55ec9e605340
        0x55ec9e605340
        0x55ec9e605340
        0x55ec9e605340
        0x55ec9e605340
        0x55ec9e605340
        0x55ec9e605340
        0x55ec9e605340
        0x55ec9e605340
        0x55ec9e605340
        0x55ec9e605340
        0x55ec9e605340
        0x55ec9e605340
        0x55ec9e605340
        0x55ec9e605340
        0x55ec9e605340
        0x55ec9e605340
        0x55ec9e605340
        0x55ec9e605340
        0x55ec9e605340
        0x55ec9e605340
        0x55ec9e605340
        0x55ec9e605340
        0x55ec9e605340
        0x55ec9e605340
        0x55ec9e605340
        0x55ec9e605340
        0x55ec9e605340
        0x55ec9e605340
        0x55ec9e605340
        0x55ec9e605340
        0x55ec9e605340
        0x55ec9e605340
        0x55ec9e605340
        0x55ec9e605340
        0x55ec9e605340
        0x55ec9e605340
        0x55ec9e605340
        0x55ec9e605340
        0x55ec9e605340
]: 1
@preempt_stack[
        0x7f03cdf076a5
        0x7f0390688b40
        0x4c1
]: 1
@preempt_stack[
        0x7f032c99ddaa
]: 1
@preempt_stack[
        0x7f032c9dcfa3
        0x120000
        0x55ec9f5ccfd0
        0x55ec9f5ccfd0
        0x55ec9f5ccfd0
        0x55ec9f5ccfd0
        0x55ec9f5ccfd0
        0x55ec9f5ccfd0
        0x55ec9f5ccfd0
        0x55ec9f5ccfd0
        0x55ec9f5ccfd0
        0x55ec9f5ccfd0
        0x55ec9f5ccfd0
        0x55ec9f5ccfd0
        0x55ec9f5ccfd0
        0x55ec9f5ccfd0
        0x55ec9f5ccfd0
        0x55ec9f5ccfd0
        0x55ec9f5ccfd0
        0x55ec9f5ccfd0
        0x55ec9f5ccfd0
        0x55ec9f5ccfd0
        0x55ec9f5ccfd0
        0x55ec9f5ccfd0
        0x55ec9f5ccfd0
        0x55ec9f5ccfd0
        0x55ec9f5ccfd0
        0x55ec9f5ccfd0
        0x55ec9f5ccfd0
        0x55ec9f5ccfd0
        0x55ec9f5ccfd0
        0x55ec9f5ccfd0
        0x55ec9f5ccfd0
        0x55ec9f5ccfd0
        0x55ec9f5ccfd0
        0x55ec9f5ccfd0
        0x55ec9f5ccfd0
        0x55ec9f5ccfd0
        0x55ec9f5ccfd0
        0x55ec9f5ccfd0
        0x55ec9f5ccfd0
        0x55ec9f5ccfd0
        0x55ec9f5ccfd0
        0x55ec9f5ccfd0
        0x55ec9f5ccfd0
        0x55ec9f5ccfd0
        0x55ec9f5ccfd0
        0x55ec9f5ccfd0
        0x55ec9f5ccfd0
        0x55ec9f5ccfd0
        0x55ec9f5ccfd0
        0x55ec9f5ccfd0
        0x55ec9f5ccfd0
        0x55ec9f5ccfd0
        0x55ec9f5ccfd0
        0x55ec9f5ccfd0
        0x55ec9f5ccfd0
        0x55ec9f5ccfd0
        0x55ec9f5ccfd0
        0x55ec9f5ccfd0
        0x55ec9f5ccfd0
        0x55ec9f5ccfd0
        0x55ec9f5ccfd0
        0x55ec9f5ccfd0
        0x55ec9f5ccfd0
        0x55ec9f5ccfd0
        0x55ec9f5ccfd0
        0x55ec9f5ccfd0
        0x55ec9f5ccfd0
        0x55ec9f5ccfd0
        0x55ec9f5ccfd0
        0x55ec9f5ccfd0
        0x55ec9f5ccfd0
        0x55ec9f5ccfd0
        0x55ec9f5ccfd0
        0x55ec9f5ccfd0
        0x55ec9f5ccfd0
        0x55ec9f5ccfd0
        0x55ec9f5ccfd0
        0x55ec9f5ccfd0
        0x55ec9f5ccfd0
        0x55ec9f5ccfd0
        0x55ec9f5ccfd0
        0x55ec9f5ccfd0
        0x55ec9f5ccfd0
        0x55ec9f5ccfd0
        0x55ec9f5ccfd0
        0x55ec9f5ccfd0
        0x55ec9f5ccfd0
        0x55ec9f5ccfd0
        0x55ec9f5ccfd0
        0x55ec9f5ccfd0
        0x55ec9f5ccfd0
        0x55ec9f5ccfd0
        0x55ec9f5ccfd0
        0x55ec9f5ccfd0
        0x55ec9f5ccfd0
        0x55ec9f5ccfd0
        0x55ec9f5ccfd0
        0x55ec9f5ccfd0
        0x55ec9f5ccfd0
        0x55ec9f5ccfd0
        0x55ec9f5ccfd0
        0x55ec9f5ccfd0
        0x55ec9f5ccfd0
        0x55ec9f5ccfd0
        0x55ec9f5ccfd0
        0x55ec9f5ccfd0
        0x55ec9f5ccfd0
        0x55ec9f5ccfd0
        0x55ec9f5ccfd0
        0x55ec9f5ccfd0
        0x55ec9f5ccfd0
        0x55ec9f5ccfd0
        0x55ec9f5ccfd0
        0x55ec9f5ccfd0
        0x55ec9f5ccfd0
        0x55ec9f5ccfd0
        0x55ec9f5ccfd0
        0x55ec9f5ccfd0
        0x55ec9f5ccfd0
        0x55ec9f5ccfd0
        0x55ec9f5ccfd0
        0x55ec9f5ccfd0
        0x55ec9f5ccfd0
        0x55ec9f5ccfd0
        0x55ec9f5ccfd0
]: 1
@preempt_stack[
        GC_reclaim_all+228
        0
        0
        0x55ec9dd44ce0
        0x55ec9dd44ce0
        0x55ec9dd44ce0
        0x55ec9dd44ce0
        0x55ec9dd44ce0
        0x55ec9dd44ce0
        0x55ec9dd44ce0
        0x55ec9dd44ce0
        0x55ec9dd44ce0
        0x55ec9dd44ce0
        0x55ec9dd44ce0
        0x55ec9dd44ce0
        0x55ec9dd44ce0
        0x55ec9dd44ce0
        0x55ec9dd44ce0
        0x55ec9dd44ce0
        0x55ec9dd44ce0
        0x55ec9dd44ce0
        0x55ec9dd44ce0
        0x55ec9dd44ce0
        0x55ec9dd44ce0
        0x55ec9dd44ce0
        0x55ec9dd44ce0
        0x55ec9dd44ce0
        0x55ec9dd44ce0
        0x55ec9dd44ce0
        0x55ec9dd44ce0
        0x55ec9dd44ce0
        0x55ec9dd44ce0
        0x55ec9dd44ce0
        0x55ec9dd44ce0
        0x55ec9dd44ce0
        0x55ec9dd44ce0
        0x55ec9dd44ce0
        0x55ec9dd44ce0
        0x55ec9dd44ce0
        0x55ec9dd44ce0
        0x55ec9dd44ce0
        0x55ec9dd44ce0
        0x55ec9dd44ce0
        0x55ec9dd44ce0
        0x55ec9dd44ce0
        0x55ec9dd44ce0
        0x55ec9dd44ce0
        0x55ec9dd44ce0
        0x55ec9dd44ce0
        0x55ec9dd44ce0
        0x55ec9dd44ce0
        0x55ec9dd44ce0
        0x55ec9dd44ce0
        0x55ec9dd44ce0
        0x55ec9dd44ce0
        0x55ec9dd44ce0
        0x55ec9dd44ce0
        0x55ec9dd44ce0
        0x55ec9dd44ce0
        0x55ec9dd44ce0
        0x55ec9dd44ce0
        0x55ec9dd44ce0
        0x55ec9dd44ce0
        0x55ec9dd44ce0
        0x55ec9dd44ce0
        0x55ec9dd44ce0
        0x55ec9dd44ce0
        0x55ec9dd44ce0
        0x55ec9dd44ce0
        0x55ec9dd44ce0
        0x55ec9dd44ce0
        0x55ec9dd44ce0
        0x55ec9dd44ce0
        0x55ec9dd44ce0
        0x55ec9dd44ce0
        0x55ec9dd44ce0
        0x55ec9dd44ce0
        0x55ec9dd44ce0
        0x55ec9dd44ce0
        0x55ec9dd44ce0
        0x55ec9dd44ce0
        0x55ec9dd44ce0
        0x55ec9dd44ce0
        0x55ec9dd44ce0
        0x55ec9dd44ce0
        0x55ec9dd44ce0
        0x55ec9dd44ce0
        0x55ec9dd44ce0
        0x55ec9dd44ce0
        0x55ec9dd44ce0
        0x55ec9dd44ce0
        0x55ec9dd44ce0
        0x55ec9dd44ce0
        0x55ec9dd44ce0
        0x55ec9dd44ce0
        0x55ec9dd44ce0
        0x55ec9dd44ce0
        0x55ec9dd44ce0
        0x55ec9dd44ce0
        0x55ec9dd44ce0
        0x55ec9dd44ce0
        0x55ec9dd44ce0
        0x55ec9dd44ce0
        0x55ec9dd44ce0
        0x55ec9dd44ce0
        0x55ec9dd44ce0
        0x55ec9dd44ce0
        0x55ec9dd44ce0
        0x55ec9dd44ce0
        0x55ec9dd44ce0
        0x55ec9dd44ce0
        0x55ec9dd44ce0
        0x55ec9dd44ce0
        0x55ec9dd44ce0
        0x55ec9dd44ce0
        0x55ec9dd44ce0
        0x55ec9dd44ce0
        0x55ec9dd44ce0
        0x55ec9dd44ce0
        0x55ec9dd44ce0
        0x55ec9dd44ce0
        0x55ec9dd44ce0
        0x55ec9dd44ce0
        0x55ec9dd44ce0
        0x55ec9dd44ce0
        0x55ec9dd44ce0
        0x55ec9dd44ce0
]: 1
@preempt_stack[
        0x7f03ce2c6a1a
        0x7f03000001d3
        0
]: 1
@preempt_stack[
        0x40bab601
        0x40bab590
        0x40c65ef4
        0x4168eed6
        0x4168a944
        0x7f032c846428
        0x7f032c9e578f
        0x55ec9c6a2490
]: 1
@preempt_stack[
        0x7f032ca0de59
]: 1
@preempt_stack[
        0x7f032c9e44f9
        0x120000
        0x55ec9d699f20
        0x55ec9d699f20
        0x55ec9d699f20
        0x55ec9d699f20
        0x55ec9d699f20
        0x55ec9d699f20
        0x55ec9d699f20
        0x55ec9d699f20
        0x55ec9d699f20
        0x55ec9d699f20
        0x55ec9d699f20
        0x55ec9d699f20
        0x55ec9d699f20
        0x55ec9d699f20
        0x55ec9d699f20
        0x55ec9d699f20
        0x55ec9d699f20
        0x55ec9d699f20
        0x55ec9d699f20
        0x55ec9d699f20
        0x55ec9d699f20
        0x55ec9d699f20
        0x55ec9d699f20
        0x55ec9d699f20
        0x55ec9d699f20
        0x55ec9d699f20
        0x55ec9d699f20
        0x55ec9d699f20
        0x55ec9d699f20
        0x55ec9d699f20
        0x55ec9d699f20
        0x55ec9d699f20
        0x55ec9d699f20
        0x55ec9d699f20
        0x55ec9d699f20
        0x55ec9d699f20
        0x55ec9d699f20
        0x55ec9d699f20
        0x55ec9d699f20
        0x55ec9d699f20
        0x55ec9d699f20
        0x55ec9d699f20
        0x55ec9d699f20
        0x55ec9d699f20
        0x55ec9d699f20
        0x55ec9d699f20
        0x55ec9d699f20
        0x55ec9d699f20
        0x55ec9d699f20
        0x55ec9d699f20
        0x55ec9d699f20
        0x55ec9d699f20
        0x55ec9d699f20
        0x55ec9d699f20
        0x55ec9d699f20
        0x55ec9d699f20
        0x55ec9d699f20
        0x55ec9d699f20
        0x55ec9d699f20
        0x55ec9d699f20
        0x55ec9d699f20
        0x55ec9d699f20
        0x55ec9d699f20
        0x55ec9d699f20
        0x55ec9d699f20
        0x55ec9d699f20
        0x55ec9d699f20
        0x55ec9d699f20
        0x55ec9d699f20
        0x55ec9d699f20
        0x55ec9d699f20
        0x55ec9d699f20
        0x55ec9d699f20
        0x55ec9d699f20
        0x55ec9d699f20
        0x55ec9d699f20
        0x55ec9d699f20
        0x55ec9d699f20
        0x55ec9d699f20
        0x55ec9d699f20
        0x55ec9d699f20
        0x55ec9d699f20
        0x55ec9d699f20
        0x55ec9d699f20
        0x55ec9d699f20
        0x55ec9d699f20
        0x55ec9d699f20
        0x55ec9d699f20
        0x55ec9d699f20
        0x55ec9d699f20
        0x55ec9d699f20
        0x55ec9d699f20
        0x55ec9d699f20
        0x55ec9d699f20
        0x55ec9d699f20
        0x55ec9d699f20
        0x55ec9d699f20
        0x55ec9d699f20
        0x55ec9d699f20
        0x55ec9d699f20
        0x55ec9d699f20
        0x55ec9d699f20
        0x55ec9d699f20
        0x55ec9d699f20
        0x55ec9d699f20
        0x55ec9d699f20
        0x55ec9d699f20
        0x55ec9d699f20
        0x55ec9d699f20
        0x55ec9d699f20
        0x55ec9d699f20
        0x55ec9d699f20
        0x55ec9d699f20
        0x55ec9d699f20
        0x55ec9d699f20
        0x55ec9d699f20
        0x55ec9d699f20
        0x55ec9d699f20
        0x55ec9d699f20
        0x55ec9d699f20
        0x55ec9d699f20
        0x55ec9d699f20
        0x55ec9d699f20
        0x55ec9d699f20
        0x55ec9d699f20
]: 1
@preempt_stack[
        0x7f03cd1b88b5
        0x7f0300010000
        0x7f0391c72ff0
        0x58
]: 1
@preempt_stack[
        0x7f032ca0de90
]: 1
@preempt_stack[
        0x7f032c9cb77e
        0x120000
        0x55ec9e002e60
        0x55ec9e002e60
        0x55ec9e002e60
        0x55ec9e002e60
        0x55ec9e002e60
        0x55ec9e002e60
        0x55ec9e002e60
        0x55ec9e002e60
        0x55ec9e002e60
        0x55ec9e002e60
        0x55ec9e002e60
        0x55ec9e002e60
        0x55ec9e002e60
        0x55ec9e002e60
        0x55ec9e002e60
        0x55ec9e002e60
        0x55ec9e002e60
        0x55ec9e002e60
        0x55ec9e002e60
        0x55ec9e002e60
        0x55ec9e002e60
        0x55ec9e002e60
        0x55ec9e002e60
        0x55ec9e002e60
        0x55ec9e002e60
        0x55ec9e002e60
        0x55ec9e002e60
        0x55ec9e002e60
        0x55ec9e002e60
        0x55ec9e002e60
        0x55ec9e002e60
        0x55ec9e002e60
        0x55ec9e002e60
        0x55ec9e002e60
        0x55ec9e002e60
        0x55ec9e002e60
        0x55ec9e002e60
        0x55ec9e002e60
        0x55ec9e002e60
        0x55ec9e002e60
        0x55ec9e002e60
        0x55ec9e002e60
        0x55ec9e002e60
        0x55ec9e002e60
        0x55ec9e002e60
        0x55ec9e002e60
        0x55ec9e002e60
        0x55ec9e002e60
        0x55ec9e002e60
        0x55ec9e002e60
        0x55ec9e002e60
        0x55ec9e002e60
        0x55ec9e002e60
        0x55ec9e002e60
        0x55ec9e002e60
        0x55ec9e002e60
        0x55ec9e002e60
        0x55ec9e002e60
        0x55ec9e002e60
        0x55ec9e002e60
        0x55ec9e002e60
        0x55ec9e002e60
        0x55ec9e002e60
        0x55ec9e002e60
        0x55ec9e002e60
        0x55ec9e002e60
        0x55ec9e002e60
        0x55ec9e002e60
        0x55ec9e002e60
        0x55ec9e002e60
        0x55ec9e002e60
        0x55ec9e002e60
        0x55ec9e002e60
        0x55ec9e002e60
        0x55ec9e002e60
        0x55ec9e002e60
        0x55ec9e002e60
        0x55ec9e002e60
        0x55ec9e002e60
        0x55ec9e002e60
        0x55ec9e002e60
        0x55ec9e002e60
        0x55ec9e002e60
        0x55ec9e002e60
        0x55ec9e002e60
        0x55ec9e002e60
        0x55ec9e002e60
        0x55ec9e002e60
        0x55ec9e002e60
        0x55ec9e002e60
        0x55ec9e002e60
        0x55ec9e002e60
        0x55ec9e002e60
        0x55ec9e002e60
        0x55ec9e002e60
        0x55ec9e002e60
        0x55ec9e002e60
        0x55ec9e002e60
        0x55ec9e002e60
        0x55ec9e002e60
        0x55ec9e002e60
        0x55ec9e002e60
        0x55ec9e002e60
        0x55ec9e002e60
        0x55ec9e002e60
        0x55ec9e002e60
        0x55ec9e002e60
        0x55ec9e002e60
        0x55ec9e002e60
        0x55ec9e002e60
        0x55ec9e002e60
        0x55ec9e002e60
        0x55ec9e002e60
        0x55ec9e002e60
        0x55ec9e002e60
        0x55ec9e002e60
        0x55ec9e002e60
        0x55ec9e002e60
        0x55ec9e002e60
        0x55ec9e002e60
        0x55ec9e002e60
        0x55ec9e002e60
        0x55ec9e002e60
        0x55ec9e002e60
        0x55ec9e002e60
]: 1
@preempt_stack[
        0x7f03cebb4055
]: 1
@preempt_stack[
        mono_metadata_type_hash+80
        0x120000
        0x7f02e02526d8
        0x7f02e02526d8
        0x7f02e02526d8
        0x7f02e02526d8
        0x7f02e02526d8
        0x7f02e02526d8
        0x7f02e02526d8
        0x7f02e02526d8
        0x7f02e02526d8
        0x7f02e02526d8
        0x7f02e02526d8
        0x7f02e02526d8
        0x7f02e02526d8
        0x7f02e02526d8
        0x7f02e02526d8
        0x7f02e02526d8
        0x7f02e02526d8
        0x7f02e02526d8
        0x7f02e02526d8
        0x7f02e02526d8
        0x7f02e02526d8
        0x7f02e02526d8
        0x7f02e02526d8
        0x7f02e02526d8
        0x7f02e02526d8
        0x7f02e02526d8
        0x7f02e02526d8
        0x7f02e02526d8
        0x7f02e02526d8
        0x7f02e02526d8
        0x7f02e02526d8
        0x7f02e02526d8
        0x7f02e02526d8
        0x7f02e02526d8
        0x7f02e02526d8
        0x7f02e02526d8
        0x7f02e02526d8
        0x7f02e02526d8
        0x7f02e02526d8
        0x7f02e02526d8
        0x7f02e02526d8
        0x7f02e02526d8
        0x7f02e02526d8
        0x7f02e02526d8
        0x7f02e02526d8
        0x7f02e02526d8
        0x7f02e02526d8
        0x7f02e02526d8
        0x7f02e02526d8
        0x7f02e02526d8
        0x7f02e02526d8
        0x7f02e02526d8
        0x7f02e02526d8
        0x7f02e02526d8
        0x7f02e02526d8
        0x7f02e02526d8
        0x7f02e02526d8
        0x7f02e02526d8
        0x7f02e02526d8
        0x7f02e02526d8
        0x7f02e02526d8
        0x7f02e02526d8
        0x7f02e02526d8
        0x7f02e02526d8
        0x7f02e02526d8
        0x7f02e02526d8
        0x7f02e02526d8
        0x7f02e02526d8
        0x7f02e02526d8
        0x7f02e02526d8
        0x7f02e02526d8
        0x7f02e02526d8
        0x7f02e02526d8
        0x7f02e02526d8
        0x7f02e02526d8
        0x7f02e02526d8
        0x7f02e02526d8
        0x7f02e02526d8
        0x7f02e02526d8
        0x7f02e02526d8
        0x7f02e02526d8
        0x7f02e02526d8
        0x7f02e02526d8
        0x7f02e02526d8
        0x7f02e02526d8
        0x7f02e02526d8
        0x7f02e02526d8
        0x7f02e02526d8
        0x7f02e02526d8
        0x7f02e02526d8
        0x7f02e02526d8
        0x7f02e02526d8
        0x7f02e02526d8
        0x7f02e02526d8
        0x7f02e02526d8
        0x7f02e02526d8
        0x7f02e02526d8
        0x7f02e02526d8
        0x7f02e02526d8
        0x7f02e02526d8
        0x7f02e02526d8
        0x7f02e02526d8
        0x7f02e02526d8
        0x7f02e02526d8
        0x7f02e02526d8
        0x7f02e02526d8
        0x7f02e02526d8
        0x7f02e02526d8
        0x7f02e02526d8
        0x7f02e02526d8
        0x7f02e02526d8
        0x7f02e02526d8
        0x7f02e02526d8
        0x7f02e02526d8
        0x7f02e02526d8
        0x7f02e02526d8
        0x7f02e02526d8
        0x7f02e02526d8
        0x7f02e02526d8
        0x7f02e02526d8
        0x7f02e02526d8
        0x7f02e02526d8
        0x7f02e02526d8
        0x7f02e02526d8
        0x7f02e02526d8
]: 1
@preempt_stack[
        __clock_gettime+18
        0x41d117df
        0x4168eed6
        0x4168a944
        0x7f032c846428
        0x7f032c9e578f
        0x55ec9c6a2490
]: 1
@preempt_stack[
        0x7f03cdcbe03c
]: 1
@preempt_stack[
        0x40b9c618
        0x4214307c
        0x42142e7c
        0x42142d48
        0x7f027c474673
        0x7f0308cca95b
        0x7f027c460abb
        0x40bcc7a6
        0x7f032c846428
        0x7f032c9e578f
        0x55ec9c6a2490
]: 1
@preempt_stack[
        0x7f03ce929566
        0x7f03000006ed
        0
]: 1
@preempt_stack[
        0x7f032c9cb8d8
        0x120000
        0x55ec9de5bc78
        0x55ec9de5bc78
        0x55ec9de5bc78
        0x55ec9de5bc78
        0x55ec9de5bc78
        0x55ec9de5bc78
        0x55ec9de5bc78
        0x55ec9de5bc78
        0x55ec9de5bc78
        0x55ec9de5bc78
        0x55ec9de5bc78
        0x55ec9de5bc78
        0x55ec9de5bc78
        0x55ec9de5bc78
        0x55ec9de5bc78
        0x55ec9de5bc78
        0x55ec9de5bc78
        0x55ec9de5bc78
        0x55ec9de5bc78
        0x55ec9de5bc78
        0x55ec9de5bc78
        0x55ec9de5bc78
        0x55ec9de5bc78
        0x55ec9de5bc78
        0x55ec9de5bc78
        0x55ec9de5bc78
        0x55ec9de5bc78
        0x55ec9de5bc78
        0x55ec9de5bc78
        0x55ec9de5bc78
        0x55ec9de5bc78
        0x55ec9de5bc78
        0x55ec9de5bc78
        0x55ec9de5bc78
        0x55ec9de5bc78
        0x55ec9de5bc78
        0x55ec9de5bc78
        0x55ec9de5bc78
        0x55ec9de5bc78
        0x55ec9de5bc78
        0x55ec9de5bc78
        0x55ec9de5bc78
        0x55ec9de5bc78
        0x55ec9de5bc78
        0x55ec9de5bc78
        0x55ec9de5bc78
        0x55ec9de5bc78
        0x55ec9de5bc78
        0x55ec9de5bc78
        0x55ec9de5bc78
        0x55ec9de5bc78
        0x55ec9de5bc78
        0x55ec9de5bc78
        0x55ec9de5bc78
        0x55ec9de5bc78
        0x55ec9de5bc78
        0x55ec9de5bc78
        0x55ec9de5bc78
        0x55ec9de5bc78
        0x55ec9de5bc78
        0x55ec9de5bc78
        0x55ec9de5bc78
        0x55ec9de5bc78
        0x55ec9de5bc78
        0x55ec9de5bc78
        0x55ec9de5bc78
        0x55ec9de5bc78
        0x55ec9de5bc78
        0x55ec9de5bc78
        0x55ec9de5bc78
        0x55ec9de5bc78
        0x55ec9de5bc78
        0x55ec9de5bc78
        0x55ec9de5bc78
        0x55ec9de5bc78
        0x55ec9de5bc78
        0x55ec9de5bc78
        0x55ec9de5bc78
        0x55ec9de5bc78
        0x55ec9de5bc78
        0x55ec9de5bc78
        0x55ec9de5bc78
        0x55ec9de5bc78
        0x55ec9de5bc78
        0x55ec9de5bc78
        0x55ec9de5bc78
        0x55ec9de5bc78
        0x55ec9de5bc78
        0x55ec9de5bc78
        0x55ec9de5bc78
        0x55ec9de5bc78
        0x55ec9de5bc78
        0x55ec9de5bc78
        0x55ec9de5bc78
        0x55ec9de5bc78
        0x55ec9de5bc78
        0x55ec9de5bc78
        0x55ec9de5bc78
        0x55ec9de5bc78
        0x55ec9de5bc78
        0x55ec9de5bc78
        0x55ec9de5bc78
        0x55ec9de5bc78
        0x55ec9de5bc78
        0x55ec9de5bc78
        0x55ec9de5bc78
        0x55ec9de5bc78
        0x55ec9de5bc78
        0x55ec9de5bc78
        0x55ec9de5bc78
        0x55ec9de5bc78
        0x55ec9de5bc78
        0x55ec9de5bc78
        0x55ec9de5bc78
        0x55ec9de5bc78
        0x55ec9de5bc78
        0x55ec9de5bc78
        0x55ec9de5bc78
        0x55ec9de5bc78
        0x55ec9de5bc78
        0x55ec9de5bc78
        0x55ec9de5bc78
        0x55ec9de5bc78
        0x55ec9de5bc78
        0x55ec9de5bc78
]: 1
@preempt_stack[
        0x7f03cdf05ce7
        0
]: 1
@preempt_stack[
        0x7f03cdf0594c
        0x101
]: 1
@preempt_stack[
        0x7f03ce1082c2
        0x7f0391d29888
        0x7f03ce31d730
        0x2556058d48fc8949
]: 1
@preempt_stack[
        0x7f03cd1b88dc
]: 1
@preempt_stack[
        0x7f032c9dcfa3
        0x120000
        0x55ec9d8c8a78
        0x55ec9d8c8a78
        0x55ec9d8c8a78
        0x55ec9d8c8a78
        0x55ec9d8c8a78
        0x55ec9d8c8a78
        0x55ec9d8c8a78
        0x55ec9d8c8a78
        0x55ec9d8c8a78
        0x55ec9d8c8a78
        0x55ec9d8c8a78
        0x55ec9d8c8a78
        0x55ec9d8c8a78
        0x55ec9d8c8a78
        0x55ec9d8c8a78
        0x55ec9d8c8a78
        0x55ec9d8c8a78
        0x55ec9d8c8a78
        0x55ec9d8c8a78
        0x55ec9d8c8a78
        0x55ec9d8c8a78
        0x55ec9d8c8a78
        0x55ec9d8c8a78
        0x55ec9d8c8a78
        0x55ec9d8c8a78
        0x55ec9d8c8a78
        0x55ec9d8c8a78
        0x55ec9d8c8a78
        0x55ec9d8c8a78
        0x55ec9d8c8a78
        0x55ec9d8c8a78
        0x55ec9d8c8a78
        0x55ec9d8c8a78
        0x55ec9d8c8a78
        0x55ec9d8c8a78
        0x55ec9d8c8a78
        0x55ec9d8c8a78
        0x55ec9d8c8a78
        0x55ec9d8c8a78
        0x55ec9d8c8a78
        0x55ec9d8c8a78
        0x55ec9d8c8a78
        0x55ec9d8c8a78
        0x55ec9d8c8a78
        0x55ec9d8c8a78
        0x55ec9d8c8a78
        0x55ec9d8c8a78
        0x55ec9d8c8a78
        0x55ec9d8c8a78
        0x55ec9d8c8a78
        0x55ec9d8c8a78
        0x55ec9d8c8a78
        0x55ec9d8c8a78
        0x55ec9d8c8a78
        0x55ec9d8c8a78
        0x55ec9d8c8a78
        0x55ec9d8c8a78
        0x55ec9d8c8a78
        0x55ec9d8c8a78
        0x55ec9d8c8a78
        0x55ec9d8c8a78
        0x55ec9d8c8a78
        0x55ec9d8c8a78
        0x55ec9d8c8a78
        0x55ec9d8c8a78
        0x55ec9d8c8a78
        0x55ec9d8c8a78
        0x55ec9d8c8a78
        0x55ec9d8c8a78
        0x55ec9d8c8a78
        0x55ec9d8c8a78
        0x55ec9d8c8a78
        0x55ec9d8c8a78
        0x55ec9d8c8a78
        0x55ec9d8c8a78
        0x55ec9d8c8a78
        0x55ec9d8c8a78
        0x55ec9d8c8a78
        0x55ec9d8c8a78
        0x55ec9d8c8a78
        0x55ec9d8c8a78
        0x55ec9d8c8a78
        0x55ec9d8c8a78
        0x55ec9d8c8a78
        0x55ec9d8c8a78
        0x55ec9d8c8a78
        0x55ec9d8c8a78
        0x55ec9d8c8a78
        0x55ec9d8c8a78
        0x55ec9d8c8a78
        0x55ec9d8c8a78
        0x55ec9d8c8a78
        0x55ec9d8c8a78
        0x55ec9d8c8a78
        0x55ec9d8c8a78
        0x55ec9d8c8a78
        0x55ec9d8c8a78
        0x55ec9d8c8a78
        0x55ec9d8c8a78
        0x55ec9d8c8a78
        0x55ec9d8c8a78
        0x55ec9d8c8a78
        0x55ec9d8c8a78
        0x55ec9d8c8a78
        0x55ec9d8c8a78
        0x55ec9d8c8a78
        0x55ec9d8c8a78
        0x55ec9d8c8a78
        0x55ec9d8c8a78
        0x55ec9d8c8a78
        0x55ec9d8c8a78
        0x55ec9d8c8a78
        0x55ec9d8c8a78
        0x55ec9d8c8a78
        0x55ec9d8c8a78
        0x55ec9d8c8a78
        0x55ec9d8c8a78
        0x55ec9d8c8a78
        0x55ec9d8c8a78
        0x55ec9d8c8a78
        0x55ec9d8c8a78
        0x55ec9d8c8a78
        0x55ec9d8c8a78
        0x55ec9d8c8a78
        0x55ec9d8c8a78
]: 1
@preempt_stack[
        0x7f03cf39e0d3
        0x7f03cf3a39a9
        _dl_catch_exception+137
        0x7f03cd0a8d9c
        0xfadf4d03a324c300
        0x74736c00302e6f73
]: 1
@preempt_stack[
        0x416e5941
        0x416f5368
        0x41a0c934
        0x40bcc7a6
        0x7f032c846428
        0x7f032c9e578f
        0x55ec9c6a2490
]: 1
@preempt_stack[
        0x7f032c99d308
]: 1
@preempt_stack[
        mono_metadata_type_hash+80
        0x120000
        0x55ec9d85ad60
        0x55ec9d85ad60
        0x55ec9d85ad60
        0x55ec9d85ad60
        0x55ec9d85ad60
        0x55ec9d85ad60
        0x55ec9d85ad60
        0x55ec9d85ad60
        0x55ec9d85ad60
        0x55ec9d85ad60
        0x55ec9d85ad60
        0x55ec9d85ad60
        0x55ec9d85ad60
        0x55ec9d85ad60
        0x55ec9d85ad60
        0x55ec9d85ad60
        0x55ec9d85ad60
        0x55ec9d85ad60
        0x55ec9d85ad60
        0x55ec9d85ad60
        0x55ec9d85ad60
        0x55ec9d85ad60
        0x55ec9d85ad60
        0x55ec9d85ad60
        0x55ec9d85ad60
        0x55ec9d85ad60
        0x55ec9d85ad60
        0x55ec9d85ad60
        0x55ec9d85ad60
        0x55ec9d85ad60
        0x55ec9d85ad60
        0x55ec9d85ad60
        0x55ec9d85ad60
        0x55ec9d85ad60
        0x55ec9d85ad60
        0x55ec9d85ad60
        0x55ec9d85ad60
        0x55ec9d85ad60
        0x55ec9d85ad60
        0x55ec9d85ad60
        0x55ec9d85ad60
        0x55ec9d85ad60
        0x55ec9d85ad60
        0x55ec9d85ad60
        0x55ec9d85ad60
        0x55ec9d85ad60
        0x55ec9d85ad60
        0x55ec9d85ad60
        0x55ec9d85ad60
        0x55ec9d85ad60
        0x55ec9d85ad60
        0x55ec9d85ad60
        0x55ec9d85ad60
        0x55ec9d85ad60
        0x55ec9d85ad60
        0x55ec9d85ad60
        0x55ec9d85ad60
        0x55ec9d85ad60
        0x55ec9d85ad60
        0x55ec9d85ad60
        0x55ec9d85ad60
        0x55ec9d85ad60
        0x55ec9d85ad60
        0x55ec9d85ad60
        0x55ec9d85ad60
        0x55ec9d85ad60
        0x55ec9d85ad60
        0x55ec9d85ad60
        0x55ec9d85ad60
        0x55ec9d85ad60
        0x55ec9d85ad60
        0x55ec9d85ad60
        0x55ec9d85ad60
        0x55ec9d85ad60
        0x55ec9d85ad60
        0x55ec9d85ad60
        0x55ec9d85ad60
        0x55ec9d85ad60
        0x55ec9d85ad60
        0x55ec9d85ad60
        0x55ec9d85ad60
        0x55ec9d85ad60
        0x55ec9d85ad60
        0x55ec9d85ad60
        0x55ec9d85ad60
        0x55ec9d85ad60
        0x55ec9d85ad60
        0x55ec9d85ad60
        0x55ec9d85ad60
        0x55ec9d85ad60
        0x55ec9d85ad60
        0x55ec9d85ad60
        0x55ec9d85ad60
        0x55ec9d85ad60
        0x55ec9d85ad60
        0x55ec9d85ad60
        0x55ec9d85ad60
        0x55ec9d85ad60
        0x55ec9d85ad60
        0x55ec9d85ad60
        0x55ec9d85ad60
        0x55ec9d85ad60
        0x55ec9d85ad60
        0x55ec9d85ad60
        0x55ec9d85ad60
        0x55ec9d85ad60
        0x55ec9d85ad60
        0x55ec9d85ad60
        0x55ec9d85ad60
        0x55ec9d85ad60
        0x55ec9d85ad60
        0x55ec9d85ad60
        0x55ec9d85ad60
        0x55ec9d85ad60
        0x55ec9d85ad60
        0x55ec9d85ad60
        0x55ec9d85ad60
        0x55ec9d85ad60
        0x55ec9d85ad60
        0x55ec9d85ad60
        0x55ec9d85ad60
        0x55ec9d85ad60
        0x55ec9d85ad60
        0x55ec9d85ad60
        0x55ec9d85ad60
]: 1
@preempt_stack[
        atanf32+218
]: 1
@preempt_stack[
        0x7f03cd1b8887
        0x7f0300000003
        0
]: 1
@preempt_stack[
        0x7f032c9cb612
        0x1
        0
        0x55ec9f8e42f0
]: 1
@preempt_stack[
        0x40c65ef7
        0x41d117df
        0x4168eed6
        0x4168a944
        0x7f032c846428
        0x7f032c9e578f
        0x55ec9c6a2490
]: 1
@preempt_stack[
        mono_metadata_type_hash+106
        0x110000
        0x55ec9f3093c8
        0x55ec9f3093c8
        0x55ec9f3093c8
        0x55ec9f3093c8
        0x55ec9f3093c8
        0x55ec9f3093c8
        0x55ec9f3093c8
        0x55ec9f3093c8
        0x55ec9f3093c8
        0x55ec9f3093c8
        0x55ec9f3093c8
        0x55ec9f3093c8
        0x55ec9f3093c8
        0x55ec9f3093c8
        0x55ec9f3093c8
        0x55ec9f3093c8
        0x55ec9f3093c8
        0x55ec9f3093c8
        0x55ec9f3093c8
        0x55ec9f3093c8
        0x55ec9f3093c8
        0x55ec9f3093c8
        0x55ec9f3093c8
        0x55ec9f3093c8
        0x55ec9f3093c8
        0x55ec9f3093c8
        0x55ec9f3093c8
        0x55ec9f3093c8
        0x55ec9f3093c8
        0x55ec9f3093c8
        0x55ec9f3093c8
        0x55ec9f3093c8
        0x55ec9f3093c8
        0x55ec9f3093c8
        0x55ec9f3093c8
        0x55ec9f3093c8
        0x55ec9f3093c8
        0x55ec9f3093c8
        0x55ec9f3093c8
        0x55ec9f3093c8
        0x55ec9f3093c8
        0x55ec9f3093c8
        0x55ec9f3093c8
        0x55ec9f3093c8
        0x55ec9f3093c8
        0x55ec9f3093c8
        0x55ec9f3093c8
        0x55ec9f3093c8
        0x55ec9f3093c8
        0x55ec9f3093c8
        0x55ec9f3093c8
        0x55ec9f3093c8
        0x55ec9f3093c8
        0x55ec9f3093c8
        0x55ec9f3093c8
        0x55ec9f3093c8
        0x55ec9f3093c8
        0x55ec9f3093c8
        0x55ec9f3093c8
        0x55ec9f3093c8
        0x55ec9f3093c8
        0x55ec9f3093c8
        0x55ec9f3093c8
        0x55ec9f3093c8
        0x55ec9f3093c8
        0x55ec9f3093c8
        0x55ec9f3093c8
        0x55ec9f3093c8
        0x55ec9f3093c8
        0x55ec9f3093c8
        0x55ec9f3093c8
        0x55ec9f3093c8
        0x55ec9f3093c8
        0x55ec9f3093c8
        0x55ec9f3093c8
        0x55ec9f3093c8
        0x55ec9f3093c8
        0x55ec9f3093c8
        0x55ec9f3093c8
        0x55ec9f3093c8
        0x55ec9f3093c8
        0x55ec9f3093c8
        0x55ec9f3093c8
        0x55ec9f3093c8
        0x55ec9f3093c8
        0x55ec9f3093c8
        0x55ec9f3093c8
        0x55ec9f3093c8
        0x55ec9f3093c8
        0x55ec9f3093c8
        0x55ec9f3093c8
        0x55ec9f3093c8
        0x55ec9f3093c8
        0x55ec9f3093c8
        0x55ec9f3093c8
        0x55ec9f3093c8
        0x55ec9f3093c8
        0x55ec9f3093c8
        0x55ec9f3093c8
        0x55ec9f3093c8
        0x55ec9f3093c8
        0x55ec9f3093c8
        0x55ec9f3093c8
        0x55ec9f3093c8
        0x55ec9f3093c8
        0x55ec9f3093c8
        0x55ec9f3093c8
        0x55ec9f3093c8
        0x55ec9f3093c8
        0x55ec9f3093c8
        0x55ec9f3093c8
        0x55ec9f3093c8
        0x55ec9f3093c8
        0x55ec9f3093c8
        0x55ec9f3093c8
        0x55ec9f3093c8
        0x55ec9f3093c8
        0x55ec9f3093c8
        0x55ec9f3093c8
        0x55ec9f3093c8
        0x55ec9f3093c8
        0x55ec9f3093c8
        0x55ec9f3093c8
        0x55ec9f3093c8
        0x55ec9f3093c8
]: 1
@preempt_stack[
        0x7f03cdf073e6
]: 1
@preempt_stack[
        0x7f032c9dcfa3
        0x120000
        0x55ec9d4a8550
        0x55ec9d4a8550
        0x55ec9d4a8550
        0x55ec9d4a8550
        0x55ec9d4a8550
        0x55ec9d4a8550
        0x55ec9d4a8550
        0x55ec9d4a8550
        0x55ec9d4a8550
        0x55ec9d4a8550
        0x55ec9d4a8550
        0x55ec9d4a8550
        0x55ec9d4a8550
        0x55ec9d4a8550
        0x55ec9d4a8550
        0x55ec9d4a8550
        0x55ec9d4a8550
        0x55ec9d4a8550
        0x55ec9d4a8550
        0x55ec9d4a8550
        0x55ec9d4a8550
        0x55ec9d4a8550
        0x55ec9d4a8550
        0x55ec9d4a8550
        0x55ec9d4a8550
        0x55ec9d4a8550
        0x55ec9d4a8550
        0x55ec9d4a8550
        0x55ec9d4a8550
        0x55ec9d4a8550
        0x55ec9d4a8550
        0x55ec9d4a8550
        0x55ec9d4a8550
        0x55ec9d4a8550
        0x55ec9d4a8550
        0x55ec9d4a8550
        0x55ec9d4a8550
        0x55ec9d4a8550
        0x55ec9d4a8550
        0x55ec9d4a8550
        0x55ec9d4a8550
        0x55ec9d4a8550
        0x55ec9d4a8550
        0x55ec9d4a8550
        0x55ec9d4a8550
        0x55ec9d4a8550
        0x55ec9d4a8550
        0x55ec9d4a8550
        0x55ec9d4a8550
        0x55ec9d4a8550
        0x55ec9d4a8550
        0x55ec9d4a8550
        0x55ec9d4a8550
        0x55ec9d4a8550
        0x55ec9d4a8550
        0x55ec9d4a8550
        0x55ec9d4a8550
        0x55ec9d4a8550
        0x55ec9d4a8550
        0x55ec9d4a8550
        0x55ec9d4a8550
        0x55ec9d4a8550
        0x55ec9d4a8550
        0x55ec9d4a8550
        0x55ec9d4a8550
        0x55ec9d4a8550
        0x55ec9d4a8550
        0x55ec9d4a8550
        0x55ec9d4a8550
        0x55ec9d4a8550
        0x55ec9d4a8550
        0x55ec9d4a8550
        0x55ec9d4a8550
        0x55ec9d4a8550
        0x55ec9d4a8550
        0x55ec9d4a8550
        0x55ec9d4a8550
        0x55ec9d4a8550
        0x55ec9d4a8550
        0x55ec9d4a8550
        0x55ec9d4a8550
        0x55ec9d4a8550
        0x55ec9d4a8550
        0x55ec9d4a8550
        0x55ec9d4a8550
        0x55ec9d4a8550
        0x55ec9d4a8550
        0x55ec9d4a8550
        0x55ec9d4a8550
        0x55ec9d4a8550
        0x55ec9d4a8550
        0x55ec9d4a8550
        0x55ec9d4a8550
        0x55ec9d4a8550
        0x55ec9d4a8550
        0x55ec9d4a8550
        0x55ec9d4a8550
        0x55ec9d4a8550
        0x55ec9d4a8550
        0x55ec9d4a8550
        0x55ec9d4a8550
        0x55ec9d4a8550
        0x55ec9d4a8550
        0x55ec9d4a8550
        0x55ec9d4a8550
        0x55ec9d4a8550
        0x55ec9d4a8550
        0x55ec9d4a8550
        0x55ec9d4a8550
        0x55ec9d4a8550
        0x55ec9d4a8550
        0x55ec9d4a8550
        0x55ec9d4a8550
        0x55ec9d4a8550
        0x55ec9d4a8550
        0x55ec9d4a8550
        0x55ec9d4a8550
        0x55ec9d4a8550
        0x55ec9d4a8550
        0x55ec9d4a8550
        0x55ec9d4a8550
        0x55ec9d4a8550
        0x55ec9d4a8550
        0x55ec9d4a8550
        0x55ec9d4a8550
]: 1
@preempt_stack[
        0x7f032c9e44f9
        0x120000
        0x55ec9cdc3f28
        0x55ec9cdc3f28
        0x55ec9cdc3f28
        0x55ec9cdc3f28
        0x55ec9cdc3f28
        0x55ec9cdc3f28
        0x55ec9cdc3f28
        0x55ec9cdc3f28
        0x55ec9cdc3f28
        0x55ec9cdc3f28
        0x55ec9cdc3f28
        0x55ec9cdc3f28
        0x55ec9cdc3f28
        0x55ec9cdc3f28
        0x55ec9cdc3f28
        0x55ec9cdc3f28
        0x55ec9cdc3f28
        0x55ec9cdc3f28
        0x55ec9cdc3f28
        0x55ec9cdc3f28
        0x55ec9cdc3f28
        0x55ec9cdc3f28
        0x55ec9cdc3f28
        0x55ec9cdc3f28
        0x55ec9cdc3f28
        0x55ec9cdc3f28
        0x55ec9cdc3f28
        0x55ec9cdc3f28
        0x55ec9cdc3f28
        0x55ec9cdc3f28
        0x55ec9cdc3f28
        0x55ec9cdc3f28
        0x55ec9cdc3f28
        0x55ec9cdc3f28
        0x55ec9cdc3f28
        0x55ec9cdc3f28
        0x55ec9cdc3f28
        0x55ec9cdc3f28
        0x55ec9cdc3f28
        0x55ec9cdc3f28
        0x55ec9cdc3f28
        0x55ec9cdc3f28
        0x55ec9cdc3f28
        0x55ec9cdc3f28
        0x55ec9cdc3f28
        0x55ec9cdc3f28
        0x55ec9cdc3f28
        0x55ec9cdc3f28
        0x55ec9cdc3f28
        0x55ec9cdc3f28
        0x55ec9cdc3f28
        0x55ec9cdc3f28
        0x55ec9cdc3f28
        0x55ec9cdc3f28
        0x55ec9cdc3f28
        0x55ec9cdc3f28
        0x55ec9cdc3f28
        0x55ec9cdc3f28
        0x55ec9cdc3f28
        0x55ec9cdc3f28
        0x55ec9cdc3f28
        0x55ec9cdc3f28
        0x55ec9cdc3f28
        0x55ec9cdc3f28
        0x55ec9cdc3f28
        0x55ec9cdc3f28
        0x55ec9cdc3f28
        0x55ec9cdc3f28
        0x55ec9cdc3f28
        0x55ec9cdc3f28
        0x55ec9cdc3f28
        0x55ec9cdc3f28
        0x55ec9cdc3f28
        0x55ec9cdc3f28
        0x55ec9cdc3f28
        0x55ec9cdc3f28
        0x55ec9cdc3f28
        0x55ec9cdc3f28
        0x55ec9cdc3f28
        0x55ec9cdc3f28
        0x55ec9cdc3f28
        0x55ec9cdc3f28
        0x55ec9cdc3f28
        0x55ec9cdc3f28
        0x55ec9cdc3f28
        0x55ec9cdc3f28
        0x55ec9cdc3f28
        0x55ec9cdc3f28
        0x55ec9cdc3f28
        0x55ec9cdc3f28
        0x55ec9cdc3f28
        0x55ec9cdc3f28
        0x55ec9cdc3f28
        0x55ec9cdc3f28
        0x55ec9cdc3f28
        0x55ec9cdc3f28
        0x55ec9cdc3f28
        0x55ec9cdc3f28
        0x55ec9cdc3f28
        0x55ec9cdc3f28
        0x55ec9cdc3f28
        0x55ec9cdc3f28
        0x55ec9cdc3f28
        0x55ec9cdc3f28
        0x55ec9cdc3f28
        0x55ec9cdc3f28
        0x55ec9cdc3f28
        0x55ec9cdc3f28
        0x55ec9cdc3f28
        0x55ec9cdc3f28
        0x55ec9cdc3f28
        0x55ec9cdc3f28
        0x55ec9cdc3f28
        0x55ec9cdc3f28
        0x55ec9cdc3f28
        0x55ec9cdc3f28
        0x55ec9cdc3f28
        0x55ec9cdc3f28
        0x55ec9cdc3f28
        0x55ec9cdc3f28
        0x55ec9cdc3f28
        0x55ec9cdc3f28
        0x55ec9cdc3f28
        0x55ec9cdc3f28
        0x55ec9cdc3f28
]: 1
@preempt_stack[
        0x7f032c9e44f9
        0x120000
        0x55ec9d976f60
        0x55ec9d976f60
        0x55ec9d976f60
        0x55ec9d976f60
        0x55ec9d976f60
        0x55ec9d976f60
        0x55ec9d976f60
        0x55ec9d976f60
        0x55ec9d976f60
        0x55ec9d976f60
        0x55ec9d976f60
        0x55ec9d976f60
        0x55ec9d976f60
        0x55ec9d976f60
        0x55ec9d976f60
        0x55ec9d976f60
        0x55ec9d976f60
        0x55ec9d976f60
        0x55ec9d976f60
        0x55ec9d976f60
        0x55ec9d976f60
        0x55ec9d976f60
        0x55ec9d976f60
        0x55ec9d976f60
        0x55ec9d976f60
        0x55ec9d976f60
        0x55ec9d976f60
        0x55ec9d976f60
        0x55ec9d976f60
        0x55ec9d976f60
        0x55ec9d976f60
        0x55ec9d976f60
        0x55ec9d976f60
        0x55ec9d976f60
        0x55ec9d976f60
        0x55ec9d976f60
        0x55ec9d976f60
        0x55ec9d976f60
        0x55ec9d976f60
        0x55ec9d976f60
        0x55ec9d976f60
        0x55ec9d976f60
        0x55ec9d976f60
        0x55ec9d976f60
        0x55ec9d976f60
        0x55ec9d976f60
        0x55ec9d976f60
        0x55ec9d976f60
        0x55ec9d976f60
        0x55ec9d976f60
        0x55ec9d976f60
        0x55ec9d976f60
        0x55ec9d976f60
        0x55ec9d976f60
        0x55ec9d976f60
        0x55ec9d976f60
        0x55ec9d976f60
        0x55ec9d976f60
        0x55ec9d976f60
        0x55ec9d976f60
        0x55ec9d976f60
        0x55ec9d976f60
        0x55ec9d976f60
        0x55ec9d976f60
        0x55ec9d976f60
        0x55ec9d976f60
        0x55ec9d976f60
        0x55ec9d976f60
        0x55ec9d976f60
        0x55ec9d976f60
        0x55ec9d976f60
        0x55ec9d976f60
        0x55ec9d976f60
        0x55ec9d976f60
        0x55ec9d976f60
        0x55ec9d976f60
        0x55ec9d976f60
        0x55ec9d976f60
        0x55ec9d976f60
        0x55ec9d976f60
        0x55ec9d976f60
        0x55ec9d976f60
        0x55ec9d976f60
        0x55ec9d976f60
        0x55ec9d976f60
        0x55ec9d976f60
        0x55ec9d976f60
        0x55ec9d976f60
        0x55ec9d976f60
        0x55ec9d976f60
        0x55ec9d976f60
        0x55ec9d976f60
        0x55ec9d976f60
        0x55ec9d976f60
        0x55ec9d976f60
        0x55ec9d976f60
        0x55ec9d976f60
        0x55ec9d976f60
        0x55ec9d976f60
        0x55ec9d976f60
        0x55ec9d976f60
        0x55ec9d976f60
        0x55ec9d976f60
        0x55ec9d976f60
        0x55ec9d976f60
        0x55ec9d976f60
        0x55ec9d976f60
        0x55ec9d976f60
        0x55ec9d976f60
        0x55ec9d976f60
        0x55ec9d976f60
        0x55ec9d976f60
        0x55ec9d976f60
        0x55ec9d976f60
        0x55ec9d976f60
        0x55ec9d976f60
        0x55ec9d976f60
        0x55ec9d976f60
        0x55ec9d976f60
        0x55ec9d976f60
        0x55ec9d976f60
        0x55ec9d976f60
        0x55ec9d976f60
        0x55ec9d976f60
        0x55ec9d976f60
]: 1
@preempt_stack[
        0x7f032ca0cc7d
]: 1
@preempt_stack[
        0x7f032c9cb64a
        0x130000
        0
        0
        0x55ec9fda8e90
]: 1
@preempt_stack[
        0x41a3e06e
        0x41a3c488
]: 1
@preempt_stack[
        0x7f03ce2c6bcc
        0x7f030000008d
        0
]: 1
@preempt_stack[
        0x7f032ca0f68f
        0x130000
        0
        0
        0x55ec9e44dae0
]: 1
@preempt_stack[
        0x7f03ce2d7ad1
        0xdcd0dc10dc40dc2
]: 1
@preempt_stack[
        0x7f03cdf073e0
        0x3231207265
]: 1
@preempt_stack[
        0x7f032ca0ce46
]: 1
@preempt_stack[
        0x7f032c9cb778
        0x130000
        0
        0
        0x55ec9fc96fa0
]: 1
@preempt_stack[
        0x7f03cdf05d6e
]: 1
@preempt_stack[
        0x7f03ce3517aa
]: 1
@preempt_stack[
        0x7f03ceea1b63
        0x7f0390c608d0
]: 1
@preempt_stack[
        0x7f03ce2c6871
        0x7f0391d3c1b0
]: 1
@preempt_stack[
        0x7f03ceba56b2
]: 1
@preempt_stack[
        0x7f03ce34ecb4
]: 1
@preempt_stack[
        0x7f032c9dcfa3
        0x120000
        0x55ec9f355188
        0x55ec9f355188
        0x55ec9f355188
        0x55ec9f355188
        0x55ec9f355188
        0x55ec9f355188
        0x55ec9f355188
        0x55ec9f355188
        0x55ec9f355188
        0x55ec9f355188
        0x55ec9f355188
        0x55ec9f355188
        0x55ec9f355188
        0x55ec9f355188
        0x55ec9f355188
        0x55ec9f355188
        0x55ec9f355188
        0x55ec9f355188
        0x55ec9f355188
        0x55ec9f355188
        0x55ec9f355188
        0x55ec9f355188
        0x55ec9f355188
        0x55ec9f355188
        0x55ec9f355188
        0x55ec9f355188
        0x55ec9f355188
        0x55ec9f355188
        0x55ec9f355188
        0x55ec9f355188
        0x55ec9f355188
        0x55ec9f355188
        0x55ec9f355188
        0x55ec9f355188
        0x55ec9f355188
        0x55ec9f355188
        0x55ec9f355188
        0x55ec9f355188
        0x55ec9f355188
        0x55ec9f355188
        0x55ec9f355188
        0x55ec9f355188
        0x55ec9f355188
        0x55ec9f355188
        0x55ec9f355188
        0x55ec9f355188
        0x55ec9f355188
        0x55ec9f355188
        0x55ec9f355188
        0x55ec9f355188
        0x55ec9f355188
        0x55ec9f355188
        0x55ec9f355188
        0x55ec9f355188
        0x55ec9f355188
        0x55ec9f355188
        0x55ec9f355188
        0x55ec9f355188
        0x55ec9f355188
        0x55ec9f355188
        0x55ec9f355188
        0x55ec9f355188
        0x55ec9f355188
        0x55ec9f355188
        0x55ec9f355188
        0x55ec9f355188
        0x55ec9f355188
        0x55ec9f355188
        0x55ec9f355188
        0x55ec9f355188
        0x55ec9f355188
        0x55ec9f355188
        0x55ec9f355188
        0x55ec9f355188
        0x55ec9f355188
        0x55ec9f355188
        0x55ec9f355188
        0x55ec9f355188
        0x55ec9f355188
        0x55ec9f355188
        0x55ec9f355188
        0x55ec9f355188
        0x55ec9f355188
        0x55ec9f355188
        0x55ec9f355188
        0x55ec9f355188
        0x55ec9f355188
        0x55ec9f355188
        0x55ec9f355188
        0x55ec9f355188
        0x55ec9f355188
        0x55ec9f355188
        0x55ec9f355188
        0x55ec9f355188
        0x55ec9f355188
        0x55ec9f355188
        0x55ec9f355188
        0x55ec9f355188
        0x55ec9f355188
        0x55ec9f355188
        0x55ec9f355188
        0x55ec9f355188
        0x55ec9f355188
        0x55ec9f355188
        0x55ec9f355188
        0x55ec9f355188
        0x55ec9f355188
        0x55ec9f355188
        0x55ec9f355188
        0x55ec9f355188
        0x55ec9f355188
        0x55ec9f355188
        0x55ec9f355188
        0x55ec9f355188
        0x55ec9f355188
        0x55ec9f355188
        0x55ec9f355188
        0x55ec9f355188
        0x55ec9f355188
        0x55ec9f355188
        0x55ec9f355188
        0x55ec9f355188
        0x55ec9f355188
        0x55ec9f355188
        0x55ec9f355188
]: 1
@preempt_stack[
        0x7f03ce32e26e
        0
]: 1
@preempt_stack[
        0x41579554
        0x41e94864
        0x41a03adf
        0x7f032c846428
        0x7f032c9e578f
        0x55ec9c6a2490
]: 1
@preempt_stack[
        0x7f03cdf53429
        0
]: 1
@preempt_stack[
        0x7f032c99810c
        0
]: 1
@preempt_stack[
        0x7f03ce347808
]: 1
@preempt_stack[
        0x40c370f2
        0x41e94864
        0x41a03adf
        0x7f032c846428
        0x7f032c9e578f
        0x55ec9c6a2490
]: 1
@preempt_stack[
        mono_stringify_assembly_name+159
]: 1
@preempt_stack[
        0x7f03ce2c6057
        0x7f03932b9c00
]: 1
@preempt_stack[
        0x41e93f64
        0x41e94864
        0x41a03adf
        0x7f032c846428
        0x7f032c9e578f
        0x55ec9c6a2490
]: 1
@preempt_stack[
        0x7f03ce10850d
]: 1
@preempt_stack[
        0x7f03cf0e65e0
        0x10000
        0x7f0393586d70
        0x58
]: 1
@preempt_stack[
        0x7f03cecb1fc2
]: 1
@preempt_stack[
        0x7f03ce107651
]: 1
@preempt_stack[
        0x7f03cd0b61f2
        0x21c
]: 1
@preempt_stack[
        0x7f03cd0b61f2
        0x7f032ca2b5d3
]: 1
@preempt_stack[
        0x7f03ce2d7f6b
        0x881
]: 1
@preempt_stack[
        0x7f032c9e44f1
        0x120000
        0x55ec9f35cf38
        0x55ec9f35cf38
        0x55ec9f35cf38
        0x55ec9f35cf38
        0x55ec9f35cf38
        0x55ec9f35cf38
        0x55ec9f35cf38
        0x55ec9f35cf38
        0x55ec9f35cf38
        0x55ec9f35cf38
        0x55ec9f35cf38
        0x55ec9f35cf38
        0x55ec9f35cf38
        0x55ec9f35cf38
        0x55ec9f35cf38
        0x55ec9f35cf38
        0x55ec9f35cf38
        0x55ec9f35cf38
        0x55ec9f35cf38
        0x55ec9f35cf38
        0x55ec9f35cf38
        0x55ec9f35cf38
        0x55ec9f35cf38
        0x55ec9f35cf38
        0x55ec9f35cf38
        0x55ec9f35cf38
        0x55ec9f35cf38
        0x55ec9f35cf38
        0x55ec9f35cf38
        0x55ec9f35cf38
        0x55ec9f35cf38
        0x55ec9f35cf38
        0x55ec9f35cf38
        0x55ec9f35cf38
        0x55ec9f35cf38
        0x55ec9f35cf38
        0x55ec9f35cf38
        0x55ec9f35cf38
        0x55ec9f35cf38
        0x55ec9f35cf38
        0x55ec9f35cf38
        0x55ec9f35cf38
        0x55ec9f35cf38
        0x55ec9f35cf38
        0x55ec9f35cf38
        0x55ec9f35cf38
        0x55ec9f35cf38
        0x55ec9f35cf38
        0x55ec9f35cf38
        0x55ec9f35cf38
        0x55ec9f35cf38
        0x55ec9f35cf38
        0x55ec9f35cf38
        0x55ec9f35cf38
        0x55ec9f35cf38
        0x55ec9f35cf38
        0x55ec9f35cf38
        0x55ec9f35cf38
        0x55ec9f35cf38
        0x55ec9f35cf38
        0x55ec9f35cf38
        0x55ec9f35cf38
        0x55ec9f35cf38
        0x55ec9f35cf38
        0x55ec9f35cf38
        0x55ec9f35cf38
        0x55ec9f35cf38
        0x55ec9f35cf38
        0x55ec9f35cf38
        0x55ec9f35cf38
        0x55ec9f35cf38
        0x55ec9f35cf38
        0x55ec9f35cf38
        0x55ec9f35cf38
        0x55ec9f35cf38
        0x55ec9f35cf38
        0x55ec9f35cf38
        0x55ec9f35cf38
        0x55ec9f35cf38
        0x55ec9f35cf38
        0x55ec9f35cf38
        0x55ec9f35cf38
        0x55ec9f35cf38
        0x55ec9f35cf38
        0x55ec9f35cf38
        0x55ec9f35cf38
        0x55ec9f35cf38
        0x55ec9f35cf38
        0x55ec9f35cf38
        0x55ec9f35cf38
        0x55ec9f35cf38
        0x55ec9f35cf38
        0x55ec9f35cf38
        0x55ec9f35cf38
        0x55ec9f35cf38
        0x55ec9f35cf38
        0x55ec9f35cf38
        0x55ec9f35cf38
        0x55ec9f35cf38
        0x55ec9f35cf38
        0x55ec9f35cf38
        0x55ec9f35cf38
        0x55ec9f35cf38
        0x55ec9f35cf38
        0x55ec9f35cf38
        0x55ec9f35cf38
        0x55ec9f35cf38
        0x55ec9f35cf38
        0x55ec9f35cf38
        0x55ec9f35cf38
        0x55ec9f35cf38
        0x55ec9f35cf38
        0x55ec9f35cf38
        0x55ec9f35cf38
        0x55ec9f35cf38
        0x55ec9f35cf38
        0x55ec9f35cf38
        0x55ec9f35cf38
        0x55ec9f35cf38
        0x55ec9f35cf38
        0x55ec9f35cf38
        0x55ec9f35cf38
        0x55ec9f35cf38
        0x55ec9f35cf38
        0x55ec9f35cf38
]: 1
@preempt_stack[
        0x41936e4b
]: 1
@preempt_stack[
        0x7f032c9cb665
        0x120000
        0x55ec9fca8510
        0x55ec9fca8510
        0x55ec9fca8510
        0x55ec9fca8510
        0x55ec9fca8510
        0x55ec9fca8510
        0x55ec9fca8510
        0x55ec9fca8510
        0x55ec9fca8510
        0x55ec9fca8510
        0x55ec9fca8510
        0x55ec9fca8510
        0x55ec9fca8510
        0x55ec9fca8510
        0x55ec9fca8510
        0x55ec9fca8510
        0x55ec9fca8510
        0x55ec9fca8510
        0x55ec9fca8510
        0x55ec9fca8510
        0x55ec9fca8510
        0x55ec9fca8510
        0x55ec9fca8510
        0x55ec9fca8510
        0x55ec9fca8510
        0x55ec9fca8510
        0x55ec9fca8510
        0x55ec9fca8510
        0x55ec9fca8510
        0x55ec9fca8510
        0x55ec9fca8510
        0x55ec9fca8510
        0x55ec9fca8510
        0x55ec9fca8510
        0x55ec9fca8510
        0x55ec9fca8510
        0x55ec9fca8510
        0x55ec9fca8510
        0x55ec9fca8510
        0x55ec9fca8510
        0x55ec9fca8510
        0x55ec9fca8510
        0x55ec9fca8510
        0x55ec9fca8510
        0x55ec9fca8510
        0x55ec9fca8510
        0x55ec9fca8510
        0x55ec9fca8510
        0x55ec9fca8510
        0x55ec9fca8510
        0x55ec9fca8510
        0x55ec9fca8510
        0x55ec9fca8510
        0x55ec9fca8510
        0x55ec9fca8510
        0x55ec9fca8510
        0x55ec9fca8510
        0x55ec9fca8510
        0x55ec9fca8510
        0x55ec9fca8510
        0x55ec9fca8510
        0x55ec9fca8510
        0x55ec9fca8510
        0x55ec9fca8510
        0x55ec9fca8510
        0x55ec9fca8510
        0x55ec9fca8510
        0x55ec9fca8510
        0x55ec9fca8510
        0x55ec9fca8510
        0x55ec9fca8510
        0x55ec9fca8510
        0x55ec9fca8510
        0x55ec9fca8510
        0x55ec9fca8510
        0x55ec9fca8510
        0x55ec9fca8510
        0x55ec9fca8510
        0x55ec9fca8510
        0x55ec9fca8510
        0x55ec9fca8510
        0x55ec9fca8510
        0x55ec9fca8510
        0x55ec9fca8510
        0x55ec9fca8510
        0x55ec9fca8510
        0x55ec9fca8510
        0x55ec9fca8510
        0x55ec9fca8510
        0x55ec9fca8510
        0x55ec9fca8510
        0x55ec9fca8510
        0x55ec9fca8510
        0x55ec9fca8510
        0x55ec9fca8510
        0x55ec9fca8510
        0x55ec9fca8510
        0x55ec9fca8510
        0x55ec9fca8510
        0x55ec9fca8510
        0x55ec9fca8510
        0x55ec9fca8510
        0x55ec9fca8510
        0x55ec9fca8510
        0x55ec9fca8510
        0x55ec9fca8510
        0x55ec9fca8510
        0x55ec9fca8510
        0x55ec9fca8510
        0x55ec9fca8510
        0x55ec9fca8510
        0x55ec9fca8510
        0x55ec9fca8510
        0x55ec9fca8510
        0x55ec9fca8510
        0x55ec9fca8510
        0x55ec9fca8510
        0x55ec9fca8510
        0x55ec9fca8510
        0x55ec9fca8510
        0x55ec9fca8510
        0x55ec9fca8510
        0x55ec9fca8510
        0x55ec9fca8510
        0x55ec9fca8510
]: 1
@preempt_stack[
        0x7f01c38e46b4
]: 1
@preempt_stack[
        0x7f03ce12ea12
        0x55ec9d21ba18
]: 1
@preempt_stack[
        0x7f03ce317fb6
]: 1
@preempt_stack[
        0x7f03cd1b88a7
        0x10000
        0x7f0393586d70
        0x58
]: 1
@preempt_stack[
        0x7f03cdb07364
        0
        0x1ffc7ff000000001
        0x55ec9d229a30
        0x55ec9d229a30
        0x55ec9d229a30
        0x55ec9d229a30
        0x55ec9d229a30
        0x55ec9d229a30
        0x55ec9d229a30
        0x55ec9d229a30
        0x55ec9d229a30
        0x55ec9d229a30
        0x55ec9d229a30
        0x55ec9d229a30
        0x55ec9d229a30
        0x55ec9d229a30
        0x55ec9d229a30
        0x55ec9d229a30
        0x55ec9d229a30
        0x55ec9d229a30
        0x55ec9d229a30
        0x55ec9d229a30
        0x55ec9d229a30
        0x55ec9d229a30
        0x55ec9d229a30
        0x55ec9d229a30
        0x55ec9d229a30
        0x55ec9d229a30
        0x55ec9d229a30
        0x55ec9d229a30
        0x55ec9d229a30
        0x55ec9d229a30
        0x55ec9d229a30
        0x55ec9d229a30
        0x55ec9d229a30
        0x55ec9d229a30
        0x55ec9d229a30
        0x55ec9d229a30
        0x55ec9d229a30
        0x55ec9d229a30
        0x55ec9d229a30
        0x55ec9d229a30
        0x55ec9d229a30
        0x55ec9d229a30
        0x55ec9d229a30
        0x55ec9d229a30
        0x55ec9d229a30
        0x55ec9d229a30
        0x55ec9d229a30
        0x55ec9d229a30
        0x55ec9d229a30
        0x55ec9d229a30
        0x55ec9d229a30
        0x55ec9d229a30
        0x55ec9d229a30
        0x55ec9d229a30
        0x55ec9d229a30
        0x55ec9d229a30
        0x55ec9d229a30
        0x55ec9d229a30
        0x55ec9d229a30
        0x55ec9d229a30
        0x55ec9d229a30
        0x55ec9d229a30
        0x55ec9d229a30
        0x55ec9d229a30
        0x55ec9d229a30
        0x55ec9d229a30
        0x55ec9d229a30
        0x55ec9d229a30
        0x55ec9d229a30
        0x55ec9d229a30
        0x55ec9d229a30
        0x55ec9d229a30
        0x55ec9d229a30
        0x55ec9d229a30
        0x55ec9d229a30
        0x55ec9d229a30
        0x55ec9d229a30
        0x55ec9d229a30
        0x55ec9d229a30
        0x55ec9d229a30
        0x55ec9d229a30
        0x55ec9d229a30
        0x55ec9d229a30
        0x55ec9d229a30
        0x55ec9d229a30
        0x55ec9d229a30
        0x55ec9d229a30
        0x55ec9d229a30
        0x55ec9d229a30
        0x55ec9d229a30
        0x55ec9d229a30
        0x55ec9d229a30
        0x55ec9d229a30
        0x55ec9d229a30
        0x55ec9d229a30
        0x55ec9d229a30
        0x55ec9d229a30
        0x55ec9d229a30
        0x55ec9d229a30
        0x55ec9d229a30
        0x55ec9d229a30
        0x55ec9d229a30
        0x55ec9d229a30
        0x55ec9d229a30
        0x55ec9d229a30
        0x55ec9d229a30
        0x55ec9d229a30
        0x55ec9d229a30
        0x55ec9d229a30
        0x55ec9d229a30
        0x55ec9d229a30
        0x55ec9d229a30
        0x55ec9d229a30
        0x55ec9d229a30
        0x55ec9d229a30
        0x55ec9d229a30
        0x55ec9d229a30
        0x55ec9d229a30
        0x55ec9d229a30
        0x55ec9d229a30
        0x55ec9d229a30
        0x55ec9d229a30
        0x55ec9d229a30
        0x55ec9d229a30
]: 1
@preempt_stack[
        0x7f03ce498854
]: 1
@preempt_stack[
        0x7f032ca0f68f
        0x120000
        0x55ec9e29b6f0
        0x55ec9e29b6f0
        0x55ec9e29b6f0
        0x55ec9e29b6f0
        0x55ec9e29b6f0
        0x55ec9e29b6f0
        0x55ec9e29b6f0
        0x55ec9e29b6f0
        0x55ec9e29b6f0
        0x55ec9e29b6f0
        0x55ec9e29b6f0
        0x55ec9e29b6f0
        0x55ec9e29b6f0
        0x55ec9e29b6f0
        0x55ec9e29b6f0
        0x55ec9e29b6f0
        0x55ec9e29b6f0
        0x55ec9e29b6f0
        0x55ec9e29b6f0
        0x55ec9e29b6f0
        0x55ec9e29b6f0
        0x55ec9e29b6f0
        0x55ec9e29b6f0
        0x55ec9e29b6f0
        0x55ec9e29b6f0
        0x55ec9e29b6f0
        0x55ec9e29b6f0
        0x55ec9e29b6f0
        0x55ec9e29b6f0
        0x55ec9e29b6f0
        0x55ec9e29b6f0
        0x55ec9e29b6f0
        0x55ec9e29b6f0
        0x55ec9e29b6f0
        0x55ec9e29b6f0
        0x55ec9e29b6f0
        0x55ec9e29b6f0
        0x55ec9e29b6f0
        0x55ec9e29b6f0
        0x55ec9e29b6f0
        0x55ec9e29b6f0
        0x55ec9e29b6f0
        0x55ec9e29b6f0
        0x55ec9e29b6f0
        0x55ec9e29b6f0
        0x55ec9e29b6f0
        0x55ec9e29b6f0
        0x55ec9e29b6f0
        0x55ec9e29b6f0
        0x55ec9e29b6f0
        0x55ec9e29b6f0
        0x55ec9e29b6f0
        0x55ec9e29b6f0
        0x55ec9e29b6f0
        0x55ec9e29b6f0
        0x55ec9e29b6f0
        0x55ec9e29b6f0
        0x55ec9e29b6f0
        0x55ec9e29b6f0
        0x55ec9e29b6f0
        0x55ec9e29b6f0
        0x55ec9e29b6f0
        0x55ec9e29b6f0
        0x55ec9e29b6f0
        0x55ec9e29b6f0
        0x55ec9e29b6f0
        0x55ec9e29b6f0
        0x55ec9e29b6f0
        0x55ec9e29b6f0
        0x55ec9e29b6f0
        0x55ec9e29b6f0
        0x55ec9e29b6f0
        0x55ec9e29b6f0
        0x55ec9e29b6f0
        0x55ec9e29b6f0
        0x55ec9e29b6f0
        0x55ec9e29b6f0
        0x55ec9e29b6f0
        0x55ec9e29b6f0
        0x55ec9e29b6f0
        0x55ec9e29b6f0
        0x55ec9e29b6f0
        0x55ec9e29b6f0
        0x55ec9e29b6f0
        0x55ec9e29b6f0
        0x55ec9e29b6f0
        0x55ec9e29b6f0
        0x55ec9e29b6f0
        0x55ec9e29b6f0
        0x55ec9e29b6f0
        0x55ec9e29b6f0
        0x55ec9e29b6f0
        0x55ec9e29b6f0
        0x55ec9e29b6f0
        0x55ec9e29b6f0
        0x55ec9e29b6f0
        0x55ec9e29b6f0
        0x55ec9e29b6f0
        0x55ec9e29b6f0
        0x55ec9e29b6f0
        0x55ec9e29b6f0
        0x55ec9e29b6f0
        0x55ec9e29b6f0
        0x55ec9e29b6f0
        0x55ec9e29b6f0
        0x55ec9e29b6f0
        0x55ec9e29b6f0
        0x55ec9e29b6f0
        0x55ec9e29b6f0
        0x55ec9e29b6f0
        0x55ec9e29b6f0
        0x55ec9e29b6f0
        0x55ec9e29b6f0
        0x55ec9e29b6f0
        0x55ec9e29b6f0
        0x55ec9e29b6f0
        0x55ec9e29b6f0
        0x55ec9e29b6f0
        0x55ec9e29b6f0
        0x55ec9e29b6f0
        0x55ec9e29b6f0
        0x55ec9e29b6f0
        0x55ec9e29b6f0
        0x55ec9e29b6f0
        0x55ec9e29b6f0
]: 1
@preempt_stack[
        0x7f03ce34ed1e
        0x26115f8
        0xcd09b4000eba1f0e
]: 1
@preempt_stack[
        0x7f03cdf073e0
        0x38207265
]: 1
@preempt_stack[
        0x7f03ce351069
]: 1
@preempt_stack[
        0x7f032c9cb612
        0
        0
        0x55ec9cbfdd80
]: 1
@preempt_stack[
        0x7f03cecb3699
]: 1
@preempt_stack[
        0x7f032ca56df1
]: 1
@preempt_stack[
        0x7f032c9dcfa3
        0x120000
        0x55ec9cea8948
        0x55ec9cea8948
        0x55ec9cea8948
        0x55ec9cea8948
        0x55ec9cea8948
        0x55ec9cea8948
        0x55ec9cea8948
        0x55ec9cea8948
        0x55ec9cea8948
        0x55ec9cea8948
        0x55ec9cea8948
        0x55ec9cea8948
        0x55ec9cea8948
        0x55ec9cea8948
        0x55ec9cea8948
        0x55ec9cea8948
        0x55ec9cea8948
        0x55ec9cea8948
        0x55ec9cea8948
        0x55ec9cea8948
        0x55ec9cea8948
        0x55ec9cea8948
        0x55ec9cea8948
        0x55ec9cea8948
        0x55ec9cea8948
        0x55ec9cea8948
        0x55ec9cea8948
        0x55ec9cea8948
        0x55ec9cea8948
        0x55ec9cea8948
        0x55ec9cea8948
        0x55ec9cea8948
        0x55ec9cea8948
        0x55ec9cea8948
        0x55ec9cea8948
        0x55ec9cea8948
        0x55ec9cea8948
        0x55ec9cea8948
        0x55ec9cea8948
        0x55ec9cea8948
        0x55ec9cea8948
        0x55ec9cea8948
        0x55ec9cea8948
        0x55ec9cea8948
        0x55ec9cea8948
        0x55ec9cea8948
        0x55ec9cea8948
        0x55ec9cea8948
        0x55ec9cea8948
        0x55ec9cea8948
        0x55ec9cea8948
        0x55ec9cea8948
        0x55ec9cea8948
        0x55ec9cea8948
        0x55ec9cea8948
        0x55ec9cea8948
        0x55ec9cea8948
        0x55ec9cea8948
        0x55ec9cea8948
        0x55ec9cea8948
        0x55ec9cea8948
        0x55ec9cea8948
        0x55ec9cea8948
        0x55ec9cea8948
        0x55ec9cea8948
        0x55ec9cea8948
        0x55ec9cea8948
        0x55ec9cea8948
        0x55ec9cea8948
        0x55ec9cea8948
        0x55ec9cea8948
        0x55ec9cea8948
        0x55ec9cea8948
        0x55ec9cea8948
        0x55ec9cea8948
        0x55ec9cea8948
        0x55ec9cea8948
        0x55ec9cea8948
        0x55ec9cea8948
        0x55ec9cea8948
        0x55ec9cea8948
        0x55ec9cea8948
        0x55ec9cea8948
        0x55ec9cea8948
        0x55ec9cea8948
        0x55ec9cea8948
        0x55ec9cea8948
        0x55ec9cea8948
        0x55ec9cea8948
        0x55ec9cea8948
        0x55ec9cea8948
        0x55ec9cea8948
        0x55ec9cea8948
        0x55ec9cea8948
        0x55ec9cea8948
        0x55ec9cea8948
        0x55ec9cea8948
        0x55ec9cea8948
        0x55ec9cea8948
        0x55ec9cea8948
        0x55ec9cea8948
        0x55ec9cea8948
        0x55ec9cea8948
        0x55ec9cea8948
        0x55ec9cea8948
        0x55ec9cea8948
        0x55ec9cea8948
        0x55ec9cea8948
        0x55ec9cea8948
        0x55ec9cea8948
        0x55ec9cea8948
        0x55ec9cea8948
        0x55ec9cea8948
        0x55ec9cea8948
        0x55ec9cea8948
        0x55ec9cea8948
        0x55ec9cea8948
        0x55ec9cea8948
        0x55ec9cea8948
        0x55ec9cea8948
        0x55ec9cea8948
        0x55ec9cea8948
        0x55ec9cea8948
        0x55ec9cea8948
        0x55ec9cea8948
]: 1
@preempt_stack[
        0x7f03cecfda6f
]: 1
@preempt_stack[
        __pthread_mutex_unlock+7
]: 1
@preempt_stack[
        0x7f03cec907d0
]: 1
@preempt_stack[
        0x7f03cdf05932
        0
]: 1
@preempt_stack[
        0x7f03cdccd18e
]: 1
@preempt_stack[
        0x7f032ca0e2d3
]: 1
@preempt_stack[
        0x7f032c9cb5a5
        0x130000
        0
        0
        0x55ec9f35b580
]: 1
@preempt_stack[
        0x7f03ceb780e9
        0x7f7e3ebd18b1ea3d
]: 1
@preempt_stack[
        0x7f032c9cb612
        0x4
        0
        0x55ec9f8e42f0
]: 1
@preempt_stack[
        0x7f03cdf05bab
        0
]: 1
@preempt_stack[
        0x7f032c9ce502
        0x55ec9fe779c8
        0x55ec9fe779c8
        0x55ec9fe779c8
        0x55ec9fe779c8
        0x55ec9fe779c8
        0x55ec9fe779c8
        0x55ec9fe779c8
        0x55ec9fe779c8
        0x55ec9fe779c8
        0x55ec9fe779c8
        0x55ec9fe779c8
        0x55ec9fe779c8
        0x55ec9fe779c8
        0x55ec9fe779c8
        0x55ec9fe779c8
        0x55ec9fe779c8
        0x55ec9fe779c8
        0x55ec9fe779c8
        0x55ec9fe779c8
        0x55ec9fe779c8
        0x55ec9fe779c8
        0x55ec9fe779c8
        0x55ec9fe779c8
        0x55ec9fe779c8
        0x55ec9fe779c8
        0x55ec9fe779c8
        0x55ec9fe779c8
        0x55ec9fe779c8
        0x55ec9fe779c8
        0x55ec9fe779c8
        0x55ec9fe779c8
        0x55ec9fe779c8
        0x55ec9fe779c8
        0x55ec9fe779c8
        0x55ec9fe779c8
        0x55ec9fe779c8
        0x55ec9fe779c8
        0x55ec9fe779c8
        0x55ec9fe779c8
        0x55ec9fe779c8
        0x55ec9fe779c8
        0x55ec9fe779c8
        0x55ec9fe779c8
        0x55ec9fe779c8
        0x55ec9fe779c8
        0x55ec9fe779c8
        0x55ec9fe779c8
        0x55ec9fe779c8
        0x55ec9fe779c8
        0x55ec9fe779c8
        0x55ec9fe779c8
        0x55ec9fe779c8
        0x55ec9fe779c8
        0x55ec9fe779c8
        0x55ec9fe779c8
        0x55ec9fe779c8
        0x55ec9fe779c8
        0x55ec9fe779c8
        0x55ec9fe779c8
        0x55ec9fe779c8
        0x55ec9fe779c8
        0x55ec9fe779c8
        0x55ec9fe779c8
        0x55ec9fe779c8
        0x55ec9fe779c8
        0x55ec9fe779c8
        0x55ec9fe779c8
        0x55ec9fe779c8
        0x55ec9fe779c8
        0x55ec9fe779c8
        0x55ec9fe779c8
        0x55ec9fe779c8
        0x55ec9fe779c8
        0x55ec9fe779c8
        0x55ec9fe779c8
        0x55ec9fe779c8
        0x55ec9fe779c8
        0x55ec9fe779c8
        0x55ec9fe779c8
        0x55ec9fe779c8
        0x55ec9fe779c8
        0x55ec9fe779c8
        0x55ec9fe779c8
        0x55ec9fe779c8
        0x55ec9fe779c8
        0x55ec9fe779c8
        0x55ec9fe779c8
        0x55ec9fe779c8
        0x55ec9fe779c8
        0x55ec9fe779c8
        0x55ec9fe779c8
        0x55ec9fe779c8
        0x55ec9fe779c8
        0x55ec9fe779c8
        0x55ec9fe779c8
        0x55ec9fe779c8
        0x55ec9fe779c8
        0x55ec9fe779c8
        0x55ec9fe779c8
        0x55ec9fe779c8
        0x55ec9fe779c8
        0x55ec9fe779c8
        0x55ec9fe779c8
        0x55ec9fe779c8
        0x55ec9fe779c8
        0x55ec9fe779c8
        0x55ec9fe779c8
        0x55ec9fe779c8
        0x55ec9fe779c8
        0x55ec9fe779c8
        0x55ec9fe779c8
        0x55ec9fe779c8
        0x55ec9fe779c8
        0x55ec9fe779c8
        0x55ec9fe779c8
        0x55ec9fe779c8
        0x55ec9fe779c8
        0x55ec9fe779c8
        0x55ec9fe779c8
        0x55ec9fe779c8
        0x55ec9fe779c8
        0x55ec9fe779c8
        0x55ec9fe779c8
        0x55ec9fe779c8
        0x55ec9fe779c8
        0x55ec9fe779c8
]: 1
@preempt_stack[
        0x7f032c9cb665
        0x130000
        0x2
        0
        0x55ec9f6b8b70
]: 1
@preempt_stack[
        0x7f032ca50cab
        0xbc00088000007f01
]: 1
@preempt_stack[
        0x7f032ca0dc46
]: 1
@preempt_stack[
        0x7f03ce37bc10
]: 1
@preempt_stack[
        mono_conc_hashtable_lookup+122
        0
]: 1
@preempt_stack[
        0x7f03ce2c6db4
        0x7f03935c1600
]: 1
@preempt_stack[
        0x7f03cebb2971
]: 1
@preempt_stack[
        0x7f03cecfddb3
]: 1
@preempt_stack[
        0x7f032c9dcfa3
        0x120000
        0x55ec9caea8c8
        0x55ec9caea8c8
        0x55ec9caea8c8
        0x55ec9caea8c8
        0x55ec9caea8c8
        0x55ec9caea8c8
        0x55ec9caea8c8
        0x55ec9caea8c8
        0x55ec9caea8c8
        0x55ec9caea8c8
        0x55ec9caea8c8
        0x55ec9caea8c8
        0x55ec9caea8c8
        0x55ec9caea8c8
        0x55ec9caea8c8
        0x55ec9caea8c8
        0x55ec9caea8c8
        0x55ec9caea8c8
        0x55ec9caea8c8
        0x55ec9caea8c8
        0x55ec9caea8c8
        0x55ec9caea8c8
        0x55ec9caea8c8
        0x55ec9caea8c8
        0x55ec9caea8c8
        0x55ec9caea8c8
        0x55ec9caea8c8
        0x55ec9caea8c8
        0x55ec9caea8c8
        0x55ec9caea8c8
        0x55ec9caea8c8
        0x55ec9caea8c8
        0x55ec9caea8c8
        0x55ec9caea8c8
        0x55ec9caea8c8
        0x55ec9caea8c8
        0x55ec9caea8c8
        0x55ec9caea8c8
        0x55ec9caea8c8
        0x55ec9caea8c8
        0x55ec9caea8c8
        0x55ec9caea8c8
        0x55ec9caea8c8
        0x55ec9caea8c8
        0x55ec9caea8c8
        0x55ec9caea8c8
        0x55ec9caea8c8
        0x55ec9caea8c8
        0x55ec9caea8c8
        0x55ec9caea8c8
        0x55ec9caea8c8
        0x55ec9caea8c8
        0x55ec9caea8c8
        0x55ec9caea8c8
        0x55ec9caea8c8
        0x55ec9caea8c8
        0x55ec9caea8c8
        0x55ec9caea8c8
        0x55ec9caea8c8
        0x55ec9caea8c8
        0x55ec9caea8c8
        0x55ec9caea8c8
        0x55ec9caea8c8
        0x55ec9caea8c8
        0x55ec9caea8c8
        0x55ec9caea8c8
        0x55ec9caea8c8
        0x55ec9caea8c8
        0x55ec9caea8c8
        0x55ec9caea8c8
        0x55ec9caea8c8
        0x55ec9caea8c8
        0x55ec9caea8c8
        0x55ec9caea8c8
        0x55ec9caea8c8
        0x55ec9caea8c8
        0x55ec9caea8c8
        0x55ec9caea8c8
        0x55ec9caea8c8
        0x55ec9caea8c8
        0x55ec9caea8c8
        0x55ec9caea8c8
        0x55ec9caea8c8
        0x55ec9caea8c8
        0x55ec9caea8c8
        0x55ec9caea8c8
        0x55ec9caea8c8
        0x55ec9caea8c8
        0x55ec9caea8c8
        0x55ec9caea8c8
        0x55ec9caea8c8
        0x55ec9caea8c8
        0x55ec9caea8c8
        0x55ec9caea8c8
        0x55ec9caea8c8
        0x55ec9caea8c8
        0x55ec9caea8c8
        0x55ec9caea8c8
        0x55ec9caea8c8
        0x55ec9caea8c8
        0x55ec9caea8c8
        0x55ec9caea8c8
        0x55ec9caea8c8
        0x55ec9caea8c8
        0x55ec9caea8c8
        0x55ec9caea8c8
        0x55ec9caea8c8
        0x55ec9caea8c8
        0x55ec9caea8c8
        0x55ec9caea8c8
        0x55ec9caea8c8
        0x55ec9caea8c8
        0x55ec9caea8c8
        0x55ec9caea8c8
        0x55ec9caea8c8
        0x55ec9caea8c8
        0x55ec9caea8c8
        0x55ec9caea8c8
        0x55ec9caea8c8
        0x55ec9caea8c8
        0x55ec9caea8c8
        0x55ec9caea8c8
        0x55ec9caea8c8
        0x55ec9caea8c8
        0x55ec9caea8c8
]: 1
@preempt_stack[
        0x41a3912b
        0x40bcc7a6
        0x7f032c846428
        0x7f032c9e578f
        0x55ec9c6a2490
]: 1
@preempt_stack[
        0x7f03cdf05cd5
        0
]: 1
@preempt_stack[
        0x7f03cdf073e0
        0x3432207265
]: 1
@preempt_stack[
        0x7f03ce3202b8
        0x7f0300010000
        0x7f0391c72ff0
        0x58
]: 1
@preempt_stack[
        0x7f03ce30f631
        0x7f0391cb8840
]: 1
@preempt_stack[
        0x7f03ce3512d0
]: 1
@preempt_stack[
        0x7f01c38e22de
        0
]: 1
@preempt_stack[
        0x7f03ce2c6db4
        0x7f03932b9c00
]: 1
@preempt_stack[
        0x41d141c0
        0x4168eed6
        0x4168a944
        0x7f032c846428
        0x7f032c9e578f
        0x55ec9c6a2490
]: 1
@preempt_stack[
        0x7f03ce2d7bfa
        0xa44
]: 1
@preempt_stack[
        0x7f03cdf015ec
]: 1
@preempt_stack[
        0x7f032c9cb5f1
        0
        0
        0x55ec9f35bd30
]: 1
@preempt_stack[
        0x40bb83aa
        0x416f5368
        0x41a0c934
        0x40bcc7a6
        0x7f032c846428
        0x7f032c9e578f
        0x55ec9c6a2490
]: 1
@preempt_stack[
        0x7f03ce32e26a
        0x843
]: 1
@preempt_stack[
        0x7f03ceba56bb
]: 1
@preempt_stack[
        0x7f03cedc6069
        0xc0b
]: 1
@preempt_stack[
        0x7f03cdf0161e
        0
]: 1
@preempt_stack[
        mono_class_get_checked+31
]: 1
@preempt_stack[
        0x7f032c9cb606
        0
        0
        0x55ec9fc96fa0
]: 1
@preempt_stack[
        0x7f032c9ce4d8
        0x55ec9c662e78
        0x55ec9c662e78
        0x55ec9c662e78
        0x55ec9c662e78
        0x55ec9c662e78
        0x55ec9c662e78
        0x55ec9c662e78
        0x55ec9c662e78
        0x55ec9c662e78
        0x55ec9c662e78
        0x55ec9c662e78
        0x55ec9c662e78
        0x55ec9c662e78
        0x55ec9c662e78
        0x55ec9c662e78
        0x55ec9c662e78
        0x55ec9c662e78
        0x55ec9c662e78
        0x55ec9c662e78
        0x55ec9c662e78
        0x55ec9c662e78
        0x55ec9c662e78
        0x55ec9c662e78
        0x55ec9c662e78
        0x55ec9c662e78
        0x55ec9c662e78
        0x55ec9c662e78
        0x55ec9c662e78
        0x55ec9c662e78
        0x55ec9c662e78
        0x55ec9c662e78
        0x55ec9c662e78
        0x55ec9c662e78
        0x55ec9c662e78
        0x55ec9c662e78
        0x55ec9c662e78
        0x55ec9c662e78
        0x55ec9c662e78
        0x55ec9c662e78
        0x55ec9c662e78
        0x55ec9c662e78
        0x55ec9c662e78
        0x55ec9c662e78
        0x55ec9c662e78
        0x55ec9c662e78
        0x55ec9c662e78
        0x55ec9c662e78
        0x55ec9c662e78
        0x55ec9c662e78
        0x55ec9c662e78
        0x55ec9c662e78
        0x55ec9c662e78
        0x55ec9c662e78
        0x55ec9c662e78
        0x55ec9c662e78
        0x55ec9c662e78
        0x55ec9c662e78
        0x55ec9c662e78
        0x55ec9c662e78
        0x55ec9c662e78
        0x55ec9c662e78
        0x55ec9c662e78
        0x55ec9c662e78
        0x55ec9c662e78
        0x55ec9c662e78
        0x55ec9c662e78
        0x55ec9c662e78
        0x55ec9c662e78
        0x55ec9c662e78
        0x55ec9c662e78
        0x55ec9c662e78
        0x55ec9c662e78
        0x55ec9c662e78
        0x55ec9c662e78
        0x55ec9c662e78
        0x55ec9c662e78
        0x55ec9c662e78
        0x55ec9c662e78
        0x55ec9c662e78
        0x55ec9c662e78
        0x55ec9c662e78
        0x55ec9c662e78
        0x55ec9c662e78
        0x55ec9c662e78
        0x55ec9c662e78
        0x55ec9c662e78
        0x55ec9c662e78
        0x55ec9c662e78
        0x55ec9c662e78
        0x55ec9c662e78
        0x55ec9c662e78
        0x55ec9c662e78
        0x55ec9c662e78
        0x55ec9c662e78
        0x55ec9c662e78
        0x55ec9c662e78
        0x55ec9c662e78
        0x55ec9c662e78
        0x55ec9c662e78
        0x55ec9c662e78
        0x55ec9c662e78
        0x55ec9c662e78
        0x55ec9c662e78
        0x55ec9c662e78
        0x55ec9c662e78
        0x55ec9c662e78
        0x55ec9c662e78
        0x55ec9c662e78
        0x55ec9c662e78
        0x55ec9c662e78
        0x55ec9c662e78
        0x55ec9c662e78
        0x55ec9c662e78
        0x55ec9c662e78
        0x55ec9c662e78
        0x55ec9c662e78
        0x55ec9c662e78
        0x55ec9c662e78
        0x55ec9c662e78
        0x55ec9c662e78
        0x55ec9c662e78
        0x55ec9c662e78
        0x55ec9c662e78
        0x55ec9c662e78
        0x55ec9c662e78
        0x55ec9c662e78
]: 1
@preempt_stack[
        0x7f032c9dcfd2
]: 1
@preempt_stack[
        0x7f03ce3243c8
        0x21
]: 2
@preempt_stack[
        0x7f03ceba569d
]: 2
@preempt_stack[
        0x7f032ca4d77d
]: 2
@preempt_stack[
        __pthread_getspecific+0
]: 2
@preempt_stack[
        0x41e94165
        0x41e94864
        0x41a03adf
        0x7f032c846428
        0x7f032c9e578f
        0x55ec9c6a2490
]: 2
@preempt_stack[
        0x7f032c9acc15
        0
]: 2
@preempt_stack[
        mono_metadata_type_hash+80
        0x110000
        0x55ec9c662e78
        0x55ec9c662e78
        0x55ec9c662e78
        0x55ec9c662e78
        0x55ec9c662e78
        0x55ec9c662e78
        0x55ec9c662e78
        0x55ec9c662e78
        0x55ec9c662e78
        0x55ec9c662e78
        0x55ec9c662e78
        0x55ec9c662e78
        0x55ec9c662e78
        0x55ec9c662e78
        0x55ec9c662e78
        0x55ec9c662e78
        0x55ec9c662e78
        0x55ec9c662e78
        0x55ec9c662e78
        0x55ec9c662e78
        0x55ec9c662e78
        0x55ec9c662e78
        0x55ec9c662e78
        0x55ec9c662e78
        0x55ec9c662e78
        0x55ec9c662e78
        0x55ec9c662e78
        0x55ec9c662e78
        0x55ec9c662e78
        0x55ec9c662e78
        0x55ec9c662e78
        0x55ec9c662e78
        0x55ec9c662e78
        0x55ec9c662e78
        0x55ec9c662e78
        0x55ec9c662e78
        0x55ec9c662e78
        0x55ec9c662e78
        0x55ec9c662e78
        0x55ec9c662e78
        0x55ec9c662e78
        0x55ec9c662e78
        0x55ec9c662e78
        0x55ec9c662e78
        0x55ec9c662e78
        0x55ec9c662e78
        0x55ec9c662e78
        0x55ec9c662e78
        0x55ec9c662e78
        0x55ec9c662e78
        0x55ec9c662e78
        0x55ec9c662e78
        0x55ec9c662e78
        0x55ec9c662e78
        0x55ec9c662e78
        0x55ec9c662e78
        0x55ec9c662e78
        0x55ec9c662e78
        0x55ec9c662e78
        0x55ec9c662e78
        0x55ec9c662e78
        0x55ec9c662e78
        0x55ec9c662e78
        0x55ec9c662e78
        0x55ec9c662e78
        0x55ec9c662e78
        0x55ec9c662e78
        0x55ec9c662e78
        0x55ec9c662e78
        0x55ec9c662e78
        0x55ec9c662e78
        0x55ec9c662e78
        0x55ec9c662e78
        0x55ec9c662e78
        0x55ec9c662e78
        0x55ec9c662e78
        0x55ec9c662e78
        0x55ec9c662e78
        0x55ec9c662e78
        0x55ec9c662e78
        0x55ec9c662e78
        0x55ec9c662e78
        0x55ec9c662e78
        0x55ec9c662e78
        0x55ec9c662e78
        0x55ec9c662e78
        0x55ec9c662e78
        0x55ec9c662e78
        0x55ec9c662e78
        0x55ec9c662e78
        0x55ec9c662e78
        0x55ec9c662e78
        0x55ec9c662e78
        0x55ec9c662e78
        0x55ec9c662e78
        0x55ec9c662e78
        0x55ec9c662e78
        0x55ec9c662e78
        0x55ec9c662e78
        0x55ec9c662e78
        0x55ec9c662e78
        0x55ec9c662e78
        0x55ec9c662e78
        0x55ec9c662e78
        0x55ec9c662e78
        0x55ec9c662e78
        0x55ec9c662e78
        0x55ec9c662e78
        0x55ec9c662e78
        0x55ec9c662e78
        0x55ec9c662e78
        0x55ec9c662e78
        0x55ec9c662e78
        0x55ec9c662e78
        0x55ec9c662e78
        0x55ec9c662e78
        0x55ec9c662e78
        0x55ec9c662e78
        0x55ec9c662e78
        0x55ec9c662e78
        0x55ec9c662e78
        0x55ec9c662e78
        0x55ec9c662e78
        0x55ec9c662e78
        0x55ec9c662e78
]: 2
@preempt_stack[
        0x7f032ca3fa47
]: 2
@preempt_stack[
        0x41e93f14
        0x41e94864
        0x41a03adf
        0x7f032c846428
        0x7f032c9e578f
        0x55ec9c6a2490
]: 2
@preempt_stack[
        0x41e93f38
        0x41e94864
        0x41a03adf
        0x7f032c846428
        0x7f032c9e578f
        0x55ec9c6a2490
]: 2
@preempt_stack[
        0x7f03ce31a3b1
        0x7f03000005b5
        0
]: 2
@preempt_stack[
        0x7f032c9ace53
        0
]: 2
@preempt_stack[
        0x7f032c9cb8ee
]: 2
@preempt_stack[
        syscall+35
]: 2
@preempt_stack[
        0x7f03ce34fa4e
]: 2
@preempt_stack[
        0x7f032c9acbcc
        0
]: 2
@preempt_stack[
        pthread_mutex_trylock+909
        0x110000
        0x55ec9c662e78
        0x55ec9c662e78
        0x55ec9c662e78
        0x55ec9c662e78
        0x55ec9c662e78
        0x55ec9c662e78
        0x55ec9c662e78
        0x55ec9c662e78
        0x55ec9c662e78
        0x55ec9c662e78
        0x55ec9c662e78
        0x55ec9c662e78
        0x55ec9c662e78
        0x55ec9c662e78
        0x55ec9c662e78
        0x55ec9c662e78
        0x55ec9c662e78
        0x55ec9c662e78
        0x55ec9c662e78
        0x55ec9c662e78
        0x55ec9c662e78
        0x55ec9c662e78
        0x55ec9c662e78
        0x55ec9c662e78
        0x55ec9c662e78
        0x55ec9c662e78
        0x55ec9c662e78
        0x55ec9c662e78
        0x55ec9c662e78
        0x55ec9c662e78
        0x55ec9c662e78
        0x55ec9c662e78
        0x55ec9c662e78
        0x55ec9c662e78
        0x55ec9c662e78
        0x55ec9c662e78
        0x55ec9c662e78
        0x55ec9c662e78
        0x55ec9c662e78
        0x55ec9c662e78
        0x55ec9c662e78
        0x55ec9c662e78
        0x55ec9c662e78
        0x55ec9c662e78
        0x55ec9c662e78
        0x55ec9c662e78
        0x55ec9c662e78
        0x55ec9c662e78
        0x55ec9c662e78
        0x55ec9c662e78
        0x55ec9c662e78
        0x55ec9c662e78
        0x55ec9c662e78
        0x55ec9c662e78
        0x55ec9c662e78
        0x55ec9c662e78
        0x55ec9c662e78
        0x55ec9c662e78
        0x55ec9c662e78
        0x55ec9c662e78
        0x55ec9c662e78
        0x55ec9c662e78
        0x55ec9c662e78
        0x55ec9c662e78
        0x55ec9c662e78
        0x55ec9c662e78
        0x55ec9c662e78
        0x55ec9c662e78
        0x55ec9c662e78
        0x55ec9c662e78
        0x55ec9c662e78
        0x55ec9c662e78
        0x55ec9c662e78
        0x55ec9c662e78
        0x55ec9c662e78
        0x55ec9c662e78
        0x55ec9c662e78
        0x55ec9c662e78
        0x55ec9c662e78
        0x55ec9c662e78
        0x55ec9c662e78
        0x55ec9c662e78
        0x55ec9c662e78
        0x55ec9c662e78
        0x55ec9c662e78
        0x55ec9c662e78
        0x55ec9c662e78
        0x55ec9c662e78
        0x55ec9c662e78
        0x55ec9c662e78
        0x55ec9c662e78
        0x55ec9c662e78
        0x55ec9c662e78
        0x55ec9c662e78
        0x55ec9c662e78
        0x55ec9c662e78
        0x55ec9c662e78
        0x55ec9c662e78
        0x55ec9c662e78
        0x55ec9c662e78
        0x55ec9c662e78
        0x55ec9c662e78
        0x55ec9c662e78
        0x55ec9c662e78
        0x55ec9c662e78
        0x55ec9c662e78
        0x55ec9c662e78
        0x55ec9c662e78
        0x55ec9c662e78
        0x55ec9c662e78
        0x55ec9c662e78
        0x55ec9c662e78
        0x55ec9c662e78
        0x55ec9c662e78
        0x55ec9c662e78
        0x55ec9c662e78
        0x55ec9c662e78
        0x55ec9c662e78
        0x55ec9c662e78
        0x55ec9c662e78
        0x55ec9c662e78
        0x55ec9c662e78
        0x55ec9c662e78
        0x55ec9c662e78
        0x55ec9c662e78
]: 2
@preempt_stack[
        0x7f03cdf05d1c
        0
]: 2
@preempt_stack[
        0x7f03ce37bc35
]: 2
@preempt_stack[
        0x7f01c3106335
]: 2
@preempt_stack[
        0x7f03ce10842f
]: 2
@preempt_stack[
        0x7f032c9cb626
]: 2
@preempt_stack[
        mono_thread_info_uninstall_interrupt+37
]: 2
@preempt_stack[
        0x7f032c9ade3e
]: 2
@preempt_stack[
        0x7f03cdf05d05
        0
]: 2
@preempt_stack[
        0x41e94024
        0x41e94864
        0x41a03adf
        0x7f032c846428
        0x7f032c9e578f
        0x55ec9c6a2490
]: 2
@preempt_stack[
        0x7f032c9dcfc3
]: 2
@preempt_stack[
        0x7f03ce32dd2e
        0x41f0280f00000038
]: 2
@preempt_stack[
        0x40c37144
        0x41e94864
        0x41a03adf
        0x7f032c846428
        0x7f032c9e578f
        0x55ec9c6a2490
]: 2
@preempt_stack[
        0x7f03cdf05cc9
        0
]: 2
@preempt_stack[
        _pthread_cleanup_pop+8
]: 2
@preempt_stack[
        __pthread_getspecific+0
        0xbc00088000007f01
]: 2
@preempt_stack[
        0x7f03ce35176e
]: 2
@preempt_stack[
        0x7f03ce109470
]: 2
@preempt_stack[
        0x7f03cdf05bfd
        0
]: 2
@preempt_stack[
        0x7f03cdf05d8e
]: 2
@preempt_stack[
        0x7f01c319ceee
]: 2
@preempt_stack[
        0x7f03ce34e922
        0x2eaf0cdb28aa9316
]: 2
@preempt_stack[
        0x7f032c9cb77e
        0x120000
        0x55ec9de460b0
        0x55ec9de460b0
        0x55ec9de460b0
        0x55ec9de460b0
        0x55ec9de460b0
        0x55ec9de460b0
        0x55ec9de460b0
        0x55ec9de460b0
        0x55ec9de460b0
        0x55ec9de460b0
        0x55ec9de460b0
        0x55ec9de460b0
        0x55ec9de460b0
        0x55ec9de460b0
        0x55ec9de460b0
        0x55ec9de460b0
        0x55ec9de460b0
        0x55ec9de460b0
        0x55ec9de460b0
        0x55ec9de460b0
        0x55ec9de460b0
        0x55ec9de460b0
        0x55ec9de460b0
        0x55ec9de460b0
        0x55ec9de460b0
        0x55ec9de460b0
        0x55ec9de460b0
        0x55ec9de460b0
        0x55ec9de460b0
        0x55ec9de460b0
        0x55ec9de460b0
        0x55ec9de460b0
        0x55ec9de460b0
        0x55ec9de460b0
        0x55ec9de460b0
        0x55ec9de460b0
        0x55ec9de460b0
        0x55ec9de460b0
        0x55ec9de460b0
        0x55ec9de460b0
        0x55ec9de460b0
        0x55ec9de460b0
        0x55ec9de460b0
        0x55ec9de460b0
        0x55ec9de460b0
        0x55ec9de460b0
        0x55ec9de460b0
        0x55ec9de460b0
        0x55ec9de460b0
        0x55ec9de460b0
        0x55ec9de460b0
        0x55ec9de460b0
        0x55ec9de460b0
        0x55ec9de460b0
        0x55ec9de460b0
        0x55ec9de460b0
        0x55ec9de460b0
        0x55ec9de460b0
        0x55ec9de460b0
        0x55ec9de460b0
        0x55ec9de460b0
        0x55ec9de460b0
        0x55ec9de460b0
        0x55ec9de460b0
        0x55ec9de460b0
        0x55ec9de460b0
        0x55ec9de460b0
        0x55ec9de460b0
        0x55ec9de460b0
        0x55ec9de460b0
        0x55ec9de460b0
        0x55ec9de460b0
        0x55ec9de460b0
        0x55ec9de460b0
        0x55ec9de460b0
        0x55ec9de460b0
        0x55ec9de460b0
        0x55ec9de460b0
        0x55ec9de460b0
        0x55ec9de460b0
        0x55ec9de460b0
        0x55ec9de460b0
        0x55ec9de460b0
        0x55ec9de460b0
        0x55ec9de460b0
        0x55ec9de460b0
        0x55ec9de460b0
        0x55ec9de460b0
        0x55ec9de460b0
        0x55ec9de460b0
        0x55ec9de460b0
        0x55ec9de460b0
        0x55ec9de460b0
        0x55ec9de460b0
        0x55ec9de460b0
        0x55ec9de460b0
        0x55ec9de460b0
        0x55ec9de460b0
        0x55ec9de460b0
        0x55ec9de460b0
        0x55ec9de460b0
        0x55ec9de460b0
        0x55ec9de460b0
        0x55ec9de460b0
        0x55ec9de460b0
        0x55ec9de460b0
        0x55ec9de460b0
        0x55ec9de460b0
        0x55ec9de460b0
        0x55ec9de460b0
        0x55ec9de460b0
        0x55ec9de460b0
        0x55ec9de460b0
        0x55ec9de460b0
        0x55ec9de460b0
        0x55ec9de460b0
        0x55ec9de460b0
        0x55ec9de460b0
        0x55ec9de460b0
        0x55ec9de460b0
        0x55ec9de460b0
        0x55ec9de460b0
        0x55ec9de460b0
        0x55ec9de460b0
        0x55ec9de460b0
]: 2
@preempt_stack[
        0x7f03ce347290
]: 2
@preempt_stack[
        0x7f03cdf07326
]: 2
@preempt_stack[
        0x7f032c9dcfa3
        0x110000
        0x55ec9f202860
        0x55ec9f202860
        0x55ec9f202860
        0x55ec9f202860
        0x55ec9f202860
        0x55ec9f202860
        0x55ec9f202860
        0x55ec9f202860
        0x55ec9f202860
        0x55ec9f202860
        0x55ec9f202860
        0x55ec9f202860
        0x55ec9f202860
        0x55ec9f202860
        0x55ec9f202860
        0x55ec9f202860
        0x55ec9f202860
        0x55ec9f202860
        0x55ec9f202860
        0x55ec9f202860
        0x55ec9f202860
        0x55ec9f202860
        0x55ec9f202860
        0x55ec9f202860
        0x55ec9f202860
        0x55ec9f202860
        0x55ec9f202860
        0x55ec9f202860
        0x55ec9f202860
        0x55ec9f202860
        0x55ec9f202860
        0x55ec9f202860
        0x55ec9f202860
        0x55ec9f202860
        0x55ec9f202860
        0x55ec9f202860
        0x55ec9f202860
        0x55ec9f202860
        0x55ec9f202860
        0x55ec9f202860
        0x55ec9f202860
        0x55ec9f202860
        0x55ec9f202860
        0x55ec9f202860
        0x55ec9f202860
        0x55ec9f202860
        0x55ec9f202860
        0x55ec9f202860
        0x55ec9f202860
        0x55ec9f202860
        0x55ec9f202860
        0x55ec9f202860
        0x55ec9f202860
        0x55ec9f202860
        0x55ec9f202860
        0x55ec9f202860
        0x55ec9f202860
        0x55ec9f202860
        0x55ec9f202860
        0x55ec9f202860
        0x55ec9f202860
        0x55ec9f202860
        0x55ec9f202860
        0x55ec9f202860
        0x55ec9f202860
        0x55ec9f202860
        0x55ec9f202860
        0x55ec9f202860
        0x55ec9f202860
        0x55ec9f202860
        0x55ec9f202860
        0x55ec9f202860
        0x55ec9f202860
        0x55ec9f202860
        0x55ec9f202860
        0x55ec9f202860
        0x55ec9f202860
        0x55ec9f202860
        0x55ec9f202860
        0x55ec9f202860
        0x55ec9f202860
        0x55ec9f202860
        0x55ec9f202860
        0x55ec9f202860
        0x55ec9f202860
        0x55ec9f202860
        0x55ec9f202860
        0x55ec9f202860
        0x55ec9f202860
        0x55ec9f202860
        0x55ec9f202860
        0x55ec9f202860
        0x55ec9f202860
        0x55ec9f202860
        0x55ec9f202860
        0x55ec9f202860
        0x55ec9f202860
        0x55ec9f202860
        0x55ec9f202860
        0x55ec9f202860
        0x55ec9f202860
        0x55ec9f202860
        0x55ec9f202860
        0x55ec9f202860
        0x55ec9f202860
        0x55ec9f202860
        0x55ec9f202860
        0x55ec9f202860
        0x55ec9f202860
        0x55ec9f202860
        0x55ec9f202860
        0x55ec9f202860
        0x55ec9f202860
        0x55ec9f202860
        0x55ec9f202860
        0x55ec9f202860
        0x55ec9f202860
        0x55ec9f202860
        0x55ec9f202860
        0x55ec9f202860
        0x55ec9f202860
        0x55ec9f202860
        0x55ec9f202860
        0x55ec9f202860
        0x55ec9f202860
]: 2
@preempt_stack[
        0x7f03ce12b624
        mono_runtime_invoke_array+0
        0xd6894910ec834853
]: 2
@preempt_stack[
        0x7f032c9dcfcb
]: 2
@preempt_stack[
        0x40c370f6
        0x41e94864
        0x41a03adf
        0x7f032c846428
        0x7f032c9e578f
        0x55ec9c6a2490
]: 2
@preempt_stack[
        0x7f03cdccc035
]: 2
@preempt_stack[
        0x7f03ce10811a
]: 2
@preempt_stack[
        0x40bcf57b
        0x41e94864
        0x41a03adf
        0x7f032c846428
        0x7f032c9e578f
        0x55ec9c6a2490
]: 2
@preempt_stack[
        0x41e93f76
        0x41e94864
        0x41a03adf
        0x7f032c846428
        0x7f032c9e578f
        0x55ec9c6a2490
]: 2
@preempt_stack[
        0x7f03cdf05d3f
]: 2
@preempt_stack[
        0x40bcf54d
        0x41e94864
        0x41a03adf
        0x7f032c846428
        0x7f032c9e578f
        0x55ec9c6a2490
]: 2
@preempt_stack[
        0x7f032c9ac925
        0x416f5368
        0x41a0c934
        0x40bcc7a6
        0x7f032c846428
        0x7f032c9e578f
        0x55ec9c6a2490
]: 2
@preempt_stack[
        0x7f03cdf0594c
        0
]: 2
@preempt_stack[
        0x7f03cdf075e0
        0
]: 2
@preempt_stack[
        GC_dirty_inner+41
        0x40bcc7a6
        0x7f032c846428
        0x7f032c9e578f
        0x55ec9c6a2490
]: 2
@preempt_stack[
        0x7f03ce351764
]: 2
@preempt_stack[
        0x7f03cdf05c76
]: 2
@preempt_stack[
        0x7f03cdf0161e
        0xc0b
]: 2
@preempt_stack[
        0x7f03cdf075e9
        0
]: 3
@preempt_stack[
        0x7f03cdf05b5d
]: 3
@preempt_stack[
        0x7f03cdf077de
        0
]: 3
@preempt_stack[
        0x7f032c99843e
        0
]: 3
@preempt_stack[
        0x7f032ca0c355
        0
]: 3
@preempt_stack[
        0x7f03cdf05cfb
        0
]: 3
@preempt_stack[
        0x7f03cdf05cf6
        0
]: 3
@preempt_stack[
        0x7f03ce33d001
]: 3
@preempt_stack[
        0x7f03cdf077d2
        0
]: 3
@preempt_stack[
        0x7f03cf389bdd
        __clock_gettime+29
]: 3
@preempt_stack[
        0x7f03cecdbda1
]: 3
@preempt_stack[
        clock_nanosleep+138
]: 3
@preempt_stack[
        __pthread_mutex_unlock+68
        0
        0x1c00000000000001
        0x55ec9c668de8
        0x55ec9c668de8
        0x55ec9c668de8
        0x55ec9c668de8
        0x55ec9c668de8
        0x55ec9c668de8
        0x55ec9c668de8
        0x55ec9c668de8
        0x55ec9c668de8
        0x55ec9c668de8
        0x55ec9c668de8
        0x55ec9c668de8
        0x55ec9c668de8
        0x55ec9c668de8
        0x55ec9c668de8
        0x55ec9c668de8
        0x55ec9c668de8
        0x55ec9c668de8
        0x55ec9c668de8
        0x55ec9c668de8
        0x55ec9c668de8
        0x55ec9c668de8
        0x55ec9c668de8
        0x55ec9c668de8
        0x55ec9c668de8
        0x55ec9c668de8
        0x55ec9c668de8
        0x55ec9c668de8
        0x55ec9c668de8
        0x55ec9c668de8
        0x55ec9c668de8
        0x55ec9c668de8
        0x55ec9c668de8
        0x55ec9c668de8
        0x55ec9c668de8
        0x55ec9c668de8
        0x55ec9c668de8
        0x55ec9c668de8
        0x55ec9c668de8
        0x55ec9c668de8
        0x55ec9c668de8
        0x55ec9c668de8
        0x55ec9c668de8
        0x55ec9c668de8
        0x55ec9c668de8
        0x55ec9c668de8
        0x55ec9c668de8
        0x55ec9c668de8
        0x55ec9c668de8
        0x55ec9c668de8
        0x55ec9c668de8
        0x55ec9c668de8
        0x55ec9c668de8
        0x55ec9c668de8
        0x55ec9c668de8
        0x55ec9c668de8
        0x55ec9c668de8
        0x55ec9c668de8
        0x55ec9c668de8
        0x55ec9c668de8
        0x55ec9c668de8
        0x55ec9c668de8
        0x55ec9c668de8
        0x55ec9c668de8
        0x55ec9c668de8
        0x55ec9c668de8
        0x55ec9c668de8
        0x55ec9c668de8
        0x55ec9c668de8
        0x55ec9c668de8
        0x55ec9c668de8
        0x55ec9c668de8
        0x55ec9c668de8
        0x55ec9c668de8
        0x55ec9c668de8
        0x55ec9c668de8
        0x55ec9c668de8
        0x55ec9c668de8
        0x55ec9c668de8
        0x55ec9c668de8
        0x55ec9c668de8
        0x55ec9c668de8
        0x55ec9c668de8
        0x55ec9c668de8
        0x55ec9c668de8
        0x55ec9c668de8
        0x55ec9c668de8
        0x55ec9c668de8
        0x55ec9c668de8
        0x55ec9c668de8
        0x55ec9c668de8
        0x55ec9c668de8
        0x55ec9c668de8
        0x55ec9c668de8
        0x55ec9c668de8
        0x55ec9c668de8
        0x55ec9c668de8
        0x55ec9c668de8
        0x55ec9c668de8
        0x55ec9c668de8
        0x55ec9c668de8
        0x55ec9c668de8
        0x55ec9c668de8
        0x55ec9c668de8
        0x55ec9c668de8
        0x55ec9c668de8
        0x55ec9c668de8
        0x55ec9c668de8
        0x55ec9c668de8
        0x55ec9c668de8
        0x55ec9c668de8
        0x55ec9c668de8
        0x55ec9c668de8
        0x55ec9c668de8
        0x55ec9c668de8
        0x55ec9c668de8
        0x55ec9c668de8
        0x55ec9c668de8
        0x55ec9c668de8
        0x55ec9c668de8
        0x55ec9c668de8
        0x55ec9c668de8
        0x55ec9c668de8
        0x55ec9c668de8
]: 3
@preempt_stack[
        0x7f032c9cb61b
]: 3
@preempt_stack[
        0x7f032c9ace91
        0
]: 3
@preempt_stack[
        0x7f032c9cb8e0
]: 3
@preempt_stack[
        0x7f032c9dcfcf
]: 3
@preempt_stack[
        0x7f032ca0c35a
]: 3
@preempt_stack[
        0x7f03ce2be710
]: 3
@preempt_stack[
        GC_dirty_inner+41
        0x416f5368
        0x41a0c934
        0x40bcc7a6
        0x7f032c846428
        0x7f032c9e578f
        0x55ec9c6a2490
]: 3
@preempt_stack[
        0x7f03cdf075ea
        0
]: 3
@preempt_stack[
        0x7f03cd0a95d4
]: 3
@preempt_stack[
        0x7f032c9dcfa3
        0x110000
        0x55ec9c662e78
        0x55ec9c662e78
        0x55ec9c662e78
        0x55ec9c662e78
        0x55ec9c662e78
        0x55ec9c662e78
        0x55ec9c662e78
        0x55ec9c662e78
        0x55ec9c662e78
        0x55ec9c662e78
        0x55ec9c662e78
        0x55ec9c662e78
        0x55ec9c662e78
        0x55ec9c662e78
        0x55ec9c662e78
        0x55ec9c662e78
        0x55ec9c662e78
        0x55ec9c662e78
        0x55ec9c662e78
        0x55ec9c662e78
        0x55ec9c662e78
        0x55ec9c662e78
        0x55ec9c662e78
        0x55ec9c662e78
        0x55ec9c662e78
        0x55ec9c662e78
        0x55ec9c662e78
        0x55ec9c662e78
        0x55ec9c662e78
        0x55ec9c662e78
        0x55ec9c662e78
        0x55ec9c662e78
        0x55ec9c662e78
        0x55ec9c662e78
        0x55ec9c662e78
        0x55ec9c662e78
        0x55ec9c662e78
        0x55ec9c662e78
        0x55ec9c662e78
        0x55ec9c662e78
        0x55ec9c662e78
        0x55ec9c662e78
        0x55ec9c662e78
        0x55ec9c662e78
        0x55ec9c662e78
        0x55ec9c662e78
        0x55ec9c662e78
        0x55ec9c662e78
        0x55ec9c662e78
        0x55ec9c662e78
        0x55ec9c662e78
        0x55ec9c662e78
        0x55ec9c662e78
        0x55ec9c662e78
        0x55ec9c662e78
        0x55ec9c662e78
        0x55ec9c662e78
        0x55ec9c662e78
        0x55ec9c662e78
        0x55ec9c662e78
        0x55ec9c662e78
        0x55ec9c662e78
        0x55ec9c662e78
        0x55ec9c662e78
        0x55ec9c662e78
        0x55ec9c662e78
        0x55ec9c662e78
        0x55ec9c662e78
        0x55ec9c662e78
        0x55ec9c662e78
        0x55ec9c662e78
        0x55ec9c662e78
        0x55ec9c662e78
        0x55ec9c662e78
        0x55ec9c662e78
        0x55ec9c662e78
        0x55ec9c662e78
        0x55ec9c662e78
        0x55ec9c662e78
        0x55ec9c662e78
        0x55ec9c662e78
        0x55ec9c662e78
        0x55ec9c662e78
        0x55ec9c662e78
        0x55ec9c662e78
        0x55ec9c662e78
        0x55ec9c662e78
        0x55ec9c662e78
        0x55ec9c662e78
        0x55ec9c662e78
        0x55ec9c662e78
        0x55ec9c662e78
        0x55ec9c662e78
        0x55ec9c662e78
        0x55ec9c662e78
        0x55ec9c662e78
        0x55ec9c662e78
        0x55ec9c662e78
        0x55ec9c662e78
        0x55ec9c662e78
        0x55ec9c662e78
        0x55ec9c662e78
        0x55ec9c662e78
        0x55ec9c662e78
        0x55ec9c662e78
        0x55ec9c662e78
        0x55ec9c662e78
        0x55ec9c662e78
        0x55ec9c662e78
        0x55ec9c662e78
        0x55ec9c662e78
        0x55ec9c662e78
        0x55ec9c662e78
        0x55ec9c662e78
        0x55ec9c662e78
        0x55ec9c662e78
        0x55ec9c662e78
        0x55ec9c662e78
        0x55ec9c662e78
        0x55ec9c662e78
        0x55ec9c662e78
        0x55ec9c662e78
        0x55ec9c662e78
        0x55ec9c662e78
        0x55ec9c662e78
]: 3
@preempt_stack[
        __pthread_mutex_unlock+68
]: 3
@preempt_stack[
        0x7f032c9a23b6
        0
]: 3
@preempt_stack[
        0x7f03cd0a95cd
]: 3
@preempt_stack[
        0x7f03ce1083ce
]: 3
@preempt_stack[
        0x7f03ceba5940
]: 3
@preempt_stack[
        pthread_cond_timedwait+511
]: 3
@preempt_stack[
        0x7f032ca56df7
]: 3
@preempt_stack[
        0x7f032ca0c35d
]: 4
@preempt_stack[
        0x7f03cdf075ef
        0
]: 4
@preempt_stack[
        0x7f032c9ac960
]: 4
@preempt_stack[
        pthread_mutex_trylock+909
]: 4
@preempt_stack[
        GC_dirty_inner+41
]: 4
@preempt_stack[
        0x41e94be3
        0x41e94864
        0x41a03adf
        0x7f032c846428
        0x7f032c9e578f
        0x55ec9c6a2490
]: 4
@preempt_stack[
        0x7f03cdf07736
]: 4
@preempt_stack[
        0x7f03cdf073d1
]: 4
@preempt_stack[
        0x7f03cdf05b7a
]: 5
@preempt_stack[
        0x7f03cd0a95c8
]: 5
@preempt_stack[
        0x7f03cdf075bb
]: 5
@preempt_stack[
        0x7f03cdf05cb7
        0
]: 5
@preempt_stack[
        0x7f032c9cb629
]: 5
@preempt_stack[
        0x7f032c97b240
]: 5
@preempt_stack[
        0x7f03cdf05ccf
        0
]: 5
@preempt_stack[
        0x7f03cdf05cdb
        0
]: 5
@preempt_stack[
        0x7f032ca0c357
]: 5
@preempt_stack[
        __clock_gettime+18
        0xbc00088000007f01
]: 6
@preempt_stack[
        0x7f03cdf05b73
]: 6
@preempt_stack[
        0x7f03cdf05d93
]: 6
@preempt_stack[
        0x7f03ce33cf9c
]: 8
@preempt_stack[
        0x7f03cd0abeb0
]: 8
@preempt_stack[
        0x7f03cdf077d5
        0
]: 8
@preempt_stack[
        0x7f032c9acc12
        0
]: 9
@preempt_stack[
        0x7f03cdf05b28
]: 10
@preempt_stack[
        0x7f03cdf07341
]: 10
@preempt_stack[
        0x7f03cdf077d9
        0
]: 10
@preempt_stack[
        0x7f032ca0c355
]: 10
@preempt_stack[
        0x7f032c99de92
]: 10
@preempt_stack[
        0x7f03cd0a9847
]: 10
@preempt_stack[
        0x7f03cdf073e3
]: 11
@preempt_stack[
        0x7f03ceb72002
]: 12
@preempt_stack[
        0x7f032ca0f6a9
        0
        0x1c00000000000001
        0x55ec9c668de8
        0x55ec9c668de8
        0x55ec9c668de8
        0x55ec9c668de8
        0x55ec9c668de8
        0x55ec9c668de8
        0x55ec9c668de8
        0x55ec9c668de8
        0x55ec9c668de8
        0x55ec9c668de8
        0x55ec9c668de8
        0x55ec9c668de8
        0x55ec9c668de8
        0x55ec9c668de8
        0x55ec9c668de8
        0x55ec9c668de8
        0x55ec9c668de8
        0x55ec9c668de8
        0x55ec9c668de8
        0x55ec9c668de8
        0x55ec9c668de8
        0x55ec9c668de8
        0x55ec9c668de8
        0x55ec9c668de8
        0x55ec9c668de8
        0x55ec9c668de8
        0x55ec9c668de8
        0x55ec9c668de8
        0x55ec9c668de8
        0x55ec9c668de8
        0x55ec9c668de8
        0x55ec9c668de8
        0x55ec9c668de8
        0x55ec9c668de8
        0x55ec9c668de8
        0x55ec9c668de8
        0x55ec9c668de8
        0x55ec9c668de8
        0x55ec9c668de8
        0x55ec9c668de8
        0x55ec9c668de8
        0x55ec9c668de8
        0x55ec9c668de8
        0x55ec9c668de8
        0x55ec9c668de8
        0x55ec9c668de8
        0x55ec9c668de8
        0x55ec9c668de8
        0x55ec9c668de8
        0x55ec9c668de8
        0x55ec9c668de8
        0x55ec9c668de8
        0x55ec9c668de8
        0x55ec9c668de8
        0x55ec9c668de8
        0x55ec9c668de8
        0x55ec9c668de8
        0x55ec9c668de8
        0x55ec9c668de8
        0x55ec9c668de8
        0x55ec9c668de8
        0x55ec9c668de8
        0x55ec9c668de8
        0x55ec9c668de8
        0x55ec9c668de8
        0x55ec9c668de8
        0x55ec9c668de8
        0x55ec9c668de8
        0x55ec9c668de8
        0x55ec9c668de8
        0x55ec9c668de8
        0x55ec9c668de8
        0x55ec9c668de8
        0x55ec9c668de8
        0x55ec9c668de8
        0x55ec9c668de8
        0x55ec9c668de8
        0x55ec9c668de8
        0x55ec9c668de8
        0x55ec9c668de8
        0x55ec9c668de8
        0x55ec9c668de8
        0x55ec9c668de8
        0x55ec9c668de8
        0x55ec9c668de8
        0x55ec9c668de8
        0x55ec9c668de8
        0x55ec9c668de8
        0x55ec9c668de8
        0x55ec9c668de8
        0x55ec9c668de8
        0x55ec9c668de8
        0x55ec9c668de8
        0x55ec9c668de8
        0x55ec9c668de8
        0x55ec9c668de8
        0x55ec9c668de8
        0x55ec9c668de8
        0x55ec9c668de8
        0x55ec9c668de8
        0x55ec9c668de8
        0x55ec9c668de8
        0x55ec9c668de8
        0x55ec9c668de8
        0x55ec9c668de8
        0x55ec9c668de8
        0x55ec9c668de8
        0x55ec9c668de8
        0x55ec9c668de8
        0x55ec9c668de8
        0x55ec9c668de8
        0x55ec9c668de8
        0x55ec9c668de8
        0x55ec9c668de8
        0x55ec9c668de8
        0x55ec9c668de8
        0x55ec9c668de8
        0x55ec9c668de8
        0x55ec9c668de8
        0x55ec9c668de8
        0x55ec9c668de8
        0x55ec9c668de8
        0x55ec9c668de8
        0x55ec9c668de8
]: 12
@preempt_stack[
        0x7f03cdf077d0
        0
]: 14
@preempt_stack[
        0x40ba1e20
        0x416f5368
        0x41a0c934
        0x40bcc7a6
        0x7f032c846428
        0x7f032c9e578f
        0x55ec9c6a2490
]: 15
@preempt_stack[
        0x7f03cdf07607
        0
]: 17
@preempt_stack[
        0x7f03cdf07601
        0
]: 19
@preempt_stack[
        0x7f032c9cb62c
]: 22
@preempt_stack[
        0x7f03cdf05ccc
        0
]: 23
@preempt_stack[
        0x7f03ceb71ffe
]: 23
@preempt_stack[
        0x7f032c9ace8e
        0
]: 28
@preempt_stack[
        0x7f03cdf05d9b
]: 32
@preempt_stack[
        0x7f03cdf075f7
        0
]: 41
@preempt_stack[
        0x7f032c9b2517
]: 41
@preempt_stack[
        0x7f03cd0b61f2
]: 58
@preempt_stack[
        0x7f03cdf073e0
]: 120
@preempt_stack[
        0x7f03cdf075fe
        0
]: 367
@preempt_stack[
        syscall+29
]: 459
@preempt_stack[
        0x7f03cdf075fa
        0
]: 622
@preempted: 2923
@prev_state[16]: 3
@prev_state[2]: 791
@prev_state[256]: 1804
@prev_state[0]: 2923
@prev_state[1]: 151095
