/home/maci/Desktop/7dtd/7dtd-loadgen/workspace/bench/lap1/wander-2bot/apm/session_20260822_085145_pid855510/bt/states.bt:35:20-25: WARNING: Expression of type: uint64 being cast to type: int64. This may cause unexpected results. Use an explicit cast to suppress this warning.
    $us = (uint64)(nsecs - @main_wake) / 1000;
                   ~~~~~
/home/maci/Desktop/7dtd/7dtd-loadgen/workspace/bench/lap1/wander-2bot/apm/session_20260822_085145_pid855510/bt/states.bt:35:28-38: WARNING: Expression of type: uint64 being cast to type: int64. This may cause unexpected results. Use an explicit cast to suppress this warning.
    $us = (uint64)(nsecs - @main_wake) / 1000;
                           ~~~~~~~~~~
/home/maci/Desktop/7dtd/7dtd-loadgen/workspace/bench/lap1/wander-2bot/apm/session_20260822_085145_pid855510/bt/states.bt:36:5-24: WARNING: Return value discarded.
    delete(@main_wake);
    ~~~~~~~~~~~~~~~~~~~

=== switch-out prev_state counts (0=R preempt) ===
@prev_state[16]: 34
@prev_state[2]: 1077
@prev_state[256]: 3991
@prev_state[0]: 4848
@prev_state[1]: 325871

=== preemption count ===
@preempted: 4848

=== main-thread run-queue latency us (wake -> scheduled) ===
@main_runqlat_us:
[0]                 5740 |@@@@@@@@@@@@@@@@@@@@@@@@@@@@@@@@@@@@@@@@@@@@@@@@@@@@|
[1]                 1022 |@@@@@@@@@                                           |
[2, 4)               573 |@@@@@                                               |
[4, 8)                69 |                                                    |
[8, 16)               34 |                                                    |
[16, 32)               6 |                                                    |
[32, 64)              12 |                                                    |
[64, 128)              3 |                                                    |
[128, 256)             2 |                                                    |
[256, 512)             5 |                                                    |
[512, 1K)              2 |                                                    |


=== main-thread runq stall (>=1ms) total us + count ===

=== preempt stacks (top) ===
@preempt_stack[
        sched_yield+11
]: 11
@preempt_stack[
        0x7f953e4a69ed
]: 11
@preempt_stack[
        0x7f953d907601
        0
]: 11
@preempt_stack[
        0x7f953d905b28
]: 12
@preempt_stack[
        0x7f953d9077d0
        0
]: 12
@preempt_stack[
        0x7f953d907607
        0
]: 13
@preempt_stack[
        0x7f953e4a6921
]: 15
@preempt_stack[
        0x7f949ca0f6a9
        0
        0x1c00000000000001
        0x558431b48de8
        0x558431b48de8
        0x558431b48de8
        0x558431b48de8
        0x558431b48de8
        0x558431b48de8
        0x558431b48de8
        0x558431b48de8
        0x558431b48de8
        0x558431b48de8
        0x558431b48de8
        0x558431b48de8
        0x558431b48de8
        0x558431b48de8
        0x558431b48de8
        0x558431b48de8
        0x558431b48de8
        0x558431b48de8
        0x558431b48de8
        0x558431b48de8
        0x558431b48de8
        0x558431b48de8
        0x558431b48de8
        0x558431b48de8
        0x558431b48de8
        0x558431b48de8
        0x558431b48de8
        0x558431b48de8
        0x558431b48de8
        0x558431b48de8
        0x558431b48de8
        0x558431b48de8
        0x558431b48de8
        0x558431b48de8
        0x558431b48de8
        0x558431b48de8
        0x558431b48de8
        0x558431b48de8
        0x558431b48de8
        0x558431b48de8
        0x558431b48de8
        0x558431b48de8
        0x558431b48de8
        0x558431b48de8
        0x558431b48de8
        0x558431b48de8
        0x558431b48de8
        0x558431b48de8
        0x558431b48de8
        0x558431b48de8
        0x558431b48de8
        0x558431b48de8
        0x558431b48de8
        0x558431b48de8
        0x558431b48de8
        0x558431b48de8
        0x558431b48de8
        0x558431b48de8
        0x558431b48de8
        0x558431b48de8
        0x558431b48de8
        0x558431b48de8
        0x558431b48de8
        0x558431b48de8
        0x558431b48de8
        0x558431b48de8
        0x558431b48de8
        0x558431b48de8
        0x558431b48de8
        0x558431b48de8
        0x558431b48de8
        0x558431b48de8
        0x558431b48de8
        0x558431b48de8
        0x558431b48de8
        0x558431b48de8
        0x558431b48de8
        0x558431b48de8
        0x558431b48de8
        0x558431b48de8
        0x558431b48de8
        0x558431b48de8
        0x558431b48de8
        0x558431b48de8
        0x558431b48de8
        0x558431b48de8
        0x558431b48de8
        0x558431b48de8
        0x558431b48de8
        0x558431b48de8
        0x558431b48de8
        0x558431b48de8
        0x558431b48de8
        0x558431b48de8
        0x558431b48de8
        0x558431b48de8
        0x558431b48de8
        0x558431b48de8
        0x558431b48de8
        0x558431b48de8
        0x558431b48de8
        0x558431b48de8
        0x558431b48de8
        0x558431b48de8
        0x558431b48de8
        0x558431b48de8
        0x558431b48de8
        0x558431b48de8
        0x558431b48de8
        0x558431b48de8
        0x558431b48de8
        0x558431b48de8
        0x558431b48de8
        0x558431b48de8
        0x558431b48de8
        0x558431b48de8
        0x558431b48de8
        0x558431b48de8
        0x558431b48de8
        0x558431b48de8
        0x558431b48de8
        0x558431b48de8
        0x558431b48de8
        0x558431b48de8
]: 16
@preempt_stack[
        0x40cadc60
        0x40ce0114
]: 16
@preempt_stack[
        0x40d5bb46
        0x40d56ef8
        0x40d56d80
        0x40d53864
        0
        0
        0x558432736408
        0x558432736408
        0x558432736408
        0x558432736408
        0x558432736408
        0x558432736408
        0x558432736408
        0x558432736408
        0x558432736408
        0x558432736408
        0x558432736408
        0x558432736408
        0x558432736408
        0x558432736408
        0x558432736408
        0x558432736408
        0x558432736408
        0x558432736408
        0x558432736408
        0x558432736408
        0x558432736408
        0x558432736408
        0x558432736408
        0x558432736408
        0x558432736408
        0x558432736408
        0x558432736408
        0x558432736408
        0x558432736408
        0x558432736408
        0x558432736408
        0x558432736408
        0x558432736408
        0x558432736408
        0x558432736408
        0x558432736408
        0x558432736408
        0x558432736408
        0x558432736408
        0x558432736408
        0x558432736408
        0x558432736408
        0x558432736408
        0x558432736408
        0x558432736408
        0x558432736408
        0x558432736408
        0x558432736408
        0x558432736408
        0x558432736408
        0x558432736408
        0x558432736408
        0x558432736408
        0x558432736408
        0x558432736408
        0x558432736408
        0x558432736408
        0x558432736408
        0x558432736408
        0x558432736408
        0x558432736408
        0x558432736408
        0x558432736408
        0x558432736408
        0x558432736408
        0x558432736408
        0x558432736408
        0x558432736408
        0x558432736408
        0x558432736408
        0x558432736408
        0x558432736408
        0x558432736408
        0x558432736408
        0x558432736408
        0x558432736408
        0x558432736408
        0x558432736408
        0x558432736408
        0x558432736408
        0x558432736408
        0x558432736408
        0x558432736408
        0x558432736408
        0x558432736408
        0x558432736408
        0x558432736408
        0x558432736408
        0x558432736408
        0x558432736408
        0x558432736408
        0x558432736408
        0x558432736408
        0x558432736408
        0x558432736408
        0x558432736408
        0x558432736408
        0x558432736408
        0x558432736408
        0x558432736408
        0x558432736408
        0x558432736408
        0x558432736408
        0x558432736408
        0x558432736408
        0x558432736408
        0x558432736408
        0x558432736408
        0x558432736408
        0x558432736408
        0x558432736408
        0x558432736408
        0x558432736408
        0x558432736408
        0x558432736408
        0x558432736408
        0x558432736408
        0x558432736408
        0x558432736408
        0x558432736408
        0x558432736408
]: 17
@preempt_stack[
        0x7f953d905d9b
]: 18
@preempt_stack[
        0x7f949ca0c355
]: 19
@preempt_stack[
        0x7f953e4a68bc
]: 21
@preempt_stack[
        0x7f949c9cb62c
]: 21
@preempt_stack[
        0x7f953e4a690c
]: 22
@preempt_stack[
        0x7f953caa97c3
]: 29
@preempt_stack[
        0x7f953d905ccc
        0
]: 30
@preempt_stack[
        0x7f949c9ace8e
        0
]: 31
@preempt_stack[
        0x7f949c9b2517
]: 33
@preempt_stack[
        0x7f953e4a6c42
]: 35
@preempt_stack[
        __pthread_mutex_unlock+68
]: 37
@preempt_stack[
        0x7f953e4a6919
]: 48
@preempt_stack[
        0x7f953caa9847
]: 55
@preempt_stack[
        0x7f953cab61f2
]: 58
@preempt_stack[
        0x7f953d9075f7
        0
]: 78
@preempt_stack[
        0x7f953d9073e0
]: 105
@preempt_stack[
        0x7f953d9075fe
        0
]: 332
@preempt_stack[
        0x7f953caa97de
]: 561
@preempt_stack[
        syscall+29
]: 628
@preempt_stack[
        0x7f953d9075fa
        0
]: 682


@main_runqlat_sum_us: 7525
@main_runqlat_us:
[0]                 5740 |@@@@@@@@@@@@@@@@@@@@@@@@@@@@@@@@@@@@@@@@@@@@@@@@@@@@|
[1]                 1022 |@@@@@@@@@                                           |
[2, 4)               573 |@@@@@                                               |
[4, 8)                69 |                                                    |
[8, 16)               34 |                                                    |
[16, 32)               6 |                                                    |
[32, 64)              12 |                                                    |
[64, 128)              3 |                                                    |
[128, 256)             2 |                                                    |
[256, 512)             5 |                                                    |
[512, 1K)              2 |                                                    |

@preempt_stack[
        0x401ba374
]: 1
@preempt_stack[
        0x40caa9c3
        0x40caa584
        0x40caa307
        0x4043a937
        0x40ea9cd4
        0x40ea95d9
        0x40ca69ba
        0x40407e56
        0x40403d24
        0x7f949c846428
        0x7f949c9e578f
        0x558431b82490
]: 1
@preempt_stack[
        0x7f949c9cb5b8
        0x1
        0
]: 1
@preempt_stack[
        0x7f953cbb8279
]: 1
@preempt_stack[
        0x7f953e4a68be
]: 1
@preempt_stack[
        0x7f953cbb88d5
        0
]: 1
@preempt_stack[
        0x7f953d905a50
        0xf0b0f010f040f0c
]: 1
@preempt_stack[
        0x7f953da0b2fd
]: 1
@preempt_stack[
        0x40d8555f
        0x40d8297c
        0x40d57d0c
        0x40d56d80
        0x40d53864
        0
        0
        0x558432736408
        0x558432736408
        0x558432736408
        0x558432736408
        0x558432736408
        0x558432736408
        0x558432736408
        0x558432736408
        0x558432736408
        0x558432736408
        0x558432736408
        0x558432736408
        0x558432736408
        0x558432736408
        0x558432736408
        0x558432736408
        0x558432736408
        0x558432736408
        0x558432736408
        0x558432736408
        0x558432736408
        0x558432736408
        0x558432736408
        0x558432736408
        0x558432736408
        0x558432736408
        0x558432736408
        0x558432736408
        0x558432736408
        0x558432736408
        0x558432736408
        0x558432736408
        0x558432736408
        0x558432736408
        0x558432736408
        0x558432736408
        0x558432736408
        0x558432736408
        0x558432736408
        0x558432736408
        0x558432736408
        0x558432736408
        0x558432736408
        0x558432736408
        0x558432736408
        0x558432736408
        0x558432736408
        0x558432736408
        0x558432736408
        0x558432736408
        0x558432736408
        0x558432736408
        0x558432736408
        0x558432736408
        0x558432736408
        0x558432736408
        0x558432736408
        0x558432736408
        0x558432736408
        0x558432736408
        0x558432736408
        0x558432736408
        0x558432736408
        0x558432736408
        0x558432736408
        0x558432736408
        0x558432736408
        0x558432736408
        0x558432736408
        0x558432736408
        0x558432736408
        0x558432736408
        0x558432736408
        0x558432736408
        0x558432736408
        0x558432736408
        0x558432736408
        0x558432736408
        0x558432736408
        0x558432736408
        0x558432736408
        0x558432736408
        0x558432736408
        0x558432736408
        0x558432736408
        0x558432736408
        0x558432736408
        0x558432736408
        0x558432736408
        0x558432736408
        0x558432736408
        0x558432736408
        0x558432736408
        0x558432736408
        0x558432736408
        0x558432736408
        0x558432736408
        0x558432736408
        0x558432736408
        0x558432736408
        0x558432736408
        0x558432736408
        0x558432736408
        0x558432736408
        0x558432736408
        0x558432736408
        0x558432736408
        0x558432736408
        0x558432736408
        0x558432736408
        0x558432736408
        0x558432736408
        0x558432736408
        0x558432736408
        0x558432736408
        0x558432736408
        0x558432736408
        0x558432736408
        0x558432736408
        0x558432736408
]: 1
@preempt_stack[
        0x7f953dd1a3ec
        0x7f9500000ab8
        0
]: 1
@preempt_stack[
        0x7f953dcd7efd
        0xdc80e020dca0dc5
]: 1
@preempt_stack[
        0x7f953d9075f4
        0
]: 1
@preempt_stack[
        0x40441b6e
]: 1
@preempt_stack[
        0x7f953cbb8147
        0x10000
        0x7f95060e5bf0
        0x58
]: 1
@preempt_stack[
        0x7f949c8463de
        0x7f949c9e578f
        0x558431b82490
]: 1
@preempt_stack[
        0x7f953d90761c
        0x7f95006b9440
]: 1
@preempt_stack[
        0x7f953e15a931
        0x4bf62104
]: 1
@preempt_stack[
        mono_g_hash_table_lookup_extended+66
        0x120000
        0x558435248338
        0x558435248338
        0x558435248338
        0x558435248338
        0x558435248338
        0x558435248338
        0x558435248338
        0x558435248338
        0x558435248338
        0x558435248338
        0x558435248338
        0x558435248338
        0x558435248338
        0x558435248338
        0x558435248338
        0x558435248338
        0x558435248338
        0x558435248338
        0x558435248338
        0x558435248338
        0x558435248338
        0x558435248338
        0x558435248338
        0x558435248338
        0x558435248338
        0x558435248338
        0x558435248338
        0x558435248338
        0x558435248338
        0x558435248338
        0x558435248338
        0x558435248338
        0x558435248338
        0x558435248338
        0x558435248338
        0x558435248338
        0x558435248338
        0x558435248338
        0x558435248338
        0x558435248338
        0x558435248338
        0x558435248338
        0x558435248338
        0x558435248338
        0x558435248338
        0x558435248338
        0x558435248338
        0x558435248338
        0x558435248338
        0x558435248338
        0x558435248338
        0x558435248338
        0x558435248338
        0x558435248338
        0x558435248338
        0x558435248338
        0x558435248338
        0x558435248338
        0x558435248338
        0x558435248338
        0x558435248338
        0x558435248338
        0x558435248338
        0x558435248338
        0x558435248338
        0x558435248338
        0x558435248338
        0x558435248338
        0x558435248338
        0x558435248338
        0x558435248338
        0x558435248338
        0x558435248338
        0x558435248338
        0x558435248338
        0x558435248338
        0x558435248338
        0x558435248338
        0x558435248338
        0x558435248338
        0x558435248338
        0x558435248338
        0x558435248338
        0x558435248338
        0x558435248338
        0x558435248338
        0x558435248338
        0x558435248338
        0x558435248338
        0x558435248338
        0x558435248338
        0x558435248338
        0x558435248338
        0x558435248338
        0x558435248338
        0x558435248338
        0x558435248338
        0x558435248338
        0x558435248338
        0x558435248338
        0x558435248338
        0x558435248338
        0x558435248338
        0x558435248338
        0x558435248338
        0x558435248338
        0x558435248338
        0x558435248338
        0x558435248338
        0x558435248338
        0x558435248338
        0x558435248338
        0x558435248338
        0x558435248338
        0x558435248338
        0x558435248338
        0x558435248338
        0x558435248338
        0x558435248338
        0x558435248338
        0x558435248338
        0x558435248338
        0x558435248338
        0x558435248338
        0x558435248338
]: 1
@preempt_stack[
        0x7f953e6fda69
]: 1
@preempt_stack[
        mono_metadata_type_hash+80
        0x120000
        0x558434ef3090
        0x558434ef3090
        0x558434ef3090
        0x558434ef3090
        0x558434ef3090
        0x558434ef3090
        0x558434ef3090
        0x558434ef3090
        0x558434ef3090
        0x558434ef3090
        0x558434ef3090
        0x558434ef3090
        0x558434ef3090
        0x558434ef3090
        0x558434ef3090
        0x558434ef3090
        0x558434ef3090
        0x558434ef3090
        0x558434ef3090
        0x558434ef3090
        0x558434ef3090
        0x558434ef3090
        0x558434ef3090
        0x558434ef3090
        0x558434ef3090
        0x558434ef3090
        0x558434ef3090
        0x558434ef3090
        0x558434ef3090
        0x558434ef3090
        0x558434ef3090
        0x558434ef3090
        0x558434ef3090
        0x558434ef3090
        0x558434ef3090
        0x558434ef3090
        0x558434ef3090
        0x558434ef3090
        0x558434ef3090
        0x558434ef3090
        0x558434ef3090
        0x558434ef3090
        0x558434ef3090
        0x558434ef3090
        0x558434ef3090
        0x558434ef3090
        0x558434ef3090
        0x558434ef3090
        0x558434ef3090
        0x558434ef3090
        0x558434ef3090
        0x558434ef3090
        0x558434ef3090
        0x558434ef3090
        0x558434ef3090
        0x558434ef3090
        0x558434ef3090
        0x558434ef3090
        0x558434ef3090
        0x558434ef3090
        0x558434ef3090
        0x558434ef3090
        0x558434ef3090
        0x558434ef3090
        0x558434ef3090
        0x558434ef3090
        0x558434ef3090
        0x558434ef3090
        0x558434ef3090
        0x558434ef3090
        0x558434ef3090
        0x558434ef3090
        0x558434ef3090
        0x558434ef3090
        0x558434ef3090
        0x558434ef3090
        0x558434ef3090
        0x558434ef3090
        0x558434ef3090
        0x558434ef3090
        0x558434ef3090
        0x558434ef3090
        0x558434ef3090
        0x558434ef3090
        0x558434ef3090
        0x558434ef3090
        0x558434ef3090
        0x558434ef3090
        0x558434ef3090
        0x558434ef3090
        0x558434ef3090
        0x558434ef3090
        0x558434ef3090
        0x558434ef3090
        0x558434ef3090
        0x558434ef3090
        0x558434ef3090
        0x558434ef3090
        0x558434ef3090
        0x558434ef3090
        0x558434ef3090
        0x558434ef3090
        0x558434ef3090
        0x558434ef3090
        0x558434ef3090
        0x558434ef3090
        0x558434ef3090
        0x558434ef3090
        0x558434ef3090
        0x558434ef3090
        0x558434ef3090
        0x558434ef3090
        0x558434ef3090
        0x558434ef3090
        0x558434ef3090
        0x558434ef3090
        0x558434ef3090
        0x558434ef3090
        0x558434ef3090
        0x558434ef3090
        0x558434ef3090
        0x558434ef3090
        0x558434ef3090
        0x558434ef3090
        0x558434ef3090
]: 1
@preempt_stack[
        0x7f953d901572
        0x547054105440542
]: 1
@preempt_stack[
        0x7f953d9015d9
        0x940092e092c092d
]: 1
@preempt_stack[
        0x40d5bb20
]: 1
@preempt_stack[
        mono_g_hash_table_lookup_extended+66
        0x110000
        0x558431b42e78
        0x558431b42e78
        0x558431b42e78
        0x558431b42e78
        0x558431b42e78
        0x558431b42e78
        0x558431b42e78
        0x558431b42e78
        0x558431b42e78
        0x558431b42e78
        0x558431b42e78
        0x558431b42e78
        0x558431b42e78
        0x558431b42e78
        0x558431b42e78
        0x558431b42e78
        0x558431b42e78
        0x558431b42e78
        0x558431b42e78
        0x558431b42e78
        0x558431b42e78
        0x558431b42e78
        0x558431b42e78
        0x558431b42e78
        0x558431b42e78
        0x558431b42e78
        0x558431b42e78
        0x558431b42e78
        0x558431b42e78
        0x558431b42e78
        0x558431b42e78
        0x558431b42e78
        0x558431b42e78
        0x558431b42e78
        0x558431b42e78
        0x558431b42e78
        0x558431b42e78
        0x558431b42e78
        0x558431b42e78
        0x558431b42e78
        0x558431b42e78
        0x558431b42e78
        0x558431b42e78
        0x558431b42e78
        0x558431b42e78
        0x558431b42e78
        0x558431b42e78
        0x558431b42e78
        0x558431b42e78
        0x558431b42e78
        0x558431b42e78
        0x558431b42e78
        0x558431b42e78
        0x558431b42e78
        0x558431b42e78
        0x558431b42e78
        0x558431b42e78
        0x558431b42e78
        0x558431b42e78
        0x558431b42e78
        0x558431b42e78
        0x558431b42e78
        0x558431b42e78
        0x558431b42e78
        0x558431b42e78
        0x558431b42e78
        0x558431b42e78
        0x558431b42e78
        0x558431b42e78
        0x558431b42e78
        0x558431b42e78
        0x558431b42e78
        0x558431b42e78
        0x558431b42e78
        0x558431b42e78
        0x558431b42e78
        0x558431b42e78
        0x558431b42e78
        0x558431b42e78
        0x558431b42e78
        0x558431b42e78
        0x558431b42e78
        0x558431b42e78
        0x558431b42e78
        0x558431b42e78
        0x558431b42e78
        0x558431b42e78
        0x558431b42e78
        0x558431b42e78
        0x558431b42e78
        0x558431b42e78
        0x558431b42e78
        0x558431b42e78
        0x558431b42e78
        0x558431b42e78
        0x558431b42e78
        0x558431b42e78
        0x558431b42e78
        0x558431b42e78
        0x558431b42e78
        0x558431b42e78
        0x558431b42e78
        0x558431b42e78
        0x558431b42e78
        0x558431b42e78
        0x558431b42e78
        0x558431b42e78
        0x558431b42e78
        0x558431b42e78
        0x558431b42e78
        0x558431b42e78
        0x558431b42e78
        0x558431b42e78
        0x558431b42e78
        0x558431b42e78
        0x558431b42e78
        0x558431b42e78
        0x558431b42e78
        0x558431b42e78
        0x558431b42e78
        0x558431b42e78
        0x558431b42e78
        0x558431b42e78
        0x558431b42e78
        0x558431b42e78
]: 1
@preempt_stack[
        0x7f953d6d6737
        0x7f9503145b50
]: 1
@preempt_stack[
        0x40442a33
]: 1
@preempt_stack[
        0x40442d0c
]: 1
@preempt_stack[
        0x7f953e5b2d49
]: 1
@preempt_stack[
        0x40caef8a
        0x40d9cb64
        0x40d57d0c
        0x40d56d80
        0x40d53864
        0
        0
        0x558432736408
        0x558432736408
        0x558432736408
        0x558432736408
        0x558432736408
        0x558432736408
        0x558432736408
        0x558432736408
        0x558432736408
        0x558432736408
        0x558432736408
        0x558432736408
        0x558432736408
        0x558432736408
        0x558432736408
        0x558432736408
        0x558432736408
        0x558432736408
        0x558432736408
        0x558432736408
        0x558432736408
        0x558432736408
        0x558432736408
        0x558432736408
        0x558432736408
        0x558432736408
        0x558432736408
        0x558432736408
        0x558432736408
        0x558432736408
        0x558432736408
        0x558432736408
        0x558432736408
        0x558432736408
        0x558432736408
        0x558432736408
        0x558432736408
        0x558432736408
        0x558432736408
        0x558432736408
        0x558432736408
        0x558432736408
        0x558432736408
        0x558432736408
        0x558432736408
        0x558432736408
        0x558432736408
        0x558432736408
        0x558432736408
        0x558432736408
        0x558432736408
        0x558432736408
        0x558432736408
        0x558432736408
        0x558432736408
        0x558432736408
        0x558432736408
        0x558432736408
        0x558432736408
        0x558432736408
        0x558432736408
        0x558432736408
        0x558432736408
        0x558432736408
        0x558432736408
        0x558432736408
        0x558432736408
        0x558432736408
        0x558432736408
        0x558432736408
        0x558432736408
        0x558432736408
        0x558432736408
        0x558432736408
        0x558432736408
        0x558432736408
        0x558432736408
        0x558432736408
        0x558432736408
        0x558432736408
        0x558432736408
        0x558432736408
        0x558432736408
        0x558432736408
        0x558432736408
        0x558432736408
        0x558432736408
        0x558432736408
        0x558432736408
        0x558432736408
        0x558432736408
        0x558432736408
        0x558432736408
        0x558432736408
        0x558432736408
        0x558432736408
        0x558432736408
        0x558432736408
        0x558432736408
        0x558432736408
        0x558432736408
        0x558432736408
        0x558432736408
        0x558432736408
        0x558432736408
        0x558432736408
        0x558432736408
        0x558432736408
        0x558432736408
        0x558432736408
        0x558432736408
        0x558432736408
        0x558432736408
        0x558432736408
        0x558432736408
        0x558432736408
        0x558432736408
        0x558432736408
        0x558432736408
        0x558432736408
]: 1
@preempt_stack[
        0x40d5bdfd
        0x40d597a4
        0x40d56ef8
        0x40d56d80
        0x40d53864
        0
        0
        0x558432736408
        0x558432736408
        0x558432736408
        0x558432736408
        0x558432736408
        0x558432736408
        0x558432736408
        0x558432736408
        0x558432736408
        0x558432736408
        0x558432736408
        0x558432736408
        0x558432736408
        0x558432736408
        0x558432736408
        0x558432736408
        0x558432736408
        0x558432736408
        0x558432736408
        0x558432736408
        0x558432736408
        0x558432736408
        0x558432736408
        0x558432736408
        0x558432736408
        0x558432736408
        0x558432736408
        0x558432736408
        0x558432736408
        0x558432736408
        0x558432736408
        0x558432736408
        0x558432736408
        0x558432736408
        0x558432736408
        0x558432736408
        0x558432736408
        0x558432736408
        0x558432736408
        0x558432736408
        0x558432736408
        0x558432736408
        0x558432736408
        0x558432736408
        0x558432736408
        0x558432736408
        0x558432736408
        0x558432736408
        0x558432736408
        0x558432736408
        0x558432736408
        0x558432736408
        0x558432736408
        0x558432736408
        0x558432736408
        0x558432736408
        0x558432736408
        0x558432736408
        0x558432736408
        0x558432736408
        0x558432736408
        0x558432736408
        0x558432736408
        0x558432736408
        0x558432736408
        0x558432736408
        0x558432736408
        0x558432736408
        0x558432736408
        0x558432736408
        0x558432736408
        0x558432736408
        0x558432736408
        0x558432736408
        0x558432736408
        0x558432736408
        0x558432736408
        0x558432736408
        0x558432736408
        0x558432736408
        0x558432736408
        0x558432736408
        0x558432736408
        0x558432736408
        0x558432736408
        0x558432736408
        0x558432736408
        0x558432736408
        0x558432736408
        0x558432736408
        0x558432736408
        0x558432736408
        0x558432736408
        0x558432736408
        0x558432736408
        0x558432736408
        0x558432736408
        0x558432736408
        0x558432736408
        0x558432736408
        0x558432736408
        0x558432736408
        0x558432736408
        0x558432736408
        0x558432736408
        0x558432736408
        0x558432736408
        0x558432736408
        0x558432736408
        0x558432736408
        0x558432736408
        0x558432736408
        0x558432736408
        0x558432736408
        0x558432736408
        0x558432736408
        0x558432736408
        0x558432736408
        0x558432736408
        0x558432736408
]: 1
@preempt_stack[
        0x7f953e4a6a5c
]: 1
@preempt_stack[
        0x7f953d905932
        0xc440c260c26
]: 1
@preempt_stack[
        0x40c2fb21
        0x40407e17
        0x40403d24
        0x7f949c846428
        0x7f949c9e578f
        0x558431b82490
]: 1
@preempt_stack[
        0x7f949ca544cf
        0x7f949c9e578f
        0x558431b82490
]: 1
@preempt_stack[
        0x401940aa
        0
        0
        0x558432736408
        0x558432736408
        0x558432736408
        0x558432736408
        0x558432736408
        0x558432736408
        0x558432736408
        0x558432736408
        0x558432736408
        0x558432736408
        0x558432736408
        0x558432736408
        0x558432736408
        0x558432736408
        0x558432736408
        0x558432736408
        0x558432736408
        0x558432736408
        0x558432736408
        0x558432736408
        0x558432736408
        0x558432736408
        0x558432736408
        0x558432736408
        0x558432736408
        0x558432736408
        0x558432736408
        0x558432736408
        0x558432736408
        0x558432736408
        0x558432736408
        0x558432736408
        0x558432736408
        0x558432736408
        0x558432736408
        0x558432736408
        0x558432736408
        0x558432736408
        0x558432736408
        0x558432736408
        0x558432736408
        0x558432736408
        0x558432736408
        0x558432736408
        0x558432736408
        0x558432736408
        0x558432736408
        0x558432736408
        0x558432736408
        0x558432736408
        0x558432736408
        0x558432736408
        0x558432736408
        0x558432736408
        0x558432736408
        0x558432736408
        0x558432736408
        0x558432736408
        0x558432736408
        0x558432736408
        0x558432736408
        0x558432736408
        0x558432736408
        0x558432736408
        0x558432736408
        0x558432736408
        0x558432736408
        0x558432736408
        0x558432736408
        0x558432736408
        0x558432736408
        0x558432736408
        0x558432736408
        0x558432736408
        0x558432736408
        0x558432736408
        0x558432736408
        0x558432736408
        0x558432736408
        0x558432736408
        0x558432736408
        0x558432736408
        0x558432736408
        0x558432736408
        0x558432736408
        0x558432736408
        0x558432736408
        0x558432736408
        0x558432736408
        0x558432736408
        0x558432736408
        0x558432736408
        0x558432736408
        0x558432736408
        0x558432736408
        0x558432736408
        0x558432736408
        0x558432736408
        0x558432736408
        0x558432736408
        0x558432736408
        0x558432736408
        0x558432736408
        0x558432736408
        0x558432736408
        0x558432736408
        0x558432736408
        0x558432736408
        0x558432736408
        0x558432736408
        0x558432736408
        0x558432736408
        0x558432736408
        0x558432736408
        0x558432736408
        0x558432736408
        0x558432736408
        0x558432736408
        0x558432736408
        0x558432736408
        0x558432736408
        0x558432736408
        0x558432736408
        0x558432736408
]: 1
@preempt_stack[
        0x7f953d9076a5
        0x7f9500732ac0
        0xb920bac0baa0ba8
]: 1
@preempt_stack[
        0x7f953dcd7ad1
        0x547054105440542
]: 1
@preempt_stack[
        0x7f949c968a1d
]: 1
@preempt_stack[
        0x4043bb6f
]: 1
@preempt_stack[
        0x7f953d90761c
        0x7f95007530c0
]: 1
@preempt_stack[
        0x40cadc4e
        0x40d9cb64
        0x40d57d0c
        0x40d56d80
        0x40d53864
        0
        0
        0x558432736408
        0x558432736408
        0x558432736408
        0x558432736408
        0x558432736408
        0x558432736408
        0x558432736408
        0x558432736408
        0x558432736408
        0x558432736408
        0x558432736408
        0x558432736408
        0x558432736408
        0x558432736408
        0x558432736408
        0x558432736408
        0x558432736408
        0x558432736408
        0x558432736408
        0x558432736408
        0x558432736408
        0x558432736408
        0x558432736408
        0x558432736408
        0x558432736408
        0x558432736408
        0x558432736408
        0x558432736408
        0x558432736408
        0x558432736408
        0x558432736408
        0x558432736408
        0x558432736408
        0x558432736408
        0x558432736408
        0x558432736408
        0x558432736408
        0x558432736408
        0x558432736408
        0x558432736408
        0x558432736408
        0x558432736408
        0x558432736408
        0x558432736408
        0x558432736408
        0x558432736408
        0x558432736408
        0x558432736408
        0x558432736408
        0x558432736408
        0x558432736408
        0x558432736408
        0x558432736408
        0x558432736408
        0x558432736408
        0x558432736408
        0x558432736408
        0x558432736408
        0x558432736408
        0x558432736408
        0x558432736408
        0x558432736408
        0x558432736408
        0x558432736408
        0x558432736408
        0x558432736408
        0x558432736408
        0x558432736408
        0x558432736408
        0x558432736408
        0x558432736408
        0x558432736408
        0x558432736408
        0x558432736408
        0x558432736408
        0x558432736408
        0x558432736408
        0x558432736408
        0x558432736408
        0x558432736408
        0x558432736408
        0x558432736408
        0x558432736408
        0x558432736408
        0x558432736408
        0x558432736408
        0x558432736408
        0x558432736408
        0x558432736408
        0x558432736408
        0x558432736408
        0x558432736408
        0x558432736408
        0x558432736408
        0x558432736408
        0x558432736408
        0x558432736408
        0x558432736408
        0x558432736408
        0x558432736408
        0x558432736408
        0x558432736408
        0x558432736408
        0x558432736408
        0x558432736408
        0x558432736408
        0x558432736408
        0x558432736408
        0x558432736408
        0x558432736408
        0x558432736408
        0x558432736408
        0x558432736408
        0x558432736408
        0x558432736408
        0x558432736408
        0x558432736408
        0x558432736408
        0x558432736408
        0x558432736408
]: 1
@preempt_stack[
        0x7f949c9ce4d8
        0x5584352f5ae0
        0x5584352f5ae0
        0x5584352f5ae0
        0x5584352f5ae0
        0x5584352f5ae0
        0x5584352f5ae0
        0x5584352f5ae0
        0x5584352f5ae0
        0x5584352f5ae0
        0x5584352f5ae0
        0x5584352f5ae0
        0x5584352f5ae0
        0x5584352f5ae0
        0x5584352f5ae0
        0x5584352f5ae0
        0x5584352f5ae0
        0x5584352f5ae0
        0x5584352f5ae0
        0x5584352f5ae0
        0x5584352f5ae0
        0x5584352f5ae0
        0x5584352f5ae0
        0x5584352f5ae0
        0x5584352f5ae0
        0x5584352f5ae0
        0x5584352f5ae0
        0x5584352f5ae0
        0x5584352f5ae0
        0x5584352f5ae0
        0x5584352f5ae0
        0x5584352f5ae0
        0x5584352f5ae0
        0x5584352f5ae0
        0x5584352f5ae0
        0x5584352f5ae0
        0x5584352f5ae0
        0x5584352f5ae0
        0x5584352f5ae0
        0x5584352f5ae0
        0x5584352f5ae0
        0x5584352f5ae0
        0x5584352f5ae0
        0x5584352f5ae0
        0x5584352f5ae0
        0x5584352f5ae0
        0x5584352f5ae0
        0x5584352f5ae0
        0x5584352f5ae0
        0x5584352f5ae0
        0x5584352f5ae0
        0x5584352f5ae0
        0x5584352f5ae0
        0x5584352f5ae0
        0x5584352f5ae0
        0x5584352f5ae0
        0x5584352f5ae0
        0x5584352f5ae0
        0x5584352f5ae0
        0x5584352f5ae0
        0x5584352f5ae0
        0x5584352f5ae0
        0x5584352f5ae0
        0x5584352f5ae0
        0x5584352f5ae0
        0x5584352f5ae0
        0x5584352f5ae0
        0x5584352f5ae0
        0x5584352f5ae0
        0x5584352f5ae0
        0x5584352f5ae0
        0x5584352f5ae0
        0x5584352f5ae0
        0x5584352f5ae0
        0x5584352f5ae0
        0x5584352f5ae0
        0x5584352f5ae0
        0x5584352f5ae0
        0x5584352f5ae0
        0x5584352f5ae0
        0x5584352f5ae0
        0x5584352f5ae0
        0x5584352f5ae0
        0x5584352f5ae0
        0x5584352f5ae0
        0x5584352f5ae0
        0x5584352f5ae0
        0x5584352f5ae0
        0x5584352f5ae0
        0x5584352f5ae0
        0x5584352f5ae0
        0x5584352f5ae0
        0x5584352f5ae0
        0x5584352f5ae0
        0x5584352f5ae0
        0x5584352f5ae0
        0x5584352f5ae0
        0x5584352f5ae0
        0x5584352f5ae0
        0x5584352f5ae0
        0x5584352f5ae0
        0x5584352f5ae0
        0x5584352f5ae0
        0x5584352f5ae0
        0x5584352f5ae0
        0x5584352f5ae0
        0x5584352f5ae0
        0x5584352f5ae0
        0x5584352f5ae0
        0x5584352f5ae0
        0x5584352f5ae0
        0x5584352f5ae0
        0x5584352f5ae0
        0x5584352f5ae0
        0x5584352f5ae0
        0x5584352f5ae0
        0x5584352f5ae0
        0x5584352f5ae0
        0x5584352f5ae0
        0x5584352f5ae0
        0x5584352f5ae0
        0x5584352f5ae0
        0x5584352f5ae0
        0x5584352f5ae0
        0x5584352f5ae0
        0x5584352f5ae0
        0x5584352f5ae0
]: 1
@preempt_stack[
        0x7f953d6cafd0
]: 1
@preempt_stack[
        0x40cb4bb4
        0x40d5b294
        0x40d59de6
        0x40d56ef8
        0x40d56d80
        0x40d53864
        0
        0
        0x558432736408
        0x558432736408
        0x558432736408
        0x558432736408
        0x558432736408
        0x558432736408
        0x558432736408
        0x558432736408
        0x558432736408
        0x558432736408
        0x558432736408
        0x558432736408
        0x558432736408
        0x558432736408
        0x558432736408
        0x558432736408
        0x558432736408
        0x558432736408
        0x558432736408
        0x558432736408
        0x558432736408
        0x558432736408
        0x558432736408
        0x558432736408
        0x558432736408
        0x558432736408
        0x558432736408
        0x558432736408
        0x558432736408
        0x558432736408
        0x558432736408
        0x558432736408
        0x558432736408
        0x558432736408
        0x558432736408
        0x558432736408
        0x558432736408
        0x558432736408
        0x558432736408
        0x558432736408
        0x558432736408
        0x558432736408
        0x558432736408
        0x558432736408
        0x558432736408
        0x558432736408
        0x558432736408
        0x558432736408
        0x558432736408
        0x558432736408
        0x558432736408
        0x558432736408
        0x558432736408
        0x558432736408
        0x558432736408
        0x558432736408
        0x558432736408
        0x558432736408
        0x558432736408
        0x558432736408
        0x558432736408
        0x558432736408
        0x558432736408
        0x558432736408
        0x558432736408
        0x558432736408
        0x558432736408
        0x558432736408
        0x558432736408
        0x558432736408
        0x558432736408
        0x558432736408
        0x558432736408
        0x558432736408
        0x558432736408
        0x558432736408
        0x558432736408
        0x558432736408
        0x558432736408
        0x558432736408
        0x558432736408
        0x558432736408
        0x558432736408
        0x558432736408
        0x558432736408
        0x558432736408
        0x558432736408
        0x558432736408
        0x558432736408
        0x558432736408
        0x558432736408
        0x558432736408
        0x558432736408
        0x558432736408
        0x558432736408
        0x558432736408
        0x558432736408
        0x558432736408
        0x558432736408
        0x558432736408
        0x558432736408
        0x558432736408
        0x558432736408
        0x558432736408
        0x558432736408
        0x558432736408
        0x558432736408
        0x558432736408
        0x558432736408
        0x558432736408
        0x558432736408
        0x558432736408
        0x558432736408
        0x558432736408
        0x558432736408
        0x558432736408
        0x558432736408
        0x558432736408
        0x558432736408
]: 1
@preempt_stack[
        0x401997c8
]: 1
@preempt_stack[
        0x7f953dcc69ec
        0x7f95000013ea
        0
]: 1
@preempt_stack[
        0x7f953dd4234d
]: 1
@preempt_stack[
        0x7f953dd0f67e
        0x7f95018cb8d0
]: 1
@preempt_stack[
        pthread_self+13
        0x45445f434f4c4c41
        0x7f953d6c4040
        0x6c26058d48ff8949
]: 1
@preempt_stack[
        0x7f953e2921a7
]: 1
@preempt_stack[
        0x7f953ea15a9c
]: 1
@preempt_stack[
        0x40caef06
        0
        0x2000000000000001
        0x558432740e50
        0x558432740e50
        0x558432740e50
        0x558432740e50
        0x558432740e50
        0x558432740e50
        0x558432740e50
        0x558432740e50
        0x558432740e50
        0x558432740e50
        0x558432740e50
        0x558432740e50
        0x558432740e50
        0x558432740e50
        0x558432740e50
        0x558432740e50
        0x558432740e50
        0x558432740e50
        0x558432740e50
        0x558432740e50
        0x558432740e50
        0x558432740e50
        0x558432740e50
        0x558432740e50
        0x558432740e50
        0x558432740e50
        0x558432740e50
        0x558432740e50
        0x558432740e50
        0x558432740e50
        0x558432740e50
        0x558432740e50
        0x558432740e50
        0x558432740e50
        0x558432740e50
        0x558432740e50
        0x558432740e50
        0x558432740e50
        0x558432740e50
        0x558432740e50
        0x558432740e50
        0x558432740e50
        0x558432740e50
        0x558432740e50
        0x558432740e50
        0x558432740e50
        0x558432740e50
        0x558432740e50
        0x558432740e50
        0x558432740e50
        0x558432740e50
        0x558432740e50
        0x558432740e50
        0x558432740e50
        0x558432740e50
        0x558432740e50
        0x558432740e50
        0x558432740e50
        0x558432740e50
        0x558432740e50
        0x558432740e50
        0x558432740e50
        0x558432740e50
        0x558432740e50
        0x558432740e50
        0x558432740e50
        0x558432740e50
        0x558432740e50
        0x558432740e50
        0x558432740e50
        0x558432740e50
        0x558432740e50
        0x558432740e50
        0x558432740e50
        0x558432740e50
        0x558432740e50
        0x558432740e50
        0x558432740e50
        0x558432740e50
        0x558432740e50
        0x558432740e50
        0x558432740e50
        0x558432740e50
        0x558432740e50
        0x558432740e50
        0x558432740e50
        0x558432740e50
        0x558432740e50
        0x558432740e50
        0x558432740e50
        0x558432740e50
        0x558432740e50
        0x558432740e50
        0x558432740e50
        0x558432740e50
        0x558432740e50
        0x558432740e50
        0x558432740e50
        0x558432740e50
        0x558432740e50
        0x558432740e50
        0x558432740e50
        0x558432740e50
        0x558432740e50
        0x558432740e50
        0x558432740e50
        0x558432740e50
        0x558432740e50
        0x558432740e50
        0x558432740e50
        0x558432740e50
        0x558432740e50
        0x558432740e50
        0x558432740e50
        0x558432740e50
        0x558432740e50
        0x558432740e50
        0x558432740e50
        0x558432740e50
        0x558432740e50
        0x558432740e50
        0x558432740e50
        0x558432740e50
        0x558432740e50
]: 1
@preempt_stack[
        0x7f93329b7f41
        0
]: 1
@preempt_stack[
        0x7f953dbd6721
        0
        0x7f94891eebe8
        0
        0
        0
        0
        0
        0
        0
        0
        0
        0
        0
        0
        0
        0
        0
        0
        0
        0
        0
        0
        0
        0
        0
        0
        0
        0
        0
        0
        0
        0
        0x7f9476ebfcf0
        0x7ffcbefc4500
]: 1
@preempt_stack[
        0x7f953dcd31a0
        0xc010c010c040c13
]: 1
@preempt_stack[
        mono_g_hash_table_lookup_extended+66
        0x120000
        0x55843278aa48
        0x55843278aa48
        0x55843278aa48
        0x55843278aa48
        0x55843278aa48
        0x55843278aa48
        0x55843278aa48
        0x55843278aa48
        0x55843278aa48
        0x55843278aa48
        0x55843278aa48
        0x55843278aa48
        0x55843278aa48
        0x55843278aa48
        0x55843278aa48
        0x55843278aa48
        0x55843278aa48
        0x55843278aa48
        0x55843278aa48
        0x55843278aa48
        0x55843278aa48
        0x55843278aa48
        0x55843278aa48
        0x55843278aa48
        0x55843278aa48
        0x55843278aa48
        0x55843278aa48
        0x55843278aa48
        0x55843278aa48
        0x55843278aa48
        0x55843278aa48
        0x55843278aa48
        0x55843278aa48
        0x55843278aa48
        0x55843278aa48
        0x55843278aa48
        0x55843278aa48
        0x55843278aa48
        0x55843278aa48
        0x55843278aa48
        0x55843278aa48
        0x55843278aa48
        0x55843278aa48
        0x55843278aa48
        0x55843278aa48
        0x55843278aa48
        0x55843278aa48
        0x55843278aa48
        0x55843278aa48
        0x55843278aa48
        0x55843278aa48
        0x55843278aa48
        0x55843278aa48
        0x55843278aa48
        0x55843278aa48
        0x55843278aa48
        0x55843278aa48
        0x55843278aa48
        0x55843278aa48
        0x55843278aa48
        0x55843278aa48
        0x55843278aa48
        0x55843278aa48
        0x55843278aa48
        0x55843278aa48
        0x55843278aa48
        0x55843278aa48
        0x55843278aa48
        0x55843278aa48
        0x55843278aa48
        0x55843278aa48
        0x55843278aa48
        0x55843278aa48
        0x55843278aa48
        0x55843278aa48
        0x55843278aa48
        0x55843278aa48
        0x55843278aa48
        0x55843278aa48
        0x55843278aa48
        0x55843278aa48
        0x55843278aa48
        0x55843278aa48
        0x55843278aa48
        0x55843278aa48
        0x55843278aa48
        0x55843278aa48
        0x55843278aa48
        0x55843278aa48
        0x55843278aa48
        0x55843278aa48
        0x55843278aa48
        0x55843278aa48
        0x55843278aa48
        0x55843278aa48
        0x55843278aa48
        0x55843278aa48
        0x55843278aa48
        0x55843278aa48
        0x55843278aa48
        0x55843278aa48
        0x55843278aa48
        0x55843278aa48
        0x55843278aa48
        0x55843278aa48
        0x55843278aa48
        0x55843278aa48
        0x55843278aa48
        0x55843278aa48
        0x55843278aa48
        0x55843278aa48
        0x55843278aa48
        0x55843278aa48
        0x55843278aa48
        0x55843278aa48
        0x55843278aa48
        0x55843278aa48
        0x55843278aa48
        0x55843278aa48
        0x55843278aa48
        0x55843278aa48
        0x55843278aa48
        0x55843278aa48
        0x55843278aa48
        0x55843278aa48
]: 1
@preempt_stack[
        0x7f949c95e750
]: 1
@preempt_stack[
        0x40bb22a0
        0x40a8a7df
        0x40407e56
        0x40403d24
        0x7f949c846428
        0x7f949c9e578f
        0x558431b82490
]: 1
@preempt_stack[
        0x40d050d8
        0x40d0350d
        0x40a8b124
        0x40407e56
        0x40403d24
        0x7f949c846428
        0x7f949c9e578f
        0x558431b82490
]: 1
@preempt_stack[
        GC_gcj_malloc+99
]: 1
@preempt_stack[
        0x7f953d9059b6
]: 1
@preempt_stack[
        0x7f949ca5db0a
        0
]: 1
@preempt_stack[
        0x7f953dd1808e
]: 1
@preempt_stack[
        0x7f949ca0c35d
        0x7f949c9a88b3
        0x7f953ed02bc0
]: 1
@preempt_stack[
        0x40441bb4
]: 1
@preempt_stack[
        0x7f953db2b573
        0
        0
        0x558431fca2a0
        0x558431fca2a0
        0x558431fca2a0
        0x558431fca2a0
        0x558431fca2a0
        0x558431fca2a0
        0x558431fca2a0
        0x558431fca2a0
        0x558431fca2a0
        0x558431fca2a0
        0x558431fca2a0
        0x558431fca2a0
        0x558431fca2a0
        0x558431fca2a0
        0x558431fca2a0
        0x558431fca2a0
        0x558431fca2a0
        0x558431fca2a0
        0x558431fca2a0
        0x558431fca2a0
        0x558431fca2a0
        0x558431fca2a0
        0x558431fca2a0
        0x558431fca2a0
        0x558431fca2a0
        0x558431fca2a0
        0x558431fca2a0
        0x558431fca2a0
        0x558431fca2a0
        0x558431fca2a0
        0x558431fca2a0
        0x558431fca2a0
        0x558431fca2a0
        0x558431fca2a0
        0x558431fca2a0
        0x558431fca2a0
        0x558431fca2a0
        0x558431fca2a0
        0x558431fca2a0
        0x558431fca2a0
        0x558431fca2a0
        0x558431fca2a0
        0x558431fca2a0
        0x558431fca2a0
        0x558431fca2a0
        0x558431fca2a0
        0x558431fca2a0
        0x558431fca2a0
        0x558431fca2a0
        0x558431fca2a0
        0x558431fca2a0
        0x558431fca2a0
        0x558431fca2a0
        0x558431fca2a0
        0x558431fca2a0
        0x558431fca2a0
        0x558431fca2a0
        0x558431fca2a0
        0x558431fca2a0
        0x558431fca2a0
        0x558431fca2a0
        0x558431fca2a0
        0x558431fca2a0
        0x558431fca2a0
        0x558431fca2a0
        0x558431fca2a0
        0x558431fca2a0
        0x558431fca2a0
        0x558431fca2a0
        0x558431fca2a0
        0x558431fca2a0
        0x558431fca2a0
        0x558431fca2a0
        0x558431fca2a0
        0x558431fca2a0
        0x558431fca2a0
        0x558431fca2a0
        0x558431fca2a0
        0x558431fca2a0
        0x558431fca2a0
        0x558431fca2a0
        0x558431fca2a0
        0x558431fca2a0
        0x558431fca2a0
        0x558431fca2a0
        0x558431fca2a0
        0x558431fca2a0
        0x558431fca2a0
        0x558431fca2a0
        0x558431fca2a0
        0x558431fca2a0
        0x558431fca2a0
        0x558431fca2a0
        0x558431fca2a0
        0x558431fca2a0
        0x558431fca2a0
        0x558431fca2a0
        0x558431fca2a0
        0x558431fca2a0
        0x558431fca2a0
        0x558431fca2a0
        0x558431fca2a0
        0x558431fca2a0
        0x558431fca2a0
        0x558431fca2a0
        0x558431fca2a0
        0x558431fca2a0
        0x558431fca2a0
        0x558431fca2a0
        0x558431fca2a0
        0x558431fca2a0
        0x558431fca2a0
        0x558431fca2a0
        0x558431fca2a0
        0x558431fca2a0
        0x558431fca2a0
        0x558431fca2a0
        0x558431fca2a0
        0x558431fca2a0
        0x558431fca2a0
        0x558431fca2a0
        0x558431fca2a0
        0x558431fca2a0
        0x558431fca2a0
]: 1
@preempt_stack[
        0x7f953d905d3f
]: 1
@preempt_stack[
        0x401b5ffb
        0x4046dfb8
        0x40785934
        0x401c67a6
        0x7f949c846428
        0x7f949c9e578f
        0x558431b82490
]: 1
@preempt_stack[
        0x7f953d90594c
        0x507050105040505
]: 1
@preempt_stack[
        0x7f949c9cb77e
        0x120000
        0x558433824888
        0x558433824888
        0x558433824888
        0x558433824888
        0x558433824888
        0x558433824888
        0x558433824888
        0x558433824888
        0x558433824888
        0x558433824888
        0x558433824888
        0x558433824888
        0x558433824888
        0x558433824888
        0x558433824888
        0x558433824888
        0x558433824888
        0x558433824888
        0x558433824888
        0x558433824888
        0x558433824888
        0x558433824888
        0x558433824888
        0x558433824888
        0x558433824888
        0x558433824888
        0x558433824888
        0x558433824888
        0x558433824888
        0x558433824888
        0x558433824888
        0x558433824888
        0x558433824888
        0x558433824888
        0x558433824888
        0x558433824888
        0x558433824888
        0x558433824888
        0x558433824888
        0x558433824888
        0x558433824888
        0x558433824888
        0x558433824888
        0x558433824888
        0x558433824888
        0x558433824888
        0x558433824888
        0x558433824888
        0x558433824888
        0x558433824888
        0x558433824888
        0x558433824888
        0x558433824888
        0x558433824888
        0x558433824888
        0x558433824888
        0x558433824888
        0x558433824888
        0x558433824888
        0x558433824888
        0x558433824888
        0x558433824888
        0x558433824888
        0x558433824888
        0x558433824888
        0x558433824888
        0x558433824888
        0x558433824888
        0x558433824888
        0x558433824888
        0x558433824888
        0x558433824888
        0x558433824888
        0x558433824888
        0x558433824888
        0x558433824888
        0x558433824888
        0x558433824888
        0x558433824888
        0x558433824888
        0x558433824888
        0x558433824888
        0x558433824888
        0x558433824888
        0x558433824888
        0x558433824888
        0x558433824888
        0x558433824888
        0x558433824888
        0x558433824888
        0x558433824888
        0x558433824888
        0x558433824888
        0x558433824888
        0x558433824888
        0x558433824888
        0x558433824888
        0x558433824888
        0x558433824888
        0x558433824888
        0x558433824888
        0x558433824888
        0x558433824888
        0x558433824888
        0x558433824888
        0x558433824888
        0x558433824888
        0x558433824888
        0x558433824888
        0x558433824888
        0x558433824888
        0x558433824888
        0x558433824888
        0x558433824888
        0x558433824888
        0x558433824888
        0x558433824888
        0x558433824888
        0x558433824888
        0x558433824888
        0x558433824888
        0x558433824888
        0x558433824888
        0x558433824888
        0x558433824888
]: 1
@preempt_stack[
        0x40caeec4
        0
        0x2000000000000001
        0x558432740e50
        0x558432740e50
        0x558432740e50
        0x558432740e50
        0x558432740e50
        0x558432740e50
        0x558432740e50
        0x558432740e50
        0x558432740e50
        0x558432740e50
        0x558432740e50
        0x558432740e50
        0x558432740e50
        0x558432740e50
        0x558432740e50
        0x558432740e50
        0x558432740e50
        0x558432740e50
        0x558432740e50
        0x558432740e50
        0x558432740e50
        0x558432740e50
        0x558432740e50
        0x558432740e50
        0x558432740e50
        0x558432740e50
        0x558432740e50
        0x558432740e50
        0x558432740e50
        0x558432740e50
        0x558432740e50
        0x558432740e50
        0x558432740e50
        0x558432740e50
        0x558432740e50
        0x558432740e50
        0x558432740e50
        0x558432740e50
        0x558432740e50
        0x558432740e50
        0x558432740e50
        0x558432740e50
        0x558432740e50
        0x558432740e50
        0x558432740e50
        0x558432740e50
        0x558432740e50
        0x558432740e50
        0x558432740e50
        0x558432740e50
        0x558432740e50
        0x558432740e50
        0x558432740e50
        0x558432740e50
        0x558432740e50
        0x558432740e50
        0x558432740e50
        0x558432740e50
        0x558432740e50
        0x558432740e50
        0x558432740e50
        0x558432740e50
        0x558432740e50
        0x558432740e50
        0x558432740e50
        0x558432740e50
        0x558432740e50
        0x558432740e50
        0x558432740e50
        0x558432740e50
        0x558432740e50
        0x558432740e50
        0x558432740e50
        0x558432740e50
        0x558432740e50
        0x558432740e50
        0x558432740e50
        0x558432740e50
        0x558432740e50
        0x558432740e50
        0x558432740e50
        0x558432740e50
        0x558432740e50
        0x558432740e50
        0x558432740e50
        0x558432740e50
        0x558432740e50
        0x558432740e50
        0x558432740e50
        0x558432740e50
        0x558432740e50
        0x558432740e50
        0x558432740e50
        0x558432740e50
        0x558432740e50
        0x558432740e50
        0x558432740e50
        0x558432740e50
        0x558432740e50
        0x558432740e50
        0x558432740e50
        0x558432740e50
        0x558432740e50
        0x558432740e50
        0x558432740e50
        0x558432740e50
        0x558432740e50
        0x558432740e50
        0x558432740e50
        0x558432740e50
        0x558432740e50
        0x558432740e50
        0x558432740e50
        0x558432740e50
        0x558432740e50
        0x558432740e50
        0x558432740e50
        0x558432740e50
        0x558432740e50
        0x558432740e50
        0x558432740e50
        0x558432740e50
        0x558432740e50
        0x558432740e50
]: 1
@preempt_stack[
        0x40d5bb0c
]: 1
@preempt_stack[
        0x40441a8c
]: 1
@preempt_stack[
        0x4042c272
]: 1
@preempt_stack[
        0x7f953d6bc207
        0
]: 1
@preempt_stack[
        0x7f949c9cb77e
        0x120000
        0x558435733d08
        0x558435733d08
        0x558435733d08
        0x558435733d08
        0x558435733d08
        0x558435733d08
        0x558435733d08
        0x558435733d08
        0x558435733d08
        0x558435733d08
        0x558435733d08
        0x558435733d08
        0x558435733d08
        0x558435733d08
        0x558435733d08
        0x558435733d08
        0x558435733d08
        0x558435733d08
        0x558435733d08
        0x558435733d08
        0x558435733d08
        0x558435733d08
        0x558435733d08
        0x558435733d08
        0x558435733d08
        0x558435733d08
        0x558435733d08
        0x558435733d08
        0x558435733d08
        0x558435733d08
        0x558435733d08
        0x558435733d08
        0x558435733d08
        0x558435733d08
        0x558435733d08
        0x558435733d08
        0x558435733d08
        0x558435733d08
        0x558435733d08
        0x558435733d08
        0x558435733d08
        0x558435733d08
        0x558435733d08
        0x558435733d08
        0x558435733d08
        0x558435733d08
        0x558435733d08
        0x558435733d08
        0x558435733d08
        0x558435733d08
        0x558435733d08
        0x558435733d08
        0x558435733d08
        0x558435733d08
        0x558435733d08
        0x558435733d08
        0x558435733d08
        0x558435733d08
        0x558435733d08
        0x558435733d08
        0x558435733d08
        0x558435733d08
        0x558435733d08
        0x558435733d08
        0x558435733d08
        0x558435733d08
        0x558435733d08
        0x558435733d08
        0x558435733d08
        0x558435733d08
        0x558435733d08
        0x558435733d08
        0x558435733d08
        0x558435733d08
        0x558435733d08
        0x558435733d08
        0x558435733d08
        0x558435733d08
        0x558435733d08
        0x558435733d08
        0x558435733d08
        0x558435733d08
        0x558435733d08
        0x558435733d08
        0x558435733d08
        0x558435733d08
        0x558435733d08
        0x558435733d08
        0x558435733d08
        0x558435733d08
        0x558435733d08
        0x558435733d08
        0x558435733d08
        0x558435733d08
        0x558435733d08
        0x558435733d08
        0x558435733d08
        0x558435733d08
        0x558435733d08
        0x558435733d08
        0x558435733d08
        0x558435733d08
        0x558435733d08
        0x558435733d08
        0x558435733d08
        0x558435733d08
        0x558435733d08
        0x558435733d08
        0x558435733d08
        0x558435733d08
        0x558435733d08
        0x558435733d08
        0x558435733d08
        0x558435733d08
        0x558435733d08
        0x558435733d08
        0x558435733d08
        0x558435733d08
        0x558435733d08
        0x558435733d08
        0x558435733d08
        0x558435733d08
        0x558435733d08
        0x558435733d08
        0x558435733d08
]: 1
@preempt_stack[
        0x7f953d905911
        0x507050105040501
]: 1
@preempt_stack[
        0x401a5601
        0x401a5590
        0x40212f04
        0x40a8a7df
        0x40407e56
        0x40403d24
        0x7f949c846428
        0x7f949c9e578f
        0x558431b82490
]: 1
@preempt_stack[
        0x7f953dd3d9e1
        0x7f950669c460
        0x58
        0x558431afba9000
]: 1
@preempt_stack[
        0x40d377f6
]: 1
@preempt_stack[
        0x403fb899
        0x407f5b04
        0x40407e17
        0x40403d24
        0x7f949c846428
        0x7f949c9e578f
        0x558431b82490
]: 1
@preempt_stack[
        0x7f953d907324
]: 1
@preempt_stack[
        0x7f953d9052b8
]: 1
@preempt_stack[
        0x40444192
]: 1
@preempt_stack[
        0x7f953dd7bd84
]: 1
@preempt_stack[
        0x7f953dd4fac7
        0x20
]: 1
@preempt_stack[
        0x4076c596
        0x40c3803c
        0x40a8a76e
        0x40407e56
        0x40403d24
        0x7f949c846428
        0x7f949c9e578f
        0x558431b82490
]: 1
@preempt_stack[
        0x40cac36a
]: 1
@preempt_stack[
        0x7f949c9dcfa3
        0x110000
        0x558431fdbae8
        0x558431fdbae8
        0x558431fdbae8
        0x558431fdbae8
        0x558431fdbae8
        0x558431fdbae8
        0x558431fdbae8
        0x558431fdbae8
        0x558431fdbae8
        0x558431fdbae8
        0x558431fdbae8
        0x558431fdbae8
        0x558431fdbae8
        0x558431fdbae8
        0x558431fdbae8
        0x558431fdbae8
        0x558431fdbae8
        0x558431fdbae8
        0x558431fdbae8
        0x558431fdbae8
        0x558431fdbae8
        0x558431fdbae8
        0x558431fdbae8
        0x558431fdbae8
        0x558431fdbae8
        0x558431fdbae8
        0x558431fdbae8
        0x558431fdbae8
        0x558431fdbae8
        0x558431fdbae8
        0x558431fdbae8
        0x558431fdbae8
        0x558431fdbae8
        0x558431fdbae8
        0x558431fdbae8
        0x558431fdbae8
        0x558431fdbae8
        0x558431fdbae8
        0x558431fdbae8
        0x558431fdbae8
        0x558431fdbae8
        0x558431fdbae8
        0x558431fdbae8
        0x558431fdbae8
        0x558431fdbae8
        0x558431fdbae8
        0x558431fdbae8
        0x558431fdbae8
        0x558431fdbae8
        0x558431fdbae8
        0x558431fdbae8
        0x558431fdbae8
        0x558431fdbae8
        0x558431fdbae8
        0x558431fdbae8
        0x558431fdbae8
        0x558431fdbae8
        0x558431fdbae8
        0x558431fdbae8
        0x558431fdbae8
        0x558431fdbae8
        0x558431fdbae8
        0x558431fdbae8
        0x558431fdbae8
        0x558431fdbae8
        0x558431fdbae8
        0x558431fdbae8
        0x558431fdbae8
        0x558431fdbae8
        0x558431fdbae8
        0x558431fdbae8
        0x558431fdbae8
        0x558431fdbae8
        0x558431fdbae8
        0x558431fdbae8
        0x558431fdbae8
        0x558431fdbae8
        0x558431fdbae8
        0x558431fdbae8
        0x558431fdbae8
        0x558431fdbae8
        0x558431fdbae8
        0x558431fdbae8
        0x558431fdbae8
        0x558431fdbae8
        0x558431fdbae8
        0x558431fdbae8
        0x558431fdbae8
        0x558431fdbae8
        0x558431fdbae8
        0x558431fdbae8
        0x558431fdbae8
        0x558431fdbae8
        0x558431fdbae8
        0x558431fdbae8
        0x558431fdbae8
        0x558431fdbae8
        0x558431fdbae8
        0x558431fdbae8
        0x558431fdbae8
        0x558431fdbae8
        0x558431fdbae8
        0x558431fdbae8
        0x558431fdbae8
        0x558431fdbae8
        0x558431fdbae8
        0x558431fdbae8
        0x558431fdbae8
        0x558431fdbae8
        0x558431fdbae8
        0x558431fdbae8
        0x558431fdbae8
        0x558431fdbae8
        0x558431fdbae8
        0x558431fdbae8
        0x558431fdbae8
        0x558431fdbae8
        0x558431fdbae8
        0x558431fdbae8
        0x558431fdbae8
        0x558431fdbae8
        0x558431fdbae8
        0x558431fdbae8
        0x558431fdbae8
        0x558431fdbae8
]: 1
@preempt_stack[
        0x7f953d9072b8
        0x70107060704070e
]: 1
@preempt_stack[
        0x7f949c9ce4d8
        0x5584350f6ad0
        0x5584350f6ad0
        0x5584350f6ad0
        0x5584350f6ad0
        0x5584350f6ad0
        0x5584350f6ad0
        0x5584350f6ad0
        0x5584350f6ad0
        0x5584350f6ad0
        0x5584350f6ad0
        0x5584350f6ad0
        0x5584350f6ad0
        0x5584350f6ad0
        0x5584350f6ad0
        0x5584350f6ad0
        0x5584350f6ad0
        0x5584350f6ad0
        0x5584350f6ad0
        0x5584350f6ad0
        0x5584350f6ad0
        0x5584350f6ad0
        0x5584350f6ad0
        0x5584350f6ad0
        0x5584350f6ad0
        0x5584350f6ad0
        0x5584350f6ad0
        0x5584350f6ad0
        0x5584350f6ad0
        0x5584350f6ad0
        0x5584350f6ad0
        0x5584350f6ad0
        0x5584350f6ad0
        0x5584350f6ad0
        0x5584350f6ad0
        0x5584350f6ad0
        0x5584350f6ad0
        0x5584350f6ad0
        0x5584350f6ad0
        0x5584350f6ad0
        0x5584350f6ad0
        0x5584350f6ad0
        0x5584350f6ad0
        0x5584350f6ad0
        0x5584350f6ad0
        0x5584350f6ad0
        0x5584350f6ad0
        0x5584350f6ad0
        0x5584350f6ad0
        0x5584350f6ad0
        0x5584350f6ad0
        0x5584350f6ad0
        0x5584350f6ad0
        0x5584350f6ad0
        0x5584350f6ad0
        0x5584350f6ad0
        0x5584350f6ad0
        0x5584350f6ad0
        0x5584350f6ad0
        0x5584350f6ad0
        0x5584350f6ad0
        0x5584350f6ad0
        0x5584350f6ad0
        0x5584350f6ad0
        0x5584350f6ad0
        0x5584350f6ad0
        0x5584350f6ad0
        0x5584350f6ad0
        0x5584350f6ad0
        0x5584350f6ad0
        0x5584350f6ad0
        0x5584350f6ad0
        0x5584350f6ad0
        0x5584350f6ad0
        0x5584350f6ad0
        0x5584350f6ad0
        0x5584350f6ad0
        0x5584350f6ad0
        0x5584350f6ad0
        0x5584350f6ad0
        0x5584350f6ad0
        0x5584350f6ad0
        0x5584350f6ad0
        0x5584350f6ad0
        0x5584350f6ad0
        0x5584350f6ad0
        0x5584350f6ad0
        0x5584350f6ad0
        0x5584350f6ad0
        0x5584350f6ad0
        0x5584350f6ad0
        0x5584350f6ad0
        0x5584350f6ad0
        0x5584350f6ad0
        0x5584350f6ad0
        0x5584350f6ad0
        0x5584350f6ad0
        0x5584350f6ad0
        0x5584350f6ad0
        0x5584350f6ad0
        0x5584350f6ad0
        0x5584350f6ad0
        0x5584350f6ad0
        0x5584350f6ad0
        0x5584350f6ad0
        0x5584350f6ad0
        0x5584350f6ad0
        0x5584350f6ad0
        0x5584350f6ad0
        0x5584350f6ad0
        0x5584350f6ad0
        0x5584350f6ad0
        0x5584350f6ad0
        0x5584350f6ad0
        0x5584350f6ad0
        0x5584350f6ad0
        0x5584350f6ad0
        0x5584350f6ad0
        0x5584350f6ad0
        0x5584350f6ad0
        0x5584350f6ad0
        0x5584350f6ad0
        0x5584350f6ad0
        0x5584350f6ad0
        0x5584350f6ad0
        0x5584350f6ad0
        0x5584350f6ad0
]: 1
@preempt_stack[
        0x7f953e4a6c12
]: 1
@preempt_stack[
        0x40ce09f6
]: 1
@preempt_stack[
        0x40cf6163
        0x40d30e35
        0x40b18238
        0x7f949c846428
        0x7f949c9e578f
        0x558431b82490
]: 1
@preempt_stack[
        0x7f953d9076a5
        0x7f95007021c0
        0xfce0fc10fc40fe6
]: 1
@preempt_stack[
        0x7f953d9076a5
        0x7f95006d18c0
        0x481048104840481
]: 1
@preempt_stack[
        0x40bb1709
        0x40cf7e20
        0x40cf7764
        0x40cf45f6
        0x40cf27ee
        0x40cf1d6b
        0x40cf1ca8
        0
        0
        0x558432c5feb8
        0x558432c5feb8
        0x558432c5feb8
        0x558432c5feb8
        0x558432c5feb8
        0x558432c5feb8
        0x558432c5feb8
        0x558432c5feb8
        0x558432c5feb8
        0x558432c5feb8
        0x558432c5feb8
        0x558432c5feb8
        0x558432c5feb8
        0x558432c5feb8
        0x558432c5feb8
        0x558432c5feb8
        0x558432c5feb8
        0x558432c5feb8
        0x558432c5feb8
        0x558432c5feb8
        0x558432c5feb8
        0x558432c5feb8
        0x558432c5feb8
        0x558432c5feb8
        0x558432c5feb8
        0x558432c5feb8
        0x558432c5feb8
        0x558432c5feb8
        0x558432c5feb8
        0x558432c5feb8
        0x558432c5feb8
        0x558432c5feb8
        0x558432c5feb8
        0x558432c5feb8
        0x558432c5feb8
        0x558432c5feb8
        0x558432c5feb8
        0x558432c5feb8
        0x558432c5feb8
        0x558432c5feb8
        0x558432c5feb8
        0x558432c5feb8
        0x558432c5feb8
        0x558432c5feb8
        0x558432c5feb8
        0x558432c5feb8
        0x558432c5feb8
        0x558432c5feb8
        0x558432c5feb8
        0x558432c5feb8
        0x558432c5feb8
        0x558432c5feb8
        0x558432c5feb8
        0x558432c5feb8
        0x558432c5feb8
        0x558432c5feb8
        0x558432c5feb8
        0x558432c5feb8
        0x558432c5feb8
        0x558432c5feb8
        0x558432c5feb8
        0x558432c5feb8
        0x558432c5feb8
        0x558432c5feb8
        0x558432c5feb8
        0x558432c5feb8
        0x558432c5feb8
        0x558432c5feb8
        0x558432c5feb8
        0x558432c5feb8
        0x558432c5feb8
        0x558432c5feb8
        0x558432c5feb8
        0x558432c5feb8
        0x558432c5feb8
        0x558432c5feb8
        0x558432c5feb8
        0x558432c5feb8
        0x558432c5feb8
        0x558432c5feb8
        0x558432c5feb8
        0x558432c5feb8
        0x558432c5feb8
        0x558432c5feb8
        0x558432c5feb8
        0x558432c5feb8
        0x558432c5feb8
        0x558432c5feb8
        0x558432c5feb8
        0x558432c5feb8
        0x558432c5feb8
        0x558432c5feb8
        0x558432c5feb8
        0x558432c5feb8
        0x558432c5feb8
        0x558432c5feb8
        0x558432c5feb8
        0x558432c5feb8
        0x558432c5feb8
        0x558432c5feb8
        0x558432c5feb8
        0x558432c5feb8
        0x558432c5feb8
        0x558432c5feb8
        0x558432c5feb8
        0x558432c5feb8
        0x558432c5feb8
        0x558432c5feb8
        0x558432c5feb8
        0x558432c5feb8
        0x558432c5feb8
        0x558432c5feb8
        0x558432c5feb8
        0x558432c5feb8
        0x558432c5feb8
        0x558432c5feb8
        0x558432c5feb8
        0x558432c5feb8
]: 1
@preempt_stack[
        mono_metadata_type_hash+96
        0x120000
        0x5584352f55b0
        0x5584352f55b0
        0x5584352f55b0
        0x5584352f55b0
        0x5584352f55b0
        0x5584352f55b0
        0x5584352f55b0
        0x5584352f55b0
        0x5584352f55b0
        0x5584352f55b0
        0x5584352f55b0
        0x5584352f55b0
        0x5584352f55b0
        0x5584352f55b0
        0x5584352f55b0
        0x5584352f55b0
        0x5584352f55b0
        0x5584352f55b0
        0x5584352f55b0
        0x5584352f55b0
        0x5584352f55b0
        0x5584352f55b0
        0x5584352f55b0
        0x5584352f55b0
        0x5584352f55b0
        0x5584352f55b0
        0x5584352f55b0
        0x5584352f55b0
        0x5584352f55b0
        0x5584352f55b0
        0x5584352f55b0
        0x5584352f55b0
        0x5584352f55b0
        0x5584352f55b0
        0x5584352f55b0
        0x5584352f55b0
        0x5584352f55b0
        0x5584352f55b0
        0x5584352f55b0
        0x5584352f55b0
        0x5584352f55b0
        0x5584352f55b0
        0x5584352f55b0
        0x5584352f55b0
        0x5584352f55b0
        0x5584352f55b0
        0x5584352f55b0
        0x5584352f55b0
        0x5584352f55b0
        0x5584352f55b0
        0x5584352f55b0
        0x5584352f55b0
        0x5584352f55b0
        0x5584352f55b0
        0x5584352f55b0
        0x5584352f55b0
        0x5584352f55b0
        0x5584352f55b0
        0x5584352f55b0
        0x5584352f55b0
        0x5584352f55b0
        0x5584352f55b0
        0x5584352f55b0
        0x5584352f55b0
        0x5584352f55b0
        0x5584352f55b0
        0x5584352f55b0
        0x5584352f55b0
        0x5584352f55b0
        0x5584352f55b0
        0x5584352f55b0
        0x5584352f55b0
        0x5584352f55b0
        0x5584352f55b0
        0x5584352f55b0
        0x5584352f55b0
        0x5584352f55b0
        0x5584352f55b0
        0x5584352f55b0
        0x5584352f55b0
        0x5584352f55b0
        0x5584352f55b0
        0x5584352f55b0
        0x5584352f55b0
        0x5584352f55b0
        0x5584352f55b0
        0x5584352f55b0
        0x5584352f55b0
        0x5584352f55b0
        0x5584352f55b0
        0x5584352f55b0
        0x5584352f55b0
        0x5584352f55b0
        0x5584352f55b0
        0x5584352f55b0
        0x5584352f55b0
        0x5584352f55b0
        0x5584352f55b0
        0x5584352f55b0
        0x5584352f55b0
        0x5584352f55b0
        0x5584352f55b0
        0x5584352f55b0
        0x5584352f55b0
        0x5584352f55b0
        0x5584352f55b0
        0x5584352f55b0
        0x5584352f55b0
        0x5584352f55b0
        0x5584352f55b0
        0x5584352f55b0
        0x5584352f55b0
        0x5584352f55b0
        0x5584352f55b0
        0x5584352f55b0
        0x5584352f55b0
        0x5584352f55b0
        0x5584352f55b0
        0x5584352f55b0
        0x5584352f55b0
        0x5584352f55b0
        0x5584352f55b0
        0x5584352f55b0
        0x5584352f55b0
        0x5584352f55b0
]: 1
@preempt_stack[
        0x7f953dd42324
]: 1
@preempt_stack[
        0x40caf159
        0x40d5dcce
        0x40d5befe
        0x40d597a4
        0x40d56ef8
        0x40d56d80
        0x40d53864
        0
        0
        0x558432736408
        0x558432736408
        0x558432736408
        0x558432736408
        0x558432736408
        0x558432736408
        0x558432736408
        0x558432736408
        0x558432736408
        0x558432736408
        0x558432736408
        0x558432736408
        0x558432736408
        0x558432736408
        0x558432736408
        0x558432736408
        0x558432736408
        0x558432736408
        0x558432736408
        0x558432736408
        0x558432736408
        0x558432736408
        0x558432736408
        0x558432736408
        0x558432736408
        0x558432736408
        0x558432736408
        0x558432736408
        0x558432736408
        0x558432736408
        0x558432736408
        0x558432736408
        0x558432736408
        0x558432736408
        0x558432736408
        0x558432736408
        0x558432736408
        0x558432736408
        0x558432736408
        0x558432736408
        0x558432736408
        0x558432736408
        0x558432736408
        0x558432736408
        0x558432736408
        0x558432736408
        0x558432736408
        0x558432736408
        0x558432736408
        0x558432736408
        0x558432736408
        0x558432736408
        0x558432736408
        0x558432736408
        0x558432736408
        0x558432736408
        0x558432736408
        0x558432736408
        0x558432736408
        0x558432736408
        0x558432736408
        0x558432736408
        0x558432736408
        0x558432736408
        0x558432736408
        0x558432736408
        0x558432736408
        0x558432736408
        0x558432736408
        0x558432736408
        0x558432736408
        0x558432736408
        0x558432736408
        0x558432736408
        0x558432736408
        0x558432736408
        0x558432736408
        0x558432736408
        0x558432736408
        0x558432736408
        0x558432736408
        0x558432736408
        0x558432736408
        0x558432736408
        0x558432736408
        0x558432736408
        0x558432736408
        0x558432736408
        0x558432736408
        0x558432736408
        0x558432736408
        0x558432736408
        0x558432736408
        0x558432736408
        0x558432736408
        0x558432736408
        0x558432736408
        0x558432736408
        0x558432736408
        0x558432736408
        0x558432736408
        0x558432736408
        0x558432736408
        0x558432736408
        0x558432736408
        0x558432736408
        0x558432736408
        0x558432736408
        0x558432736408
        0x558432736408
        0x558432736408
        0x558432736408
        0x558432736408
        0x558432736408
        0x558432736408
        0x558432736408
        0x558432736408
        0x558432736408
]: 1
@preempt_stack[
        0x401e2f14
        0x40212f04
        0x40a8a76e
        0x40407e56
        0x40403d24
        0x7f949c846428
        0x7f949c9e578f
        0x558431b82490
]: 1
@preempt_stack[
        0x7f949c9dcfa3
        0x120000
        0x5584328c36a0
        0x5584328c36a0
        0x5584328c36a0
        0x5584328c36a0
        0x5584328c36a0
        0x5584328c36a0
        0x5584328c36a0
        0x5584328c36a0
        0x5584328c36a0
        0x5584328c36a0
        0x5584328c36a0
        0x5584328c36a0
        0x5584328c36a0
        0x5584328c36a0
        0x5584328c36a0
        0x5584328c36a0
        0x5584328c36a0
        0x5584328c36a0
        0x5584328c36a0
        0x5584328c36a0
        0x5584328c36a0
        0x5584328c36a0
        0x5584328c36a0
        0x5584328c36a0
        0x5584328c36a0
        0x5584328c36a0
        0x5584328c36a0
        0x5584328c36a0
        0x5584328c36a0
        0x5584328c36a0
        0x5584328c36a0
        0x5584328c36a0
        0x5584328c36a0
        0x5584328c36a0
        0x5584328c36a0
        0x5584328c36a0
        0x5584328c36a0
        0x5584328c36a0
        0x5584328c36a0
        0x5584328c36a0
        0x5584328c36a0
        0x5584328c36a0
        0x5584328c36a0
        0x5584328c36a0
        0x5584328c36a0
        0x5584328c36a0
        0x5584328c36a0
        0x5584328c36a0
        0x5584328c36a0
        0x5584328c36a0
        0x5584328c36a0
        0x5584328c36a0
        0x5584328c36a0
        0x5584328c36a0
        0x5584328c36a0
        0x5584328c36a0
        0x5584328c36a0
        0x5584328c36a0
        0x5584328c36a0
        0x5584328c36a0
        0x5584328c36a0
        0x5584328c36a0
        0x5584328c36a0
        0x5584328c36a0
        0x5584328c36a0
        0x5584328c36a0
        0x5584328c36a0
        0x5584328c36a0
        0x5584328c36a0
        0x5584328c36a0
        0x5584328c36a0
        0x5584328c36a0
        0x5584328c36a0
        0x5584328c36a0
        0x5584328c36a0
        0x5584328c36a0
        0x5584328c36a0
        0x5584328c36a0
        0x5584328c36a0
        0x5584328c36a0
        0x5584328c36a0
        0x5584328c36a0
        0x5584328c36a0
        0x5584328c36a0
        0x5584328c36a0
        0x5584328c36a0
        0x5584328c36a0
        0x5584328c36a0
        0x5584328c36a0
        0x5584328c36a0
        0x5584328c36a0
        0x5584328c36a0
        0x5584328c36a0
        0x5584328c36a0
        0x5584328c36a0
        0x5584328c36a0
        0x5584328c36a0
        0x5584328c36a0
        0x5584328c36a0
        0x5584328c36a0
        0x5584328c36a0
        0x5584328c36a0
        0x5584328c36a0
        0x5584328c36a0
        0x5584328c36a0
        0x5584328c36a0
        0x5584328c36a0
        0x5584328c36a0
        0x5584328c36a0
        0x5584328c36a0
        0x5584328c36a0
        0x5584328c36a0
        0x5584328c36a0
        0x5584328c36a0
        0x5584328c36a0
        0x5584328c36a0
        0x5584328c36a0
        0x5584328c36a0
        0x5584328c36a0
        0x5584328c36a0
        0x5584328c36a0
        0x5584328c36a0
        0x5584328c36a0
        0x5584328c36a0
        0x5584328c36a0
]: 1
@preempt_stack[
        0x7f949ca034e0
        0
        0x83800000000001
        0x558431b49658
        0x558431b49658
        0x558431b49658
        0x558431b49658
        0x558431b49658
        0x558431b49658
        0x558431b49658
        0x558431b49658
        0x558431b49658
        0x558431b49658
        0x558431b49658
        0x558431b49658
        0x558431b49658
        0x558431b49658
        0x558431b49658
        0x558431b49658
        0x558431b49658
        0x558431b49658
        0x558431b49658
        0x558431b49658
        0x558431b49658
        0x558431b49658
        0x558431b49658
        0x558431b49658
        0x558431b49658
        0x558431b49658
        0x558431b49658
        0x558431b49658
        0x558431b49658
        0x558431b49658
        0x558431b49658
        0x558431b49658
        0x558431b49658
        0x558431b49658
        0x558431b49658
        0x558431b49658
        0x558431b49658
        0x558431b49658
        0x558431b49658
        0x558431b49658
        0x558431b49658
        0x558431b49658
        0x558431b49658
        0x558431b49658
        0x558431b49658
        0x558431b49658
        0x558431b49658
        0x558431b49658
        0x558431b49658
        0x558431b49658
        0x558431b49658
        0x558431b49658
        0x558431b49658
        0x558431b49658
        0x558431b49658
        0x558431b49658
        0x558431b49658
        0x558431b49658
        0x558431b49658
        0x558431b49658
        0x558431b49658
        0x558431b49658
        0x558431b49658
        0x558431b49658
        0x558431b49658
        0x558431b49658
        0x558431b49658
        0x558431b49658
        0x558431b49658
        0x558431b49658
        0x558431b49658
        0x558431b49658
        0x558431b49658
        0x558431b49658
        0x558431b49658
        0x558431b49658
        0x558431b49658
        0x558431b49658
        0x558431b49658
        0x558431b49658
        0x558431b49658
        0x558431b49658
        0x558431b49658
        0x558431b49658
        0x558431b49658
        0x558431b49658
        0x558431b49658
        0x558431b49658
        0x558431b49658
        0x558431b49658
        0x558431b49658
        0x558431b49658
        0x558431b49658
        0x558431b49658
        0x558431b49658
        0x558431b49658
        0x558431b49658
        0x558431b49658
        0x558431b49658
        0x558431b49658
        0x558431b49658
        0x558431b49658
        0x558431b49658
        0x558431b49658
        0x558431b49658
        0x558431b49658
        0x558431b49658
        0x558431b49658
        0x558431b49658
        0x558431b49658
        0x558431b49658
        0x558431b49658
        0x558431b49658
        0x558431b49658
        0x558431b49658
        0x558431b49658
        0x558431b49658
        0x558431b49658
        0x558431b49658
        0x558431b49658
        0x558431b49658
        0x558431b49658
        0x558431b49658
        0x558431b49658
]: 1
@preempt_stack[
        0x7f953caa95c8
        0x103e0
]: 1
@preempt_stack[
        0x40d5cb52
        0x40d59754
        0x40d56ef8
        0x40d56d80
        0x40d53864
        0
        0
        0x558432736408
        0x558432736408
        0x558432736408
        0x558432736408
        0x558432736408
        0x558432736408
        0x558432736408
        0x558432736408
        0x558432736408
        0x558432736408
        0x558432736408
        0x558432736408
        0x558432736408
        0x558432736408
        0x558432736408
        0x558432736408
        0x558432736408
        0x558432736408
        0x558432736408
        0x558432736408
        0x558432736408
        0x558432736408
        0x558432736408
        0x558432736408
        0x558432736408
        0x558432736408
        0x558432736408
        0x558432736408
        0x558432736408
        0x558432736408
        0x558432736408
        0x558432736408
        0x558432736408
        0x558432736408
        0x558432736408
        0x558432736408
        0x558432736408
        0x558432736408
        0x558432736408
        0x558432736408
        0x558432736408
        0x558432736408
        0x558432736408
        0x558432736408
        0x558432736408
        0x558432736408
        0x558432736408
        0x558432736408
        0x558432736408
        0x558432736408
        0x558432736408
        0x558432736408
        0x558432736408
        0x558432736408
        0x558432736408
        0x558432736408
        0x558432736408
        0x558432736408
        0x558432736408
        0x558432736408
        0x558432736408
        0x558432736408
        0x558432736408
        0x558432736408
        0x558432736408
        0x558432736408
        0x558432736408
        0x558432736408
        0x558432736408
        0x558432736408
        0x558432736408
        0x558432736408
        0x558432736408
        0x558432736408
        0x558432736408
        0x558432736408
        0x558432736408
        0x558432736408
        0x558432736408
        0x558432736408
        0x558432736408
        0x558432736408
        0x558432736408
        0x558432736408
        0x558432736408
        0x558432736408
        0x558432736408
        0x558432736408
        0x558432736408
        0x558432736408
        0x558432736408
        0x558432736408
        0x558432736408
        0x558432736408
        0x558432736408
        0x558432736408
        0x558432736408
        0x558432736408
        0x558432736408
        0x558432736408
        0x558432736408
        0x558432736408
        0x558432736408
        0x558432736408
        0x558432736408
        0x558432736408
        0x558432736408
        0x558432736408
        0x558432736408
        0x558432736408
        0x558432736408
        0x558432736408
        0x558432736408
        0x558432736408
        0x558432736408
        0x558432736408
        0x558432736408
        0x558432736408
        0x558432736408
        0x558432736408
]: 1
@preempt_stack[
        0x7f949ca3c40f
        0x7f936801cb52
        0x2800000000000001
        0x558432960c98
        0x558432960c98
        0x558432960c98
        0x558432960c98
        0x558432960c98
        0x558432960c98
        0x558432960c98
        0x558432960c98
        0x558432960c98
        0x558432960c98
        0x558432960c98
        0x558432960c98
        0x558432960c98
        0x558432960c98
        0x558432960c98
        0x558432960c98
        0x558432960c98
        0x558432960c98
        0x558432960c98
        0x558432960c98
        0x558432960c98
        0x558432960c98
        0x558432960c98
        0x558432960c98
        0x558432960c98
        0x558432960c98
        0x558432960c98
        0x558432960c98
        0x558432960c98
        0x558432960c98
        0x558432960c98
        0x558432960c98
        0x558432960c98
        0x558432960c98
        0x558432960c98
        0x558432960c98
        0x558432960c98
        0x558432960c98
        0x558432960c98
        0x558432960c98
        0x558432960c98
        0x558432960c98
        0x558432960c98
        0x558432960c98
        0x558432960c98
        0x558432960c98
        0x558432960c98
        0x558432960c98
        0x558432960c98
        0x558432960c98
        0x558432960c98
        0x558432960c98
        0x558432960c98
        0x558432960c98
        0x558432960c98
        0x558432960c98
        0x558432960c98
        0x558432960c98
        0x558432960c98
        0x558432960c98
        0x558432960c98
        0x558432960c98
        0x558432960c98
        0x558432960c98
        0x558432960c98
        0x558432960c98
        0x558432960c98
        0x558432960c98
        0x558432960c98
        0x558432960c98
        0x558432960c98
        0x558432960c98
        0x558432960c98
        0x558432960c98
        0x558432960c98
        0x558432960c98
        0x558432960c98
        0x558432960c98
        0x558432960c98
        0x558432960c98
        0x558432960c98
        0x558432960c98
        0x558432960c98
        0x558432960c98
        0x558432960c98
        0x558432960c98
        0x558432960c98
        0x558432960c98
        0x558432960c98
        0x558432960c98
        0x558432960c98
        0x558432960c98
        0x558432960c98
        0x558432960c98
        0x558432960c98
        0x558432960c98
        0x558432960c98
        0x558432960c98
        0x558432960c98
        0x558432960c98
        0x558432960c98
        0x558432960c98
        0x558432960c98
        0x558432960c98
        0x558432960c98
        0x558432960c98
        0x558432960c98
        0x558432960c98
        0x558432960c98
        0x558432960c98
        0x558432960c98
        0x558432960c98
        0x558432960c98
        0x558432960c98
        0x558432960c98
        0x558432960c98
        0x558432960c98
        0x558432960c98
        0x558432960c98
        0x558432960c98
        0x558432960c98
        0x558432960c98
        0x558432960c98
        0x558432960c98
]: 1
@preempt_stack[
        0x7f953dd4f07f
        0x7f9505018f70
]: 1
@preempt_stack[
        0x7f953dcd7dd6
        0x880086708440845
]: 1
@preempt_stack[
        0x7f953db0b191
        0x608060206070604
]: 1
@preempt_stack[
        mono_g_hash_table_lookup_extended+66
        0x120000
        0x558434c3e620
        0x558434c3e620
        0x558434c3e620
        0x558434c3e620
        0x558434c3e620
        0x558434c3e620
        0x558434c3e620
        0x558434c3e620
        0x558434c3e620
        0x558434c3e620
        0x558434c3e620
        0x558434c3e620
        0x558434c3e620
        0x558434c3e620
        0x558434c3e620
        0x558434c3e620
        0x558434c3e620
        0x558434c3e620
        0x558434c3e620
        0x558434c3e620
        0x558434c3e620
        0x558434c3e620
        0x558434c3e620
        0x558434c3e620
        0x558434c3e620
        0x558434c3e620
        0x558434c3e620
        0x558434c3e620
        0x558434c3e620
        0x558434c3e620
        0x558434c3e620
        0x558434c3e620
        0x558434c3e620
        0x558434c3e620
        0x558434c3e620
        0x558434c3e620
        0x558434c3e620
        0x558434c3e620
        0x558434c3e620
        0x558434c3e620
        0x558434c3e620
        0x558434c3e620
        0x558434c3e620
        0x558434c3e620
        0x558434c3e620
        0x558434c3e620
        0x558434c3e620
        0x558434c3e620
        0x558434c3e620
        0x558434c3e620
        0x558434c3e620
        0x558434c3e620
        0x558434c3e620
        0x558434c3e620
        0x558434c3e620
        0x558434c3e620
        0x558434c3e620
        0x558434c3e620
        0x558434c3e620
        0x558434c3e620
        0x558434c3e620
        0x558434c3e620
        0x558434c3e620
        0x558434c3e620
        0x558434c3e620
        0x558434c3e620
        0x558434c3e620
        0x558434c3e620
        0x558434c3e620
        0x558434c3e620
        0x558434c3e620
        0x558434c3e620
        0x558434c3e620
        0x558434c3e620
        0x558434c3e620
        0x558434c3e620
        0x558434c3e620
        0x558434c3e620
        0x558434c3e620
        0x558434c3e620
        0x558434c3e620
        0x558434c3e620
        0x558434c3e620
        0x558434c3e620
        0x558434c3e620
        0x558434c3e620
        0x558434c3e620
        0x558434c3e620
        0x558434c3e620
        0x558434c3e620
        0x558434c3e620
        0x558434c3e620
        0x558434c3e620
        0x558434c3e620
        0x558434c3e620
        0x558434c3e620
        0x558434c3e620
        0x558434c3e620
        0x558434c3e620
        0x558434c3e620
        0x558434c3e620
        0x558434c3e620
        0x558434c3e620
        0x558434c3e620
        0x558434c3e620
        0x558434c3e620
        0x558434c3e620
        0x558434c3e620
        0x558434c3e620
        0x558434c3e620
        0x558434c3e620
        0x558434c3e620
        0x558434c3e620
        0x558434c3e620
        0x558434c3e620
        0x558434c3e620
        0x558434c3e620
        0x558434c3e620
        0x558434c3e620
        0x558434c3e620
        0x558434c3e620
        0x558434c3e620
        0x558434c3e620
        0x558434c3e620
        0x558434c3e620
]: 1
@preempt_stack[
        0x7f949c9cb789
        0x120000
        0x5584340d1c00
        0x5584340d1c00
        0x5584340d1c00
        0x5584340d1c00
        0x5584340d1c00
        0x5584340d1c00
        0x5584340d1c00
        0x5584340d1c00
        0x5584340d1c00
        0x5584340d1c00
        0x5584340d1c00
        0x5584340d1c00
        0x5584340d1c00
        0x5584340d1c00
        0x5584340d1c00
        0x5584340d1c00
        0x5584340d1c00
        0x5584340d1c00
        0x5584340d1c00
        0x5584340d1c00
        0x5584340d1c00
        0x5584340d1c00
        0x5584340d1c00
        0x5584340d1c00
        0x5584340d1c00
        0x5584340d1c00
        0x5584340d1c00
        0x5584340d1c00
        0x5584340d1c00
        0x5584340d1c00
        0x5584340d1c00
        0x5584340d1c00
        0x5584340d1c00
        0x5584340d1c00
        0x5584340d1c00
        0x5584340d1c00
        0x5584340d1c00
        0x5584340d1c00
        0x5584340d1c00
        0x5584340d1c00
        0x5584340d1c00
        0x5584340d1c00
        0x5584340d1c00
        0x5584340d1c00
        0x5584340d1c00
        0x5584340d1c00
        0x5584340d1c00
        0x5584340d1c00
        0x5584340d1c00
        0x5584340d1c00
        0x5584340d1c00
        0x5584340d1c00
        0x5584340d1c00
        0x5584340d1c00
        0x5584340d1c00
        0x5584340d1c00
        0x5584340d1c00
        0x5584340d1c00
        0x5584340d1c00
        0x5584340d1c00
        0x5584340d1c00
        0x5584340d1c00
        0x5584340d1c00
        0x5584340d1c00
        0x5584340d1c00
        0x5584340d1c00
        0x5584340d1c00
        0x5584340d1c00
        0x5584340d1c00
        0x5584340d1c00
        0x5584340d1c00
        0x5584340d1c00
        0x5584340d1c00
        0x5584340d1c00
        0x5584340d1c00
        0x5584340d1c00
        0x5584340d1c00
        0x5584340d1c00
        0x5584340d1c00
        0x5584340d1c00
        0x5584340d1c00
        0x5584340d1c00
        0x5584340d1c00
        0x5584340d1c00
        0x5584340d1c00
        0x5584340d1c00
        0x5584340d1c00
        0x5584340d1c00
        0x5584340d1c00
        0x5584340d1c00
        0x5584340d1c00
        0x5584340d1c00
        0x5584340d1c00
        0x5584340d1c00
        0x5584340d1c00
        0x5584340d1c00
        0x5584340d1c00
        0x5584340d1c00
        0x5584340d1c00
        0x5584340d1c00
        0x5584340d1c00
        0x5584340d1c00
        0x5584340d1c00
        0x5584340d1c00
        0x5584340d1c00
        0x5584340d1c00
        0x5584340d1c00
        0x5584340d1c00
        0x5584340d1c00
        0x5584340d1c00
        0x5584340d1c00
        0x5584340d1c00
        0x5584340d1c00
        0x5584340d1c00
        0x5584340d1c00
        0x5584340d1c00
        0x5584340d1c00
        0x5584340d1c00
        0x5584340d1c00
        0x5584340d1c00
        0x5584340d1c00
        0x5584340d1c00
        0x5584340d1c00
        0x5584340d1c00
        0x5584340d1c00
]: 1
@preempt_stack[
        0x7f953d9073e0
        0x3832207265
]: 1
@preempt_stack[
        0x40d5e30a
        0x40d5977c
        0x40d56ef8
        0x40d56d80
        0x40d53864
        0
        0
        0x558432736408
        0x558432736408
        0x558432736408
        0x558432736408
        0x558432736408
        0x558432736408
        0x558432736408
        0x558432736408
        0x558432736408
        0x558432736408
        0x558432736408
        0x558432736408
        0x558432736408
        0x558432736408
        0x558432736408
        0x558432736408
        0x558432736408
        0x558432736408
        0x558432736408
        0x558432736408
        0x558432736408
        0x558432736408
        0x558432736408
        0x558432736408
        0x558432736408
        0x558432736408
        0x558432736408
        0x558432736408
        0x558432736408
        0x558432736408
        0x558432736408
        0x558432736408
        0x558432736408
        0x558432736408
        0x558432736408
        0x558432736408
        0x558432736408
        0x558432736408
        0x558432736408
        0x558432736408
        0x558432736408
        0x558432736408
        0x558432736408
        0x558432736408
        0x558432736408
        0x558432736408
        0x558432736408
        0x558432736408
        0x558432736408
        0x558432736408
        0x558432736408
        0x558432736408
        0x558432736408
        0x558432736408
        0x558432736408
        0x558432736408
        0x558432736408
        0x558432736408
        0x558432736408
        0x558432736408
        0x558432736408
        0x558432736408
        0x558432736408
        0x558432736408
        0x558432736408
        0x558432736408
        0x558432736408
        0x558432736408
        0x558432736408
        0x558432736408
        0x558432736408
        0x558432736408
        0x558432736408
        0x558432736408
        0x558432736408
        0x558432736408
        0x558432736408
        0x558432736408
        0x558432736408
        0x558432736408
        0x558432736408
        0x558432736408
        0x558432736408
        0x558432736408
        0x558432736408
        0x558432736408
        0x558432736408
        0x558432736408
        0x558432736408
        0x558432736408
        0x558432736408
        0x558432736408
        0x558432736408
        0x558432736408
        0x558432736408
        0x558432736408
        0x558432736408
        0x558432736408
        0x558432736408
        0x558432736408
        0x558432736408
        0x558432736408
        0x558432736408
        0x558432736408
        0x558432736408
        0x558432736408
        0x558432736408
        0x558432736408
        0x558432736408
        0x558432736408
        0x558432736408
        0x558432736408
        0x558432736408
        0x558432736408
        0x558432736408
        0x558432736408
        0x558432736408
        0x558432736408
        0x558432736408
        0x558432736408
]: 1
@preempt_stack[
        0x404443a0
]: 1
@preempt_stack[
        0x7f953e4a6db4
]: 1
@preempt_stack[
        0x7f949c9ce4d8
        0x558433916fb0
        0x558433916fb0
        0x558433916fb0
        0x558433916fb0
        0x558433916fb0
        0x558433916fb0
        0x558433916fb0
        0x558433916fb0
        0x558433916fb0
        0x558433916fb0
        0x558433916fb0
        0x558433916fb0
        0x558433916fb0
        0x558433916fb0
        0x558433916fb0
        0x558433916fb0
        0x558433916fb0
        0x558433916fb0
        0x558433916fb0
        0x558433916fb0
        0x558433916fb0
        0x558433916fb0
        0x558433916fb0
        0x558433916fb0
        0x558433916fb0
        0x558433916fb0
        0x558433916fb0
        0x558433916fb0
        0x558433916fb0
        0x558433916fb0
        0x558433916fb0
        0x558433916fb0
        0x558433916fb0
        0x558433916fb0
        0x558433916fb0
        0x558433916fb0
        0x558433916fb0
        0x558433916fb0
        0x558433916fb0
        0x558433916fb0
        0x558433916fb0
        0x558433916fb0
        0x558433916fb0
        0x558433916fb0
        0x558433916fb0
        0x558433916fb0
        0x558433916fb0
        0x558433916fb0
        0x558433916fb0
        0x558433916fb0
        0x558433916fb0
        0x558433916fb0
        0x558433916fb0
        0x558433916fb0
        0x558433916fb0
        0x558433916fb0
        0x558433916fb0
        0x558433916fb0
        0x558433916fb0
        0x558433916fb0
        0x558433916fb0
        0x558433916fb0
        0x558433916fb0
        0x558433916fb0
        0x558433916fb0
        0x558433916fb0
        0x558433916fb0
        0x558433916fb0
        0x558433916fb0
        0x558433916fb0
        0x558433916fb0
        0x558433916fb0
        0x558433916fb0
        0x558433916fb0
        0x558433916fb0
        0x558433916fb0
        0x558433916fb0
        0x558433916fb0
        0x558433916fb0
        0x558433916fb0
        0x558433916fb0
        0x558433916fb0
        0x558433916fb0
        0x558433916fb0
        0x558433916fb0
        0x558433916fb0
        0x558433916fb0
        0x558433916fb0
        0x558433916fb0
        0x558433916fb0
        0x558433916fb0
        0x558433916fb0
        0x558433916fb0
        0x558433916fb0
        0x558433916fb0
        0x558433916fb0
        0x558433916fb0
        0x558433916fb0
        0x558433916fb0
        0x558433916fb0
        0x558433916fb0
        0x558433916fb0
        0x558433916fb0
        0x558433916fb0
        0x558433916fb0
        0x558433916fb0
        0x558433916fb0
        0x558433916fb0
        0x558433916fb0
        0x558433916fb0
        0x558433916fb0
        0x558433916fb0
        0x558433916fb0
        0x558433916fb0
        0x558433916fb0
        0x558433916fb0
        0x558433916fb0
        0x558433916fb0
        0x558433916fb0
        0x558433916fb0
        0x558433916fb0
        0x558433916fb0
        0x558433916fb0
        0x558433916fb0
        0x558433916fb0
        0x558433916fb0
]: 1
@preempt_stack[
        0x7f953e87a2b8
        0x437b616a
]: 1
@preempt_stack[
        0x40a8cc15
        0
        0
        0x558432736408
        0x558432736408
        0x558432736408
        0x558432736408
        0x558432736408
        0x558432736408
        0x558432736408
        0x558432736408
        0x558432736408
        0x558432736408
        0x558432736408
        0x558432736408
        0x558432736408
        0x558432736408
        0x558432736408
        0x558432736408
        0x558432736408
        0x558432736408
        0x558432736408
        0x558432736408
        0x558432736408
        0x558432736408
        0x558432736408
        0x558432736408
        0x558432736408
        0x558432736408
        0x558432736408
        0x558432736408
        0x558432736408
        0x558432736408
        0x558432736408
        0x558432736408
        0x558432736408
        0x558432736408
        0x558432736408
        0x558432736408
        0x558432736408
        0x558432736408
        0x558432736408
        0x558432736408
        0x558432736408
        0x558432736408
        0x558432736408
        0x558432736408
        0x558432736408
        0x558432736408
        0x558432736408
        0x558432736408
        0x558432736408
        0x558432736408
        0x558432736408
        0x558432736408
        0x558432736408
        0x558432736408
        0x558432736408
        0x558432736408
        0x558432736408
        0x558432736408
        0x558432736408
        0x558432736408
        0x558432736408
        0x558432736408
        0x558432736408
        0x558432736408
        0x558432736408
        0x558432736408
        0x558432736408
        0x558432736408
        0x558432736408
        0x558432736408
        0x558432736408
        0x558432736408
        0x558432736408
        0x558432736408
        0x558432736408
        0x558432736408
        0x558432736408
        0x558432736408
        0x558432736408
        0x558432736408
        0x558432736408
        0x558432736408
        0x558432736408
        0x558432736408
        0x558432736408
        0x558432736408
        0x558432736408
        0x558432736408
        0x558432736408
        0x558432736408
        0x558432736408
        0x558432736408
        0x558432736408
        0x558432736408
        0x558432736408
        0x558432736408
        0x558432736408
        0x558432736408
        0x558432736408
        0x558432736408
        0x558432736408
        0x558432736408
        0x558432736408
        0x558432736408
        0x558432736408
        0x558432736408
        0x558432736408
        0x558432736408
        0x558432736408
        0x558432736408
        0x558432736408
        0x558432736408
        0x558432736408
        0x558432736408
        0x558432736408
        0x558432736408
        0x558432736408
        0x558432736408
        0x558432736408
        0x558432736408
        0x558432736408
        0x558432736408
        0x558432736408
        0x558432736408
]: 1
@preempt_stack[
        0x7f953dcd7c24
        0x70107060704070e
]: 1
@preempt_stack[
        0x40441ce5
]: 1
@preempt_stack[
        0x7f953d9058ae
        0x547054105440542
]: 1
@preempt_stack[
        0x7f953e9b527a
        0x7ffcbefc3100
]: 1
@preempt_stack[
        0x7f953dd4e96a
        0x78e078107840791
]: 1
@preempt_stack[
        free+100
]: 1
@preempt_stack[
        0x40cd12cc
]: 1
@preempt_stack[
        0x7f953d7ba1d8
        0xee00038ffcaffb0
        0x7f953e054ba0
        0x4810c0834800b08c
]: 1
@preempt_stack[
        0x7f953dd478f7
]: 1
@preempt_stack[
        0x7f953e329574
        0x7f9500000ab8
        0
]: 1
@preempt_stack[
        0x40b04481
        0x40d30e35
        0x40b18238
        0x7f949c846428
        0x7f949c9e578f
        0x558431b82490
]: 1
@preempt_stack[
        0x40cac3d7
]: 1
@preempt_stack[
        0x7f953d905a50
        0xe480e810e4e0e41
]: 1
@preempt_stack[
        0x7f949c99d056
        0x558431ddcd20
]: 1
@preempt_stack[
        GC_gcj_malloc+99
        0x7f953db1f350
        0x7f953d7bba50
        0x7f953d6db8c0
        0x7f953d6d7810
        0
]: 1
@preempt_stack[
        0x40be2641
        0
        0
        0x558432e7f358
        0x558432e7f358
        0x558432e7f358
        0x558432e7f358
        0x558432e7f358
        0x558432e7f358
        0x558432e7f358
        0x558432e7f358
        0x558432e7f358
        0x558432e7f358
        0x558432e7f358
        0x558432e7f358
        0x558432e7f358
        0x558432e7f358
        0x558432e7f358
        0x558432e7f358
        0x558432e7f358
        0x558432e7f358
        0x558432e7f358
        0x558432e7f358
        0x558432e7f358
        0x558432e7f358
        0x558432e7f358
        0x558432e7f358
        0x558432e7f358
        0x558432e7f358
        0x558432e7f358
        0x558432e7f358
        0x558432e7f358
        0x558432e7f358
        0x558432e7f358
        0x558432e7f358
        0x558432e7f358
        0x558432e7f358
        0x558432e7f358
        0x558432e7f358
        0x558432e7f358
        0x558432e7f358
        0x558432e7f358
        0x558432e7f358
        0x558432e7f358
        0x558432e7f358
        0x558432e7f358
        0x558432e7f358
        0x558432e7f358
        0x558432e7f358
        0x558432e7f358
        0x558432e7f358
        0x558432e7f358
        0x558432e7f358
        0x558432e7f358
        0x558432e7f358
        0x558432e7f358
        0x558432e7f358
        0x558432e7f358
        0x558432e7f358
        0x558432e7f358
        0x558432e7f358
        0x558432e7f358
        0x558432e7f358
        0x558432e7f358
        0x558432e7f358
        0x558432e7f358
        0x558432e7f358
        0x558432e7f358
        0x558432e7f358
        0x558432e7f358
        0x558432e7f358
        0x558432e7f358
        0x558432e7f358
        0x558432e7f358
        0x558432e7f358
        0x558432e7f358
        0x558432e7f358
        0x558432e7f358
        0x558432e7f358
        0x558432e7f358
        0x558432e7f358
        0x558432e7f358
        0x558432e7f358
        0x558432e7f358
        0x558432e7f358
        0x558432e7f358
        0x558432e7f358
        0x558432e7f358
        0x558432e7f358
        0x558432e7f358
        0x558432e7f358
        0x558432e7f358
        0x558432e7f358
        0x558432e7f358
        0x558432e7f358
        0x558432e7f358
        0x558432e7f358
        0x558432e7f358
        0x558432e7f358
        0x558432e7f358
        0x558432e7f358
        0x558432e7f358
        0x558432e7f358
        0x558432e7f358
        0x558432e7f358
        0x558432e7f358
        0x558432e7f358
        0x558432e7f358
        0x558432e7f358
        0x558432e7f358
        0x558432e7f358
        0x558432e7f358
        0x558432e7f358
        0x558432e7f358
        0x558432e7f358
        0x558432e7f358
        0x558432e7f358
        0x558432e7f358
        0x558432e7f358
        0x558432e7f358
        0x558432e7f358
        0x558432e7f358
        0x558432e7f358
        0x558432e7f358
        0x558432e7f358
        0x558432e7f358
        0x558432e7f358
]: 1
@preempt_stack[
        0x7f949ca3c423
        0x13800
        0
        0x558432736408
        0x558432736408
        0x558432736408
        0x558432736408
        0x558432736408
        0x558432736408
        0x558432736408
        0x558432736408
        0x558432736408
        0x558432736408
        0x558432736408
        0x558432736408
        0x558432736408
        0x558432736408
        0x558432736408
        0x558432736408
        0x558432736408
        0x558432736408
        0x558432736408
        0x558432736408
        0x558432736408
        0x558432736408
        0x558432736408
        0x558432736408
        0x558432736408
        0x558432736408
        0x558432736408
        0x558432736408
        0x558432736408
        0x558432736408
        0x558432736408
        0x558432736408
        0x558432736408
        0x558432736408
        0x558432736408
        0x558432736408
        0x558432736408
        0x558432736408
        0x558432736408
        0x558432736408
        0x558432736408
        0x558432736408
        0x558432736408
        0x558432736408
        0x558432736408
        0x558432736408
        0x558432736408
        0x558432736408
        0x558432736408
        0x558432736408
        0x558432736408
        0x558432736408
        0x558432736408
        0x558432736408
        0x558432736408
        0x558432736408
        0x558432736408
        0x558432736408
        0x558432736408
        0x558432736408
        0x558432736408
        0x558432736408
        0x558432736408
        0x558432736408
        0x558432736408
        0x558432736408
        0x558432736408
        0x558432736408
        0x558432736408
        0x558432736408
        0x558432736408
        0x558432736408
        0x558432736408
        0x558432736408
        0x558432736408
        0x558432736408
        0x558432736408
        0x558432736408
        0x558432736408
        0x558432736408
        0x558432736408
        0x558432736408
        0x558432736408
        0x558432736408
        0x558432736408
        0x558432736408
        0x558432736408
        0x558432736408
        0x558432736408
        0x558432736408
        0x558432736408
        0x558432736408
        0x558432736408
        0x558432736408
        0x558432736408
        0x558432736408
        0x558432736408
        0x558432736408
        0x558432736408
        0x558432736408
        0x558432736408
        0x558432736408
        0x558432736408
        0x558432736408
        0x558432736408
        0x558432736408
        0x558432736408
        0x558432736408
        0x558432736408
        0x558432736408
        0x558432736408
        0x558432736408
        0x558432736408
        0x558432736408
        0x558432736408
        0x558432736408
        0x558432736408
        0x558432736408
        0x558432736408
        0x558432736408
        0x558432736408
        0x558432736408
        0x558432736408
        0x558432736408
]: 1
@preempt_stack[
        0x40d0514a
]: 1
@preempt_stack[
        0x7f953d905932
        0x4a0084006d005a
]: 1
@preempt_stack[
        0x40bc9b03
        0x40f643a0
        0x40f63efc
        0x40eb0714
        0x40d26f44
        0x7f93fc0837cb
        0x7f93fc083a7b
        0x401c67a6
        0x7f949c846428
        0x7f949c9e578f
        0x558431b82490
]: 1
@preempt_stack[
        0x7f953e5af955
]: 1
@preempt_stack[
        0x404443b3
]: 1
@preempt_stack[
        0x7f953d9073e0
        0x3931207265
]: 1
@preempt_stack[
        0x4044ba7b
        0x4044b20c
]: 1
@preempt_stack[
        0x7f949ca4f415
]: 1
@preempt_stack[
        0x402d96e5
        0x4076d0f6
        0x40d355f4
        0x40aeee2c
        0x40a8a7df
        0x40407e56
        0x40403d24
        0x7f949c846428
        0x7f949c9e578f
        0x558431b82490
]: 1
@preempt_stack[
        0x7f953d6bb322
        0x7f92a6c13c30
        0x9400036bd000007f
]: 1
@preempt_stack[
        0x40212f07
        0x40a8a7df
        0x40407e56
        0x40403d24
        0x7f949c846428
        0x7f949c9e578f
        0x558431b82490
]: 1
@preempt_stack[
        0x40c392dc
        0x40a8a76e
        0x40407e56
        0x40403d24
        0x7f949c846428
        0x7f949c9e578f
        0x558431b82490
]: 1
@preempt_stack[
        0x7f953dcbb635
        0x21
        0x1aadf28
]: 1
@preempt_stack[
        0x7f949c9cb8d8
        0x130000
        0
        0
        0x5584348410d0
]: 1
@preempt_stack[
        0x7f949c9acc15
        0
]: 1
@preempt_stack[
        0x7f953dd17f60
]: 1
@preempt_stack[
        mono_metadata_type_hash+80
        0x120000
        0x558434d93cf8
        0x558434d93cf8
        0x558434d93cf8
        0x558434d93cf8
        0x558434d93cf8
        0x558434d93cf8
        0x558434d93cf8
        0x558434d93cf8
        0x558434d93cf8
        0x558434d93cf8
        0x558434d93cf8
        0x558434d93cf8
        0x558434d93cf8
        0x558434d93cf8
        0x558434d93cf8
        0x558434d93cf8
        0x558434d93cf8
        0x558434d93cf8
        0x558434d93cf8
        0x558434d93cf8
        0x558434d93cf8
        0x558434d93cf8
        0x558434d93cf8
        0x558434d93cf8
        0x558434d93cf8
        0x558434d93cf8
        0x558434d93cf8
        0x558434d93cf8
        0x558434d93cf8
        0x558434d93cf8
        0x558434d93cf8
        0x558434d93cf8
        0x558434d93cf8
        0x558434d93cf8
        0x558434d93cf8
        0x558434d93cf8
        0x558434d93cf8
        0x558434d93cf8
        0x558434d93cf8
        0x558434d93cf8
        0x558434d93cf8
        0x558434d93cf8
        0x558434d93cf8
        0x558434d93cf8
        0x558434d93cf8
        0x558434d93cf8
        0x558434d93cf8
        0x558434d93cf8
        0x558434d93cf8
        0x558434d93cf8
        0x558434d93cf8
        0x558434d93cf8
        0x558434d93cf8
        0x558434d93cf8
        0x558434d93cf8
        0x558434d93cf8
        0x558434d93cf8
        0x558434d93cf8
        0x558434d93cf8
        0x558434d93cf8
        0x558434d93cf8
        0x558434d93cf8
        0x558434d93cf8
        0x558434d93cf8
        0x558434d93cf8
        0x558434d93cf8
        0x558434d93cf8
        0x558434d93cf8
        0x558434d93cf8
        0x558434d93cf8
        0x558434d93cf8
        0x558434d93cf8
        0x558434d93cf8
        0x558434d93cf8
        0x558434d93cf8
        0x558434d93cf8
        0x558434d93cf8
        0x558434d93cf8
        0x558434d93cf8
        0x558434d93cf8
        0x558434d93cf8
        0x558434d93cf8
        0x558434d93cf8
        0x558434d93cf8
        0x558434d93cf8
        0x558434d93cf8
        0x558434d93cf8
        0x558434d93cf8
        0x558434d93cf8
        0x558434d93cf8
        0x558434d93cf8
        0x558434d93cf8
        0x558434d93cf8
        0x558434d93cf8
        0x558434d93cf8
        0x558434d93cf8
        0x558434d93cf8
        0x558434d93cf8
        0x558434d93cf8
        0x558434d93cf8
        0x558434d93cf8
        0x558434d93cf8
        0x558434d93cf8
        0x558434d93cf8
        0x558434d93cf8
        0x558434d93cf8
        0x558434d93cf8
        0x558434d93cf8
        0x558434d93cf8
        0x558434d93cf8
        0x558434d93cf8
        0x558434d93cf8
        0x558434d93cf8
        0x558434d93cf8
        0x558434d93cf8
        0x558434d93cf8
        0x558434d93cf8
        0x558434d93cf8
        0x558434d93cf8
        0x558434d93cf8
        0x558434d93cf8
        0x558434d93cf8
        0x558434d93cf8
        0x558434d93cf8
        0x558434d93cf8
]: 1
@preempt_stack[
        0x7f953dd660b0
]: 1
@preempt_stack[
        0x7f949ca03540
        0x7f935193e6c0
        0x7f9352b7f6c0
        0x7f93907bc6c0
        0x7f93909bd6c0
        0x7f9390bbe6c0
        0x7f9390dbf6c0
        0x7f93f1bb76c0
        0x7f93f1db86c0
        0x7f93f2ff96c0
        0x7f9470ba46c0
        0x7f9474e336c0
        0x7f94750346c0
        0x7f94752356c0
        0x7f9476ec06c0
        0x7f94821e16c0
        0x7f94829e26c0
        0x7f94831e36c0
        0x7f94839e46c0
        0x7f94841e56c0
        0x7f94849e66c0
        0x7f94851e76c0
        0x7f94859e86c0
        0x7f94861e96c0
        0x7f94869ea6c0
        0x7f94871eb6c0
        0x7f94879ec6c0
        0x7f94881ed6c0
        0x7f94889ee6c0
        0x7f94891ef6c0
        0x7f94899f06c0
        0x7f948a1f16c0
        0x7f948a9f26c0
        0x7f948b1f36c0
        0x7f948b9f46c0
        0x7f948c1f56c0
        0x7f948c9f66c0
        0x7f948d1f76c0
        0x7f948d9f86c0
        0x7f948e1f96c0
        0x7f948e9fa6c0
        0x7f948f1fb6c0
        0x7f948f9fc6c0
        0x7f94901fd6c0
        0x7f94909fe6c0
        0x7f94911ff6c0
        0x7f949c1ff6c0
        0x7f953ed02bc0
]: 1
@preempt_stack[
        pthread_mutex_trylock+905
        0x130000
        0
        0
        0x55843321d8a0
]: 1
@preempt_stack[
        0x7f953d7ba1d8
        0xee00038ffca3254
        0x7f953e054ba0
        0x4810c0834800b08c
]: 1
@preempt_stack[
        0x7f953eea2b81
        0x7f949caa9ad3
        0
        0x7f93000690c0
]: 1
@preempt_stack[
        0x7f953d6c9ea8
]: 1
@preempt_stack[
        syscall+27
]: 1
@preempt_stack[
        0x40441cfd
]: 1
@preempt_stack[
        0x40d5b8cd
        0x40d56ef8
        0x40d56d80
        0x40d53864
        0
        0
        0x558432736408
        0x558432736408
        0x558432736408
        0x558432736408
        0x558432736408
        0x558432736408
        0x558432736408
        0x558432736408
        0x558432736408
        0x558432736408
        0x558432736408
        0x558432736408
        0x558432736408
        0x558432736408
        0x558432736408
        0x558432736408
        0x558432736408
        0x558432736408
        0x558432736408
        0x558432736408
        0x558432736408
        0x558432736408
        0x558432736408
        0x558432736408
        0x558432736408
        0x558432736408
        0x558432736408
        0x558432736408
        0x558432736408
        0x558432736408
        0x558432736408
        0x558432736408
        0x558432736408
        0x558432736408
        0x558432736408
        0x558432736408
        0x558432736408
        0x558432736408
        0x558432736408
        0x558432736408
        0x558432736408
        0x558432736408
        0x558432736408
        0x558432736408
        0x558432736408
        0x558432736408
        0x558432736408
        0x558432736408
        0x558432736408
        0x558432736408
        0x558432736408
        0x558432736408
        0x558432736408
        0x558432736408
        0x558432736408
        0x558432736408
        0x558432736408
        0x558432736408
        0x558432736408
        0x558432736408
        0x558432736408
        0x558432736408
        0x558432736408
        0x558432736408
        0x558432736408
        0x558432736408
        0x558432736408
        0x558432736408
        0x558432736408
        0x558432736408
        0x558432736408
        0x558432736408
        0x558432736408
        0x558432736408
        0x558432736408
        0x558432736408
        0x558432736408
        0x558432736408
        0x558432736408
        0x558432736408
        0x558432736408
        0x558432736408
        0x558432736408
        0x558432736408
        0x558432736408
        0x558432736408
        0x558432736408
        0x558432736408
        0x558432736408
        0x558432736408
        0x558432736408
        0x558432736408
        0x558432736408
        0x558432736408
        0x558432736408
        0x558432736408
        0x558432736408
        0x558432736408
        0x558432736408
        0x558432736408
        0x558432736408
        0x558432736408
        0x558432736408
        0x558432736408
        0x558432736408
        0x558432736408
        0x558432736408
        0x558432736408
        0x558432736408
        0x558432736408
        0x558432736408
        0x558432736408
        0x558432736408
        0x558432736408
        0x558432736408
        0x558432736408
        0x558432736408
        0x558432736408
        0x558432736408
        0x558432736408
        0x558432736408
]: 1
@preempt_stack[
        0x40d9cf6b
        0x40d57d0c
        0x40d56d80
        0x40d53864
        0
        0
        0x558432736408
        0x558432736408
        0x558432736408
        0x558432736408
        0x558432736408
        0x558432736408
        0x558432736408
        0x558432736408
        0x558432736408
        0x558432736408
        0x558432736408
        0x558432736408
        0x558432736408
        0x558432736408
        0x558432736408
        0x558432736408
        0x558432736408
        0x558432736408
        0x558432736408
        0x558432736408
        0x558432736408
        0x558432736408
        0x558432736408
        0x558432736408
        0x558432736408
        0x558432736408
        0x558432736408
        0x558432736408
        0x558432736408
        0x558432736408
        0x558432736408
        0x558432736408
        0x558432736408
        0x558432736408
        0x558432736408
        0x558432736408
        0x558432736408
        0x558432736408
        0x558432736408
        0x558432736408
        0x558432736408
        0x558432736408
        0x558432736408
        0x558432736408
        0x558432736408
        0x558432736408
        0x558432736408
        0x558432736408
        0x558432736408
        0x558432736408
        0x558432736408
        0x558432736408
        0x558432736408
        0x558432736408
        0x558432736408
        0x558432736408
        0x558432736408
        0x558432736408
        0x558432736408
        0x558432736408
        0x558432736408
        0x558432736408
        0x558432736408
        0x558432736408
        0x558432736408
        0x558432736408
        0x558432736408
        0x558432736408
        0x558432736408
        0x558432736408
        0x558432736408
        0x558432736408
        0x558432736408
        0x558432736408
        0x558432736408
        0x558432736408
        0x558432736408
        0x558432736408
        0x558432736408
        0x558432736408
        0x558432736408
        0x558432736408
        0x558432736408
        0x558432736408
        0x558432736408
        0x558432736408
        0x558432736408
        0x558432736408
        0x558432736408
        0x558432736408
        0x558432736408
        0x558432736408
        0x558432736408
        0x558432736408
        0x558432736408
        0x558432736408
        0x558432736408
        0x558432736408
        0x558432736408
        0x558432736408
        0x558432736408
        0x558432736408
        0x558432736408
        0x558432736408
        0x558432736408
        0x558432736408
        0x558432736408
        0x558432736408
        0x558432736408
        0x558432736408
        0x558432736408
        0x558432736408
        0x558432736408
        0x558432736408
        0x558432736408
        0x558432736408
        0x558432736408
        0x558432736408
        0x558432736408
        0x558432736408
        0x558432736408
]: 1
@preempt_stack[
        0x7f953dcd7c03
        0x14c014101440143
]: 1
@preempt_stack[
        __pthread_mutex_unlock+57
]: 1
@preempt_stack[
        0x7f949c9ce4d8
        0x558434b11120
        0x558434b11120
        0x558434b11120
        0x558434b11120
        0x558434b11120
        0x558434b11120
        0x558434b11120
        0x558434b11120
        0x558434b11120
        0x558434b11120
        0x558434b11120
        0x558434b11120
        0x558434b11120
        0x558434b11120
        0x558434b11120
        0x558434b11120
        0x558434b11120
        0x558434b11120
        0x558434b11120
        0x558434b11120
        0x558434b11120
        0x558434b11120
        0x558434b11120
        0x558434b11120
        0x558434b11120
        0x558434b11120
        0x558434b11120
        0x558434b11120
        0x558434b11120
        0x558434b11120
        0x558434b11120
        0x558434b11120
        0x558434b11120
        0x558434b11120
        0x558434b11120
        0x558434b11120
        0x558434b11120
        0x558434b11120
        0x558434b11120
        0x558434b11120
        0x558434b11120
        0x558434b11120
        0x558434b11120
        0x558434b11120
        0x558434b11120
        0x558434b11120
        0x558434b11120
        0x558434b11120
        0x558434b11120
        0x558434b11120
        0x558434b11120
        0x558434b11120
        0x558434b11120
        0x558434b11120
        0x558434b11120
        0x558434b11120
        0x558434b11120
        0x558434b11120
        0x558434b11120
        0x558434b11120
        0x558434b11120
        0x558434b11120
        0x558434b11120
        0x558434b11120
        0x558434b11120
        0x558434b11120
        0x558434b11120
        0x558434b11120
        0x558434b11120
        0x558434b11120
        0x558434b11120
        0x558434b11120
        0x558434b11120
        0x558434b11120
        0x558434b11120
        0x558434b11120
        0x558434b11120
        0x558434b11120
        0x558434b11120
        0x558434b11120
        0x558434b11120
        0x558434b11120
        0x558434b11120
        0x558434b11120
        0x558434b11120
        0x558434b11120
        0x558434b11120
        0x558434b11120
        0x558434b11120
        0x558434b11120
        0x558434b11120
        0x558434b11120
        0x558434b11120
        0x558434b11120
        0x558434b11120
        0x558434b11120
        0x558434b11120
        0x558434b11120
        0x558434b11120
        0x558434b11120
        0x558434b11120
        0x558434b11120
        0x558434b11120
        0x558434b11120
        0x558434b11120
        0x558434b11120
        0x558434b11120
        0x558434b11120
        0x558434b11120
        0x558434b11120
        0x558434b11120
        0x558434b11120
        0x558434b11120
        0x558434b11120
        0x558434b11120
        0x558434b11120
        0x558434b11120
        0x558434b11120
        0x558434b11120
        0x558434b11120
        0x558434b11120
        0x558434b11120
        0x558434b11120
        0x558434b11120
        0x558434b11120
        0x558434b11120
]: 1
@preempt_stack[
        0x7f953da7ae8e
        0x7f950451bb78
        0x7f9500c307e8
        0x7f950655a7a8
        0x7f9504a58e68
        0x7f95058ca1b8
        0x7f95053c7fa8
        0x7f9502ba3f68
        0x7f950328ede8
        0x7f95032b4998
        0x7f9504d8afe8
        0x7f9504e8bdd8
        0x7f9502f84f38
        0x7f950590a0f8
        0x7f9505766a88
        0x7f9506eecd28
        0x7f95046b93c8
        0x7f9505a36478
        0x7f95050d78b8
        0x7f95042b9128
        0x7f9503eee808
        0x7f9507689138
        0x7f9503dfba18
        0x7f9504e126d8
        0x7f9501c86118
        0x7f95026c3b78
        0x7f9501d36da8
        0x7f950426cf88
        0x7f9505801e78
        0x7f950611c058
        0x7f9502ae0ad8
        0x7f9504508928
        0x7f9506cb0168
        0x7f9507590d38
        0x7f95018bb328
        0x7f9501e07f88
        0x7f9501d66908
        0x7f9505954a38
        0x7f950451bb78
        0x7f9500c307e8
        0x7f950655a7a8
        0x7f9504a58e68
        0x7f95058ca1b8
        0x7f95053c7fa8
        0x7f9502ba3f68
        0x7f950328ede8
        0x7f95032b4998
        0x7f9504d8afe8
        0x7f9504e8bdd8
        0x7f9502f84f38
        0x7f950590a0f8
        0x7f9505766a88
        0x7f9506eecd28
        0x7f95046b93c8
        0x7f9505a36478
        0x7f95050d78b8
        0x7f95042b9128
        0x7f9503eee808
        0x7f9507689138
        0x7f9503dfba18
        0x7f9504e126d8
        0x7f9501c86118
        0x7f95026c3b78
        0x7f9501d36da8
        0x7f950426cf88
        0x7f9505801e78
        0x7f950611c058
        0x7f9502ae0ad8
        0x7f9504508928
        0x7f9506cb0168
        0x7f9507590d38
        0x7f95018bb328
        0x7f9501e07f88
        0x7f9501d66908
        0x7f9505954a38
        0x7f950451bb78
        0x7f9500c307e8
        0x7f950655a7a8
        0x7f9504a58e68
        0x7f95058ca1b8
        0x7f95053c7fa8
        0x7f9502ba3f68
        0x7f950328ede8
        0x7f95032b4998
        0x7f9504d8afe8
        0x7f9504e8bdd8
        0x7f9502f84f38
        0x7f950590a0f8
        0x7f9505766a88
        0x7f9506eecd28
        0x7f95046b93c8
        0x7f9505a36478
        0x7f95050d78b8
        0x7f95042b9128
        0x7f9503eee808
        0x7f9507689138
        0x7f9503dfba18
        0x7f9504e126d8
        0x7f9501c86118
        0x7f95026c3b78
        0x7f9501d36da8
        0x7f950426cf88
        0x7f9505801e78
        0x7f950611c058
        0x7f9502ae0ad8
        0x7f9504508928
        0x7f9506cb0168
        0x7f9507590d38
        0x7f95018bb328
        0x7f9501e07f88
        0x7f9501d66908
        0x7f9505954a38
        0x7f950451bb78
        0x7f9500c307e8
        0x7f950655a7a8
        0x7f9504a58e68
        0x7f95058ca1b8
        0x7f95053c7fa8
        0x7f9502ba3f68
        0x7f950328ede8
        0x7f95032b4998
        0x7f9504d8afe8
        0x7f9504e8bdd8
        0x7f9502f84f38
        0x7f950590a0f8
        0x7f9505766a88
        0x7f9506eecd28
]: 1
@preempt_stack[
        0x7f953dd55351
        0x30
]: 1
@preempt_stack[
        mono_g_hash_table_lookup_extended+66
        0x120000
        0x558432ab5060
        0x558432ab5060
        0x558432ab5060
        0x558432ab5060
        0x558432ab5060
        0x558432ab5060
        0x558432ab5060
        0x558432ab5060
        0x558432ab5060
        0x558432ab5060
        0x558432ab5060
        0x558432ab5060
        0x558432ab5060
        0x558432ab5060
        0x558432ab5060
        0x558432ab5060
        0x558432ab5060
        0x558432ab5060
        0x558432ab5060
        0x558432ab5060
        0x558432ab5060
        0x558432ab5060
        0x558432ab5060
        0x558432ab5060
        0x558432ab5060
        0x558432ab5060
        0x558432ab5060
        0x558432ab5060
        0x558432ab5060
        0x558432ab5060
        0x558432ab5060
        0x558432ab5060
        0x558432ab5060
        0x558432ab5060
        0x558432ab5060
        0x558432ab5060
        0x558432ab5060
        0x558432ab5060
        0x558432ab5060
        0x558432ab5060
        0x558432ab5060
        0x558432ab5060
        0x558432ab5060
        0x558432ab5060
        0x558432ab5060
        0x558432ab5060
        0x558432ab5060
        0x558432ab5060
        0x558432ab5060
        0x558432ab5060
        0x558432ab5060
        0x558432ab5060
        0x558432ab5060
        0x558432ab5060
        0x558432ab5060
        0x558432ab5060
        0x558432ab5060
        0x558432ab5060
        0x558432ab5060
        0x558432ab5060
        0x558432ab5060
        0x558432ab5060
        0x558432ab5060
        0x558432ab5060
        0x558432ab5060
        0x558432ab5060
        0x558432ab5060
        0x558432ab5060
        0x558432ab5060
        0x558432ab5060
        0x558432ab5060
        0x558432ab5060
        0x558432ab5060
        0x558432ab5060
        0x558432ab5060
        0x558432ab5060
        0x558432ab5060
        0x558432ab5060
        0x558432ab5060
        0x558432ab5060
        0x558432ab5060
        0x558432ab5060
        0x558432ab5060
        0x558432ab5060
        0x558432ab5060
        0x558432ab5060
        0x558432ab5060
        0x558432ab5060
        0x558432ab5060
        0x558432ab5060
        0x558432ab5060
        0x558432ab5060
        0x558432ab5060
        0x558432ab5060
        0x558432ab5060
        0x558432ab5060
        0x558432ab5060
        0x558432ab5060
        0x558432ab5060
        0x558432ab5060
        0x558432ab5060
        0x558432ab5060
        0x558432ab5060
        0x558432ab5060
        0x558432ab5060
        0x558432ab5060
        0x558432ab5060
        0x558432ab5060
        0x558432ab5060
        0x558432ab5060
        0x558432ab5060
        0x558432ab5060
        0x558432ab5060
        0x558432ab5060
        0x558432ab5060
        0x558432ab5060
        0x558432ab5060
        0x558432ab5060
        0x558432ab5060
        0x558432ab5060
        0x558432ab5060
        0x558432ab5060
        0x558432ab5060
        0x558432ab5060
        0x558432ab5060
]: 1
@preempt_stack[
        0x405be258
]: 1
@preempt_stack[
        0x40d05121
        0x40d04f78
        0x40d0350d
        0x40a8b124
        0x40407e56
        0x40403d24
        0x7f949c846428
        0x7f949c9e578f
        0x558431b82490
]: 1
@preempt_stack[
        0x7f953dd1a404
        0x7f9500000f61
        0
]: 1
@preempt_stack[
        0x40caf172
]: 1
@preempt_stack[
        0x7f953d885736
        0
        0x7f953dbf3a10
]: 1
@preempt_stack[
        0x40d067e0
        0
        0x2000000000000001
        0x558432740e50
        0x558432740e50
        0x558432740e50
        0x558432740e50
        0x558432740e50
        0x558432740e50
        0x558432740e50
        0x558432740e50
        0x558432740e50
        0x558432740e50
        0x558432740e50
        0x558432740e50
        0x558432740e50
        0x558432740e50
        0x558432740e50
        0x558432740e50
        0x558432740e50
        0x558432740e50
        0x558432740e50
        0x558432740e50
        0x558432740e50
        0x558432740e50
        0x558432740e50
        0x558432740e50
        0x558432740e50
        0x558432740e50
        0x558432740e50
        0x558432740e50
        0x558432740e50
        0x558432740e50
        0x558432740e50
        0x558432740e50
        0x558432740e50
        0x558432740e50
        0x558432740e50
        0x558432740e50
        0x558432740e50
        0x558432740e50
        0x558432740e50
        0x558432740e50
        0x558432740e50
        0x558432740e50
        0x558432740e50
        0x558432740e50
        0x558432740e50
        0x558432740e50
        0x558432740e50
        0x558432740e50
        0x558432740e50
        0x558432740e50
        0x558432740e50
        0x558432740e50
        0x558432740e50
        0x558432740e50
        0x558432740e50
        0x558432740e50
        0x558432740e50
        0x558432740e50
        0x558432740e50
        0x558432740e50
        0x558432740e50
        0x558432740e50
        0x558432740e50
        0x558432740e50
        0x558432740e50
        0x558432740e50
        0x558432740e50
        0x558432740e50
        0x558432740e50
        0x558432740e50
        0x558432740e50
        0x558432740e50
        0x558432740e50
        0x558432740e50
        0x558432740e50
        0x558432740e50
        0x558432740e50
        0x558432740e50
        0x558432740e50
        0x558432740e50
        0x558432740e50
        0x558432740e50
        0x558432740e50
        0x558432740e50
        0x558432740e50
        0x558432740e50
        0x558432740e50
        0x558432740e50
        0x558432740e50
        0x558432740e50
        0x558432740e50
        0x558432740e50
        0x558432740e50
        0x558432740e50
        0x558432740e50
        0x558432740e50
        0x558432740e50
        0x558432740e50
        0x558432740e50
        0x558432740e50
        0x558432740e50
        0x558432740e50
        0x558432740e50
        0x558432740e50
        0x558432740e50
        0x558432740e50
        0x558432740e50
        0x558432740e50
        0x558432740e50
        0x558432740e50
        0x558432740e50
        0x558432740e50
        0x558432740e50
        0x558432740e50
        0x558432740e50
        0x558432740e50
        0x558432740e50
        0x558432740e50
        0x558432740e50
        0x558432740e50
        0x558432740e50
        0x558432740e50
        0x558432740e50
        0x558432740e50
]: 1
@preempt_stack[
        0x7f953dd17fac
]: 1
@preempt_stack[
        0x7f953d6cd173
        0x746e6f43444f4c65
]: 1
@preempt_stack[
        0x7f953db0947c
]: 1
@preempt_stack[
        atan2f+248
        0x6b400000692
]: 1
@preempt_stack[
        0x7f949c9cb8e9
]: 1
@preempt_stack[
        0x7f953dd4ecfb
        0xfffffffffc129618
]: 1
@preempt_stack[
        0x7f949c9ce502
        0x558432bebe10
        0x558432bebe10
        0x558432bebe10
        0x558432bebe10
        0x558432bebe10
        0x558432bebe10
        0x558432bebe10
        0x558432bebe10
        0x558432bebe10
        0x558432bebe10
        0x558432bebe10
        0x558432bebe10
        0x558432bebe10
        0x558432bebe10
        0x558432bebe10
        0x558432bebe10
        0x558432bebe10
        0x558432bebe10
        0x558432bebe10
        0x558432bebe10
        0x558432bebe10
        0x558432bebe10
        0x558432bebe10
        0x558432bebe10
        0x558432bebe10
        0x558432bebe10
        0x558432bebe10
        0x558432bebe10
        0x558432bebe10
        0x558432bebe10
        0x558432bebe10
        0x558432bebe10
        0x558432bebe10
        0x558432bebe10
        0x558432bebe10
        0x558432bebe10
        0x558432bebe10
        0x558432bebe10
        0x558432bebe10
        0x558432bebe10
        0x558432bebe10
        0x558432bebe10
        0x558432bebe10
        0x558432bebe10
        0x558432bebe10
        0x558432bebe10
        0x558432bebe10
        0x558432bebe10
        0x558432bebe10
        0x558432bebe10
        0x558432bebe10
        0x558432bebe10
        0x558432bebe10
        0x558432bebe10
        0x558432bebe10
        0x558432bebe10
        0x558432bebe10
        0x558432bebe10
        0x558432bebe10
        0x558432bebe10
        0x558432bebe10
        0x558432bebe10
        0x558432bebe10
        0x558432bebe10
        0x558432bebe10
        0x558432bebe10
        0x558432bebe10
        0x558432bebe10
        0x558432bebe10
        0x558432bebe10
        0x558432bebe10
        0x558432bebe10
        0x558432bebe10
        0x558432bebe10
        0x558432bebe10
        0x558432bebe10
        0x558432bebe10
        0x558432bebe10
        0x558432bebe10
        0x558432bebe10
        0x558432bebe10
        0x558432bebe10
        0x558432bebe10
        0x558432bebe10
        0x558432bebe10
        0x558432bebe10
        0x558432bebe10
        0x558432bebe10
        0x558432bebe10
        0x558432bebe10
        0x558432bebe10
        0x558432bebe10
        0x558432bebe10
        0x558432bebe10
        0x558432bebe10
        0x558432bebe10
        0x558432bebe10
        0x558432bebe10
        0x558432bebe10
        0x558432bebe10
        0x558432bebe10
        0x558432bebe10
        0x558432bebe10
        0x558432bebe10
        0x558432bebe10
        0x558432bebe10
        0x558432bebe10
        0x558432bebe10
        0x558432bebe10
        0x558432bebe10
        0x558432bebe10
        0x558432bebe10
        0x558432bebe10
        0x558432bebe10
        0x558432bebe10
        0x558432bebe10
        0x558432bebe10
        0x558432bebe10
        0x558432bebe10
        0x558432bebe10
        0x558432bebe10
        0x558432bebe10
        0x558432bebe10
        0x558432bebe10
        0x558432bebe10
        0x558432bebe10
]: 1
@preempt_stack[
        0x7f953d905911
        0x9c10a0d09d509c2
]: 1
@preempt_stack[
        mono_thread_info_uninstall_interrupt+49
        0x4c00088000007f93
]: 1
@preempt_stack[
        0x40bb2504
]: 1
@preempt_stack[
        0x7f953e4a68d2
]: 1
@preempt_stack[
        0x7f953dd2c878
        0x10000
        0x7f9503ea8930
        0x58
]: 1
@preempt_stack[
        free+86
]: 1
@preempt_stack[
        0x7f953d9015ec
        0x7c407c107c407c2
]: 1
@preempt_stack[
        0x7f953e78b53a
        0x32d00000663
]: 1
@preempt_stack[
        0x401a5609
        0x401a5590
        0x40212f04
        0x40a8a76e
        0x40407e56
        0x40403d24
        0x7f949c846428
        0x7f949c9e578f
        0x558431b82490
]: 1
@preempt_stack[
        0x40cabfca
]: 1
@preempt_stack[
        0x7f953d9072ce
        0x7c407c107c407c2
]: 1
@preempt_stack[
        0x7f953e329536
        0x7f9505cca7b0
]: 1
@preempt_stack[
        0x4044bb74
        0x4044b20c
]: 1
@preempt_stack[
        pthread_mutex_trylock+46
        0
        0x83800000000001
        0x558431b49658
        0x558431b49658
        0x558431b49658
        0x558431b49658
        0x558431b49658
        0x558431b49658
        0x558431b49658
        0x558431b49658
        0x558431b49658
        0x558431b49658
        0x558431b49658
        0x558431b49658
        0x558431b49658
        0x558431b49658
        0x558431b49658
        0x558431b49658
        0x558431b49658
        0x558431b49658
        0x558431b49658
        0x558431b49658
        0x558431b49658
        0x558431b49658
        0x558431b49658
        0x558431b49658
        0x558431b49658
        0x558431b49658
        0x558431b49658
        0x558431b49658
        0x558431b49658
        0x558431b49658
        0x558431b49658
        0x558431b49658
        0x558431b49658
        0x558431b49658
        0x558431b49658
        0x558431b49658
        0x558431b49658
        0x558431b49658
        0x558431b49658
        0x558431b49658
        0x558431b49658
        0x558431b49658
        0x558431b49658
        0x558431b49658
        0x558431b49658
        0x558431b49658
        0x558431b49658
        0x558431b49658
        0x558431b49658
        0x558431b49658
        0x558431b49658
        0x558431b49658
        0x558431b49658
        0x558431b49658
        0x558431b49658
        0x558431b49658
        0x558431b49658
        0x558431b49658
        0x558431b49658
        0x558431b49658
        0x558431b49658
        0x558431b49658
        0x558431b49658
        0x558431b49658
        0x558431b49658
        0x558431b49658
        0x558431b49658
        0x558431b49658
        0x558431b49658
        0x558431b49658
        0x558431b49658
        0x558431b49658
        0x558431b49658
        0x558431b49658
        0x558431b49658
        0x558431b49658
        0x558431b49658
        0x558431b49658
        0x558431b49658
        0x558431b49658
        0x558431b49658
        0x558431b49658
        0x558431b49658
        0x558431b49658
        0x558431b49658
        0x558431b49658
        0x558431b49658
        0x558431b49658
        0x558431b49658
        0x558431b49658
        0x558431b49658
        0x558431b49658
        0x558431b49658
        0x558431b49658
        0x558431b49658
        0x558431b49658
        0x558431b49658
        0x558431b49658
        0x558431b49658
        0x558431b49658
        0x558431b49658
        0x558431b49658
        0x558431b49658
        0x558431b49658
        0x558431b49658
        0x558431b49658
        0x558431b49658
        0x558431b49658
        0x558431b49658
        0x558431b49658
        0x558431b49658
        0x558431b49658
        0x558431b49658
        0x558431b49658
        0x558431b49658
        0x558431b49658
        0x558431b49658
        0x558431b49658
        0x558431b49658
        0x558431b49658
        0x558431b49658
        0x558431b49658
        0x558431b49658
        0x558431b49658
]: 1
@preempt_stack[
        0x40442cb6
]: 1
@preempt_stack[
        0x7f949ca0c35a
        0
]: 1
@preempt_stack[
        mono_metadata_type_hash+106
        0x110000
        0x55843507b540
        0x55843507b540
        0x55843507b540
        0x55843507b540
        0x55843507b540
        0x55843507b540
        0x55843507b540
        0x55843507b540
        0x55843507b540
        0x55843507b540
        0x55843507b540
        0x55843507b540
        0x55843507b540
        0x55843507b540
        0x55843507b540
        0x55843507b540
        0x55843507b540
        0x55843507b540
        0x55843507b540
        0x55843507b540
        0x55843507b540
        0x55843507b540
        0x55843507b540
        0x55843507b540
        0x55843507b540
        0x55843507b540
        0x55843507b540
        0x55843507b540
        0x55843507b540
        0x55843507b540
        0x55843507b540
        0x55843507b540
        0x55843507b540
        0x55843507b540
        0x55843507b540
        0x55843507b540
        0x55843507b540
        0x55843507b540
        0x55843507b540
        0x55843507b540
        0x55843507b540
        0x55843507b540
        0x55843507b540
        0x55843507b540
        0x55843507b540
        0x55843507b540
        0x55843507b540
        0x55843507b540
        0x55843507b540
        0x55843507b540
        0x55843507b540
        0x55843507b540
        0x55843507b540
        0x55843507b540
        0x55843507b540
        0x55843507b540
        0x55843507b540
        0x55843507b540
        0x55843507b540
        0x55843507b540
        0x55843507b540
        0x55843507b540
        0x55843507b540
        0x55843507b540
        0x55843507b540
        0x55843507b540
        0x55843507b540
        0x55843507b540
        0x55843507b540
        0x55843507b540
        0x55843507b540
        0x55843507b540
        0x55843507b540
        0x55843507b540
        0x55843507b540
        0x55843507b540
        0x55843507b540
        0x55843507b540
        0x55843507b540
        0x55843507b540
        0x55843507b540
        0x55843507b540
        0x55843507b540
        0x55843507b540
        0x55843507b540
        0x55843507b540
        0x55843507b540
        0x55843507b540
        0x55843507b540
        0x55843507b540
        0x55843507b540
        0x55843507b540
        0x55843507b540
        0x55843507b540
        0x55843507b540
        0x55843507b540
        0x55843507b540
        0x55843507b540
        0x55843507b540
        0x55843507b540
        0x55843507b540
        0x55843507b540
        0x55843507b540
        0x55843507b540
        0x55843507b540
        0x55843507b540
        0x55843507b540
        0x55843507b540
        0x55843507b540
        0x55843507b540
        0x55843507b540
        0x55843507b540
        0x55843507b540
        0x55843507b540
        0x55843507b540
        0x55843507b540
        0x55843507b540
        0x55843507b540
        0x55843507b540
        0x55843507b540
        0x55843507b540
        0x55843507b540
        0x55843507b540
        0x55843507b540
        0x55843507b540
]: 1
@preempt_stack[
        0x7f953e796a8f
        0x4160cccd41280000
]: 1
@preempt_stack[
        0x7f953dcd373c
        0x78e078107840791
]: 1
@preempt_stack[
        0x40eade00
        0x40eac640
        0x40ea95d9
        0x40ca69ba
        0x40407e56
        0x40403d24
        0x7f949c846428
        0x7f949c9e578f
        0x558431b82490
]: 1
@preempt_stack[
        0x7f953d905d81
]: 1
@preempt_stack[
        0x40d050d8
]: 1
@preempt_stack[
        0x40bb23ba
        0x40c46650
        0x40bf6ea4
        0x40b4cd24
        0x40b4c87c
        0x40b4c753
        0x7f93fc093a6b
        0x7f94788cb95b
        0x7f93fc07fabb
        0x401c67a6
        0x7f949c846428
        0x7f949c9e578f
        0x558431b82490
]: 1
@preempt_stack[
        0x40d5868e
        0x40d56ef8
        0x40d56d80
        0x40d53864
        0
        0
        0x558432736408
        0x558432736408
        0x558432736408
        0x558432736408
        0x558432736408
        0x558432736408
        0x558432736408
        0x558432736408
        0x558432736408
        0x558432736408
        0x558432736408
        0x558432736408
        0x558432736408
        0x558432736408
        0x558432736408
        0x558432736408
        0x558432736408
        0x558432736408
        0x558432736408
        0x558432736408
        0x558432736408
        0x558432736408
        0x558432736408
        0x558432736408
        0x558432736408
        0x558432736408
        0x558432736408
        0x558432736408
        0x558432736408
        0x558432736408
        0x558432736408
        0x558432736408
        0x558432736408
        0x558432736408
        0x558432736408
        0x558432736408
        0x558432736408
        0x558432736408
        0x558432736408
        0x558432736408
        0x558432736408
        0x558432736408
        0x558432736408
        0x558432736408
        0x558432736408
        0x558432736408
        0x558432736408
        0x558432736408
        0x558432736408
        0x558432736408
        0x558432736408
        0x558432736408
        0x558432736408
        0x558432736408
        0x558432736408
        0x558432736408
        0x558432736408
        0x558432736408
        0x558432736408
        0x558432736408
        0x558432736408
        0x558432736408
        0x558432736408
        0x558432736408
        0x558432736408
        0x558432736408
        0x558432736408
        0x558432736408
        0x558432736408
        0x558432736408
        0x558432736408
        0x558432736408
        0x558432736408
        0x558432736408
        0x558432736408
        0x558432736408
        0x558432736408
        0x558432736408
        0x558432736408
        0x558432736408
        0x558432736408
        0x558432736408
        0x558432736408
        0x558432736408
        0x558432736408
        0x558432736408
        0x558432736408
        0x558432736408
        0x558432736408
        0x558432736408
        0x558432736408
        0x558432736408
        0x558432736408
        0x558432736408
        0x558432736408
        0x558432736408
        0x558432736408
        0x558432736408
        0x558432736408
        0x558432736408
        0x558432736408
        0x558432736408
        0x558432736408
        0x558432736408
        0x558432736408
        0x558432736408
        0x558432736408
        0x558432736408
        0x558432736408
        0x558432736408
        0x558432736408
        0x558432736408
        0x558432736408
        0x558432736408
        0x558432736408
        0x558432736408
        0x558432736408
        0x558432736408
        0x558432736408
        0x558432736408
        0x558432736408
]: 1
@preempt_stack[
        0x7f953dd51066
]: 1
@preempt_stack[
        0x40d04f2f
        0x40d0350d
        0x40a8b124
        0x40407e56
        0x40403d24
        0x7f949c846428
        0x7f949c9e578f
        0x558431b82490
]: 1
@preempt_stack[
        0x7f953dcc60a8
        0x7f950465e870
]: 1
@preempt_stack[
        0x7f953e4a6cb6
]: 1
@preempt_stack[
        0x7f953dd17fb6
]: 1
@preempt_stack[
        0x407978c9
]: 1
@preempt_stack[
        0x7f953d9073e0
        0x39207265
]: 1
@preempt_stack[
        0x40b40ace
        0x7f93fc09321b
        0x7f94788cb95b
        0x7f93fc07fabb
        0x401c67a6
        0x7f949c846428
        0x7f949c9e578f
        0x558431b82490
]: 1
@preempt_stack[
        0x7f949c9dcfa3
        0x120000
        0x558432d88068
        0x558432d88068
        0x558432d88068
        0x558432d88068
        0x558432d88068
        0x558432d88068
        0x558432d88068
        0x558432d88068
        0x558432d88068
        0x558432d88068
        0x558432d88068
        0x558432d88068
        0x558432d88068
        0x558432d88068
        0x558432d88068
        0x558432d88068
        0x558432d88068
        0x558432d88068
        0x558432d88068
        0x558432d88068
        0x558432d88068
        0x558432d88068
        0x558432d88068
        0x558432d88068
        0x558432d88068
        0x558432d88068
        0x558432d88068
        0x558432d88068
        0x558432d88068
        0x558432d88068
        0x558432d88068
        0x558432d88068
        0x558432d88068
        0x558432d88068
        0x558432d88068
        0x558432d88068
        0x558432d88068
        0x558432d88068
        0x558432d88068
        0x558432d88068
        0x558432d88068
        0x558432d88068
        0x558432d88068
        0x558432d88068
        0x558432d88068
        0x558432d88068
        0x558432d88068
        0x558432d88068
        0x558432d88068
        0x558432d88068
        0x558432d88068
        0x558432d88068
        0x558432d88068
        0x558432d88068
        0x558432d88068
        0x558432d88068
        0x558432d88068
        0x558432d88068
        0x558432d88068
        0x558432d88068
        0x558432d88068
        0x558432d88068
        0x558432d88068
        0x558432d88068
        0x558432d88068
        0x558432d88068
        0x558432d88068
        0x558432d88068
        0x558432d88068
        0x558432d88068
        0x558432d88068
        0x558432d88068
        0x558432d88068
        0x558432d88068
        0x558432d88068
        0x558432d88068
        0x558432d88068
        0x558432d88068
        0x558432d88068
        0x558432d88068
        0x558432d88068
        0x558432d88068
        0x558432d88068
        0x558432d88068
        0x558432d88068
        0x558432d88068
        0x558432d88068
        0x558432d88068
        0x558432d88068
        0x558432d88068
        0x558432d88068
        0x558432d88068
        0x558432d88068
        0x558432d88068
        0x558432d88068
        0x558432d88068
        0x558432d88068
        0x558432d88068
        0x558432d88068
        0x558432d88068
        0x558432d88068
        0x558432d88068
        0x558432d88068
        0x558432d88068
        0x558432d88068
        0x558432d88068
        0x558432d88068
        0x558432d88068
        0x558432d88068
        0x558432d88068
        0x558432d88068
        0x558432d88068
        0x558432d88068
        0x558432d88068
        0x558432d88068
        0x558432d88068
        0x558432d88068
        0x558432d88068
        0x558432d88068
        0x558432d88068
        0x558432d88068
        0x558432d88068
        0x558432d88068
        0x558432d88068
        0x558432d88068
]: 1
@preempt_stack[
        0x7f953d9073e9
]: 1
@preempt_stack[
        0x7f953d9015d3
]: 1
@preempt_stack[
        0x407f724d
]: 1
@preempt_stack[
        0x7f949c9e44f9
        0x120000
        0x5584329f3940
        0x5584329f3940
        0x5584329f3940
        0x5584329f3940
        0x5584329f3940
        0x5584329f3940
        0x5584329f3940
        0x5584329f3940
        0x5584329f3940
        0x5584329f3940
        0x5584329f3940
        0x5584329f3940
        0x5584329f3940
        0x5584329f3940
        0x5584329f3940
        0x5584329f3940
        0x5584329f3940
        0x5584329f3940
        0x5584329f3940
        0x5584329f3940
        0x5584329f3940
        0x5584329f3940
        0x5584329f3940
        0x5584329f3940
        0x5584329f3940
        0x5584329f3940
        0x5584329f3940
        0x5584329f3940
        0x5584329f3940
        0x5584329f3940
        0x5584329f3940
        0x5584329f3940
        0x5584329f3940
        0x5584329f3940
        0x5584329f3940
        0x5584329f3940
        0x5584329f3940
        0x5584329f3940
        0x5584329f3940
        0x5584329f3940
        0x5584329f3940
        0x5584329f3940
        0x5584329f3940
        0x5584329f3940
        0x5584329f3940
        0x5584329f3940
        0x5584329f3940
        0x5584329f3940
        0x5584329f3940
        0x5584329f3940
        0x5584329f3940
        0x5584329f3940
        0x5584329f3940
        0x5584329f3940
        0x5584329f3940
        0x5584329f3940
        0x5584329f3940
        0x5584329f3940
        0x5584329f3940
        0x5584329f3940
        0x5584329f3940
        0x5584329f3940
        0x5584329f3940
        0x5584329f3940
        0x5584329f3940
        0x5584329f3940
        0x5584329f3940
        0x5584329f3940
        0x5584329f3940
        0x5584329f3940
        0x5584329f3940
        0x5584329f3940
        0x5584329f3940
        0x5584329f3940
        0x5584329f3940
        0x5584329f3940
        0x5584329f3940
        0x5584329f3940
        0x5584329f3940
        0x5584329f3940
        0x5584329f3940
        0x5584329f3940
        0x5584329f3940
        0x5584329f3940
        0x5584329f3940
        0x5584329f3940
        0x5584329f3940
        0x5584329f3940
        0x5584329f3940
        0x5584329f3940
        0x5584329f3940
        0x5584329f3940
        0x5584329f3940
        0x5584329f3940
        0x5584329f3940
        0x5584329f3940
        0x5584329f3940
        0x5584329f3940
        0x5584329f3940
        0x5584329f3940
        0x5584329f3940
        0x5584329f3940
        0x5584329f3940
        0x5584329f3940
        0x5584329f3940
        0x5584329f3940
        0x5584329f3940
        0x5584329f3940
        0x5584329f3940
        0x5584329f3940
        0x5584329f3940
        0x5584329f3940
        0x5584329f3940
        0x5584329f3940
        0x5584329f3940
        0x5584329f3940
        0x5584329f3940
        0x5584329f3940
        0x5584329f3940
        0x5584329f3940
        0x5584329f3940
        0x5584329f3940
        0x5584329f3940
        0x5584329f3940
        0x5584329f3940
]: 1
@preempt_stack[
        0x7f953dd54ce3
]: 1
@preempt_stack[
        0x40caef74
        0x40d9cb64
        0x40d57d0c
        0x40d56d80
        0x40d53864
        0
        0
        0x558432736408
        0x558432736408
        0x558432736408
        0x558432736408
        0x558432736408
        0x558432736408
        0x558432736408
        0x558432736408
        0x558432736408
        0x558432736408
        0x558432736408
        0x558432736408
        0x558432736408
        0x558432736408
        0x558432736408
        0x558432736408
        0x558432736408
        0x558432736408
        0x558432736408
        0x558432736408
        0x558432736408
        0x558432736408
        0x558432736408
        0x558432736408
        0x558432736408
        0x558432736408
        0x558432736408
        0x558432736408
        0x558432736408
        0x558432736408
        0x558432736408
        0x558432736408
        0x558432736408
        0x558432736408
        0x558432736408
        0x558432736408
        0x558432736408
        0x558432736408
        0x558432736408
        0x558432736408
        0x558432736408
        0x558432736408
        0x558432736408
        0x558432736408
        0x558432736408
        0x558432736408
        0x558432736408
        0x558432736408
        0x558432736408
        0x558432736408
        0x558432736408
        0x558432736408
        0x558432736408
        0x558432736408
        0x558432736408
        0x558432736408
        0x558432736408
        0x558432736408
        0x558432736408
        0x558432736408
        0x558432736408
        0x558432736408
        0x558432736408
        0x558432736408
        0x558432736408
        0x558432736408
        0x558432736408
        0x558432736408
        0x558432736408
        0x558432736408
        0x558432736408
        0x558432736408
        0x558432736408
        0x558432736408
        0x558432736408
        0x558432736408
        0x558432736408
        0x558432736408
        0x558432736408
        0x558432736408
        0x558432736408
        0x558432736408
        0x558432736408
        0x558432736408
        0x558432736408
        0x558432736408
        0x558432736408
        0x558432736408
        0x558432736408
        0x558432736408
        0x558432736408
        0x558432736408
        0x558432736408
        0x558432736408
        0x558432736408
        0x558432736408
        0x558432736408
        0x558432736408
        0x558432736408
        0x558432736408
        0x558432736408
        0x558432736408
        0x558432736408
        0x558432736408
        0x558432736408
        0x558432736408
        0x558432736408
        0x558432736408
        0x558432736408
        0x558432736408
        0x558432736408
        0x558432736408
        0x558432736408
        0x558432736408
        0x558432736408
        0x558432736408
        0x558432736408
        0x558432736408
        0x558432736408
        0x558432736408
]: 1
@preempt_stack[
        0x7f953d9058ae
        0x14c014101440143
]: 1
@preempt_stack[
        0x7f953d905a50
        0xe480e810e4e0e44
]: 1
@preempt_stack[
        0x40d5896f
        0x40d56ef8
        0x40d56d80
        0x40d53864
        0
        0
        0x558432736408
        0x558432736408
        0x558432736408
        0x558432736408
        0x558432736408
        0x558432736408
        0x558432736408
        0x558432736408
        0x558432736408
        0x558432736408
        0x558432736408
        0x558432736408
        0x558432736408
        0x558432736408
        0x558432736408
        0x558432736408
        0x558432736408
        0x558432736408
        0x558432736408
        0x558432736408
        0x558432736408
        0x558432736408
        0x558432736408
        0x558432736408
        0x558432736408
        0x558432736408
        0x558432736408
        0x558432736408
        0x558432736408
        0x558432736408
        0x558432736408
        0x558432736408
        0x558432736408
        0x558432736408
        0x558432736408
        0x558432736408
        0x558432736408
        0x558432736408
        0x558432736408
        0x558432736408
        0x558432736408
        0x558432736408
        0x558432736408
        0x558432736408
        0x558432736408
        0x558432736408
        0x558432736408
        0x558432736408
        0x558432736408
        0x558432736408
        0x558432736408
        0x558432736408
        0x558432736408
        0x558432736408
        0x558432736408
        0x558432736408
        0x558432736408
        0x558432736408
        0x558432736408
        0x558432736408
        0x558432736408
        0x558432736408
        0x558432736408
        0x558432736408
        0x558432736408
        0x558432736408
        0x558432736408
        0x558432736408
        0x558432736408
        0x558432736408
        0x558432736408
        0x558432736408
        0x558432736408
        0x558432736408
        0x558432736408
        0x558432736408
        0x558432736408
        0x558432736408
        0x558432736408
        0x558432736408
        0x558432736408
        0x558432736408
        0x558432736408
        0x558432736408
        0x558432736408
        0x558432736408
        0x558432736408
        0x558432736408
        0x558432736408
        0x558432736408
        0x558432736408
        0x558432736408
        0x558432736408
        0x558432736408
        0x558432736408
        0x558432736408
        0x558432736408
        0x558432736408
        0x558432736408
        0x558432736408
        0x558432736408
        0x558432736408
        0x558432736408
        0x558432736408
        0x558432736408
        0x558432736408
        0x558432736408
        0x558432736408
        0x558432736408
        0x558432736408
        0x558432736408
        0x558432736408
        0x558432736408
        0x558432736408
        0x558432736408
        0x558432736408
        0x558432736408
        0x558432736408
        0x558432736408
        0x558432736408
        0x558432736408
]: 1
@preempt_stack[
        0x7f949c9dcfa3
        0x120000
        0x558434e0cce0
        0x558434e0cce0
        0x558434e0cce0
        0x558434e0cce0
        0x558434e0cce0
        0x558434e0cce0
        0x558434e0cce0
        0x558434e0cce0
        0x558434e0cce0
        0x558434e0cce0
        0x558434e0cce0
        0x558434e0cce0
        0x558434e0cce0
        0x558434e0cce0
        0x558434e0cce0
        0x558434e0cce0
        0x558434e0cce0
        0x558434e0cce0
        0x558434e0cce0
        0x558434e0cce0
        0x558434e0cce0
        0x558434e0cce0
        0x558434e0cce0
        0x558434e0cce0
        0x558434e0cce0
        0x558434e0cce0
        0x558434e0cce0
        0x558434e0cce0
        0x558434e0cce0
        0x558434e0cce0
        0x558434e0cce0
        0x558434e0cce0
        0x558434e0cce0
        0x558434e0cce0
        0x558434e0cce0
        0x558434e0cce0
        0x558434e0cce0
        0x558434e0cce0
        0x558434e0cce0
        0x558434e0cce0
        0x558434e0cce0
        0x558434e0cce0
        0x558434e0cce0
        0x558434e0cce0
        0x558434e0cce0
        0x558434e0cce0
        0x558434e0cce0
        0x558434e0cce0
        0x558434e0cce0
        0x558434e0cce0
        0x558434e0cce0
        0x558434e0cce0
        0x558434e0cce0
        0x558434e0cce0
        0x558434e0cce0
        0x558434e0cce0
        0x558434e0cce0
        0x558434e0cce0
        0x558434e0cce0
        0x558434e0cce0
        0x558434e0cce0
        0x558434e0cce0
        0x558434e0cce0
        0x558434e0cce0
        0x558434e0cce0
        0x558434e0cce0
        0x558434e0cce0
        0x558434e0cce0
        0x558434e0cce0
        0x558434e0cce0
        0x558434e0cce0
        0x558434e0cce0
        0x558434e0cce0
        0x558434e0cce0
        0x558434e0cce0
        0x558434e0cce0
        0x558434e0cce0
        0x558434e0cce0
        0x558434e0cce0
        0x558434e0cce0
        0x558434e0cce0
        0x558434e0cce0
        0x558434e0cce0
        0x558434e0cce0
        0x558434e0cce0
        0x558434e0cce0
        0x558434e0cce0
        0x558434e0cce0
        0x558434e0cce0
        0x558434e0cce0
        0x558434e0cce0
        0x558434e0cce0
        0x558434e0cce0
        0x558434e0cce0
        0x558434e0cce0
        0x558434e0cce0
        0x558434e0cce0
        0x558434e0cce0
        0x558434e0cce0
        0x558434e0cce0
        0x558434e0cce0
        0x558434e0cce0
        0x558434e0cce0
        0x558434e0cce0
        0x558434e0cce0
        0x558434e0cce0
        0x558434e0cce0
        0x558434e0cce0
        0x558434e0cce0
        0x558434e0cce0
        0x558434e0cce0
        0x558434e0cce0
        0x558434e0cce0
        0x558434e0cce0
        0x558434e0cce0
        0x558434e0cce0
        0x558434e0cce0
        0x558434e0cce0
        0x558434e0cce0
        0x558434e0cce0
        0x558434e0cce0
        0x558434e0cce0
        0x558434e0cce0
        0x558434e0cce0
        0x558434e0cce0
]: 1
@preempt_stack[
        0x40d81a5b
        0x40d57d0c
        0x40d56d80
        0x40d53864
        0
        0
        0x558432736408
        0x558432736408
        0x558432736408
        0x558432736408
        0x558432736408
        0x558432736408
        0x558432736408
        0x558432736408
        0x558432736408
        0x558432736408
        0x558432736408
        0x558432736408
        0x558432736408
        0x558432736408
        0x558432736408
        0x558432736408
        0x558432736408
        0x558432736408
        0x558432736408
        0x558432736408
        0x558432736408
        0x558432736408
        0x558432736408
        0x558432736408
        0x558432736408
        0x558432736408
        0x558432736408
        0x558432736408
        0x558432736408
        0x558432736408
        0x558432736408
        0x558432736408
        0x558432736408
        0x558432736408
        0x558432736408
        0x558432736408
        0x558432736408
        0x558432736408
        0x558432736408
        0x558432736408
        0x558432736408
        0x558432736408
        0x558432736408
        0x558432736408
        0x558432736408
        0x558432736408
        0x558432736408
        0x558432736408
        0x558432736408
        0x558432736408
        0x558432736408
        0x558432736408
        0x558432736408
        0x558432736408
        0x558432736408
        0x558432736408
        0x558432736408
        0x558432736408
        0x558432736408
        0x558432736408
        0x558432736408
        0x558432736408
        0x558432736408
        0x558432736408
        0x558432736408
        0x558432736408
        0x558432736408
        0x558432736408
        0x558432736408
        0x558432736408
        0x558432736408
        0x558432736408
        0x558432736408
        0x558432736408
        0x558432736408
        0x558432736408
        0x558432736408
        0x558432736408
        0x558432736408
        0x558432736408
        0x558432736408
        0x558432736408
        0x558432736408
        0x558432736408
        0x558432736408
        0x558432736408
        0x558432736408
        0x558432736408
        0x558432736408
        0x558432736408
        0x558432736408
        0x558432736408
        0x558432736408
        0x558432736408
        0x558432736408
        0x558432736408
        0x558432736408
        0x558432736408
        0x558432736408
        0x558432736408
        0x558432736408
        0x558432736408
        0x558432736408
        0x558432736408
        0x558432736408
        0x558432736408
        0x558432736408
        0x558432736408
        0x558432736408
        0x558432736408
        0x558432736408
        0x558432736408
        0x558432736408
        0x558432736408
        0x558432736408
        0x558432736408
        0x558432736408
        0x558432736408
        0x558432736408
        0x558432736408
        0x558432736408
]: 1
@preempt_stack[
        0x7f949c97bf2d
]: 1
@preempt_stack[
        0x404429f7
]: 1
@preempt_stack[
        0x40cac3ef
]: 1
@preempt_stack[
        0x4019409f
        0
        0x2000000000000001
        0x558432740e50
        0x558432740e50
        0x558432740e50
        0x558432740e50
        0x558432740e50
        0x558432740e50
        0x558432740e50
        0x558432740e50
        0x558432740e50
        0x558432740e50
        0x558432740e50
        0x558432740e50
        0x558432740e50
        0x558432740e50
        0x558432740e50
        0x558432740e50
        0x558432740e50
        0x558432740e50
        0x558432740e50
        0x558432740e50
        0x558432740e50
        0x558432740e50
        0x558432740e50
        0x558432740e50
        0x558432740e50
        0x558432740e50
        0x558432740e50
        0x558432740e50
        0x558432740e50
        0x558432740e50
        0x558432740e50
        0x558432740e50
        0x558432740e50
        0x558432740e50
        0x558432740e50
        0x558432740e50
        0x558432740e50
        0x558432740e50
        0x558432740e50
        0x558432740e50
        0x558432740e50
        0x558432740e50
        0x558432740e50
        0x558432740e50
        0x558432740e50
        0x558432740e50
        0x558432740e50
        0x558432740e50
        0x558432740e50
        0x558432740e50
        0x558432740e50
        0x558432740e50
        0x558432740e50
        0x558432740e50
        0x558432740e50
        0x558432740e50
        0x558432740e50
        0x558432740e50
        0x558432740e50
        0x558432740e50
        0x558432740e50
        0x558432740e50
        0x558432740e50
        0x558432740e50
        0x558432740e50
        0x558432740e50
        0x558432740e50
        0x558432740e50
        0x558432740e50
        0x558432740e50
        0x558432740e50
        0x558432740e50
        0x558432740e50
        0x558432740e50
        0x558432740e50
        0x558432740e50
        0x558432740e50
        0x558432740e50
        0x558432740e50
        0x558432740e50
        0x558432740e50
        0x558432740e50
        0x558432740e50
        0x558432740e50
        0x558432740e50
        0x558432740e50
        0x558432740e50
        0x558432740e50
        0x558432740e50
        0x558432740e50
        0x558432740e50
        0x558432740e50
        0x558432740e50
        0x558432740e50
        0x558432740e50
        0x558432740e50
        0x558432740e50
        0x558432740e50
        0x558432740e50
        0x558432740e50
        0x558432740e50
        0x558432740e50
        0x558432740e50
        0x558432740e50
        0x558432740e50
        0x558432740e50
        0x558432740e50
        0x558432740e50
        0x558432740e50
        0x558432740e50
        0x558432740e50
        0x558432740e50
        0x558432740e50
        0x558432740e50
        0x558432740e50
        0x558432740e50
        0x558432740e50
        0x558432740e50
        0x558432740e50
        0x558432740e50
        0x558432740e50
        0x558432740e50
        0x558432740e50
        0x558432740e50
]: 1
@preempt_stack[
        0x7f949c9dcfa3
        0x120000
        0x558433d0ed28
        0x558433d0ed28
        0x558433d0ed28
        0x558433d0ed28
        0x558433d0ed28
        0x558433d0ed28
        0x558433d0ed28
        0x558433d0ed28
        0x558433d0ed28
        0x558433d0ed28
        0x558433d0ed28
        0x558433d0ed28
        0x558433d0ed28
        0x558433d0ed28
        0x558433d0ed28
        0x558433d0ed28
        0x558433d0ed28
        0x558433d0ed28
        0x558433d0ed28
        0x558433d0ed28
        0x558433d0ed28
        0x558433d0ed28
        0x558433d0ed28
        0x558433d0ed28
        0x558433d0ed28
        0x558433d0ed28
        0x558433d0ed28
        0x558433d0ed28
        0x558433d0ed28
        0x558433d0ed28
        0x558433d0ed28
        0x558433d0ed28
        0x558433d0ed28
        0x558433d0ed28
        0x558433d0ed28
        0x558433d0ed28
        0x558433d0ed28
        0x558433d0ed28
        0x558433d0ed28
        0x558433d0ed28
        0x558433d0ed28
        0x558433d0ed28
        0x558433d0ed28
        0x558433d0ed28
        0x558433d0ed28
        0x558433d0ed28
        0x558433d0ed28
        0x558433d0ed28
        0x558433d0ed28
        0x558433d0ed28
        0x558433d0ed28
        0x558433d0ed28
        0x558433d0ed28
        0x558433d0ed28
        0x558433d0ed28
        0x558433d0ed28
        0x558433d0ed28
        0x558433d0ed28
        0x558433d0ed28
        0x558433d0ed28
        0x558433d0ed28
        0x558433d0ed28
        0x558433d0ed28
        0x558433d0ed28
        0x558433d0ed28
        0x558433d0ed28
        0x558433d0ed28
        0x558433d0ed28
        0x558433d0ed28
        0x558433d0ed28
        0x558433d0ed28
        0x558433d0ed28
        0x558433d0ed28
        0x558433d0ed28
        0x558433d0ed28
        0x558433d0ed28
        0x558433d0ed28
        0x558433d0ed28
        0x558433d0ed28
        0x558433d0ed28
        0x558433d0ed28
        0x558433d0ed28
        0x558433d0ed28
        0x558433d0ed28
        0x558433d0ed28
        0x558433d0ed28
        0x558433d0ed28
        0x558433d0ed28
        0x558433d0ed28
        0x558433d0ed28
        0x558433d0ed28
        0x558433d0ed28
        0x558433d0ed28
        0x558433d0ed28
        0x558433d0ed28
        0x558433d0ed28
        0x558433d0ed28
        0x558433d0ed28
        0x558433d0ed28
        0x558433d0ed28
        0x558433d0ed28
        0x558433d0ed28
        0x558433d0ed28
        0x558433d0ed28
        0x558433d0ed28
        0x558433d0ed28
        0x558433d0ed28
        0x558433d0ed28
        0x558433d0ed28
        0x558433d0ed28
        0x558433d0ed28
        0x558433d0ed28
        0x558433d0ed28
        0x558433d0ed28
        0x558433d0ed28
        0x558433d0ed28
        0x558433d0ed28
        0x558433d0ed28
        0x558433d0ed28
        0x558433d0ed28
        0x558433d0ed28
        0x558433d0ed28
        0x558433d0ed28
        0x558433d0ed28
        0x558433d0ed28
]: 1
@preempt_stack[
        0x7f953dd5139b
]: 1
@preempt_stack[
        mono_g_hash_table_lookup_extended+66
        0x120000
        0x7f94500d7f88
        0x7f94500d7f88
        0x7f94500d7f88
        0x7f94500d7f88
        0x7f94500d7f88
        0x7f94500d7f88
        0x7f94500d7f88
        0x7f94500d7f88
        0x7f94500d7f88
        0x7f94500d7f88
        0x7f94500d7f88
        0x7f94500d7f88
        0x7f94500d7f88
        0x7f94500d7f88
        0x7f94500d7f88
        0x7f94500d7f88
        0x7f94500d7f88
        0x7f94500d7f88
        0x7f94500d7f88
        0x7f94500d7f88
        0x7f94500d7f88
        0x7f94500d7f88
        0x7f94500d7f88
        0x7f94500d7f88
        0x7f94500d7f88
        0x7f94500d7f88
        0x7f94500d7f88
        0x7f94500d7f88
        0x7f94500d7f88
        0x7f94500d7f88
        0x7f94500d7f88
        0x7f94500d7f88
        0x7f94500d7f88
        0x7f94500d7f88
        0x7f94500d7f88
        0x7f94500d7f88
        0x7f94500d7f88
        0x7f94500d7f88
        0x7f94500d7f88
        0x7f94500d7f88
        0x7f94500d7f88
        0x7f94500d7f88
        0x7f94500d7f88
        0x7f94500d7f88
        0x7f94500d7f88
        0x7f94500d7f88
        0x7f94500d7f88
        0x7f94500d7f88
        0x7f94500d7f88
        0x7f94500d7f88
        0x7f94500d7f88
        0x7f94500d7f88
        0x7f94500d7f88
        0x7f94500d7f88
        0x7f94500d7f88
        0x7f94500d7f88
        0x7f94500d7f88
        0x7f94500d7f88
        0x7f94500d7f88
        0x7f94500d7f88
        0x7f94500d7f88
        0x7f94500d7f88
        0x7f94500d7f88
        0x7f94500d7f88
        0x7f94500d7f88
        0x7f94500d7f88
        0x7f94500d7f88
        0x7f94500d7f88
        0x7f94500d7f88
        0x7f94500d7f88
        0x7f94500d7f88
        0x7f94500d7f88
        0x7f94500d7f88
        0x7f94500d7f88
        0x7f94500d7f88
        0x7f94500d7f88
        0x7f94500d7f88
        0x7f94500d7f88
        0x7f94500d7f88
        0x7f94500d7f88
        0x7f94500d7f88
        0x7f94500d7f88
        0x7f94500d7f88
        0x7f94500d7f88
        0x7f94500d7f88
        0x7f94500d7f88
        0x7f94500d7f88
        0x7f94500d7f88
        0x7f94500d7f88
        0x7f94500d7f88
        0x7f94500d7f88
        0x7f94500d7f88
        0x7f94500d7f88
        0x7f94500d7f88
        0x7f94500d7f88
        0x7f94500d7f88
        0x7f94500d7f88
        0x7f94500d7f88
        0x7f94500d7f88
        0x7f94500d7f88
        0x7f94500d7f88
        0x7f94500d7f88
        0x7f94500d7f88
        0x7f94500d7f88
        0x7f94500d7f88
        0x7f94500d7f88
        0x7f94500d7f88
        0x7f94500d7f88
        0x7f94500d7f88
        0x7f94500d7f88
        0x7f94500d7f88
        0x7f94500d7f88
        0x7f94500d7f88
        0x7f94500d7f88
        0x7f94500d7f88
        0x7f94500d7f88
        0x7f94500d7f88
        0x7f94500d7f88
        0x7f94500d7f88
        0x7f94500d7f88
        0x7f94500d7f88
        0x7f94500d7f88
        0x7f94500d7f88
        0x7f94500d7f88
        0x7f94500d7f88
]: 1
@preempt_stack[
        0x40d9cc10
        0x40d8297c
        0x40d57d0c
        0x40d56d80
        0x40d53864
        0
        0
        0x558432736408
        0x558432736408
        0x558432736408
        0x558432736408
        0x558432736408
        0x558432736408
        0x558432736408
        0x558432736408
        0x558432736408
        0x558432736408
        0x558432736408
        0x558432736408
        0x558432736408
        0x558432736408
        0x558432736408
        0x558432736408
        0x558432736408
        0x558432736408
        0x558432736408
        0x558432736408
        0x558432736408
        0x558432736408
        0x558432736408
        0x558432736408
        0x558432736408
        0x558432736408
        0x558432736408
        0x558432736408
        0x558432736408
        0x558432736408
        0x558432736408
        0x558432736408
        0x558432736408
        0x558432736408
        0x558432736408
        0x558432736408
        0x558432736408
        0x558432736408
        0x558432736408
        0x558432736408
        0x558432736408
        0x558432736408
        0x558432736408
        0x558432736408
        0x558432736408
        0x558432736408
        0x558432736408
        0x558432736408
        0x558432736408
        0x558432736408
        0x558432736408
        0x558432736408
        0x558432736408
        0x558432736408
        0x558432736408
        0x558432736408
        0x558432736408
        0x558432736408
        0x558432736408
        0x558432736408
        0x558432736408
        0x558432736408
        0x558432736408
        0x558432736408
        0x558432736408
        0x558432736408
        0x558432736408
        0x558432736408
        0x558432736408
        0x558432736408
        0x558432736408
        0x558432736408
        0x558432736408
        0x558432736408
        0x558432736408
        0x558432736408
        0x558432736408
        0x558432736408
        0x558432736408
        0x558432736408
        0x558432736408
        0x558432736408
        0x558432736408
        0x558432736408
        0x558432736408
        0x558432736408
        0x558432736408
        0x558432736408
        0x558432736408
        0x558432736408
        0x558432736408
        0x558432736408
        0x558432736408
        0x558432736408
        0x558432736408
        0x558432736408
        0x558432736408
        0x558432736408
        0x558432736408
        0x558432736408
        0x558432736408
        0x558432736408
        0x558432736408
        0x558432736408
        0x558432736408
        0x558432736408
        0x558432736408
        0x558432736408
        0x558432736408
        0x558432736408
        0x558432736408
        0x558432736408
        0x558432736408
        0x558432736408
        0x558432736408
        0x558432736408
        0x558432736408
        0x558432736408
        0x558432736408
        0x558432736408
]: 1
@preempt_stack[
        0x7f953dcc5fb1
        0xbcc0bc10bc40bdc
]: 1
@preempt_stack[
        0x40d5b51f
        0x40d5a51b
        0x40d56ef8
        0x40d56d80
        0x40d53864
        0
        0
        0x558432736408
        0x558432736408
        0x558432736408
        0x558432736408
        0x558432736408
        0x558432736408
        0x558432736408
        0x558432736408
        0x558432736408
        0x558432736408
        0x558432736408
        0x558432736408
        0x558432736408
        0x558432736408
        0x558432736408
        0x558432736408
        0x558432736408
        0x558432736408
        0x558432736408
        0x558432736408
        0x558432736408
        0x558432736408
        0x558432736408
        0x558432736408
        0x558432736408
        0x558432736408
        0x558432736408
        0x558432736408
        0x558432736408
        0x558432736408
        0x558432736408
        0x558432736408
        0x558432736408
        0x558432736408
        0x558432736408
        0x558432736408
        0x558432736408
        0x558432736408
        0x558432736408
        0x558432736408
        0x558432736408
        0x558432736408
        0x558432736408
        0x558432736408
        0x558432736408
        0x558432736408
        0x558432736408
        0x558432736408
        0x558432736408
        0x558432736408
        0x558432736408
        0x558432736408
        0x558432736408
        0x558432736408
        0x558432736408
        0x558432736408
        0x558432736408
        0x558432736408
        0x558432736408
        0x558432736408
        0x558432736408
        0x558432736408
        0x558432736408
        0x558432736408
        0x558432736408
        0x558432736408
        0x558432736408
        0x558432736408
        0x558432736408
        0x558432736408
        0x558432736408
        0x558432736408
        0x558432736408
        0x558432736408
        0x558432736408
        0x558432736408
        0x558432736408
        0x558432736408
        0x558432736408
        0x558432736408
        0x558432736408
        0x558432736408
        0x558432736408
        0x558432736408
        0x558432736408
        0x558432736408
        0x558432736408
        0x558432736408
        0x558432736408
        0x558432736408
        0x558432736408
        0x558432736408
        0x558432736408
        0x558432736408
        0x558432736408
        0x558432736408
        0x558432736408
        0x558432736408
        0x558432736408
        0x558432736408
        0x558432736408
        0x558432736408
        0x558432736408
        0x558432736408
        0x558432736408
        0x558432736408
        0x558432736408
        0x558432736408
        0x558432736408
        0x558432736408
        0x558432736408
        0x558432736408
        0x558432736408
        0x558432736408
        0x558432736408
        0x558432736408
        0x558432736408
        0x558432736408
        0x558432736408
        0x558432736408
]: 1
@preempt_stack[
        0x7f953db2b9e0
        0
        0x1c00000000000001
        0x558431b48de8
        0x558431b48de8
        0x558431b48de8
        0x558431b48de8
        0x558431b48de8
        0x558431b48de8
        0x558431b48de8
        0x558431b48de8
        0x558431b48de8
        0x558431b48de8
        0x558431b48de8
        0x558431b48de8
        0x558431b48de8
        0x558431b48de8
        0x558431b48de8
        0x558431b48de8
        0x558431b48de8
        0x558431b48de8
        0x558431b48de8
        0x558431b48de8
        0x558431b48de8
        0x558431b48de8
        0x558431b48de8
        0x558431b48de8
        0x558431b48de8
        0x558431b48de8
        0x558431b48de8
        0x558431b48de8
        0x558431b48de8
        0x558431b48de8
        0x558431b48de8
        0x558431b48de8
        0x558431b48de8
        0x558431b48de8
        0x558431b48de8
        0x558431b48de8
        0x558431b48de8
        0x558431b48de8
        0x558431b48de8
        0x558431b48de8
        0x558431b48de8
        0x558431b48de8
        0x558431b48de8
        0x558431b48de8
        0x558431b48de8
        0x558431b48de8
        0x558431b48de8
        0x558431b48de8
        0x558431b48de8
        0x558431b48de8
        0x558431b48de8
        0x558431b48de8
        0x558431b48de8
        0x558431b48de8
        0x558431b48de8
        0x558431b48de8
        0x558431b48de8
        0x558431b48de8
        0x558431b48de8
        0x558431b48de8
        0x558431b48de8
        0x558431b48de8
        0x558431b48de8
        0x558431b48de8
        0x558431b48de8
        0x558431b48de8
        0x558431b48de8
        0x558431b48de8
        0x558431b48de8
        0x558431b48de8
        0x558431b48de8
        0x558431b48de8
        0x558431b48de8
        0x558431b48de8
        0x558431b48de8
        0x558431b48de8
        0x558431b48de8
        0x558431b48de8
        0x558431b48de8
        0x558431b48de8
        0x558431b48de8
        0x558431b48de8
        0x558431b48de8
        0x558431b48de8
        0x558431b48de8
        0x558431b48de8
        0x558431b48de8
        0x558431b48de8
        0x558431b48de8
        0x558431b48de8
        0x558431b48de8
        0x558431b48de8
        0x558431b48de8
        0x558431b48de8
        0x558431b48de8
        0x558431b48de8
        0x558431b48de8
        0x558431b48de8
        0x558431b48de8
        0x558431b48de8
        0x558431b48de8
        0x558431b48de8
        0x558431b48de8
        0x558431b48de8
        0x558431b48de8
        0x558431b48de8
        0x558431b48de8
        0x558431b48de8
        0x558431b48de8
        0x558431b48de8
        0x558431b48de8
        0x558431b48de8
        0x558431b48de8
        0x558431b48de8
        0x558431b48de8
        0x558431b48de8
        0x558431b48de8
        0x558431b48de8
        0x558431b48de8
        0x558431b48de8
        0x558431b48de8
        0x558431b48de8
        0x558431b48de8
        0x558431b48de8
]: 1
@preempt_stack[
        0x7f953e330204
]: 1
@preempt_stack[
        0x7f953d905a50
        0xdcf0e030de60dd6
]: 1
@preempt_stack[
        0x7f953eea2bdf
        __clock_gettime+29
]: 1
@preempt_stack[
        0x7f953dd3d001
]: 1
@preempt_stack[
        0x7f953da7cc77
        0x7f9500000000
]: 1
@preempt_stack[
        0x7f953dcd373c
        0x547054105440541
]: 1
@preempt_stack[
        0x7f953d901590
]: 1
@preempt_stack[
        0x7f953d6d65fc
        0x7f9502975d00
]: 1
@preempt_stack[
        0x4044b9dc
        0x4044b20c
]: 1
@preempt_stack[
        0x402d68c2
]: 1
@preempt_stack[
        0x7f953e6ca6a8
]: 1
@preempt_stack[
        0x7f953e4a690f
]: 1
@preempt_stack[
        0x7f953d6950a8
        0x8200038ffccf6cc
        0x7f953db26bb0
        0x4800ff2f91058d48
]: 1
@preempt_stack[
        0x7f953d905a27
        0xa070a0b0a040a03
]: 1
@preempt_stack[
        0x4044451f
]: 1
@preempt_stack[
        0x40c32c6a
        0x40c32680
        0x40c32378
        0x40c26614
        0x40407e17
        0x40403d24
        0x7f949c846428
        0x7f949c9e578f
        0x558431b82490
]: 1
@preempt_stack[
        0x7f949c9e9669
        0x407f70f4
        0x40407e17
        0x40403d24
        0x7f949c846428
        0x7f949c9e578f
        0x558431b82490
]: 1
@preempt_stack[
        0x40cd126c
        0x40d5a51b
        0x40d56ef8
        0x40d56d80
        0x40d53864
        0
        0
        0x558432736408
        0x558432736408
        0x558432736408
        0x558432736408
        0x558432736408
        0x558432736408
        0x558432736408
        0x558432736408
        0x558432736408
        0x558432736408
        0x558432736408
        0x558432736408
        0x558432736408
        0x558432736408
        0x558432736408
        0x558432736408
        0x558432736408
        0x558432736408
        0x558432736408
        0x558432736408
        0x558432736408
        0x558432736408
        0x558432736408
        0x558432736408
        0x558432736408
        0x558432736408
        0x558432736408
        0x558432736408
        0x558432736408
        0x558432736408
        0x558432736408
        0x558432736408
        0x558432736408
        0x558432736408
        0x558432736408
        0x558432736408
        0x558432736408
        0x558432736408
        0x558432736408
        0x558432736408
        0x558432736408
        0x558432736408
        0x558432736408
        0x558432736408
        0x558432736408
        0x558432736408
        0x558432736408
        0x558432736408
        0x558432736408
        0x558432736408
        0x558432736408
        0x558432736408
        0x558432736408
        0x558432736408
        0x558432736408
        0x558432736408
        0x558432736408
        0x558432736408
        0x558432736408
        0x558432736408
        0x558432736408
        0x558432736408
        0x558432736408
        0x558432736408
        0x558432736408
        0x558432736408
        0x558432736408
        0x558432736408
        0x558432736408
        0x558432736408
        0x558432736408
        0x558432736408
        0x558432736408
        0x558432736408
        0x558432736408
        0x558432736408
        0x558432736408
        0x558432736408
        0x558432736408
        0x558432736408
        0x558432736408
        0x558432736408
        0x558432736408
        0x558432736408
        0x558432736408
        0x558432736408
        0x558432736408
        0x558432736408
        0x558432736408
        0x558432736408
        0x558432736408
        0x558432736408
        0x558432736408
        0x558432736408
        0x558432736408
        0x558432736408
        0x558432736408
        0x558432736408
        0x558432736408
        0x558432736408
        0x558432736408
        0x558432736408
        0x558432736408
        0x558432736408
        0x558432736408
        0x558432736408
        0x558432736408
        0x558432736408
        0x558432736408
        0x558432736408
        0x558432736408
        0x558432736408
        0x558432736408
        0x558432736408
        0x558432736408
        0x558432736408
        0x558432736408
        0x558432736408
        0x558432736408
        0x558432736408
]: 1
@preempt_stack[
        0x401b2310
        0x4046dfb8
        0x40785934
        0x401c67a6
        0x7f949c846428
        0x7f949c9e578f
        0x558431b82490
]: 1
@preempt_stack[
        0x7f953dcd3707
        0x98e098109840983
]: 1
@preempt_stack[
        0x7f953dd249a2
        0
]: 1
@preempt_stack[
        0x40d5bccc
        0x40d590e0
        0x40d56ef8
        0x40d56d80
        0x40d53864
        0
        0
        0x558432736408
        0x558432736408
        0x558432736408
        0x558432736408
        0x558432736408
        0x558432736408
        0x558432736408
        0x558432736408
        0x558432736408
        0x558432736408
        0x558432736408
        0x558432736408
        0x558432736408
        0x558432736408
        0x558432736408
        0x558432736408
        0x558432736408
        0x558432736408
        0x558432736408
        0x558432736408
        0x558432736408
        0x558432736408
        0x558432736408
        0x558432736408
        0x558432736408
        0x558432736408
        0x558432736408
        0x558432736408
        0x558432736408
        0x558432736408
        0x558432736408
        0x558432736408
        0x558432736408
        0x558432736408
        0x558432736408
        0x558432736408
        0x558432736408
        0x558432736408
        0x558432736408
        0x558432736408
        0x558432736408
        0x558432736408
        0x558432736408
        0x558432736408
        0x558432736408
        0x558432736408
        0x558432736408
        0x558432736408
        0x558432736408
        0x558432736408
        0x558432736408
        0x558432736408
        0x558432736408
        0x558432736408
        0x558432736408
        0x558432736408
        0x558432736408
        0x558432736408
        0x558432736408
        0x558432736408
        0x558432736408
        0x558432736408
        0x558432736408
        0x558432736408
        0x558432736408
        0x558432736408
        0x558432736408
        0x558432736408
        0x558432736408
        0x558432736408
        0x558432736408
        0x558432736408
        0x558432736408
        0x558432736408
        0x558432736408
        0x558432736408
        0x558432736408
        0x558432736408
        0x558432736408
        0x558432736408
        0x558432736408
        0x558432736408
        0x558432736408
        0x558432736408
        0x558432736408
        0x558432736408
        0x558432736408
        0x558432736408
        0x558432736408
        0x558432736408
        0x558432736408
        0x558432736408
        0x558432736408
        0x558432736408
        0x558432736408
        0x558432736408
        0x558432736408
        0x558432736408
        0x558432736408
        0x558432736408
        0x558432736408
        0x558432736408
        0x558432736408
        0x558432736408
        0x558432736408
        0x558432736408
        0x558432736408
        0x558432736408
        0x558432736408
        0x558432736408
        0x558432736408
        0x558432736408
        0x558432736408
        0x558432736408
        0x558432736408
        0x558432736408
        0x558432736408
        0x558432736408
        0x558432736408
        0x558432736408
]: 1
@preempt_stack[
        0x7f953e4a69f8
]: 1
@preempt_stack[
        0x7f953ddcb077
        0x8c708c208c908c2
]: 1
@preempt_stack[
        mono_metadata_type_hash+80
        0x120000
        0x558434ee8900
        0x558434ee8900
        0x558434ee8900
        0x558434ee8900
        0x558434ee8900
        0x558434ee8900
        0x558434ee8900
        0x558434ee8900
        0x558434ee8900
        0x558434ee8900
        0x558434ee8900
        0x558434ee8900
        0x558434ee8900
        0x558434ee8900
        0x558434ee8900
        0x558434ee8900
        0x558434ee8900
        0x558434ee8900
        0x558434ee8900
        0x558434ee8900
        0x558434ee8900
        0x558434ee8900
        0x558434ee8900
        0x558434ee8900
        0x558434ee8900
        0x558434ee8900
        0x558434ee8900
        0x558434ee8900
        0x558434ee8900
        0x558434ee8900
        0x558434ee8900
        0x558434ee8900
        0x558434ee8900
        0x558434ee8900
        0x558434ee8900
        0x558434ee8900
        0x558434ee8900
        0x558434ee8900
        0x558434ee8900
        0x558434ee8900
        0x558434ee8900
        0x558434ee8900
        0x558434ee8900
        0x558434ee8900
        0x558434ee8900
        0x558434ee8900
        0x558434ee8900
        0x558434ee8900
        0x558434ee8900
        0x558434ee8900
        0x558434ee8900
        0x558434ee8900
        0x558434ee8900
        0x558434ee8900
        0x558434ee8900
        0x558434ee8900
        0x558434ee8900
        0x558434ee8900
        0x558434ee8900
        0x558434ee8900
        0x558434ee8900
        0x558434ee8900
        0x558434ee8900
        0x558434ee8900
        0x558434ee8900
        0x558434ee8900
        0x558434ee8900
        0x558434ee8900
        0x558434ee8900
        0x558434ee8900
        0x558434ee8900
        0x558434ee8900
        0x558434ee8900
        0x558434ee8900
        0x558434ee8900
        0x558434ee8900
        0x558434ee8900
        0x558434ee8900
        0x558434ee8900
        0x558434ee8900
        0x558434ee8900
        0x558434ee8900
        0x558434ee8900
        0x558434ee8900
        0x558434ee8900
        0x558434ee8900
        0x558434ee8900
        0x558434ee8900
        0x558434ee8900
        0x558434ee8900
        0x558434ee8900
        0x558434ee8900
        0x558434ee8900
        0x558434ee8900
        0x558434ee8900
        0x558434ee8900
        0x558434ee8900
        0x558434ee8900
        0x558434ee8900
        0x558434ee8900
        0x558434ee8900
        0x558434ee8900
        0x558434ee8900
        0x558434ee8900
        0x558434ee8900
        0x558434ee8900
        0x558434ee8900
        0x558434ee8900
        0x558434ee8900
        0x558434ee8900
        0x558434ee8900
        0x558434ee8900
        0x558434ee8900
        0x558434ee8900
        0x558434ee8900
        0x558434ee8900
        0x558434ee8900
        0x558434ee8900
        0x558434ee8900
        0x558434ee8900
        0x558434ee8900
        0x558434ee8900
        0x558434ee8900
        0x558434ee8900
        0x558434ee8900
]: 1
@preempt_stack[
        0x40af8bfb
        0x40cab139
        0x40ca6ac7
        0x40407e56
        0x40403d24
        0x7f949c846428
        0x7f949c9e578f
        0x558431b82490
]: 1
@preempt_stack[
        0x7f949c9e44f9
        0x120000
        0x55843325c1d8
        0x55843325c1d8
        0x55843325c1d8
        0x55843325c1d8
        0x55843325c1d8
        0x55843325c1d8
        0x55843325c1d8
        0x55843325c1d8
        0x55843325c1d8
        0x55843325c1d8
        0x55843325c1d8
        0x55843325c1d8
        0x55843325c1d8
        0x55843325c1d8
        0x55843325c1d8
        0x55843325c1d8
        0x55843325c1d8
        0x55843325c1d8
        0x55843325c1d8
        0x55843325c1d8
        0x55843325c1d8
        0x55843325c1d8
        0x55843325c1d8
        0x55843325c1d8
        0x55843325c1d8
        0x55843325c1d8
        0x55843325c1d8
        0x55843325c1d8
        0x55843325c1d8
        0x55843325c1d8
        0x55843325c1d8
        0x55843325c1d8
        0x55843325c1d8
        0x55843325c1d8
        0x55843325c1d8
        0x55843325c1d8
        0x55843325c1d8
        0x55843325c1d8
        0x55843325c1d8
        0x55843325c1d8
        0x55843325c1d8
        0x55843325c1d8
        0x55843325c1d8
        0x55843325c1d8
        0x55843325c1d8
        0x55843325c1d8
        0x55843325c1d8
        0x55843325c1d8
        0x55843325c1d8
        0x55843325c1d8
        0x55843325c1d8
        0x55843325c1d8
        0x55843325c1d8
        0x55843325c1d8
        0x55843325c1d8
        0x55843325c1d8
        0x55843325c1d8
        0x55843325c1d8
        0x55843325c1d8
        0x55843325c1d8
        0x55843325c1d8
        0x55843325c1d8
        0x55843325c1d8
        0x55843325c1d8
        0x55843325c1d8
        0x55843325c1d8
        0x55843325c1d8
        0x55843325c1d8
        0x55843325c1d8
        0x55843325c1d8
        0x55843325c1d8
        0x55843325c1d8
        0x55843325c1d8
        0x55843325c1d8
        0x55843325c1d8
        0x55843325c1d8
        0x55843325c1d8
        0x55843325c1d8
        0x55843325c1d8
        0x55843325c1d8
        0x55843325c1d8
        0x55843325c1d8
        0x55843325c1d8
        0x55843325c1d8
        0x55843325c1d8
        0x55843325c1d8
        0x55843325c1d8
        0x55843325c1d8
        0x55843325c1d8
        0x55843325c1d8
        0x55843325c1d8
        0x55843325c1d8
        0x55843325c1d8
        0x55843325c1d8
        0x55843325c1d8
        0x55843325c1d8
        0x55843325c1d8
        0x55843325c1d8
        0x55843325c1d8
        0x55843325c1d8
        0x55843325c1d8
        0x55843325c1d8
        0x55843325c1d8
        0x55843325c1d8
        0x55843325c1d8
        0x55843325c1d8
        0x55843325c1d8
        0x55843325c1d8
        0x55843325c1d8
        0x55843325c1d8
        0x55843325c1d8
        0x55843325c1d8
        0x55843325c1d8
        0x55843325c1d8
        0x55843325c1d8
        0x55843325c1d8
        0x55843325c1d8
        0x55843325c1d8
        0x55843325c1d8
        0x55843325c1d8
        0x55843325c1d8
        0x55843325c1d8
        0x55843325c1d8
        0x55843325c1d8
        0x55843325c1d8
]: 1
@preempt_stack[
        0x7f953d907678
        0x7f950071a640
]: 1
@preempt_stack[
        0x7f953dd2c5b7
        0x2df378
        0
]: 1
@preempt_stack[
        0x7f953dd42a5f
]: 1
@preempt_stack[
        0x7f953dd3f640
        0x7f9500000000
]: 1
@preempt_stack[
        0x40775e40
        0x7f949c846428
        0x7f949c9e578f
        0x558431b82490
]: 1
@preempt_stack[
        0x40202f0b
        0x40212f04
        0x40a8a76e
        0x40407e56
        0x40403d24
        0x7f949c846428
        0x7f949c9e578f
        0x558431b82490
]: 1
@preempt_stack[
        0x7f953dd4745d
]: 1
@preempt_stack[
        0x7f953d6d65fc
        0x7f9501e42590
]: 1
@preempt_stack[
        0x40443ea2
]: 1
@preempt_stack[
        0x7f953d905911
        0xf0b0f010f040f0c
]: 1
@preempt_stack[
        0x7f953dcd3703
]: 1
@preempt_stack[
        0x40441d1d
]: 1
@preempt_stack[
        0x7f949ca2c764
        0x7f93f0babe80
]: 1
@preempt_stack[
        0x7f953d9072b8
        0
]: 1
@preempt_stack[
        0x40c32fee
        0x40c32680
        0x40c32378
        0x40c26614
        0x40407e17
        0x40403d24
        0x7f949c846428
        0x7f949c9e578f
        0x558431b82490
]: 1
@preempt_stack[
        0x7f953dd0f111
]: 1
@preempt_stack[
        0x40ce53df
        0
        0
        0x558432736408
        0x558432736408
        0x558432736408
        0x558432736408
        0x558432736408
        0x558432736408
        0x558432736408
        0x558432736408
        0x558432736408
        0x558432736408
        0x558432736408
        0x558432736408
        0x558432736408
        0x558432736408
        0x558432736408
        0x558432736408
        0x558432736408
        0x558432736408
        0x558432736408
        0x558432736408
        0x558432736408
        0x558432736408
        0x558432736408
        0x558432736408
        0x558432736408
        0x558432736408
        0x558432736408
        0x558432736408
        0x558432736408
        0x558432736408
        0x558432736408
        0x558432736408
        0x558432736408
        0x558432736408
        0x558432736408
        0x558432736408
        0x558432736408
        0x558432736408
        0x558432736408
        0x558432736408
        0x558432736408
        0x558432736408
        0x558432736408
        0x558432736408
        0x558432736408
        0x558432736408
        0x558432736408
        0x558432736408
        0x558432736408
        0x558432736408
        0x558432736408
        0x558432736408
        0x558432736408
        0x558432736408
        0x558432736408
        0x558432736408
        0x558432736408
        0x558432736408
        0x558432736408
        0x558432736408
        0x558432736408
        0x558432736408
        0x558432736408
        0x558432736408
        0x558432736408
        0x558432736408
        0x558432736408
        0x558432736408
        0x558432736408
        0x558432736408
        0x558432736408
        0x558432736408
        0x558432736408
        0x558432736408
        0x558432736408
        0x558432736408
        0x558432736408
        0x558432736408
        0x558432736408
        0x558432736408
        0x558432736408
        0x558432736408
        0x558432736408
        0x558432736408
        0x558432736408
        0x558432736408
        0x558432736408
        0x558432736408
        0x558432736408
        0x558432736408
        0x558432736408
        0x558432736408
        0x558432736408
        0x558432736408
        0x558432736408
        0x558432736408
        0x558432736408
        0x558432736408
        0x558432736408
        0x558432736408
        0x558432736408
        0x558432736408
        0x558432736408
        0x558432736408
        0x558432736408
        0x558432736408
        0x558432736408
        0x558432736408
        0x558432736408
        0x558432736408
        0x558432736408
        0x558432736408
        0x558432736408
        0x558432736408
        0x558432736408
        0x558432736408
        0x558432736408
        0x558432736408
        0x558432736408
        0x558432736408
        0x558432736408
        0x558432736408
        0x558432736408
        0x558432736408
]: 1
@preempt_stack[
        0x7f953d6da264
        0xe400038ffcb7b9e
        0x7f953da9dd80
        0x4810c08348010bfa
]: 1
@preempt_stack[
        0x7f949c964ed8
        0x404085f4
        0x40a8a76e
        0x40407e56
        0x40403d24
        0x7f949c846428
        0x7f949c9e578f
        0x558431b82490
]: 1
@preempt_stack[
        0x4043fc0d
        0
        0x3c00000000000001
        0x558432d2dca0
        0x558432d2dca0
        0x558432d2dca0
        0x558432d2dca0
        0x558432d2dca0
        0x558432d2dca0
        0x558432d2dca0
        0x558432d2dca0
        0x558432d2dca0
        0x558432d2dca0
        0x558432d2dca0
        0x558432d2dca0
        0x558432d2dca0
        0x558432d2dca0
        0x558432d2dca0
        0x558432d2dca0
        0x558432d2dca0
        0x558432d2dca0
        0x558432d2dca0
        0x558432d2dca0
        0x558432d2dca0
        0x558432d2dca0
        0x558432d2dca0
        0x558432d2dca0
        0x558432d2dca0
        0x558432d2dca0
        0x558432d2dca0
        0x558432d2dca0
        0x558432d2dca0
        0x558432d2dca0
        0x558432d2dca0
        0x558432d2dca0
        0x558432d2dca0
        0x558432d2dca0
        0x558432d2dca0
        0x558432d2dca0
        0x558432d2dca0
        0x558432d2dca0
        0x558432d2dca0
        0x558432d2dca0
        0x558432d2dca0
        0x558432d2dca0
        0x558432d2dca0
        0x558432d2dca0
        0x558432d2dca0
        0x558432d2dca0
        0x558432d2dca0
        0x558432d2dca0
        0x558432d2dca0
        0x558432d2dca0
        0x558432d2dca0
        0x558432d2dca0
        0x558432d2dca0
        0x558432d2dca0
        0x558432d2dca0
        0x558432d2dca0
        0x558432d2dca0
        0x558432d2dca0
        0x558432d2dca0
        0x558432d2dca0
        0x558432d2dca0
        0x558432d2dca0
        0x558432d2dca0
        0x558432d2dca0
        0x558432d2dca0
        0x558432d2dca0
        0x558432d2dca0
        0x558432d2dca0
        0x558432d2dca0
        0x558432d2dca0
        0x558432d2dca0
        0x558432d2dca0
        0x558432d2dca0
        0x558432d2dca0
        0x558432d2dca0
        0x558432d2dca0
        0x558432d2dca0
        0x558432d2dca0
        0x558432d2dca0
        0x558432d2dca0
        0x558432d2dca0
        0x558432d2dca0
        0x558432d2dca0
        0x558432d2dca0
        0x558432d2dca0
        0x558432d2dca0
        0x558432d2dca0
        0x558432d2dca0
        0x558432d2dca0
        0x558432d2dca0
        0x558432d2dca0
        0x558432d2dca0
        0x558432d2dca0
        0x558432d2dca0
        0x558432d2dca0
        0x558432d2dca0
        0x558432d2dca0
        0x558432d2dca0
        0x558432d2dca0
        0x558432d2dca0
        0x558432d2dca0
        0x558432d2dca0
        0x558432d2dca0
        0x558432d2dca0
        0x558432d2dca0
        0x558432d2dca0
        0x558432d2dca0
        0x558432d2dca0
        0x558432d2dca0
        0x558432d2dca0
        0x558432d2dca0
        0x558432d2dca0
        0x558432d2dca0
        0x558432d2dca0
        0x558432d2dca0
        0x558432d2dca0
        0x558432d2dca0
        0x558432d2dca0
        0x558432d2dca0
        0x558432d2dca0
        0x558432d2dca0
        0x558432d2dca0
        0x558432d2dca0
        0x558432d2dca0
]: 1
@preempt_stack[
        0x7f953dd1a614
        0x7f9500000093
        0
]: 1
@preempt_stack[
        mono_class_from_mono_type_internal+13
        0x120000
        0x558432d94140
        0x558432d94140
        0x558432d94140
        0x558432d94140
        0x558432d94140
        0x558432d94140
        0x558432d94140
        0x558432d94140
        0x558432d94140
        0x558432d94140
        0x558432d94140
        0x558432d94140
        0x558432d94140
        0x558432d94140
        0x558432d94140
        0x558432d94140
        0x558432d94140
        0x558432d94140
        0x558432d94140
        0x558432d94140
        0x558432d94140
        0x558432d94140
        0x558432d94140
        0x558432d94140
        0x558432d94140
        0x558432d94140
        0x558432d94140
        0x558432d94140
        0x558432d94140
        0x558432d94140
        0x558432d94140
        0x558432d94140
        0x558432d94140
        0x558432d94140
        0x558432d94140
        0x558432d94140
        0x558432d94140
        0x558432d94140
        0x558432d94140
        0x558432d94140
        0x558432d94140
        0x558432d94140
        0x558432d94140
        0x558432d94140
        0x558432d94140
        0x558432d94140
        0x558432d94140
        0x558432d94140
        0x558432d94140
        0x558432d94140
        0x558432d94140
        0x558432d94140
        0x558432d94140
        0x558432d94140
        0x558432d94140
        0x558432d94140
        0x558432d94140
        0x558432d94140
        0x558432d94140
        0x558432d94140
        0x558432d94140
        0x558432d94140
        0x558432d94140
        0x558432d94140
        0x558432d94140
        0x558432d94140
        0x558432d94140
        0x558432d94140
        0x558432d94140
        0x558432d94140
        0x558432d94140
        0x558432d94140
        0x558432d94140
        0x558432d94140
        0x558432d94140
        0x558432d94140
        0x558432d94140
        0x558432d94140
        0x558432d94140
        0x558432d94140
        0x558432d94140
        0x558432d94140
        0x558432d94140
        0x558432d94140
        0x558432d94140
        0x558432d94140
        0x558432d94140
        0x558432d94140
        0x558432d94140
        0x558432d94140
        0x558432d94140
        0x558432d94140
        0x558432d94140
        0x558432d94140
        0x558432d94140
        0x558432d94140
        0x558432d94140
        0x558432d94140
        0x558432d94140
        0x558432d94140
        0x558432d94140
        0x558432d94140
        0x558432d94140
        0x558432d94140
        0x558432d94140
        0x558432d94140
        0x558432d94140
        0x558432d94140
        0x558432d94140
        0x558432d94140
        0x558432d94140
        0x558432d94140
        0x558432d94140
        0x558432d94140
        0x558432d94140
        0x558432d94140
        0x558432d94140
        0x558432d94140
        0x558432d94140
        0x558432d94140
        0x558432d94140
        0x558432d94140
        0x558432d94140
        0x558432d94140
        0x558432d94140
]: 1
@preempt_stack[
        0x7f953dd3d802
        0x3f80000000010000
        0x7f9502d24c00
        0x58
        0x558431afba9000
]: 1
@preempt_stack[
        0x7f949c96980c
        0
        0x1000000000000001
        0x558432ab54e0
        0x558432ab54e0
        0x558432ab54e0
        0x558432ab54e0
        0x558432ab54e0
        0x558432ab54e0
        0x558432ab54e0
        0x558432ab54e0
        0x558432ab54e0
        0x558432ab54e0
        0x558432ab54e0
        0x558432ab54e0
        0x558432ab54e0
        0x558432ab54e0
        0x558432ab54e0
        0x558432ab54e0
        0x558432ab54e0
        0x558432ab54e0
        0x558432ab54e0
        0x558432ab54e0
        0x558432ab54e0
        0x558432ab54e0
        0x558432ab54e0
        0x558432ab54e0
        0x558432ab54e0
        0x558432ab54e0
        0x558432ab54e0
        0x558432ab54e0
        0x558432ab54e0
        0x558432ab54e0
        0x558432ab54e0
        0x558432ab54e0
        0x558432ab54e0
        0x558432ab54e0
        0x558432ab54e0
        0x558432ab54e0
        0x558432ab54e0
        0x558432ab54e0
        0x558432ab54e0
        0x558432ab54e0
        0x558432ab54e0
        0x558432ab54e0
        0x558432ab54e0
        0x558432ab54e0
        0x558432ab54e0
        0x558432ab54e0
        0x558432ab54e0
        0x558432ab54e0
        0x558432ab54e0
        0x558432ab54e0
        0x558432ab54e0
        0x558432ab54e0
        0x558432ab54e0
        0x558432ab54e0
        0x558432ab54e0
        0x558432ab54e0
        0x558432ab54e0
        0x558432ab54e0
        0x558432ab54e0
        0x558432ab54e0
        0x558432ab54e0
        0x558432ab54e0
        0x558432ab54e0
        0x558432ab54e0
        0x558432ab54e0
        0x558432ab54e0
        0x558432ab54e0
        0x558432ab54e0
        0x558432ab54e0
        0x558432ab54e0
        0x558432ab54e0
        0x558432ab54e0
        0x558432ab54e0
        0x558432ab54e0
        0x558432ab54e0
        0x558432ab54e0
        0x558432ab54e0
        0x558432ab54e0
        0x558432ab54e0
        0x558432ab54e0
        0x558432ab54e0
        0x558432ab54e0
        0x558432ab54e0
        0x558432ab54e0
        0x558432ab54e0
        0x558432ab54e0
        0x558432ab54e0
        0x558432ab54e0
        0x558432ab54e0
        0x558432ab54e0
        0x558432ab54e0
        0x558432ab54e0
        0x558432ab54e0
        0x558432ab54e0
        0x558432ab54e0
        0x558432ab54e0
        0x558432ab54e0
        0x558432ab54e0
        0x558432ab54e0
        0x558432ab54e0
        0x558432ab54e0
        0x558432ab54e0
        0x558432ab54e0
        0x558432ab54e0
        0x558432ab54e0
        0x558432ab54e0
        0x558432ab54e0
        0x558432ab54e0
        0x558432ab54e0
        0x558432ab54e0
        0x558432ab54e0
        0x558432ab54e0
        0x558432ab54e0
        0x558432ab54e0
        0x558432ab54e0
        0x558432ab54e0
        0x558432ab54e0
        0x558432ab54e0
        0x558432ab54e0
        0x558432ab54e0
        0x558432ab54e0
        0x558432ab54e0
        0x558432ab54e0
        0x558432ab54e0
]: 1
@preempt_stack[
        0x7f953dcc5fb1
        0x14c014101440143
]: 1
@preempt_stack[
        0x40d5ddee
        0x40d5befe
        0x40d597a4
        0x40d56ef8
        0x40d56d80
        0x40d53864
        0
        0
        0x558432736408
        0x558432736408
        0x558432736408
        0x558432736408
        0x558432736408
        0x558432736408
        0x558432736408
        0x558432736408
        0x558432736408
        0x558432736408
        0x558432736408
        0x558432736408
        0x558432736408
        0x558432736408
        0x558432736408
        0x558432736408
        0x558432736408
        0x558432736408
        0x558432736408
        0x558432736408
        0x558432736408
        0x558432736408
        0x558432736408
        0x558432736408
        0x558432736408
        0x558432736408
        0x558432736408
        0x558432736408
        0x558432736408
        0x558432736408
        0x558432736408
        0x558432736408
        0x558432736408
        0x558432736408
        0x558432736408
        0x558432736408
        0x558432736408
        0x558432736408
        0x558432736408
        0x558432736408
        0x558432736408
        0x558432736408
        0x558432736408
        0x558432736408
        0x558432736408
        0x558432736408
        0x558432736408
        0x558432736408
        0x558432736408
        0x558432736408
        0x558432736408
        0x558432736408
        0x558432736408
        0x558432736408
        0x558432736408
        0x558432736408
        0x558432736408
        0x558432736408
        0x558432736408
        0x558432736408
        0x558432736408
        0x558432736408
        0x558432736408
        0x558432736408
        0x558432736408
        0x558432736408
        0x558432736408
        0x558432736408
        0x558432736408
        0x558432736408
        0x558432736408
        0x558432736408
        0x558432736408
        0x558432736408
        0x558432736408
        0x558432736408
        0x558432736408
        0x558432736408
        0x558432736408
        0x558432736408
        0x558432736408
        0x558432736408
        0x558432736408
        0x558432736408
        0x558432736408
        0x558432736408
        0x558432736408
        0x558432736408
        0x558432736408
        0x558432736408
        0x558432736408
        0x558432736408
        0x558432736408
        0x558432736408
        0x558432736408
        0x558432736408
        0x558432736408
        0x558432736408
        0x558432736408
        0x558432736408
        0x558432736408
        0x558432736408
        0x558432736408
        0x558432736408
        0x558432736408
        0x558432736408
        0x558432736408
        0x558432736408
        0x558432736408
        0x558432736408
        0x558432736408
        0x558432736408
        0x558432736408
        0x558432736408
        0x558432736408
        0x558432736408
        0x558432736408
        0x558432736408
        0x558432736408
]: 1
@preempt_stack[
        0x7f953dba3bf4
]: 1
@preempt_stack[
        0x40caf188
]: 1
@preempt_stack[
        0x7f953e5b48cb
]: 1
@preempt_stack[
        0x7f949c9cb5b8
        0
        0
        0x7f94501ef950
]: 1
@preempt_stack[
        0x7f953da51a7a
]: 1
@preempt_stack[
        0x7f953dd1a68c
        0x7f9500001228
        0
]: 1
@preempt_stack[
        0x7f953cbb88dc
        0
]: 1
@preempt_stack[
        0x7f949ca0c352
]: 1
@preempt_stack[
        mono_class_from_mono_type_internal+13
        0x7f93fe459c40
        0xf000038ffc970b6
        0x7f953d6de340
        0x83480789480142d4
]: 1
@preempt_stack[
        0x7f953dd20625
        0x7f9501f87f20
        0x7f91
]: 1
@preempt_stack[
        0x7f949c9ce4d8
        0x558434a25b38
        0x558434a25b38
        0x558434a25b38
        0x558434a25b38
        0x558434a25b38
        0x558434a25b38
        0x558434a25b38
        0x558434a25b38
        0x558434a25b38
        0x558434a25b38
        0x558434a25b38
        0x558434a25b38
        0x558434a25b38
        0x558434a25b38
        0x558434a25b38
        0x558434a25b38
        0x558434a25b38
        0x558434a25b38
        0x558434a25b38
        0x558434a25b38
        0x558434a25b38
        0x558434a25b38
        0x558434a25b38
        0x558434a25b38
        0x558434a25b38
        0x558434a25b38
        0x558434a25b38
        0x558434a25b38
        0x558434a25b38
        0x558434a25b38
        0x558434a25b38
        0x558434a25b38
        0x558434a25b38
        0x558434a25b38
        0x558434a25b38
        0x558434a25b38
        0x558434a25b38
        0x558434a25b38
        0x558434a25b38
        0x558434a25b38
        0x558434a25b38
        0x558434a25b38
        0x558434a25b38
        0x558434a25b38
        0x558434a25b38
        0x558434a25b38
        0x558434a25b38
        0x558434a25b38
        0x558434a25b38
        0x558434a25b38
        0x558434a25b38
        0x558434a25b38
        0x558434a25b38
        0x558434a25b38
        0x558434a25b38
        0x558434a25b38
        0x558434a25b38
        0x558434a25b38
        0x558434a25b38
        0x558434a25b38
        0x558434a25b38
        0x558434a25b38
        0x558434a25b38
        0x558434a25b38
        0x558434a25b38
        0x558434a25b38
        0x558434a25b38
        0x558434a25b38
        0x558434a25b38
        0x558434a25b38
        0x558434a25b38
        0x558434a25b38
        0x558434a25b38
        0x558434a25b38
        0x558434a25b38
        0x558434a25b38
        0x558434a25b38
        0x558434a25b38
        0x558434a25b38
        0x558434a25b38
        0x558434a25b38
        0x558434a25b38
        0x558434a25b38
        0x558434a25b38
        0x558434a25b38
        0x558434a25b38
        0x558434a25b38
        0x558434a25b38
        0x558434a25b38
        0x558434a25b38
        0x558434a25b38
        0x558434a25b38
        0x558434a25b38
        0x558434a25b38
        0x558434a25b38
        0x558434a25b38
        0x558434a25b38
        0x558434a25b38
        0x558434a25b38
        0x558434a25b38
        0x558434a25b38
        0x558434a25b38
        0x558434a25b38
        0x558434a25b38
        0x558434a25b38
        0x558434a25b38
        0x558434a25b38
        0x558434a25b38
        0x558434a25b38
        0x558434a25b38
        0x558434a25b38
        0x558434a25b38
        0x558434a25b38
        0x558434a25b38
        0x558434a25b38
        0x558434a25b38
        0x558434a25b38
        0x558434a25b38
        0x558434a25b38
        0x558434a25b38
        0x558434a25b38
        0x558434a25b38
        0x558434a25b38
        0x558434a25b38
        0x558434a25b38
        0x558434a25b38
]: 1
@preempt_stack[
        0x7f953d9077a1
        0x7f95007530c0
        0x10400f400f200f0
]: 1
@preempt_stack[
        0x7f953cab61c4
]: 1
@preempt_stack[
        0x7f953dd510c2
]: 1
@preempt_stack[
        mono_thread_info_current_unchecked+7
]: 1
@preempt_stack[
        0x4044badf
        0x4044b20c
]: 1
@preempt_stack[
        0x40caef82
        0x40d5b294
        0x40d59de6
        0x40d56ef8
        0x40d56d80
        0x40d53864
        0
        0
        0x558432736408
        0x558432736408
        0x558432736408
        0x558432736408
        0x558432736408
        0x558432736408
        0x558432736408
        0x558432736408
        0x558432736408
        0x558432736408
        0x558432736408
        0x558432736408
        0x558432736408
        0x558432736408
        0x558432736408
        0x558432736408
        0x558432736408
        0x558432736408
        0x558432736408
        0x558432736408
        0x558432736408
        0x558432736408
        0x558432736408
        0x558432736408
        0x558432736408
        0x558432736408
        0x558432736408
        0x558432736408
        0x558432736408
        0x558432736408
        0x558432736408
        0x558432736408
        0x558432736408
        0x558432736408
        0x558432736408
        0x558432736408
        0x558432736408
        0x558432736408
        0x558432736408
        0x558432736408
        0x558432736408
        0x558432736408
        0x558432736408
        0x558432736408
        0x558432736408
        0x558432736408
        0x558432736408
        0x558432736408
        0x558432736408
        0x558432736408
        0x558432736408
        0x558432736408
        0x558432736408
        0x558432736408
        0x558432736408
        0x558432736408
        0x558432736408
        0x558432736408
        0x558432736408
        0x558432736408
        0x558432736408
        0x558432736408
        0x558432736408
        0x558432736408
        0x558432736408
        0x558432736408
        0x558432736408
        0x558432736408
        0x558432736408
        0x558432736408
        0x558432736408
        0x558432736408
        0x558432736408
        0x558432736408
        0x558432736408
        0x558432736408
        0x558432736408
        0x558432736408
        0x558432736408
        0x558432736408
        0x558432736408
        0x558432736408
        0x558432736408
        0x558432736408
        0x558432736408
        0x558432736408
        0x558432736408
        0x558432736408
        0x558432736408
        0x558432736408
        0x558432736408
        0x558432736408
        0x558432736408
        0x558432736408
        0x558432736408
        0x558432736408
        0x558432736408
        0x558432736408
        0x558432736408
        0x558432736408
        0x558432736408
        0x558432736408
        0x558432736408
        0x558432736408
        0x558432736408
        0x558432736408
        0x558432736408
        0x558432736408
        0x558432736408
        0x558432736408
        0x558432736408
        0x558432736408
        0x558432736408
        0x558432736408
        0x558432736408
        0x558432736408
        0x558432736408
        0x558432736408
        0x558432736408
]: 1
@preempt_stack[
        0x7f953db075f1
]: 1
@preempt_stack[
        0x7f953dd243c0
        0
]: 1
@preempt_stack[
        0x7f953dba332f
]: 1
@preempt_stack[
        0x40d5bd96
        0x40d590e0
        0x40d56ef8
        0x40d56d80
        0x40d53864
        0
        0
        0x558432736408
        0x558432736408
        0x558432736408
        0x558432736408
        0x558432736408
        0x558432736408
        0x558432736408
        0x558432736408
        0x558432736408
        0x558432736408
        0x558432736408
        0x558432736408
        0x558432736408
        0x558432736408
        0x558432736408
        0x558432736408
        0x558432736408
        0x558432736408
        0x558432736408
        0x558432736408
        0x558432736408
        0x558432736408
        0x558432736408
        0x558432736408
        0x558432736408
        0x558432736408
        0x558432736408
        0x558432736408
        0x558432736408
        0x558432736408
        0x558432736408
        0x558432736408
        0x558432736408
        0x558432736408
        0x558432736408
        0x558432736408
        0x558432736408
        0x558432736408
        0x558432736408
        0x558432736408
        0x558432736408
        0x558432736408
        0x558432736408
        0x558432736408
        0x558432736408
        0x558432736408
        0x558432736408
        0x558432736408
        0x558432736408
        0x558432736408
        0x558432736408
        0x558432736408
        0x558432736408
        0x558432736408
        0x558432736408
        0x558432736408
        0x558432736408
        0x558432736408
        0x558432736408
        0x558432736408
        0x558432736408
        0x558432736408
        0x558432736408
        0x558432736408
        0x558432736408
        0x558432736408
        0x558432736408
        0x558432736408
        0x558432736408
        0x558432736408
        0x558432736408
        0x558432736408
        0x558432736408
        0x558432736408
        0x558432736408
        0x558432736408
        0x558432736408
        0x558432736408
        0x558432736408
        0x558432736408
        0x558432736408
        0x558432736408
        0x558432736408
        0x558432736408
        0x558432736408
        0x558432736408
        0x558432736408
        0x558432736408
        0x558432736408
        0x558432736408
        0x558432736408
        0x558432736408
        0x558432736408
        0x558432736408
        0x558432736408
        0x558432736408
        0x558432736408
        0x558432736408
        0x558432736408
        0x558432736408
        0x558432736408
        0x558432736408
        0x558432736408
        0x558432736408
        0x558432736408
        0x558432736408
        0x558432736408
        0x558432736408
        0x558432736408
        0x558432736408
        0x558432736408
        0x558432736408
        0x558432736408
        0x558432736408
        0x558432736408
        0x558432736408
        0x558432736408
        0x558432736408
        0x558432736408
        0x558432736408
]: 1
@preempt_stack[
        0x7f953dd3ecef
        0x58
]: 1
@preempt_stack[
        0x40ca9989
        0x40ca9c78
        0x4043a937
        0x40ea9cd4
        0x40ea95d9
        0x40ca69ba
        0x40407e56
        0x40403d24
        0x7f949c846428
        0x7f949c9e578f
        0x558431b82490
]: 1
@preempt_stack[
        0x7f953d9073e0
        0x3831207265
]: 1
@preempt_stack[
        0x40cac3e0
]: 1
@preempt_stack[
        0x7f953d90737e
]: 1
@preempt_stack[
        0x41ff9004
        0x40a8a76e
        0x40407e56
        0x40403d24
        0x7f949c846428
        0x7f949c9e578f
        0x558431b82490
]: 1
@preempt_stack[
        0x7f953d6be03c
]: 1
@preempt_stack[
        0x7f953cab61f2
        0xfd39
]: 1
@preempt_stack[
        0x7f953db91137
]: 1
@preempt_stack[
        0x7f953dd320f5
]: 1
@preempt_stack[
        0x4079ec30
        0
        0x2000000000000001
        0x558433718a58
        0x558433718a58
        0x558433718a58
        0x558433718a58
        0x558433718a58
        0x558433718a58
        0x558433718a58
        0x558433718a58
        0x558433718a58
        0x558433718a58
        0x558433718a58
        0x558433718a58
        0x558433718a58
        0x558433718a58
        0x558433718a58
        0x558433718a58
        0x558433718a58
        0x558433718a58
        0x558433718a58
        0x558433718a58
        0x558433718a58
        0x558433718a58
        0x558433718a58
        0x558433718a58
        0x558433718a58
        0x558433718a58
        0x558433718a58
        0x558433718a58
        0x558433718a58
        0x558433718a58
        0x558433718a58
        0x558433718a58
        0x558433718a58
        0x558433718a58
        0x558433718a58
        0x558433718a58
        0x558433718a58
        0x558433718a58
        0x558433718a58
        0x558433718a58
        0x558433718a58
        0x558433718a58
        0x558433718a58
        0x558433718a58
        0x558433718a58
        0x558433718a58
        0x558433718a58
        0x558433718a58
        0x558433718a58
        0x558433718a58
        0x558433718a58
        0x558433718a58
        0x558433718a58
        0x558433718a58
        0x558433718a58
        0x558433718a58
        0x558433718a58
        0x558433718a58
        0x558433718a58
        0x558433718a58
        0x558433718a58
        0x558433718a58
        0x558433718a58
        0x558433718a58
        0x558433718a58
        0x558433718a58
        0x558433718a58
        0x558433718a58
        0x558433718a58
        0x558433718a58
        0x558433718a58
        0x558433718a58
        0x558433718a58
        0x558433718a58
        0x558433718a58
        0x558433718a58
        0x558433718a58
        0x558433718a58
        0x558433718a58
        0x558433718a58
        0x558433718a58
        0x558433718a58
        0x558433718a58
        0x558433718a58
        0x558433718a58
        0x558433718a58
        0x558433718a58
        0x558433718a58
        0x558433718a58
        0x558433718a58
        0x558433718a58
        0x558433718a58
        0x558433718a58
        0x558433718a58
        0x558433718a58
        0x558433718a58
        0x558433718a58
        0x558433718a58
        0x558433718a58
        0x558433718a58
        0x558433718a58
        0x558433718a58
        0x558433718a58
        0x558433718a58
        0x558433718a58
        0x558433718a58
        0x558433718a58
        0x558433718a58
        0x558433718a58
        0x558433718a58
        0x558433718a58
        0x558433718a58
        0x558433718a58
        0x558433718a58
        0x558433718a58
        0x558433718a58
        0x558433718a58
        0x558433718a58
        0x558433718a58
        0x558433718a58
        0x558433718a58
        0x558433718a58
        0x558433718a58
        0x558433718a58
]: 1
@preempt_stack[
        0x7f953e4a6c15
]: 1
@preempt_stack[
        0x7f949ca590af
        0x2c00088000007f93
]: 1
@preempt_stack[
        0x7f953d4f6f11
        0x7f949c846428
        0x7f949c9e578f
        0x558431b82490
]: 1
@preempt_stack[
        0x7f953dcd605e
        0x7f950000004b
        0x7f9507ba1fd0
        0x7f9502326e08
        0x7f953dd1d3f0
        0x4810c08348012e6e
]: 1
@preempt_stack[
        0x40d5bc4e
]: 1
@preempt_stack[
        0x7f949c9ace65
        0
]: 1
@preempt_stack[
        pthread_mutex_trylock+909
        0x120000
        0x558432964818
        0x558432964818
        0x558432964818
        0x558432964818
        0x558432964818
        0x558432964818
        0x558432964818
        0x558432964818
        0x558432964818
        0x558432964818
        0x558432964818
        0x558432964818
        0x558432964818
        0x558432964818
        0x558432964818
        0x558432964818
        0x558432964818
        0x558432964818
        0x558432964818
        0x558432964818
        0x558432964818
        0x558432964818
        0x558432964818
        0x558432964818
        0x558432964818
        0x558432964818
        0x558432964818
        0x558432964818
        0x558432964818
        0x558432964818
        0x558432964818
        0x558432964818
        0x558432964818
        0x558432964818
        0x558432964818
        0x558432964818
        0x558432964818
        0x558432964818
        0x558432964818
        0x558432964818
        0x558432964818
        0x558432964818
        0x558432964818
        0x558432964818
        0x558432964818
        0x558432964818
        0x558432964818
        0x558432964818
        0x558432964818
        0x558432964818
        0x558432964818
        0x558432964818
        0x558432964818
        0x558432964818
        0x558432964818
        0x558432964818
        0x558432964818
        0x558432964818
        0x558432964818
        0x558432964818
        0x558432964818
        0x558432964818
        0x558432964818
        0x558432964818
        0x558432964818
        0x558432964818
        0x558432964818
        0x558432964818
        0x558432964818
        0x558432964818
        0x558432964818
        0x558432964818
        0x558432964818
        0x558432964818
        0x558432964818
        0x558432964818
        0x558432964818
        0x558432964818
        0x558432964818
        0x558432964818
        0x558432964818
        0x558432964818
        0x558432964818
        0x558432964818
        0x558432964818
        0x558432964818
        0x558432964818
        0x558432964818
        0x558432964818
        0x558432964818
        0x558432964818
        0x558432964818
        0x558432964818
        0x558432964818
        0x558432964818
        0x558432964818
        0x558432964818
        0x558432964818
        0x558432964818
        0x558432964818
        0x558432964818
        0x558432964818
        0x558432964818
        0x558432964818
        0x558432964818
        0x558432964818
        0x558432964818
        0x558432964818
        0x558432964818
        0x558432964818
        0x558432964818
        0x558432964818
        0x558432964818
        0x558432964818
        0x558432964818
        0x558432964818
        0x558432964818
        0x558432964818
        0x558432964818
        0x558432964818
        0x558432964818
        0x558432964818
        0x558432964818
        0x558432964818
        0x558432964818
]: 1
@preempt_stack[
        0x7f949c9cb5ff
        0
        0
]: 1
@preempt_stack[
        0x7f953d90161e
        0x282029a02a202c0
]: 1
@preempt_stack[
        0x7f953dd3eac3
]: 1
@preempt_stack[
        0x7f953e5b2d99
]: 1
@preempt_stack[
        0x7f953d90594c
        0x481048104840481
]: 1
@preempt_stack[
        0x7f953da76792
        0x7f949c846428
        0x7f949c9e578f
        0x558431b82490
]: 1
@preempt_stack[
        0x7f953dcd30cc
        0x4a004100440042
]: 1
@preempt_stack[
        0x7f953d7ba20b
        0xd200038ffcc2228
        0x7f953d884770
        0x8d48012d942a058b
]: 1
@preempt_stack[
        0x7f953dcd7806
]: 1
@preempt_stack[
        0x7f949ca600d5
        0x67006e00450079
]: 1
@preempt_stack[
        0x40d5930d
        0x40d56ef8
        0x40d56d80
        0x40d53864
        0
        0
        0x558432736408
        0x558432736408
        0x558432736408
        0x558432736408
        0x558432736408
        0x558432736408
        0x558432736408
        0x558432736408
        0x558432736408
        0x558432736408
        0x558432736408
        0x558432736408
        0x558432736408
        0x558432736408
        0x558432736408
        0x558432736408
        0x558432736408
        0x558432736408
        0x558432736408
        0x558432736408
        0x558432736408
        0x558432736408
        0x558432736408
        0x558432736408
        0x558432736408
        0x558432736408
        0x558432736408
        0x558432736408
        0x558432736408
        0x558432736408
        0x558432736408
        0x558432736408
        0x558432736408
        0x558432736408
        0x558432736408
        0x558432736408
        0x558432736408
        0x558432736408
        0x558432736408
        0x558432736408
        0x558432736408
        0x558432736408
        0x558432736408
        0x558432736408
        0x558432736408
        0x558432736408
        0x558432736408
        0x558432736408
        0x558432736408
        0x558432736408
        0x558432736408
        0x558432736408
        0x558432736408
        0x558432736408
        0x558432736408
        0x558432736408
        0x558432736408
        0x558432736408
        0x558432736408
        0x558432736408
        0x558432736408
        0x558432736408
        0x558432736408
        0x558432736408
        0x558432736408
        0x558432736408
        0x558432736408
        0x558432736408
        0x558432736408
        0x558432736408
        0x558432736408
        0x558432736408
        0x558432736408
        0x558432736408
        0x558432736408
        0x558432736408
        0x558432736408
        0x558432736408
        0x558432736408
        0x558432736408
        0x558432736408
        0x558432736408
        0x558432736408
        0x558432736408
        0x558432736408
        0x558432736408
        0x558432736408
        0x558432736408
        0x558432736408
        0x558432736408
        0x558432736408
        0x558432736408
        0x558432736408
        0x558432736408
        0x558432736408
        0x558432736408
        0x558432736408
        0x558432736408
        0x558432736408
        0x558432736408
        0x558432736408
        0x558432736408
        0x558432736408
        0x558432736408
        0x558432736408
        0x558432736408
        0x558432736408
        0x558432736408
        0x558432736408
        0x558432736408
        0x558432736408
        0x558432736408
        0x558432736408
        0x558432736408
        0x558432736408
        0x558432736408
        0x558432736408
        0x558432736408
        0x558432736408
        0x558432736408
        0x558432736408
]: 1
@preempt_stack[
        0x7f953d7da773
        0
        0x7f94861e8be8
        0
        0
        0
        0
        0
        0
        0
        0
        0
        0
        0
        0
        0
        0
        0
        0
        0
        0
        0
        0
        0
        0
        0
        0
        0x7f9476ebfcf0
        0x7ffcbefc4500
]: 1
@preempt_stack[
        0x7f953e801c68
]: 1
@preempt_stack[
        mono_g_hash_table_lookup_extended+66
        0x120000
        0x558432fa5030
        0x558432fa5030
        0x558432fa5030
        0x558432fa5030
        0x558432fa5030
        0x558432fa5030
        0x558432fa5030
        0x558432fa5030
        0x558432fa5030
        0x558432fa5030
        0x558432fa5030
        0x558432fa5030
        0x558432fa5030
        0x558432fa5030
        0x558432fa5030
        0x558432fa5030
        0x558432fa5030
        0x558432fa5030
        0x558432fa5030
        0x558432fa5030
        0x558432fa5030
        0x558432fa5030
        0x558432fa5030
        0x558432fa5030
        0x558432fa5030
        0x558432fa5030
        0x558432fa5030
        0x558432fa5030
        0x558432fa5030
        0x558432fa5030
        0x558432fa5030
        0x558432fa5030
        0x558432fa5030
        0x558432fa5030
        0x558432fa5030
        0x558432fa5030
        0x558432fa5030
        0x558432fa5030
        0x558432fa5030
        0x558432fa5030
        0x558432fa5030
        0x558432fa5030
        0x558432fa5030
        0x558432fa5030
        0x558432fa5030
        0x558432fa5030
        0x558432fa5030
        0x558432fa5030
        0x558432fa5030
        0x558432fa5030
        0x558432fa5030
        0x558432fa5030
        0x558432fa5030
        0x558432fa5030
        0x558432fa5030
        0x558432fa5030
        0x558432fa5030
        0x558432fa5030
        0x558432fa5030
        0x558432fa5030
        0x558432fa5030
        0x558432fa5030
        0x558432fa5030
        0x558432fa5030
        0x558432fa5030
        0x558432fa5030
        0x558432fa5030
        0x558432fa5030
        0x558432fa5030
        0x558432fa5030
        0x558432fa5030
        0x558432fa5030
        0x558432fa5030
        0x558432fa5030
        0x558432fa5030
        0x558432fa5030
        0x558432fa5030
        0x558432fa5030
        0x558432fa5030
        0x558432fa5030
        0x558432fa5030
        0x558432fa5030
        0x558432fa5030
        0x558432fa5030
        0x558432fa5030
        0x558432fa5030
        0x558432fa5030
        0x558432fa5030
        0x558432fa5030
        0x558432fa5030
        0x558432fa5030
        0x558432fa5030
        0x558432fa5030
        0x558432fa5030
        0x558432fa5030
        0x558432fa5030
        0x558432fa5030
        0x558432fa5030
        0x558432fa5030
        0x558432fa5030
        0x558432fa5030
        0x558432fa5030
        0x558432fa5030
        0x558432fa5030
        0x558432fa5030
        0x558432fa5030
        0x558432fa5030
        0x558432fa5030
        0x558432fa5030
        0x558432fa5030
        0x558432fa5030
        0x558432fa5030
        0x558432fa5030
        0x558432fa5030
        0x558432fa5030
        0x558432fa5030
        0x558432fa5030
        0x558432fa5030
        0x558432fa5030
        0x558432fa5030
        0x558432fa5030
        0x558432fa5030
        0x558432fa5030
        0x558432fa5030
        0x558432fa5030
]: 1
@preempt_stack[
        __pthread_mutex_unlock+4
]: 1
@preempt_stack[
        0x7f953d907300
]: 1
@preempt_stack[
        0x7f953dd3ead8
]: 1
@preempt_stack[
        0x40b18994
        0x4076d0f6
        0x40ca8de4
        0x4076d0f6
        0x40d355f4
        0x40aeee2c
        0x40a8a7df
        0x40407e56
        0x40403d24
        0x7f949c846428
        0x7f949c9e578f
        0x558431b82490
]: 1
@preempt_stack[
        0x7f953d950ed1
]: 1
@preempt_stack[
        0x7f949c99eca2
]: 1
@preempt_stack[
        0x7f953dd3fc3f
]: 1
@preempt_stack[
        0x40bb32ea
]: 1
@preempt_stack[
        0x7f949c9e44f9
        0x120000
        0x558432013078
        0x558432013078
        0x558432013078
        0x558432013078
        0x558432013078
        0x558432013078
        0x558432013078
        0x558432013078
        0x558432013078
        0x558432013078
        0x558432013078
        0x558432013078
        0x558432013078
        0x558432013078
        0x558432013078
        0x558432013078
        0x558432013078
        0x558432013078
        0x558432013078
        0x558432013078
        0x558432013078
        0x558432013078
        0x558432013078
        0x558432013078
        0x558432013078
        0x558432013078
        0x558432013078
        0x558432013078
        0x558432013078
        0x558432013078
        0x558432013078
        0x558432013078
        0x558432013078
        0x558432013078
        0x558432013078
        0x558432013078
        0x558432013078
        0x558432013078
        0x558432013078
        0x558432013078
        0x558432013078
        0x558432013078
        0x558432013078
        0x558432013078
        0x558432013078
        0x558432013078
        0x558432013078
        0x558432013078
        0x558432013078
        0x558432013078
        0x558432013078
        0x558432013078
        0x558432013078
        0x558432013078
        0x558432013078
        0x558432013078
        0x558432013078
        0x558432013078
        0x558432013078
        0x558432013078
        0x558432013078
        0x558432013078
        0x558432013078
        0x558432013078
        0x558432013078
        0x558432013078
        0x558432013078
        0x558432013078
        0x558432013078
        0x558432013078
        0x558432013078
        0x558432013078
        0x558432013078
        0x558432013078
        0x558432013078
        0x558432013078
        0x558432013078
        0x558432013078
        0x558432013078
        0x558432013078
        0x558432013078
        0x558432013078
        0x558432013078
        0x558432013078
        0x558432013078
        0x558432013078
        0x558432013078
        0x558432013078
        0x558432013078
        0x558432013078
        0x558432013078
        0x558432013078
        0x558432013078
        0x558432013078
        0x558432013078
        0x558432013078
        0x558432013078
        0x558432013078
        0x558432013078
        0x558432013078
        0x558432013078
        0x558432013078
        0x558432013078
        0x558432013078
        0x558432013078
        0x558432013078
        0x558432013078
        0x558432013078
        0x558432013078
        0x558432013078
        0x558432013078
        0x558432013078
        0x558432013078
        0x558432013078
        0x558432013078
        0x558432013078
        0x558432013078
        0x558432013078
        0x558432013078
        0x558432013078
        0x558432013078
        0x558432013078
        0x558432013078
        0x558432013078
        0x558432013078
]: 1
@preempt_stack[
        0x7f953dd0eb41
]: 1
@preempt_stack[
        mono_g_hash_table_lookup_extended+66
        0x120000
        0x558431b6d508
        0x558431b6d508
        0x558431b6d508
        0x558431b6d508
        0x558431b6d508
        0x558431b6d508
        0x558431b6d508
        0x558431b6d508
        0x558431b6d508
        0x558431b6d508
        0x558431b6d508
        0x558431b6d508
        0x558431b6d508
        0x558431b6d508
        0x558431b6d508
        0x558431b6d508
        0x558431b6d508
        0x558431b6d508
        0x558431b6d508
        0x558431b6d508
        0x558431b6d508
        0x558431b6d508
        0x558431b6d508
        0x558431b6d508
        0x558431b6d508
        0x558431b6d508
        0x558431b6d508
        0x558431b6d508
        0x558431b6d508
        0x558431b6d508
        0x558431b6d508
        0x558431b6d508
        0x558431b6d508
        0x558431b6d508
        0x558431b6d508
        0x558431b6d508
        0x558431b6d508
        0x558431b6d508
        0x558431b6d508
        0x558431b6d508
        0x558431b6d508
        0x558431b6d508
        0x558431b6d508
        0x558431b6d508
        0x558431b6d508
        0x558431b6d508
        0x558431b6d508
        0x558431b6d508
        0x558431b6d508
        0x558431b6d508
        0x558431b6d508
        0x558431b6d508
        0x558431b6d508
        0x558431b6d508
        0x558431b6d508
        0x558431b6d508
        0x558431b6d508
        0x558431b6d508
        0x558431b6d508
        0x558431b6d508
        0x558431b6d508
        0x558431b6d508
        0x558431b6d508
        0x558431b6d508
        0x558431b6d508
        0x558431b6d508
        0x558431b6d508
        0x558431b6d508
        0x558431b6d508
        0x558431b6d508
        0x558431b6d508
        0x558431b6d508
        0x558431b6d508
        0x558431b6d508
        0x558431b6d508
        0x558431b6d508
        0x558431b6d508
        0x558431b6d508
        0x558431b6d508
        0x558431b6d508
        0x558431b6d508
        0x558431b6d508
        0x558431b6d508
        0x558431b6d508
        0x558431b6d508
        0x558431b6d508
        0x558431b6d508
        0x558431b6d508
        0x558431b6d508
        0x558431b6d508
        0x558431b6d508
        0x558431b6d508
        0x558431b6d508
        0x558431b6d508
        0x558431b6d508
        0x558431b6d508
        0x558431b6d508
        0x558431b6d508
        0x558431b6d508
        0x558431b6d508
        0x558431b6d508
        0x558431b6d508
        0x558431b6d508
        0x558431b6d508
        0x558431b6d508
        0x558431b6d508
        0x558431b6d508
        0x558431b6d508
        0x558431b6d508
        0x558431b6d508
        0x558431b6d508
        0x558431b6d508
        0x558431b6d508
        0x558431b6d508
        0x558431b6d508
        0x558431b6d508
        0x558431b6d508
        0x558431b6d508
        0x558431b6d508
        0x558431b6d508
        0x558431b6d508
        0x558431b6d508
        0x558431b6d508
        0x558431b6d508
        0x558431b6d508
]: 1
@preempt_stack[
        0x7f953dcd6fa9
        0x3f80000000000080
]: 1
@preempt_stack[
        0x40d58de8
        0x40d56ef8
        0x40d56d80
        0x40d53864
        0
        0
        0x558432736408
        0x558432736408
        0x558432736408
        0x558432736408
        0x558432736408
        0x558432736408
        0x558432736408
        0x558432736408
        0x558432736408
        0x558432736408
        0x558432736408
        0x558432736408
        0x558432736408
        0x558432736408
        0x558432736408
        0x558432736408
        0x558432736408
        0x558432736408
        0x558432736408
        0x558432736408
        0x558432736408
        0x558432736408
        0x558432736408
        0x558432736408
        0x558432736408
        0x558432736408
        0x558432736408
        0x558432736408
        0x558432736408
        0x558432736408
        0x558432736408
        0x558432736408
        0x558432736408
        0x558432736408
        0x558432736408
        0x558432736408
        0x558432736408
        0x558432736408
        0x558432736408
        0x558432736408
        0x558432736408
        0x558432736408
        0x558432736408
        0x558432736408
        0x558432736408
        0x558432736408
        0x558432736408
        0x558432736408
        0x558432736408
        0x558432736408
        0x558432736408
        0x558432736408
        0x558432736408
        0x558432736408
        0x558432736408
        0x558432736408
        0x558432736408
        0x558432736408
        0x558432736408
        0x558432736408
        0x558432736408
        0x558432736408
        0x558432736408
        0x558432736408
        0x558432736408
        0x558432736408
        0x558432736408
        0x558432736408
        0x558432736408
        0x558432736408
        0x558432736408
        0x558432736408
        0x558432736408
        0x558432736408
        0x558432736408
        0x558432736408
        0x558432736408
        0x558432736408
        0x558432736408
        0x558432736408
        0x558432736408
        0x558432736408
        0x558432736408
        0x558432736408
        0x558432736408
        0x558432736408
        0x558432736408
        0x558432736408
        0x558432736408
        0x558432736408
        0x558432736408
        0x558432736408
        0x558432736408
        0x558432736408
        0x558432736408
        0x558432736408
        0x558432736408
        0x558432736408
        0x558432736408
        0x558432736408
        0x558432736408
        0x558432736408
        0x558432736408
        0x558432736408
        0x558432736408
        0x558432736408
        0x558432736408
        0x558432736408
        0x558432736408
        0x558432736408
        0x558432736408
        0x558432736408
        0x558432736408
        0x558432736408
        0x558432736408
        0x558432736408
        0x558432736408
        0x558432736408
        0x558432736408
        0x558432736408
        0x558432736408
]: 1
@preempt_stack[
        0x7f953dd2c878
        0x7f9500010000
        0x7f9503ea8930
        0x58
]: 1
@preempt_stack[
        0x7f953e929cf9
]: 1
@preempt_stack[
        0x7f953dd46e2e
]: 1
@preempt_stack[
        0x40d5dc3b
        0x40d5befe
        0x40d597cc
        0x40d56ef8
        0x40d56d80
        0x40d53864
        0
        0
        0x558432736408
        0x558432736408
        0x558432736408
        0x558432736408
        0x558432736408
        0x558432736408
        0x558432736408
        0x558432736408
        0x558432736408
        0x558432736408
        0x558432736408
        0x558432736408
        0x558432736408
        0x558432736408
        0x558432736408
        0x558432736408
        0x558432736408
        0x558432736408
        0x558432736408
        0x558432736408
        0x558432736408
        0x558432736408
        0x558432736408
        0x558432736408
        0x558432736408
        0x558432736408
        0x558432736408
        0x558432736408
        0x558432736408
        0x558432736408
        0x558432736408
        0x558432736408
        0x558432736408
        0x558432736408
        0x558432736408
        0x558432736408
        0x558432736408
        0x558432736408
        0x558432736408
        0x558432736408
        0x558432736408
        0x558432736408
        0x558432736408
        0x558432736408
        0x558432736408
        0x558432736408
        0x558432736408
        0x558432736408
        0x558432736408
        0x558432736408
        0x558432736408
        0x558432736408
        0x558432736408
        0x558432736408
        0x558432736408
        0x558432736408
        0x558432736408
        0x558432736408
        0x558432736408
        0x558432736408
        0x558432736408
        0x558432736408
        0x558432736408
        0x558432736408
        0x558432736408
        0x558432736408
        0x558432736408
        0x558432736408
        0x558432736408
        0x558432736408
        0x558432736408
        0x558432736408
        0x558432736408
        0x558432736408
        0x558432736408
        0x558432736408
        0x558432736408
        0x558432736408
        0x558432736408
        0x558432736408
        0x558432736408
        0x558432736408
        0x558432736408
        0x558432736408
        0x558432736408
        0x558432736408
        0x558432736408
        0x558432736408
        0x558432736408
        0x558432736408
        0x558432736408
        0x558432736408
        0x558432736408
        0x558432736408
        0x558432736408
        0x558432736408
        0x558432736408
        0x558432736408
        0x558432736408
        0x558432736408
        0x558432736408
        0x558432736408
        0x558432736408
        0x558432736408
        0x558432736408
        0x558432736408
        0x558432736408
        0x558432736408
        0x558432736408
        0x558432736408
        0x558432736408
        0x558432736408
        0x558432736408
        0x558432736408
        0x558432736408
        0x558432736408
        0x558432736408
        0x558432736408
        0x558432736408
]: 1
@preempt_stack[
        0x4044272e
        0
]: 1
@preempt_stack[
        0x40a8b187
        0x40a8a7df
        0x40407e56
        0x40403d24
        0x7f949c846428
        0x7f949c9e578f
        0x558431b82490
]: 1
@preempt_stack[
        0x7f953dd1a601
        0x7f950000088c
        0
]: 1
@preempt_stack[
        GC_gcj_malloc+99
        0x40eb0aa8
        0x40eb0714
        0x40d26f44
        0x7f93fc0837cb
        0x7f93fc083a7b
        0x401c67a6
        0x7f949c846428
        0x7f949c9e578f
        0x558431b82490
]: 1
@preempt_stack[
        0x404756d7
        0x40a8a76e
        0x40407e56
        0x40403d24
        0x7f949c846428
        0x7f949c9e578f
        0x558431b82490
]: 1
@preempt_stack[
        0x7f953d907604
        0
]: 1
@preempt_stack[
        0x7f949c9cb619
]: 1
@preempt_stack[
        0x7f953dcbece3
]: 1
@preempt_stack[
        0x7f953d9075bb
        0x3231207265
]: 1
@preempt_stack[
        0x40d5bcb3
        0x40d5922c
        0x40d56ef8
        0x40d56d80
        0x40d53864
        0
        0
        0x558432736408
        0x558432736408
        0x558432736408
        0x558432736408
        0x558432736408
        0x558432736408
        0x558432736408
        0x558432736408
        0x558432736408
        0x558432736408
        0x558432736408
        0x558432736408
        0x558432736408
        0x558432736408
        0x558432736408
        0x558432736408
        0x558432736408
        0x558432736408
        0x558432736408
        0x558432736408
        0x558432736408
        0x558432736408
        0x558432736408
        0x558432736408
        0x558432736408
        0x558432736408
        0x558432736408
        0x558432736408
        0x558432736408
        0x558432736408
        0x558432736408
        0x558432736408
        0x558432736408
        0x558432736408
        0x558432736408
        0x558432736408
        0x558432736408
        0x558432736408
        0x558432736408
        0x558432736408
        0x558432736408
        0x558432736408
        0x558432736408
        0x558432736408
        0x558432736408
        0x558432736408
        0x558432736408
        0x558432736408
        0x558432736408
        0x558432736408
        0x558432736408
        0x558432736408
        0x558432736408
        0x558432736408
        0x558432736408
        0x558432736408
        0x558432736408
        0x558432736408
        0x558432736408
        0x558432736408
        0x558432736408
        0x558432736408
        0x558432736408
        0x558432736408
        0x558432736408
        0x558432736408
        0x558432736408
        0x558432736408
        0x558432736408
        0x558432736408
        0x558432736408
        0x558432736408
        0x558432736408
        0x558432736408
        0x558432736408
        0x558432736408
        0x558432736408
        0x558432736408
        0x558432736408
        0x558432736408
        0x558432736408
        0x558432736408
        0x558432736408
        0x558432736408
        0x558432736408
        0x558432736408
        0x558432736408
        0x558432736408
        0x558432736408
        0x558432736408
        0x558432736408
        0x558432736408
        0x558432736408
        0x558432736408
        0x558432736408
        0x558432736408
        0x558432736408
        0x558432736408
        0x558432736408
        0x558432736408
        0x558432736408
        0x558432736408
        0x558432736408
        0x558432736408
        0x558432736408
        0x558432736408
        0x558432736408
        0x558432736408
        0x558432736408
        0x558432736408
        0x558432736408
        0x558432736408
        0x558432736408
        0x558432736408
        0x558432736408
        0x558432736408
        0x558432736408
        0x558432736408
        0x558432736408
        0x558432736408
]: 1
@preempt_stack[
        0x40d5bd96
        0x40d58cf8
        0x40d56ef8
        0x40d56d80
        0x40d53864
        0
        0
        0x558432736408
        0x558432736408
        0x558432736408
        0x558432736408
        0x558432736408
        0x558432736408
        0x558432736408
        0x558432736408
        0x558432736408
        0x558432736408
        0x558432736408
        0x558432736408
        0x558432736408
        0x558432736408
        0x558432736408
        0x558432736408
        0x558432736408
        0x558432736408
        0x558432736408
        0x558432736408
        0x558432736408
        0x558432736408
        0x558432736408
        0x558432736408
        0x558432736408
        0x558432736408
        0x558432736408
        0x558432736408
        0x558432736408
        0x558432736408
        0x558432736408
        0x558432736408
        0x558432736408
        0x558432736408
        0x558432736408
        0x558432736408
        0x558432736408
        0x558432736408
        0x558432736408
        0x558432736408
        0x558432736408
        0x558432736408
        0x558432736408
        0x558432736408
        0x558432736408
        0x558432736408
        0x558432736408
        0x558432736408
        0x558432736408
        0x558432736408
        0x558432736408
        0x558432736408
        0x558432736408
        0x558432736408
        0x558432736408
        0x558432736408
        0x558432736408
        0x558432736408
        0x558432736408
        0x558432736408
        0x558432736408
        0x558432736408
        0x558432736408
        0x558432736408
        0x558432736408
        0x558432736408
        0x558432736408
        0x558432736408
        0x558432736408
        0x558432736408
        0x558432736408
        0x558432736408
        0x558432736408
        0x558432736408
        0x558432736408
        0x558432736408
        0x558432736408
        0x558432736408
        0x558432736408
        0x558432736408
        0x558432736408
        0x558432736408
        0x558432736408
        0x558432736408
        0x558432736408
        0x558432736408
        0x558432736408
        0x558432736408
        0x558432736408
        0x558432736408
        0x558432736408
        0x558432736408
        0x558432736408
        0x558432736408
        0x558432736408
        0x558432736408
        0x558432736408
        0x558432736408
        0x558432736408
        0x558432736408
        0x558432736408
        0x558432736408
        0x558432736408
        0x558432736408
        0x558432736408
        0x558432736408
        0x558432736408
        0x558432736408
        0x558432736408
        0x558432736408
        0x558432736408
        0x558432736408
        0x558432736408
        0x558432736408
        0x558432736408
        0x558432736408
        0x558432736408
        0x558432736408
        0x558432736408
        0x558432736408
]: 1
@preempt_stack[
        0x7f953dcb97d3
        0xa84311ec3bff
]: 1
@preempt_stack[
        0x7f953d907678
        0x7f950075b240
]: 1
@preempt_stack[
        0x7f949c98ac5c
        0
        0x1000000000000001
        0x558432ab54e0
        0x558432ab54e0
        0x558432ab54e0
        0x558432ab54e0
        0x558432ab54e0
        0x558432ab54e0
        0x558432ab54e0
        0x558432ab54e0
        0x558432ab54e0
        0x558432ab54e0
        0x558432ab54e0
        0x558432ab54e0
        0x558432ab54e0
        0x558432ab54e0
        0x558432ab54e0
        0x558432ab54e0
        0x558432ab54e0
        0x558432ab54e0
        0x558432ab54e0
        0x558432ab54e0
        0x558432ab54e0
        0x558432ab54e0
        0x558432ab54e0
        0x558432ab54e0
        0x558432ab54e0
        0x558432ab54e0
        0x558432ab54e0
        0x558432ab54e0
        0x558432ab54e0
        0x558432ab54e0
        0x558432ab54e0
        0x558432ab54e0
        0x558432ab54e0
        0x558432ab54e0
        0x558432ab54e0
        0x558432ab54e0
        0x558432ab54e0
        0x558432ab54e0
        0x558432ab54e0
        0x558432ab54e0
        0x558432ab54e0
        0x558432ab54e0
        0x558432ab54e0
        0x558432ab54e0
        0x558432ab54e0
        0x558432ab54e0
        0x558432ab54e0
        0x558432ab54e0
        0x558432ab54e0
        0x558432ab54e0
        0x558432ab54e0
        0x558432ab54e0
        0x558432ab54e0
        0x558432ab54e0
        0x558432ab54e0
        0x558432ab54e0
        0x558432ab54e0
        0x558432ab54e0
        0x558432ab54e0
        0x558432ab54e0
        0x558432ab54e0
        0x558432ab54e0
        0x558432ab54e0
        0x558432ab54e0
        0x558432ab54e0
        0x558432ab54e0
        0x558432ab54e0
        0x558432ab54e0
        0x558432ab54e0
        0x558432ab54e0
        0x558432ab54e0
        0x558432ab54e0
        0x558432ab54e0
        0x558432ab54e0
        0x558432ab54e0
        0x558432ab54e0
        0x558432ab54e0
        0x558432ab54e0
        0x558432ab54e0
        0x558432ab54e0
        0x558432ab54e0
        0x558432ab54e0
        0x558432ab54e0
        0x558432ab54e0
        0x558432ab54e0
        0x558432ab54e0
        0x558432ab54e0
        0x558432ab54e0
        0x558432ab54e0
        0x558432ab54e0
        0x558432ab54e0
        0x558432ab54e0
        0x558432ab54e0
        0x558432ab54e0
        0x558432ab54e0
        0x558432ab54e0
        0x558432ab54e0
        0x558432ab54e0
        0x558432ab54e0
        0x558432ab54e0
        0x558432ab54e0
        0x558432ab54e0
        0x558432ab54e0
        0x558432ab54e0
        0x558432ab54e0
        0x558432ab54e0
        0x558432ab54e0
        0x558432ab54e0
        0x558432ab54e0
        0x558432ab54e0
        0x558432ab54e0
        0x558432ab54e0
        0x558432ab54e0
        0x558432ab54e0
        0x558432ab54e0
        0x558432ab54e0
        0x558432ab54e0
        0x558432ab54e0
        0x558432ab54e0
        0x558432ab54e0
        0x558432ab54e0
        0x558432ab54e0
        0x558432ab54e0
        0x558432ab54e0
]: 1
@preempt_stack[
        0x7f949c9cb5ff
        0
        0
        0x558434c6b070
]: 1
@preempt_stack[
        0x7f953dd1a614
        0x7f9500000ab8
        0
]: 1
@preempt_stack[
        0x40caefa6
        0x40ce0114
]: 1
@preempt_stack[
        0x7f953da51fb0
]: 1
@preempt_stack[
        0x40d9cadd
        0x40d57d0c
        0x40d56d80
        0x40d53864
        0
        0
        0x558432736408
        0x558432736408
        0x558432736408
        0x558432736408
        0x558432736408
        0x558432736408
        0x558432736408
        0x558432736408
        0x558432736408
        0x558432736408
        0x558432736408
        0x558432736408
        0x558432736408
        0x558432736408
        0x558432736408
        0x558432736408
        0x558432736408
        0x558432736408
        0x558432736408
        0x558432736408
        0x558432736408
        0x558432736408
        0x558432736408
        0x558432736408
        0x558432736408
        0x558432736408
        0x558432736408
        0x558432736408
        0x558432736408
        0x558432736408
        0x558432736408
        0x558432736408
        0x558432736408
        0x558432736408
        0x558432736408
        0x558432736408
        0x558432736408
        0x558432736408
        0x558432736408
        0x558432736408
        0x558432736408
        0x558432736408
        0x558432736408
        0x558432736408
        0x558432736408
        0x558432736408
        0x558432736408
        0x558432736408
        0x558432736408
        0x558432736408
        0x558432736408
        0x558432736408
        0x558432736408
        0x558432736408
        0x558432736408
        0x558432736408
        0x558432736408
        0x558432736408
        0x558432736408
        0x558432736408
        0x558432736408
        0x558432736408
        0x558432736408
        0x558432736408
        0x558432736408
        0x558432736408
        0x558432736408
        0x558432736408
        0x558432736408
        0x558432736408
        0x558432736408
        0x558432736408
        0x558432736408
        0x558432736408
        0x558432736408
        0x558432736408
        0x558432736408
        0x558432736408
        0x558432736408
        0x558432736408
        0x558432736408
        0x558432736408
        0x558432736408
        0x558432736408
        0x558432736408
        0x558432736408
        0x558432736408
        0x558432736408
        0x558432736408
        0x558432736408
        0x558432736408
        0x558432736408
        0x558432736408
        0x558432736408
        0x558432736408
        0x558432736408
        0x558432736408
        0x558432736408
        0x558432736408
        0x558432736408
        0x558432736408
        0x558432736408
        0x558432736408
        0x558432736408
        0x558432736408
        0x558432736408
        0x558432736408
        0x558432736408
        0x558432736408
        0x558432736408
        0x558432736408
        0x558432736408
        0x558432736408
        0x558432736408
        0x558432736408
        0x558432736408
        0x558432736408
        0x558432736408
        0x558432736408
        0x558432736408
        0x558432736408
]: 1
@preempt_stack[
        0x40cd12d3
]: 1
@preempt_stack[
        0x7f953d6cbf0d
        0
        0
]: 1
@preempt_stack[
        0x7f9333a4d978
]: 1
@preempt_stack[
        0x40c25a50
        0x40407e17
        0x40403d24
        0x7f949c846428
        0x7f949c9e578f
        0x558431b82490
]: 1
@preempt_stack[
        pthread_mutex_trylock+926
]: 1
@preempt_stack[
        0x7f953dd20397
        0x10000
        0x7f94603507a0
        0x58
]: 1
@preempt_stack[
        0x7f953dba8d29
]: 1
@preempt_stack[
        0x7f949c9ace91
        0
]: 1
@preempt_stack[
        0x7f953dcd7ad1
        0x6cf06c606c406c2
]: 1
@preempt_stack[
        0x40d5bcb3
        0x40d58cf8
        0x40d56ef8
        0x40d56d80
        0x40d53864
        0
        0
        0x558432736408
        0x558432736408
        0x558432736408
        0x558432736408
        0x558432736408
        0x558432736408
        0x558432736408
        0x558432736408
        0x558432736408
        0x558432736408
        0x558432736408
        0x558432736408
        0x558432736408
        0x558432736408
        0x558432736408
        0x558432736408
        0x558432736408
        0x558432736408
        0x558432736408
        0x558432736408
        0x558432736408
        0x558432736408
        0x558432736408
        0x558432736408
        0x558432736408
        0x558432736408
        0x558432736408
        0x558432736408
        0x558432736408
        0x558432736408
        0x558432736408
        0x558432736408
        0x558432736408
        0x558432736408
        0x558432736408
        0x558432736408
        0x558432736408
        0x558432736408
        0x558432736408
        0x558432736408
        0x558432736408
        0x558432736408
        0x558432736408
        0x558432736408
        0x558432736408
        0x558432736408
        0x558432736408
        0x558432736408
        0x558432736408
        0x558432736408
        0x558432736408
        0x558432736408
        0x558432736408
        0x558432736408
        0x558432736408
        0x558432736408
        0x558432736408
        0x558432736408
        0x558432736408
        0x558432736408
        0x558432736408
        0x558432736408
        0x558432736408
        0x558432736408
        0x558432736408
        0x558432736408
        0x558432736408
        0x558432736408
        0x558432736408
        0x558432736408
        0x558432736408
        0x558432736408
        0x558432736408
        0x558432736408
        0x558432736408
        0x558432736408
        0x558432736408
        0x558432736408
        0x558432736408
        0x558432736408
        0x558432736408
        0x558432736408
        0x558432736408
        0x558432736408
        0x558432736408
        0x558432736408
        0x558432736408
        0x558432736408
        0x558432736408
        0x558432736408
        0x558432736408
        0x558432736408
        0x558432736408
        0x558432736408
        0x558432736408
        0x558432736408
        0x558432736408
        0x558432736408
        0x558432736408
        0x558432736408
        0x558432736408
        0x558432736408
        0x558432736408
        0x558432736408
        0x558432736408
        0x558432736408
        0x558432736408
        0x558432736408
        0x558432736408
        0x558432736408
        0x558432736408
        0x558432736408
        0x558432736408
        0x558432736408
        0x558432736408
        0x558432736408
        0x558432736408
        0x558432736408
        0x558432736408
        0x558432736408
]: 1
@preempt_stack[
        0x7f953d9076a5
        0x7f95006fa040
        0xe030e020e010dc2
]: 1
@preempt_stack[
        0x7f949c9dcfa3
        0x120000
        0x558434eed5a8
        0x558434eed5a8
        0x558434eed5a8
        0x558434eed5a8
        0x558434eed5a8
        0x558434eed5a8
        0x558434eed5a8
        0x558434eed5a8
        0x558434eed5a8
        0x558434eed5a8
        0x558434eed5a8
        0x558434eed5a8
        0x558434eed5a8
        0x558434eed5a8
        0x558434eed5a8
        0x558434eed5a8
        0x558434eed5a8
        0x558434eed5a8
        0x558434eed5a8
        0x558434eed5a8
        0x558434eed5a8
        0x558434eed5a8
        0x558434eed5a8
        0x558434eed5a8
        0x558434eed5a8
        0x558434eed5a8
        0x558434eed5a8
        0x558434eed5a8
        0x558434eed5a8
        0x558434eed5a8
        0x558434eed5a8
        0x558434eed5a8
        0x558434eed5a8
        0x558434eed5a8
        0x558434eed5a8
        0x558434eed5a8
        0x558434eed5a8
        0x558434eed5a8
        0x558434eed5a8
        0x558434eed5a8
        0x558434eed5a8
        0x558434eed5a8
        0x558434eed5a8
        0x558434eed5a8
        0x558434eed5a8
        0x558434eed5a8
        0x558434eed5a8
        0x558434eed5a8
        0x558434eed5a8
        0x558434eed5a8
        0x558434eed5a8
        0x558434eed5a8
        0x558434eed5a8
        0x558434eed5a8
        0x558434eed5a8
        0x558434eed5a8
        0x558434eed5a8
        0x558434eed5a8
        0x558434eed5a8
        0x558434eed5a8
        0x558434eed5a8
        0x558434eed5a8
        0x558434eed5a8
        0x558434eed5a8
        0x558434eed5a8
        0x558434eed5a8
        0x558434eed5a8
        0x558434eed5a8
        0x558434eed5a8
        0x558434eed5a8
        0x558434eed5a8
        0x558434eed5a8
        0x558434eed5a8
        0x558434eed5a8
        0x558434eed5a8
        0x558434eed5a8
        0x558434eed5a8
        0x558434eed5a8
        0x558434eed5a8
        0x558434eed5a8
        0x558434eed5a8
        0x558434eed5a8
        0x558434eed5a8
        0x558434eed5a8
        0x558434eed5a8
        0x558434eed5a8
        0x558434eed5a8
        0x558434eed5a8
        0x558434eed5a8
        0x558434eed5a8
        0x558434eed5a8
        0x558434eed5a8
        0x558434eed5a8
        0x558434eed5a8
        0x558434eed5a8
        0x558434eed5a8
        0x558434eed5a8
        0x558434eed5a8
        0x558434eed5a8
        0x558434eed5a8
        0x558434eed5a8
        0x558434eed5a8
        0x558434eed5a8
        0x558434eed5a8
        0x558434eed5a8
        0x558434eed5a8
        0x558434eed5a8
        0x558434eed5a8
        0x558434eed5a8
        0x558434eed5a8
        0x558434eed5a8
        0x558434eed5a8
        0x558434eed5a8
        0x558434eed5a8
        0x558434eed5a8
        0x558434eed5a8
        0x558434eed5a8
        0x558434eed5a8
        0x558434eed5a8
        0x558434eed5a8
        0x558434eed5a8
        0x558434eed5a8
        0x558434eed5a8
        0x558434eed5a8
        0x558434eed5a8
]: 1
@preempt_stack[
        0x7f949c9cb5b8
        0
        0
        0x558434e23910
]: 1
@preempt_stack[
        0x7f953cbb88c7
        GC_clear_stack_inner+68
        GC_clear_stack_inner+68
        GC_clear_stack_inner+68
        GC_clear_stack_inner+68
        GC_clear_stack+66
        0x7f949ca3f894
]: 1
@preempt_stack[
        0x4019b2dd
        0x80
        0x120000000a
]: 1
@preempt_stack[
        mono_metadata_type_hash+80
        0x120000
        0x558432e55740
        0x558432e55740
        0x558432e55740
        0x558432e55740
        0x558432e55740
        0x558432e55740
        0x558432e55740
        0x558432e55740
        0x558432e55740
        0x558432e55740
        0x558432e55740
        0x558432e55740
        0x558432e55740
        0x558432e55740
        0x558432e55740
        0x558432e55740
        0x558432e55740
        0x558432e55740
        0x558432e55740
        0x558432e55740
        0x558432e55740
        0x558432e55740
        0x558432e55740
        0x558432e55740
        0x558432e55740
        0x558432e55740
        0x558432e55740
        0x558432e55740
        0x558432e55740
        0x558432e55740
        0x558432e55740
        0x558432e55740
        0x558432e55740
        0x558432e55740
        0x558432e55740
        0x558432e55740
        0x558432e55740
        0x558432e55740
        0x558432e55740
        0x558432e55740
        0x558432e55740
        0x558432e55740
        0x558432e55740
        0x558432e55740
        0x558432e55740
        0x558432e55740
        0x558432e55740
        0x558432e55740
        0x558432e55740
        0x558432e55740
        0x558432e55740
        0x558432e55740
        0x558432e55740
        0x558432e55740
        0x558432e55740
        0x558432e55740
        0x558432e55740
        0x558432e55740
        0x558432e55740
        0x558432e55740
        0x558432e55740
        0x558432e55740
        0x558432e55740
        0x558432e55740
        0x558432e55740
        0x558432e55740
        0x558432e55740
        0x558432e55740
        0x558432e55740
        0x558432e55740
        0x558432e55740
        0x558432e55740
        0x558432e55740
        0x558432e55740
        0x558432e55740
        0x558432e55740
        0x558432e55740
        0x558432e55740
        0x558432e55740
        0x558432e55740
        0x558432e55740
        0x558432e55740
        0x558432e55740
        0x558432e55740
        0x558432e55740
        0x558432e55740
        0x558432e55740
        0x558432e55740
        0x558432e55740
        0x558432e55740
        0x558432e55740
        0x558432e55740
        0x558432e55740
        0x558432e55740
        0x558432e55740
        0x558432e55740
        0x558432e55740
        0x558432e55740
        0x558432e55740
        0x558432e55740
        0x558432e55740
        0x558432e55740
        0x558432e55740
        0x558432e55740
        0x558432e55740
        0x558432e55740
        0x558432e55740
        0x558432e55740
        0x558432e55740
        0x558432e55740
        0x558432e55740
        0x558432e55740
        0x558432e55740
        0x558432e55740
        0x558432e55740
        0x558432e55740
        0x558432e55740
        0x558432e55740
        0x558432e55740
        0x558432e55740
        0x558432e55740
        0x558432e55740
        0x558432e55740
        0x558432e55740
        0x558432e55740
]: 1
@preempt_stack[
        __pthread_mutex_lock+290
]: 1
@preempt_stack[
        GC_malloc_kind_global+42
]: 1
@preempt_stack[
        0x40eaddd8
        0x40eac640
        0x40ea95d9
        0x40ca69ba
        0x40407e56
        0x40403d24
        0x7f949c846428
        0x7f949c9e578f
        0x558431b82490
]: 1
@preempt_stack[
        0x7f949c9dcfa3
        0x110000
        0x558434ba05d8
        0x558434ba05d8
        0x558434ba05d8
        0x558434ba05d8
        0x558434ba05d8
        0x558434ba05d8
        0x558434ba05d8
        0x558434ba05d8
        0x558434ba05d8
        0x558434ba05d8
        0x558434ba05d8
        0x558434ba05d8
        0x558434ba05d8
        0x558434ba05d8
        0x558434ba05d8
        0x558434ba05d8
        0x558434ba05d8
        0x558434ba05d8
        0x558434ba05d8
        0x558434ba05d8
        0x558434ba05d8
        0x558434ba05d8
        0x558434ba05d8
        0x558434ba05d8
        0x558434ba05d8
        0x558434ba05d8
        0x558434ba05d8
        0x558434ba05d8
        0x558434ba05d8
        0x558434ba05d8
        0x558434ba05d8
        0x558434ba05d8
        0x558434ba05d8
        0x558434ba05d8
        0x558434ba05d8
        0x558434ba05d8
        0x558434ba05d8
        0x558434ba05d8
        0x558434ba05d8
        0x558434ba05d8
        0x558434ba05d8
        0x558434ba05d8
        0x558434ba05d8
        0x558434ba05d8
        0x558434ba05d8
        0x558434ba05d8
        0x558434ba05d8
        0x558434ba05d8
        0x558434ba05d8
        0x558434ba05d8
        0x558434ba05d8
        0x558434ba05d8
        0x558434ba05d8
        0x558434ba05d8
        0x558434ba05d8
        0x558434ba05d8
        0x558434ba05d8
        0x558434ba05d8
        0x558434ba05d8
        0x558434ba05d8
        0x558434ba05d8
        0x558434ba05d8
        0x558434ba05d8
        0x558434ba05d8
        0x558434ba05d8
        0x558434ba05d8
        0x558434ba05d8
        0x558434ba05d8
        0x558434ba05d8
        0x558434ba05d8
        0x558434ba05d8
        0x558434ba05d8
        0x558434ba05d8
        0x558434ba05d8
        0x558434ba05d8
        0x558434ba05d8
        0x558434ba05d8
        0x558434ba05d8
        0x558434ba05d8
        0x558434ba05d8
        0x558434ba05d8
        0x558434ba05d8
        0x558434ba05d8
        0x558434ba05d8
        0x558434ba05d8
        0x558434ba05d8
        0x558434ba05d8
        0x558434ba05d8
        0x558434ba05d8
        0x558434ba05d8
        0x558434ba05d8
        0x558434ba05d8
        0x558434ba05d8
        0x558434ba05d8
        0x558434ba05d8
        0x558434ba05d8
        0x558434ba05d8
        0x558434ba05d8
        0x558434ba05d8
        0x558434ba05d8
        0x558434ba05d8
        0x558434ba05d8
        0x558434ba05d8
        0x558434ba05d8
        0x558434ba05d8
        0x558434ba05d8
        0x558434ba05d8
        0x558434ba05d8
        0x558434ba05d8
        0x558434ba05d8
        0x558434ba05d8
        0x558434ba05d8
        0x558434ba05d8
        0x558434ba05d8
        0x558434ba05d8
        0x558434ba05d8
        0x558434ba05d8
        0x558434ba05d8
        0x558434ba05d8
        0x558434ba05d8
        0x558434ba05d8
        0x558434ba05d8
        0x558434ba05d8
        0x558434ba05d8
        0x558434ba05d8
]: 1
@preempt_stack[
        0x7f953e4a6a06
]: 1
@preempt_stack[
        0x40d85561
        0x40d8297c
        0x40d57d0c
        0x40d56d80
        0x40d53864
        0
        0
        0x558432736408
        0x558432736408
        0x558432736408
        0x558432736408
        0x558432736408
        0x558432736408
        0x558432736408
        0x558432736408
        0x558432736408
        0x558432736408
        0x558432736408
        0x558432736408
        0x558432736408
        0x558432736408
        0x558432736408
        0x558432736408
        0x558432736408
        0x558432736408
        0x558432736408
        0x558432736408
        0x558432736408
        0x558432736408
        0x558432736408
        0x558432736408
        0x558432736408
        0x558432736408
        0x558432736408
        0x558432736408
        0x558432736408
        0x558432736408
        0x558432736408
        0x558432736408
        0x558432736408
        0x558432736408
        0x558432736408
        0x558432736408
        0x558432736408
        0x558432736408
        0x558432736408
        0x558432736408
        0x558432736408
        0x558432736408
        0x558432736408
        0x558432736408
        0x558432736408
        0x558432736408
        0x558432736408
        0x558432736408
        0x558432736408
        0x558432736408
        0x558432736408
        0x558432736408
        0x558432736408
        0x558432736408
        0x558432736408
        0x558432736408
        0x558432736408
        0x558432736408
        0x558432736408
        0x558432736408
        0x558432736408
        0x558432736408
        0x558432736408
        0x558432736408
        0x558432736408
        0x558432736408
        0x558432736408
        0x558432736408
        0x558432736408
        0x558432736408
        0x558432736408
        0x558432736408
        0x558432736408
        0x558432736408
        0x558432736408
        0x558432736408
        0x558432736408
        0x558432736408
        0x558432736408
        0x558432736408
        0x558432736408
        0x558432736408
        0x558432736408
        0x558432736408
        0x558432736408
        0x558432736408
        0x558432736408
        0x558432736408
        0x558432736408
        0x558432736408
        0x558432736408
        0x558432736408
        0x558432736408
        0x558432736408
        0x558432736408
        0x558432736408
        0x558432736408
        0x558432736408
        0x558432736408
        0x558432736408
        0x558432736408
        0x558432736408
        0x558432736408
        0x558432736408
        0x558432736408
        0x558432736408
        0x558432736408
        0x558432736408
        0x558432736408
        0x558432736408
        0x558432736408
        0x558432736408
        0x558432736408
        0x558432736408
        0x558432736408
        0x558432736408
        0x558432736408
        0x558432736408
        0x558432736408
        0x558432736408
]: 1
@preempt_stack[
        0x7f953dd1d0ae
        0x608060206070604
]: 1
@preempt_stack[
        0x7f953d905c3e
]: 1
@preempt_stack[
        0x40cad921
        0x40d57d0c
        0x40d56d80
        0x40d53864
        0
        0
        0x558432736408
        0x558432736408
        0x558432736408
        0x558432736408
        0x558432736408
        0x558432736408
        0x558432736408
        0x558432736408
        0x558432736408
        0x558432736408
        0x558432736408
        0x558432736408
        0x558432736408
        0x558432736408
        0x558432736408
        0x558432736408
        0x558432736408
        0x558432736408
        0x558432736408
        0x558432736408
        0x558432736408
        0x558432736408
        0x558432736408
        0x558432736408
        0x558432736408
        0x558432736408
        0x558432736408
        0x558432736408
        0x558432736408
        0x558432736408
        0x558432736408
        0x558432736408
        0x558432736408
        0x558432736408
        0x558432736408
        0x558432736408
        0x558432736408
        0x558432736408
        0x558432736408
        0x558432736408
        0x558432736408
        0x558432736408
        0x558432736408
        0x558432736408
        0x558432736408
        0x558432736408
        0x558432736408
        0x558432736408
        0x558432736408
        0x558432736408
        0x558432736408
        0x558432736408
        0x558432736408
        0x558432736408
        0x558432736408
        0x558432736408
        0x558432736408
        0x558432736408
        0x558432736408
        0x558432736408
        0x558432736408
        0x558432736408
        0x558432736408
        0x558432736408
        0x558432736408
        0x558432736408
        0x558432736408
        0x558432736408
        0x558432736408
        0x558432736408
        0x558432736408
        0x558432736408
        0x558432736408
        0x558432736408
        0x558432736408
        0x558432736408
        0x558432736408
        0x558432736408
        0x558432736408
        0x558432736408
        0x558432736408
        0x558432736408
        0x558432736408
        0x558432736408
        0x558432736408
        0x558432736408
        0x558432736408
        0x558432736408
        0x558432736408
        0x558432736408
        0x558432736408
        0x558432736408
        0x558432736408
        0x558432736408
        0x558432736408
        0x558432736408
        0x558432736408
        0x558432736408
        0x558432736408
        0x558432736408
        0x558432736408
        0x558432736408
        0x558432736408
        0x558432736408
        0x558432736408
        0x558432736408
        0x558432736408
        0x558432736408
        0x558432736408
        0x558432736408
        0x558432736408
        0x558432736408
        0x558432736408
        0x558432736408
        0x558432736408
        0x558432736408
        0x558432736408
        0x558432736408
        0x558432736408
        0x558432736408
        0x558432736408
]: 1
@preempt_stack[
        0x7f953d6dcc12
        0
        0x7f948b9f3be8
        0
        0
        0
        0
        0
        0
        0
        0
        0
        0
        0
        0
        0
        0
        0
        0
        0
        0
        0
        0
        0
        0
        0
        0
        0
        0
        0
        0
        0
        0
        0
        0
        0
        0
        0
        0x7f9476ebfcf0
        0x7ffcbefc4500
]: 1
@preempt_stack[
        0x7f949c9dcfc3
]: 1
@preempt_stack[
        0x7f953e6b8271
        0
        0x7f953e6c0710
        0x1f8b9000020
]: 1
@preempt_stack[
        0x40d0687e
        0
        0x2000000000000001
        0x558432740e50
        0x558432740e50
        0x558432740e50
        0x558432740e50
        0x558432740e50
        0x558432740e50
        0x558432740e50
        0x558432740e50
        0x558432740e50
        0x558432740e50
        0x558432740e50
        0x558432740e50
        0x558432740e50
        0x558432740e50
        0x558432740e50
        0x558432740e50
        0x558432740e50
        0x558432740e50
        0x558432740e50
        0x558432740e50
        0x558432740e50
        0x558432740e50
        0x558432740e50
        0x558432740e50
        0x558432740e50
        0x558432740e50
        0x558432740e50
        0x558432740e50
        0x558432740e50
        0x558432740e50
        0x558432740e50
        0x558432740e50
        0x558432740e50
        0x558432740e50
        0x558432740e50
        0x558432740e50
        0x558432740e50
        0x558432740e50
        0x558432740e50
        0x558432740e50
        0x558432740e50
        0x558432740e50
        0x558432740e50
        0x558432740e50
        0x558432740e50
        0x558432740e50
        0x558432740e50
        0x558432740e50
        0x558432740e50
        0x558432740e50
        0x558432740e50
        0x558432740e50
        0x558432740e50
        0x558432740e50
        0x558432740e50
        0x558432740e50
        0x558432740e50
        0x558432740e50
        0x558432740e50
        0x558432740e50
        0x558432740e50
        0x558432740e50
        0x558432740e50
        0x558432740e50
        0x558432740e50
        0x558432740e50
        0x558432740e50
        0x558432740e50
        0x558432740e50
        0x558432740e50
        0x558432740e50
        0x558432740e50
        0x558432740e50
        0x558432740e50
        0x558432740e50
        0x558432740e50
        0x558432740e50
        0x558432740e50
        0x558432740e50
        0x558432740e50
        0x558432740e50
        0x558432740e50
        0x558432740e50
        0x558432740e50
        0x558432740e50
        0x558432740e50
        0x558432740e50
        0x558432740e50
        0x558432740e50
        0x558432740e50
        0x558432740e50
        0x558432740e50
        0x558432740e50
        0x558432740e50
        0x558432740e50
        0x558432740e50
        0x558432740e50
        0x558432740e50
        0x558432740e50
        0x558432740e50
        0x558432740e50
        0x558432740e50
        0x558432740e50
        0x558432740e50
        0x558432740e50
        0x558432740e50
        0x558432740e50
        0x558432740e50
        0x558432740e50
        0x558432740e50
        0x558432740e50
        0x558432740e50
        0x558432740e50
        0x558432740e50
        0x558432740e50
        0x558432740e50
        0x558432740e50
        0x558432740e50
        0x558432740e50
        0x558432740e50
        0x558432740e50
        0x558432740e50
        0x558432740e50
        0x558432740e50
]: 1
@preempt_stack[
        0x40dd81eb
        0
        0
        0x558432c5feb8
        0x558432c5feb8
        0x558432c5feb8
        0x558432c5feb8
        0x558432c5feb8
        0x558432c5feb8
        0x558432c5feb8
        0x558432c5feb8
        0x558432c5feb8
        0x558432c5feb8
        0x558432c5feb8
        0x558432c5feb8
        0x558432c5feb8
        0x558432c5feb8
        0x558432c5feb8
        0x558432c5feb8
        0x558432c5feb8
        0x558432c5feb8
        0x558432c5feb8
        0x558432c5feb8
        0x558432c5feb8
        0x558432c5feb8
        0x558432c5feb8
        0x558432c5feb8
        0x558432c5feb8
        0x558432c5feb8
        0x558432c5feb8
        0x558432c5feb8
        0x558432c5feb8
        0x558432c5feb8
        0x558432c5feb8
        0x558432c5feb8
        0x558432c5feb8
        0x558432c5feb8
        0x558432c5feb8
        0x558432c5feb8
        0x558432c5feb8
        0x558432c5feb8
        0x558432c5feb8
        0x558432c5feb8
        0x558432c5feb8
        0x558432c5feb8
        0x558432c5feb8
        0x558432c5feb8
        0x558432c5feb8
        0x558432c5feb8
        0x558432c5feb8
        0x558432c5feb8
        0x558432c5feb8
        0x558432c5feb8
        0x558432c5feb8
        0x558432c5feb8
        0x558432c5feb8
        0x558432c5feb8
        0x558432c5feb8
        0x558432c5feb8
        0x558432c5feb8
        0x558432c5feb8
        0x558432c5feb8
        0x558432c5feb8
        0x558432c5feb8
        0x558432c5feb8
        0x558432c5feb8
        0x558432c5feb8
        0x558432c5feb8
        0x558432c5feb8
        0x558432c5feb8
        0x558432c5feb8
        0x558432c5feb8
        0x558432c5feb8
        0x558432c5feb8
        0x558432c5feb8
        0x558432c5feb8
        0x558432c5feb8
        0x558432c5feb8
        0x558432c5feb8
        0x558432c5feb8
        0x558432c5feb8
        0x558432c5feb8
        0x558432c5feb8
        0x558432c5feb8
        0x558432c5feb8
        0x558432c5feb8
        0x558432c5feb8
        0x558432c5feb8
        0x558432c5feb8
        0x558432c5feb8
        0x558432c5feb8
        0x558432c5feb8
        0x558432c5feb8
        0x558432c5feb8
        0x558432c5feb8
        0x558432c5feb8
        0x558432c5feb8
        0x558432c5feb8
        0x558432c5feb8
        0x558432c5feb8
        0x558432c5feb8
        0x558432c5feb8
        0x558432c5feb8
        0x558432c5feb8
        0x558432c5feb8
        0x558432c5feb8
        0x558432c5feb8
        0x558432c5feb8
        0x558432c5feb8
        0x558432c5feb8
        0x558432c5feb8
        0x558432c5feb8
        0x558432c5feb8
        0x558432c5feb8
        0x558432c5feb8
        0x558432c5feb8
        0x558432c5feb8
        0x558432c5feb8
        0x558432c5feb8
        0x558432c5feb8
        0x558432c5feb8
        0x558432c5feb8
        0x558432c5feb8
        0x558432c5feb8
        0x558432c5feb8
        0x558432c5feb8
        0x558432c5feb8
]: 1
@preempt_stack[
        0x7f953d7ba1d8
        0x8200038ffcb577e
        0x7f953db26bb0
        0x4800ff2f91058d48
]: 1
@preempt_stack[
        0x7f953e6fda6f
]: 1
@preempt_stack[
        0x40d5d7d0
        0x40d597a4
        0x40d56ef8
        0x40d56d80
        0x40d53864
        0
        0
        0x558432736408
        0x558432736408
        0x558432736408
        0x558432736408
        0x558432736408
        0x558432736408
        0x558432736408
        0x558432736408
        0x558432736408
        0x558432736408
        0x558432736408
        0x558432736408
        0x558432736408
        0x558432736408
        0x558432736408
        0x558432736408
        0x558432736408
        0x558432736408
        0x558432736408
        0x558432736408
        0x558432736408
        0x558432736408
        0x558432736408
        0x558432736408
        0x558432736408
        0x558432736408
        0x558432736408
        0x558432736408
        0x558432736408
        0x558432736408
        0x558432736408
        0x558432736408
        0x558432736408
        0x558432736408
        0x558432736408
        0x558432736408
        0x558432736408
        0x558432736408
        0x558432736408
        0x558432736408
        0x558432736408
        0x558432736408
        0x558432736408
        0x558432736408
        0x558432736408
        0x558432736408
        0x558432736408
        0x558432736408
        0x558432736408
        0x558432736408
        0x558432736408
        0x558432736408
        0x558432736408
        0x558432736408
        0x558432736408
        0x558432736408
        0x558432736408
        0x558432736408
        0x558432736408
        0x558432736408
        0x558432736408
        0x558432736408
        0x558432736408
        0x558432736408
        0x558432736408
        0x558432736408
        0x558432736408
        0x558432736408
        0x558432736408
        0x558432736408
        0x558432736408
        0x558432736408
        0x558432736408
        0x558432736408
        0x558432736408
        0x558432736408
        0x558432736408
        0x558432736408
        0x558432736408
        0x558432736408
        0x558432736408
        0x558432736408
        0x558432736408
        0x558432736408
        0x558432736408
        0x558432736408
        0x558432736408
        0x558432736408
        0x558432736408
        0x558432736408
        0x558432736408
        0x558432736408
        0x558432736408
        0x558432736408
        0x558432736408
        0x558432736408
        0x558432736408
        0x558432736408
        0x558432736408
        0x558432736408
        0x558432736408
        0x558432736408
        0x558432736408
        0x558432736408
        0x558432736408
        0x558432736408
        0x558432736408
        0x558432736408
        0x558432736408
        0x558432736408
        0x558432736408
        0x558432736408
        0x558432736408
        0x558432736408
        0x558432736408
        0x558432736408
        0x558432736408
        0x558432736408
        0x558432736408
        0x558432736408
]: 1
@preempt_stack[
        0x7f953d901590
        0x880086708440845
]: 1
@preempt_stack[
        0x7f949c9ce4f8
        0x558435033600
        0x558435033600
        0x558435033600
        0x558435033600
        0x558435033600
        0x558435033600
        0x558435033600
        0x558435033600
        0x558435033600
        0x558435033600
        0x558435033600
        0x558435033600
        0x558435033600
        0x558435033600
        0x558435033600
        0x558435033600
        0x558435033600
        0x558435033600
        0x558435033600
        0x558435033600
        0x558435033600
        0x558435033600
        0x558435033600
        0x558435033600
        0x558435033600
        0x558435033600
        0x558435033600
        0x558435033600
        0x558435033600
        0x558435033600
        0x558435033600
        0x558435033600
        0x558435033600
        0x558435033600
        0x558435033600
        0x558435033600
        0x558435033600
        0x558435033600
        0x558435033600
        0x558435033600
        0x558435033600
        0x558435033600
        0x558435033600
        0x558435033600
        0x558435033600
        0x558435033600
        0x558435033600
        0x558435033600
        0x558435033600
        0x558435033600
        0x558435033600
        0x558435033600
        0x558435033600
        0x558435033600
        0x558435033600
        0x558435033600
        0x558435033600
        0x558435033600
        0x558435033600
        0x558435033600
        0x558435033600
        0x558435033600
        0x558435033600
        0x558435033600
        0x558435033600
        0x558435033600
        0x558435033600
        0x558435033600
        0x558435033600
        0x558435033600
        0x558435033600
        0x558435033600
        0x558435033600
        0x558435033600
        0x558435033600
        0x558435033600
        0x558435033600
        0x558435033600
        0x558435033600
        0x558435033600
        0x558435033600
        0x558435033600
        0x558435033600
        0x558435033600
        0x558435033600
        0x558435033600
        0x558435033600
        0x558435033600
        0x558435033600
        0x558435033600
        0x558435033600
        0x558435033600
        0x558435033600
        0x558435033600
        0x558435033600
        0x558435033600
        0x558435033600
        0x558435033600
        0x558435033600
        0x558435033600
        0x558435033600
        0x558435033600
        0x558435033600
        0x558435033600
        0x558435033600
        0x558435033600
        0x558435033600
        0x558435033600
        0x558435033600
        0x558435033600
        0x558435033600
        0x558435033600
        0x558435033600
        0x558435033600
        0x558435033600
        0x558435033600
        0x558435033600
        0x558435033600
        0x558435033600
        0x558435033600
        0x558435033600
        0x558435033600
        0x558435033600
        0x558435033600
        0x558435033600
        0x558435033600
]: 1
@preempt_stack[
        0x40d58e84
        0x40d56ef8
        0x40d56d80
        0x40d53864
        0
        0
        0x558432736408
        0x558432736408
        0x558432736408
        0x558432736408
        0x558432736408
        0x558432736408
        0x558432736408
        0x558432736408
        0x558432736408
        0x558432736408
        0x558432736408
        0x558432736408
        0x558432736408
        0x558432736408
        0x558432736408
        0x558432736408
        0x558432736408
        0x558432736408
        0x558432736408
        0x558432736408
        0x558432736408
        0x558432736408
        0x558432736408
        0x558432736408
        0x558432736408
        0x558432736408
        0x558432736408
        0x558432736408
        0x558432736408
        0x558432736408
        0x558432736408
        0x558432736408
        0x558432736408
        0x558432736408
        0x558432736408
        0x558432736408
        0x558432736408
        0x558432736408
        0x558432736408
        0x558432736408
        0x558432736408
        0x558432736408
        0x558432736408
        0x558432736408
        0x558432736408
        0x558432736408
        0x558432736408
        0x558432736408
        0x558432736408
        0x558432736408
        0x558432736408
        0x558432736408
        0x558432736408
        0x558432736408
        0x558432736408
        0x558432736408
        0x558432736408
        0x558432736408
        0x558432736408
        0x558432736408
        0x558432736408
        0x558432736408
        0x558432736408
        0x558432736408
        0x558432736408
        0x558432736408
        0x558432736408
        0x558432736408
        0x558432736408
        0x558432736408
        0x558432736408
        0x558432736408
        0x558432736408
        0x558432736408
        0x558432736408
        0x558432736408
        0x558432736408
        0x558432736408
        0x558432736408
        0x558432736408
        0x558432736408
        0x558432736408
        0x558432736408
        0x558432736408
        0x558432736408
        0x558432736408
        0x558432736408
        0x558432736408
        0x558432736408
        0x558432736408
        0x558432736408
        0x558432736408
        0x558432736408
        0x558432736408
        0x558432736408
        0x558432736408
        0x558432736408
        0x558432736408
        0x558432736408
        0x558432736408
        0x558432736408
        0x558432736408
        0x558432736408
        0x558432736408
        0x558432736408
        0x558432736408
        0x558432736408
        0x558432736408
        0x558432736408
        0x558432736408
        0x558432736408
        0x558432736408
        0x558432736408
        0x558432736408
        0x558432736408
        0x558432736408
        0x558432736408
        0x558432736408
        0x558432736408
        0x558432736408
        0x558432736408
]: 1
@preempt_stack[
        0x7f949c9dcfa3
        0x110000
        0x558432bc27a0
        0x558432bc27a0
        0x558432bc27a0
        0x558432bc27a0
        0x558432bc27a0
        0x558432bc27a0
        0x558432bc27a0
        0x558432bc27a0
        0x558432bc27a0
        0x558432bc27a0
        0x558432bc27a0
        0x558432bc27a0
        0x558432bc27a0
        0x558432bc27a0
        0x558432bc27a0
        0x558432bc27a0
        0x558432bc27a0
        0x558432bc27a0
        0x558432bc27a0
        0x558432bc27a0
        0x558432bc27a0
        0x558432bc27a0
        0x558432bc27a0
        0x558432bc27a0
        0x558432bc27a0
        0x558432bc27a0
        0x558432bc27a0
        0x558432bc27a0
        0x558432bc27a0
        0x558432bc27a0
        0x558432bc27a0
        0x558432bc27a0
        0x558432bc27a0
        0x558432bc27a0
        0x558432bc27a0
        0x558432bc27a0
        0x558432bc27a0
        0x558432bc27a0
        0x558432bc27a0
        0x558432bc27a0
        0x558432bc27a0
        0x558432bc27a0
        0x558432bc27a0
        0x558432bc27a0
        0x558432bc27a0
        0x558432bc27a0
        0x558432bc27a0
        0x558432bc27a0
        0x558432bc27a0
        0x558432bc27a0
        0x558432bc27a0
        0x558432bc27a0
        0x558432bc27a0
        0x558432bc27a0
        0x558432bc27a0
        0x558432bc27a0
        0x558432bc27a0
        0x558432bc27a0
        0x558432bc27a0
        0x558432bc27a0
        0x558432bc27a0
        0x558432bc27a0
        0x558432bc27a0
        0x558432bc27a0
        0x558432bc27a0
        0x558432bc27a0
        0x558432bc27a0
        0x558432bc27a0
        0x558432bc27a0
        0x558432bc27a0
        0x558432bc27a0
        0x558432bc27a0
        0x558432bc27a0
        0x558432bc27a0
        0x558432bc27a0
        0x558432bc27a0
        0x558432bc27a0
        0x558432bc27a0
        0x558432bc27a0
        0x558432bc27a0
        0x558432bc27a0
        0x558432bc27a0
        0x558432bc27a0
        0x558432bc27a0
        0x558432bc27a0
        0x558432bc27a0
        0x558432bc27a0
        0x558432bc27a0
        0x558432bc27a0
        0x558432bc27a0
        0x558432bc27a0
        0x558432bc27a0
        0x558432bc27a0
        0x558432bc27a0
        0x558432bc27a0
        0x558432bc27a0
        0x558432bc27a0
        0x558432bc27a0
        0x558432bc27a0
        0x558432bc27a0
        0x558432bc27a0
        0x558432bc27a0
        0x558432bc27a0
        0x558432bc27a0
        0x558432bc27a0
        0x558432bc27a0
        0x558432bc27a0
        0x558432bc27a0
        0x558432bc27a0
        0x558432bc27a0
        0x558432bc27a0
        0x558432bc27a0
        0x558432bc27a0
        0x558432bc27a0
        0x558432bc27a0
        0x558432bc27a0
        0x558432bc27a0
        0x558432bc27a0
        0x558432bc27a0
        0x558432bc27a0
        0x558432bc27a0
        0x558432bc27a0
        0x558432bc27a0
        0x558432bc27a0
        0x558432bc27a0
]: 1
@preempt_stack[
        0x40cac5b4
        0
        0
        0x5584326a9a10
        0x5584326a9a10
        0x5584326a9a10
        0x5584326a9a10
        0x5584326a9a10
        0x5584326a9a10
        0x5584326a9a10
        0x5584326a9a10
        0x5584326a9a10
        0x5584326a9a10
        0x5584326a9a10
        0x5584326a9a10
        0x5584326a9a10
        0x5584326a9a10
        0x5584326a9a10
        0x5584326a9a10
        0x5584326a9a10
        0x5584326a9a10
        0x5584326a9a10
        0x5584326a9a10
        0x5584326a9a10
        0x5584326a9a10
        0x5584326a9a10
        0x5584326a9a10
        0x5584326a9a10
        0x5584326a9a10
        0x5584326a9a10
        0x5584326a9a10
        0x5584326a9a10
        0x5584326a9a10
        0x5584326a9a10
        0x5584326a9a10
        0x5584326a9a10
        0x5584326a9a10
        0x5584326a9a10
        0x5584326a9a10
        0x5584326a9a10
        0x5584326a9a10
        0x5584326a9a10
        0x5584326a9a10
        0x5584326a9a10
        0x5584326a9a10
        0x5584326a9a10
        0x5584326a9a10
        0x5584326a9a10
        0x5584326a9a10
        0x5584326a9a10
        0x5584326a9a10
        0x5584326a9a10
        0x5584326a9a10
        0x5584326a9a10
        0x5584326a9a10
        0x5584326a9a10
        0x5584326a9a10
        0x5584326a9a10
        0x5584326a9a10
        0x5584326a9a10
        0x5584326a9a10
        0x5584326a9a10
        0x5584326a9a10
        0x5584326a9a10
        0x5584326a9a10
        0x5584326a9a10
        0x5584326a9a10
        0x5584326a9a10
        0x5584326a9a10
        0x5584326a9a10
        0x5584326a9a10
        0x5584326a9a10
        0x5584326a9a10
        0x5584326a9a10
        0x5584326a9a10
        0x5584326a9a10
        0x5584326a9a10
        0x5584326a9a10
        0x5584326a9a10
        0x5584326a9a10
        0x5584326a9a10
        0x5584326a9a10
        0x5584326a9a10
        0x5584326a9a10
        0x5584326a9a10
        0x5584326a9a10
        0x5584326a9a10
        0x5584326a9a10
        0x5584326a9a10
        0x5584326a9a10
        0x5584326a9a10
        0x5584326a9a10
        0x5584326a9a10
        0x5584326a9a10
        0x5584326a9a10
        0x5584326a9a10
        0x5584326a9a10
        0x5584326a9a10
        0x5584326a9a10
        0x5584326a9a10
        0x5584326a9a10
        0x5584326a9a10
        0x5584326a9a10
        0x5584326a9a10
        0x5584326a9a10
        0x5584326a9a10
        0x5584326a9a10
        0x5584326a9a10
        0x5584326a9a10
        0x5584326a9a10
        0x5584326a9a10
        0x5584326a9a10
        0x5584326a9a10
        0x5584326a9a10
        0x5584326a9a10
        0x5584326a9a10
        0x5584326a9a10
        0x5584326a9a10
        0x5584326a9a10
        0x5584326a9a10
        0x5584326a9a10
        0x5584326a9a10
        0x5584326a9a10
        0x5584326a9a10
        0x5584326a9a10
        0x5584326a9a10
        0x5584326a9a10
]: 1
@preempt_stack[
        pthread_mutex_trylock+909
        0x110000
        0x558432d109f0
        0x558432d109f0
        0x558432d109f0
        0x558432d109f0
        0x558432d109f0
        0x558432d109f0
        0x558432d109f0
        0x558432d109f0
        0x558432d109f0
        0x558432d109f0
        0x558432d109f0
        0x558432d109f0
        0x558432d109f0
        0x558432d109f0
        0x558432d109f0
        0x558432d109f0
        0x558432d109f0
        0x558432d109f0
        0x558432d109f0
        0x558432d109f0
        0x558432d109f0
        0x558432d109f0
        0x558432d109f0
        0x558432d109f0
        0x558432d109f0
        0x558432d109f0
        0x558432d109f0
        0x558432d109f0
        0x558432d109f0
        0x558432d109f0
        0x558432d109f0
        0x558432d109f0
        0x558432d109f0
        0x558432d109f0
        0x558432d109f0
        0x558432d109f0
        0x558432d109f0
        0x558432d109f0
        0x558432d109f0
        0x558432d109f0
        0x558432d109f0
        0x558432d109f0
        0x558432d109f0
        0x558432d109f0
        0x558432d109f0
        0x558432d109f0
        0x558432d109f0
        0x558432d109f0
        0x558432d109f0
        0x558432d109f0
        0x558432d109f0
        0x558432d109f0
        0x558432d109f0
        0x558432d109f0
        0x558432d109f0
        0x558432d109f0
        0x558432d109f0
        0x558432d109f0
        0x558432d109f0
        0x558432d109f0
        0x558432d109f0
        0x558432d109f0
        0x558432d109f0
        0x558432d109f0
        0x558432d109f0
        0x558432d109f0
        0x558432d109f0
        0x558432d109f0
        0x558432d109f0
        0x558432d109f0
        0x558432d109f0
        0x558432d109f0
        0x558432d109f0
        0x558432d109f0
        0x558432d109f0
        0x558432d109f0
        0x558432d109f0
        0x558432d109f0
        0x558432d109f0
        0x558432d109f0
        0x558432d109f0
        0x558432d109f0
        0x558432d109f0
        0x558432d109f0
        0x558432d109f0
        0x558432d109f0
        0x558432d109f0
        0x558432d109f0
        0x558432d109f0
        0x558432d109f0
        0x558432d109f0
        0x558432d109f0
        0x558432d109f0
        0x558432d109f0
        0x558432d109f0
        0x558432d109f0
        0x558432d109f0
        0x558432d109f0
        0x558432d109f0
        0x558432d109f0
        0x558432d109f0
        0x558432d109f0
        0x558432d109f0
        0x558432d109f0
        0x558432d109f0
        0x558432d109f0
        0x558432d109f0
        0x558432d109f0
        0x558432d109f0
        0x558432d109f0
        0x558432d109f0
        0x558432d109f0
        0x558432d109f0
        0x558432d109f0
        0x558432d109f0
        0x558432d109f0
        0x558432d109f0
        0x558432d109f0
        0x558432d109f0
        0x558432d109f0
        0x558432d109f0
        0x558432d109f0
        0x558432d109f0
        0x558432d109f0
        0x558432d109f0
]: 1
@preempt_stack[
        0x7f953dd2d25c
        0x1
]: 1
@preempt_stack[
        0x40d5b779
        0x40d5bfac
        0x40d597cc
        0x40d56ef8
        0x40d56d80
        0x40d53864
        0
        0
        0x558432736408
        0x558432736408
        0x558432736408
        0x558432736408
        0x558432736408
        0x558432736408
        0x558432736408
        0x558432736408
        0x558432736408
        0x558432736408
        0x558432736408
        0x558432736408
        0x558432736408
        0x558432736408
        0x558432736408
        0x558432736408
        0x558432736408
        0x558432736408
        0x558432736408
        0x558432736408
        0x558432736408
        0x558432736408
        0x558432736408
        0x558432736408
        0x558432736408
        0x558432736408
        0x558432736408
        0x558432736408
        0x558432736408
        0x558432736408
        0x558432736408
        0x558432736408
        0x558432736408
        0x558432736408
        0x558432736408
        0x558432736408
        0x558432736408
        0x558432736408
        0x558432736408
        0x558432736408
        0x558432736408
        0x558432736408
        0x558432736408
        0x558432736408
        0x558432736408
        0x558432736408
        0x558432736408
        0x558432736408
        0x558432736408
        0x558432736408
        0x558432736408
        0x558432736408
        0x558432736408
        0x558432736408
        0x558432736408
        0x558432736408
        0x558432736408
        0x558432736408
        0x558432736408
        0x558432736408
        0x558432736408
        0x558432736408
        0x558432736408
        0x558432736408
        0x558432736408
        0x558432736408
        0x558432736408
        0x558432736408
        0x558432736408
        0x558432736408
        0x558432736408
        0x558432736408
        0x558432736408
        0x558432736408
        0x558432736408
        0x558432736408
        0x558432736408
        0x558432736408
        0x558432736408
        0x558432736408
        0x558432736408
        0x558432736408
        0x558432736408
        0x558432736408
        0x558432736408
        0x558432736408
        0x558432736408
        0x558432736408
        0x558432736408
        0x558432736408
        0x558432736408
        0x558432736408
        0x558432736408
        0x558432736408
        0x558432736408
        0x558432736408
        0x558432736408
        0x558432736408
        0x558432736408
        0x558432736408
        0x558432736408
        0x558432736408
        0x558432736408
        0x558432736408
        0x558432736408
        0x558432736408
        0x558432736408
        0x558432736408
        0x558432736408
        0x558432736408
        0x558432736408
        0x558432736408
        0x558432736408
        0x558432736408
        0x558432736408
        0x558432736408
        0x558432736408
        0x558432736408
        0x558432736408
]: 1
@preempt_stack[
        pthread_mutex_trylock+4
        0x110000
        0x558431fd53f8
        0x558431fd53f8
        0x558431fd53f8
        0x558431fd53f8
        0x558431fd53f8
        0x558431fd53f8
        0x558431fd53f8
        0x558431fd53f8
        0x558431fd53f8
        0x558431fd53f8
        0x558431fd53f8
        0x558431fd53f8
        0x558431fd53f8
        0x558431fd53f8
        0x558431fd53f8
        0x558431fd53f8
        0x558431fd53f8
        0x558431fd53f8
        0x558431fd53f8
        0x558431fd53f8
        0x558431fd53f8
        0x558431fd53f8
        0x558431fd53f8
        0x558431fd53f8
        0x558431fd53f8
        0x558431fd53f8
        0x558431fd53f8
        0x558431fd53f8
        0x558431fd53f8
        0x558431fd53f8
        0x558431fd53f8
        0x558431fd53f8
        0x558431fd53f8
        0x558431fd53f8
        0x558431fd53f8
        0x558431fd53f8
        0x558431fd53f8
        0x558431fd53f8
        0x558431fd53f8
        0x558431fd53f8
        0x558431fd53f8
        0x558431fd53f8
        0x558431fd53f8
        0x558431fd53f8
        0x558431fd53f8
        0x558431fd53f8
        0x558431fd53f8
        0x558431fd53f8
        0x558431fd53f8
        0x558431fd53f8
        0x558431fd53f8
        0x558431fd53f8
        0x558431fd53f8
        0x558431fd53f8
        0x558431fd53f8
        0x558431fd53f8
        0x558431fd53f8
        0x558431fd53f8
        0x558431fd53f8
        0x558431fd53f8
        0x558431fd53f8
        0x558431fd53f8
        0x558431fd53f8
        0x558431fd53f8
        0x558431fd53f8
        0x558431fd53f8
        0x558431fd53f8
        0x558431fd53f8
        0x558431fd53f8
        0x558431fd53f8
        0x558431fd53f8
        0x558431fd53f8
        0x558431fd53f8
        0x558431fd53f8
        0x558431fd53f8
        0x558431fd53f8
        0x558431fd53f8
        0x558431fd53f8
        0x558431fd53f8
        0x558431fd53f8
        0x558431fd53f8
        0x558431fd53f8
        0x558431fd53f8
        0x558431fd53f8
        0x558431fd53f8
        0x558431fd53f8
        0x558431fd53f8
        0x558431fd53f8
        0x558431fd53f8
        0x558431fd53f8
        0x558431fd53f8
        0x558431fd53f8
        0x558431fd53f8
        0x558431fd53f8
        0x558431fd53f8
        0x558431fd53f8
        0x558431fd53f8
        0x558431fd53f8
        0x558431fd53f8
        0x558431fd53f8
        0x558431fd53f8
        0x558431fd53f8
        0x558431fd53f8
        0x558431fd53f8
        0x558431fd53f8
        0x558431fd53f8
        0x558431fd53f8
        0x558431fd53f8
        0x558431fd53f8
        0x558431fd53f8
        0x558431fd53f8
        0x558431fd53f8
        0x558431fd53f8
        0x558431fd53f8
        0x558431fd53f8
        0x558431fd53f8
        0x558431fd53f8
        0x558431fd53f8
        0x558431fd53f8
        0x558431fd53f8
        0x558431fd53f8
        0x558431fd53f8
        0x558431fd53f8
        0x558431fd53f8
        0x558431fd53f8
]: 1
@preempt_stack[
        0x7f953d905911
        0x70107060704070e
]: 1
@preempt_stack[
        0x7f953cbb81e2
]: 1
@preempt_stack[
        0x404417a8
]: 1
@preempt_stack[
        0x401b5ee0
        0x4046dfb8
        0x40785934
        0x401c67a6
        0x7f949c846428
        0x7f949c9e578f
        0x558431b82490
]: 1
@preempt_stack[
        0x7f953d7b7c28
]: 1
@preempt_stack[
        0x7f953d9015ec
        0x90c090109040903
]: 1
@preempt_stack[
        0x40441c92
]: 1
@preempt_stack[
        0x7f953d7b7df1
]: 1
@preempt_stack[
        0x7f953dcd309e
        0x448046804450443
]: 1
@preempt_stack[
        0x7f953d9075b7
]: 1
@preempt_stack[
        0x7f953d907003
]: 1
@preempt_stack[
        0x40d5b8e0
        0x40d56ef8
        0x40d56d80
        0x40d53864
        0
        0
        0x558432736408
        0x558432736408
        0x558432736408
        0x558432736408
        0x558432736408
        0x558432736408
        0x558432736408
        0x558432736408
        0x558432736408
        0x558432736408
        0x558432736408
        0x558432736408
        0x558432736408
        0x558432736408
        0x558432736408
        0x558432736408
        0x558432736408
        0x558432736408
        0x558432736408
        0x558432736408
        0x558432736408
        0x558432736408
        0x558432736408
        0x558432736408
        0x558432736408
        0x558432736408
        0x558432736408
        0x558432736408
        0x558432736408
        0x558432736408
        0x558432736408
        0x558432736408
        0x558432736408
        0x558432736408
        0x558432736408
        0x558432736408
        0x558432736408
        0x558432736408
        0x558432736408
        0x558432736408
        0x558432736408
        0x558432736408
        0x558432736408
        0x558432736408
        0x558432736408
        0x558432736408
        0x558432736408
        0x558432736408
        0x558432736408
        0x558432736408
        0x558432736408
        0x558432736408
        0x558432736408
        0x558432736408
        0x558432736408
        0x558432736408
        0x558432736408
        0x558432736408
        0x558432736408
        0x558432736408
        0x558432736408
        0x558432736408
        0x558432736408
        0x558432736408
        0x558432736408
        0x558432736408
        0x558432736408
        0x558432736408
        0x558432736408
        0x558432736408
        0x558432736408
        0x558432736408
        0x558432736408
        0x558432736408
        0x558432736408
        0x558432736408
        0x558432736408
        0x558432736408
        0x558432736408
        0x558432736408
        0x558432736408
        0x558432736408
        0x558432736408
        0x558432736408
        0x558432736408
        0x558432736408
        0x558432736408
        0x558432736408
        0x558432736408
        0x558432736408
        0x558432736408
        0x558432736408
        0x558432736408
        0x558432736408
        0x558432736408
        0x558432736408
        0x558432736408
        0x558432736408
        0x558432736408
        0x558432736408
        0x558432736408
        0x558432736408
        0x558432736408
        0x558432736408
        0x558432736408
        0x558432736408
        0x558432736408
        0x558432736408
        0x558432736408
        0x558432736408
        0x558432736408
        0x558432736408
        0x558432736408
        0x558432736408
        0x558432736408
        0x558432736408
        0x558432736408
        0x558432736408
        0x558432736408
        0x558432736408
        0x558432736408
]: 1
@preempt_stack[
        0x7f949c9b60e4
        0x558432221e78
]: 1
@preempt_stack[
        0x40caf142
        0
        0x2000000000000001
        0x558432740e50
        0x558432740e50
        0x558432740e50
        0x558432740e50
        0x558432740e50
        0x558432740e50
        0x558432740e50
        0x558432740e50
        0x558432740e50
        0x558432740e50
        0x558432740e50
        0x558432740e50
        0x558432740e50
        0x558432740e50
        0x558432740e50
        0x558432740e50
        0x558432740e50
        0x558432740e50
        0x558432740e50
        0x558432740e50
        0x558432740e50
        0x558432740e50
        0x558432740e50
        0x558432740e50
        0x558432740e50
        0x558432740e50
        0x558432740e50
        0x558432740e50
        0x558432740e50
        0x558432740e50
        0x558432740e50
        0x558432740e50
        0x558432740e50
        0x558432740e50
        0x558432740e50
        0x558432740e50
        0x558432740e50
        0x558432740e50
        0x558432740e50
        0x558432740e50
        0x558432740e50
        0x558432740e50
        0x558432740e50
        0x558432740e50
        0x558432740e50
        0x558432740e50
        0x558432740e50
        0x558432740e50
        0x558432740e50
        0x558432740e50
        0x558432740e50
        0x558432740e50
        0x558432740e50
        0x558432740e50
        0x558432740e50
        0x558432740e50
        0x558432740e50
        0x558432740e50
        0x558432740e50
        0x558432740e50
        0x558432740e50
        0x558432740e50
        0x558432740e50
        0x558432740e50
        0x558432740e50
        0x558432740e50
        0x558432740e50
        0x558432740e50
        0x558432740e50
        0x558432740e50
        0x558432740e50
        0x558432740e50
        0x558432740e50
        0x558432740e50
        0x558432740e50
        0x558432740e50
        0x558432740e50
        0x558432740e50
        0x558432740e50
        0x558432740e50
        0x558432740e50
        0x558432740e50
        0x558432740e50
        0x558432740e50
        0x558432740e50
        0x558432740e50
        0x558432740e50
        0x558432740e50
        0x558432740e50
        0x558432740e50
        0x558432740e50
        0x558432740e50
        0x558432740e50
        0x558432740e50
        0x558432740e50
        0x558432740e50
        0x558432740e50
        0x558432740e50
        0x558432740e50
        0x558432740e50
        0x558432740e50
        0x558432740e50
        0x558432740e50
        0x558432740e50
        0x558432740e50
        0x558432740e50
        0x558432740e50
        0x558432740e50
        0x558432740e50
        0x558432740e50
        0x558432740e50
        0x558432740e50
        0x558432740e50
        0x558432740e50
        0x558432740e50
        0x558432740e50
        0x558432740e50
        0x558432740e50
        0x558432740e50
        0x558432740e50
        0x558432740e50
        0x558432740e50
        0x558432740e50
        0x558432740e50
]: 1
@preempt_stack[
        0x7f953db084da
]: 1
@preempt_stack[
        0x40d81cd6
        0x40d57d0c
        0x40d56d80
        0x40d53864
        0
        0
        0x558432736408
        0x558432736408
        0x558432736408
        0x558432736408
        0x558432736408
        0x558432736408
        0x558432736408
        0x558432736408
        0x558432736408
        0x558432736408
        0x558432736408
        0x558432736408
        0x558432736408
        0x558432736408
        0x558432736408
        0x558432736408
        0x558432736408
        0x558432736408
        0x558432736408
        0x558432736408
        0x558432736408
        0x558432736408
        0x558432736408
        0x558432736408
        0x558432736408
        0x558432736408
        0x558432736408
        0x558432736408
        0x558432736408
        0x558432736408
        0x558432736408
        0x558432736408
        0x558432736408
        0x558432736408
        0x558432736408
        0x558432736408
        0x558432736408
        0x558432736408
        0x558432736408
        0x558432736408
        0x558432736408
        0x558432736408
        0x558432736408
        0x558432736408
        0x558432736408
        0x558432736408
        0x558432736408
        0x558432736408
        0x558432736408
        0x558432736408
        0x558432736408
        0x558432736408
        0x558432736408
        0x558432736408
        0x558432736408
        0x558432736408
        0x558432736408
        0x558432736408
        0x558432736408
        0x558432736408
        0x558432736408
        0x558432736408
        0x558432736408
        0x558432736408
        0x558432736408
        0x558432736408
        0x558432736408
        0x558432736408
        0x558432736408
        0x558432736408
        0x558432736408
        0x558432736408
        0x558432736408
        0x558432736408
        0x558432736408
        0x558432736408
        0x558432736408
        0x558432736408
        0x558432736408
        0x558432736408
        0x558432736408
        0x558432736408
        0x558432736408
        0x558432736408
        0x558432736408
        0x558432736408
        0x558432736408
        0x558432736408
        0x558432736408
        0x558432736408
        0x558432736408
        0x558432736408
        0x558432736408
        0x558432736408
        0x558432736408
        0x558432736408
        0x558432736408
        0x558432736408
        0x558432736408
        0x558432736408
        0x558432736408
        0x558432736408
        0x558432736408
        0x558432736408
        0x558432736408
        0x558432736408
        0x558432736408
        0x558432736408
        0x558432736408
        0x558432736408
        0x558432736408
        0x558432736408
        0x558432736408
        0x558432736408
        0x558432736408
        0x558432736408
        0x558432736408
        0x558432736408
        0x558432736408
        0x558432736408
        0x558432736408
]: 1
@preempt_stack[
        __pthread_mutex_lock+7
        0x7f9500cb2290
        0x7f953e66e030
]: 1
@preempt_stack[
        0x7f953e9461c9
        0x7f92aae3c414
        0
]: 1
@preempt_stack[
        0x7f953dd511f4
]: 1
@preempt_stack[
        0x7f953d6cbf0d
        0
        0x7f949c55d0270000
]: 1
@preempt_stack[
        0x7f953d6bad72
]: 1
@preempt_stack[
        0x40c6433c
        0x40c62b4c
        0x40c5aaa4
        0x4077cadf
        0x7f949c846428
        0x7f949c9e578f
        0x558431b82490
]: 1
@preempt_stack[
        0x7f953d907678
        0x7f95007021c0
]: 1
@preempt_stack[
        0x7f953e95ab50
        0x300030004
        0x7f953e9bf8e0
        0x74c085ffe07003e8
]: 1
@preempt_stack[
        0x403fb6bf
        0x407f5b04
        0x40407e17
        0x40403d24
        0x7f949c846428
        0x7f949c9e578f
        0x558431b82490
]: 1
@preempt_stack[
        0x7f953e329536
        0x7f9504c4b8d0
        0x7f950000004b
        0x7f9400000005
        0x7f95046faed0
        0x1190002b0008f24c
        0x7f953e2fbc70
        0xc63e058d48fc8949
]: 1
@preempt_stack[
        0x7f949ca0d516
]: 1
@preempt_stack[
        __pthread_getspecific+0
        0x1
        0
        0x7f93000690c0
]: 1
@preempt_stack[
        0x40ca5065
        0x40a8b118
        0x40407e56
        0x40403d24
        0x7f949c846428
        0x7f949c9e578f
        0x558431b82490
]: 1
@preempt_stack[
        0x40d5bd5c
        0x40d5922c
        0x40d56ef8
        0x40d56d80
        0x40d53864
        0
        0
        0x558432736408
        0x558432736408
        0x558432736408
        0x558432736408
        0x558432736408
        0x558432736408
        0x558432736408
        0x558432736408
        0x558432736408
        0x558432736408
        0x558432736408
        0x558432736408
        0x558432736408
        0x558432736408
        0x558432736408
        0x558432736408
        0x558432736408
        0x558432736408
        0x558432736408
        0x558432736408
        0x558432736408
        0x558432736408
        0x558432736408
        0x558432736408
        0x558432736408
        0x558432736408
        0x558432736408
        0x558432736408
        0x558432736408
        0x558432736408
        0x558432736408
        0x558432736408
        0x558432736408
        0x558432736408
        0x558432736408
        0x558432736408
        0x558432736408
        0x558432736408
        0x558432736408
        0x558432736408
        0x558432736408
        0x558432736408
        0x558432736408
        0x558432736408
        0x558432736408
        0x558432736408
        0x558432736408
        0x558432736408
        0x558432736408
        0x558432736408
        0x558432736408
        0x558432736408
        0x558432736408
        0x558432736408
        0x558432736408
        0x558432736408
        0x558432736408
        0x558432736408
        0x558432736408
        0x558432736408
        0x558432736408
        0x558432736408
        0x558432736408
        0x558432736408
        0x558432736408
        0x558432736408
        0x558432736408
        0x558432736408
        0x558432736408
        0x558432736408
        0x558432736408
        0x558432736408
        0x558432736408
        0x558432736408
        0x558432736408
        0x558432736408
        0x558432736408
        0x558432736408
        0x558432736408
        0x558432736408
        0x558432736408
        0x558432736408
        0x558432736408
        0x558432736408
        0x558432736408
        0x558432736408
        0x558432736408
        0x558432736408
        0x558432736408
        0x558432736408
        0x558432736408
        0x558432736408
        0x558432736408
        0x558432736408
        0x558432736408
        0x558432736408
        0x558432736408
        0x558432736408
        0x558432736408
        0x558432736408
        0x558432736408
        0x558432736408
        0x558432736408
        0x558432736408
        0x558432736408
        0x558432736408
        0x558432736408
        0x558432736408
        0x558432736408
        0x558432736408
        0x558432736408
        0x558432736408
        0x558432736408
        0x558432736408
        0x558432736408
        0x558432736408
        0x558432736408
        0x558432736408
        0x558432736408
        0x558432736408
]: 1
@preempt_stack[
        0x7f949c9e44f9
        0x120000
        0x558432e7b980
        0x558432e7b980
        0x558432e7b980
        0x558432e7b980
        0x558432e7b980
        0x558432e7b980
        0x558432e7b980
        0x558432e7b980
        0x558432e7b980
        0x558432e7b980
        0x558432e7b980
        0x558432e7b980
        0x558432e7b980
        0x558432e7b980
        0x558432e7b980
        0x558432e7b980
        0x558432e7b980
        0x558432e7b980
        0x558432e7b980
        0x558432e7b980
        0x558432e7b980
        0x558432e7b980
        0x558432e7b980
        0x558432e7b980
        0x558432e7b980
        0x558432e7b980
        0x558432e7b980
        0x558432e7b980
        0x558432e7b980
        0x558432e7b980
        0x558432e7b980
        0x558432e7b980
        0x558432e7b980
        0x558432e7b980
        0x558432e7b980
        0x558432e7b980
        0x558432e7b980
        0x558432e7b980
        0x558432e7b980
        0x558432e7b980
        0x558432e7b980
        0x558432e7b980
        0x558432e7b980
        0x558432e7b980
        0x558432e7b980
        0x558432e7b980
        0x558432e7b980
        0x558432e7b980
        0x558432e7b980
        0x558432e7b980
        0x558432e7b980
        0x558432e7b980
        0x558432e7b980
        0x558432e7b980
        0x558432e7b980
        0x558432e7b980
        0x558432e7b980
        0x558432e7b980
        0x558432e7b980
        0x558432e7b980
        0x558432e7b980
        0x558432e7b980
        0x558432e7b980
        0x558432e7b980
        0x558432e7b980
        0x558432e7b980
        0x558432e7b980
        0x558432e7b980
        0x558432e7b980
        0x558432e7b980
        0x558432e7b980
        0x558432e7b980
        0x558432e7b980
        0x558432e7b980
        0x558432e7b980
        0x558432e7b980
        0x558432e7b980
        0x558432e7b980
        0x558432e7b980
        0x558432e7b980
        0x558432e7b980
        0x558432e7b980
        0x558432e7b980
        0x558432e7b980
        0x558432e7b980
        0x558432e7b980
        0x558432e7b980
        0x558432e7b980
        0x558432e7b980
        0x558432e7b980
        0x558432e7b980
        0x558432e7b980
        0x558432e7b980
        0x558432e7b980
        0x558432e7b980
        0x558432e7b980
        0x558432e7b980
        0x558432e7b980
        0x558432e7b980
        0x558432e7b980
        0x558432e7b980
        0x558432e7b980
        0x558432e7b980
        0x558432e7b980
        0x558432e7b980
        0x558432e7b980
        0x558432e7b980
        0x558432e7b980
        0x558432e7b980
        0x558432e7b980
        0x558432e7b980
        0x558432e7b980
        0x558432e7b980
        0x558432e7b980
        0x558432e7b980
        0x558432e7b980
        0x558432e7b980
        0x558432e7b980
        0x558432e7b980
        0x558432e7b980
        0x558432e7b980
        0x558432e7b980
        0x558432e7b980
        0x558432e7b980
        0x558432e7b980
]: 1
@preempt_stack[
        0x7f949c9ce4d8
        0x558431b42e78
        0x558431b42e78
        0x558431b42e78
        0x558431b42e78
        0x558431b42e78
        0x558431b42e78
        0x558431b42e78
        0x558431b42e78
        0x558431b42e78
        0x558431b42e78
        0x558431b42e78
        0x558431b42e78
        0x558431b42e78
        0x558431b42e78
        0x558431b42e78
        0x558431b42e78
        0x558431b42e78
        0x558431b42e78
        0x558431b42e78
        0x558431b42e78
        0x558431b42e78
        0x558431b42e78
        0x558431b42e78
        0x558431b42e78
        0x558431b42e78
        0x558431b42e78
        0x558431b42e78
        0x558431b42e78
        0x558431b42e78
        0x558431b42e78
        0x558431b42e78
        0x558431b42e78
        0x558431b42e78
        0x558431b42e78
        0x558431b42e78
        0x558431b42e78
        0x558431b42e78
        0x558431b42e78
        0x558431b42e78
        0x558431b42e78
        0x558431b42e78
        0x558431b42e78
        0x558431b42e78
        0x558431b42e78
        0x558431b42e78
        0x558431b42e78
        0x558431b42e78
        0x558431b42e78
        0x558431b42e78
        0x558431b42e78
        0x558431b42e78
        0x558431b42e78
        0x558431b42e78
        0x558431b42e78
        0x558431b42e78
        0x558431b42e78
        0x558431b42e78
        0x558431b42e78
        0x558431b42e78
        0x558431b42e78
        0x558431b42e78
        0x558431b42e78
        0x558431b42e78
        0x558431b42e78
        0x558431b42e78
        0x558431b42e78
        0x558431b42e78
        0x558431b42e78
        0x558431b42e78
        0x558431b42e78
        0x558431b42e78
        0x558431b42e78
        0x558431b42e78
        0x558431b42e78
        0x558431b42e78
        0x558431b42e78
        0x558431b42e78
        0x558431b42e78
        0x558431b42e78
        0x558431b42e78
        0x558431b42e78
        0x558431b42e78
        0x558431b42e78
        0x558431b42e78
        0x558431b42e78
        0x558431b42e78
        0x558431b42e78
        0x558431b42e78
        0x558431b42e78
        0x558431b42e78
        0x558431b42e78
        0x558431b42e78
        0x558431b42e78
        0x558431b42e78
        0x558431b42e78
        0x558431b42e78
        0x558431b42e78
        0x558431b42e78
        0x558431b42e78
        0x558431b42e78
        0x558431b42e78
        0x558431b42e78
        0x558431b42e78
        0x558431b42e78
        0x558431b42e78
        0x558431b42e78
        0x558431b42e78
        0x558431b42e78
        0x558431b42e78
        0x558431b42e78
        0x558431b42e78
        0x558431b42e78
        0x558431b42e78
        0x558431b42e78
        0x558431b42e78
        0x558431b42e78
        0x558431b42e78
        0x558431b42e78
        0x558431b42e78
        0x558431b42e78
        0x558431b42e78
        0x558431b42e78
        0x558431b42e78
        0x558431b42e78
        0x558431b42e78
        0x558431b42e78
]: 1
@preempt_stack[
        0x7f953d6baa8b
]: 1
@preempt_stack[
        0x40d5dbdf
        0x40d5befe
        0x40d597a4
        0x40d56ef8
        0x40d56d80
        0x40d53864
        0
        0
        0x558432736408
        0x558432736408
        0x558432736408
        0x558432736408
        0x558432736408
        0x558432736408
        0x558432736408
        0x558432736408
        0x558432736408
        0x558432736408
        0x558432736408
        0x558432736408
        0x558432736408
        0x558432736408
        0x558432736408
        0x558432736408
        0x558432736408
        0x558432736408
        0x558432736408
        0x558432736408
        0x558432736408
        0x558432736408
        0x558432736408
        0x558432736408
        0x558432736408
        0x558432736408
        0x558432736408
        0x558432736408
        0x558432736408
        0x558432736408
        0x558432736408
        0x558432736408
        0x558432736408
        0x558432736408
        0x558432736408
        0x558432736408
        0x558432736408
        0x558432736408
        0x558432736408
        0x558432736408
        0x558432736408
        0x558432736408
        0x558432736408
        0x558432736408
        0x558432736408
        0x558432736408
        0x558432736408
        0x558432736408
        0x558432736408
        0x558432736408
        0x558432736408
        0x558432736408
        0x558432736408
        0x558432736408
        0x558432736408
        0x558432736408
        0x558432736408
        0x558432736408
        0x558432736408
        0x558432736408
        0x558432736408
        0x558432736408
        0x558432736408
        0x558432736408
        0x558432736408
        0x558432736408
        0x558432736408
        0x558432736408
        0x558432736408
        0x558432736408
        0x558432736408
        0x558432736408
        0x558432736408
        0x558432736408
        0x558432736408
        0x558432736408
        0x558432736408
        0x558432736408
        0x558432736408
        0x558432736408
        0x558432736408
        0x558432736408
        0x558432736408
        0x558432736408
        0x558432736408
        0x558432736408
        0x558432736408
        0x558432736408
        0x558432736408
        0x558432736408
        0x558432736408
        0x558432736408
        0x558432736408
        0x558432736408
        0x558432736408
        0x558432736408
        0x558432736408
        0x558432736408
        0x558432736408
        0x558432736408
        0x558432736408
        0x558432736408
        0x558432736408
        0x558432736408
        0x558432736408
        0x558432736408
        0x558432736408
        0x558432736408
        0x558432736408
        0x558432736408
        0x558432736408
        0x558432736408
        0x558432736408
        0x558432736408
        0x558432736408
        0x558432736408
        0x558432736408
        0x558432736408
        0x558432736408
]: 1
@preempt_stack[
        GC_dirty_inner+41
        0x7f9502e05e80
]: 1
@preempt_stack[
        0x40444380
]: 1
@preempt_stack[
        0x7f953cbb88fd
        0x7f9500010000
        0x7f9501f0d770
        0x58
        0x7f91b00000
]: 1
@preempt_stack[
        0x7f949ca3fa39
        0
        0x1800000000000001
        0x558432861810
        0x558432861810
        0x558432861810
        0x558432861810
        0x558432861810
        0x558432861810
        0x558432861810
        0x558432861810
        0x558432861810
        0x558432861810
        0x558432861810
        0x558432861810
        0x558432861810
        0x558432861810
        0x558432861810
        0x558432861810
        0x558432861810
        0x558432861810
        0x558432861810
        0x558432861810
        0x558432861810
        0x558432861810
        0x558432861810
        0x558432861810
        0x558432861810
        0x558432861810
        0x558432861810
        0x558432861810
        0x558432861810
        0x558432861810
        0x558432861810
        0x558432861810
        0x558432861810
        0x558432861810
        0x558432861810
        0x558432861810
        0x558432861810
        0x558432861810
        0x558432861810
        0x558432861810
        0x558432861810
        0x558432861810
        0x558432861810
        0x558432861810
        0x558432861810
        0x558432861810
        0x558432861810
        0x558432861810
        0x558432861810
        0x558432861810
        0x558432861810
        0x558432861810
        0x558432861810
        0x558432861810
        0x558432861810
        0x558432861810
        0x558432861810
        0x558432861810
        0x558432861810
        0x558432861810
        0x558432861810
        0x558432861810
        0x558432861810
        0x558432861810
        0x558432861810
        0x558432861810
        0x558432861810
        0x558432861810
        0x558432861810
        0x558432861810
        0x558432861810
        0x558432861810
        0x558432861810
        0x558432861810
        0x558432861810
        0x558432861810
        0x558432861810
        0x558432861810
        0x558432861810
        0x558432861810
        0x558432861810
        0x558432861810
        0x558432861810
        0x558432861810
        0x558432861810
        0x558432861810
        0x558432861810
        0x558432861810
        0x558432861810
        0x558432861810
        0x558432861810
        0x558432861810
        0x558432861810
        0x558432861810
        0x558432861810
        0x558432861810
        0x558432861810
        0x558432861810
        0x558432861810
        0x558432861810
        0x558432861810
        0x558432861810
        0x558432861810
        0x558432861810
        0x558432861810
        0x558432861810
        0x558432861810
        0x558432861810
        0x558432861810
        0x558432861810
        0x558432861810
        0x558432861810
        0x558432861810
        0x558432861810
        0x558432861810
        0x558432861810
        0x558432861810
        0x558432861810
        0x558432861810
        0x558432861810
        0x558432861810
        0x558432861810
        0x558432861810
        0x558432861810
]: 1
@preempt_stack[
        0x7f953d904851
]: 1
@preempt_stack[
        0x40d067fe
        0
        0x2000000000000001
        0x558432740e50
        0x558432740e50
        0x558432740e50
        0x558432740e50
        0x558432740e50
        0x558432740e50
        0x558432740e50
        0x558432740e50
        0x558432740e50
        0x558432740e50
        0x558432740e50
        0x558432740e50
        0x558432740e50
        0x558432740e50
        0x558432740e50
        0x558432740e50
        0x558432740e50
        0x558432740e50
        0x558432740e50
        0x558432740e50
        0x558432740e50
        0x558432740e50
        0x558432740e50
        0x558432740e50
        0x558432740e50
        0x558432740e50
        0x558432740e50
        0x558432740e50
        0x558432740e50
        0x558432740e50
        0x558432740e50
        0x558432740e50
        0x558432740e50
        0x558432740e50
        0x558432740e50
        0x558432740e50
        0x558432740e50
        0x558432740e50
        0x558432740e50
        0x558432740e50
        0x558432740e50
        0x558432740e50
        0x558432740e50
        0x558432740e50
        0x558432740e50
        0x558432740e50
        0x558432740e50
        0x558432740e50
        0x558432740e50
        0x558432740e50
        0x558432740e50
        0x558432740e50
        0x558432740e50
        0x558432740e50
        0x558432740e50
        0x558432740e50
        0x558432740e50
        0x558432740e50
        0x558432740e50
        0x558432740e50
        0x558432740e50
        0x558432740e50
        0x558432740e50
        0x558432740e50
        0x558432740e50
        0x558432740e50
        0x558432740e50
        0x558432740e50
        0x558432740e50
        0x558432740e50
        0x558432740e50
        0x558432740e50
        0x558432740e50
        0x558432740e50
        0x558432740e50
        0x558432740e50
        0x558432740e50
        0x558432740e50
        0x558432740e50
        0x558432740e50
        0x558432740e50
        0x558432740e50
        0x558432740e50
        0x558432740e50
        0x558432740e50
        0x558432740e50
        0x558432740e50
        0x558432740e50
        0x558432740e50
        0x558432740e50
        0x558432740e50
        0x558432740e50
        0x558432740e50
        0x558432740e50
        0x558432740e50
        0x558432740e50
        0x558432740e50
        0x558432740e50
        0x558432740e50
        0x558432740e50
        0x558432740e50
        0x558432740e50
        0x558432740e50
        0x558432740e50
        0x558432740e50
        0x558432740e50
        0x558432740e50
        0x558432740e50
        0x558432740e50
        0x558432740e50
        0x558432740e50
        0x558432740e50
        0x558432740e50
        0x558432740e50
        0x558432740e50
        0x558432740e50
        0x558432740e50
        0x558432740e50
        0x558432740e50
        0x558432740e50
        0x558432740e50
        0x558432740e50
        0x558432740e50
        0x558432740e50
]: 1
@preempt_stack[
        0x7f953d9015ec
        0x901092309200918
]: 1
@preempt_stack[
        0x7f953dd315c5
        0x7f9447f845b0
]: 1
@preempt_stack[
        0x7f953d907678
        0x7f95006a9140
]: 1
@preempt_stack[
        0x7f953e32c0e6
]: 1
@preempt_stack[
        0x7f953d7ba1d8
        0xc400038ffcbbe6a
        0x7f953d8b2af0
        0x4810c08348012aac
]: 1
@preempt_stack[
        0x7f953da023ff
]: 1
@preempt_stack[
        0x40d62bc0
        0x40d65160
        0x40d63cac
        0x40d72100
        0x40d72083
        0x40d5ad0e
        0x40d56ef8
        0x40d56d80
        0x40d53864
        0
        0
        0x558432736408
        0x558432736408
        0x558432736408
        0x558432736408
        0x558432736408
        0x558432736408
        0x558432736408
        0x558432736408
        0x558432736408
        0x558432736408
        0x558432736408
        0x558432736408
        0x558432736408
        0x558432736408
        0x558432736408
        0x558432736408
        0x558432736408
        0x558432736408
        0x558432736408
        0x558432736408
        0x558432736408
        0x558432736408
        0x558432736408
        0x558432736408
        0x558432736408
        0x558432736408
        0x558432736408
        0x558432736408
        0x558432736408
        0x558432736408
        0x558432736408
        0x558432736408
        0x558432736408
        0x558432736408
        0x558432736408
        0x558432736408
        0x558432736408
        0x558432736408
        0x558432736408
        0x558432736408
        0x558432736408
        0x558432736408
        0x558432736408
        0x558432736408
        0x558432736408
        0x558432736408
        0x558432736408
        0x558432736408
        0x558432736408
        0x558432736408
        0x558432736408
        0x558432736408
        0x558432736408
        0x558432736408
        0x558432736408
        0x558432736408
        0x558432736408
        0x558432736408
        0x558432736408
        0x558432736408
        0x558432736408
        0x558432736408
        0x558432736408
        0x558432736408
        0x558432736408
        0x558432736408
        0x558432736408
        0x558432736408
        0x558432736408
        0x558432736408
        0x558432736408
        0x558432736408
        0x558432736408
        0x558432736408
        0x558432736408
        0x558432736408
        0x558432736408
        0x558432736408
        0x558432736408
        0x558432736408
        0x558432736408
        0x558432736408
        0x558432736408
        0x558432736408
        0x558432736408
        0x558432736408
        0x558432736408
        0x558432736408
        0x558432736408
        0x558432736408
        0x558432736408
        0x558432736408
        0x558432736408
        0x558432736408
        0x558432736408
        0x558432736408
        0x558432736408
        0x558432736408
        0x558432736408
        0x558432736408
        0x558432736408
        0x558432736408
        0x558432736408
        0x558432736408
        0x558432736408
        0x558432736408
        0x558432736408
        0x558432736408
        0x558432736408
        0x558432736408
        0x558432736408
        0x558432736408
        0x558432736408
        0x558432736408
        0x558432736408
        0x558432736408
]: 1
@preempt_stack[
        0x40cdbf02
]: 1
@preempt_stack[
        0x7f953d90161e
        0x78e078107840781
]: 1
@preempt_stack[
        __pthread_mutex_unlock+125
        0
        0x83800000000001
        0x558431b49658
        0x558431b49658
        0x558431b49658
        0x558431b49658
        0x558431b49658
        0x558431b49658
        0x558431b49658
        0x558431b49658
        0x558431b49658
        0x558431b49658
        0x558431b49658
        0x558431b49658
        0x558431b49658
        0x558431b49658
        0x558431b49658
        0x558431b49658
        0x558431b49658
        0x558431b49658
        0x558431b49658
        0x558431b49658
        0x558431b49658
        0x558431b49658
        0x558431b49658
        0x558431b49658
        0x558431b49658
        0x558431b49658
        0x558431b49658
        0x558431b49658
        0x558431b49658
        0x558431b49658
        0x558431b49658
        0x558431b49658
        0x558431b49658
        0x558431b49658
        0x558431b49658
        0x558431b49658
        0x558431b49658
        0x558431b49658
        0x558431b49658
        0x558431b49658
        0x558431b49658
        0x558431b49658
        0x558431b49658
        0x558431b49658
        0x558431b49658
        0x558431b49658
        0x558431b49658
        0x558431b49658
        0x558431b49658
        0x558431b49658
        0x558431b49658
        0x558431b49658
        0x558431b49658
        0x558431b49658
        0x558431b49658
        0x558431b49658
        0x558431b49658
        0x558431b49658
        0x558431b49658
        0x558431b49658
        0x558431b49658
        0x558431b49658
        0x558431b49658
        0x558431b49658
        0x558431b49658
        0x558431b49658
        0x558431b49658
        0x558431b49658
        0x558431b49658
        0x558431b49658
        0x558431b49658
        0x558431b49658
        0x558431b49658
        0x558431b49658
        0x558431b49658
        0x558431b49658
        0x558431b49658
        0x558431b49658
        0x558431b49658
        0x558431b49658
        0x558431b49658
        0x558431b49658
        0x558431b49658
        0x558431b49658
        0x558431b49658
        0x558431b49658
        0x558431b49658
        0x558431b49658
        0x558431b49658
        0x558431b49658
        0x558431b49658
        0x558431b49658
        0x558431b49658
        0x558431b49658
        0x558431b49658
        0x558431b49658
        0x558431b49658
        0x558431b49658
        0x558431b49658
        0x558431b49658
        0x558431b49658
        0x558431b49658
        0x558431b49658
        0x558431b49658
        0x558431b49658
        0x558431b49658
        0x558431b49658
        0x558431b49658
        0x558431b49658
        0x558431b49658
        0x558431b49658
        0x558431b49658
        0x558431b49658
        0x558431b49658
        0x558431b49658
        0x558431b49658
        0x558431b49658
        0x558431b49658
        0x558431b49658
        0x558431b49658
        0x558431b49658
        0x558431b49658
        0x558431b49658
        0x558431b49658
]: 1
@preempt_stack[
        0x7f953d90594c
        0x70107060704070e
]: 1
@preempt_stack[
        0x7f949ca56df7
]: 1
@preempt_stack[
        0x40d5ddee
        0x40d5befe
        0x40d5977c
        0x40d56ef8
        0x40d56d80
        0x40d53864
        0
        0
        0x558432736408
        0x558432736408
        0x558432736408
        0x558432736408
        0x558432736408
        0x558432736408
        0x558432736408
        0x558432736408
        0x558432736408
        0x558432736408
        0x558432736408
        0x558432736408
        0x558432736408
        0x558432736408
        0x558432736408
        0x558432736408
        0x558432736408
        0x558432736408
        0x558432736408
        0x558432736408
        0x558432736408
        0x558432736408
        0x558432736408
        0x558432736408
        0x558432736408
        0x558432736408
        0x558432736408
        0x558432736408
        0x558432736408
        0x558432736408
        0x558432736408
        0x558432736408
        0x558432736408
        0x558432736408
        0x558432736408
        0x558432736408
        0x558432736408
        0x558432736408
        0x558432736408
        0x558432736408
        0x558432736408
        0x558432736408
        0x558432736408
        0x558432736408
        0x558432736408
        0x558432736408
        0x558432736408
        0x558432736408
        0x558432736408
        0x558432736408
        0x558432736408
        0x558432736408
        0x558432736408
        0x558432736408
        0x558432736408
        0x558432736408
        0x558432736408
        0x558432736408
        0x558432736408
        0x558432736408
        0x558432736408
        0x558432736408
        0x558432736408
        0x558432736408
        0x558432736408
        0x558432736408
        0x558432736408
        0x558432736408
        0x558432736408
        0x558432736408
        0x558432736408
        0x558432736408
        0x558432736408
        0x558432736408
        0x558432736408
        0x558432736408
        0x558432736408
        0x558432736408
        0x558432736408
        0x558432736408
        0x558432736408
        0x558432736408
        0x558432736408
        0x558432736408
        0x558432736408
        0x558432736408
        0x558432736408
        0x558432736408
        0x558432736408
        0x558432736408
        0x558432736408
        0x558432736408
        0x558432736408
        0x558432736408
        0x558432736408
        0x558432736408
        0x558432736408
        0x558432736408
        0x558432736408
        0x558432736408
        0x558432736408
        0x558432736408
        0x558432736408
        0x558432736408
        0x558432736408
        0x558432736408
        0x558432736408
        0x558432736408
        0x558432736408
        0x558432736408
        0x558432736408
        0x558432736408
        0x558432736408
        0x558432736408
        0x558432736408
        0x558432736408
        0x558432736408
        0x558432736408
        0x558432736408
]: 1
@preempt_stack[
        0x7f953d9015e4
        0xf0b0f010f040f0c
]: 1
@preempt_stack[
        0x7f953dd1fe6f
        0x3f8000003e010000
        0x7f950719aff0
        0x58
]: 1
@preempt_stack[
        0x402c6482
        0x40ac9ddc
        0x40a8a76e
        0x40407e56
        0x40403d24
        0x7f949c846428
        0x7f949c9e578f
        0x558431b82490
]: 1
@preempt_stack[
        0x7f949c9ce4ca
        0x120000
        0x558435947140
        0x558435947140
        0x558435947140
        0x558435947140
        0x558435947140
        0x558435947140
        0x558435947140
        0x558435947140
        0x558435947140
        0x558435947140
        0x558435947140
        0x558435947140
        0x558435947140
        0x558435947140
        0x558435947140
        0x558435947140
        0x558435947140
        0x558435947140
        0x558435947140
        0x558435947140
        0x558435947140
        0x558435947140
        0x558435947140
        0x558435947140
        0x558435947140
        0x558435947140
        0x558435947140
        0x558435947140
        0x558435947140
        0x558435947140
        0x558435947140
        0x558435947140
        0x558435947140
        0x558435947140
        0x558435947140
        0x558435947140
        0x558435947140
        0x558435947140
        0x558435947140
        0x558435947140
        0x558435947140
        0x558435947140
        0x558435947140
        0x558435947140
        0x558435947140
        0x558435947140
        0x558435947140
        0x558435947140
        0x558435947140
        0x558435947140
        0x558435947140
        0x558435947140
        0x558435947140
        0x558435947140
        0x558435947140
        0x558435947140
        0x558435947140
        0x558435947140
        0x558435947140
        0x558435947140
        0x558435947140
        0x558435947140
        0x558435947140
        0x558435947140
        0x558435947140
        0x558435947140
        0x558435947140
        0x558435947140
        0x558435947140
        0x558435947140
        0x558435947140
        0x558435947140
        0x558435947140
        0x558435947140
        0x558435947140
        0x558435947140
        0x558435947140
        0x558435947140
        0x558435947140
        0x558435947140
        0x558435947140
        0x558435947140
        0x558435947140
        0x558435947140
        0x558435947140
        0x558435947140
        0x558435947140
        0x558435947140
        0x558435947140
        0x558435947140
        0x558435947140
        0x558435947140
        0x558435947140
        0x558435947140
        0x558435947140
        0x558435947140
        0x558435947140
        0x558435947140
        0x558435947140
        0x558435947140
        0x558435947140
        0x558435947140
        0x558435947140
        0x558435947140
        0x558435947140
        0x558435947140
        0x558435947140
        0x558435947140
        0x558435947140
        0x558435947140
        0x558435947140
        0x558435947140
        0x558435947140
        0x558435947140
        0x558435947140
        0x558435947140
        0x558435947140
        0x558435947140
        0x558435947140
        0x558435947140
        0x558435947140
        0x558435947140
        0x558435947140
        0x558435947140
        0x558435947140
]: 1
@preempt_stack[
        0x7f953cbb8840
]: 1
@preempt_stack[
        0x7f953d9073e3
        0x3831207265
]: 1
@preempt_stack[
        0x7f953d9058ae
        0x481048104840481
]: 1
@preempt_stack[
        0x40caef06
        0x40eac640
        0x40ea95d9
        0x40ca69ba
        0x40407e56
        0x40403d24
        0x7f949c846428
        0x7f949c9e578f
        0x558431b82490
]: 1
@preempt_stack[
        0x7f953d6d3672
        0x4600000000bf7818
]: 1
@preempt_stack[
        0x7f953dd1a3d4
        0x7f9500001228
        0
]: 1
@preempt_stack[
        0x40caef03
        0
        0x2000000000000001
        0x558432740e50
        0x558432740e50
        0x558432740e50
        0x558432740e50
        0x558432740e50
        0x558432740e50
        0x558432740e50
        0x558432740e50
        0x558432740e50
        0x558432740e50
        0x558432740e50
        0x558432740e50
        0x558432740e50
        0x558432740e50
        0x558432740e50
        0x558432740e50
        0x558432740e50
        0x558432740e50
        0x558432740e50
        0x558432740e50
        0x558432740e50
        0x558432740e50
        0x558432740e50
        0x558432740e50
        0x558432740e50
        0x558432740e50
        0x558432740e50
        0x558432740e50
        0x558432740e50
        0x558432740e50
        0x558432740e50
        0x558432740e50
        0x558432740e50
        0x558432740e50
        0x558432740e50
        0x558432740e50
        0x558432740e50
        0x558432740e50
        0x558432740e50
        0x558432740e50
        0x558432740e50
        0x558432740e50
        0x558432740e50
        0x558432740e50
        0x558432740e50
        0x558432740e50
        0x558432740e50
        0x558432740e50
        0x558432740e50
        0x558432740e50
        0x558432740e50
        0x558432740e50
        0x558432740e50
        0x558432740e50
        0x558432740e50
        0x558432740e50
        0x558432740e50
        0x558432740e50
        0x558432740e50
        0x558432740e50
        0x558432740e50
        0x558432740e50
        0x558432740e50
        0x558432740e50
        0x558432740e50
        0x558432740e50
        0x558432740e50
        0x558432740e50
        0x558432740e50
        0x558432740e50
        0x558432740e50
        0x558432740e50
        0x558432740e50
        0x558432740e50
        0x558432740e50
        0x558432740e50
        0x558432740e50
        0x558432740e50
        0x558432740e50
        0x558432740e50
        0x558432740e50
        0x558432740e50
        0x558432740e50
        0x558432740e50
        0x558432740e50
        0x558432740e50
        0x558432740e50
        0x558432740e50
        0x558432740e50
        0x558432740e50
        0x558432740e50
        0x558432740e50
        0x558432740e50
        0x558432740e50
        0x558432740e50
        0x558432740e50
        0x558432740e50
        0x558432740e50
        0x558432740e50
        0x558432740e50
        0x558432740e50
        0x558432740e50
        0x558432740e50
        0x558432740e50
        0x558432740e50
        0x558432740e50
        0x558432740e50
        0x558432740e50
        0x558432740e50
        0x558432740e50
        0x558432740e50
        0x558432740e50
        0x558432740e50
        0x558432740e50
        0x558432740e50
        0x558432740e50
        0x558432740e50
        0x558432740e50
        0x558432740e50
        0x558432740e50
        0x558432740e50
        0x558432740e50
        0x558432740e50
        0x558432740e50
]: 1
@preempt_stack[
        0x7f953d7da507
        0
        0x7f94869e9be8
        0
        0x7f94859e7be8
        0
        0
        0
        0
        0
        0
        0
        0
        0
        0
        0
        0
        0
        0
        0
        0
        0
        0
        0
        0
        0
        0
        0
        0x7f9476ebfcf0
        0x7ffcbefc4500
]: 1
@preempt_stack[
        0x7f953d6baac2
]: 1
@preempt_stack[
        0x40cac421
]: 1
@preempt_stack[
        0x7f953d905b30
]: 1
@preempt_stack[
        0x404417b8
]: 1
@preempt_stack[
        0x40cad9bd
        0x40cad7b4
        0x40cabc4c
        0x40cab139
        0x40ca6ac7
        0x40407e56
        0x40403d24
        0x7f949c846428
        0x7f949c9e578f
        0x558431b82490
]: 1
@preempt_stack[
        0x7f953d9076a5
        0x7f95006f1ec0
        0xd8b0d820d800d72
]: 1
@preempt_stack[
        0x4045e941
        0x4046dfb8
        0x40785934
        0x401c67a6
        0x7f949c846428
        0x7f949c9e578f
        0x558431b82490
]: 1
@preempt_stack[
        0x7f953caa9847
        0x2c00088000007f93
]: 1
@preempt_stack[
        0x7f953dcd3082
        0xc410c670c440c42
]: 1
@preempt_stack[
        0x7f953d9077a1
        0x7f95007021c0
]: 1
@preempt_stack[
        0x7f953d9077d7
        0
]: 1
@preempt_stack[
        0x7f953e6db5b0
        0x7f9500cb2290
        0x7f953e66e030
]: 1
@preempt_stack[
        0x7f949c9cb77e
        0x120000
        0x558431e4f788
        0x558431e4f788
        0x558431e4f788
        0x558431e4f788
        0x558431e4f788
        0x558431e4f788
        0x558431e4f788
        0x558431e4f788
        0x558431e4f788
        0x558431e4f788
        0x558431e4f788
        0x558431e4f788
        0x558431e4f788
        0x558431e4f788
        0x558431e4f788
        0x558431e4f788
        0x558431e4f788
        0x558431e4f788
        0x558431e4f788
        0x558431e4f788
        0x558431e4f788
        0x558431e4f788
        0x558431e4f788
        0x558431e4f788
        0x558431e4f788
        0x558431e4f788
        0x558431e4f788
        0x558431e4f788
        0x558431e4f788
        0x558431e4f788
        0x558431e4f788
        0x558431e4f788
        0x558431e4f788
        0x558431e4f788
        0x558431e4f788
        0x558431e4f788
        0x558431e4f788
        0x558431e4f788
        0x558431e4f788
        0x558431e4f788
        0x558431e4f788
        0x558431e4f788
        0x558431e4f788
        0x558431e4f788
        0x558431e4f788
        0x558431e4f788
        0x558431e4f788
        0x558431e4f788
        0x558431e4f788
        0x558431e4f788
        0x558431e4f788
        0x558431e4f788
        0x558431e4f788
        0x558431e4f788
        0x558431e4f788
        0x558431e4f788
        0x558431e4f788
        0x558431e4f788
        0x558431e4f788
        0x558431e4f788
        0x558431e4f788
        0x558431e4f788
        0x558431e4f788
        0x558431e4f788
        0x558431e4f788
        0x558431e4f788
        0x558431e4f788
        0x558431e4f788
        0x558431e4f788
        0x558431e4f788
        0x558431e4f788
        0x558431e4f788
        0x558431e4f788
        0x558431e4f788
        0x558431e4f788
        0x558431e4f788
        0x558431e4f788
        0x558431e4f788
        0x558431e4f788
        0x558431e4f788
        0x558431e4f788
        0x558431e4f788
        0x558431e4f788
        0x558431e4f788
        0x558431e4f788
        0x558431e4f788
        0x558431e4f788
        0x558431e4f788
        0x558431e4f788
        0x558431e4f788
        0x558431e4f788
        0x558431e4f788
        0x558431e4f788
        0x558431e4f788
        0x558431e4f788
        0x558431e4f788
        0x558431e4f788
        0x558431e4f788
        0x558431e4f788
        0x558431e4f788
        0x558431e4f788
        0x558431e4f788
        0x558431e4f788
        0x558431e4f788
        0x558431e4f788
        0x558431e4f788
        0x558431e4f788
        0x558431e4f788
        0x558431e4f788
        0x558431e4f788
        0x558431e4f788
        0x558431e4f788
        0x558431e4f788
        0x558431e4f788
        0x558431e4f788
        0x558431e4f788
        0x558431e4f788
        0x558431e4f788
        0x558431e4f788
        0x558431e4f788
        0x558431e4f788
        0x558431e4f788
        0x558431e4f788
        0x558431e4f788
        0x558431e4f788
]: 1
@preempt_stack[
        0x7f953dd7bc11
]: 1
@preempt_stack[
        0x7f953dcc68c3
        0x7f9500001637
        0
]: 1
@preempt_stack[
        0x7f953d6bc4fd
]: 1
@preempt_stack[
        0x40d5bcba
        0x40d58cf8
        0x40d56ef8
        0x40d56d80
        0x40d53864
        0
        0
        0x558432736408
        0x558432736408
        0x558432736408
        0x558432736408
        0x558432736408
        0x558432736408
        0x558432736408
        0x558432736408
        0x558432736408
        0x558432736408
        0x558432736408
        0x558432736408
        0x558432736408
        0x558432736408
        0x558432736408
        0x558432736408
        0x558432736408
        0x558432736408
        0x558432736408
        0x558432736408
        0x558432736408
        0x558432736408
        0x558432736408
        0x558432736408
        0x558432736408
        0x558432736408
        0x558432736408
        0x558432736408
        0x558432736408
        0x558432736408
        0x558432736408
        0x558432736408
        0x558432736408
        0x558432736408
        0x558432736408
        0x558432736408
        0x558432736408
        0x558432736408
        0x558432736408
        0x558432736408
        0x558432736408
        0x558432736408
        0x558432736408
        0x558432736408
        0x558432736408
        0x558432736408
        0x558432736408
        0x558432736408
        0x558432736408
        0x558432736408
        0x558432736408
        0x558432736408
        0x558432736408
        0x558432736408
        0x558432736408
        0x558432736408
        0x558432736408
        0x558432736408
        0x558432736408
        0x558432736408
        0x558432736408
        0x558432736408
        0x558432736408
        0x558432736408
        0x558432736408
        0x558432736408
        0x558432736408
        0x558432736408
        0x558432736408
        0x558432736408
        0x558432736408
        0x558432736408
        0x558432736408
        0x558432736408
        0x558432736408
        0x558432736408
        0x558432736408
        0x558432736408
        0x558432736408
        0x558432736408
        0x558432736408
        0x558432736408
        0x558432736408
        0x558432736408
        0x558432736408
        0x558432736408
        0x558432736408
        0x558432736408
        0x558432736408
        0x558432736408
        0x558432736408
        0x558432736408
        0x558432736408
        0x558432736408
        0x558432736408
        0x558432736408
        0x558432736408
        0x558432736408
        0x558432736408
        0x558432736408
        0x558432736408
        0x558432736408
        0x558432736408
        0x558432736408
        0x558432736408
        0x558432736408
        0x558432736408
        0x558432736408
        0x558432736408
        0x558432736408
        0x558432736408
        0x558432736408
        0x558432736408
        0x558432736408
        0x558432736408
        0x558432736408
        0x558432736408
        0x558432736408
        0x558432736408
        0x558432736408
]: 1
@preempt_stack[
        0x7f953dd5175a
]: 1
@preempt_stack[
        0x7f949c9e24bd
        0
]: 1
@preempt_stack[
        0x7f953eea2bdd
        __clock_gettime+29
        0x7f927ce71280
        0
        0x7f93000690c0
]: 1
@preempt_stack[
        0x7f953e66dd1b
        0x7f9500cb2290
        0x7f953e66e030
]: 1
@preempt_stack[
        0x40caf19a
        0
        0x2000000000000001
        0x558432740e50
        0x558432740e50
        0x558432740e50
        0x558432740e50
        0x558432740e50
        0x558432740e50
        0x558432740e50
        0x558432740e50
        0x558432740e50
        0x558432740e50
        0x558432740e50
        0x558432740e50
        0x558432740e50
        0x558432740e50
        0x558432740e50
        0x558432740e50
        0x558432740e50
        0x558432740e50
        0x558432740e50
        0x558432740e50
        0x558432740e50
        0x558432740e50
        0x558432740e50
        0x558432740e50
        0x558432740e50
        0x558432740e50
        0x558432740e50
        0x558432740e50
        0x558432740e50
        0x558432740e50
        0x558432740e50
        0x558432740e50
        0x558432740e50
        0x558432740e50
        0x558432740e50
        0x558432740e50
        0x558432740e50
        0x558432740e50
        0x558432740e50
        0x558432740e50
        0x558432740e50
        0x558432740e50
        0x558432740e50
        0x558432740e50
        0x558432740e50
        0x558432740e50
        0x558432740e50
        0x558432740e50
        0x558432740e50
        0x558432740e50
        0x558432740e50
        0x558432740e50
        0x558432740e50
        0x558432740e50
        0x558432740e50
        0x558432740e50
        0x558432740e50
        0x558432740e50
        0x558432740e50
        0x558432740e50
        0x558432740e50
        0x558432740e50
        0x558432740e50
        0x558432740e50
        0x558432740e50
        0x558432740e50
        0x558432740e50
        0x558432740e50
        0x558432740e50
        0x558432740e50
        0x558432740e50
        0x558432740e50
        0x558432740e50
        0x558432740e50
        0x558432740e50
        0x558432740e50
        0x558432740e50
        0x558432740e50
        0x558432740e50
        0x558432740e50
        0x558432740e50
        0x558432740e50
        0x558432740e50
        0x558432740e50
        0x558432740e50
        0x558432740e50
        0x558432740e50
        0x558432740e50
        0x558432740e50
        0x558432740e50
        0x558432740e50
        0x558432740e50
        0x558432740e50
        0x558432740e50
        0x558432740e50
        0x558432740e50
        0x558432740e50
        0x558432740e50
        0x558432740e50
        0x558432740e50
        0x558432740e50
        0x558432740e50
        0x558432740e50
        0x558432740e50
        0x558432740e50
        0x558432740e50
        0x558432740e50
        0x558432740e50
        0x558432740e50
        0x558432740e50
        0x558432740e50
        0x558432740e50
        0x558432740e50
        0x558432740e50
        0x558432740e50
        0x558432740e50
        0x558432740e50
        0x558432740e50
        0x558432740e50
        0x558432740e50
        0x558432740e50
        0x558432740e50
        0x558432740e50
        0x558432740e50
]: 1
@preempt_stack[
        0x7f953cbb1b04
]: 1
@preempt_stack[
        0x7f949c9eb140
]: 1
@preempt_stack[
        0x401ad9a4
        0
        0x2000000000000001
        0x558432740e50
        0x558432740e50
        0x558432740e50
        0x558432740e50
        0x558432740e50
        0x558432740e50
        0x558432740e50
        0x558432740e50
        0x558432740e50
        0x558432740e50
        0x558432740e50
        0x558432740e50
        0x558432740e50
        0x558432740e50
        0x558432740e50
        0x558432740e50
        0x558432740e50
        0x558432740e50
        0x558432740e50
        0x558432740e50
        0x558432740e50
        0x558432740e50
        0x558432740e50
        0x558432740e50
        0x558432740e50
        0x558432740e50
        0x558432740e50
        0x558432740e50
        0x558432740e50
        0x558432740e50
        0x558432740e50
        0x558432740e50
        0x558432740e50
        0x558432740e50
        0x558432740e50
        0x558432740e50
        0x558432740e50
        0x558432740e50
        0x558432740e50
        0x558432740e50
        0x558432740e50
        0x558432740e50
        0x558432740e50
        0x558432740e50
        0x558432740e50
        0x558432740e50
        0x558432740e50
        0x558432740e50
        0x558432740e50
        0x558432740e50
        0x558432740e50
        0x558432740e50
        0x558432740e50
        0x558432740e50
        0x558432740e50
        0x558432740e50
        0x558432740e50
        0x558432740e50
        0x558432740e50
        0x558432740e50
        0x558432740e50
        0x558432740e50
        0x558432740e50
        0x558432740e50
        0x558432740e50
        0x558432740e50
        0x558432740e50
        0x558432740e50
        0x558432740e50
        0x558432740e50
        0x558432740e50
        0x558432740e50
        0x558432740e50
        0x558432740e50
        0x558432740e50
        0x558432740e50
        0x558432740e50
        0x558432740e50
        0x558432740e50
        0x558432740e50
        0x558432740e50
        0x558432740e50
        0x558432740e50
        0x558432740e50
        0x558432740e50
        0x558432740e50
        0x558432740e50
        0x558432740e50
        0x558432740e50
        0x558432740e50
        0x558432740e50
        0x558432740e50
        0x558432740e50
        0x558432740e50
        0x558432740e50
        0x558432740e50
        0x558432740e50
        0x558432740e50
        0x558432740e50
        0x558432740e50
        0x558432740e50
        0x558432740e50
        0x558432740e50
        0x558432740e50
        0x558432740e50
        0x558432740e50
        0x558432740e50
        0x558432740e50
        0x558432740e50
        0x558432740e50
        0x558432740e50
        0x558432740e50
        0x558432740e50
        0x558432740e50
        0x558432740e50
        0x558432740e50
        0x558432740e50
        0x558432740e50
        0x558432740e50
        0x558432740e50
        0x558432740e50
        0x558432740e50
        0x558432740e50
        0x558432740e50
]: 1
@preempt_stack[
        0x7f953d9076a5
        0x7f95006f1ec0
        0xe420e320e300e3c
]: 1
@preempt_stack[
        pthread_cond_timedwait+266
]: 1
@preempt_stack[
        0x7f949c9dcfa3
        0x120000
        0x558434d2f1c8
        0x558434d2f1c8
        0x558434d2f1c8
        0x558434d2f1c8
        0x558434d2f1c8
        0x558434d2f1c8
        0x558434d2f1c8
        0x558434d2f1c8
        0x558434d2f1c8
        0x558434d2f1c8
        0x558434d2f1c8
        0x558434d2f1c8
        0x558434d2f1c8
        0x558434d2f1c8
        0x558434d2f1c8
        0x558434d2f1c8
        0x558434d2f1c8
        0x558434d2f1c8
        0x558434d2f1c8
        0x558434d2f1c8
        0x558434d2f1c8
        0x558434d2f1c8
        0x558434d2f1c8
        0x558434d2f1c8
        0x558434d2f1c8
        0x558434d2f1c8
        0x558434d2f1c8
        0x558434d2f1c8
        0x558434d2f1c8
        0x558434d2f1c8
        0x558434d2f1c8
        0x558434d2f1c8
        0x558434d2f1c8
        0x558434d2f1c8
        0x558434d2f1c8
        0x558434d2f1c8
        0x558434d2f1c8
        0x558434d2f1c8
        0x558434d2f1c8
        0x558434d2f1c8
        0x558434d2f1c8
        0x558434d2f1c8
        0x558434d2f1c8
        0x558434d2f1c8
        0x558434d2f1c8
        0x558434d2f1c8
        0x558434d2f1c8
        0x558434d2f1c8
        0x558434d2f1c8
        0x558434d2f1c8
        0x558434d2f1c8
        0x558434d2f1c8
        0x558434d2f1c8
        0x558434d2f1c8
        0x558434d2f1c8
        0x558434d2f1c8
        0x558434d2f1c8
        0x558434d2f1c8
        0x558434d2f1c8
        0x558434d2f1c8
        0x558434d2f1c8
        0x558434d2f1c8
        0x558434d2f1c8
        0x558434d2f1c8
        0x558434d2f1c8
        0x558434d2f1c8
        0x558434d2f1c8
        0x558434d2f1c8
        0x558434d2f1c8
        0x558434d2f1c8
        0x558434d2f1c8
        0x558434d2f1c8
        0x558434d2f1c8
        0x558434d2f1c8
        0x558434d2f1c8
        0x558434d2f1c8
        0x558434d2f1c8
        0x558434d2f1c8
        0x558434d2f1c8
        0x558434d2f1c8
        0x558434d2f1c8
        0x558434d2f1c8
        0x558434d2f1c8
        0x558434d2f1c8
        0x558434d2f1c8
        0x558434d2f1c8
        0x558434d2f1c8
        0x558434d2f1c8
        0x558434d2f1c8
        0x558434d2f1c8
        0x558434d2f1c8
        0x558434d2f1c8
        0x558434d2f1c8
        0x558434d2f1c8
        0x558434d2f1c8
        0x558434d2f1c8
        0x558434d2f1c8
        0x558434d2f1c8
        0x558434d2f1c8
        0x558434d2f1c8
        0x558434d2f1c8
        0x558434d2f1c8
        0x558434d2f1c8
        0x558434d2f1c8
        0x558434d2f1c8
        0x558434d2f1c8
        0x558434d2f1c8
        0x558434d2f1c8
        0x558434d2f1c8
        0x558434d2f1c8
        0x558434d2f1c8
        0x558434d2f1c8
        0x558434d2f1c8
        0x558434d2f1c8
        0x558434d2f1c8
        0x558434d2f1c8
        0x558434d2f1c8
        0x558434d2f1c8
        0x558434d2f1c8
        0x558434d2f1c8
        0x558434d2f1c8
        0x558434d2f1c8
        0x558434d2f1c8
        0x558434d2f1c8
        0x558434d2f1c8
]: 1
@preempt_stack[
        0x40d9ce94
        0x40d57d0c
        0x40d56d80
        0x40d53864
        0
        0
        0x558432736408
        0x558432736408
        0x558432736408
        0x558432736408
        0x558432736408
        0x558432736408
        0x558432736408
        0x558432736408
        0x558432736408
        0x558432736408
        0x558432736408
        0x558432736408
        0x558432736408
        0x558432736408
        0x558432736408
        0x558432736408
        0x558432736408
        0x558432736408
        0x558432736408
        0x558432736408
        0x558432736408
        0x558432736408
        0x558432736408
        0x558432736408
        0x558432736408
        0x558432736408
        0x558432736408
        0x558432736408
        0x558432736408
        0x558432736408
        0x558432736408
        0x558432736408
        0x558432736408
        0x558432736408
        0x558432736408
        0x558432736408
        0x558432736408
        0x558432736408
        0x558432736408
        0x558432736408
        0x558432736408
        0x558432736408
        0x558432736408
        0x558432736408
        0x558432736408
        0x558432736408
        0x558432736408
        0x558432736408
        0x558432736408
        0x558432736408
        0x558432736408
        0x558432736408
        0x558432736408
        0x558432736408
        0x558432736408
        0x558432736408
        0x558432736408
        0x558432736408
        0x558432736408
        0x558432736408
        0x558432736408
        0x558432736408
        0x558432736408
        0x558432736408
        0x558432736408
        0x558432736408
        0x558432736408
        0x558432736408
        0x558432736408
        0x558432736408
        0x558432736408
        0x558432736408
        0x558432736408
        0x558432736408
        0x558432736408
        0x558432736408
        0x558432736408
        0x558432736408
        0x558432736408
        0x558432736408
        0x558432736408
        0x558432736408
        0x558432736408
        0x558432736408
        0x558432736408
        0x558432736408
        0x558432736408
        0x558432736408
        0x558432736408
        0x558432736408
        0x558432736408
        0x558432736408
        0x558432736408
        0x558432736408
        0x558432736408
        0x558432736408
        0x558432736408
        0x558432736408
        0x558432736408
        0x558432736408
        0x558432736408
        0x558432736408
        0x558432736408
        0x558432736408
        0x558432736408
        0x558432736408
        0x558432736408
        0x558432736408
        0x558432736408
        0x558432736408
        0x558432736408
        0x558432736408
        0x558432736408
        0x558432736408
        0x558432736408
        0x558432736408
        0x558432736408
        0x558432736408
        0x558432736408
        0x558432736408
        0x558432736408
]: 1
@preempt_stack[
        0x40441bdc
]: 1
@preempt_stack[
        0x7f9331f8eac4
]: 1
@preempt_stack[
        0x7f953d9f48cf
        0x401c67a6
        0x7f949c846428
        0x7f949c9e578f
        0x558431b82490
]: 1
@preempt_stack[
        0x7f953dcc6108
        0x7f9507ba9e70
        0
        0
        0x558431b41458
        0x558431b41458
        0x558431b41458
        0x558431b41458
        0x558431b41458
        0x558431b41458
        0x558431b41458
        0x558431b41458
        0x558431b41458
        0x558431b41458
        0x558431b41458
        0x558431b41458
        0x558431b41458
        0x558431b41458
        0x558431b41458
        0x558431b41458
        0x558431b41458
        0x558431b41458
        0x558431b41458
        0x558431b41458
        0x558431b41458
        0x558431b41458
        0x558431b41458
        0x558431b41458
        0x558431b41458
        0x558431b41458
        0x558431b41458
        0x558431b41458
        0x558431b41458
        0x558431b41458
        0x558431b41458
        0x558431b41458
        0x558431b41458
        0x558431b41458
        0x558431b41458
        0x558431b41458
        0x558431b41458
        0x558431b41458
        0x558431b41458
        0x558431b41458
        0x558431b41458
        0x558431b41458
        0x558431b41458
        0x558431b41458
        0x558431b41458
        0x558431b41458
        0x558431b41458
        0x558431b41458
        0x558431b41458
        0x558431b41458
        0x558431b41458
        0x558431b41458
        0x558431b41458
        0x558431b41458
        0x558431b41458
        0x558431b41458
        0x558431b41458
        0x558431b41458
        0x558431b41458
        0x558431b41458
        0x558431b41458
        0x558431b41458
        0x558431b41458
        0x558431b41458
        0x558431b41458
        0x558431b41458
        0x558431b41458
        0x558431b41458
        0x558431b41458
        0x558431b41458
        0x558431b41458
        0x558431b41458
        0x558431b41458
        0x558431b41458
        0x558431b41458
        0x558431b41458
        0x558431b41458
        0x558431b41458
        0x558431b41458
        0x558431b41458
        0x558431b41458
        0x558431b41458
        0x558431b41458
        0x558431b41458
        0x558431b41458
        0x558431b41458
        0x558431b41458
        0x558431b41458
        0x558431b41458
        0x558431b41458
        0x558431b41458
        0x558431b41458
        0x558431b41458
        0x558431b41458
        0x558431b41458
        0x558431b41458
        0x558431b41458
        0x558431b41458
        0x558431b41458
        0x558431b41458
        0x558431b41458
        0x558431b41458
        0x558431b41458
        0x558431b41458
        0x558431b41458
        0x558431b41458
        0x558431b41458
        0x558431b41458
        0x558431b41458
        0x558431b41458
        0x558431b41458
        0x558431b41458
        0x558431b41458
        0x558431b41458
        0x558431b41458
        0x558431b41458
        0x558431b41458
        0x558431b41458
        0x558431b41458
        0x558431b41458
        0x558431b41458
        0x558431b41458
        0x558431b41458
]: 1
@preempt_stack[
        0x7f953e4a6f2d
        0x200000000022
        0x7f95044cd610
        0xea0003800000000
        0x7f953d6a0ae0
        0x4de807894801469c
]: 1
@preempt_stack[
        mono_metadata_type_hash+80
        0x110000
        0x5584327a4998
        0x5584327a4998
        0x5584327a4998
        0x5584327a4998
        0x5584327a4998
        0x5584327a4998
        0x5584327a4998
        0x5584327a4998
        0x5584327a4998
        0x5584327a4998
        0x5584327a4998
        0x5584327a4998
        0x5584327a4998
        0x5584327a4998
        0x5584327a4998
        0x5584327a4998
        0x5584327a4998
        0x5584327a4998
        0x5584327a4998
        0x5584327a4998
        0x5584327a4998
        0x5584327a4998
        0x5584327a4998
        0x5584327a4998
        0x5584327a4998
        0x5584327a4998
        0x5584327a4998
        0x5584327a4998
        0x5584327a4998
        0x5584327a4998
        0x5584327a4998
        0x5584327a4998
        0x5584327a4998
        0x5584327a4998
        0x5584327a4998
        0x5584327a4998
        0x5584327a4998
        0x5584327a4998
        0x5584327a4998
        0x5584327a4998
        0x5584327a4998
        0x5584327a4998
        0x5584327a4998
        0x5584327a4998
        0x5584327a4998
        0x5584327a4998
        0x5584327a4998
        0x5584327a4998
        0x5584327a4998
        0x5584327a4998
        0x5584327a4998
        0x5584327a4998
        0x5584327a4998
        0x5584327a4998
        0x5584327a4998
        0x5584327a4998
        0x5584327a4998
        0x5584327a4998
        0x5584327a4998
        0x5584327a4998
        0x5584327a4998
        0x5584327a4998
        0x5584327a4998
        0x5584327a4998
        0x5584327a4998
        0x5584327a4998
        0x5584327a4998
        0x5584327a4998
        0x5584327a4998
        0x5584327a4998
        0x5584327a4998
        0x5584327a4998
        0x5584327a4998
        0x5584327a4998
        0x5584327a4998
        0x5584327a4998
        0x5584327a4998
        0x5584327a4998
        0x5584327a4998
        0x5584327a4998
        0x5584327a4998
        0x5584327a4998
        0x5584327a4998
        0x5584327a4998
        0x5584327a4998
        0x5584327a4998
        0x5584327a4998
        0x5584327a4998
        0x5584327a4998
        0x5584327a4998
        0x5584327a4998
        0x5584327a4998
        0x5584327a4998
        0x5584327a4998
        0x5584327a4998
        0x5584327a4998
        0x5584327a4998
        0x5584327a4998
        0x5584327a4998
        0x5584327a4998
        0x5584327a4998
        0x5584327a4998
        0x5584327a4998
        0x5584327a4998
        0x5584327a4998
        0x5584327a4998
        0x5584327a4998
        0x5584327a4998
        0x5584327a4998
        0x5584327a4998
        0x5584327a4998
        0x5584327a4998
        0x5584327a4998
        0x5584327a4998
        0x5584327a4998
        0x5584327a4998
        0x5584327a4998
        0x5584327a4998
        0x5584327a4998
        0x5584327a4998
        0x5584327a4998
        0x5584327a4998
        0x5584327a4998
        0x5584327a4998
        0x5584327a4998
]: 1
@preempt_stack[
        0x40ce0157
]: 1
@preempt_stack[
        GC_dirty_inner+41
        0x401c67a6
        0x7f949c846428
        0x7f949c9e578f
        0x558431b82490
]: 1
@preempt_stack[
        0x7f953e690a2c
        0x7f950140c330
        0x7f953e690660
]: 1
@preempt_stack[
        0x7f953dd51034
]: 1
@preempt_stack[
        0x4044baec
        0x4044b20c
]: 1
@preempt_stack[
        0x40442992
        0
]: 1
@preempt_stack[
        __pthread_getspecific+0
]: 1
@preempt_stack[
        0x7f949c9af6f5
        0x7f9300000001
]: 1
@preempt_stack[
        0x7f953d905a50
        0x541056505630550
]: 1
@preempt_stack[
        0x7f953d9077a1
        0x7f95006a9140
]: 1
@preempt_stack[
        0x7f953e4a6d40
]: 1
@preempt_stack[
        0x4044b8d6
        0x4044b20c
]: 1
@preempt_stack[
        0x7f949c9cb75e
        0x130000
        0
        0
]: 1
@preempt_stack[
        0x40ce1452
        0x40ce12d4
        0x40cdd7b8
        0x40cdd444
]: 1
@preempt_stack[
        0x40441c06
]: 1
@preempt_stack[
        0x40d5b28e
        0x40d59801
        0x40d56ef8
        0x40d56d80
        0x40d53864
        0
        0
        0x558432736408
        0x558432736408
        0x558432736408
        0x558432736408
        0x558432736408
        0x558432736408
        0x558432736408
        0x558432736408
        0x558432736408
        0x558432736408
        0x558432736408
        0x558432736408
        0x558432736408
        0x558432736408
        0x558432736408
        0x558432736408
        0x558432736408
        0x558432736408
        0x558432736408
        0x558432736408
        0x558432736408
        0x558432736408
        0x558432736408
        0x558432736408
        0x558432736408
        0x558432736408
        0x558432736408
        0x558432736408
        0x558432736408
        0x558432736408
        0x558432736408
        0x558432736408
        0x558432736408
        0x558432736408
        0x558432736408
        0x558432736408
        0x558432736408
        0x558432736408
        0x558432736408
        0x558432736408
        0x558432736408
        0x558432736408
        0x558432736408
        0x558432736408
        0x558432736408
        0x558432736408
        0x558432736408
        0x558432736408
        0x558432736408
        0x558432736408
        0x558432736408
        0x558432736408
        0x558432736408
        0x558432736408
        0x558432736408
        0x558432736408
        0x558432736408
        0x558432736408
        0x558432736408
        0x558432736408
        0x558432736408
        0x558432736408
        0x558432736408
        0x558432736408
        0x558432736408
        0x558432736408
        0x558432736408
        0x558432736408
        0x558432736408
        0x558432736408
        0x558432736408
        0x558432736408
        0x558432736408
        0x558432736408
        0x558432736408
        0x558432736408
        0x558432736408
        0x558432736408
        0x558432736408
        0x558432736408
        0x558432736408
        0x558432736408
        0x558432736408
        0x558432736408
        0x558432736408
        0x558432736408
        0x558432736408
        0x558432736408
        0x558432736408
        0x558432736408
        0x558432736408
        0x558432736408
        0x558432736408
        0x558432736408
        0x558432736408
        0x558432736408
        0x558432736408
        0x558432736408
        0x558432736408
        0x558432736408
        0x558432736408
        0x558432736408
        0x558432736408
        0x558432736408
        0x558432736408
        0x558432736408
        0x558432736408
        0x558432736408
        0x558432736408
        0x558432736408
        0x558432736408
        0x558432736408
        0x558432736408
        0x558432736408
        0x558432736408
        0x558432736408
        0x558432736408
        0x558432736408
        0x558432736408
        0x558432736408
]: 1
@preempt_stack[
        0x7f953d9073e0
        0x3231207265
]: 1
@preempt_stack[
        0x7f949c9cb778
        0x130000
        0
        0
        0x55843208ede0
]: 1
@preempt_stack[
        0x7f949c9cb5a2
        0x130000
        0x1
        0
]: 1
@preempt_stack[
        0x7f953dd51389
]: 1
@preempt_stack[
        0x40d5b8da
        0x40d56ef8
        0x40d56d80
        0x40d53864
        0
        0
        0x558432736408
        0x558432736408
        0x558432736408
        0x558432736408
        0x558432736408
        0x558432736408
        0x558432736408
        0x558432736408
        0x558432736408
        0x558432736408
        0x558432736408
        0x558432736408
        0x558432736408
        0x558432736408
        0x558432736408
        0x558432736408
        0x558432736408
        0x558432736408
        0x558432736408
        0x558432736408
        0x558432736408
        0x558432736408
        0x558432736408
        0x558432736408
        0x558432736408
        0x558432736408
        0x558432736408
        0x558432736408
        0x558432736408
        0x558432736408
        0x558432736408
        0x558432736408
        0x558432736408
        0x558432736408
        0x558432736408
        0x558432736408
        0x558432736408
        0x558432736408
        0x558432736408
        0x558432736408
        0x558432736408
        0x558432736408
        0x558432736408
        0x558432736408
        0x558432736408
        0x558432736408
        0x558432736408
        0x558432736408
        0x558432736408
        0x558432736408
        0x558432736408
        0x558432736408
        0x558432736408
        0x558432736408
        0x558432736408
        0x558432736408
        0x558432736408
        0x558432736408
        0x558432736408
        0x558432736408
        0x558432736408
        0x558432736408
        0x558432736408
        0x558432736408
        0x558432736408
        0x558432736408
        0x558432736408
        0x558432736408
        0x558432736408
        0x558432736408
        0x558432736408
        0x558432736408
        0x558432736408
        0x558432736408
        0x558432736408
        0x558432736408
        0x558432736408
        0x558432736408
        0x558432736408
        0x558432736408
        0x558432736408
        0x558432736408
        0x558432736408
        0x558432736408
        0x558432736408
        0x558432736408
        0x558432736408
        0x558432736408
        0x558432736408
        0x558432736408
        0x558432736408
        0x558432736408
        0x558432736408
        0x558432736408
        0x558432736408
        0x558432736408
        0x558432736408
        0x558432736408
        0x558432736408
        0x558432736408
        0x558432736408
        0x558432736408
        0x558432736408
        0x558432736408
        0x558432736408
        0x558432736408
        0x558432736408
        0x558432736408
        0x558432736408
        0x558432736408
        0x558432736408
        0x558432736408
        0x558432736408
        0x558432736408
        0x558432736408
        0x558432736408
        0x558432736408
        0x558432736408
        0x558432736408
        0x558432736408
        0x558432736408
]: 1
@preempt_stack[
        0x7f953dd2061c
        0x7f9500000f61
        0
]: 1
@preempt_stack[
        0x7f953d9077a1
        0x7f950070a340
]: 1
@preempt_stack[
        0x7f953d905d44
]: 1
@preempt_stack[
        0x7f953d7ba1d8
        0xee00038ffcd0fae
        0x7f953e054ba0
        0x4810c0834800b08c
]: 1
@preempt_stack[
        0x40caf934
        0x40cab139
        0x40ca6ac7
        0x40407e56
        0x40403d24
        0x7f949c846428
        0x7f949c9e578f
        0x558431b82490
]: 1
@preempt_stack[
        0x7f953dcd373c
        0xe480e810e4e0e44
]: 1
@preempt_stack[
        0x7f953cbb7fd3
        0x3f80000000010000
        0x7f9503e4b3f0
        0x58
        0x5800007f9500
]: 1
@preempt_stack[
        0x40caf164
        0
        0x2000000000000001
        0x558432740e50
        0x558432740e50
        0x558432740e50
        0x558432740e50
        0x558432740e50
        0x558432740e50
        0x558432740e50
        0x558432740e50
        0x558432740e50
        0x558432740e50
        0x558432740e50
        0x558432740e50
        0x558432740e50
        0x558432740e50
        0x558432740e50
        0x558432740e50
        0x558432740e50
        0x558432740e50
        0x558432740e50
        0x558432740e50
        0x558432740e50
        0x558432740e50
        0x558432740e50
        0x558432740e50
        0x558432740e50
        0x558432740e50
        0x558432740e50
        0x558432740e50
        0x558432740e50
        0x558432740e50
        0x558432740e50
        0x558432740e50
        0x558432740e50
        0x558432740e50
        0x558432740e50
        0x558432740e50
        0x558432740e50
        0x558432740e50
        0x558432740e50
        0x558432740e50
        0x558432740e50
        0x558432740e50
        0x558432740e50
        0x558432740e50
        0x558432740e50
        0x558432740e50
        0x558432740e50
        0x558432740e50
        0x558432740e50
        0x558432740e50
        0x558432740e50
        0x558432740e50
        0x558432740e50
        0x558432740e50
        0x558432740e50
        0x558432740e50
        0x558432740e50
        0x558432740e50
        0x558432740e50
        0x558432740e50
        0x558432740e50
        0x558432740e50
        0x558432740e50
        0x558432740e50
        0x558432740e50
        0x558432740e50
        0x558432740e50
        0x558432740e50
        0x558432740e50
        0x558432740e50
        0x558432740e50
        0x558432740e50
        0x558432740e50
        0x558432740e50
        0x558432740e50
        0x558432740e50
        0x558432740e50
        0x558432740e50
        0x558432740e50
        0x558432740e50
        0x558432740e50
        0x558432740e50
        0x558432740e50
        0x558432740e50
        0x558432740e50
        0x558432740e50
        0x558432740e50
        0x558432740e50
        0x558432740e50
        0x558432740e50
        0x558432740e50
        0x558432740e50
        0x558432740e50
        0x558432740e50
        0x558432740e50
        0x558432740e50
        0x558432740e50
        0x558432740e50
        0x558432740e50
        0x558432740e50
        0x558432740e50
        0x558432740e50
        0x558432740e50
        0x558432740e50
        0x558432740e50
        0x558432740e50
        0x558432740e50
        0x558432740e50
        0x558432740e50
        0x558432740e50
        0x558432740e50
        0x558432740e50
        0x558432740e50
        0x558432740e50
        0x558432740e50
        0x558432740e50
        0x558432740e50
        0x558432740e50
        0x558432740e50
        0x558432740e50
        0x558432740e50
        0x558432740e50
        0x558432740e50
        0x558432740e50
]: 1
@preempt_stack[
        0x7f953d905a27
        0xe010e270e040e09
]: 1
@preempt_stack[
        0x7f953d9717b4
]: 1
@preempt_stack[
        0x7f949c9e44f9
        0x120000
        0x5584326ee610
        0x5584326ee610
        0x5584326ee610
        0x5584326ee610
        0x5584326ee610
        0x5584326ee610
        0x5584326ee610
        0x5584326ee610
        0x5584326ee610
        0x5584326ee610
        0x5584326ee610
        0x5584326ee610
        0x5584326ee610
        0x5584326ee610
        0x5584326ee610
        0x5584326ee610
        0x5584326ee610
        0x5584326ee610
        0x5584326ee610
        0x5584326ee610
        0x5584326ee610
        0x5584326ee610
        0x5584326ee610
        0x5584326ee610
        0x5584326ee610
        0x5584326ee610
        0x5584326ee610
        0x5584326ee610
        0x5584326ee610
        0x5584326ee610
        0x5584326ee610
        0x5584326ee610
        0x5584326ee610
        0x5584326ee610
        0x5584326ee610
        0x5584326ee610
        0x5584326ee610
        0x5584326ee610
        0x5584326ee610
        0x5584326ee610
        0x5584326ee610
        0x5584326ee610
        0x5584326ee610
        0x5584326ee610
        0x5584326ee610
        0x5584326ee610
        0x5584326ee610
        0x5584326ee610
        0x5584326ee610
        0x5584326ee610
        0x5584326ee610
        0x5584326ee610
        0x5584326ee610
        0x5584326ee610
        0x5584326ee610
        0x5584326ee610
        0x5584326ee610
        0x5584326ee610
        0x5584326ee610
        0x5584326ee610
        0x5584326ee610
        0x5584326ee610
        0x5584326ee610
        0x5584326ee610
        0x5584326ee610
        0x5584326ee610
        0x5584326ee610
        0x5584326ee610
        0x5584326ee610
        0x5584326ee610
        0x5584326ee610
        0x5584326ee610
        0x5584326ee610
        0x5584326ee610
        0x5584326ee610
        0x5584326ee610
        0x5584326ee610
        0x5584326ee610
        0x5584326ee610
        0x5584326ee610
        0x5584326ee610
        0x5584326ee610
        0x5584326ee610
        0x5584326ee610
        0x5584326ee610
        0x5584326ee610
        0x5584326ee610
        0x5584326ee610
        0x5584326ee610
        0x5584326ee610
        0x5584326ee610
        0x5584326ee610
        0x5584326ee610
        0x5584326ee610
        0x5584326ee610
        0x5584326ee610
        0x5584326ee610
        0x5584326ee610
        0x5584326ee610
        0x5584326ee610
        0x5584326ee610
        0x5584326ee610
        0x5584326ee610
        0x5584326ee610
        0x5584326ee610
        0x5584326ee610
        0x5584326ee610
        0x5584326ee610
        0x5584326ee610
        0x5584326ee610
        0x5584326ee610
        0x5584326ee610
        0x5584326ee610
        0x5584326ee610
        0x5584326ee610
        0x5584326ee610
        0x5584326ee610
        0x5584326ee610
        0x5584326ee610
        0x5584326ee610
        0x5584326ee610
        0x5584326ee610
        0x5584326ee610
        0x5584326ee610
        0x5584326ee610
]: 1
@preempt_stack[
        0x7f953d7ba1d8
        0xd200038ffca58cc
        0x7f953d884770
        0x8d48012d942a058b
]: 1
@preempt_stack[
        0x41ff8e80
        0x40407e56
        0x40403d24
        0x7f949c846428
        0x7f949c9e578f
        0x558431b82490
]: 1
@preempt_stack[
        0x7f949c9dcfa3
        0x110000
        0x558434b0d548
        0x558434b0d548
        0x558434b0d548
        0x558434b0d548
        0x558434b0d548
        0x558434b0d548
        0x558434b0d548
        0x558434b0d548
        0x558434b0d548
        0x558434b0d548
        0x558434b0d548
        0x558434b0d548
        0x558434b0d548
        0x558434b0d548
        0x558434b0d548
        0x558434b0d548
        0x558434b0d548
        0x558434b0d548
        0x558434b0d548
        0x558434b0d548
        0x558434b0d548
        0x558434b0d548
        0x558434b0d548
        0x558434b0d548
        0x558434b0d548
        0x558434b0d548
        0x558434b0d548
        0x558434b0d548
        0x558434b0d548
        0x558434b0d548
        0x558434b0d548
        0x558434b0d548
        0x558434b0d548
        0x558434b0d548
        0x558434b0d548
        0x558434b0d548
        0x558434b0d548
        0x558434b0d548
        0x558434b0d548
        0x558434b0d548
        0x558434b0d548
        0x558434b0d548
        0x558434b0d548
        0x558434b0d548
        0x558434b0d548
        0x558434b0d548
        0x558434b0d548
        0x558434b0d548
        0x558434b0d548
        0x558434b0d548
        0x558434b0d548
        0x558434b0d548
        0x558434b0d548
        0x558434b0d548
        0x558434b0d548
        0x558434b0d548
        0x558434b0d548
        0x558434b0d548
        0x558434b0d548
        0x558434b0d548
        0x558434b0d548
        0x558434b0d548
        0x558434b0d548
        0x558434b0d548
        0x558434b0d548
        0x558434b0d548
        0x558434b0d548
        0x558434b0d548
        0x558434b0d548
        0x558434b0d548
        0x558434b0d548
        0x558434b0d548
        0x558434b0d548
        0x558434b0d548
        0x558434b0d548
        0x558434b0d548
        0x558434b0d548
        0x558434b0d548
        0x558434b0d548
        0x558434b0d548
        0x558434b0d548
        0x558434b0d548
        0x558434b0d548
        0x558434b0d548
        0x558434b0d548
        0x558434b0d548
        0x558434b0d548
        0x558434b0d548
        0x558434b0d548
        0x558434b0d548
        0x558434b0d548
        0x558434b0d548
        0x558434b0d548
        0x558434b0d548
        0x558434b0d548
        0x558434b0d548
        0x558434b0d548
        0x558434b0d548
        0x558434b0d548
        0x558434b0d548
        0x558434b0d548
        0x558434b0d548
        0x558434b0d548
        0x558434b0d548
        0x558434b0d548
        0x558434b0d548
        0x558434b0d548
        0x558434b0d548
        0x558434b0d548
        0x558434b0d548
        0x558434b0d548
        0x558434b0d548
        0x558434b0d548
        0x558434b0d548
        0x558434b0d548
        0x558434b0d548
        0x558434b0d548
        0x558434b0d548
        0x558434b0d548
        0x558434b0d548
        0x558434b0d548
        0x558434b0d548
        0x558434b0d548
        0x558434b0d548
        0x558434b0d548
]: 1
@preempt_stack[
        mono_g_hash_table_lookup_extended+66
        0x110000
        0x558431fd7718
        0x558431fd7718
        0x558431fd7718
        0x558431fd7718
        0x558431fd7718
        0x558431fd7718
        0x558431fd7718
        0x558431fd7718
        0x558431fd7718
        0x558431fd7718
        0x558431fd7718
        0x558431fd7718
        0x558431fd7718
        0x558431fd7718
        0x558431fd7718
        0x558431fd7718
        0x558431fd7718
        0x558431fd7718
        0x558431fd7718
        0x558431fd7718
        0x558431fd7718
        0x558431fd7718
        0x558431fd7718
        0x558431fd7718
        0x558431fd7718
        0x558431fd7718
        0x558431fd7718
        0x558431fd7718
        0x558431fd7718
        0x558431fd7718
        0x558431fd7718
        0x558431fd7718
        0x558431fd7718
        0x558431fd7718
        0x558431fd7718
        0x558431fd7718
        0x558431fd7718
        0x558431fd7718
        0x558431fd7718
        0x558431fd7718
        0x558431fd7718
        0x558431fd7718
        0x558431fd7718
        0x558431fd7718
        0x558431fd7718
        0x558431fd7718
        0x558431fd7718
        0x558431fd7718
        0x558431fd7718
        0x558431fd7718
        0x558431fd7718
        0x558431fd7718
        0x558431fd7718
        0x558431fd7718
        0x558431fd7718
        0x558431fd7718
        0x558431fd7718
        0x558431fd7718
        0x558431fd7718
        0x558431fd7718
        0x558431fd7718
        0x558431fd7718
        0x558431fd7718
        0x558431fd7718
        0x558431fd7718
        0x558431fd7718
        0x558431fd7718
        0x558431fd7718
        0x558431fd7718
        0x558431fd7718
        0x558431fd7718
        0x558431fd7718
        0x558431fd7718
        0x558431fd7718
        0x558431fd7718
        0x558431fd7718
        0x558431fd7718
        0x558431fd7718
        0x558431fd7718
        0x558431fd7718
        0x558431fd7718
        0x558431fd7718
        0x558431fd7718
        0x558431fd7718
        0x558431fd7718
        0x558431fd7718
        0x558431fd7718
        0x558431fd7718
        0x558431fd7718
        0x558431fd7718
        0x558431fd7718
        0x558431fd7718
        0x558431fd7718
        0x558431fd7718
        0x558431fd7718
        0x558431fd7718
        0x558431fd7718
        0x558431fd7718
        0x558431fd7718
        0x558431fd7718
        0x558431fd7718
        0x558431fd7718
        0x558431fd7718
        0x558431fd7718
        0x558431fd7718
        0x558431fd7718
        0x558431fd7718
        0x558431fd7718
        0x558431fd7718
        0x558431fd7718
        0x558431fd7718
        0x558431fd7718
        0x558431fd7718
        0x558431fd7718
        0x558431fd7718
        0x558431fd7718
        0x558431fd7718
        0x558431fd7718
        0x558431fd7718
        0x558431fd7718
        0x558431fd7718
        0x558431fd7718
        0x558431fd7718
        0x558431fd7718
        0x558431fd7718
]: 1
@preempt_stack[
        0x7f953dd3cfe7
]: 1
@preempt_stack[
        0x40eae91c
        0x40eae6a8
        0x40eac640
        0x40ea95d9
        0x40ca69ba
        0x40407e56
        0x40403d24
        0x7f949c846428
        0x7f949c9e578f
        0x558431b82490
]: 1
@preempt_stack[
        0x7f953dd7bc41
]: 1
@preempt_stack[
        0x7f949ca0c355
        0x7f93f1db7658
        0
        0
        0x558432715cf8
        0x558432715cf8
        0x558432715cf8
        0x558432715cf8
        0x558432715cf8
        0x558432715cf8
        0x558432715cf8
        0x558432715cf8
        0x558432715cf8
        0x558432715cf8
        0x558432715cf8
        0x558432715cf8
        0x558432715cf8
        0x558432715cf8
        0x558432715cf8
        0x558432715cf8
        0x558432715cf8
        0x558432715cf8
        0x558432715cf8
        0x558432715cf8
        0x558432715cf8
        0x558432715cf8
        0x558432715cf8
        0x558432715cf8
        0x558432715cf8
        0x558432715cf8
        0x558432715cf8
        0x558432715cf8
        0x558432715cf8
        0x558432715cf8
        0x558432715cf8
        0x558432715cf8
        0x558432715cf8
        0x558432715cf8
        0x558432715cf8
        0x558432715cf8
        0x558432715cf8
        0x558432715cf8
        0x558432715cf8
        0x558432715cf8
        0x558432715cf8
        0x558432715cf8
        0x558432715cf8
        0x558432715cf8
        0x558432715cf8
        0x558432715cf8
        0x558432715cf8
        0x558432715cf8
        0x558432715cf8
        0x558432715cf8
        0x558432715cf8
        0x558432715cf8
        0x558432715cf8
        0x558432715cf8
        0x558432715cf8
        0x558432715cf8
        0x558432715cf8
        0x558432715cf8
        0x558432715cf8
        0x558432715cf8
        0x558432715cf8
        0x558432715cf8
        0x558432715cf8
        0x558432715cf8
        0x558432715cf8
        0x558432715cf8
        0x558432715cf8
        0x558432715cf8
        0x558432715cf8
        0x558432715cf8
        0x558432715cf8
        0x558432715cf8
        0x558432715cf8
        0x558432715cf8
        0x558432715cf8
        0x558432715cf8
        0x558432715cf8
        0x558432715cf8
        0x558432715cf8
        0x558432715cf8
        0x558432715cf8
        0x558432715cf8
        0x558432715cf8
        0x558432715cf8
        0x558432715cf8
        0x558432715cf8
        0x558432715cf8
        0x558432715cf8
        0x558432715cf8
        0x558432715cf8
        0x558432715cf8
        0x558432715cf8
        0x558432715cf8
        0x558432715cf8
        0x558432715cf8
        0x558432715cf8
        0x558432715cf8
        0x558432715cf8
        0x558432715cf8
        0x558432715cf8
        0x558432715cf8
        0x558432715cf8
        0x558432715cf8
        0x558432715cf8
        0x558432715cf8
        0x558432715cf8
        0x558432715cf8
        0x558432715cf8
        0x558432715cf8
        0x558432715cf8
        0x558432715cf8
        0x558432715cf8
        0x558432715cf8
        0x558432715cf8
        0x558432715cf8
        0x558432715cf8
        0x558432715cf8
        0x558432715cf8
        0x558432715cf8
        0x558432715cf8
        0x558432715cf8
        0x558432715cf8
        0x558432715cf8
]: 1
@preempt_stack[
        0x7f953dcd7bd0
        0x14c014a01450143
]: 1
@preempt_stack[
        0x7f953d905b23
]: 1
@preempt_stack[
        0x7f953d7b7f52
        0x809081808160814
]: 1
@preempt_stack[
        0x7f953da50e4b
        0x45445f434f4c4c41
        0x7f953d6c4040
        0x6c26058d48ff8949
]: 1
@preempt_stack[
        0x7f949c9af6f5
        0x1
]: 1
@preempt_stack[
        0x7f953dd326b0
        0x7f9507ba9e70
        0
        0
        0x558431b41458
        0x558431b41458
        0x558431b41458
        0x558431b41458
        0x558431b41458
        0x558431b41458
        0x558431b41458
        0x558431b41458
        0x558431b41458
        0x558431b41458
        0x558431b41458
        0x558431b41458
        0x558431b41458
        0x558431b41458
        0x558431b41458
        0x558431b41458
        0x558431b41458
        0x558431b41458
        0x558431b41458
        0x558431b41458
        0x558431b41458
        0x558431b41458
        0x558431b41458
        0x558431b41458
        0x558431b41458
        0x558431b41458
        0x558431b41458
        0x558431b41458
        0x558431b41458
        0x558431b41458
        0x558431b41458
        0x558431b41458
        0x558431b41458
        0x558431b41458
        0x558431b41458
        0x558431b41458
        0x558431b41458
        0x558431b41458
        0x558431b41458
        0x558431b41458
        0x558431b41458
        0x558431b41458
        0x558431b41458
        0x558431b41458
        0x558431b41458
        0x558431b41458
        0x558431b41458
        0x558431b41458
        0x558431b41458
        0x558431b41458
        0x558431b41458
        0x558431b41458
        0x558431b41458
        0x558431b41458
        0x558431b41458
        0x558431b41458
        0x558431b41458
        0x558431b41458
        0x558431b41458
        0x558431b41458
        0x558431b41458
        0x558431b41458
        0x558431b41458
        0x558431b41458
        0x558431b41458
        0x558431b41458
        0x558431b41458
        0x558431b41458
        0x558431b41458
        0x558431b41458
        0x558431b41458
        0x558431b41458
        0x558431b41458
        0x558431b41458
        0x558431b41458
        0x558431b41458
        0x558431b41458
        0x558431b41458
        0x558431b41458
        0x558431b41458
        0x558431b41458
        0x558431b41458
        0x558431b41458
        0x558431b41458
        0x558431b41458
        0x558431b41458
        0x558431b41458
        0x558431b41458
        0x558431b41458
        0x558431b41458
        0x558431b41458
        0x558431b41458
        0x558431b41458
        0x558431b41458
        0x558431b41458
        0x558431b41458
        0x558431b41458
        0x558431b41458
        0x558431b41458
        0x558431b41458
        0x558431b41458
        0x558431b41458
        0x558431b41458
        0x558431b41458
        0x558431b41458
        0x558431b41458
        0x558431b41458
        0x558431b41458
        0x558431b41458
        0x558431b41458
        0x558431b41458
        0x558431b41458
        0x558431b41458
        0x558431b41458
        0x558431b41458
        0x558431b41458
        0x558431b41458
        0x558431b41458
        0x558431b41458
        0x558431b41458
        0x558431b41458
        0x558431b41458
        0x558431b41458
]: 1
@preempt_stack[
        0x40d49a90
        0x40d5bfac
        0x40d597cc
        0x40d56ef8
        0x40d56d80
        0x40d53864
        0
        0
        0x558432736408
        0x558432736408
        0x558432736408
        0x558432736408
        0x558432736408
        0x558432736408
        0x558432736408
        0x558432736408
        0x558432736408
        0x558432736408
        0x558432736408
        0x558432736408
        0x558432736408
        0x558432736408
        0x558432736408
        0x558432736408
        0x558432736408
        0x558432736408
        0x558432736408
        0x558432736408
        0x558432736408
        0x558432736408
        0x558432736408
        0x558432736408
        0x558432736408
        0x558432736408
        0x558432736408
        0x558432736408
        0x558432736408
        0x558432736408
        0x558432736408
        0x558432736408
        0x558432736408
        0x558432736408
        0x558432736408
        0x558432736408
        0x558432736408
        0x558432736408
        0x558432736408
        0x558432736408
        0x558432736408
        0x558432736408
        0x558432736408
        0x558432736408
        0x558432736408
        0x558432736408
        0x558432736408
        0x558432736408
        0x558432736408
        0x558432736408
        0x558432736408
        0x558432736408
        0x558432736408
        0x558432736408
        0x558432736408
        0x558432736408
        0x558432736408
        0x558432736408
        0x558432736408
        0x558432736408
        0x558432736408
        0x558432736408
        0x558432736408
        0x558432736408
        0x558432736408
        0x558432736408
        0x558432736408
        0x558432736408
        0x558432736408
        0x558432736408
        0x558432736408
        0x558432736408
        0x558432736408
        0x558432736408
        0x558432736408
        0x558432736408
        0x558432736408
        0x558432736408
        0x558432736408
        0x558432736408
        0x558432736408
        0x558432736408
        0x558432736408
        0x558432736408
        0x558432736408
        0x558432736408
        0x558432736408
        0x558432736408
        0x558432736408
        0x558432736408
        0x558432736408
        0x558432736408
        0x558432736408
        0x558432736408
        0x558432736408
        0x558432736408
        0x558432736408
        0x558432736408
        0x558432736408
        0x558432736408
        0x558432736408
        0x558432736408
        0x558432736408
        0x558432736408
        0x558432736408
        0x558432736408
        0x558432736408
        0x558432736408
        0x558432736408
        0x558432736408
        0x558432736408
        0x558432736408
        0x558432736408
        0x558432736408
        0x558432736408
        0x558432736408
        0x558432736408
        0x558432736408
        0x558432736408
]: 1
@preempt_stack[
        0x40bb3676
        0
        0x2000000000000001
        0x558432740e50
        0x558432740e50
        0x558432740e50
        0x558432740e50
        0x558432740e50
        0x558432740e50
        0x558432740e50
        0x558432740e50
        0x558432740e50
        0x558432740e50
        0x558432740e50
        0x558432740e50
        0x558432740e50
        0x558432740e50
        0x558432740e50
        0x558432740e50
        0x558432740e50
        0x558432740e50
        0x558432740e50
        0x558432740e50
        0x558432740e50
        0x558432740e50
        0x558432740e50
        0x558432740e50
        0x558432740e50
        0x558432740e50
        0x558432740e50
        0x558432740e50
        0x558432740e50
        0x558432740e50
        0x558432740e50
        0x558432740e50
        0x558432740e50
        0x558432740e50
        0x558432740e50
        0x558432740e50
        0x558432740e50
        0x558432740e50
        0x558432740e50
        0x558432740e50
        0x558432740e50
        0x558432740e50
        0x558432740e50
        0x558432740e50
        0x558432740e50
        0x558432740e50
        0x558432740e50
        0x558432740e50
        0x558432740e50
        0x558432740e50
        0x558432740e50
        0x558432740e50
        0x558432740e50
        0x558432740e50
        0x558432740e50
        0x558432740e50
        0x558432740e50
        0x558432740e50
        0x558432740e50
        0x558432740e50
        0x558432740e50
        0x558432740e50
        0x558432740e50
        0x558432740e50
        0x558432740e50
        0x558432740e50
        0x558432740e50
        0x558432740e50
        0x558432740e50
        0x558432740e50
        0x558432740e50
        0x558432740e50
        0x558432740e50
        0x558432740e50
        0x558432740e50
        0x558432740e50
        0x558432740e50
        0x558432740e50
        0x558432740e50
        0x558432740e50
        0x558432740e50
        0x558432740e50
        0x558432740e50
        0x558432740e50
        0x558432740e50
        0x558432740e50
        0x558432740e50
        0x558432740e50
        0x558432740e50
        0x558432740e50
        0x558432740e50
        0x558432740e50
        0x558432740e50
        0x558432740e50
        0x558432740e50
        0x558432740e50
        0x558432740e50
        0x558432740e50
        0x558432740e50
        0x558432740e50
        0x558432740e50
        0x558432740e50
        0x558432740e50
        0x558432740e50
        0x558432740e50
        0x558432740e50
        0x558432740e50
        0x558432740e50
        0x558432740e50
        0x558432740e50
        0x558432740e50
        0x558432740e50
        0x558432740e50
        0x558432740e50
        0x558432740e50
        0x558432740e50
        0x558432740e50
        0x558432740e50
        0x558432740e50
        0x558432740e50
        0x558432740e50
        0x558432740e50
        0x558432740e50
        0x558432740e50
]: 1
@preempt_stack[
        mono_thread_info_install_interrupt+90
        0x100000000
]: 1
@preempt_stack[
        0x40ce0af6
]: 1
@preempt_stack[
        0x7f953e4a68b5
]: 1
@preempt_stack[
        0x7f953e4a68d6
]: 1
@preempt_stack[
        0x7f953dd18174
        0x2
]: 1
@preempt_stack[
        0x40c2eea4
        0x40c41434
        0x40c41000
        0x40a8a76e
        0x40407e56
        0x40403d24
        0x7f949c846428
        0x7f949c9e578f
        0x558431b82490
]: 1
@preempt_stack[
        0x7f949c9dcfa3
        0x110000
        0x558433206d10
        0x558433206d10
        0x558433206d10
        0x558433206d10
        0x558433206d10
        0x558433206d10
        0x558433206d10
        0x558433206d10
        0x558433206d10
        0x558433206d10
        0x558433206d10
        0x558433206d10
        0x558433206d10
        0x558433206d10
        0x558433206d10
        0x558433206d10
        0x558433206d10
        0x558433206d10
        0x558433206d10
        0x558433206d10
        0x558433206d10
        0x558433206d10
        0x558433206d10
        0x558433206d10
        0x558433206d10
        0x558433206d10
        0x558433206d10
        0x558433206d10
        0x558433206d10
        0x558433206d10
        0x558433206d10
        0x558433206d10
        0x558433206d10
        0x558433206d10
        0x558433206d10
        0x558433206d10
        0x558433206d10
        0x558433206d10
        0x558433206d10
        0x558433206d10
        0x558433206d10
        0x558433206d10
        0x558433206d10
        0x558433206d10
        0x558433206d10
        0x558433206d10
        0x558433206d10
        0x558433206d10
        0x558433206d10
        0x558433206d10
        0x558433206d10
        0x558433206d10
        0x558433206d10
        0x558433206d10
        0x558433206d10
        0x558433206d10
        0x558433206d10
        0x558433206d10
        0x558433206d10
        0x558433206d10
        0x558433206d10
        0x558433206d10
        0x558433206d10
        0x558433206d10
        0x558433206d10
        0x558433206d10
        0x558433206d10
        0x558433206d10
        0x558433206d10
        0x558433206d10
        0x558433206d10
        0x558433206d10
        0x558433206d10
        0x558433206d10
        0x558433206d10
        0x558433206d10
        0x558433206d10
        0x558433206d10
        0x558433206d10
        0x558433206d10
        0x558433206d10
        0x558433206d10
        0x558433206d10
        0x558433206d10
        0x558433206d10
        0x558433206d10
        0x558433206d10
        0x558433206d10
        0x558433206d10
        0x558433206d10
        0x558433206d10
        0x558433206d10
        0x558433206d10
        0x558433206d10
        0x558433206d10
        0x558433206d10
        0x558433206d10
        0x558433206d10
        0x558433206d10
        0x558433206d10
        0x558433206d10
        0x558433206d10
        0x558433206d10
        0x558433206d10
        0x558433206d10
        0x558433206d10
        0x558433206d10
        0x558433206d10
        0x558433206d10
        0x558433206d10
        0x558433206d10
        0x558433206d10
        0x558433206d10
        0x558433206d10
        0x558433206d10
        0x558433206d10
        0x558433206d10
        0x558433206d10
        0x558433206d10
        0x558433206d10
        0x558433206d10
        0x558433206d10
        0x558433206d10
        0x558433206d10
        0x558433206d10
]: 1
@preempt_stack[
        0x40d58de0
        0x40d56ef8
        0x40d56d80
        0x40d53864
        0
        0
        0x558432736408
        0x558432736408
        0x558432736408
        0x558432736408
        0x558432736408
        0x558432736408
        0x558432736408
        0x558432736408
        0x558432736408
        0x558432736408
        0x558432736408
        0x558432736408
        0x558432736408
        0x558432736408
        0x558432736408
        0x558432736408
        0x558432736408
        0x558432736408
        0x558432736408
        0x558432736408
        0x558432736408
        0x558432736408
        0x558432736408
        0x558432736408
        0x558432736408
        0x558432736408
        0x558432736408
        0x558432736408
        0x558432736408
        0x558432736408
        0x558432736408
        0x558432736408
        0x558432736408
        0x558432736408
        0x558432736408
        0x558432736408
        0x558432736408
        0x558432736408
        0x558432736408
        0x558432736408
        0x558432736408
        0x558432736408
        0x558432736408
        0x558432736408
        0x558432736408
        0x558432736408
        0x558432736408
        0x558432736408
        0x558432736408
        0x558432736408
        0x558432736408
        0x558432736408
        0x558432736408
        0x558432736408
        0x558432736408
        0x558432736408
        0x558432736408
        0x558432736408
        0x558432736408
        0x558432736408
        0x558432736408
        0x558432736408
        0x558432736408
        0x558432736408
        0x558432736408
        0x558432736408
        0x558432736408
        0x558432736408
        0x558432736408
        0x558432736408
        0x558432736408
        0x558432736408
        0x558432736408
        0x558432736408
        0x558432736408
        0x558432736408
        0x558432736408
        0x558432736408
        0x558432736408
        0x558432736408
        0x558432736408
        0x558432736408
        0x558432736408
        0x558432736408
        0x558432736408
        0x558432736408
        0x558432736408
        0x558432736408
        0x558432736408
        0x558432736408
        0x558432736408
        0x558432736408
        0x558432736408
        0x558432736408
        0x558432736408
        0x558432736408
        0x558432736408
        0x558432736408
        0x558432736408
        0x558432736408
        0x558432736408
        0x558432736408
        0x558432736408
        0x558432736408
        0x558432736408
        0x558432736408
        0x558432736408
        0x558432736408
        0x558432736408
        0x558432736408
        0x558432736408
        0x558432736408
        0x558432736408
        0x558432736408
        0x558432736408
        0x558432736408
        0x558432736408
        0x558432736408
        0x558432736408
        0x558432736408
        0x558432736408
]: 1
@preempt_stack[
        0x7f949ca0f68f
        0x120000
        0x5584327313c0
        0x5584327313c0
        0x5584327313c0
        0x5584327313c0
        0x5584327313c0
        0x5584327313c0
        0x5584327313c0
        0x5584327313c0
        0x5584327313c0
        0x5584327313c0
        0x5584327313c0
        0x5584327313c0
        0x5584327313c0
        0x5584327313c0
        0x5584327313c0
        0x5584327313c0
        0x5584327313c0
        0x5584327313c0
        0x5584327313c0
        0x5584327313c0
        0x5584327313c0
        0x5584327313c0
        0x5584327313c0
        0x5584327313c0
        0x5584327313c0
        0x5584327313c0
        0x5584327313c0
        0x5584327313c0
        0x5584327313c0
        0x5584327313c0
        0x5584327313c0
        0x5584327313c0
        0x5584327313c0
        0x5584327313c0
        0x5584327313c0
        0x5584327313c0
        0x5584327313c0
        0x5584327313c0
        0x5584327313c0
        0x5584327313c0
        0x5584327313c0
        0x5584327313c0
        0x5584327313c0
        0x5584327313c0
        0x5584327313c0
        0x5584327313c0
        0x5584327313c0
        0x5584327313c0
        0x5584327313c0
        0x5584327313c0
        0x5584327313c0
        0x5584327313c0
        0x5584327313c0
        0x5584327313c0
        0x5584327313c0
        0x5584327313c0
        0x5584327313c0
        0x5584327313c0
        0x5584327313c0
        0x5584327313c0
        0x5584327313c0
        0x5584327313c0
        0x5584327313c0
        0x5584327313c0
        0x5584327313c0
        0x5584327313c0
        0x5584327313c0
        0x5584327313c0
        0x5584327313c0
        0x5584327313c0
        0x5584327313c0
        0x5584327313c0
        0x5584327313c0
        0x5584327313c0
        0x5584327313c0
        0x5584327313c0
        0x5584327313c0
        0x5584327313c0
        0x5584327313c0
        0x5584327313c0
        0x5584327313c0
        0x5584327313c0
        0x5584327313c0
        0x5584327313c0
        0x5584327313c0
        0x5584327313c0
        0x5584327313c0
        0x5584327313c0
        0x5584327313c0
        0x5584327313c0
        0x5584327313c0
        0x5584327313c0
        0x5584327313c0
        0x5584327313c0
        0x5584327313c0
        0x5584327313c0
        0x5584327313c0
        0x5584327313c0
        0x5584327313c0
        0x5584327313c0
        0x5584327313c0
        0x5584327313c0
        0x5584327313c0
        0x5584327313c0
        0x5584327313c0
        0x5584327313c0
        0x5584327313c0
        0x5584327313c0
        0x5584327313c0
        0x5584327313c0
        0x5584327313c0
        0x5584327313c0
        0x5584327313c0
        0x5584327313c0
        0x5584327313c0
        0x5584327313c0
        0x5584327313c0
        0x5584327313c0
        0x5584327313c0
        0x5584327313c0
        0x5584327313c0
        0x5584327313c0
        0x5584327313c0
        0x5584327313c0
        0x5584327313c0
]: 1
@preempt_stack[
        0x7f953d9ff734
        0x41f0280f00000038
]: 1
@preempt_stack[
        0x7f953caa9834
]: 1
@preempt_stack[
        0x7f953cbb80dd
        0x41f0280f00000038
]: 1
@preempt_stack[
        0x7f953eea2897
        0x7f953e6fdab2
        0xd52221d0
        0x291c2000291c0
]: 1
@preempt_stack[
        0x7f949ca0d440
]: 1
@preempt_stack[
        0x4044b104
        0x40c40e9c
        0x40c382d8
        0x40a8a76e
        0x40407e56
        0x40403d24
        0x7f949c846428
        0x7f949c9e578f
        0x558431b82490
]: 1
@preempt_stack[
        0x40d5dc3b
        0x40d5befe
        0x40d5977c
        0x40d56ef8
        0x40d56d80
        0x40d53864
        0
        0
        0x558432736408
        0x558432736408
        0x558432736408
        0x558432736408
        0x558432736408
        0x558432736408
        0x558432736408
        0x558432736408
        0x558432736408
        0x558432736408
        0x558432736408
        0x558432736408
        0x558432736408
        0x558432736408
        0x558432736408
        0x558432736408
        0x558432736408
        0x558432736408
        0x558432736408
        0x558432736408
        0x558432736408
        0x558432736408
        0x558432736408
        0x558432736408
        0x558432736408
        0x558432736408
        0x558432736408
        0x558432736408
        0x558432736408
        0x558432736408
        0x558432736408
        0x558432736408
        0x558432736408
        0x558432736408
        0x558432736408
        0x558432736408
        0x558432736408
        0x558432736408
        0x558432736408
        0x558432736408
        0x558432736408
        0x558432736408
        0x558432736408
        0x558432736408
        0x558432736408
        0x558432736408
        0x558432736408
        0x558432736408
        0x558432736408
        0x558432736408
        0x558432736408
        0x558432736408
        0x558432736408
        0x558432736408
        0x558432736408
        0x558432736408
        0x558432736408
        0x558432736408
        0x558432736408
        0x558432736408
        0x558432736408
        0x558432736408
        0x558432736408
        0x558432736408
        0x558432736408
        0x558432736408
        0x558432736408
        0x558432736408
        0x558432736408
        0x558432736408
        0x558432736408
        0x558432736408
        0x558432736408
        0x558432736408
        0x558432736408
        0x558432736408
        0x558432736408
        0x558432736408
        0x558432736408
        0x558432736408
        0x558432736408
        0x558432736408
        0x558432736408
        0x558432736408
        0x558432736408
        0x558432736408
        0x558432736408
        0x558432736408
        0x558432736408
        0x558432736408
        0x558432736408
        0x558432736408
        0x558432736408
        0x558432736408
        0x558432736408
        0x558432736408
        0x558432736408
        0x558432736408
        0x558432736408
        0x558432736408
        0x558432736408
        0x558432736408
        0x558432736408
        0x558432736408
        0x558432736408
        0x558432736408
        0x558432736408
        0x558432736408
        0x558432736408
        0x558432736408
        0x558432736408
        0x558432736408
        0x558432736408
        0x558432736408
        0x558432736408
        0x558432736408
        0x558432736408
        0x558432736408
        0x558432736408
]: 1
@preempt_stack[
        0x40202da1
        0x40a8a7df
        0x40407e56
        0x40403d24
        0x7f949c846428
        0x7f949c9e578f
        0x558431b82490
]: 1
@preempt_stack[
        0x7f953d90502c
]: 1
@preempt_stack[
        0x7f953db3ab68
        0x7f94bdf1d770
]: 1
@preempt_stack[
        0x7f953dcd3712
        0x78e078107840781
]: 1
@preempt_stack[
        0x7f949c9ac852
        0
]: 1
@preempt_stack[
        0x7f953daa7a68
]: 1
@preempt_stack[
        0x7f949c9dcfa3
        0x120000
        0x558431b4aa60
        0x558431b4aa60
        0x558431b4aa60
        0x558431b4aa60
        0x558431b4aa60
        0x558431b4aa60
        0x558431b4aa60
        0x558431b4aa60
        0x558431b4aa60
        0x558431b4aa60
        0x558431b4aa60
        0x558431b4aa60
        0x558431b4aa60
        0x558431b4aa60
        0x558431b4aa60
        0x558431b4aa60
        0x558431b4aa60
        0x558431b4aa60
        0x558431b4aa60
        0x558431b4aa60
        0x558431b4aa60
        0x558431b4aa60
        0x558431b4aa60
        0x558431b4aa60
        0x558431b4aa60
        0x558431b4aa60
        0x558431b4aa60
        0x558431b4aa60
        0x558431b4aa60
        0x558431b4aa60
        0x558431b4aa60
        0x558431b4aa60
        0x558431b4aa60
        0x558431b4aa60
        0x558431b4aa60
        0x558431b4aa60
        0x558431b4aa60
        0x558431b4aa60
        0x558431b4aa60
        0x558431b4aa60
        0x558431b4aa60
        0x558431b4aa60
        0x558431b4aa60
        0x558431b4aa60
        0x558431b4aa60
        0x558431b4aa60
        0x558431b4aa60
        0x558431b4aa60
        0x558431b4aa60
        0x558431b4aa60
        0x558431b4aa60
        0x558431b4aa60
        0x558431b4aa60
        0x558431b4aa60
        0x558431b4aa60
        0x558431b4aa60
        0x558431b4aa60
        0x558431b4aa60
        0x558431b4aa60
        0x558431b4aa60
        0x558431b4aa60
        0x558431b4aa60
        0x558431b4aa60
        0x558431b4aa60
        0x558431b4aa60
        0x558431b4aa60
        0x558431b4aa60
        0x558431b4aa60
        0x558431b4aa60
        0x558431b4aa60
        0x558431b4aa60
        0x558431b4aa60
        0x558431b4aa60
        0x558431b4aa60
        0x558431b4aa60
        0x558431b4aa60
        0x558431b4aa60
        0x558431b4aa60
        0x558431b4aa60
        0x558431b4aa60
        0x558431b4aa60
        0x558431b4aa60
        0x558431b4aa60
        0x558431b4aa60
        0x558431b4aa60
        0x558431b4aa60
        0x558431b4aa60
        0x558431b4aa60
        0x558431b4aa60
        0x558431b4aa60
        0x558431b4aa60
        0x558431b4aa60
        0x558431b4aa60
        0x558431b4aa60
        0x558431b4aa60
        0x558431b4aa60
        0x558431b4aa60
        0x558431b4aa60
        0x558431b4aa60
        0x558431b4aa60
        0x558431b4aa60
        0x558431b4aa60
        0x558431b4aa60
        0x558431b4aa60
        0x558431b4aa60
        0x558431b4aa60
        0x558431b4aa60
        0x558431b4aa60
        0x558431b4aa60
        0x558431b4aa60
        0x558431b4aa60
        0x558431b4aa60
        0x558431b4aa60
        0x558431b4aa60
        0x558431b4aa60
        0x558431b4aa60
        0x558431b4aa60
        0x558431b4aa60
        0x558431b4aa60
        0x558431b4aa60
        0x558431b4aa60
        0x558431b4aa60
        0x558431b4aa60
        0x558431b4aa60
        0x558431b4aa60
]: 1
@preempt_stack[
        mono_metadata_type_hash+99
        0x120000
        0x558434cf5f70
        0x558434cf5f70
        0x558434cf5f70
        0x558434cf5f70
        0x558434cf5f70
        0x558434cf5f70
        0x558434cf5f70
        0x558434cf5f70
        0x558434cf5f70
        0x558434cf5f70
        0x558434cf5f70
        0x558434cf5f70
        0x558434cf5f70
        0x558434cf5f70
        0x558434cf5f70
        0x558434cf5f70
        0x558434cf5f70
        0x558434cf5f70
        0x558434cf5f70
        0x558434cf5f70
        0x558434cf5f70
        0x558434cf5f70
        0x558434cf5f70
        0x558434cf5f70
        0x558434cf5f70
        0x558434cf5f70
        0x558434cf5f70
        0x558434cf5f70
        0x558434cf5f70
        0x558434cf5f70
        0x558434cf5f70
        0x558434cf5f70
        0x558434cf5f70
        0x558434cf5f70
        0x558434cf5f70
        0x558434cf5f70
        0x558434cf5f70
        0x558434cf5f70
        0x558434cf5f70
        0x558434cf5f70
        0x558434cf5f70
        0x558434cf5f70
        0x558434cf5f70
        0x558434cf5f70
        0x558434cf5f70
        0x558434cf5f70
        0x558434cf5f70
        0x558434cf5f70
        0x558434cf5f70
        0x558434cf5f70
        0x558434cf5f70
        0x558434cf5f70
        0x558434cf5f70
        0x558434cf5f70
        0x558434cf5f70
        0x558434cf5f70
        0x558434cf5f70
        0x558434cf5f70
        0x558434cf5f70
        0x558434cf5f70
        0x558434cf5f70
        0x558434cf5f70
        0x558434cf5f70
        0x558434cf5f70
        0x558434cf5f70
        0x558434cf5f70
        0x558434cf5f70
        0x558434cf5f70
        0x558434cf5f70
        0x558434cf5f70
        0x558434cf5f70
        0x558434cf5f70
        0x558434cf5f70
        0x558434cf5f70
        0x558434cf5f70
        0x558434cf5f70
        0x558434cf5f70
        0x558434cf5f70
        0x558434cf5f70
        0x558434cf5f70
        0x558434cf5f70
        0x558434cf5f70
        0x558434cf5f70
        0x558434cf5f70
        0x558434cf5f70
        0x558434cf5f70
        0x558434cf5f70
        0x558434cf5f70
        0x558434cf5f70
        0x558434cf5f70
        0x558434cf5f70
        0x558434cf5f70
        0x558434cf5f70
        0x558434cf5f70
        0x558434cf5f70
        0x558434cf5f70
        0x558434cf5f70
        0x558434cf5f70
        0x558434cf5f70
        0x558434cf5f70
        0x558434cf5f70
        0x558434cf5f70
        0x558434cf5f70
        0x558434cf5f70
        0x558434cf5f70
        0x558434cf5f70
        0x558434cf5f70
        0x558434cf5f70
        0x558434cf5f70
        0x558434cf5f70
        0x558434cf5f70
        0x558434cf5f70
        0x558434cf5f70
        0x558434cf5f70
        0x558434cf5f70
        0x558434cf5f70
        0x558434cf5f70
        0x558434cf5f70
        0x558434cf5f70
        0x558434cf5f70
        0x558434cf5f70
        0x558434cf5f70
        0x558434cf5f70
        0x558434cf5f70
        0x558434cf5f70
]: 1
@preempt_stack[
        0x407f5ef0
        0x40c2f0dc
        0x40c2eec4
        0x40c41434
        0x40c41000
        0x40a8a76e
        0x40407e56
        0x40403d24
        0x7f949c846428
        0x7f949c9e578f
        0x558431b82490
]: 1
@preempt_stack[
        0x7f953eea2bcb
        __clock_gettime+29
        0x7f9300000004
        0
        0x7f93000690c0
]: 1
@preempt_stack[
        0x7f953d972699
]: 1
@preempt_stack[
        0x7f949c9ace49
        0
]: 1
@preempt_stack[
        0x7f953d905a50
        0x646066706440646
]: 1
@preempt_stack[
        0x40eade68
        0x40eac640
        0x40ea95d9
        0x40ca69ba
        0x40407e56
        0x40403d24
        0x7f949c846428
        0x7f949c9e578f
        0x558431b82490
]: 1
@preempt_stack[
        0x7f953d9077a1
        0x7f9500742dc0
        0xccb0cc10cc40cce
]: 1
@preempt_stack[
        0x7f953e80b1b6
        0x33700000335
]: 1
@preempt_stack[
        0x7f949ca60c59
        0x2f0065006e0061
]: 1
@preempt_stack[
        __pthread_getspecific+29
        0xc00088000007f91
]: 1
@preempt_stack[
        mono_metadata_type_hash+80
        0x120000
        0x558434d91768
        0x558434d91768
        0x558434d91768
        0x558434d91768
        0x558434d91768
        0x558434d91768
        0x558434d91768
        0x558434d91768
        0x558434d91768
        0x558434d91768
        0x558434d91768
        0x558434d91768
        0x558434d91768
        0x558434d91768
        0x558434d91768
        0x558434d91768
        0x558434d91768
        0x558434d91768
        0x558434d91768
        0x558434d91768
        0x558434d91768
        0x558434d91768
        0x558434d91768
        0x558434d91768
        0x558434d91768
        0x558434d91768
        0x558434d91768
        0x558434d91768
        0x558434d91768
        0x558434d91768
        0x558434d91768
        0x558434d91768
        0x558434d91768
        0x558434d91768
        0x558434d91768
        0x558434d91768
        0x558434d91768
        0x558434d91768
        0x558434d91768
        0x558434d91768
        0x558434d91768
        0x558434d91768
        0x558434d91768
        0x558434d91768
        0x558434d91768
        0x558434d91768
        0x558434d91768
        0x558434d91768
        0x558434d91768
        0x558434d91768
        0x558434d91768
        0x558434d91768
        0x558434d91768
        0x558434d91768
        0x558434d91768
        0x558434d91768
        0x558434d91768
        0x558434d91768
        0x558434d91768
        0x558434d91768
        0x558434d91768
        0x558434d91768
        0x558434d91768
        0x558434d91768
        0x558434d91768
        0x558434d91768
        0x558434d91768
        0x558434d91768
        0x558434d91768
        0x558434d91768
        0x558434d91768
        0x558434d91768
        0x558434d91768
        0x558434d91768
        0x558434d91768
        0x558434d91768
        0x558434d91768
        0x558434d91768
        0x558434d91768
        0x558434d91768
        0x558434d91768
        0x558434d91768
        0x558434d91768
        0x558434d91768
        0x558434d91768
        0x558434d91768
        0x558434d91768
        0x558434d91768
        0x558434d91768
        0x558434d91768
        0x558434d91768
        0x558434d91768
        0x558434d91768
        0x558434d91768
        0x558434d91768
        0x558434d91768
        0x558434d91768
        0x558434d91768
        0x558434d91768
        0x558434d91768
        0x558434d91768
        0x558434d91768
        0x558434d91768
        0x558434d91768
        0x558434d91768
        0x558434d91768
        0x558434d91768
        0x558434d91768
        0x558434d91768
        0x558434d91768
        0x558434d91768
        0x558434d91768
        0x558434d91768
        0x558434d91768
        0x558434d91768
        0x558434d91768
        0x558434d91768
        0x558434d91768
        0x558434d91768
        0x558434d91768
        0x558434d91768
        0x558434d91768
        0x558434d91768
        0x558434d91768
        0x558434d91768
]: 1
@preempt_stack[
        0x7f953dcc5fb1
        0x646066706440644
]: 1
@preempt_stack[
        0x7f953d508d53
        0x401c67a6
        0x7f949c846428
        0x7f949c9e578f
        0x558431b82490
]: 1
@preempt_stack[
        0x7f953eea2bcb
        __clock_gettime+29
        0x7f9352173280
        0
        0x7f93000690c0
]: 1
@preempt_stack[
        0x7f953e8b0ee8
]: 1
@preempt_stack[
        0x7f953d878114
]: 1
@preempt_stack[
        0x40d06799
        0
        0x2000000000000001
        0x558432740e50
        0x558432740e50
        0x558432740e50
        0x558432740e50
        0x558432740e50
        0x558432740e50
        0x558432740e50
        0x558432740e50
        0x558432740e50
        0x558432740e50
        0x558432740e50
        0x558432740e50
        0x558432740e50
        0x558432740e50
        0x558432740e50
        0x558432740e50
        0x558432740e50
        0x558432740e50
        0x558432740e50
        0x558432740e50
        0x558432740e50
        0x558432740e50
        0x558432740e50
        0x558432740e50
        0x558432740e50
        0x558432740e50
        0x558432740e50
        0x558432740e50
        0x558432740e50
        0x558432740e50
        0x558432740e50
        0x558432740e50
        0x558432740e50
        0x558432740e50
        0x558432740e50
        0x558432740e50
        0x558432740e50
        0x558432740e50
        0x558432740e50
        0x558432740e50
        0x558432740e50
        0x558432740e50
        0x558432740e50
        0x558432740e50
        0x558432740e50
        0x558432740e50
        0x558432740e50
        0x558432740e50
        0x558432740e50
        0x558432740e50
        0x558432740e50
        0x558432740e50
        0x558432740e50
        0x558432740e50
        0x558432740e50
        0x558432740e50
        0x558432740e50
        0x558432740e50
        0x558432740e50
        0x558432740e50
        0x558432740e50
        0x558432740e50
        0x558432740e50
        0x558432740e50
        0x558432740e50
        0x558432740e50
        0x558432740e50
        0x558432740e50
        0x558432740e50
        0x558432740e50
        0x558432740e50
        0x558432740e50
        0x558432740e50
        0x558432740e50
        0x558432740e50
        0x558432740e50
        0x558432740e50
        0x558432740e50
        0x558432740e50
        0x558432740e50
        0x558432740e50
        0x558432740e50
        0x558432740e50
        0x558432740e50
        0x558432740e50
        0x558432740e50
        0x558432740e50
        0x558432740e50
        0x558432740e50
        0x558432740e50
        0x558432740e50
        0x558432740e50
        0x558432740e50
        0x558432740e50
        0x558432740e50
        0x558432740e50
        0x558432740e50
        0x558432740e50
        0x558432740e50
        0x558432740e50
        0x558432740e50
        0x558432740e50
        0x558432740e50
        0x558432740e50
        0x558432740e50
        0x558432740e50
        0x558432740e50
        0x558432740e50
        0x558432740e50
        0x558432740e50
        0x558432740e50
        0x558432740e50
        0x558432740e50
        0x558432740e50
        0x558432740e50
        0x558432740e50
        0x558432740e50
        0x558432740e50
        0x558432740e50
        0x558432740e50
        0x558432740e50
        0x558432740e50
        0x558432740e50
        0x558432740e50
]: 1
@preempt_stack[
        0x40aeedd6
        0x40a8a7df
        0x40407e56
        0x40403d24
        0x7f949c846428
        0x7f949c9e578f
        0x558431b82490
]: 1
@preempt_stack[
        0x40196618
        0x40a8b118
        0x40407e56
        0x40403d24
        0x7f949c846428
        0x7f949c9e578f
        0x558431b82490
]: 1
@preempt_stack[
        0x7f953d9015ec
        0xf8f0f860f840f83
]: 1
@preempt_stack[
        0x7f953dcd3707
]: 1
@preempt_stack[
        0x40212e84
        0x40a8a76e
        0x40407e56
        0x40403d24
        0x7f949c846428
        0x7f949c9e578f
        0x558431b82490
]: 1
@preempt_stack[
        0x7f953dcc6041
        0x98e098109840983
]: 1
@preempt_stack[
        pthread_self+4
]: 1
@preempt_stack[
        0x7f953db07a4b
]: 1
@preempt_stack[
        0x40ca9bd3
        0x40ca8de4
        0x4043a937
        0x40ea9cd4
        0x40ea95d9
        0x40ca69ba
        0x40407e56
        0x40403d24
        0x7f949c846428
        0x7f949c9e578f
        0x558431b82490
]: 1
@preempt_stack[
        0x7f953e4a64a9
]: 1
@preempt_stack[
        0x401a5781
        0x401a5590
        0x40212f04
        0x40a8a7df
        0x40407e56
        0x40403d24
        0x7f949c846428
        0x7f949c9e578f
        0x558431b82490
]: 1
@preempt_stack[
        0x40bb1a00
        0x40cf7e20
        0x40cf7764
        0x40dbe6db
        0x40dbdc5c
        0x40b18238
        0x7f949c846428
        0x7f949c9e578f
        0x558431b82490
]: 1
@preempt_stack[
        0x40eae7a7
        0x40eae6a8
        0x40eac640
        0x40ea95d9
        0x40ca69ba
        0x40407e56
        0x40403d24
        0x7f949c846428
        0x7f949c9e578f
        0x558431b82490
]: 1
@preempt_stack[
        0x40cac40b
]: 1
@preempt_stack[
        0x7f949ca5dace
        0
]: 1
@preempt_stack[
        mono_class_from_mono_type_internal+13
        0x120000
        0x5584326ee788
        0x5584326ee788
        0x5584326ee788
        0x5584326ee788
        0x5584326ee788
        0x5584326ee788
        0x5584326ee788
        0x5584326ee788
        0x5584326ee788
        0x5584326ee788
        0x5584326ee788
        0x5584326ee788
        0x5584326ee788
        0x5584326ee788
        0x5584326ee788
        0x5584326ee788
        0x5584326ee788
        0x5584326ee788
        0x5584326ee788
        0x5584326ee788
        0x5584326ee788
        0x5584326ee788
        0x5584326ee788
        0x5584326ee788
        0x5584326ee788
        0x5584326ee788
        0x5584326ee788
        0x5584326ee788
        0x5584326ee788
        0x5584326ee788
        0x5584326ee788
        0x5584326ee788
        0x5584326ee788
        0x5584326ee788
        0x5584326ee788
        0x5584326ee788
        0x5584326ee788
        0x5584326ee788
        0x5584326ee788
        0x5584326ee788
        0x5584326ee788
        0x5584326ee788
        0x5584326ee788
        0x5584326ee788
        0x5584326ee788
        0x5584326ee788
        0x5584326ee788
        0x5584326ee788
        0x5584326ee788
        0x5584326ee788
        0x5584326ee788
        0x5584326ee788
        0x5584326ee788
        0x5584326ee788
        0x5584326ee788
        0x5584326ee788
        0x5584326ee788
        0x5584326ee788
        0x5584326ee788
        0x5584326ee788
        0x5584326ee788
        0x5584326ee788
        0x5584326ee788
        0x5584326ee788
        0x5584326ee788
        0x5584326ee788
        0x5584326ee788
        0x5584326ee788
        0x5584326ee788
        0x5584326ee788
        0x5584326ee788
        0x5584326ee788
        0x5584326ee788
        0x5584326ee788
        0x5584326ee788
        0x5584326ee788
        0x5584326ee788
        0x5584326ee788
        0x5584326ee788
        0x5584326ee788
        0x5584326ee788
        0x5584326ee788
        0x5584326ee788
        0x5584326ee788
        0x5584326ee788
        0x5584326ee788
        0x5584326ee788
        0x5584326ee788
        0x5584326ee788
        0x5584326ee788
        0x5584326ee788
        0x5584326ee788
        0x5584326ee788
        0x5584326ee788
        0x5584326ee788
        0x5584326ee788
        0x5584326ee788
        0x5584326ee788
        0x5584326ee788
        0x5584326ee788
        0x5584326ee788
        0x5584326ee788
        0x5584326ee788
        0x5584326ee788
        0x5584326ee788
        0x5584326ee788
        0x5584326ee788
        0x5584326ee788
        0x5584326ee788
        0x5584326ee788
        0x5584326ee788
        0x5584326ee788
        0x5584326ee788
        0x5584326ee788
        0x5584326ee788
        0x5584326ee788
        0x5584326ee788
        0x5584326ee788
        0x5584326ee788
        0x5584326ee788
        0x5584326ee788
        0x5584326ee788
        0x5584326ee788
        0x5584326ee788
        0x5584326ee788
]: 1
@preempt_stack[
        0x7f953e88c432
        0xd4f0d410d440d42
]: 1
@preempt_stack[
        mono_class_from_mono_type_internal+13
        0x120000
        0x558431b41128
        0x558431b41128
        0x558431b41128
        0x558431b41128
        0x558431b41128
        0x558431b41128
        0x558431b41128
        0x558431b41128
        0x558431b41128
        0x558431b41128
        0x558431b41128
        0x558431b41128
        0x558431b41128
        0x558431b41128
        0x558431b41128
        0x558431b41128
        0x558431b41128
        0x558431b41128
        0x558431b41128
        0x558431b41128
        0x558431b41128
        0x558431b41128
        0x558431b41128
        0x558431b41128
        0x558431b41128
        0x558431b41128
        0x558431b41128
        0x558431b41128
        0x558431b41128
        0x558431b41128
        0x558431b41128
        0x558431b41128
        0x558431b41128
        0x558431b41128
        0x558431b41128
        0x558431b41128
        0x558431b41128
        0x558431b41128
        0x558431b41128
        0x558431b41128
        0x558431b41128
        0x558431b41128
        0x558431b41128
        0x558431b41128
        0x558431b41128
        0x558431b41128
        0x558431b41128
        0x558431b41128
        0x558431b41128
        0x558431b41128
        0x558431b41128
        0x558431b41128
        0x558431b41128
        0x558431b41128
        0x558431b41128
        0x558431b41128
        0x558431b41128
        0x558431b41128
        0x558431b41128
        0x558431b41128
        0x558431b41128
        0x558431b41128
        0x558431b41128
        0x558431b41128
        0x558431b41128
        0x558431b41128
        0x558431b41128
        0x558431b41128
        0x558431b41128
        0x558431b41128
        0x558431b41128
        0x558431b41128
        0x558431b41128
        0x558431b41128
        0x558431b41128
        0x558431b41128
        0x558431b41128
        0x558431b41128
        0x558431b41128
        0x558431b41128
        0x558431b41128
        0x558431b41128
        0x558431b41128
        0x558431b41128
        0x558431b41128
        0x558431b41128
        0x558431b41128
        0x558431b41128
        0x558431b41128
        0x558431b41128
        0x558431b41128
        0x558431b41128
        0x558431b41128
        0x558431b41128
        0x558431b41128
        0x558431b41128
        0x558431b41128
        0x558431b41128
        0x558431b41128
        0x558431b41128
        0x558431b41128
        0x558431b41128
        0x558431b41128
        0x558431b41128
        0x558431b41128
        0x558431b41128
        0x558431b41128
        0x558431b41128
        0x558431b41128
        0x558431b41128
        0x558431b41128
        0x558431b41128
        0x558431b41128
        0x558431b41128
        0x558431b41128
        0x558431b41128
        0x558431b41128
        0x558431b41128
        0x558431b41128
        0x558431b41128
        0x558431b41128
        0x558431b41128
        0x558431b41128
        0x558431b41128
        0x558431b41128
]: 1
@preempt_stack[
        0x7f953eea2897
        0x7f953e6fda62
]: 1
@preempt_stack[
        0x7f949c9ce4be
        0x120000
        0x5584334f0ac0
        0x5584334f0ac0
        0x5584334f0ac0
        0x5584334f0ac0
        0x5584334f0ac0
        0x5584334f0ac0
        0x5584334f0ac0
        0x5584334f0ac0
        0x5584334f0ac0
        0x5584334f0ac0
        0x5584334f0ac0
        0x5584334f0ac0
        0x5584334f0ac0
        0x5584334f0ac0
        0x5584334f0ac0
        0x5584334f0ac0
        0x5584334f0ac0
        0x5584334f0ac0
        0x5584334f0ac0
        0x5584334f0ac0
        0x5584334f0ac0
        0x5584334f0ac0
        0x5584334f0ac0
        0x5584334f0ac0
        0x5584334f0ac0
        0x5584334f0ac0
        0x5584334f0ac0
        0x5584334f0ac0
        0x5584334f0ac0
        0x5584334f0ac0
        0x5584334f0ac0
        0x5584334f0ac0
        0x5584334f0ac0
        0x5584334f0ac0
        0x5584334f0ac0
        0x5584334f0ac0
        0x5584334f0ac0
        0x5584334f0ac0
        0x5584334f0ac0
        0x5584334f0ac0
        0x5584334f0ac0
        0x5584334f0ac0
        0x5584334f0ac0
        0x5584334f0ac0
        0x5584334f0ac0
        0x5584334f0ac0
        0x5584334f0ac0
        0x5584334f0ac0
        0x5584334f0ac0
        0x5584334f0ac0
        0x5584334f0ac0
        0x5584334f0ac0
        0x5584334f0ac0
        0x5584334f0ac0
        0x5584334f0ac0
        0x5584334f0ac0
        0x5584334f0ac0
        0x5584334f0ac0
        0x5584334f0ac0
        0x5584334f0ac0
        0x5584334f0ac0
        0x5584334f0ac0
        0x5584334f0ac0
        0x5584334f0ac0
        0x5584334f0ac0
        0x5584334f0ac0
        0x5584334f0ac0
        0x5584334f0ac0
        0x5584334f0ac0
        0x5584334f0ac0
        0x5584334f0ac0
        0x5584334f0ac0
        0x5584334f0ac0
        0x5584334f0ac0
        0x5584334f0ac0
        0x5584334f0ac0
        0x5584334f0ac0
        0x5584334f0ac0
        0x5584334f0ac0
        0x5584334f0ac0
        0x5584334f0ac0
        0x5584334f0ac0
        0x5584334f0ac0
        0x5584334f0ac0
        0x5584334f0ac0
        0x5584334f0ac0
        0x5584334f0ac0
        0x5584334f0ac0
        0x5584334f0ac0
        0x5584334f0ac0
        0x5584334f0ac0
        0x5584334f0ac0
        0x5584334f0ac0
        0x5584334f0ac0
        0x5584334f0ac0
        0x5584334f0ac0
        0x5584334f0ac0
        0x5584334f0ac0
        0x5584334f0ac0
        0x5584334f0ac0
        0x5584334f0ac0
        0x5584334f0ac0
        0x5584334f0ac0
        0x5584334f0ac0
        0x5584334f0ac0
        0x5584334f0ac0
        0x5584334f0ac0
        0x5584334f0ac0
        0x5584334f0ac0
        0x5584334f0ac0
        0x5584334f0ac0
        0x5584334f0ac0
        0x5584334f0ac0
        0x5584334f0ac0
        0x5584334f0ac0
        0x5584334f0ac0
        0x5584334f0ac0
        0x5584334f0ac0
        0x5584334f0ac0
        0x5584334f0ac0
        0x5584334f0ac0
        0x5584334f0ac0
        0x5584334f0ac0
        0x5584334f0ac0
        0x5584334f0ac0
]: 1
@preempt_stack[
        0x7f953d905a50
        0x646066706440644
]: 1
@preempt_stack[
        pthread_mutex_trylock+909
        0
        0x83800000000001
        0x558431b49658
        0x558431b49658
        0x558431b49658
        0x558431b49658
        0x558431b49658
        0x558431b49658
        0x558431b49658
        0x558431b49658
        0x558431b49658
        0x558431b49658
        0x558431b49658
        0x558431b49658
        0x558431b49658
        0x558431b49658
        0x558431b49658
        0x558431b49658
        0x558431b49658
        0x558431b49658
        0x558431b49658
        0x558431b49658
        0x558431b49658
        0x558431b49658
        0x558431b49658
        0x558431b49658
        0x558431b49658
        0x558431b49658
        0x558431b49658
        0x558431b49658
        0x558431b49658
        0x558431b49658
        0x558431b49658
        0x558431b49658
        0x558431b49658
        0x558431b49658
        0x558431b49658
        0x558431b49658
        0x558431b49658
        0x558431b49658
        0x558431b49658
        0x558431b49658
        0x558431b49658
        0x558431b49658
        0x558431b49658
        0x558431b49658
        0x558431b49658
        0x558431b49658
        0x558431b49658
        0x558431b49658
        0x558431b49658
        0x558431b49658
        0x558431b49658
        0x558431b49658
        0x558431b49658
        0x558431b49658
        0x558431b49658
        0x558431b49658
        0x558431b49658
        0x558431b49658
        0x558431b49658
        0x558431b49658
        0x558431b49658
        0x558431b49658
        0x558431b49658
        0x558431b49658
        0x558431b49658
        0x558431b49658
        0x558431b49658
        0x558431b49658
        0x558431b49658
        0x558431b49658
        0x558431b49658
        0x558431b49658
        0x558431b49658
        0x558431b49658
        0x558431b49658
        0x558431b49658
        0x558431b49658
        0x558431b49658
        0x558431b49658
        0x558431b49658
        0x558431b49658
        0x558431b49658
        0x558431b49658
        0x558431b49658
        0x558431b49658
        0x558431b49658
        0x558431b49658
        0x558431b49658
        0x558431b49658
        0x558431b49658
        0x558431b49658
        0x558431b49658
        0x558431b49658
        0x558431b49658
        0x558431b49658
        0x558431b49658
        0x558431b49658
        0x558431b49658
        0x558431b49658
        0x558431b49658
        0x558431b49658
        0x558431b49658
        0x558431b49658
        0x558431b49658
        0x558431b49658
        0x558431b49658
        0x558431b49658
        0x558431b49658
        0x558431b49658
        0x558431b49658
        0x558431b49658
        0x558431b49658
        0x558431b49658
        0x558431b49658
        0x558431b49658
        0x558431b49658
        0x558431b49658
        0x558431b49658
        0x558431b49658
        0x558431b49658
        0x558431b49658
        0x558431b49658
        0x558431b49658
        0x558431b49658
]: 1
@preempt_stack[
        0x7f949c9ff8ba
        0x1
        0
        0x7f93000690c0
]: 1
@preempt_stack[
        0x40441ca6
]: 1
@preempt_stack[
        0x7f953d9015ec
        0x4a004100440042
]: 1
@preempt_stack[
        0x4044b8f5
        0x4044b20c
]: 1
@preempt_stack[
        0x7f953dd4e96f
        0x481048104840482
]: 1
@preempt_stack[
        mono_metadata_type_hash+80
        0x120000
        0x558432e56988
        0x558432e56988
        0x558432e56988
        0x558432e56988
        0x558432e56988
        0x558432e56988
        0x558432e56988
        0x558432e56988
        0x558432e56988
        0x558432e56988
        0x558432e56988
        0x558432e56988
        0x558432e56988
        0x558432e56988
        0x558432e56988
        0x558432e56988
        0x558432e56988
        0x558432e56988
        0x558432e56988
        0x558432e56988
        0x558432e56988
        0x558432e56988
        0x558432e56988
        0x558432e56988
        0x558432e56988
        0x558432e56988
        0x558432e56988
        0x558432e56988
        0x558432e56988
        0x558432e56988
        0x558432e56988
        0x558432e56988
        0x558432e56988
        0x558432e56988
        0x558432e56988
        0x558432e56988
        0x558432e56988
        0x558432e56988
        0x558432e56988
        0x558432e56988
        0x558432e56988
        0x558432e56988
        0x558432e56988
        0x558432e56988
        0x558432e56988
        0x558432e56988
        0x558432e56988
        0x558432e56988
        0x558432e56988
        0x558432e56988
        0x558432e56988
        0x558432e56988
        0x558432e56988
        0x558432e56988
        0x558432e56988
        0x558432e56988
        0x558432e56988
        0x558432e56988
        0x558432e56988
        0x558432e56988
        0x558432e56988
        0x558432e56988
        0x558432e56988
        0x558432e56988
        0x558432e56988
        0x558432e56988
        0x558432e56988
        0x558432e56988
        0x558432e56988
        0x558432e56988
        0x558432e56988
        0x558432e56988
        0x558432e56988
        0x558432e56988
        0x558432e56988
        0x558432e56988
        0x558432e56988
        0x558432e56988
        0x558432e56988
        0x558432e56988
        0x558432e56988
        0x558432e56988
        0x558432e56988
        0x558432e56988
        0x558432e56988
        0x558432e56988
        0x558432e56988
        0x558432e56988
        0x558432e56988
        0x558432e56988
        0x558432e56988
        0x558432e56988
        0x558432e56988
        0x558432e56988
        0x558432e56988
        0x558432e56988
        0x558432e56988
        0x558432e56988
        0x558432e56988
        0x558432e56988
        0x558432e56988
        0x558432e56988
        0x558432e56988
        0x558432e56988
        0x558432e56988
        0x558432e56988
        0x558432e56988
        0x558432e56988
        0x558432e56988
        0x558432e56988
        0x558432e56988
        0x558432e56988
        0x558432e56988
        0x558432e56988
        0x558432e56988
        0x558432e56988
        0x558432e56988
        0x558432e56988
        0x558432e56988
        0x558432e56988
        0x558432e56988
        0x558432e56988
        0x558432e56988
        0x558432e56988
        0x558432e56988
]: 1
@preempt_stack[
        0x7f953da9c8eb
        0xea00038ffcb799e
        0x7f953da02410
        0x8348078948011124
]: 1
@preempt_stack[
        0x7f949c9dcfa3
        0x120000
        0x558432efb9e8
        0x558432efb9e8
        0x558432efb9e8
        0x558432efb9e8
        0x558432efb9e8
        0x558432efb9e8
        0x558432efb9e8
        0x558432efb9e8
        0x558432efb9e8
        0x558432efb9e8
        0x558432efb9e8
        0x558432efb9e8
        0x558432efb9e8
        0x558432efb9e8
        0x558432efb9e8
        0x558432efb9e8
        0x558432efb9e8
        0x558432efb9e8
        0x558432efb9e8
        0x558432efb9e8
        0x558432efb9e8
        0x558432efb9e8
        0x558432efb9e8
        0x558432efb9e8
        0x558432efb9e8
        0x558432efb9e8
        0x558432efb9e8
        0x558432efb9e8
        0x558432efb9e8
        0x558432efb9e8
        0x558432efb9e8
        0x558432efb9e8
        0x558432efb9e8
        0x558432efb9e8
        0x558432efb9e8
        0x558432efb9e8
        0x558432efb9e8
        0x558432efb9e8
        0x558432efb9e8
        0x558432efb9e8
        0x558432efb9e8
        0x558432efb9e8
        0x558432efb9e8
        0x558432efb9e8
        0x558432efb9e8
        0x558432efb9e8
        0x558432efb9e8
        0x558432efb9e8
        0x558432efb9e8
        0x558432efb9e8
        0x558432efb9e8
        0x558432efb9e8
        0x558432efb9e8
        0x558432efb9e8
        0x558432efb9e8
        0x558432efb9e8
        0x558432efb9e8
        0x558432efb9e8
        0x558432efb9e8
        0x558432efb9e8
        0x558432efb9e8
        0x558432efb9e8
        0x558432efb9e8
        0x558432efb9e8
        0x558432efb9e8
        0x558432efb9e8
        0x558432efb9e8
        0x558432efb9e8
        0x558432efb9e8
        0x558432efb9e8
        0x558432efb9e8
        0x558432efb9e8
        0x558432efb9e8
        0x558432efb9e8
        0x558432efb9e8
        0x558432efb9e8
        0x558432efb9e8
        0x558432efb9e8
        0x558432efb9e8
        0x558432efb9e8
        0x558432efb9e8
        0x558432efb9e8
        0x558432efb9e8
        0x558432efb9e8
        0x558432efb9e8
        0x558432efb9e8
        0x558432efb9e8
        0x558432efb9e8
        0x558432efb9e8
        0x558432efb9e8
        0x558432efb9e8
        0x558432efb9e8
        0x558432efb9e8
        0x558432efb9e8
        0x558432efb9e8
        0x558432efb9e8
        0x558432efb9e8
        0x558432efb9e8
        0x558432efb9e8
        0x558432efb9e8
        0x558432efb9e8
        0x558432efb9e8
        0x558432efb9e8
        0x558432efb9e8
        0x558432efb9e8
        0x558432efb9e8
        0x558432efb9e8
        0x558432efb9e8
        0x558432efb9e8
        0x558432efb9e8
        0x558432efb9e8
        0x558432efb9e8
        0x558432efb9e8
        0x558432efb9e8
        0x558432efb9e8
        0x558432efb9e8
        0x558432efb9e8
        0x558432efb9e8
        0x558432efb9e8
        0x558432efb9e8
        0x558432efb9e8
        0x558432efb9e8
        0x558432efb9e8
        0x558432efb9e8
        0x558432efb9e8
]: 1
@preempt_stack[
        0x7f953dd4b39c
        0x2eaf0cdb28aa9316
]: 1
@preempt_stack[
        0x7f953db8ac85
]: 1
@preempt_stack[
        _pthread_cleanup_pop+4
]: 1
@preempt_stack[
        0x7f953dd2e281
        0xd4f0d410d440d41
]: 1
@preempt_stack[
        0x7f953d9015ec
        0x481048104840481
]: 1
@preempt_stack[
        0x7f953dd473dc
]: 1
@preempt_stack[
        0x40202ecb
        0x40212f04
        0x40a8a7df
        0x40407e56
        0x40403d24
        0x7f949c846428
        0x7f949c9e578f
        0x558431b82490
]: 1
@preempt_stack[
        0x40cac540
        0
        0x2000000000000001
        0x558432740e50
        0x558432740e50
        0x558432740e50
        0x558432740e50
        0x558432740e50
        0x558432740e50
        0x558432740e50
        0x558432740e50
        0x558432740e50
        0x558432740e50
        0x558432740e50
        0x558432740e50
        0x558432740e50
        0x558432740e50
        0x558432740e50
        0x558432740e50
        0x558432740e50
        0x558432740e50
        0x558432740e50
        0x558432740e50
        0x558432740e50
        0x558432740e50
        0x558432740e50
        0x558432740e50
        0x558432740e50
        0x558432740e50
        0x558432740e50
        0x558432740e50
        0x558432740e50
        0x558432740e50
        0x558432740e50
        0x558432740e50
        0x558432740e50
        0x558432740e50
        0x558432740e50
        0x558432740e50
        0x558432740e50
        0x558432740e50
        0x558432740e50
        0x558432740e50
        0x558432740e50
        0x558432740e50
        0x558432740e50
        0x558432740e50
        0x558432740e50
        0x558432740e50
        0x558432740e50
        0x558432740e50
        0x558432740e50
        0x558432740e50
        0x558432740e50
        0x558432740e50
        0x558432740e50
        0x558432740e50
        0x558432740e50
        0x558432740e50
        0x558432740e50
        0x558432740e50
        0x558432740e50
        0x558432740e50
        0x558432740e50
        0x558432740e50
        0x558432740e50
        0x558432740e50
        0x558432740e50
        0x558432740e50
        0x558432740e50
        0x558432740e50
        0x558432740e50
        0x558432740e50
        0x558432740e50
        0x558432740e50
        0x558432740e50
        0x558432740e50
        0x558432740e50
        0x558432740e50
        0x558432740e50
        0x558432740e50
        0x558432740e50
        0x558432740e50
        0x558432740e50
        0x558432740e50
        0x558432740e50
        0x558432740e50
        0x558432740e50
        0x558432740e50
        0x558432740e50
        0x558432740e50
        0x558432740e50
        0x558432740e50
        0x558432740e50
        0x558432740e50
        0x558432740e50
        0x558432740e50
        0x558432740e50
        0x558432740e50
        0x558432740e50
        0x558432740e50
        0x558432740e50
        0x558432740e50
        0x558432740e50
        0x558432740e50
        0x558432740e50
        0x558432740e50
        0x558432740e50
        0x558432740e50
        0x558432740e50
        0x558432740e50
        0x558432740e50
        0x558432740e50
        0x558432740e50
        0x558432740e50
        0x558432740e50
        0x558432740e50
        0x558432740e50
        0x558432740e50
        0x558432740e50
        0x558432740e50
        0x558432740e50
        0x558432740e50
        0x558432740e50
        0x558432740e50
        0x558432740e50
        0x558432740e50
]: 1
@preempt_stack[
        0x7f949c9dcf92
        0x120000
        0x5584327b5328
        0x5584327b5328
        0x5584327b5328
        0x5584327b5328
        0x5584327b5328
        0x5584327b5328
        0x5584327b5328
        0x5584327b5328
        0x5584327b5328
        0x5584327b5328
        0x5584327b5328
        0x5584327b5328
        0x5584327b5328
        0x5584327b5328
        0x5584327b5328
        0x5584327b5328
        0x5584327b5328
        0x5584327b5328
        0x5584327b5328
        0x5584327b5328
        0x5584327b5328
        0x5584327b5328
        0x5584327b5328
        0x5584327b5328
        0x5584327b5328
        0x5584327b5328
        0x5584327b5328
        0x5584327b5328
        0x5584327b5328
        0x5584327b5328
        0x5584327b5328
        0x5584327b5328
        0x5584327b5328
        0x5584327b5328
        0x5584327b5328
        0x5584327b5328
        0x5584327b5328
        0x5584327b5328
        0x5584327b5328
        0x5584327b5328
        0x5584327b5328
        0x5584327b5328
        0x5584327b5328
        0x5584327b5328
        0x5584327b5328
        0x5584327b5328
        0x5584327b5328
        0x5584327b5328
        0x5584327b5328
        0x5584327b5328
        0x5584327b5328
        0x5584327b5328
        0x5584327b5328
        0x5584327b5328
        0x5584327b5328
        0x5584327b5328
        0x5584327b5328
        0x5584327b5328
        0x5584327b5328
        0x5584327b5328
        0x5584327b5328
        0x5584327b5328
        0x5584327b5328
        0x5584327b5328
        0x5584327b5328
        0x5584327b5328
        0x5584327b5328
        0x5584327b5328
        0x5584327b5328
        0x5584327b5328
        0x5584327b5328
        0x5584327b5328
        0x5584327b5328
        0x5584327b5328
        0x5584327b5328
        0x5584327b5328
        0x5584327b5328
        0x5584327b5328
        0x5584327b5328
        0x5584327b5328
        0x5584327b5328
        0x5584327b5328
        0x5584327b5328
        0x5584327b5328
        0x5584327b5328
        0x5584327b5328
        0x5584327b5328
        0x5584327b5328
        0x5584327b5328
        0x5584327b5328
        0x5584327b5328
        0x5584327b5328
        0x5584327b5328
        0x5584327b5328
        0x5584327b5328
        0x5584327b5328
        0x5584327b5328
        0x5584327b5328
        0x5584327b5328
        0x5584327b5328
        0x5584327b5328
        0x5584327b5328
        0x5584327b5328
        0x5584327b5328
        0x5584327b5328
        0x5584327b5328
        0x5584327b5328
        0x5584327b5328
        0x5584327b5328
        0x5584327b5328
        0x5584327b5328
        0x5584327b5328
        0x5584327b5328
        0x5584327b5328
        0x5584327b5328
        0x5584327b5328
        0x5584327b5328
        0x5584327b5328
        0x5584327b5328
        0x5584327b5328
        0x5584327b5328
        0x5584327b5328
        0x5584327b5328
        0x5584327b5328
        0x5584327b5328
]: 1
@preempt_stack[
        0x7f953dd42960
]: 1
@preempt_stack[
        0x7f953dcc6a03
        0x7f9500000346
        0
]: 1
@preempt_stack[
        0x7f949c9dcfa3
        0x120000
        0x55843471a4f0
        0x55843471a4f0
        0x55843471a4f0
        0x55843471a4f0
        0x55843471a4f0
        0x55843471a4f0
        0x55843471a4f0
        0x55843471a4f0
        0x55843471a4f0
        0x55843471a4f0
        0x55843471a4f0
        0x55843471a4f0
        0x55843471a4f0
        0x55843471a4f0
        0x55843471a4f0
        0x55843471a4f0
        0x55843471a4f0
        0x55843471a4f0
        0x55843471a4f0
        0x55843471a4f0
        0x55843471a4f0
        0x55843471a4f0
        0x55843471a4f0
        0x55843471a4f0
        0x55843471a4f0
        0x55843471a4f0
        0x55843471a4f0
        0x55843471a4f0
        0x55843471a4f0
        0x55843471a4f0
        0x55843471a4f0
        0x55843471a4f0
        0x55843471a4f0
        0x55843471a4f0
        0x55843471a4f0
        0x55843471a4f0
        0x55843471a4f0
        0x55843471a4f0
        0x55843471a4f0
        0x55843471a4f0
        0x55843471a4f0
        0x55843471a4f0
        0x55843471a4f0
        0x55843471a4f0
        0x55843471a4f0
        0x55843471a4f0
        0x55843471a4f0
        0x55843471a4f0
        0x55843471a4f0
        0x55843471a4f0
        0x55843471a4f0
        0x55843471a4f0
        0x55843471a4f0
        0x55843471a4f0
        0x55843471a4f0
        0x55843471a4f0
        0x55843471a4f0
        0x55843471a4f0
        0x55843471a4f0
        0x55843471a4f0
        0x55843471a4f0
        0x55843471a4f0
        0x55843471a4f0
        0x55843471a4f0
        0x55843471a4f0
        0x55843471a4f0
        0x55843471a4f0
        0x55843471a4f0
        0x55843471a4f0
        0x55843471a4f0
        0x55843471a4f0
        0x55843471a4f0
        0x55843471a4f0
        0x55843471a4f0
        0x55843471a4f0
        0x55843471a4f0
        0x55843471a4f0
        0x55843471a4f0
        0x55843471a4f0
        0x55843471a4f0
        0x55843471a4f0
        0x55843471a4f0
        0x55843471a4f0
        0x55843471a4f0
        0x55843471a4f0
        0x55843471a4f0
        0x55843471a4f0
        0x55843471a4f0
        0x55843471a4f0
        0x55843471a4f0
        0x55843471a4f0
        0x55843471a4f0
        0x55843471a4f0
        0x55843471a4f0
        0x55843471a4f0
        0x55843471a4f0
        0x55843471a4f0
        0x55843471a4f0
        0x55843471a4f0
        0x55843471a4f0
        0x55843471a4f0
        0x55843471a4f0
        0x55843471a4f0
        0x55843471a4f0
        0x55843471a4f0
        0x55843471a4f0
        0x55843471a4f0
        0x55843471a4f0
        0x55843471a4f0
        0x55843471a4f0
        0x55843471a4f0
        0x55843471a4f0
        0x55843471a4f0
        0x55843471a4f0
        0x55843471a4f0
        0x55843471a4f0
        0x55843471a4f0
        0x55843471a4f0
        0x55843471a4f0
        0x55843471a4f0
        0x55843471a4f0
        0x55843471a4f0
        0x55843471a4f0
        0x55843471a4f0
        0x55843471a4f0
]: 1
@preempt_stack[
        0x40d5bd4b
        0x40d590e0
        0x40d56ef8
        0x40d56d80
        0x40d53864
        0
        0
        0x558432736408
        0x558432736408
        0x558432736408
        0x558432736408
        0x558432736408
        0x558432736408
        0x558432736408
        0x558432736408
        0x558432736408
        0x558432736408
        0x558432736408
        0x558432736408
        0x558432736408
        0x558432736408
        0x558432736408
        0x558432736408
        0x558432736408
        0x558432736408
        0x558432736408
        0x558432736408
        0x558432736408
        0x558432736408
        0x558432736408
        0x558432736408
        0x558432736408
        0x558432736408
        0x558432736408
        0x558432736408
        0x558432736408
        0x558432736408
        0x558432736408
        0x558432736408
        0x558432736408
        0x558432736408
        0x558432736408
        0x558432736408
        0x558432736408
        0x558432736408
        0x558432736408
        0x558432736408
        0x558432736408
        0x558432736408
        0x558432736408
        0x558432736408
        0x558432736408
        0x558432736408
        0x558432736408
        0x558432736408
        0x558432736408
        0x558432736408
        0x558432736408
        0x558432736408
        0x558432736408
        0x558432736408
        0x558432736408
        0x558432736408
        0x558432736408
        0x558432736408
        0x558432736408
        0x558432736408
        0x558432736408
        0x558432736408
        0x558432736408
        0x558432736408
        0x558432736408
        0x558432736408
        0x558432736408
        0x558432736408
        0x558432736408
        0x558432736408
        0x558432736408
        0x558432736408
        0x558432736408
        0x558432736408
        0x558432736408
        0x558432736408
        0x558432736408
        0x558432736408
        0x558432736408
        0x558432736408
        0x558432736408
        0x558432736408
        0x558432736408
        0x558432736408
        0x558432736408
        0x558432736408
        0x558432736408
        0x558432736408
        0x558432736408
        0x558432736408
        0x558432736408
        0x558432736408
        0x558432736408
        0x558432736408
        0x558432736408
        0x558432736408
        0x558432736408
        0x558432736408
        0x558432736408
        0x558432736408
        0x558432736408
        0x558432736408
        0x558432736408
        0x558432736408
        0x558432736408
        0x558432736408
        0x558432736408
        0x558432736408
        0x558432736408
        0x558432736408
        0x558432736408
        0x558432736408
        0x558432736408
        0x558432736408
        0x558432736408
        0x558432736408
        0x558432736408
        0x558432736408
        0x558432736408
        0x558432736408
]: 1
@preempt_stack[
        0x7f953d90594c
        0x98e098109840983
]: 1
@preempt_stack[
        0x40442aae
]: 1
@preempt_stack[
        0x7f953dd1fe6f
        0x7f9500010000
        0x7f9503ea8930
        0x58
]: 1
@preempt_stack[
        0x7f953e5b2be1
]: 1
@preempt_stack[
        0x7f949c9ac960
]: 1
@preempt_stack[
        0x7f953d693f64
        0xd200038ffc9f4be
        0x7f953d884770
        0x8d48012d942a058b
]: 1
@preempt_stack[
        0x7f953d9075e0
        0
]: 1
@preempt_stack[
        0x7f953dd4e922
        0x70107060704070e
]: 1
@preempt_stack[
        GC_gcj_malloc+48
]: 1
@preempt_stack[
        0x40d5ddee
        0x40d5befe
        0x40d59754
        0x40d56ef8
        0x40d56d80
        0x40d53864
        0
        0
        0x558432736408
        0x558432736408
        0x558432736408
        0x558432736408
        0x558432736408
        0x558432736408
        0x558432736408
        0x558432736408
        0x558432736408
        0x558432736408
        0x558432736408
        0x558432736408
        0x558432736408
        0x558432736408
        0x558432736408
        0x558432736408
        0x558432736408
        0x558432736408
        0x558432736408
        0x558432736408
        0x558432736408
        0x558432736408
        0x558432736408
        0x558432736408
        0x558432736408
        0x558432736408
        0x558432736408
        0x558432736408
        0x558432736408
        0x558432736408
        0x558432736408
        0x558432736408
        0x558432736408
        0x558432736408
        0x558432736408
        0x558432736408
        0x558432736408
        0x558432736408
        0x558432736408
        0x558432736408
        0x558432736408
        0x558432736408
        0x558432736408
        0x558432736408
        0x558432736408
        0x558432736408
        0x558432736408
        0x558432736408
        0x558432736408
        0x558432736408
        0x558432736408
        0x558432736408
        0x558432736408
        0x558432736408
        0x558432736408
        0x558432736408
        0x558432736408
        0x558432736408
        0x558432736408
        0x558432736408
        0x558432736408
        0x558432736408
        0x558432736408
        0x558432736408
        0x558432736408
        0x558432736408
        0x558432736408
        0x558432736408
        0x558432736408
        0x558432736408
        0x558432736408
        0x558432736408
        0x558432736408
        0x558432736408
        0x558432736408
        0x558432736408
        0x558432736408
        0x558432736408
        0x558432736408
        0x558432736408
        0x558432736408
        0x558432736408
        0x558432736408
        0x558432736408
        0x558432736408
        0x558432736408
        0x558432736408
        0x558432736408
        0x558432736408
        0x558432736408
        0x558432736408
        0x558432736408
        0x558432736408
        0x558432736408
        0x558432736408
        0x558432736408
        0x558432736408
        0x558432736408
        0x558432736408
        0x558432736408
        0x558432736408
        0x558432736408
        0x558432736408
        0x558432736408
        0x558432736408
        0x558432736408
        0x558432736408
        0x558432736408
        0x558432736408
        0x558432736408
        0x558432736408
        0x558432736408
        0x558432736408
        0x558432736408
        0x558432736408
        0x558432736408
        0x558432736408
        0x558432736408
        0x558432736408
]: 1
@preempt_stack[
        0x40d5bb16
]: 1
@preempt_stack[
        0x7f953dbd73d3
        0x8200038ffc9984c
        0x7f953db26bb0
        0x4800ff2f91058d48
]: 1
@preempt_stack[
        0x404c5196
        0x40e0827c
        0x40d5d519
        0x40d597cc
        0x40d56ef8
        0x40d56d80
        0x40d53864
        0
        0
        0x558432736408
        0x558432736408
        0x558432736408
        0x558432736408
        0x558432736408
        0x558432736408
        0x558432736408
        0x558432736408
        0x558432736408
        0x558432736408
        0x558432736408
        0x558432736408
        0x558432736408
        0x558432736408
        0x558432736408
        0x558432736408
        0x558432736408
        0x558432736408
        0x558432736408
        0x558432736408
        0x558432736408
        0x558432736408
        0x558432736408
        0x558432736408
        0x558432736408
        0x558432736408
        0x558432736408
        0x558432736408
        0x558432736408
        0x558432736408
        0x558432736408
        0x558432736408
        0x558432736408
        0x558432736408
        0x558432736408
        0x558432736408
        0x558432736408
        0x558432736408
        0x558432736408
        0x558432736408
        0x558432736408
        0x558432736408
        0x558432736408
        0x558432736408
        0x558432736408
        0x558432736408
        0x558432736408
        0x558432736408
        0x558432736408
        0x558432736408
        0x558432736408
        0x558432736408
        0x558432736408
        0x558432736408
        0x558432736408
        0x558432736408
        0x558432736408
        0x558432736408
        0x558432736408
        0x558432736408
        0x558432736408
        0x558432736408
        0x558432736408
        0x558432736408
        0x558432736408
        0x558432736408
        0x558432736408
        0x558432736408
        0x558432736408
        0x558432736408
        0x558432736408
        0x558432736408
        0x558432736408
        0x558432736408
        0x558432736408
        0x558432736408
        0x558432736408
        0x558432736408
        0x558432736408
        0x558432736408
        0x558432736408
        0x558432736408
        0x558432736408
        0x558432736408
        0x558432736408
        0x558432736408
        0x558432736408
        0x558432736408
        0x558432736408
        0x558432736408
        0x558432736408
        0x558432736408
        0x558432736408
        0x558432736408
        0x558432736408
        0x558432736408
        0x558432736408
        0x558432736408
        0x558432736408
        0x558432736408
        0x558432736408
        0x558432736408
        0x558432736408
        0x558432736408
        0x558432736408
        0x558432736408
        0x558432736408
        0x558432736408
        0x558432736408
        0x558432736408
        0x558432736408
        0x558432736408
        0x558432736408
        0x558432736408
        0x558432736408
        0x558432736408
        0x558432736408
        0x558432736408
]: 1
@preempt_stack[
        0x7f953d7ba1d8
        0xd200038ffcc4fda
        0x7f953d884770
        0x8d48012d942a058b
]: 1
@preempt_stack[
        0x7f953dd12385
        0x7f9506fdd0e0
]: 1
@preempt_stack[
        0x7f953d7bb787
]: 1
@preempt_stack[
        0x7f949c9e44f9
        0x120000
        0x558432dacf68
        0x558432dacf68
        0x558432dacf68
        0x558432dacf68
        0x558432dacf68
        0x558432dacf68
        0x558432dacf68
        0x558432dacf68
        0x558432dacf68
        0x558432dacf68
        0x558432dacf68
        0x558432dacf68
        0x558432dacf68
        0x558432dacf68
        0x558432dacf68
        0x558432dacf68
        0x558432dacf68
        0x558432dacf68
        0x558432dacf68
        0x558432dacf68
        0x558432dacf68
        0x558432dacf68
        0x558432dacf68
        0x558432dacf68
        0x558432dacf68
        0x558432dacf68
        0x558432dacf68
        0x558432dacf68
        0x558432dacf68
        0x558432dacf68
        0x558432dacf68
        0x558432dacf68
        0x558432dacf68
        0x558432dacf68
        0x558432dacf68
        0x558432dacf68
        0x558432dacf68
        0x558432dacf68
        0x558432dacf68
        0x558432dacf68
        0x558432dacf68
        0x558432dacf68
        0x558432dacf68
        0x558432dacf68
        0x558432dacf68
        0x558432dacf68
        0x558432dacf68
        0x558432dacf68
        0x558432dacf68
        0x558432dacf68
        0x558432dacf68
        0x558432dacf68
        0x558432dacf68
        0x558432dacf68
        0x558432dacf68
        0x558432dacf68
        0x558432dacf68
        0x558432dacf68
        0x558432dacf68
        0x558432dacf68
        0x558432dacf68
        0x558432dacf68
        0x558432dacf68
        0x558432dacf68
        0x558432dacf68
        0x558432dacf68
        0x558432dacf68
        0x558432dacf68
        0x558432dacf68
        0x558432dacf68
        0x558432dacf68
        0x558432dacf68
        0x558432dacf68
        0x558432dacf68
        0x558432dacf68
        0x558432dacf68
        0x558432dacf68
        0x558432dacf68
        0x558432dacf68
        0x558432dacf68
        0x558432dacf68
        0x558432dacf68
        0x558432dacf68
        0x558432dacf68
        0x558432dacf68
        0x558432dacf68
        0x558432dacf68
        0x558432dacf68
        0x558432dacf68
        0x558432dacf68
        0x558432dacf68
        0x558432dacf68
        0x558432dacf68
        0x558432dacf68
        0x558432dacf68
        0x558432dacf68
        0x558432dacf68
        0x558432dacf68
        0x558432dacf68
        0x558432dacf68
        0x558432dacf68
        0x558432dacf68
        0x558432dacf68
        0x558432dacf68
        0x558432dacf68
        0x558432dacf68
        0x558432dacf68
        0x558432dacf68
        0x558432dacf68
        0x558432dacf68
        0x558432dacf68
        0x558432dacf68
        0x558432dacf68
        0x558432dacf68
        0x558432dacf68
        0x558432dacf68
        0x558432dacf68
        0x558432dacf68
        0x558432dacf68
        0x558432dacf68
        0x558432dacf68
        0x558432dacf68
        0x558432dacf68
        0x558432dacf68
        0x558432dacf68
]: 1
@preempt_stack[
        0x7f953dd4319b
        0x10000
        0x7f9505bf4ca0
        0x58
        0x7f91b00000
]: 1
@preempt_stack[
        0x7f953dd1a614
        0x7f950000088c
        0
]: 1
@preempt_stack[
        0x7f953dcd7ce0
]: 1
@preempt_stack[
        monoeg_g_ptr_array_add+2
        0x558434ae3e20
        0x558434724e30
]: 1
@preempt_stack[
        0x7f949ca0d530
        0x100000000
]: 1
@preempt_stack[
        0x7f953ea0bed8
        0x42840ff685
]: 1
@preempt_stack[
        0x7f953cbb88ce
]: 1
@preempt_stack[
        0x40cadfee
]: 1
@preempt_stack[
        0x7f949ca0ec78
        0x7f93feb8b1e0
        0
        0x7f94000417c0
]: 1
@preempt_stack[
        0x40e11339
        0x40e08a84
        0x40e04842
        0x40d72083
        0x40d5ad0e
        0x40d56ef8
        0x40d56d80
        0x40d53864
        0
        0
        0x558432736408
        0x558432736408
        0x558432736408
        0x558432736408
        0x558432736408
        0x558432736408
        0x558432736408
        0x558432736408
        0x558432736408
        0x558432736408
        0x558432736408
        0x558432736408
        0x558432736408
        0x558432736408
        0x558432736408
        0x558432736408
        0x558432736408
        0x558432736408
        0x558432736408
        0x558432736408
        0x558432736408
        0x558432736408
        0x558432736408
        0x558432736408
        0x558432736408
        0x558432736408
        0x558432736408
        0x558432736408
        0x558432736408
        0x558432736408
        0x558432736408
        0x558432736408
        0x558432736408
        0x558432736408
        0x558432736408
        0x558432736408
        0x558432736408
        0x558432736408
        0x558432736408
        0x558432736408
        0x558432736408
        0x558432736408
        0x558432736408
        0x558432736408
        0x558432736408
        0x558432736408
        0x558432736408
        0x558432736408
        0x558432736408
        0x558432736408
        0x558432736408
        0x558432736408
        0x558432736408
        0x558432736408
        0x558432736408
        0x558432736408
        0x558432736408
        0x558432736408
        0x558432736408
        0x558432736408
        0x558432736408
        0x558432736408
        0x558432736408
        0x558432736408
        0x558432736408
        0x558432736408
        0x558432736408
        0x558432736408
        0x558432736408
        0x558432736408
        0x558432736408
        0x558432736408
        0x558432736408
        0x558432736408
        0x558432736408
        0x558432736408
        0x558432736408
        0x558432736408
        0x558432736408
        0x558432736408
        0x558432736408
        0x558432736408
        0x558432736408
        0x558432736408
        0x558432736408
        0x558432736408
        0x558432736408
        0x558432736408
        0x558432736408
        0x558432736408
        0x558432736408
        0x558432736408
        0x558432736408
        0x558432736408
        0x558432736408
        0x558432736408
        0x558432736408
        0x558432736408
        0x558432736408
        0x558432736408
        0x558432736408
        0x558432736408
        0x558432736408
        0x558432736408
        0x558432736408
        0x558432736408
        0x558432736408
        0x558432736408
        0x558432736408
        0x558432736408
        0x558432736408
        0x558432736408
        0x558432736408
        0x558432736408
        0x558432736408
        0x558432736408
        0x558432736408
]: 1
@preempt_stack[
        0x7f953d905911
        0x78e07c0078e0782
]: 1
@preempt_stack[
        0x7f953d4f6d83
        0x40f3c828
        0x7f949c846428
        0x7f949c9e578f
        0x558431b82490
]: 1
@preempt_stack[
        0x7f949c9e44f9
        0x120000
        0x558432e47928
        0x558432e47928
        0x558432e47928
        0x558432e47928
        0x558432e47928
        0x558432e47928
        0x558432e47928
        0x558432e47928
        0x558432e47928
        0x558432e47928
        0x558432e47928
        0x558432e47928
        0x558432e47928
        0x558432e47928
        0x558432e47928
        0x558432e47928
        0x558432e47928
        0x558432e47928
        0x558432e47928
        0x558432e47928
        0x558432e47928
        0x558432e47928
        0x558432e47928
        0x558432e47928
        0x558432e47928
        0x558432e47928
        0x558432e47928
        0x558432e47928
        0x558432e47928
        0x558432e47928
        0x558432e47928
        0x558432e47928
        0x558432e47928
        0x558432e47928
        0x558432e47928
        0x558432e47928
        0x558432e47928
        0x558432e47928
        0x558432e47928
        0x558432e47928
        0x558432e47928
        0x558432e47928
        0x558432e47928
        0x558432e47928
        0x558432e47928
        0x558432e47928
        0x558432e47928
        0x558432e47928
        0x558432e47928
        0x558432e47928
        0x558432e47928
        0x558432e47928
        0x558432e47928
        0x558432e47928
        0x558432e47928
        0x558432e47928
        0x558432e47928
        0x558432e47928
        0x558432e47928
        0x558432e47928
        0x558432e47928
        0x558432e47928
        0x558432e47928
        0x558432e47928
        0x558432e47928
        0x558432e47928
        0x558432e47928
        0x558432e47928
        0x558432e47928
        0x558432e47928
        0x558432e47928
        0x558432e47928
        0x558432e47928
        0x558432e47928
        0x558432e47928
        0x558432e47928
        0x558432e47928
        0x558432e47928
        0x558432e47928
        0x558432e47928
        0x558432e47928
        0x558432e47928
        0x558432e47928
        0x558432e47928
        0x558432e47928
        0x558432e47928
        0x558432e47928
        0x558432e47928
        0x558432e47928
        0x558432e47928
        0x558432e47928
        0x558432e47928
        0x558432e47928
        0x558432e47928
        0x558432e47928
        0x558432e47928
        0x558432e47928
        0x558432e47928
        0x558432e47928
        0x558432e47928
        0x558432e47928
        0x558432e47928
        0x558432e47928
        0x558432e47928
        0x558432e47928
        0x558432e47928
        0x558432e47928
        0x558432e47928
        0x558432e47928
        0x558432e47928
        0x558432e47928
        0x558432e47928
        0x558432e47928
        0x558432e47928
        0x558432e47928
        0x558432e47928
        0x558432e47928
        0x558432e47928
        0x558432e47928
        0x558432e47928
        0x558432e47928
        0x558432e47928
        0x558432e47928
        0x558432e47928
        0x558432e47928
]: 1
@preempt_stack[
        0x7f953d950d34
]: 1
@preempt_stack[
        0x401965f0
]: 1
@preempt_stack[
        0x7f953dd4e96f
        0x646066706440646
]: 1
@preempt_stack[
        0x7f953dd4e965
        0x90c090109040903
]: 1
@preempt_stack[
        0x7f953dba394b
        0x196638
]: 1
@preempt_stack[
        0x406b948b
        0x40e04842
        0x40d72083
        0x40d5ad0e
        0x40d56ef8
        0x40d56d80
        0x40d53864
        0
        0
        0x558432736408
        0x558432736408
        0x558432736408
        0x558432736408
        0x558432736408
        0x558432736408
        0x558432736408
        0x558432736408
        0x558432736408
        0x558432736408
        0x558432736408
        0x558432736408
        0x558432736408
        0x558432736408
        0x558432736408
        0x558432736408
        0x558432736408
        0x558432736408
        0x558432736408
        0x558432736408
        0x558432736408
        0x558432736408
        0x558432736408
        0x558432736408
        0x558432736408
        0x558432736408
        0x558432736408
        0x558432736408
        0x558432736408
        0x558432736408
        0x558432736408
        0x558432736408
        0x558432736408
        0x558432736408
        0x558432736408
        0x558432736408
        0x558432736408
        0x558432736408
        0x558432736408
        0x558432736408
        0x558432736408
        0x558432736408
        0x558432736408
        0x558432736408
        0x558432736408
        0x558432736408
        0x558432736408
        0x558432736408
        0x558432736408
        0x558432736408
        0x558432736408
        0x558432736408
        0x558432736408
        0x558432736408
        0x558432736408
        0x558432736408
        0x558432736408
        0x558432736408
        0x558432736408
        0x558432736408
        0x558432736408
        0x558432736408
        0x558432736408
        0x558432736408
        0x558432736408
        0x558432736408
        0x558432736408
        0x558432736408
        0x558432736408
        0x558432736408
        0x558432736408
        0x558432736408
        0x558432736408
        0x558432736408
        0x558432736408
        0x558432736408
        0x558432736408
        0x558432736408
        0x558432736408
        0x558432736408
        0x558432736408
        0x558432736408
        0x558432736408
        0x558432736408
        0x558432736408
        0x558432736408
        0x558432736408
        0x558432736408
        0x558432736408
        0x558432736408
        0x558432736408
        0x558432736408
        0x558432736408
        0x558432736408
        0x558432736408
        0x558432736408
        0x558432736408
        0x558432736408
        0x558432736408
        0x558432736408
        0x558432736408
        0x558432736408
        0x558432736408
        0x558432736408
        0x558432736408
        0x558432736408
        0x558432736408
        0x558432736408
        0x558432736408
        0x558432736408
        0x558432736408
        0x558432736408
        0x558432736408
        0x558432736408
        0x558432736408
        0x558432736408
        0x558432736408
        0x558432736408
]: 1
@preempt_stack[
        0x7f953dd1fe67
        0x7f9500010000
        0x7f9502816c20
        0x58
]: 1
@preempt_stack[
        __pthread_mutex_lock+79
]: 1
@preempt_stack[
        0x7f953dcd3703
        0xf8f0f860f840f83
]: 1
@preempt_stack[
        0x4043fbf9
        0
        0
        0x5584331f16f0
        0x5584331f16f0
        0x5584331f16f0
        0x5584331f16f0
        0x5584331f16f0
        0x5584331f16f0
        0x5584331f16f0
        0x5584331f16f0
        0x5584331f16f0
        0x5584331f16f0
        0x5584331f16f0
        0x5584331f16f0
        0x5584331f16f0
        0x5584331f16f0
        0x5584331f16f0
        0x5584331f16f0
        0x5584331f16f0
        0x5584331f16f0
        0x5584331f16f0
        0x5584331f16f0
        0x5584331f16f0
        0x5584331f16f0
        0x5584331f16f0
        0x5584331f16f0
        0x5584331f16f0
        0x5584331f16f0
        0x5584331f16f0
        0x5584331f16f0
        0x5584331f16f0
        0x5584331f16f0
        0x5584331f16f0
        0x5584331f16f0
        0x5584331f16f0
        0x5584331f16f0
        0x5584331f16f0
        0x5584331f16f0
        0x5584331f16f0
        0x5584331f16f0
        0x5584331f16f0
        0x5584331f16f0
        0x5584331f16f0
        0x5584331f16f0
        0x5584331f16f0
        0x5584331f16f0
        0x5584331f16f0
        0x5584331f16f0
        0x5584331f16f0
        0x5584331f16f0
        0x5584331f16f0
        0x5584331f16f0
        0x5584331f16f0
        0x5584331f16f0
        0x5584331f16f0
        0x5584331f16f0
        0x5584331f16f0
        0x5584331f16f0
        0x5584331f16f0
        0x5584331f16f0
        0x5584331f16f0
        0x5584331f16f0
        0x5584331f16f0
        0x5584331f16f0
        0x5584331f16f0
        0x5584331f16f0
        0x5584331f16f0
        0x5584331f16f0
        0x5584331f16f0
        0x5584331f16f0
        0x5584331f16f0
        0x5584331f16f0
        0x5584331f16f0
        0x5584331f16f0
        0x5584331f16f0
        0x5584331f16f0
        0x5584331f16f0
        0x5584331f16f0
        0x5584331f16f0
        0x5584331f16f0
        0x5584331f16f0
        0x5584331f16f0
        0x5584331f16f0
        0x5584331f16f0
        0x5584331f16f0
        0x5584331f16f0
        0x5584331f16f0
        0x5584331f16f0
        0x5584331f16f0
        0x5584331f16f0
        0x5584331f16f0
        0x5584331f16f0
        0x5584331f16f0
        0x5584331f16f0
        0x5584331f16f0
        0x5584331f16f0
        0x5584331f16f0
        0x5584331f16f0
        0x5584331f16f0
        0x5584331f16f0
        0x5584331f16f0
        0x5584331f16f0
        0x5584331f16f0
        0x5584331f16f0
        0x5584331f16f0
        0x5584331f16f0
        0x5584331f16f0
        0x5584331f16f0
        0x5584331f16f0
        0x5584331f16f0
        0x5584331f16f0
        0x5584331f16f0
        0x5584331f16f0
        0x5584331f16f0
        0x5584331f16f0
        0x5584331f16f0
        0x5584331f16f0
        0x5584331f16f0
        0x5584331f16f0
        0x5584331f16f0
        0x5584331f16f0
        0x5584331f16f0
        0x5584331f16f0
        0x5584331f16f0
        0x5584331f16f0
        0x5584331f16f0
]: 1
@preempt_stack[
        0x7f953dd4e922
        0x5470583054a0548
]: 1
@preempt_stack[
        0x7f953df58945
        0xb9a0b990b980b8e
]: 1
@preempt_stack[
        0x7f953e4a6ae4
]: 1
@preempt_stack[
        0x7f953dd181ed
        0xf8
]: 1
@preempt_stack[
        0x7f949ca0f68f
        0x110000
        0x558431b42e78
        0x558431b42e78
        0x558431b42e78
        0x558431b42e78
        0x558431b42e78
        0x558431b42e78
        0x558431b42e78
        0x558431b42e78
        0x558431b42e78
        0x558431b42e78
        0x558431b42e78
        0x558431b42e78
        0x558431b42e78
        0x558431b42e78
        0x558431b42e78
        0x558431b42e78
        0x558431b42e78
        0x558431b42e78
        0x558431b42e78
        0x558431b42e78
        0x558431b42e78
        0x558431b42e78
        0x558431b42e78
        0x558431b42e78
        0x558431b42e78
        0x558431b42e78
        0x558431b42e78
        0x558431b42e78
        0x558431b42e78
        0x558431b42e78
        0x558431b42e78
        0x558431b42e78
        0x558431b42e78
        0x558431b42e78
        0x558431b42e78
        0x558431b42e78
        0x558431b42e78
        0x558431b42e78
        0x558431b42e78
        0x558431b42e78
        0x558431b42e78
        0x558431b42e78
        0x558431b42e78
        0x558431b42e78
        0x558431b42e78
        0x558431b42e78
        0x558431b42e78
        0x558431b42e78
        0x558431b42e78
        0x558431b42e78
        0x558431b42e78
        0x558431b42e78
        0x558431b42e78
        0x558431b42e78
        0x558431b42e78
        0x558431b42e78
        0x558431b42e78
        0x558431b42e78
        0x558431b42e78
        0x558431b42e78
        0x558431b42e78
        0x558431b42e78
        0x558431b42e78
        0x558431b42e78
        0x558431b42e78
        0x558431b42e78
        0x558431b42e78
        0x558431b42e78
        0x558431b42e78
        0x558431b42e78
        0x558431b42e78
        0x558431b42e78
        0x558431b42e78
        0x558431b42e78
        0x558431b42e78
        0x558431b42e78
        0x558431b42e78
        0x558431b42e78
        0x558431b42e78
        0x558431b42e78
        0x558431b42e78
        0x558431b42e78
        0x558431b42e78
        0x558431b42e78
        0x558431b42e78
        0x558431b42e78
        0x558431b42e78
        0x558431b42e78
        0x558431b42e78
        0x558431b42e78
        0x558431b42e78
        0x558431b42e78
        0x558431b42e78
        0x558431b42e78
        0x558431b42e78
        0x558431b42e78
        0x558431b42e78
        0x558431b42e78
        0x558431b42e78
        0x558431b42e78
        0x558431b42e78
        0x558431b42e78
        0x558431b42e78
        0x558431b42e78
        0x558431b42e78
        0x558431b42e78
        0x558431b42e78
        0x558431b42e78
        0x558431b42e78
        0x558431b42e78
        0x558431b42e78
        0x558431b42e78
        0x558431b42e78
        0x558431b42e78
        0x558431b42e78
        0x558431b42e78
        0x558431b42e78
        0x558431b42e78
        0x558431b42e78
        0x558431b42e78
        0x558431b42e78
        0x558431b42e78
        0x558431b42e78
        0x558431b42e78
        0x558431b42e78
]: 1
@preempt_stack[
        0x7f949ca56df1
        0x40212f04
        0x40a8a7df
        0x40407e56
        0x40403d24
        0x7f949c846428
        0x7f949c9e578f
        0x558431b82490
]: 1
@preempt_stack[
        0x40d59270
        0x40d56ef8
        0x40d56d80
        0x40d53864
        0
        0
        0x558432736408
        0x558432736408
        0x558432736408
        0x558432736408
        0x558432736408
        0x558432736408
        0x558432736408
        0x558432736408
        0x558432736408
        0x558432736408
        0x558432736408
        0x558432736408
        0x558432736408
        0x558432736408
        0x558432736408
        0x558432736408
        0x558432736408
        0x558432736408
        0x558432736408
        0x558432736408
        0x558432736408
        0x558432736408
        0x558432736408
        0x558432736408
        0x558432736408
        0x558432736408
        0x558432736408
        0x558432736408
        0x558432736408
        0x558432736408
        0x558432736408
        0x558432736408
        0x558432736408
        0x558432736408
        0x558432736408
        0x558432736408
        0x558432736408
        0x558432736408
        0x558432736408
        0x558432736408
        0x558432736408
        0x558432736408
        0x558432736408
        0x558432736408
        0x558432736408
        0x558432736408
        0x558432736408
        0x558432736408
        0x558432736408
        0x558432736408
        0x558432736408
        0x558432736408
        0x558432736408
        0x558432736408
        0x558432736408
        0x558432736408
        0x558432736408
        0x558432736408
        0x558432736408
        0x558432736408
        0x558432736408
        0x558432736408
        0x558432736408
        0x558432736408
        0x558432736408
        0x558432736408
        0x558432736408
        0x558432736408
        0x558432736408
        0x558432736408
        0x558432736408
        0x558432736408
        0x558432736408
        0x558432736408
        0x558432736408
        0x558432736408
        0x558432736408
        0x558432736408
        0x558432736408
        0x558432736408
        0x558432736408
        0x558432736408
        0x558432736408
        0x558432736408
        0x558432736408
        0x558432736408
        0x558432736408
        0x558432736408
        0x558432736408
        0x558432736408
        0x558432736408
        0x558432736408
        0x558432736408
        0x558432736408
        0x558432736408
        0x558432736408
        0x558432736408
        0x558432736408
        0x558432736408
        0x558432736408
        0x558432736408
        0x558432736408
        0x558432736408
        0x558432736408
        0x558432736408
        0x558432736408
        0x558432736408
        0x558432736408
        0x558432736408
        0x558432736408
        0x558432736408
        0x558432736408
        0x558432736408
        0x558432736408
        0x558432736408
        0x558432736408
        0x558432736408
        0x558432736408
        0x558432736408
        0x558432736408
        0x558432736408
]: 1
@preempt_stack[
        0x7f953d7b7f3f
        0xea00038ffccf1a2
        0x7f953da02410
        0x8348078948011124
]: 1
@preempt_stack[
        0x7f953dd20625
        0x7f950000088c
        0
]: 1
@preempt_stack[
        0x7f953e9b57ef
        0x3f816caa3f03e553
]: 1
@preempt_stack[
        0x7f953df61404
        0x38
        0x7f953df00ad0
        0xade908c783480789
]: 1
@preempt_stack[
        0x40196638
        0x40c62b14
        0x40c5aaa4
        0x4077cadf
        0x7f949c846428
        0x7f949c9e578f
        0x558431b82490
]: 1
@preempt_stack[
        0x7f953e4a6cd1
]: 1
@preempt_stack[
        0x7f949c9ce579
        0x55843333c4c0
        0x55843333c4c0
        0x55843333c4c0
        0x55843333c4c0
        0x55843333c4c0
        0x55843333c4c0
        0x55843333c4c0
        0x55843333c4c0
        0x55843333c4c0
        0x55843333c4c0
        0x55843333c4c0
        0x55843333c4c0
        0x55843333c4c0
        0x55843333c4c0
        0x55843333c4c0
        0x55843333c4c0
        0x55843333c4c0
        0x55843333c4c0
        0x55843333c4c0
        0x55843333c4c0
        0x55843333c4c0
        0x55843333c4c0
        0x55843333c4c0
        0x55843333c4c0
        0x55843333c4c0
        0x55843333c4c0
        0x55843333c4c0
        0x55843333c4c0
        0x55843333c4c0
        0x55843333c4c0
        0x55843333c4c0
        0x55843333c4c0
        0x55843333c4c0
        0x55843333c4c0
        0x55843333c4c0
        0x55843333c4c0
        0x55843333c4c0
        0x55843333c4c0
        0x55843333c4c0
        0x55843333c4c0
        0x55843333c4c0
        0x55843333c4c0
        0x55843333c4c0
        0x55843333c4c0
        0x55843333c4c0
        0x55843333c4c0
        0x55843333c4c0
        0x55843333c4c0
        0x55843333c4c0
        0x55843333c4c0
        0x55843333c4c0
        0x55843333c4c0
        0x55843333c4c0
        0x55843333c4c0
        0x55843333c4c0
        0x55843333c4c0
        0x55843333c4c0
        0x55843333c4c0
        0x55843333c4c0
        0x55843333c4c0
        0x55843333c4c0
        0x55843333c4c0
        0x55843333c4c0
        0x55843333c4c0
        0x55843333c4c0
        0x55843333c4c0
        0x55843333c4c0
        0x55843333c4c0
        0x55843333c4c0
        0x55843333c4c0
        0x55843333c4c0
        0x55843333c4c0
        0x55843333c4c0
        0x55843333c4c0
        0x55843333c4c0
        0x55843333c4c0
        0x55843333c4c0
        0x55843333c4c0
        0x55843333c4c0
        0x55843333c4c0
        0x55843333c4c0
        0x55843333c4c0
        0x55843333c4c0
        0x55843333c4c0
        0x55843333c4c0
        0x55843333c4c0
        0x55843333c4c0
        0x55843333c4c0
        0x55843333c4c0
        0x55843333c4c0
        0x55843333c4c0
        0x55843333c4c0
        0x55843333c4c0
        0x55843333c4c0
        0x55843333c4c0
        0x55843333c4c0
        0x55843333c4c0
        0x55843333c4c0
        0x55843333c4c0
        0x55843333c4c0
        0x55843333c4c0
        0x55843333c4c0
        0x55843333c4c0
        0x55843333c4c0
        0x55843333c4c0
        0x55843333c4c0
        0x55843333c4c0
        0x55843333c4c0
        0x55843333c4c0
        0x55843333c4c0
        0x55843333c4c0
        0x55843333c4c0
        0x55843333c4c0
        0x55843333c4c0
        0x55843333c4c0
        0x55843333c4c0
        0x55843333c4c0
        0x55843333c4c0
        0x55843333c4c0
        0x55843333c4c0
        0x55843333c4c0
        0x55843333c4c0
        0x55843333c4c0
        0x55843333c4c0
        0x55843333c4c0
        0x55843333c4c0
]: 1
@preempt_stack[
        0x7f953dd4ecc3
        0xfffffffffb2c8ff8
        0x7f9400039b00
        0x6841
]: 1
@preempt_stack[
        0x7f953d906e16
]: 1
@preempt_stack[
        0x40c2ff0d
        0x407f5958
        0x40407e17
        0x40403d24
        0x7f949c846428
        0x7f949c9e578f
        0x558431b82490
]: 1
@preempt_stack[
        0x7f953dd51234
]: 1
@preempt_stack[
        0x40caf11d
        0
        0x2000000000000001
        0x558432740e50
        0x558432740e50
        0x558432740e50
        0x558432740e50
        0x558432740e50
        0x558432740e50
        0x558432740e50
        0x558432740e50
        0x558432740e50
        0x558432740e50
        0x558432740e50
        0x558432740e50
        0x558432740e50
        0x558432740e50
        0x558432740e50
        0x558432740e50
        0x558432740e50
        0x558432740e50
        0x558432740e50
        0x558432740e50
        0x558432740e50
        0x558432740e50
        0x558432740e50
        0x558432740e50
        0x558432740e50
        0x558432740e50
        0x558432740e50
        0x558432740e50
        0x558432740e50
        0x558432740e50
        0x558432740e50
        0x558432740e50
        0x558432740e50
        0x558432740e50
        0x558432740e50
        0x558432740e50
        0x558432740e50
        0x558432740e50
        0x558432740e50
        0x558432740e50
        0x558432740e50
        0x558432740e50
        0x558432740e50
        0x558432740e50
        0x558432740e50
        0x558432740e50
        0x558432740e50
        0x558432740e50
        0x558432740e50
        0x558432740e50
        0x558432740e50
        0x558432740e50
        0x558432740e50
        0x558432740e50
        0x558432740e50
        0x558432740e50
        0x558432740e50
        0x558432740e50
        0x558432740e50
        0x558432740e50
        0x558432740e50
        0x558432740e50
        0x558432740e50
        0x558432740e50
        0x558432740e50
        0x558432740e50
        0x558432740e50
        0x558432740e50
        0x558432740e50
        0x558432740e50
        0x558432740e50
        0x558432740e50
        0x558432740e50
        0x558432740e50
        0x558432740e50
        0x558432740e50
        0x558432740e50
        0x558432740e50
        0x558432740e50
        0x558432740e50
        0x558432740e50
        0x558432740e50
        0x558432740e50
        0x558432740e50
        0x558432740e50
        0x558432740e50
        0x558432740e50
        0x558432740e50
        0x558432740e50
        0x558432740e50
        0x558432740e50
        0x558432740e50
        0x558432740e50
        0x558432740e50
        0x558432740e50
        0x558432740e50
        0x558432740e50
        0x558432740e50
        0x558432740e50
        0x558432740e50
        0x558432740e50
        0x558432740e50
        0x558432740e50
        0x558432740e50
        0x558432740e50
        0x558432740e50
        0x558432740e50
        0x558432740e50
        0x558432740e50
        0x558432740e50
        0x558432740e50
        0x558432740e50
        0x558432740e50
        0x558432740e50
        0x558432740e50
        0x558432740e50
        0x558432740e50
        0x558432740e50
        0x558432740e50
        0x558432740e50
        0x558432740e50
        0x558432740e50
        0x558432740e50
        0x558432740e50
]: 1
@preempt_stack[
        0x7f953dd423b1
]: 1
@preempt_stack[
        0x7f953d7bb275
]: 1
@preempt_stack[
        0x7f949c95eec8
        0x894828ec83485354
]: 1
@preempt_stack[
        0x7f953dcc5fb1
        0x78e078107840791
]: 1
@preempt_stack[
        0x7f949c9dcfa3
        0x120000
        0x558435107188
        0x558435107188
        0x558435107188
        0x558435107188
        0x558435107188
        0x558435107188
        0x558435107188
        0x558435107188
        0x558435107188
        0x558435107188
        0x558435107188
        0x558435107188
        0x558435107188
        0x558435107188
        0x558435107188
        0x558435107188
        0x558435107188
        0x558435107188
        0x558435107188
        0x558435107188
        0x558435107188
        0x558435107188
        0x558435107188
        0x558435107188
        0x558435107188
        0x558435107188
        0x558435107188
        0x558435107188
        0x558435107188
        0x558435107188
        0x558435107188
        0x558435107188
        0x558435107188
        0x558435107188
        0x558435107188
        0x558435107188
        0x558435107188
        0x558435107188
        0x558435107188
        0x558435107188
        0x558435107188
        0x558435107188
        0x558435107188
        0x558435107188
        0x558435107188
        0x558435107188
        0x558435107188
        0x558435107188
        0x558435107188
        0x558435107188
        0x558435107188
        0x558435107188
        0x558435107188
        0x558435107188
        0x558435107188
        0x558435107188
        0x558435107188
        0x558435107188
        0x558435107188
        0x558435107188
        0x558435107188
        0x558435107188
        0x558435107188
        0x558435107188
        0x558435107188
        0x558435107188
        0x558435107188
        0x558435107188
        0x558435107188
        0x558435107188
        0x558435107188
        0x558435107188
        0x558435107188
        0x558435107188
        0x558435107188
        0x558435107188
        0x558435107188
        0x558435107188
        0x558435107188
        0x558435107188
        0x558435107188
        0x558435107188
        0x558435107188
        0x558435107188
        0x558435107188
        0x558435107188
        0x558435107188
        0x558435107188
        0x558435107188
        0x558435107188
        0x558435107188
        0x558435107188
        0x558435107188
        0x558435107188
        0x558435107188
        0x558435107188
        0x558435107188
        0x558435107188
        0x558435107188
        0x558435107188
        0x558435107188
        0x558435107188
        0x558435107188
        0x558435107188
        0x558435107188
        0x558435107188
        0x558435107188
        0x558435107188
        0x558435107188
        0x558435107188
        0x558435107188
        0x558435107188
        0x558435107188
        0x558435107188
        0x558435107188
        0x558435107188
        0x558435107188
        0x558435107188
        0x558435107188
        0x558435107188
        0x558435107188
        0x558435107188
        0x558435107188
        0x558435107188
        0x558435107188
]: 1
@preempt_stack[
        0x7f953e4a6c47
]: 1
@preempt_stack[
        0x7f953d7ba1d8
        0xc400038ffca0456
        0x7f953d8b2af0
        0x4810c08348012aac
]: 1
@preempt_stack[
        0x7f953dd2d264
        0x7f95023c1e40
]: 1
@preempt_stack[
        0x7f949c9cb75b
        0x120000
        0x5584334cd688
        0x5584334cd688
        0x5584334cd688
        0x5584334cd688
        0x5584334cd688
        0x5584334cd688
        0x5584334cd688
        0x5584334cd688
        0x5584334cd688
        0x5584334cd688
        0x5584334cd688
        0x5584334cd688
        0x5584334cd688
        0x5584334cd688
        0x5584334cd688
        0x5584334cd688
        0x5584334cd688
        0x5584334cd688
        0x5584334cd688
        0x5584334cd688
        0x5584334cd688
        0x5584334cd688
        0x5584334cd688
        0x5584334cd688
        0x5584334cd688
        0x5584334cd688
        0x5584334cd688
        0x5584334cd688
        0x5584334cd688
        0x5584334cd688
        0x5584334cd688
        0x5584334cd688
        0x5584334cd688
        0x5584334cd688
        0x5584334cd688
        0x5584334cd688
        0x5584334cd688
        0x5584334cd688
        0x5584334cd688
        0x5584334cd688
        0x5584334cd688
        0x5584334cd688
        0x5584334cd688
        0x5584334cd688
        0x5584334cd688
        0x5584334cd688
        0x5584334cd688
        0x5584334cd688
        0x5584334cd688
        0x5584334cd688
        0x5584334cd688
        0x5584334cd688
        0x5584334cd688
        0x5584334cd688
        0x5584334cd688
        0x5584334cd688
        0x5584334cd688
        0x5584334cd688
        0x5584334cd688
        0x5584334cd688
        0x5584334cd688
        0x5584334cd688
        0x5584334cd688
        0x5584334cd688
        0x5584334cd688
        0x5584334cd688
        0x5584334cd688
        0x5584334cd688
        0x5584334cd688
        0x5584334cd688
        0x5584334cd688
        0x5584334cd688
        0x5584334cd688
        0x5584334cd688
        0x5584334cd688
        0x5584334cd688
        0x5584334cd688
        0x5584334cd688
        0x5584334cd688
        0x5584334cd688
        0x5584334cd688
        0x5584334cd688
        0x5584334cd688
        0x5584334cd688
        0x5584334cd688
        0x5584334cd688
        0x5584334cd688
        0x5584334cd688
        0x5584334cd688
        0x5584334cd688
        0x5584334cd688
        0x5584334cd688
        0x5584334cd688
        0x5584334cd688
        0x5584334cd688
        0x5584334cd688
        0x5584334cd688
        0x5584334cd688
        0x5584334cd688
        0x5584334cd688
        0x5584334cd688
        0x5584334cd688
        0x5584334cd688
        0x5584334cd688
        0x5584334cd688
        0x5584334cd688
        0x5584334cd688
        0x5584334cd688
        0x5584334cd688
        0x5584334cd688
        0x5584334cd688
        0x5584334cd688
        0x5584334cd688
        0x5584334cd688
        0x5584334cd688
        0x5584334cd688
        0x5584334cd688
        0x5584334cd688
        0x5584334cd688
        0x5584334cd688
        0x5584334cd688
        0x5584334cd688
        0x5584334cd688
        0x5584334cd688
        0x5584334cd688
]: 1
@preempt_stack[
        __pthread_mutex_lock+0
]: 1
@preempt_stack[
        0x40a8a7cb
        0x40407e56
        0x40403d24
        0x7f949c846428
        0x7f949c9e578f
        0x558431b82490
]: 1
@preempt_stack[
        0x406b0377
]: 1
@preempt_stack[
        0x40cd1279
        0x40d5a51b
        0x40d56ef8
        0x40d56d80
        0x40d53864
        0
        0
        0x558432736408
        0x558432736408
        0x558432736408
        0x558432736408
        0x558432736408
        0x558432736408
        0x558432736408
        0x558432736408
        0x558432736408
        0x558432736408
        0x558432736408
        0x558432736408
        0x558432736408
        0x558432736408
        0x558432736408
        0x558432736408
        0x558432736408
        0x558432736408
        0x558432736408
        0x558432736408
        0x558432736408
        0x558432736408
        0x558432736408
        0x558432736408
        0x558432736408
        0x558432736408
        0x558432736408
        0x558432736408
        0x558432736408
        0x558432736408
        0x558432736408
        0x558432736408
        0x558432736408
        0x558432736408
        0x558432736408
        0x558432736408
        0x558432736408
        0x558432736408
        0x558432736408
        0x558432736408
        0x558432736408
        0x558432736408
        0x558432736408
        0x558432736408
        0x558432736408
        0x558432736408
        0x558432736408
        0x558432736408
        0x558432736408
        0x558432736408
        0x558432736408
        0x558432736408
        0x558432736408
        0x558432736408
        0x558432736408
        0x558432736408
        0x558432736408
        0x558432736408
        0x558432736408
        0x558432736408
        0x558432736408
        0x558432736408
        0x558432736408
        0x558432736408
        0x558432736408
        0x558432736408
        0x558432736408
        0x558432736408
        0x558432736408
        0x558432736408
        0x558432736408
        0x558432736408
        0x558432736408
        0x558432736408
        0x558432736408
        0x558432736408
        0x558432736408
        0x558432736408
        0x558432736408
        0x558432736408
        0x558432736408
        0x558432736408
        0x558432736408
        0x558432736408
        0x558432736408
        0x558432736408
        0x558432736408
        0x558432736408
        0x558432736408
        0x558432736408
        0x558432736408
        0x558432736408
        0x558432736408
        0x558432736408
        0x558432736408
        0x558432736408
        0x558432736408
        0x558432736408
        0x558432736408
        0x558432736408
        0x558432736408
        0x558432736408
        0x558432736408
        0x558432736408
        0x558432736408
        0x558432736408
        0x558432736408
        0x558432736408
        0x558432736408
        0x558432736408
        0x558432736408
        0x558432736408
        0x558432736408
        0x558432736408
        0x558432736408
        0x558432736408
        0x558432736408
        0x558432736408
        0x558432736408
        0x558432736408
]: 1
@preempt_stack[
        0x7f953d9076a5
        0x7f950072a940
        0xac40abb0ab90ab7
]: 1
@preempt_stack[
        0x7f953d9015ec
        0x481048604840482
]: 1
@preempt_stack[
        0x4044a528
        0x4044840c
        0x40445fcc
]: 1
@preempt_stack[
        0x40ac9e10
        0x40eac640
        0x40ea95d9
        0x40ca69ba
        0x40407e56
        0x40403d24
        0x7f949c846428
        0x7f949c9e578f
        0x558431b82490
]: 1
@preempt_stack[
        0x40bb327c
]: 1
@preempt_stack[
        0x7f949c9ce4d8
        0x558434b60f18
        0x558434b60f18
        0x558434b60f18
        0x558434b60f18
        0x558434b60f18
        0x558434b60f18
        0x558434b60f18
        0x558434b60f18
        0x558434b60f18
        0x558434b60f18
        0x558434b60f18
        0x558434b60f18
        0x558434b60f18
        0x558434b60f18
        0x558434b60f18
        0x558434b60f18
        0x558434b60f18
        0x558434b60f18
        0x558434b60f18
        0x558434b60f18
        0x558434b60f18
        0x558434b60f18
        0x558434b60f18
        0x558434b60f18
        0x558434b60f18
        0x558434b60f18
        0x558434b60f18
        0x558434b60f18
        0x558434b60f18
        0x558434b60f18
        0x558434b60f18
        0x558434b60f18
        0x558434b60f18
        0x558434b60f18
        0x558434b60f18
        0x558434b60f18
        0x558434b60f18
        0x558434b60f18
        0x558434b60f18
        0x558434b60f18
        0x558434b60f18
        0x558434b60f18
        0x558434b60f18
        0x558434b60f18
        0x558434b60f18
        0x558434b60f18
        0x558434b60f18
        0x558434b60f18
        0x558434b60f18
        0x558434b60f18
        0x558434b60f18
        0x558434b60f18
        0x558434b60f18
        0x558434b60f18
        0x558434b60f18
        0x558434b60f18
        0x558434b60f18
        0x558434b60f18
        0x558434b60f18
        0x558434b60f18
        0x558434b60f18
        0x558434b60f18
        0x558434b60f18
        0x558434b60f18
        0x558434b60f18
        0x558434b60f18
        0x558434b60f18
        0x558434b60f18
        0x558434b60f18
        0x558434b60f18
        0x558434b60f18
        0x558434b60f18
        0x558434b60f18
        0x558434b60f18
        0x558434b60f18
        0x558434b60f18
        0x558434b60f18
        0x558434b60f18
        0x558434b60f18
        0x558434b60f18
        0x558434b60f18
        0x558434b60f18
        0x558434b60f18
        0x558434b60f18
        0x558434b60f18
        0x558434b60f18
        0x558434b60f18
        0x558434b60f18
        0x558434b60f18
        0x558434b60f18
        0x558434b60f18
        0x558434b60f18
        0x558434b60f18
        0x558434b60f18
        0x558434b60f18
        0x558434b60f18
        0x558434b60f18
        0x558434b60f18
        0x558434b60f18
        0x558434b60f18
        0x558434b60f18
        0x558434b60f18
        0x558434b60f18
        0x558434b60f18
        0x558434b60f18
        0x558434b60f18
        0x558434b60f18
        0x558434b60f18
        0x558434b60f18
        0x558434b60f18
        0x558434b60f18
        0x558434b60f18
        0x558434b60f18
        0x558434b60f18
        0x558434b60f18
        0x558434b60f18
        0x558434b60f18
        0x558434b60f18
        0x558434b60f18
        0x558434b60f18
        0x558434b60f18
        0x558434b60f18
        0x558434b60f18
        0x558434b60f18
        0x558434b60f18
        0x558434b60f18
]: 1
@preempt_stack[
        0x40442b25
]: 1
@preempt_stack[
        0x7f953d88089f
        0
        0x7f948f1fabe8
        0
        0
        0
        0
        0
        0
        0
        0
        0
        0x7f948a1f0be8
        0
        0
        0
        0
        0
        0
        0
        0
        0
        0
        0
        0
        0
        0
        0
        0
        0
        0
        0
        0
        0
        0
        0
        0
        0
        0
        0
        0
        0
        0
        0
        0
        0x7f9476ebfcf0
        0x7ffcbefc4500
]: 1
@preempt_stack[
        0x7f949c9e44f9
        0x120000
        0x558432bfd1a0
        0x558432bfd1a0
        0x558432bfd1a0
        0x558432bfd1a0
        0x558432bfd1a0
        0x558432bfd1a0
        0x558432bfd1a0
        0x558432bfd1a0
        0x558432bfd1a0
        0x558432bfd1a0
        0x558432bfd1a0
        0x558432bfd1a0
        0x558432bfd1a0
        0x558432bfd1a0
        0x558432bfd1a0
        0x558432bfd1a0
        0x558432bfd1a0
        0x558432bfd1a0
        0x558432bfd1a0
        0x558432bfd1a0
        0x558432bfd1a0
        0x558432bfd1a0
        0x558432bfd1a0
        0x558432bfd1a0
        0x558432bfd1a0
        0x558432bfd1a0
        0x558432bfd1a0
        0x558432bfd1a0
        0x558432bfd1a0
        0x558432bfd1a0
        0x558432bfd1a0
        0x558432bfd1a0
        0x558432bfd1a0
        0x558432bfd1a0
        0x558432bfd1a0
        0x558432bfd1a0
        0x558432bfd1a0
        0x558432bfd1a0
        0x558432bfd1a0
        0x558432bfd1a0
        0x558432bfd1a0
        0x558432bfd1a0
        0x558432bfd1a0
        0x558432bfd1a0
        0x558432bfd1a0
        0x558432bfd1a0
        0x558432bfd1a0
        0x558432bfd1a0
        0x558432bfd1a0
        0x558432bfd1a0
        0x558432bfd1a0
        0x558432bfd1a0
        0x558432bfd1a0
        0x558432bfd1a0
        0x558432bfd1a0
        0x558432bfd1a0
        0x558432bfd1a0
        0x558432bfd1a0
        0x558432bfd1a0
        0x558432bfd1a0
        0x558432bfd1a0
        0x558432bfd1a0
        0x558432bfd1a0
        0x558432bfd1a0
        0x558432bfd1a0
        0x558432bfd1a0
        0x558432bfd1a0
        0x558432bfd1a0
        0x558432bfd1a0
        0x558432bfd1a0
        0x558432bfd1a0
        0x558432bfd1a0
        0x558432bfd1a0
        0x558432bfd1a0
        0x558432bfd1a0
        0x558432bfd1a0
        0x558432bfd1a0
        0x558432bfd1a0
        0x558432bfd1a0
        0x558432bfd1a0
        0x558432bfd1a0
        0x558432bfd1a0
        0x558432bfd1a0
        0x558432bfd1a0
        0x558432bfd1a0
        0x558432bfd1a0
        0x558432bfd1a0
        0x558432bfd1a0
        0x558432bfd1a0
        0x558432bfd1a0
        0x558432bfd1a0
        0x558432bfd1a0
        0x558432bfd1a0
        0x558432bfd1a0
        0x558432bfd1a0
        0x558432bfd1a0
        0x558432bfd1a0
        0x558432bfd1a0
        0x558432bfd1a0
        0x558432bfd1a0
        0x558432bfd1a0
        0x558432bfd1a0
        0x558432bfd1a0
        0x558432bfd1a0
        0x558432bfd1a0
        0x558432bfd1a0
        0x558432bfd1a0
        0x558432bfd1a0
        0x558432bfd1a0
        0x558432bfd1a0
        0x558432bfd1a0
        0x558432bfd1a0
        0x558432bfd1a0
        0x558432bfd1a0
        0x558432bfd1a0
        0x558432bfd1a0
        0x558432bfd1a0
        0x558432bfd1a0
        0x558432bfd1a0
        0x558432bfd1a0
        0x558432bfd1a0
        0x558432bfd1a0
        0x558432bfd1a0
        0x558432bfd1a0
        0x558432bfd1a0
]: 1
@preempt_stack[
        0x7f953dd43161
        0x7f9500000879
        0
]: 1
@preempt_stack[
        0x40ce01e5
]: 1
@preempt_stack[
        0x7f953dd4ece7
        0xfffffffffc129618
]: 1
@preempt_stack[
        0x40caf13d
        0
        0x2000000000000001
        0x558432740e50
        0x558432740e50
        0x558432740e50
        0x558432740e50
        0x558432740e50
        0x558432740e50
        0x558432740e50
        0x558432740e50
        0x558432740e50
        0x558432740e50
        0x558432740e50
        0x558432740e50
        0x558432740e50
        0x558432740e50
        0x558432740e50
        0x558432740e50
        0x558432740e50
        0x558432740e50
        0x558432740e50
        0x558432740e50
        0x558432740e50
        0x558432740e50
        0x558432740e50
        0x558432740e50
        0x558432740e50
        0x558432740e50
        0x558432740e50
        0x558432740e50
        0x558432740e50
        0x558432740e50
        0x558432740e50
        0x558432740e50
        0x558432740e50
        0x558432740e50
        0x558432740e50
        0x558432740e50
        0x558432740e50
        0x558432740e50
        0x558432740e50
        0x558432740e50
        0x558432740e50
        0x558432740e50
        0x558432740e50
        0x558432740e50
        0x558432740e50
        0x558432740e50
        0x558432740e50
        0x558432740e50
        0x558432740e50
        0x558432740e50
        0x558432740e50
        0x558432740e50
        0x558432740e50
        0x558432740e50
        0x558432740e50
        0x558432740e50
        0x558432740e50
        0x558432740e50
        0x558432740e50
        0x558432740e50
        0x558432740e50
        0x558432740e50
        0x558432740e50
        0x558432740e50
        0x558432740e50
        0x558432740e50
        0x558432740e50
        0x558432740e50
        0x558432740e50
        0x558432740e50
        0x558432740e50
        0x558432740e50
        0x558432740e50
        0x558432740e50
        0x558432740e50
        0x558432740e50
        0x558432740e50
        0x558432740e50
        0x558432740e50
        0x558432740e50
        0x558432740e50
        0x558432740e50
        0x558432740e50
        0x558432740e50
        0x558432740e50
        0x558432740e50
        0x558432740e50
        0x558432740e50
        0x558432740e50
        0x558432740e50
        0x558432740e50
        0x558432740e50
        0x558432740e50
        0x558432740e50
        0x558432740e50
        0x558432740e50
        0x558432740e50
        0x558432740e50
        0x558432740e50
        0x558432740e50
        0x558432740e50
        0x558432740e50
        0x558432740e50
        0x558432740e50
        0x558432740e50
        0x558432740e50
        0x558432740e50
        0x558432740e50
        0x558432740e50
        0x558432740e50
        0x558432740e50
        0x558432740e50
        0x558432740e50
        0x558432740e50
        0x558432740e50
        0x558432740e50
        0x558432740e50
        0x558432740e50
        0x558432740e50
        0x558432740e50
        0x558432740e50
        0x558432740e50
        0x558432740e50
        0x558432740e50
]: 1
@preempt_stack[
        0x40d5b464
        0x40d59801
        0x40d56ef8
        0x40d56d80
        0x40d53864
        0
        0
        0x558432736408
        0x558432736408
        0x558432736408
        0x558432736408
        0x558432736408
        0x558432736408
        0x558432736408
        0x558432736408
        0x558432736408
        0x558432736408
        0x558432736408
        0x558432736408
        0x558432736408
        0x558432736408
        0x558432736408
        0x558432736408
        0x558432736408
        0x558432736408
        0x558432736408
        0x558432736408
        0x558432736408
        0x558432736408
        0x558432736408
        0x558432736408
        0x558432736408
        0x558432736408
        0x558432736408
        0x558432736408
        0x558432736408
        0x558432736408
        0x558432736408
        0x558432736408
        0x558432736408
        0x558432736408
        0x558432736408
        0x558432736408
        0x558432736408
        0x558432736408
        0x558432736408
        0x558432736408
        0x558432736408
        0x558432736408
        0x558432736408
        0x558432736408
        0x558432736408
        0x558432736408
        0x558432736408
        0x558432736408
        0x558432736408
        0x558432736408
        0x558432736408
        0x558432736408
        0x558432736408
        0x558432736408
        0x558432736408
        0x558432736408
        0x558432736408
        0x558432736408
        0x558432736408
        0x558432736408
        0x558432736408
        0x558432736408
        0x558432736408
        0x558432736408
        0x558432736408
        0x558432736408
        0x558432736408
        0x558432736408
        0x558432736408
        0x558432736408
        0x558432736408
        0x558432736408
        0x558432736408
        0x558432736408
        0x558432736408
        0x558432736408
        0x558432736408
        0x558432736408
        0x558432736408
        0x558432736408
        0x558432736408
        0x558432736408
        0x558432736408
        0x558432736408
        0x558432736408
        0x558432736408
        0x558432736408
        0x558432736408
        0x558432736408
        0x558432736408
        0x558432736408
        0x558432736408
        0x558432736408
        0x558432736408
        0x558432736408
        0x558432736408
        0x558432736408
        0x558432736408
        0x558432736408
        0x558432736408
        0x558432736408
        0x558432736408
        0x558432736408
        0x558432736408
        0x558432736408
        0x558432736408
        0x558432736408
        0x558432736408
        0x558432736408
        0x558432736408
        0x558432736408
        0x558432736408
        0x558432736408
        0x558432736408
        0x558432736408
        0x558432736408
        0x558432736408
        0x558432736408
        0x558432736408
        0x558432736408
]: 1
@preempt_stack[
        0x7f953ea15ab4
]: 1
@preempt_stack[
        0x401940d9
        0x7f94788cf49b
        0x7f94788cd463
]: 1
@preempt_stack[
        0x7f953d9533e0
        0xffffff54
]: 1
@preempt_stack[
        0x40212f1a
        0x40a8a7df
        0x40407e56
        0x40403d24
        0x7f949c846428
        0x7f949c9e578f
        0x558431b82490
]: 1
@preempt_stack[
        0x7f953dcd309a
        0xe480e810e4e0e48
]: 1
@preempt_stack[
        0x40bdfed0
        0x7f949c846428
        0x7f949c9e578f
        0x558431b82490
]: 1
@preempt_stack[
        0x7f953db08101
]: 1
@preempt_stack[
        0x404417d0
]: 1
@preempt_stack[
        0x7f949c9dcfa3
        0x120000
        0x5584350b7cc0
        0x5584350b7cc0
        0x5584350b7cc0
        0x5584350b7cc0
        0x5584350b7cc0
        0x5584350b7cc0
        0x5584350b7cc0
        0x5584350b7cc0
        0x5584350b7cc0
        0x5584350b7cc0
        0x5584350b7cc0
        0x5584350b7cc0
        0x5584350b7cc0
        0x5584350b7cc0
        0x5584350b7cc0
        0x5584350b7cc0
        0x5584350b7cc0
        0x5584350b7cc0
        0x5584350b7cc0
        0x5584350b7cc0
        0x5584350b7cc0
        0x5584350b7cc0
        0x5584350b7cc0
        0x5584350b7cc0
        0x5584350b7cc0
        0x5584350b7cc0
        0x5584350b7cc0
        0x5584350b7cc0
        0x5584350b7cc0
        0x5584350b7cc0
        0x5584350b7cc0
        0x5584350b7cc0
        0x5584350b7cc0
        0x5584350b7cc0
        0x5584350b7cc0
        0x5584350b7cc0
        0x5584350b7cc0
        0x5584350b7cc0
        0x5584350b7cc0
        0x5584350b7cc0
        0x5584350b7cc0
        0x5584350b7cc0
        0x5584350b7cc0
        0x5584350b7cc0
        0x5584350b7cc0
        0x5584350b7cc0
        0x5584350b7cc0
        0x5584350b7cc0
        0x5584350b7cc0
        0x5584350b7cc0
        0x5584350b7cc0
        0x5584350b7cc0
        0x5584350b7cc0
        0x5584350b7cc0
        0x5584350b7cc0
        0x5584350b7cc0
        0x5584350b7cc0
        0x5584350b7cc0
        0x5584350b7cc0
        0x5584350b7cc0
        0x5584350b7cc0
        0x5584350b7cc0
        0x5584350b7cc0
        0x5584350b7cc0
        0x5584350b7cc0
        0x5584350b7cc0
        0x5584350b7cc0
        0x5584350b7cc0
        0x5584350b7cc0
        0x5584350b7cc0
        0x5584350b7cc0
        0x5584350b7cc0
        0x5584350b7cc0
        0x5584350b7cc0
        0x5584350b7cc0
        0x5584350b7cc0
        0x5584350b7cc0
        0x5584350b7cc0
        0x5584350b7cc0
        0x5584350b7cc0
        0x5584350b7cc0
        0x5584350b7cc0
        0x5584350b7cc0
        0x5584350b7cc0
        0x5584350b7cc0
        0x5584350b7cc0
        0x5584350b7cc0
        0x5584350b7cc0
        0x5584350b7cc0
        0x5584350b7cc0
        0x5584350b7cc0
        0x5584350b7cc0
        0x5584350b7cc0
        0x5584350b7cc0
        0x5584350b7cc0
        0x5584350b7cc0
        0x5584350b7cc0
        0x5584350b7cc0
        0x5584350b7cc0
        0x5584350b7cc0
        0x5584350b7cc0
        0x5584350b7cc0
        0x5584350b7cc0
        0x5584350b7cc0
        0x5584350b7cc0
        0x5584350b7cc0
        0x5584350b7cc0
        0x5584350b7cc0
        0x5584350b7cc0
        0x5584350b7cc0
        0x5584350b7cc0
        0x5584350b7cc0
        0x5584350b7cc0
        0x5584350b7cc0
        0x5584350b7cc0
        0x5584350b7cc0
        0x5584350b7cc0
        0x5584350b7cc0
        0x5584350b7cc0
        0x5584350b7cc0
        0x5584350b7cc0
        0x5584350b7cc0
        0x5584350b7cc0
        0x5584350b7cc0
        0x5584350b7cc0
]: 1
@preempt_stack[
        0x7f953eabca24
        0x7f9504f4ee20
        0x7f91b00000
]: 1
@preempt_stack[
        0x40cf963a
        0x40cf7764
        0x40d30e35
        0x40b18238
        0x7f949c846428
        0x7f949c9e578f
        0x558431b82490
]: 1
@preempt_stack[
        0x40441ceb
]: 1
@preempt_stack[
        0x40d5bd96
        0x40d59370
        0x40d56ef8
        0x40d56d80
        0x40d53864
        0
        0
        0x558432736408
        0x558432736408
        0x558432736408
        0x558432736408
        0x558432736408
        0x558432736408
        0x558432736408
        0x558432736408
        0x558432736408
        0x558432736408
        0x558432736408
        0x558432736408
        0x558432736408
        0x558432736408
        0x558432736408
        0x558432736408
        0x558432736408
        0x558432736408
        0x558432736408
        0x558432736408
        0x558432736408
        0x558432736408
        0x558432736408
        0x558432736408
        0x558432736408
        0x558432736408
        0x558432736408
        0x558432736408
        0x558432736408
        0x558432736408
        0x558432736408
        0x558432736408
        0x558432736408
        0x558432736408
        0x558432736408
        0x558432736408
        0x558432736408
        0x558432736408
        0x558432736408
        0x558432736408
        0x558432736408
        0x558432736408
        0x558432736408
        0x558432736408
        0x558432736408
        0x558432736408
        0x558432736408
        0x558432736408
        0x558432736408
        0x558432736408
        0x558432736408
        0x558432736408
        0x558432736408
        0x558432736408
        0x558432736408
        0x558432736408
        0x558432736408
        0x558432736408
        0x558432736408
        0x558432736408
        0x558432736408
        0x558432736408
        0x558432736408
        0x558432736408
        0x558432736408
        0x558432736408
        0x558432736408
        0x558432736408
        0x558432736408
        0x558432736408
        0x558432736408
        0x558432736408
        0x558432736408
        0x558432736408
        0x558432736408
        0x558432736408
        0x558432736408
        0x558432736408
        0x558432736408
        0x558432736408
        0x558432736408
        0x558432736408
        0x558432736408
        0x558432736408
        0x558432736408
        0x558432736408
        0x558432736408
        0x558432736408
        0x558432736408
        0x558432736408
        0x558432736408
        0x558432736408
        0x558432736408
        0x558432736408
        0x558432736408
        0x558432736408
        0x558432736408
        0x558432736408
        0x558432736408
        0x558432736408
        0x558432736408
        0x558432736408
        0x558432736408
        0x558432736408
        0x558432736408
        0x558432736408
        0x558432736408
        0x558432736408
        0x558432736408
        0x558432736408
        0x558432736408
        0x558432736408
        0x558432736408
        0x558432736408
        0x558432736408
        0x558432736408
        0x558432736408
        0x558432736408
        0x558432736408
        0x558432736408
]: 1
@preempt_stack[
        GC_continue_reclaim+141
        0
]: 1
@preempt_stack[
        0x7f953d6baabb
]: 1
@preempt_stack[
        0x7f953db07a0f
]: 1
@preempt_stack[
        0x7f953e054be7
]: 1
@preempt_stack[
        0x7f953db0813a
]: 1
@preempt_stack[
        0x7f953e4a6ab8
]: 1
@preempt_stack[
        0x7f953d9073e6
        0x39207265
]: 1
@preempt_stack[
        0x7f949c9ce4d8
        0x55843225ea60
        0x55843225ea60
        0x55843225ea60
        0x55843225ea60
        0x55843225ea60
        0x55843225ea60
        0x55843225ea60
        0x55843225ea60
        0x55843225ea60
        0x55843225ea60
        0x55843225ea60
        0x55843225ea60
        0x55843225ea60
        0x55843225ea60
        0x55843225ea60
        0x55843225ea60
        0x55843225ea60
        0x55843225ea60
        0x55843225ea60
        0x55843225ea60
        0x55843225ea60
        0x55843225ea60
        0x55843225ea60
        0x55843225ea60
        0x55843225ea60
        0x55843225ea60
        0x55843225ea60
        0x55843225ea60
        0x55843225ea60
        0x55843225ea60
        0x55843225ea60
        0x55843225ea60
        0x55843225ea60
        0x55843225ea60
        0x55843225ea60
        0x55843225ea60
        0x55843225ea60
        0x55843225ea60
        0x55843225ea60
        0x55843225ea60
        0x55843225ea60
        0x55843225ea60
        0x55843225ea60
        0x55843225ea60
        0x55843225ea60
        0x55843225ea60
        0x55843225ea60
        0x55843225ea60
        0x55843225ea60
        0x55843225ea60
        0x55843225ea60
        0x55843225ea60
        0x55843225ea60
        0x55843225ea60
        0x55843225ea60
        0x55843225ea60
        0x55843225ea60
        0x55843225ea60
        0x55843225ea60
        0x55843225ea60
        0x55843225ea60
        0x55843225ea60
        0x55843225ea60
        0x55843225ea60
        0x55843225ea60
        0x55843225ea60
        0x55843225ea60
        0x55843225ea60
        0x55843225ea60
        0x55843225ea60
        0x55843225ea60
        0x55843225ea60
        0x55843225ea60
        0x55843225ea60
        0x55843225ea60
        0x55843225ea60
        0x55843225ea60
        0x55843225ea60
        0x55843225ea60
        0x55843225ea60
        0x55843225ea60
        0x55843225ea60
        0x55843225ea60
        0x55843225ea60
        0x55843225ea60
        0x55843225ea60
        0x55843225ea60
        0x55843225ea60
        0x55843225ea60
        0x55843225ea60
        0x55843225ea60
        0x55843225ea60
        0x55843225ea60
        0x55843225ea60
        0x55843225ea60
        0x55843225ea60
        0x55843225ea60
        0x55843225ea60
        0x55843225ea60
        0x55843225ea60
        0x55843225ea60
        0x55843225ea60
        0x55843225ea60
        0x55843225ea60
        0x55843225ea60
        0x55843225ea60
        0x55843225ea60
        0x55843225ea60
        0x55843225ea60
        0x55843225ea60
        0x55843225ea60
        0x55843225ea60
        0x55843225ea60
        0x55843225ea60
        0x55843225ea60
        0x55843225ea60
        0x55843225ea60
        0x55843225ea60
        0x55843225ea60
        0x55843225ea60
        0x55843225ea60
        0x55843225ea60
        0x55843225ea60
        0x55843225ea60
        0x55843225ea60
        0x55843225ea60
]: 1
@preempt_stack[
        0x7f953cbb8806
]: 1
@preempt_stack[
        0x7f953d90594f
        0x1cb01c801c601c3
]: 1
@preempt_stack[
        0x7f953d6d5f00
        0xf00000010
]: 1
@preempt_stack[
        0x7f953dd517f9
]: 1
@preempt_stack[
        0x40cad9b3
        0x40d9cb64
        0x40d57d0c
        0x40d56d80
        0x40d53864
        0
        0
        0x558432736408
        0x558432736408
        0x558432736408
        0x558432736408
        0x558432736408
        0x558432736408
        0x558432736408
        0x558432736408
        0x558432736408
        0x558432736408
        0x558432736408
        0x558432736408
        0x558432736408
        0x558432736408
        0x558432736408
        0x558432736408
        0x558432736408
        0x558432736408
        0x558432736408
        0x558432736408
        0x558432736408
        0x558432736408
        0x558432736408
        0x558432736408
        0x558432736408
        0x558432736408
        0x558432736408
        0x558432736408
        0x558432736408
        0x558432736408
        0x558432736408
        0x558432736408
        0x558432736408
        0x558432736408
        0x558432736408
        0x558432736408
        0x558432736408
        0x558432736408
        0x558432736408
        0x558432736408
        0x558432736408
        0x558432736408
        0x558432736408
        0x558432736408
        0x558432736408
        0x558432736408
        0x558432736408
        0x558432736408
        0x558432736408
        0x558432736408
        0x558432736408
        0x558432736408
        0x558432736408
        0x558432736408
        0x558432736408
        0x558432736408
        0x558432736408
        0x558432736408
        0x558432736408
        0x558432736408
        0x558432736408
        0x558432736408
        0x558432736408
        0x558432736408
        0x558432736408
        0x558432736408
        0x558432736408
        0x558432736408
        0x558432736408
        0x558432736408
        0x558432736408
        0x558432736408
        0x558432736408
        0x558432736408
        0x558432736408
        0x558432736408
        0x558432736408
        0x558432736408
        0x558432736408
        0x558432736408
        0x558432736408
        0x558432736408
        0x558432736408
        0x558432736408
        0x558432736408
        0x558432736408
        0x558432736408
        0x558432736408
        0x558432736408
        0x558432736408
        0x558432736408
        0x558432736408
        0x558432736408
        0x558432736408
        0x558432736408
        0x558432736408
        0x558432736408
        0x558432736408
        0x558432736408
        0x558432736408
        0x558432736408
        0x558432736408
        0x558432736408
        0x558432736408
        0x558432736408
        0x558432736408
        0x558432736408
        0x558432736408
        0x558432736408
        0x558432736408
        0x558432736408
        0x558432736408
        0x558432736408
        0x558432736408
        0x558432736408
        0x558432736408
        0x558432736408
        0x558432736408
        0x558432736408
        0x558432736408
]: 1
@preempt_stack[
        0x7f953d6caed9
        0
]: 1
@preempt_stack[
        0x40cfbd8d
        0x40cfa21e
        0x40dbe6db
        0x40dbdc5c
        0x40b18238
        0x7f949c846428
        0x7f949c9e578f
        0x558431b82490
]: 1
@preempt_stack[
        0x40441b5d
]: 1
@preempt_stack[
        __pthread_getspecific+54
        0x40c2f0dc
        0x40c2eec4
        0x40c41434
        0x40c41000
        0x40a8a76e
        0x40407e56
        0x40403d24
        0x7f949c846428
        0x7f949c9e578f
        0x558431b82490
]: 1
@preempt_stack[
        0x7f953d905cf1
        0
]: 1
@preempt_stack[
        mono_g_hash_table_lookup_extended+66
        0x120000
        0x558434840080
        0x558434840080
        0x558434840080
        0x558434840080
        0x558434840080
        0x558434840080
        0x558434840080
        0x558434840080
        0x558434840080
        0x558434840080
        0x558434840080
        0x558434840080
        0x558434840080
        0x558434840080
        0x558434840080
        0x558434840080
        0x558434840080
        0x558434840080
        0x558434840080
        0x558434840080
        0x558434840080
        0x558434840080
        0x558434840080
        0x558434840080
        0x558434840080
        0x558434840080
        0x558434840080
        0x558434840080
        0x558434840080
        0x558434840080
        0x558434840080
        0x558434840080
        0x558434840080
        0x558434840080
        0x558434840080
        0x558434840080
        0x558434840080
        0x558434840080
        0x558434840080
        0x558434840080
        0x558434840080
        0x558434840080
        0x558434840080
        0x558434840080
        0x558434840080
        0x558434840080
        0x558434840080
        0x558434840080
        0x558434840080
        0x558434840080
        0x558434840080
        0x558434840080
        0x558434840080
        0x558434840080
        0x558434840080
        0x558434840080
        0x558434840080
        0x558434840080
        0x558434840080
        0x558434840080
        0x558434840080
        0x558434840080
        0x558434840080
        0x558434840080
        0x558434840080
        0x558434840080
        0x558434840080
        0x558434840080
        0x558434840080
        0x558434840080
        0x558434840080
        0x558434840080
        0x558434840080
        0x558434840080
        0x558434840080
        0x558434840080
        0x558434840080
        0x558434840080
        0x558434840080
        0x558434840080
        0x558434840080
        0x558434840080
        0x558434840080
        0x558434840080
        0x558434840080
        0x558434840080
        0x558434840080
        0x558434840080
        0x558434840080
        0x558434840080
        0x558434840080
        0x558434840080
        0x558434840080
        0x558434840080
        0x558434840080
        0x558434840080
        0x558434840080
        0x558434840080
        0x558434840080
        0x558434840080
        0x558434840080
        0x558434840080
        0x558434840080
        0x558434840080
        0x558434840080
        0x558434840080
        0x558434840080
        0x558434840080
        0x558434840080
        0x558434840080
        0x558434840080
        0x558434840080
        0x558434840080
        0x558434840080
        0x558434840080
        0x558434840080
        0x558434840080
        0x558434840080
        0x558434840080
        0x558434840080
        0x558434840080
        0x558434840080
        0x558434840080
        0x558434840080
        0x558434840080
]: 1
@preempt_stack[
        0x40d066d5
        0
        0x2000000000000001
        0x558432740e50
        0x558432740e50
        0x558432740e50
        0x558432740e50
        0x558432740e50
        0x558432740e50
        0x558432740e50
        0x558432740e50
        0x558432740e50
        0x558432740e50
        0x558432740e50
        0x558432740e50
        0x558432740e50
        0x558432740e50
        0x558432740e50
        0x558432740e50
        0x558432740e50
        0x558432740e50
        0x558432740e50
        0x558432740e50
        0x558432740e50
        0x558432740e50
        0x558432740e50
        0x558432740e50
        0x558432740e50
        0x558432740e50
        0x558432740e50
        0x558432740e50
        0x558432740e50
        0x558432740e50
        0x558432740e50
        0x558432740e50
        0x558432740e50
        0x558432740e50
        0x558432740e50
        0x558432740e50
        0x558432740e50
        0x558432740e50
        0x558432740e50
        0x558432740e50
        0x558432740e50
        0x558432740e50
        0x558432740e50
        0x558432740e50
        0x558432740e50
        0x558432740e50
        0x558432740e50
        0x558432740e50
        0x558432740e50
        0x558432740e50
        0x558432740e50
        0x558432740e50
        0x558432740e50
        0x558432740e50
        0x558432740e50
        0x558432740e50
        0x558432740e50
        0x558432740e50
        0x558432740e50
        0x558432740e50
        0x558432740e50
        0x558432740e50
        0x558432740e50
        0x558432740e50
        0x558432740e50
        0x558432740e50
        0x558432740e50
        0x558432740e50
        0x558432740e50
        0x558432740e50
        0x558432740e50
        0x558432740e50
        0x558432740e50
        0x558432740e50
        0x558432740e50
        0x558432740e50
        0x558432740e50
        0x558432740e50
        0x558432740e50
        0x558432740e50
        0x558432740e50
        0x558432740e50
        0x558432740e50
        0x558432740e50
        0x558432740e50
        0x558432740e50
        0x558432740e50
        0x558432740e50
        0x558432740e50
        0x558432740e50
        0x558432740e50
        0x558432740e50
        0x558432740e50
        0x558432740e50
        0x558432740e50
        0x558432740e50
        0x558432740e50
        0x558432740e50
        0x558432740e50
        0x558432740e50
        0x558432740e50
        0x558432740e50
        0x558432740e50
        0x558432740e50
        0x558432740e50
        0x558432740e50
        0x558432740e50
        0x558432740e50
        0x558432740e50
        0x558432740e50
        0x558432740e50
        0x558432740e50
        0x558432740e50
        0x558432740e50
        0x558432740e50
        0x558432740e50
        0x558432740e50
        0x558432740e50
        0x558432740e50
        0x558432740e50
        0x558432740e50
        0x558432740e50
        0x558432740e50
        0x558432740e50
]: 1
@preempt_stack[
        0x7f953e331350
]: 1
@preempt_stack[
        0x7f949c9ac963
]: 1
@preempt_stack[
        0x7f949c9dcfa3
        0x110000
        0x5584352de870
        0x5584352de870
        0x5584352de870
        0x5584352de870
        0x5584352de870
        0x5584352de870
        0x5584352de870
        0x5584352de870
        0x5584352de870
        0x5584352de870
        0x5584352de870
        0x5584352de870
        0x5584352de870
        0x5584352de870
        0x5584352de870
        0x5584352de870
        0x5584352de870
        0x5584352de870
        0x5584352de870
        0x5584352de870
        0x5584352de870
        0x5584352de870
        0x5584352de870
        0x5584352de870
        0x5584352de870
        0x5584352de870
        0x5584352de870
        0x5584352de870
        0x5584352de870
        0x5584352de870
        0x5584352de870
        0x5584352de870
        0x5584352de870
        0x5584352de870
        0x5584352de870
        0x5584352de870
        0x5584352de870
        0x5584352de870
        0x5584352de870
        0x5584352de870
        0x5584352de870
        0x5584352de870
        0x5584352de870
        0x5584352de870
        0x5584352de870
        0x5584352de870
        0x5584352de870
        0x5584352de870
        0x5584352de870
        0x5584352de870
        0x5584352de870
        0x5584352de870
        0x5584352de870
        0x5584352de870
        0x5584352de870
        0x5584352de870
        0x5584352de870
        0x5584352de870
        0x5584352de870
        0x5584352de870
        0x5584352de870
        0x5584352de870
        0x5584352de870
        0x5584352de870
        0x5584352de870
        0x5584352de870
        0x5584352de870
        0x5584352de870
        0x5584352de870
        0x5584352de870
        0x5584352de870
        0x5584352de870
        0x5584352de870
        0x5584352de870
        0x5584352de870
        0x5584352de870
        0x5584352de870
        0x5584352de870
        0x5584352de870
        0x5584352de870
        0x5584352de870
        0x5584352de870
        0x5584352de870
        0x5584352de870
        0x5584352de870
        0x5584352de870
        0x5584352de870
        0x5584352de870
        0x5584352de870
        0x5584352de870
        0x5584352de870
        0x5584352de870
        0x5584352de870
        0x5584352de870
        0x5584352de870
        0x5584352de870
        0x5584352de870
        0x5584352de870
        0x5584352de870
        0x5584352de870
        0x5584352de870
        0x5584352de870
        0x5584352de870
        0x5584352de870
        0x5584352de870
        0x5584352de870
        0x5584352de870
        0x5584352de870
        0x5584352de870
        0x5584352de870
        0x5584352de870
        0x5584352de870
        0x5584352de870
        0x5584352de870
        0x5584352de870
        0x5584352de870
        0x5584352de870
        0x5584352de870
        0x5584352de870
        0x5584352de870
        0x5584352de870
        0x5584352de870
        0x5584352de870
        0x5584352de870
        0x5584352de870
]: 1
@preempt_stack[
        0x7f953dd1159a
]: 1
@preempt_stack[
        0x7f949c9dcfa3
        0x110000
        0x558434cf7048
        0x558434cf7048
        0x558434cf7048
        0x558434cf7048
        0x558434cf7048
        0x558434cf7048
        0x558434cf7048
        0x558434cf7048
        0x558434cf7048
        0x558434cf7048
        0x558434cf7048
        0x558434cf7048
        0x558434cf7048
        0x558434cf7048
        0x558434cf7048
        0x558434cf7048
        0x558434cf7048
        0x558434cf7048
        0x558434cf7048
        0x558434cf7048
        0x558434cf7048
        0x558434cf7048
        0x558434cf7048
        0x558434cf7048
        0x558434cf7048
        0x558434cf7048
        0x558434cf7048
        0x558434cf7048
        0x558434cf7048
        0x558434cf7048
        0x558434cf7048
        0x558434cf7048
        0x558434cf7048
        0x558434cf7048
        0x558434cf7048
        0x558434cf7048
        0x558434cf7048
        0x558434cf7048
        0x558434cf7048
        0x558434cf7048
        0x558434cf7048
        0x558434cf7048
        0x558434cf7048
        0x558434cf7048
        0x558434cf7048
        0x558434cf7048
        0x558434cf7048
        0x558434cf7048
        0x558434cf7048
        0x558434cf7048
        0x558434cf7048
        0x558434cf7048
        0x558434cf7048
        0x558434cf7048
        0x558434cf7048
        0x558434cf7048
        0x558434cf7048
        0x558434cf7048
        0x558434cf7048
        0x558434cf7048
        0x558434cf7048
        0x558434cf7048
        0x558434cf7048
        0x558434cf7048
        0x558434cf7048
        0x558434cf7048
        0x558434cf7048
        0x558434cf7048
        0x558434cf7048
        0x558434cf7048
        0x558434cf7048
        0x558434cf7048
        0x558434cf7048
        0x558434cf7048
        0x558434cf7048
        0x558434cf7048
        0x558434cf7048
        0x558434cf7048
        0x558434cf7048
        0x558434cf7048
        0x558434cf7048
        0x558434cf7048
        0x558434cf7048
        0x558434cf7048
        0x558434cf7048
        0x558434cf7048
        0x558434cf7048
        0x558434cf7048
        0x558434cf7048
        0x558434cf7048
        0x558434cf7048
        0x558434cf7048
        0x558434cf7048
        0x558434cf7048
        0x558434cf7048
        0x558434cf7048
        0x558434cf7048
        0x558434cf7048
        0x558434cf7048
        0x558434cf7048
        0x558434cf7048
        0x558434cf7048
        0x558434cf7048
        0x558434cf7048
        0x558434cf7048
        0x558434cf7048
        0x558434cf7048
        0x558434cf7048
        0x558434cf7048
        0x558434cf7048
        0x558434cf7048
        0x558434cf7048
        0x558434cf7048
        0x558434cf7048
        0x558434cf7048
        0x558434cf7048
        0x558434cf7048
        0x558434cf7048
        0x558434cf7048
        0x558434cf7048
        0x558434cf7048
        0x558434cf7048
        0x558434cf7048
        0x558434cf7048
        0x558434cf7048
]: 1
@preempt_stack[
        0x7f953d90760e
        0
]: 1
@preempt_stack[
        0x40d49a9a
]: 1
@preempt_stack[
        0x40cdbdcc
]: 1
@preempt_stack[
        0x7f953dd5535a
        0x30
]: 1
@preempt_stack[
        __pthread_mutex_lock+147
]: 1
@preempt_stack[
        0x7f953db89850
]: 1
@preempt_stack[
        0x7f949c9a24e0
]: 1
@preempt_stack[
        0x401a0811
        0x401c67a6
        0x7f949c846428
        0x7f949c9e578f
        0x558431b82490
]: 1
@preempt_stack[
        0x7f953dcd7a33
        0x4c304c804c604cc
]: 1
@preempt_stack[
        0x7f953d905932
        0x6cf06c606c406c2
]: 1
@preempt_stack[
        0x40cad9df
        0x40ce0114
]: 1
@preempt_stack[
        0x7f953da51a74
]: 1
@preempt_stack[
        0x7f949c9ace0c
        0
]: 1
@preempt_stack[
        0x7f953dd4fad8
        0x20
]: 1
@preempt_stack[
        0x41ff911c
        0x40ca9c78
        0x4076d0f6
        0x40d355f4
        0x40aeee2c
        0x40a8a7df
        0x40407e56
        0x40403d24
        0x7f949c846428
        0x7f949c9e578f
        0x558431b82490
]: 1
@preempt_stack[
        0x40c3960e
        0x40a8a76e
        0x40407e56
        0x40403d24
        0x7f949c846428
        0x7f949c9e578f
        0x558431b82490
]: 1
@preempt_stack[
        0x7f953dd1a3c3
        0x7f9500001228
        0
]: 1
@preempt_stack[
        0x40ce09c5
]: 1
@preempt_stack[
        0x40caf010
        0x40dc3225
        0
        0
        0x5584326a9a10
        0x5584326a9a10
        0x5584326a9a10
        0x5584326a9a10
        0x5584326a9a10
        0x5584326a9a10
        0x5584326a9a10
        0x5584326a9a10
        0x5584326a9a10
        0x5584326a9a10
        0x5584326a9a10
        0x5584326a9a10
        0x5584326a9a10
        0x5584326a9a10
        0x5584326a9a10
        0x5584326a9a10
        0x5584326a9a10
        0x5584326a9a10
        0x5584326a9a10
        0x5584326a9a10
        0x5584326a9a10
        0x5584326a9a10
        0x5584326a9a10
        0x5584326a9a10
        0x5584326a9a10
        0x5584326a9a10
        0x5584326a9a10
        0x5584326a9a10
        0x5584326a9a10
        0x5584326a9a10
        0x5584326a9a10
        0x5584326a9a10
        0x5584326a9a10
        0x5584326a9a10
        0x5584326a9a10
        0x5584326a9a10
        0x5584326a9a10
        0x5584326a9a10
        0x5584326a9a10
        0x5584326a9a10
        0x5584326a9a10
        0x5584326a9a10
        0x5584326a9a10
        0x5584326a9a10
        0x5584326a9a10
        0x5584326a9a10
        0x5584326a9a10
        0x5584326a9a10
        0x5584326a9a10
        0x5584326a9a10
        0x5584326a9a10
        0x5584326a9a10
        0x5584326a9a10
        0x5584326a9a10
        0x5584326a9a10
        0x5584326a9a10
        0x5584326a9a10
        0x5584326a9a10
        0x5584326a9a10
        0x5584326a9a10
        0x5584326a9a10
        0x5584326a9a10
        0x5584326a9a10
        0x5584326a9a10
        0x5584326a9a10
        0x5584326a9a10
        0x5584326a9a10
        0x5584326a9a10
        0x5584326a9a10
        0x5584326a9a10
        0x5584326a9a10
        0x5584326a9a10
        0x5584326a9a10
        0x5584326a9a10
        0x5584326a9a10
        0x5584326a9a10
        0x5584326a9a10
        0x5584326a9a10
        0x5584326a9a10
        0x5584326a9a10
        0x5584326a9a10
        0x5584326a9a10
        0x5584326a9a10
        0x5584326a9a10
        0x5584326a9a10
        0x5584326a9a10
        0x5584326a9a10
        0x5584326a9a10
        0x5584326a9a10
        0x5584326a9a10
        0x5584326a9a10
        0x5584326a9a10
        0x5584326a9a10
        0x5584326a9a10
        0x5584326a9a10
        0x5584326a9a10
        0x5584326a9a10
        0x5584326a9a10
        0x5584326a9a10
        0x5584326a9a10
        0x5584326a9a10
        0x5584326a9a10
        0x5584326a9a10
        0x5584326a9a10
        0x5584326a9a10
        0x5584326a9a10
        0x5584326a9a10
        0x5584326a9a10
        0x5584326a9a10
        0x5584326a9a10
        0x5584326a9a10
        0x5584326a9a10
        0x5584326a9a10
        0x5584326a9a10
        0x5584326a9a10
        0x5584326a9a10
        0x5584326a9a10
        0x5584326a9a10
        0x5584326a9a10
        0x5584326a9a10
        0x5584326a9a10
        0x5584326a9a10
        0x5584326a9a10
]: 1
@preempt_stack[
        0x40d9ce14
        0x40d57d0c
        0x40d56d80
        0x40d53864
        0
        0
        0x558432736408
        0x558432736408
        0x558432736408
        0x558432736408
        0x558432736408
        0x558432736408
        0x558432736408
        0x558432736408
        0x558432736408
        0x558432736408
        0x558432736408
        0x558432736408
        0x558432736408
        0x558432736408
        0x558432736408
        0x558432736408
        0x558432736408
        0x558432736408
        0x558432736408
        0x558432736408
        0x558432736408
        0x558432736408
        0x558432736408
        0x558432736408
        0x558432736408
        0x558432736408
        0x558432736408
        0x558432736408
        0x558432736408
        0x558432736408
        0x558432736408
        0x558432736408
        0x558432736408
        0x558432736408
        0x558432736408
        0x558432736408
        0x558432736408
        0x558432736408
        0x558432736408
        0x558432736408
        0x558432736408
        0x558432736408
        0x558432736408
        0x558432736408
        0x558432736408
        0x558432736408
        0x558432736408
        0x558432736408
        0x558432736408
        0x558432736408
        0x558432736408
        0x558432736408
        0x558432736408
        0x558432736408
        0x558432736408
        0x558432736408
        0x558432736408
        0x558432736408
        0x558432736408
        0x558432736408
        0x558432736408
        0x558432736408
        0x558432736408
        0x558432736408
        0x558432736408
        0x558432736408
        0x558432736408
        0x558432736408
        0x558432736408
        0x558432736408
        0x558432736408
        0x558432736408
        0x558432736408
        0x558432736408
        0x558432736408
        0x558432736408
        0x558432736408
        0x558432736408
        0x558432736408
        0x558432736408
        0x558432736408
        0x558432736408
        0x558432736408
        0x558432736408
        0x558432736408
        0x558432736408
        0x558432736408
        0x558432736408
        0x558432736408
        0x558432736408
        0x558432736408
        0x558432736408
        0x558432736408
        0x558432736408
        0x558432736408
        0x558432736408
        0x558432736408
        0x558432736408
        0x558432736408
        0x558432736408
        0x558432736408
        0x558432736408
        0x558432736408
        0x558432736408
        0x558432736408
        0x558432736408
        0x558432736408
        0x558432736408
        0x558432736408
        0x558432736408
        0x558432736408
        0x558432736408
        0x558432736408
        0x558432736408
        0x558432736408
        0x558432736408
        0x558432736408
        0x558432736408
        0x558432736408
        0x558432736408
        0x558432736408
]: 1
@preempt_stack[
        0x40212e04
        0x40a8a7df
        0x40407e56
        0x40403d24
        0x7f949c846428
        0x7f949c9e578f
        0x558431b82490
]: 1
@preempt_stack[
        __pthread_mutex_unlock+115
]: 1
@preempt_stack[
        0x40d5dfe8
        0x40d5befe
        0x40d597cc
        0x40d56ef8
        0x40d56d80
        0x40d53864
        0
        0
        0x558432736408
        0x558432736408
        0x558432736408
        0x558432736408
        0x558432736408
        0x558432736408
        0x558432736408
        0x558432736408
        0x558432736408
        0x558432736408
        0x558432736408
        0x558432736408
        0x558432736408
        0x558432736408
        0x558432736408
        0x558432736408
        0x558432736408
        0x558432736408
        0x558432736408
        0x558432736408
        0x558432736408
        0x558432736408
        0x558432736408
        0x558432736408
        0x558432736408
        0x558432736408
        0x558432736408
        0x558432736408
        0x558432736408
        0x558432736408
        0x558432736408
        0x558432736408
        0x558432736408
        0x558432736408
        0x558432736408
        0x558432736408
        0x558432736408
        0x558432736408
        0x558432736408
        0x558432736408
        0x558432736408
        0x558432736408
        0x558432736408
        0x558432736408
        0x558432736408
        0x558432736408
        0x558432736408
        0x558432736408
        0x558432736408
        0x558432736408
        0x558432736408
        0x558432736408
        0x558432736408
        0x558432736408
        0x558432736408
        0x558432736408
        0x558432736408
        0x558432736408
        0x558432736408
        0x558432736408
        0x558432736408
        0x558432736408
        0x558432736408
        0x558432736408
        0x558432736408
        0x558432736408
        0x558432736408
        0x558432736408
        0x558432736408
        0x558432736408
        0x558432736408
        0x558432736408
        0x558432736408
        0x558432736408
        0x558432736408
        0x558432736408
        0x558432736408
        0x558432736408
        0x558432736408
        0x558432736408
        0x558432736408
        0x558432736408
        0x558432736408
        0x558432736408
        0x558432736408
        0x558432736408
        0x558432736408
        0x558432736408
        0x558432736408
        0x558432736408
        0x558432736408
        0x558432736408
        0x558432736408
        0x558432736408
        0x558432736408
        0x558432736408
        0x558432736408
        0x558432736408
        0x558432736408
        0x558432736408
        0x558432736408
        0x558432736408
        0x558432736408
        0x558432736408
        0x558432736408
        0x558432736408
        0x558432736408
        0x558432736408
        0x558432736408
        0x558432736408
        0x558432736408
        0x558432736408
        0x558432736408
        0x558432736408
        0x558432736408
        0x558432736408
        0x558432736408
        0x558432736408
        0x558432736408
]: 1
@preempt_stack[
        0x7f953dd51294
]: 1
@preempt_stack[
        0x40d5b8f1
        0x40d56ef8
        0x40d56d80
        0x40d53864
        0
        0
        0x558432736408
        0x558432736408
        0x558432736408
        0x558432736408
        0x558432736408
        0x558432736408
        0x558432736408
        0x558432736408
        0x558432736408
        0x558432736408
        0x558432736408
        0x558432736408
        0x558432736408
        0x558432736408
        0x558432736408
        0x558432736408
        0x558432736408
        0x558432736408
        0x558432736408
        0x558432736408
        0x558432736408
        0x558432736408
        0x558432736408
        0x558432736408
        0x558432736408
        0x558432736408
        0x558432736408
        0x558432736408
        0x558432736408
        0x558432736408
        0x558432736408
        0x558432736408
        0x558432736408
        0x558432736408
        0x558432736408
        0x558432736408
        0x558432736408
        0x558432736408
        0x558432736408
        0x558432736408
        0x558432736408
        0x558432736408
        0x558432736408
        0x558432736408
        0x558432736408
        0x558432736408
        0x558432736408
        0x558432736408
        0x558432736408
        0x558432736408
        0x558432736408
        0x558432736408
        0x558432736408
        0x558432736408
        0x558432736408
        0x558432736408
        0x558432736408
        0x558432736408
        0x558432736408
        0x558432736408
        0x558432736408
        0x558432736408
        0x558432736408
        0x558432736408
        0x558432736408
        0x558432736408
        0x558432736408
        0x558432736408
        0x558432736408
        0x558432736408
        0x558432736408
        0x558432736408
        0x558432736408
        0x558432736408
        0x558432736408
        0x558432736408
        0x558432736408
        0x558432736408
        0x558432736408
        0x558432736408
        0x558432736408
        0x558432736408
        0x558432736408
        0x558432736408
        0x558432736408
        0x558432736408
        0x558432736408
        0x558432736408
        0x558432736408
        0x558432736408
        0x558432736408
        0x558432736408
        0x558432736408
        0x558432736408
        0x558432736408
        0x558432736408
        0x558432736408
        0x558432736408
        0x558432736408
        0x558432736408
        0x558432736408
        0x558432736408
        0x558432736408
        0x558432736408
        0x558432736408
        0x558432736408
        0x558432736408
        0x558432736408
        0x558432736408
        0x558432736408
        0x558432736408
        0x558432736408
        0x558432736408
        0x558432736408
        0x558432736408
        0x558432736408
        0x558432736408
        0x558432736408
        0x558432736408
        0x558432736408
        0x558432736408
]: 1
@preempt_stack[
        0x7f953eea2bcb
        __clock_gettime+29
        0x7f949caa9ad3
        0
        0x7f93000690c0
]: 1
@preempt_stack[
        0x7f953dd51850
]: 1
@preempt_stack[
        0x407ca462
        0x40e08528
        0x40d5a4f7
        0x40d56ef8
        0x40d56d80
        0x40d53864
        0
        0
        0x558432736408
        0x558432736408
        0x558432736408
        0x558432736408
        0x558432736408
        0x558432736408
        0x558432736408
        0x558432736408
        0x558432736408
        0x558432736408
        0x558432736408
        0x558432736408
        0x558432736408
        0x558432736408
        0x558432736408
        0x558432736408
        0x558432736408
        0x558432736408
        0x558432736408
        0x558432736408
        0x558432736408
        0x558432736408
        0x558432736408
        0x558432736408
        0x558432736408
        0x558432736408
        0x558432736408
        0x558432736408
        0x558432736408
        0x558432736408
        0x558432736408
        0x558432736408
        0x558432736408
        0x558432736408
        0x558432736408
        0x558432736408
        0x558432736408
        0x558432736408
        0x558432736408
        0x558432736408
        0x558432736408
        0x558432736408
        0x558432736408
        0x558432736408
        0x558432736408
        0x558432736408
        0x558432736408
        0x558432736408
        0x558432736408
        0x558432736408
        0x558432736408
        0x558432736408
        0x558432736408
        0x558432736408
        0x558432736408
        0x558432736408
        0x558432736408
        0x558432736408
        0x558432736408
        0x558432736408
        0x558432736408
        0x558432736408
        0x558432736408
        0x558432736408
        0x558432736408
        0x558432736408
        0x558432736408
        0x558432736408
        0x558432736408
        0x558432736408
        0x558432736408
        0x558432736408
        0x558432736408
        0x558432736408
        0x558432736408
        0x558432736408
        0x558432736408
        0x558432736408
        0x558432736408
        0x558432736408
        0x558432736408
        0x558432736408
        0x558432736408
        0x558432736408
        0x558432736408
        0x558432736408
        0x558432736408
        0x558432736408
        0x558432736408
        0x558432736408
        0x558432736408
        0x558432736408
        0x558432736408
        0x558432736408
        0x558432736408
        0x558432736408
        0x558432736408
        0x558432736408
        0x558432736408
        0x558432736408
        0x558432736408
        0x558432736408
        0x558432736408
        0x558432736408
        0x558432736408
        0x558432736408
        0x558432736408
        0x558432736408
        0x558432736408
        0x558432736408
        0x558432736408
        0x558432736408
        0x558432736408
        0x558432736408
        0x558432736408
        0x558432736408
        0x558432736408
        0x558432736408
        0x558432736408
]: 1
@preempt_stack[
        0x40496e91
        0x4046dfb8
        0x40785934
        0x401c67a6
        0x7f949c846428
        0x7f949c9e578f
        0x558431b82490
]: 1
@preempt_stack[
        0x7f953d9073e3
        0x34207265
]: 1
@preempt_stack[
        0x7f953e4a6fa9
]: 1
@preempt_stack[
        0x401a1930
        0x40cabc4c
        0x40cab139
        0x40ca6ac7
        0x40407e56
        0x40403d24
        0x7f949c846428
        0x7f949c9e578f
        0x558431b82490
]: 1
@preempt_stack[
        __pthread_getspecific+29
        0x4c00088000007f93
]: 1
@preempt_stack[
        0x40441cf9
]: 1
@preempt_stack[
        0x7f949c9cb75e
        0x120000
        0x558434e75668
        0x558434e75668
        0x558434e75668
        0x558434e75668
        0x558434e75668
        0x558434e75668
        0x558434e75668
        0x558434e75668
        0x558434e75668
        0x558434e75668
        0x558434e75668
        0x558434e75668
        0x558434e75668
        0x558434e75668
        0x558434e75668
        0x558434e75668
        0x558434e75668
        0x558434e75668
        0x558434e75668
        0x558434e75668
        0x558434e75668
        0x558434e75668
        0x558434e75668
        0x558434e75668
        0x558434e75668
        0x558434e75668
        0x558434e75668
        0x558434e75668
        0x558434e75668
        0x558434e75668
        0x558434e75668
        0x558434e75668
        0x558434e75668
        0x558434e75668
        0x558434e75668
        0x558434e75668
        0x558434e75668
        0x558434e75668
        0x558434e75668
        0x558434e75668
        0x558434e75668
        0x558434e75668
        0x558434e75668
        0x558434e75668
        0x558434e75668
        0x558434e75668
        0x558434e75668
        0x558434e75668
        0x558434e75668
        0x558434e75668
        0x558434e75668
        0x558434e75668
        0x558434e75668
        0x558434e75668
        0x558434e75668
        0x558434e75668
        0x558434e75668
        0x558434e75668
        0x558434e75668
        0x558434e75668
        0x558434e75668
        0x558434e75668
        0x558434e75668
        0x558434e75668
        0x558434e75668
        0x558434e75668
        0x558434e75668
        0x558434e75668
        0x558434e75668
        0x558434e75668
        0x558434e75668
        0x558434e75668
        0x558434e75668
        0x558434e75668
        0x558434e75668
        0x558434e75668
        0x558434e75668
        0x558434e75668
        0x558434e75668
        0x558434e75668
        0x558434e75668
        0x558434e75668
        0x558434e75668
        0x558434e75668
        0x558434e75668
        0x558434e75668
        0x558434e75668
        0x558434e75668
        0x558434e75668
        0x558434e75668
        0x558434e75668
        0x558434e75668
        0x558434e75668
        0x558434e75668
        0x558434e75668
        0x558434e75668
        0x558434e75668
        0x558434e75668
        0x558434e75668
        0x558434e75668
        0x558434e75668
        0x558434e75668
        0x558434e75668
        0x558434e75668
        0x558434e75668
        0x558434e75668
        0x558434e75668
        0x558434e75668
        0x558434e75668
        0x558434e75668
        0x558434e75668
        0x558434e75668
        0x558434e75668
        0x558434e75668
        0x558434e75668
        0x558434e75668
        0x558434e75668
        0x558434e75668
        0x558434e75668
        0x558434e75668
        0x558434e75668
        0x558434e75668
        0x558434e75668
        0x558434e75668
        0x558434e75668
]: 1
@preempt_stack[
        0x40d5894a
        0x40d56ef8
        0x40d56d80
        0x40d53864
        0
        0
        0x558432736408
        0x558432736408
        0x558432736408
        0x558432736408
        0x558432736408
        0x558432736408
        0x558432736408
        0x558432736408
        0x558432736408
        0x558432736408
        0x558432736408
        0x558432736408
        0x558432736408
        0x558432736408
        0x558432736408
        0x558432736408
        0x558432736408
        0x558432736408
        0x558432736408
        0x558432736408
        0x558432736408
        0x558432736408
        0x558432736408
        0x558432736408
        0x558432736408
        0x558432736408
        0x558432736408
        0x558432736408
        0x558432736408
        0x558432736408
        0x558432736408
        0x558432736408
        0x558432736408
        0x558432736408
        0x558432736408
        0x558432736408
        0x558432736408
        0x558432736408
        0x558432736408
        0x558432736408
        0x558432736408
        0x558432736408
        0x558432736408
        0x558432736408
        0x558432736408
        0x558432736408
        0x558432736408
        0x558432736408
        0x558432736408
        0x558432736408
        0x558432736408
        0x558432736408
        0x558432736408
        0x558432736408
        0x558432736408
        0x558432736408
        0x558432736408
        0x558432736408
        0x558432736408
        0x558432736408
        0x558432736408
        0x558432736408
        0x558432736408
        0x558432736408
        0x558432736408
        0x558432736408
        0x558432736408
        0x558432736408
        0x558432736408
        0x558432736408
        0x558432736408
        0x558432736408
        0x558432736408
        0x558432736408
        0x558432736408
        0x558432736408
        0x558432736408
        0x558432736408
        0x558432736408
        0x558432736408
        0x558432736408
        0x558432736408
        0x558432736408
        0x558432736408
        0x558432736408
        0x558432736408
        0x558432736408
        0x558432736408
        0x558432736408
        0x558432736408
        0x558432736408
        0x558432736408
        0x558432736408
        0x558432736408
        0x558432736408
        0x558432736408
        0x558432736408
        0x558432736408
        0x558432736408
        0x558432736408
        0x558432736408
        0x558432736408
        0x558432736408
        0x558432736408
        0x558432736408
        0x558432736408
        0x558432736408
        0x558432736408
        0x558432736408
        0x558432736408
        0x558432736408
        0x558432736408
        0x558432736408
        0x558432736408
        0x558432736408
        0x558432736408
        0x558432736408
        0x558432736408
        0x558432736408
        0x558432736408
        0x558432736408
]: 1
@preempt_stack[
        0x7f953dd2e28e
        0x98e098109840982
]: 1
@preempt_stack[
        0x7f9470168bfe
        0x40b46d47
        0x7f94788cd44b
        0x7f93fc07dd4b
        0x7f93fc093433
        0x7f94788cb95b
        0x7f93fc07fabb
        0x401c67a6
        0x7f949c846428
        0x7f949c9e578f
        0x558431b82490
]: 1
@preempt_stack[
        0x7f953e5af934
]: 1
@preempt_stack[
        mono_g_hash_table_lookup_extended+66
        0x120000
        0x558432b64b08
        0x558432b64b08
        0x558432b64b08
        0x558432b64b08
        0x558432b64b08
        0x558432b64b08
        0x558432b64b08
        0x558432b64b08
        0x558432b64b08
        0x558432b64b08
        0x558432b64b08
        0x558432b64b08
        0x558432b64b08
        0x558432b64b08
        0x558432b64b08
        0x558432b64b08
        0x558432b64b08
        0x558432b64b08
        0x558432b64b08
        0x558432b64b08
        0x558432b64b08
        0x558432b64b08
        0x558432b64b08
        0x558432b64b08
        0x558432b64b08
        0x558432b64b08
        0x558432b64b08
        0x558432b64b08
        0x558432b64b08
        0x558432b64b08
        0x558432b64b08
        0x558432b64b08
        0x558432b64b08
        0x558432b64b08
        0x558432b64b08
        0x558432b64b08
        0x558432b64b08
        0x558432b64b08
        0x558432b64b08
        0x558432b64b08
        0x558432b64b08
        0x558432b64b08
        0x558432b64b08
        0x558432b64b08
        0x558432b64b08
        0x558432b64b08
        0x558432b64b08
        0x558432b64b08
        0x558432b64b08
        0x558432b64b08
        0x558432b64b08
        0x558432b64b08
        0x558432b64b08
        0x558432b64b08
        0x558432b64b08
        0x558432b64b08
        0x558432b64b08
        0x558432b64b08
        0x558432b64b08
        0x558432b64b08
        0x558432b64b08
        0x558432b64b08
        0x558432b64b08
        0x558432b64b08
        0x558432b64b08
        0x558432b64b08
        0x558432b64b08
        0x558432b64b08
        0x558432b64b08
        0x558432b64b08
        0x558432b64b08
        0x558432b64b08
        0x558432b64b08
        0x558432b64b08
        0x558432b64b08
        0x558432b64b08
        0x558432b64b08
        0x558432b64b08
        0x558432b64b08
        0x558432b64b08
        0x558432b64b08
        0x558432b64b08
        0x558432b64b08
        0x558432b64b08
        0x558432b64b08
        0x558432b64b08
        0x558432b64b08
        0x558432b64b08
        0x558432b64b08
        0x558432b64b08
        0x558432b64b08
        0x558432b64b08
        0x558432b64b08
        0x558432b64b08
        0x558432b64b08
        0x558432b64b08
        0x558432b64b08
        0x558432b64b08
        0x558432b64b08
        0x558432b64b08
        0x558432b64b08
        0x558432b64b08
        0x558432b64b08
        0x558432b64b08
        0x558432b64b08
        0x558432b64b08
        0x558432b64b08
        0x558432b64b08
        0x558432b64b08
        0x558432b64b08
        0x558432b64b08
        0x558432b64b08
        0x558432b64b08
        0x558432b64b08
        0x558432b64b08
        0x558432b64b08
        0x558432b64b08
        0x558432b64b08
        0x558432b64b08
        0x558432b64b08
        0x558432b64b08
        0x558432b64b08
        0x558432b64b08
        0x558432b64b08
        0x558432b64b08
]: 1
@preempt_stack[
        0x7f953d9076a5
        0x7f95007530c0
        0xe040e020e000dfe
]: 1
@preempt_stack[
        0x7f953dd51789
]: 1
@preempt_stack[
        0x7f953d7d3c52
]: 1
@preempt_stack[
        mono_threads_exit_gc_safe_region_internal+8
]: 1
@preempt_stack[
        0x7f953d6caeed
]: 1
@preempt_stack[
        0x7f953e5b2e24
]: 1
@preempt_stack[
        0x7f953d7ba1d8
        0xc400038ffca266c
        0x7f953d8b2af0
        0x4810c08348012aac
]: 1
@preempt_stack[
        0x40d5bc81
        0x40d56ef8
        0x40d56d80
        0x40d53864
        0
        0
        0x558432736408
        0x558432736408
        0x558432736408
        0x558432736408
        0x558432736408
        0x558432736408
        0x558432736408
        0x558432736408
        0x558432736408
        0x558432736408
        0x558432736408
        0x558432736408
        0x558432736408
        0x558432736408
        0x558432736408
        0x558432736408
        0x558432736408
        0x558432736408
        0x558432736408
        0x558432736408
        0x558432736408
        0x558432736408
        0x558432736408
        0x558432736408
        0x558432736408
        0x558432736408
        0x558432736408
        0x558432736408
        0x558432736408
        0x558432736408
        0x558432736408
        0x558432736408
        0x558432736408
        0x558432736408
        0x558432736408
        0x558432736408
        0x558432736408
        0x558432736408
        0x558432736408
        0x558432736408
        0x558432736408
        0x558432736408
        0x558432736408
        0x558432736408
        0x558432736408
        0x558432736408
        0x558432736408
        0x558432736408
        0x558432736408
        0x558432736408
        0x558432736408
        0x558432736408
        0x558432736408
        0x558432736408
        0x558432736408
        0x558432736408
        0x558432736408
        0x558432736408
        0x558432736408
        0x558432736408
        0x558432736408
        0x558432736408
        0x558432736408
        0x558432736408
        0x558432736408
        0x558432736408
        0x558432736408
        0x558432736408
        0x558432736408
        0x558432736408
        0x558432736408
        0x558432736408
        0x558432736408
        0x558432736408
        0x558432736408
        0x558432736408
        0x558432736408
        0x558432736408
        0x558432736408
        0x558432736408
        0x558432736408
        0x558432736408
        0x558432736408
        0x558432736408
        0x558432736408
        0x558432736408
        0x558432736408
        0x558432736408
        0x558432736408
        0x558432736408
        0x558432736408
        0x558432736408
        0x558432736408
        0x558432736408
        0x558432736408
        0x558432736408
        0x558432736408
        0x558432736408
        0x558432736408
        0x558432736408
        0x558432736408
        0x558432736408
        0x558432736408
        0x558432736408
        0x558432736408
        0x558432736408
        0x558432736408
        0x558432736408
        0x558432736408
        0x558432736408
        0x558432736408
        0x558432736408
        0x558432736408
        0x558432736408
        0x558432736408
        0x558432736408
        0x558432736408
        0x558432736408
        0x558432736408
        0x558432736408
        0x558432736408
]: 1
@preempt_stack[
        0x7f953d905cf6
        0
]: 1
@preempt_stack[
        0x40caeeaf
        0x40eae6a8
        0x40eac640
        0x40ea95d9
        0x40ca69ba
        0x40407e56
        0x40403d24
        0x7f949c846428
        0x7f949c9e578f
        0x558431b82490
]: 1
@preempt_stack[
        0x40cafb59
        0x40cab139
        0x40ca6ac7
        0x40407e56
        0x40403d24
        0x7f949c846428
        0x7f949c9e578f
        0x558431b82490
]: 1
@preempt_stack[
        0x40443251
]: 1
@preempt_stack[
        0x7f93327cf767
        0
]: 1
@preempt_stack[
        0x40cac3c4
        0
        0
        0x558432736408
        0x558432736408
        0x558432736408
        0x558432736408
        0x558432736408
        0x558432736408
        0x558432736408
        0x558432736408
        0x558432736408
        0x558432736408
        0x558432736408
        0x558432736408
        0x558432736408
        0x558432736408
        0x558432736408
        0x558432736408
        0x558432736408
        0x558432736408
        0x558432736408
        0x558432736408
        0x558432736408
        0x558432736408
        0x558432736408
        0x558432736408
        0x558432736408
        0x558432736408
        0x558432736408
        0x558432736408
        0x558432736408
        0x558432736408
        0x558432736408
        0x558432736408
        0x558432736408
        0x558432736408
        0x558432736408
        0x558432736408
        0x558432736408
        0x558432736408
        0x558432736408
        0x558432736408
        0x558432736408
        0x558432736408
        0x558432736408
        0x558432736408
        0x558432736408
        0x558432736408
        0x558432736408
        0x558432736408
        0x558432736408
        0x558432736408
        0x558432736408
        0x558432736408
        0x558432736408
        0x558432736408
        0x558432736408
        0x558432736408
        0x558432736408
        0x558432736408
        0x558432736408
        0x558432736408
        0x558432736408
        0x558432736408
        0x558432736408
        0x558432736408
        0x558432736408
        0x558432736408
        0x558432736408
        0x558432736408
        0x558432736408
        0x558432736408
        0x558432736408
        0x558432736408
        0x558432736408
        0x558432736408
        0x558432736408
        0x558432736408
        0x558432736408
        0x558432736408
        0x558432736408
        0x558432736408
        0x558432736408
        0x558432736408
        0x558432736408
        0x558432736408
        0x558432736408
        0x558432736408
        0x558432736408
        0x558432736408
        0x558432736408
        0x558432736408
        0x558432736408
        0x558432736408
        0x558432736408
        0x558432736408
        0x558432736408
        0x558432736408
        0x558432736408
        0x558432736408
        0x558432736408
        0x558432736408
        0x558432736408
        0x558432736408
        0x558432736408
        0x558432736408
        0x558432736408
        0x558432736408
        0x558432736408
        0x558432736408
        0x558432736408
        0x558432736408
        0x558432736408
        0x558432736408
        0x558432736408
        0x558432736408
        0x558432736408
        0x558432736408
        0x558432736408
        0x558432736408
        0x558432736408
        0x558432736408
        0x558432736408
        0x558432736408
        0x558432736408
        0x558432736408
]: 1
@preempt_stack[
        0x7f953dcc9541
        0x7f953dcda10d
]: 1
@preempt_stack[
        0x7f953d9076a5
        0x7f95006c9740
        0x901092309200918
]: 1
@preempt_stack[
        0x7f953dd4b46c
]: 1
@preempt_stack[
        0x7f949c9dcfa3
        0x120000
        0x5584320b9d70
        0x5584320b9d70
        0x5584320b9d70
        0x5584320b9d70
        0x5584320b9d70
        0x5584320b9d70
        0x5584320b9d70
        0x5584320b9d70
        0x5584320b9d70
        0x5584320b9d70
        0x5584320b9d70
        0x5584320b9d70
        0x5584320b9d70
        0x5584320b9d70
        0x5584320b9d70
        0x5584320b9d70
        0x5584320b9d70
        0x5584320b9d70
        0x5584320b9d70
        0x5584320b9d70
        0x5584320b9d70
        0x5584320b9d70
        0x5584320b9d70
        0x5584320b9d70
        0x5584320b9d70
        0x5584320b9d70
        0x5584320b9d70
        0x5584320b9d70
        0x5584320b9d70
        0x5584320b9d70
        0x5584320b9d70
        0x5584320b9d70
        0x5584320b9d70
        0x5584320b9d70
        0x5584320b9d70
        0x5584320b9d70
        0x5584320b9d70
        0x5584320b9d70
        0x5584320b9d70
        0x5584320b9d70
        0x5584320b9d70
        0x5584320b9d70
        0x5584320b9d70
        0x5584320b9d70
        0x5584320b9d70
        0x5584320b9d70
        0x5584320b9d70
        0x5584320b9d70
        0x5584320b9d70
        0x5584320b9d70
        0x5584320b9d70
        0x5584320b9d70
        0x5584320b9d70
        0x5584320b9d70
        0x5584320b9d70
        0x5584320b9d70
        0x5584320b9d70
        0x5584320b9d70
        0x5584320b9d70
        0x5584320b9d70
        0x5584320b9d70
        0x5584320b9d70
        0x5584320b9d70
        0x5584320b9d70
        0x5584320b9d70
        0x5584320b9d70
        0x5584320b9d70
        0x5584320b9d70
        0x5584320b9d70
        0x5584320b9d70
        0x5584320b9d70
        0x5584320b9d70
        0x5584320b9d70
        0x5584320b9d70
        0x5584320b9d70
        0x5584320b9d70
        0x5584320b9d70
        0x5584320b9d70
        0x5584320b9d70
        0x5584320b9d70
        0x5584320b9d70
        0x5584320b9d70
        0x5584320b9d70
        0x5584320b9d70
        0x5584320b9d70
        0x5584320b9d70
        0x5584320b9d70
        0x5584320b9d70
        0x5584320b9d70
        0x5584320b9d70
        0x5584320b9d70
        0x5584320b9d70
        0x5584320b9d70
        0x5584320b9d70
        0x5584320b9d70
        0x5584320b9d70
        0x5584320b9d70
        0x5584320b9d70
        0x5584320b9d70
        0x5584320b9d70
        0x5584320b9d70
        0x5584320b9d70
        0x5584320b9d70
        0x5584320b9d70
        0x5584320b9d70
        0x5584320b9d70
        0x5584320b9d70
        0x5584320b9d70
        0x5584320b9d70
        0x5584320b9d70
        0x5584320b9d70
        0x5584320b9d70
        0x5584320b9d70
        0x5584320b9d70
        0x5584320b9d70
        0x5584320b9d70
        0x5584320b9d70
        0x5584320b9d70
        0x5584320b9d70
        0x5584320b9d70
        0x5584320b9d70
        0x5584320b9d70
        0x5584320b9d70
        0x5584320b9d70
        0x5584320b9d70
]: 1
@preempt_stack[
        0x7f953d6cd183
]: 1
@preempt_stack[
        0x40caf114
        0x40d5dcce
        0x40d5befe
        0x40d59754
        0x40d56ef8
        0x40d56d80
        0x40d53864
        0
        0
        0x558432736408
        0x558432736408
        0x558432736408
        0x558432736408
        0x558432736408
        0x558432736408
        0x558432736408
        0x558432736408
        0x558432736408
        0x558432736408
        0x558432736408
        0x558432736408
        0x558432736408
        0x558432736408
        0x558432736408
        0x558432736408
        0x558432736408
        0x558432736408
        0x558432736408
        0x558432736408
        0x558432736408
        0x558432736408
        0x558432736408
        0x558432736408
        0x558432736408
        0x558432736408
        0x558432736408
        0x558432736408
        0x558432736408
        0x558432736408
        0x558432736408
        0x558432736408
        0x558432736408
        0x558432736408
        0x558432736408
        0x558432736408
        0x558432736408
        0x558432736408
        0x558432736408
        0x558432736408
        0x558432736408
        0x558432736408
        0x558432736408
        0x558432736408
        0x558432736408
        0x558432736408
        0x558432736408
        0x558432736408
        0x558432736408
        0x558432736408
        0x558432736408
        0x558432736408
        0x558432736408
        0x558432736408
        0x558432736408
        0x558432736408
        0x558432736408
        0x558432736408
        0x558432736408
        0x558432736408
        0x558432736408
        0x558432736408
        0x558432736408
        0x558432736408
        0x558432736408
        0x558432736408
        0x558432736408
        0x558432736408
        0x558432736408
        0x558432736408
        0x558432736408
        0x558432736408
        0x558432736408
        0x558432736408
        0x558432736408
        0x558432736408
        0x558432736408
        0x558432736408
        0x558432736408
        0x558432736408
        0x558432736408
        0x558432736408
        0x558432736408
        0x558432736408
        0x558432736408
        0x558432736408
        0x558432736408
        0x558432736408
        0x558432736408
        0x558432736408
        0x558432736408
        0x558432736408
        0x558432736408
        0x558432736408
        0x558432736408
        0x558432736408
        0x558432736408
        0x558432736408
        0x558432736408
        0x558432736408
        0x558432736408
        0x558432736408
        0x558432736408
        0x558432736408
        0x558432736408
        0x558432736408
        0x558432736408
        0x558432736408
        0x558432736408
        0x558432736408
        0x558432736408
        0x558432736408
        0x558432736408
        0x558432736408
        0x558432736408
        0x558432736408
        0x558432736408
        0x558432736408
]: 1
@preempt_stack[
        0x40ce0935
]: 1
@preempt_stack[
        0x40caee94
        0x40eae6a8
        0x40eac640
        0x40ea95d9
        0x40ca69ba
        0x40407e56
        0x40403d24
        0x7f949c846428
        0x7f949c9e578f
        0x558431b82490
]: 1
@preempt_stack[
        0x7f953d52b9b4
        0x7f953db3111c
        0x4025b9b5
        0x4025a624
        0x40259a74
        0x40a8aa1c
        0x40407e56
        0x40403d24
        0x7f949c846428
        0x7f949c9e578f
        0x558431b82490
]: 1
@preempt_stack[
        0x7f953d8f1ecf
        0x7f9441799370
]: 1
@preempt_stack[
        0x40d2e497
        0x7f9470162c7b
        0x7f93fc0932db
        0x7f94788cb95b
        0x7f93fc07fabb
        0x401c67a6
        0x7f949c846428
        0x7f949c9e578f
        0x558431b82490
]: 1
@preempt_stack[
        0x7f953dd5185d
]: 1
@preempt_stack[
        0x40441a41
        0x4044b20c
]: 1
@preempt_stack[
        mono_metadata_type_hash+80
        0x120000
        0x5584334a5e18
        0x5584334a5e18
        0x5584334a5e18
        0x5584334a5e18
        0x5584334a5e18
        0x5584334a5e18
        0x5584334a5e18
        0x5584334a5e18
        0x5584334a5e18
        0x5584334a5e18
        0x5584334a5e18
        0x5584334a5e18
        0x5584334a5e18
        0x5584334a5e18
        0x5584334a5e18
        0x5584334a5e18
        0x5584334a5e18
        0x5584334a5e18
        0x5584334a5e18
        0x5584334a5e18
        0x5584334a5e18
        0x5584334a5e18
        0x5584334a5e18
        0x5584334a5e18
        0x5584334a5e18
        0x5584334a5e18
        0x5584334a5e18
        0x5584334a5e18
        0x5584334a5e18
        0x5584334a5e18
        0x5584334a5e18
        0x5584334a5e18
        0x5584334a5e18
        0x5584334a5e18
        0x5584334a5e18
        0x5584334a5e18
        0x5584334a5e18
        0x5584334a5e18
        0x5584334a5e18
        0x5584334a5e18
        0x5584334a5e18
        0x5584334a5e18
        0x5584334a5e18
        0x5584334a5e18
        0x5584334a5e18
        0x5584334a5e18
        0x5584334a5e18
        0x5584334a5e18
        0x5584334a5e18
        0x5584334a5e18
        0x5584334a5e18
        0x5584334a5e18
        0x5584334a5e18
        0x5584334a5e18
        0x5584334a5e18
        0x5584334a5e18
        0x5584334a5e18
        0x5584334a5e18
        0x5584334a5e18
        0x5584334a5e18
        0x5584334a5e18
        0x5584334a5e18
        0x5584334a5e18
        0x5584334a5e18
        0x5584334a5e18
        0x5584334a5e18
        0x5584334a5e18
        0x5584334a5e18
        0x5584334a5e18
        0x5584334a5e18
        0x5584334a5e18
        0x5584334a5e18
        0x5584334a5e18
        0x5584334a5e18
        0x5584334a5e18
        0x5584334a5e18
        0x5584334a5e18
        0x5584334a5e18
        0x5584334a5e18
        0x5584334a5e18
        0x5584334a5e18
        0x5584334a5e18
        0x5584334a5e18
        0x5584334a5e18
        0x5584334a5e18
        0x5584334a5e18
        0x5584334a5e18
        0x5584334a5e18
        0x5584334a5e18
        0x5584334a5e18
        0x5584334a5e18
        0x5584334a5e18
        0x5584334a5e18
        0x5584334a5e18
        0x5584334a5e18
        0x5584334a5e18
        0x5584334a5e18
        0x5584334a5e18
        0x5584334a5e18
        0x5584334a5e18
        0x5584334a5e18
        0x5584334a5e18
        0x5584334a5e18
        0x5584334a5e18
        0x5584334a5e18
        0x5584334a5e18
        0x5584334a5e18
        0x5584334a5e18
        0x5584334a5e18
        0x5584334a5e18
        0x5584334a5e18
        0x5584334a5e18
        0x5584334a5e18
        0x5584334a5e18
        0x5584334a5e18
        0x5584334a5e18
        0x5584334a5e18
        0x5584334a5e18
        0x5584334a5e18
        0x5584334a5e18
        0x5584334a5e18
        0x5584334a5e18
        0x5584334a5e18
        0x5584334a5e18
        0x5584334a5e18
]: 1
@preempt_stack[
        0x7f953d905a50
        0x70107060704070e
]: 1
@preempt_stack[
        mono_thread_info_uninstall_interrupt+49
]: 1
@preempt_stack[
        0x40d5dc79
        0x40d5befe
        0x40d5977c
        0x40d56ef8
        0x40d56d80
        0x40d53864
        0
        0
        0x558432736408
        0x558432736408
        0x558432736408
        0x558432736408
        0x558432736408
        0x558432736408
        0x558432736408
        0x558432736408
        0x558432736408
        0x558432736408
        0x558432736408
        0x558432736408
        0x558432736408
        0x558432736408
        0x558432736408
        0x558432736408
        0x558432736408
        0x558432736408
        0x558432736408
        0x558432736408
        0x558432736408
        0x558432736408
        0x558432736408
        0x558432736408
        0x558432736408
        0x558432736408
        0x558432736408
        0x558432736408
        0x558432736408
        0x558432736408
        0x558432736408
        0x558432736408
        0x558432736408
        0x558432736408
        0x558432736408
        0x558432736408
        0x558432736408
        0x558432736408
        0x558432736408
        0x558432736408
        0x558432736408
        0x558432736408
        0x558432736408
        0x558432736408
        0x558432736408
        0x558432736408
        0x558432736408
        0x558432736408
        0x558432736408
        0x558432736408
        0x558432736408
        0x558432736408
        0x558432736408
        0x558432736408
        0x558432736408
        0x558432736408
        0x558432736408
        0x558432736408
        0x558432736408
        0x558432736408
        0x558432736408
        0x558432736408
        0x558432736408
        0x558432736408
        0x558432736408
        0x558432736408
        0x558432736408
        0x558432736408
        0x558432736408
        0x558432736408
        0x558432736408
        0x558432736408
        0x558432736408
        0x558432736408
        0x558432736408
        0x558432736408
        0x558432736408
        0x558432736408
        0x558432736408
        0x558432736408
        0x558432736408
        0x558432736408
        0x558432736408
        0x558432736408
        0x558432736408
        0x558432736408
        0x558432736408
        0x558432736408
        0x558432736408
        0x558432736408
        0x558432736408
        0x558432736408
        0x558432736408
        0x558432736408
        0x558432736408
        0x558432736408
        0x558432736408
        0x558432736408
        0x558432736408
        0x558432736408
        0x558432736408
        0x558432736408
        0x558432736408
        0x558432736408
        0x558432736408
        0x558432736408
        0x558432736408
        0x558432736408
        0x558432736408
        0x558432736408
        0x558432736408
        0x558432736408
        0x558432736408
        0x558432736408
        0x558432736408
        0x558432736408
        0x558432736408
        0x558432736408
        0x558432736408
]: 1
@preempt_stack[
        0x7f953dd11cb2
        0x7f9504dded80
]: 1
@preempt_stack[
        0x40d7569b
        0x40d75420
        0x40d72730
        0x40d72100
        0x40d72083
        0x40d5ad0e
        0x40d56ef8
        0x40d56d80
        0x40d53864
        0
        0
        0x558432736408
        0x558432736408
        0x558432736408
        0x558432736408
        0x558432736408
        0x558432736408
        0x558432736408
        0x558432736408
        0x558432736408
        0x558432736408
        0x558432736408
        0x558432736408
        0x558432736408
        0x558432736408
        0x558432736408
        0x558432736408
        0x558432736408
        0x558432736408
        0x558432736408
        0x558432736408
        0x558432736408
        0x558432736408
        0x558432736408
        0x558432736408
        0x558432736408
        0x558432736408
        0x558432736408
        0x558432736408
        0x558432736408
        0x558432736408
        0x558432736408
        0x558432736408
        0x558432736408
        0x558432736408
        0x558432736408
        0x558432736408
        0x558432736408
        0x558432736408
        0x558432736408
        0x558432736408
        0x558432736408
        0x558432736408
        0x558432736408
        0x558432736408
        0x558432736408
        0x558432736408
        0x558432736408
        0x558432736408
        0x558432736408
        0x558432736408
        0x558432736408
        0x558432736408
        0x558432736408
        0x558432736408
        0x558432736408
        0x558432736408
        0x558432736408
        0x558432736408
        0x558432736408
        0x558432736408
        0x558432736408
        0x558432736408
        0x558432736408
        0x558432736408
        0x558432736408
        0x558432736408
        0x558432736408
        0x558432736408
        0x558432736408
        0x558432736408
        0x558432736408
        0x558432736408
        0x558432736408
        0x558432736408
        0x558432736408
        0x558432736408
        0x558432736408
        0x558432736408
        0x558432736408
        0x558432736408
        0x558432736408
        0x558432736408
        0x558432736408
        0x558432736408
        0x558432736408
        0x558432736408
        0x558432736408
        0x558432736408
        0x558432736408
        0x558432736408
        0x558432736408
        0x558432736408
        0x558432736408
        0x558432736408
        0x558432736408
        0x558432736408
        0x558432736408
        0x558432736408
        0x558432736408
        0x558432736408
        0x558432736408
        0x558432736408
        0x558432736408
        0x558432736408
        0x558432736408
        0x558432736408
        0x558432736408
        0x558432736408
        0x558432736408
        0x558432736408
        0x558432736408
        0x558432736408
        0x558432736408
        0x558432736408
        0x558432736408
        0x558432736408
]: 1
@preempt_stack[
        0x7f953d7da49c
        0xd200038ffcab8a6
        0x7f953d884770
        0x8d48012d942a058b
]: 1
@preempt_stack[
        0x7f949c9dcfa3
        0x120000
        0x55843530ab78
        0x55843530ab78
        0x55843530ab78
        0x55843530ab78
        0x55843530ab78
        0x55843530ab78
        0x55843530ab78
        0x55843530ab78
        0x55843530ab78
        0x55843530ab78
        0x55843530ab78
        0x55843530ab78
        0x55843530ab78
        0x55843530ab78
        0x55843530ab78
        0x55843530ab78
        0x55843530ab78
        0x55843530ab78
        0x55843530ab78
        0x55843530ab78
        0x55843530ab78
        0x55843530ab78
        0x55843530ab78
        0x55843530ab78
        0x55843530ab78
        0x55843530ab78
        0x55843530ab78
        0x55843530ab78
        0x55843530ab78
        0x55843530ab78
        0x55843530ab78
        0x55843530ab78
        0x55843530ab78
        0x55843530ab78
        0x55843530ab78
        0x55843530ab78
        0x55843530ab78
        0x55843530ab78
        0x55843530ab78
        0x55843530ab78
        0x55843530ab78
        0x55843530ab78
        0x55843530ab78
        0x55843530ab78
        0x55843530ab78
        0x55843530ab78
        0x55843530ab78
        0x55843530ab78
        0x55843530ab78
        0x55843530ab78
        0x55843530ab78
        0x55843530ab78
        0x55843530ab78
        0x55843530ab78
        0x55843530ab78
        0x55843530ab78
        0x55843530ab78
        0x55843530ab78
        0x55843530ab78
        0x55843530ab78
        0x55843530ab78
        0x55843530ab78
        0x55843530ab78
        0x55843530ab78
        0x55843530ab78
        0x55843530ab78
        0x55843530ab78
        0x55843530ab78
        0x55843530ab78
        0x55843530ab78
        0x55843530ab78
        0x55843530ab78
        0x55843530ab78
        0x55843530ab78
        0x55843530ab78
        0x55843530ab78
        0x55843530ab78
        0x55843530ab78
        0x55843530ab78
        0x55843530ab78
        0x55843530ab78
        0x55843530ab78
        0x55843530ab78
        0x55843530ab78
        0x55843530ab78
        0x55843530ab78
        0x55843530ab78
        0x55843530ab78
        0x55843530ab78
        0x55843530ab78
        0x55843530ab78
        0x55843530ab78
        0x55843530ab78
        0x55843530ab78
        0x55843530ab78
        0x55843530ab78
        0x55843530ab78
        0x55843530ab78
        0x55843530ab78
        0x55843530ab78
        0x55843530ab78
        0x55843530ab78
        0x55843530ab78
        0x55843530ab78
        0x55843530ab78
        0x55843530ab78
        0x55843530ab78
        0x55843530ab78
        0x55843530ab78
        0x55843530ab78
        0x55843530ab78
        0x55843530ab78
        0x55843530ab78
        0x55843530ab78
        0x55843530ab78
        0x55843530ab78
        0x55843530ab78
        0x55843530ab78
        0x55843530ab78
        0x55843530ab78
        0x55843530ab78
        0x55843530ab78
        0x55843530ab78
        0x55843530ab78
        0x55843530ab78
]: 1
@preempt_stack[
        pthread_setspecific+137
        0x404085f4
        0x40a8a76e
        0x40407e56
        0x40403d24
        0x7f949c846428
        0x7f949c9e578f
        0x558431b82490
]: 1
@preempt_stack[
        0x40d593a9
        0x40d56ef8
        0x40d56d80
        0x40d53864
        0
        0
        0x558432736408
        0x558432736408
        0x558432736408
        0x558432736408
        0x558432736408
        0x558432736408
        0x558432736408
        0x558432736408
        0x558432736408
        0x558432736408
        0x558432736408
        0x558432736408
        0x558432736408
        0x558432736408
        0x558432736408
        0x558432736408
        0x558432736408
        0x558432736408
        0x558432736408
        0x558432736408
        0x558432736408
        0x558432736408
        0x558432736408
        0x558432736408
        0x558432736408
        0x558432736408
        0x558432736408
        0x558432736408
        0x558432736408
        0x558432736408
        0x558432736408
        0x558432736408
        0x558432736408
        0x558432736408
        0x558432736408
        0x558432736408
        0x558432736408
        0x558432736408
        0x558432736408
        0x558432736408
        0x558432736408
        0x558432736408
        0x558432736408
        0x558432736408
        0x558432736408
        0x558432736408
        0x558432736408
        0x558432736408
        0x558432736408
        0x558432736408
        0x558432736408
        0x558432736408
        0x558432736408
        0x558432736408
        0x558432736408
        0x558432736408
        0x558432736408
        0x558432736408
        0x558432736408
        0x558432736408
        0x558432736408
        0x558432736408
        0x558432736408
        0x558432736408
        0x558432736408
        0x558432736408
        0x558432736408
        0x558432736408
        0x558432736408
        0x558432736408
        0x558432736408
        0x558432736408
        0x558432736408
        0x558432736408
        0x558432736408
        0x558432736408
        0x558432736408
        0x558432736408
        0x558432736408
        0x558432736408
        0x558432736408
        0x558432736408
        0x558432736408
        0x558432736408
        0x558432736408
        0x558432736408
        0x558432736408
        0x558432736408
        0x558432736408
        0x558432736408
        0x558432736408
        0x558432736408
        0x558432736408
        0x558432736408
        0x558432736408
        0x558432736408
        0x558432736408
        0x558432736408
        0x558432736408
        0x558432736408
        0x558432736408
        0x558432736408
        0x558432736408
        0x558432736408
        0x558432736408
        0x558432736408
        0x558432736408
        0x558432736408
        0x558432736408
        0x558432736408
        0x558432736408
        0x558432736408
        0x558432736408
        0x558432736408
        0x558432736408
        0x558432736408
        0x558432736408
        0x558432736408
        0x558432736408
        0x558432736408
        0x558432736408
]: 1
@preempt_stack[
        0x7f953e5af7f5
        0x7f953de986f5
]: 1
@preempt_stack[
        0x7f953d7b7f3f
        0xea00038ffca73f6
        0x7f953da02410
        0x8348078948011124
]: 1
@preempt_stack[
        0x7f953d48f353
]: 1
@preempt_stack[
        0x7f949c9dcfa3
        0x120000
        0x5584349e5eb8
        0x5584349e5eb8
        0x5584349e5eb8
        0x5584349e5eb8
        0x5584349e5eb8
        0x5584349e5eb8
        0x5584349e5eb8
        0x5584349e5eb8
        0x5584349e5eb8
        0x5584349e5eb8
        0x5584349e5eb8
        0x5584349e5eb8
        0x5584349e5eb8
        0x5584349e5eb8
        0x5584349e5eb8
        0x5584349e5eb8
        0x5584349e5eb8
        0x5584349e5eb8
        0x5584349e5eb8
        0x5584349e5eb8
        0x5584349e5eb8
        0x5584349e5eb8
        0x5584349e5eb8
        0x5584349e5eb8
        0x5584349e5eb8
        0x5584349e5eb8
        0x5584349e5eb8
        0x5584349e5eb8
        0x5584349e5eb8
        0x5584349e5eb8
        0x5584349e5eb8
        0x5584349e5eb8
        0x5584349e5eb8
        0x5584349e5eb8
        0x5584349e5eb8
        0x5584349e5eb8
        0x5584349e5eb8
        0x5584349e5eb8
        0x5584349e5eb8
        0x5584349e5eb8
        0x5584349e5eb8
        0x5584349e5eb8
        0x5584349e5eb8
        0x5584349e5eb8
        0x5584349e5eb8
        0x5584349e5eb8
        0x5584349e5eb8
        0x5584349e5eb8
        0x5584349e5eb8
        0x5584349e5eb8
        0x5584349e5eb8
        0x5584349e5eb8
        0x5584349e5eb8
        0x5584349e5eb8
        0x5584349e5eb8
        0x5584349e5eb8
        0x5584349e5eb8
        0x5584349e5eb8
        0x5584349e5eb8
        0x5584349e5eb8
        0x5584349e5eb8
        0x5584349e5eb8
        0x5584349e5eb8
        0x5584349e5eb8
        0x5584349e5eb8
        0x5584349e5eb8
        0x5584349e5eb8
        0x5584349e5eb8
        0x5584349e5eb8
        0x5584349e5eb8
        0x5584349e5eb8
        0x5584349e5eb8
        0x5584349e5eb8
        0x5584349e5eb8
        0x5584349e5eb8
        0x5584349e5eb8
        0x5584349e5eb8
        0x5584349e5eb8
        0x5584349e5eb8
        0x5584349e5eb8
        0x5584349e5eb8
        0x5584349e5eb8
        0x5584349e5eb8
        0x5584349e5eb8
        0x5584349e5eb8
        0x5584349e5eb8
        0x5584349e5eb8
        0x5584349e5eb8
        0x5584349e5eb8
        0x5584349e5eb8
        0x5584349e5eb8
        0x5584349e5eb8
        0x5584349e5eb8
        0x5584349e5eb8
        0x5584349e5eb8
        0x5584349e5eb8
        0x5584349e5eb8
        0x5584349e5eb8
        0x5584349e5eb8
        0x5584349e5eb8
        0x5584349e5eb8
        0x5584349e5eb8
        0x5584349e5eb8
        0x5584349e5eb8
        0x5584349e5eb8
        0x5584349e5eb8
        0x5584349e5eb8
        0x5584349e5eb8
        0x5584349e5eb8
        0x5584349e5eb8
        0x5584349e5eb8
        0x5584349e5eb8
        0x5584349e5eb8
        0x5584349e5eb8
        0x5584349e5eb8
        0x5584349e5eb8
        0x5584349e5eb8
        0x5584349e5eb8
        0x5584349e5eb8
        0x5584349e5eb8
        0x5584349e5eb8
        0x5584349e5eb8
        0x5584349e5eb8
        0x5584349e5eb8
        0x5584349e5eb8
]: 1
@preempt_stack[
        0x7f953d9058ae
        0x1f8
]: 1
@preempt_stack[
        0x7f953d93f6b6
        0x63656a624f657465
]: 1
@preempt_stack[
        0x7f953d9077a1
        0x7f95006f1ec0
]: 1
@preempt_stack[
        0x7f933319cf07
]: 1
@preempt_stack[
        0x7f953d877edc
        0
]: 1
@preempt_stack[
        0x401ba344
        0x40ac9ddc
        0x40a8a76e
        0x40407e56
        0x40403d24
        0x7f949c846428
        0x7f949c9e578f
        0x558431b82490
]: 1
@preempt_stack[
        0x40d5966f
        0x40d56ef8
        0x40d56d80
        0x40d53864
        0
        0
        0x558432736408
        0x558432736408
        0x558432736408
        0x558432736408
        0x558432736408
        0x558432736408
        0x558432736408
        0x558432736408
        0x558432736408
        0x558432736408
        0x558432736408
        0x558432736408
        0x558432736408
        0x558432736408
        0x558432736408
        0x558432736408
        0x558432736408
        0x558432736408
        0x558432736408
        0x558432736408
        0x558432736408
        0x558432736408
        0x558432736408
        0x558432736408
        0x558432736408
        0x558432736408
        0x558432736408
        0x558432736408
        0x558432736408
        0x558432736408
        0x558432736408
        0x558432736408
        0x558432736408
        0x558432736408
        0x558432736408
        0x558432736408
        0x558432736408
        0x558432736408
        0x558432736408
        0x558432736408
        0x558432736408
        0x558432736408
        0x558432736408
        0x558432736408
        0x558432736408
        0x558432736408
        0x558432736408
        0x558432736408
        0x558432736408
        0x558432736408
        0x558432736408
        0x558432736408
        0x558432736408
        0x558432736408
        0x558432736408
        0x558432736408
        0x558432736408
        0x558432736408
        0x558432736408
        0x558432736408
        0x558432736408
        0x558432736408
        0x558432736408
        0x558432736408
        0x558432736408
        0x558432736408
        0x558432736408
        0x558432736408
        0x558432736408
        0x558432736408
        0x558432736408
        0x558432736408
        0x558432736408
        0x558432736408
        0x558432736408
        0x558432736408
        0x558432736408
        0x558432736408
        0x558432736408
        0x558432736408
        0x558432736408
        0x558432736408
        0x558432736408
        0x558432736408
        0x558432736408
        0x558432736408
        0x558432736408
        0x558432736408
        0x558432736408
        0x558432736408
        0x558432736408
        0x558432736408
        0x558432736408
        0x558432736408
        0x558432736408
        0x558432736408
        0x558432736408
        0x558432736408
        0x558432736408
        0x558432736408
        0x558432736408
        0x558432736408
        0x558432736408
        0x558432736408
        0x558432736408
        0x558432736408
        0x558432736408
        0x558432736408
        0x558432736408
        0x558432736408
        0x558432736408
        0x558432736408
        0x558432736408
        0x558432736408
        0x558432736408
        0x558432736408
        0x558432736408
        0x558432736408
        0x558432736408
        0x558432736408
        0x558432736408
]: 1
@preempt_stack[
        0x40cb5d24
        0x40a8cc30
        0x7f93ac127a42
        0
        0x558432736408
        0x558432736408
        0x558432736408
        0x558432736408
        0x558432736408
        0x558432736408
        0x558432736408
        0x558432736408
        0x558432736408
        0x558432736408
        0x558432736408
        0x558432736408
        0x558432736408
        0x558432736408
        0x558432736408
        0x558432736408
        0x558432736408
        0x558432736408
        0x558432736408
        0x558432736408
        0x558432736408
        0x558432736408
        0x558432736408
        0x558432736408
        0x558432736408
        0x558432736408
        0x558432736408
        0x558432736408
        0x558432736408
        0x558432736408
        0x558432736408
        0x558432736408
        0x558432736408
        0x558432736408
        0x558432736408
        0x558432736408
        0x558432736408
        0x558432736408
        0x558432736408
        0x558432736408
        0x558432736408
        0x558432736408
        0x558432736408
        0x558432736408
        0x558432736408
        0x558432736408
        0x558432736408
        0x558432736408
        0x558432736408
        0x558432736408
        0x558432736408
        0x558432736408
        0x558432736408
        0x558432736408
        0x558432736408
        0x558432736408
        0x558432736408
        0x558432736408
        0x558432736408
        0x558432736408
        0x558432736408
        0x558432736408
        0x558432736408
        0x558432736408
        0x558432736408
        0x558432736408
        0x558432736408
        0x558432736408
        0x558432736408
        0x558432736408
        0x558432736408
        0x558432736408
        0x558432736408
        0x558432736408
        0x558432736408
        0x558432736408
        0x558432736408
        0x558432736408
        0x558432736408
        0x558432736408
        0x558432736408
        0x558432736408
        0x558432736408
        0x558432736408
        0x558432736408
        0x558432736408
        0x558432736408
        0x558432736408
        0x558432736408
        0x558432736408
        0x558432736408
        0x558432736408
        0x558432736408
        0x558432736408
        0x558432736408
        0x558432736408
        0x558432736408
        0x558432736408
        0x558432736408
        0x558432736408
        0x558432736408
        0x558432736408
        0x558432736408
        0x558432736408
        0x558432736408
        0x558432736408
        0x558432736408
        0x558432736408
        0x558432736408
        0x558432736408
        0x558432736408
        0x558432736408
        0x558432736408
        0x558432736408
        0x558432736408
        0x558432736408
        0x558432736408
        0x558432736408
        0x558432736408
        0x558432736408
        0x558432736408
        0x558432736408
        0x558432736408
]: 1
@preempt_stack[
        0x4044b847
        0x4044b20c
]: 1
@preempt_stack[
        0x40cd5eb9
        0
        0
        0x5584326a9a10
        0x5584326a9a10
        0x5584326a9a10
        0x5584326a9a10
        0x5584326a9a10
        0x5584326a9a10
        0x5584326a9a10
        0x5584326a9a10
        0x5584326a9a10
        0x5584326a9a10
        0x5584326a9a10
        0x5584326a9a10
        0x5584326a9a10
        0x5584326a9a10
        0x5584326a9a10
        0x5584326a9a10
        0x5584326a9a10
        0x5584326a9a10
        0x5584326a9a10
        0x5584326a9a10
        0x5584326a9a10
        0x5584326a9a10
        0x5584326a9a10
        0x5584326a9a10
        0x5584326a9a10
        0x5584326a9a10
        0x5584326a9a10
        0x5584326a9a10
        0x5584326a9a10
        0x5584326a9a10
        0x5584326a9a10
        0x5584326a9a10
        0x5584326a9a10
        0x5584326a9a10
        0x5584326a9a10
        0x5584326a9a10
        0x5584326a9a10
        0x5584326a9a10
        0x5584326a9a10
        0x5584326a9a10
        0x5584326a9a10
        0x5584326a9a10
        0x5584326a9a10
        0x5584326a9a10
        0x5584326a9a10
        0x5584326a9a10
        0x5584326a9a10
        0x5584326a9a10
        0x5584326a9a10
        0x5584326a9a10
        0x5584326a9a10
        0x5584326a9a10
        0x5584326a9a10
        0x5584326a9a10
        0x5584326a9a10
        0x5584326a9a10
        0x5584326a9a10
        0x5584326a9a10
        0x5584326a9a10
        0x5584326a9a10
        0x5584326a9a10
        0x5584326a9a10
        0x5584326a9a10
        0x5584326a9a10
        0x5584326a9a10
        0x5584326a9a10
        0x5584326a9a10
        0x5584326a9a10
        0x5584326a9a10
        0x5584326a9a10
        0x5584326a9a10
        0x5584326a9a10
        0x5584326a9a10
        0x5584326a9a10
        0x5584326a9a10
        0x5584326a9a10
        0x5584326a9a10
        0x5584326a9a10
        0x5584326a9a10
        0x5584326a9a10
        0x5584326a9a10
        0x5584326a9a10
        0x5584326a9a10
        0x5584326a9a10
        0x5584326a9a10
        0x5584326a9a10
        0x5584326a9a10
        0x5584326a9a10
        0x5584326a9a10
        0x5584326a9a10
        0x5584326a9a10
        0x5584326a9a10
        0x5584326a9a10
        0x5584326a9a10
        0x5584326a9a10
        0x5584326a9a10
        0x5584326a9a10
        0x5584326a9a10
        0x5584326a9a10
        0x5584326a9a10
        0x5584326a9a10
        0x5584326a9a10
        0x5584326a9a10
        0x5584326a9a10
        0x5584326a9a10
        0x5584326a9a10
        0x5584326a9a10
        0x5584326a9a10
        0x5584326a9a10
        0x5584326a9a10
        0x5584326a9a10
        0x5584326a9a10
        0x5584326a9a10
        0x5584326a9a10
        0x5584326a9a10
        0x5584326a9a10
        0x5584326a9a10
        0x5584326a9a10
        0x5584326a9a10
        0x5584326a9a10
        0x5584326a9a10
        0x5584326a9a10
        0x5584326a9a10
        0x5584326a9a10
]: 1
@preempt_stack[
        0x7f953dcc6a1a
        0x7f95000012e2
        0
]: 1
@preempt_stack[
        0x7f953dd3fc37
]: 1
@preempt_stack[
        0x7f949ca0d59c
]: 1
@preempt_stack[
        0x40d15f11
]: 1
@preempt_stack[
        0x7f953eea2bdf
        __clock_gettime+29
        0x4c00088000007f93
]: 1
@preempt_stack[
        0x4019f498
        0x40f23b04
        0x40f5a3c8
        0x40f5950c
        0
        0x2800000000000001
        0x558432b18848
        0x558432b18848
        0x558432b18848
        0x558432b18848
        0x558432b18848
        0x558432b18848
        0x558432b18848
        0x558432b18848
        0x558432b18848
        0x558432b18848
        0x558432b18848
        0x558432b18848
        0x558432b18848
        0x558432b18848
        0x558432b18848
        0x558432b18848
        0x558432b18848
        0x558432b18848
        0x558432b18848
        0x558432b18848
        0x558432b18848
        0x558432b18848
        0x558432b18848
        0x558432b18848
        0x558432b18848
        0x558432b18848
        0x558432b18848
        0x558432b18848
        0x558432b18848
        0x558432b18848
        0x558432b18848
        0x558432b18848
        0x558432b18848
        0x558432b18848
        0x558432b18848
        0x558432b18848
        0x558432b18848
        0x558432b18848
        0x558432b18848
        0x558432b18848
        0x558432b18848
        0x558432b18848
        0x558432b18848
        0x558432b18848
        0x558432b18848
        0x558432b18848
        0x558432b18848
        0x558432b18848
        0x558432b18848
        0x558432b18848
        0x558432b18848
        0x558432b18848
        0x558432b18848
        0x558432b18848
        0x558432b18848
        0x558432b18848
        0x558432b18848
        0x558432b18848
        0x558432b18848
        0x558432b18848
        0x558432b18848
        0x558432b18848
        0x558432b18848
        0x558432b18848
        0x558432b18848
        0x558432b18848
        0x558432b18848
        0x558432b18848
        0x558432b18848
        0x558432b18848
        0x558432b18848
        0x558432b18848
        0x558432b18848
        0x558432b18848
        0x558432b18848
        0x558432b18848
        0x558432b18848
        0x558432b18848
        0x558432b18848
        0x558432b18848
        0x558432b18848
        0x558432b18848
        0x558432b18848
        0x558432b18848
        0x558432b18848
        0x558432b18848
        0x558432b18848
        0x558432b18848
        0x558432b18848
        0x558432b18848
        0x558432b18848
        0x558432b18848
        0x558432b18848
        0x558432b18848
        0x558432b18848
        0x558432b18848
        0x558432b18848
        0x558432b18848
        0x558432b18848
        0x558432b18848
        0x558432b18848
        0x558432b18848
        0x558432b18848
        0x558432b18848
        0x558432b18848
        0x558432b18848
        0x558432b18848
        0x558432b18848
        0x558432b18848
        0x558432b18848
        0x558432b18848
        0x558432b18848
        0x558432b18848
        0x558432b18848
        0x558432b18848
        0x558432b18848
        0x558432b18848
        0x558432b18848
        0x558432b18848
        0x558432b18848
        0x558432b18848
]: 1
@preempt_stack[
        0x40cac58d
        0
        0x2000000000000001
        0x558432740e50
        0x558432740e50
        0x558432740e50
        0x558432740e50
        0x558432740e50
        0x558432740e50
        0x558432740e50
        0x558432740e50
        0x558432740e50
        0x558432740e50
        0x558432740e50
        0x558432740e50
        0x558432740e50
        0x558432740e50
        0x558432740e50
        0x558432740e50
        0x558432740e50
        0x558432740e50
        0x558432740e50
        0x558432740e50
        0x558432740e50
        0x558432740e50
        0x558432740e50
        0x558432740e50
        0x558432740e50
        0x558432740e50
        0x558432740e50
        0x558432740e50
        0x558432740e50
        0x558432740e50
        0x558432740e50
        0x558432740e50
        0x558432740e50
        0x558432740e50
        0x558432740e50
        0x558432740e50
        0x558432740e50
        0x558432740e50
        0x558432740e50
        0x558432740e50
        0x558432740e50
        0x558432740e50
        0x558432740e50
        0x558432740e50
        0x558432740e50
        0x558432740e50
        0x558432740e50
        0x558432740e50
        0x558432740e50
        0x558432740e50
        0x558432740e50
        0x558432740e50
        0x558432740e50
        0x558432740e50
        0x558432740e50
        0x558432740e50
        0x558432740e50
        0x558432740e50
        0x558432740e50
        0x558432740e50
        0x558432740e50
        0x558432740e50
        0x558432740e50
        0x558432740e50
        0x558432740e50
        0x558432740e50
        0x558432740e50
        0x558432740e50
        0x558432740e50
        0x558432740e50
        0x558432740e50
        0x558432740e50
        0x558432740e50
        0x558432740e50
        0x558432740e50
        0x558432740e50
        0x558432740e50
        0x558432740e50
        0x558432740e50
        0x558432740e50
        0x558432740e50
        0x558432740e50
        0x558432740e50
        0x558432740e50
        0x558432740e50
        0x558432740e50
        0x558432740e50
        0x558432740e50
        0x558432740e50
        0x558432740e50
        0x558432740e50
        0x558432740e50
        0x558432740e50
        0x558432740e50
        0x558432740e50
        0x558432740e50
        0x558432740e50
        0x558432740e50
        0x558432740e50
        0x558432740e50
        0x558432740e50
        0x558432740e50
        0x558432740e50
        0x558432740e50
        0x558432740e50
        0x558432740e50
        0x558432740e50
        0x558432740e50
        0x558432740e50
        0x558432740e50
        0x558432740e50
        0x558432740e50
        0x558432740e50
        0x558432740e50
        0x558432740e50
        0x558432740e50
        0x558432740e50
        0x558432740e50
        0x558432740e50
        0x558432740e50
        0x558432740e50
        0x558432740e50
        0x558432740e50
        0x558432740e50
]: 1
@preempt_stack[
        0x40bb36c1
        0
        0x2000000000000001
        0x558433718a58
        0x558433718a58
        0x558433718a58
        0x558433718a58
        0x558433718a58
        0x558433718a58
        0x558433718a58
        0x558433718a58
        0x558433718a58
        0x558433718a58
        0x558433718a58
        0x558433718a58
        0x558433718a58
        0x558433718a58
        0x558433718a58
        0x558433718a58
        0x558433718a58
        0x558433718a58
        0x558433718a58
        0x558433718a58
        0x558433718a58
        0x558433718a58
        0x558433718a58
        0x558433718a58
        0x558433718a58
        0x558433718a58
        0x558433718a58
        0x558433718a58
        0x558433718a58
        0x558433718a58
        0x558433718a58
        0x558433718a58
        0x558433718a58
        0x558433718a58
        0x558433718a58
        0x558433718a58
        0x558433718a58
        0x558433718a58
        0x558433718a58
        0x558433718a58
        0x558433718a58
        0x558433718a58
        0x558433718a58
        0x558433718a58
        0x558433718a58
        0x558433718a58
        0x558433718a58
        0x558433718a58
        0x558433718a58
        0x558433718a58
        0x558433718a58
        0x558433718a58
        0x558433718a58
        0x558433718a58
        0x558433718a58
        0x558433718a58
        0x558433718a58
        0x558433718a58
        0x558433718a58
        0x558433718a58
        0x558433718a58
        0x558433718a58
        0x558433718a58
        0x558433718a58
        0x558433718a58
        0x558433718a58
        0x558433718a58
        0x558433718a58
        0x558433718a58
        0x558433718a58
        0x558433718a58
        0x558433718a58
        0x558433718a58
        0x558433718a58
        0x558433718a58
        0x558433718a58
        0x558433718a58
        0x558433718a58
        0x558433718a58
        0x558433718a58
        0x558433718a58
        0x558433718a58
        0x558433718a58
        0x558433718a58
        0x558433718a58
        0x558433718a58
        0x558433718a58
        0x558433718a58
        0x558433718a58
        0x558433718a58
        0x558433718a58
        0x558433718a58
        0x558433718a58
        0x558433718a58
        0x558433718a58
        0x558433718a58
        0x558433718a58
        0x558433718a58
        0x558433718a58
        0x558433718a58
        0x558433718a58
        0x558433718a58
        0x558433718a58
        0x558433718a58
        0x558433718a58
        0x558433718a58
        0x558433718a58
        0x558433718a58
        0x558433718a58
        0x558433718a58
        0x558433718a58
        0x558433718a58
        0x558433718a58
        0x558433718a58
        0x558433718a58
        0x558433718a58
        0x558433718a58
        0x558433718a58
        0x558433718a58
        0x558433718a58
        0x558433718a58
        0x558433718a58
        0x558433718a58
        0x558433718a58
]: 1
@preempt_stack[
        0x7f953dcbeba8
]: 1
@preempt_stack[
        0x7f953d7168cd
]: 1
@preempt_stack[
        0x40cac3e0
        0
        0
        0x558432736408
        0x558432736408
        0x558432736408
        0x558432736408
        0x558432736408
        0x558432736408
        0x558432736408
        0x558432736408
        0x558432736408
        0x558432736408
        0x558432736408
        0x558432736408
        0x558432736408
        0x558432736408
        0x558432736408
        0x558432736408
        0x558432736408
        0x558432736408
        0x558432736408
        0x558432736408
        0x558432736408
        0x558432736408
        0x558432736408
        0x558432736408
        0x558432736408
        0x558432736408
        0x558432736408
        0x558432736408
        0x558432736408
        0x558432736408
        0x558432736408
        0x558432736408
        0x558432736408
        0x558432736408
        0x558432736408
        0x558432736408
        0x558432736408
        0x558432736408
        0x558432736408
        0x558432736408
        0x558432736408
        0x558432736408
        0x558432736408
        0x558432736408
        0x558432736408
        0x558432736408
        0x558432736408
        0x558432736408
        0x558432736408
        0x558432736408
        0x558432736408
        0x558432736408
        0x558432736408
        0x558432736408
        0x558432736408
        0x558432736408
        0x558432736408
        0x558432736408
        0x558432736408
        0x558432736408
        0x558432736408
        0x558432736408
        0x558432736408
        0x558432736408
        0x558432736408
        0x558432736408
        0x558432736408
        0x558432736408
        0x558432736408
        0x558432736408
        0x558432736408
        0x558432736408
        0x558432736408
        0x558432736408
        0x558432736408
        0x558432736408
        0x558432736408
        0x558432736408
        0x558432736408
        0x558432736408
        0x558432736408
        0x558432736408
        0x558432736408
        0x558432736408
        0x558432736408
        0x558432736408
        0x558432736408
        0x558432736408
        0x558432736408
        0x558432736408
        0x558432736408
        0x558432736408
        0x558432736408
        0x558432736408
        0x558432736408
        0x558432736408
        0x558432736408
        0x558432736408
        0x558432736408
        0x558432736408
        0x558432736408
        0x558432736408
        0x558432736408
        0x558432736408
        0x558432736408
        0x558432736408
        0x558432736408
        0x558432736408
        0x558432736408
        0x558432736408
        0x558432736408
        0x558432736408
        0x558432736408
        0x558432736408
        0x558432736408
        0x558432736408
        0x558432736408
        0x558432736408
        0x558432736408
        0x558432736408
        0x558432736408
        0x558432736408
        0x558432736408
        0x558432736408
]: 1
@preempt_stack[
        0x7f949ca3c40f
        0
        0
        0x558431b25c18
        0x558431b25c18
        0x558431b25c18
        0x558431b25c18
        0x558431b25c18
        0x558431b25c18
        0x558431b25c18
        0x558431b25c18
        0x558431b25c18
        0x558431b25c18
        0x558431b25c18
        0x558431b25c18
        0x558431b25c18
        0x558431b25c18
        0x558431b25c18
        0x558431b25c18
        0x558431b25c18
        0x558431b25c18
        0x558431b25c18
        0x558431b25c18
        0x558431b25c18
        0x558431b25c18
        0x558431b25c18
        0x558431b25c18
        0x558431b25c18
        0x558431b25c18
        0x558431b25c18
        0x558431b25c18
        0x558431b25c18
        0x558431b25c18
        0x558431b25c18
        0x558431b25c18
        0x558431b25c18
        0x558431b25c18
        0x558431b25c18
        0x558431b25c18
        0x558431b25c18
        0x558431b25c18
        0x558431b25c18
        0x558431b25c18
        0x558431b25c18
        0x558431b25c18
        0x558431b25c18
        0x558431b25c18
        0x558431b25c18
        0x558431b25c18
        0x558431b25c18
        0x558431b25c18
        0x558431b25c18
        0x558431b25c18
        0x558431b25c18
        0x558431b25c18
        0x558431b25c18
        0x558431b25c18
        0x558431b25c18
        0x558431b25c18
        0x558431b25c18
        0x558431b25c18
        0x558431b25c18
        0x558431b25c18
        0x558431b25c18
        0x558431b25c18
        0x558431b25c18
        0x558431b25c18
        0x558431b25c18
        0x558431b25c18
        0x558431b25c18
        0x558431b25c18
        0x558431b25c18
        0x558431b25c18
        0x558431b25c18
        0x558431b25c18
        0x558431b25c18
        0x558431b25c18
        0x558431b25c18
        0x558431b25c18
        0x558431b25c18
        0x558431b25c18
        0x558431b25c18
        0x558431b25c18
        0x558431b25c18
        0x558431b25c18
        0x558431b25c18
        0x558431b25c18
        0x558431b25c18
        0x558431b25c18
        0x558431b25c18
        0x558431b25c18
        0x558431b25c18
        0x558431b25c18
        0x558431b25c18
        0x558431b25c18
        0x558431b25c18
        0x558431b25c18
        0x558431b25c18
        0x558431b25c18
        0x558431b25c18
        0x558431b25c18
        0x558431b25c18
        0x558431b25c18
        0x558431b25c18
        0x558431b25c18
        0x558431b25c18
        0x558431b25c18
        0x558431b25c18
        0x558431b25c18
        0x558431b25c18
        0x558431b25c18
        0x558431b25c18
        0x558431b25c18
        0x558431b25c18
        0x558431b25c18
        0x558431b25c18
        0x558431b25c18
        0x558431b25c18
        0x558431b25c18
        0x558431b25c18
        0x558431b25c18
        0x558431b25c18
        0x558431b25c18
        0x558431b25c18
        0x558431b25c18
        0x558431b25c18
        0x558431b25c18
]: 1
@preempt_stack[
        GC_mark_some+19
        GC_collect_a_little_inner+223
]: 1
@preempt_stack[
        0x7f953caa9847
        0x78000880402c0000
]: 1
@preempt_stack[
        0x7f953d90487a
]: 1
@preempt_stack[
        0x40d58a3a
        0x40d56ef8
        0x40d56d80
        0x40d53864
        0
        0
        0x558432736408
        0x558432736408
        0x558432736408
        0x558432736408
        0x558432736408
        0x558432736408
        0x558432736408
        0x558432736408
        0x558432736408
        0x558432736408
        0x558432736408
        0x558432736408
        0x558432736408
        0x558432736408
        0x558432736408
        0x558432736408
        0x558432736408
        0x558432736408
        0x558432736408
        0x558432736408
        0x558432736408
        0x558432736408
        0x558432736408
        0x558432736408
        0x558432736408
        0x558432736408
        0x558432736408
        0x558432736408
        0x558432736408
        0x558432736408
        0x558432736408
        0x558432736408
        0x558432736408
        0x558432736408
        0x558432736408
        0x558432736408
        0x558432736408
        0x558432736408
        0x558432736408
        0x558432736408
        0x558432736408
        0x558432736408
        0x558432736408
        0x558432736408
        0x558432736408
        0x558432736408
        0x558432736408
        0x558432736408
        0x558432736408
        0x558432736408
        0x558432736408
        0x558432736408
        0x558432736408
        0x558432736408
        0x558432736408
        0x558432736408
        0x558432736408
        0x558432736408
        0x558432736408
        0x558432736408
        0x558432736408
        0x558432736408
        0x558432736408
        0x558432736408
        0x558432736408
        0x558432736408
        0x558432736408
        0x558432736408
        0x558432736408
        0x558432736408
        0x558432736408
        0x558432736408
        0x558432736408
        0x558432736408
        0x558432736408
        0x558432736408
        0x558432736408
        0x558432736408
        0x558432736408
        0x558432736408
        0x558432736408
        0x558432736408
        0x558432736408
        0x558432736408
        0x558432736408
        0x558432736408
        0x558432736408
        0x558432736408
        0x558432736408
        0x558432736408
        0x558432736408
        0x558432736408
        0x558432736408
        0x558432736408
        0x558432736408
        0x558432736408
        0x558432736408
        0x558432736408
        0x558432736408
        0x558432736408
        0x558432736408
        0x558432736408
        0x558432736408
        0x558432736408
        0x558432736408
        0x558432736408
        0x558432736408
        0x558432736408
        0x558432736408
        0x558432736408
        0x558432736408
        0x558432736408
        0x558432736408
        0x558432736408
        0x558432736408
        0x558432736408
        0x558432736408
        0x558432736408
        0x558432736408
        0x558432736408
        0x558432736408
]: 1
@preempt_stack[
        0x7f953d905a27
        0xb010b250b230b45
]: 1
@preempt_stack[
        0x40a8b284
        0x40407e56
        0x40403d24
        0x7f949c846428
        0x7f949c9e578f
        0x558431b82490
]: 1
@preempt_stack[
        0x7f953d7bb1f9
]: 1
@preempt_stack[
        0x7f949c9cb795
        0x130000
        0
        0
]: 1
@preempt_stack[
        0x40ca9d70
        0x40ca9c78
        0x4043a937
        0x40ea9cd4
        0x40ea95d9
        0x40ca69ba
        0x40407e56
        0x40403d24
        0x7f949c846428
        0x7f949c9e578f
        0x558431b82490
]: 1
@preempt_stack[
        0x40caf122
]: 1
@preempt_stack[
        0x40d067f6
        0
        0x2000000000000001
        0x558432740e50
        0x558432740e50
        0x558432740e50
        0x558432740e50
        0x558432740e50
        0x558432740e50
        0x558432740e50
        0x558432740e50
        0x558432740e50
        0x558432740e50
        0x558432740e50
        0x558432740e50
        0x558432740e50
        0x558432740e50
        0x558432740e50
        0x558432740e50
        0x558432740e50
        0x558432740e50
        0x558432740e50
        0x558432740e50
        0x558432740e50
        0x558432740e50
        0x558432740e50
        0x558432740e50
        0x558432740e50
        0x558432740e50
        0x558432740e50
        0x558432740e50
        0x558432740e50
        0x558432740e50
        0x558432740e50
        0x558432740e50
        0x558432740e50
        0x558432740e50
        0x558432740e50
        0x558432740e50
        0x558432740e50
        0x558432740e50
        0x558432740e50
        0x558432740e50
        0x558432740e50
        0x558432740e50
        0x558432740e50
        0x558432740e50
        0x558432740e50
        0x558432740e50
        0x558432740e50
        0x558432740e50
        0x558432740e50
        0x558432740e50
        0x558432740e50
        0x558432740e50
        0x558432740e50
        0x558432740e50
        0x558432740e50
        0x558432740e50
        0x558432740e50
        0x558432740e50
        0x558432740e50
        0x558432740e50
        0x558432740e50
        0x558432740e50
        0x558432740e50
        0x558432740e50
        0x558432740e50
        0x558432740e50
        0x558432740e50
        0x558432740e50
        0x558432740e50
        0x558432740e50
        0x558432740e50
        0x558432740e50
        0x558432740e50
        0x558432740e50
        0x558432740e50
        0x558432740e50
        0x558432740e50
        0x558432740e50
        0x558432740e50
        0x558432740e50
        0x558432740e50
        0x558432740e50
        0x558432740e50
        0x558432740e50
        0x558432740e50
        0x558432740e50
        0x558432740e50
        0x558432740e50
        0x558432740e50
        0x558432740e50
        0x558432740e50
        0x558432740e50
        0x558432740e50
        0x558432740e50
        0x558432740e50
        0x558432740e50
        0x558432740e50
        0x558432740e50
        0x558432740e50
        0x558432740e50
        0x558432740e50
        0x558432740e50
        0x558432740e50
        0x558432740e50
        0x558432740e50
        0x558432740e50
        0x558432740e50
        0x558432740e50
        0x558432740e50
        0x558432740e50
        0x558432740e50
        0x558432740e50
        0x558432740e50
        0x558432740e50
        0x558432740e50
        0x558432740e50
        0x558432740e50
        0x558432740e50
        0x558432740e50
        0x558432740e50
        0x558432740e50
        0x558432740e50
        0x558432740e50
        0x558432740e50
]: 1
@preempt_stack[
        0x7f949c9dcfa3
        0x110000
        0x558431fc7858
        0x558431fc7858
        0x558431fc7858
        0x558431fc7858
        0x558431fc7858
        0x558431fc7858
        0x558431fc7858
        0x558431fc7858
        0x558431fc7858
        0x558431fc7858
        0x558431fc7858
        0x558431fc7858
        0x558431fc7858
        0x558431fc7858
        0x558431fc7858
        0x558431fc7858
        0x558431fc7858
        0x558431fc7858
        0x558431fc7858
        0x558431fc7858
        0x558431fc7858
        0x558431fc7858
        0x558431fc7858
        0x558431fc7858
        0x558431fc7858
        0x558431fc7858
        0x558431fc7858
        0x558431fc7858
        0x558431fc7858
        0x558431fc7858
        0x558431fc7858
        0x558431fc7858
        0x558431fc7858
        0x558431fc7858
        0x558431fc7858
        0x558431fc7858
        0x558431fc7858
        0x558431fc7858
        0x558431fc7858
        0x558431fc7858
        0x558431fc7858
        0x558431fc7858
        0x558431fc7858
        0x558431fc7858
        0x558431fc7858
        0x558431fc7858
        0x558431fc7858
        0x558431fc7858
        0x558431fc7858
        0x558431fc7858
        0x558431fc7858
        0x558431fc7858
        0x558431fc7858
        0x558431fc7858
        0x558431fc7858
        0x558431fc7858
        0x558431fc7858
        0x558431fc7858
        0x558431fc7858
        0x558431fc7858
        0x558431fc7858
        0x558431fc7858
        0x558431fc7858
        0x558431fc7858
        0x558431fc7858
        0x558431fc7858
        0x558431fc7858
        0x558431fc7858
        0x558431fc7858
        0x558431fc7858
        0x558431fc7858
        0x558431fc7858
        0x558431fc7858
        0x558431fc7858
        0x558431fc7858
        0x558431fc7858
        0x558431fc7858
        0x558431fc7858
        0x558431fc7858
        0x558431fc7858
        0x558431fc7858
        0x558431fc7858
        0x558431fc7858
        0x558431fc7858
        0x558431fc7858
        0x558431fc7858
        0x558431fc7858
        0x558431fc7858
        0x558431fc7858
        0x558431fc7858
        0x558431fc7858
        0x558431fc7858
        0x558431fc7858
        0x558431fc7858
        0x558431fc7858
        0x558431fc7858
        0x558431fc7858
        0x558431fc7858
        0x558431fc7858
        0x558431fc7858
        0x558431fc7858
        0x558431fc7858
        0x558431fc7858
        0x558431fc7858
        0x558431fc7858
        0x558431fc7858
        0x558431fc7858
        0x558431fc7858
        0x558431fc7858
        0x558431fc7858
        0x558431fc7858
        0x558431fc7858
        0x558431fc7858
        0x558431fc7858
        0x558431fc7858
        0x558431fc7858
        0x558431fc7858
        0x558431fc7858
        0x558431fc7858
        0x558431fc7858
        0x558431fc7858
        0x558431fc7858
        0x558431fc7858
        0x558431fc7858
        0x558431fc7858
]: 1
@preempt_stack[
        0x7f953d7ba20b
        0xc200038ffc98e58
        0x7f953d87be50
        0x8348078948012945
]: 1
@preempt_stack[
        0x40d5bb11
]: 1
@preempt_stack[
        pthread_cond_timedwait+195
]: 1
@preempt_stack[
        0x40d5bd02
        0x40d5922c
        0x40d56ef8
        0x40d56d80
        0x40d53864
        0
        0
        0x558432736408
        0x558432736408
        0x558432736408
        0x558432736408
        0x558432736408
        0x558432736408
        0x558432736408
        0x558432736408
        0x558432736408
        0x558432736408
        0x558432736408
        0x558432736408
        0x558432736408
        0x558432736408
        0x558432736408
        0x558432736408
        0x558432736408
        0x558432736408
        0x558432736408
        0x558432736408
        0x558432736408
        0x558432736408
        0x558432736408
        0x558432736408
        0x558432736408
        0x558432736408
        0x558432736408
        0x558432736408
        0x558432736408
        0x558432736408
        0x558432736408
        0x558432736408
        0x558432736408
        0x558432736408
        0x558432736408
        0x558432736408
        0x558432736408
        0x558432736408
        0x558432736408
        0x558432736408
        0x558432736408
        0x558432736408
        0x558432736408
        0x558432736408
        0x558432736408
        0x558432736408
        0x558432736408
        0x558432736408
        0x558432736408
        0x558432736408
        0x558432736408
        0x558432736408
        0x558432736408
        0x558432736408
        0x558432736408
        0x558432736408
        0x558432736408
        0x558432736408
        0x558432736408
        0x558432736408
        0x558432736408
        0x558432736408
        0x558432736408
        0x558432736408
        0x558432736408
        0x558432736408
        0x558432736408
        0x558432736408
        0x558432736408
        0x558432736408
        0x558432736408
        0x558432736408
        0x558432736408
        0x558432736408
        0x558432736408
        0x558432736408
        0x558432736408
        0x558432736408
        0x558432736408
        0x558432736408
        0x558432736408
        0x558432736408
        0x558432736408
        0x558432736408
        0x558432736408
        0x558432736408
        0x558432736408
        0x558432736408
        0x558432736408
        0x558432736408
        0x558432736408
        0x558432736408
        0x558432736408
        0x558432736408
        0x558432736408
        0x558432736408
        0x558432736408
        0x558432736408
        0x558432736408
        0x558432736408
        0x558432736408
        0x558432736408
        0x558432736408
        0x558432736408
        0x558432736408
        0x558432736408
        0x558432736408
        0x558432736408
        0x558432736408
        0x558432736408
        0x558432736408
        0x558432736408
        0x558432736408
        0x558432736408
        0x558432736408
        0x558432736408
        0x558432736408
        0x558432736408
        0x558432736408
        0x558432736408
]: 1
@preempt_stack[
        0x7f953d9015ec
        0xf0b0f010f040f04
]: 1
@preempt_stack[
        0x40caf182
        0
        0
        0x5584326a9a10
        0x5584326a9a10
        0x5584326a9a10
        0x5584326a9a10
        0x5584326a9a10
        0x5584326a9a10
        0x5584326a9a10
        0x5584326a9a10
        0x5584326a9a10
        0x5584326a9a10
        0x5584326a9a10
        0x5584326a9a10
        0x5584326a9a10
        0x5584326a9a10
        0x5584326a9a10
        0x5584326a9a10
        0x5584326a9a10
        0x5584326a9a10
        0x5584326a9a10
        0x5584326a9a10
        0x5584326a9a10
        0x5584326a9a10
        0x5584326a9a10
        0x5584326a9a10
        0x5584326a9a10
        0x5584326a9a10
        0x5584326a9a10
        0x5584326a9a10
        0x5584326a9a10
        0x5584326a9a10
        0x5584326a9a10
        0x5584326a9a10
        0x5584326a9a10
        0x5584326a9a10
        0x5584326a9a10
        0x5584326a9a10
        0x5584326a9a10
        0x5584326a9a10
        0x5584326a9a10
        0x5584326a9a10
        0x5584326a9a10
        0x5584326a9a10
        0x5584326a9a10
        0x5584326a9a10
        0x5584326a9a10
        0x5584326a9a10
        0x5584326a9a10
        0x5584326a9a10
        0x5584326a9a10
        0x5584326a9a10
        0x5584326a9a10
        0x5584326a9a10
        0x5584326a9a10
        0x5584326a9a10
        0x5584326a9a10
        0x5584326a9a10
        0x5584326a9a10
        0x5584326a9a10
        0x5584326a9a10
        0x5584326a9a10
        0x5584326a9a10
        0x5584326a9a10
        0x5584326a9a10
        0x5584326a9a10
        0x5584326a9a10
        0x5584326a9a10
        0x5584326a9a10
        0x5584326a9a10
        0x5584326a9a10
        0x5584326a9a10
        0x5584326a9a10
        0x5584326a9a10
        0x5584326a9a10
        0x5584326a9a10
        0x5584326a9a10
        0x5584326a9a10
        0x5584326a9a10
        0x5584326a9a10
        0x5584326a9a10
        0x5584326a9a10
        0x5584326a9a10
        0x5584326a9a10
        0x5584326a9a10
        0x5584326a9a10
        0x5584326a9a10
        0x5584326a9a10
        0x5584326a9a10
        0x5584326a9a10
        0x5584326a9a10
        0x5584326a9a10
        0x5584326a9a10
        0x5584326a9a10
        0x5584326a9a10
        0x5584326a9a10
        0x5584326a9a10
        0x5584326a9a10
        0x5584326a9a10
        0x5584326a9a10
        0x5584326a9a10
        0x5584326a9a10
        0x5584326a9a10
        0x5584326a9a10
        0x5584326a9a10
        0x5584326a9a10
        0x5584326a9a10
        0x5584326a9a10
        0x5584326a9a10
        0x5584326a9a10
        0x5584326a9a10
        0x5584326a9a10
        0x5584326a9a10
        0x5584326a9a10
        0x5584326a9a10
        0x5584326a9a10
        0x5584326a9a10
        0x5584326a9a10
        0x5584326a9a10
        0x5584326a9a10
        0x5584326a9a10
        0x5584326a9a10
        0x5584326a9a10
        0x5584326a9a10
        0x5584326a9a10
        0x5584326a9a10
]: 1
@preempt_stack[
        0x7f953d9015ec
        0xf0b0f010f040f0c
]: 1
@preempt_stack[
        0x40441b73
]: 1
@preempt_stack[
        pthread_mutex_trylock+909
        0x120000
        0x558432ef8f78
        0x558432ef8f78
        0x558432ef8f78
        0x558432ef8f78
        0x558432ef8f78
        0x558432ef8f78
        0x558432ef8f78
        0x558432ef8f78
        0x558432ef8f78
        0x558432ef8f78
        0x558432ef8f78
        0x558432ef8f78
        0x558432ef8f78
        0x558432ef8f78
        0x558432ef8f78
        0x558432ef8f78
        0x558432ef8f78
        0x558432ef8f78
        0x558432ef8f78
        0x558432ef8f78
        0x558432ef8f78
        0x558432ef8f78
        0x558432ef8f78
        0x558432ef8f78
        0x558432ef8f78
        0x558432ef8f78
        0x558432ef8f78
        0x558432ef8f78
        0x558432ef8f78
        0x558432ef8f78
        0x558432ef8f78
        0x558432ef8f78
        0x558432ef8f78
        0x558432ef8f78
        0x558432ef8f78
        0x558432ef8f78
        0x558432ef8f78
        0x558432ef8f78
        0x558432ef8f78
        0x558432ef8f78
        0x558432ef8f78
        0x558432ef8f78
        0x558432ef8f78
        0x558432ef8f78
        0x558432ef8f78
        0x558432ef8f78
        0x558432ef8f78
        0x558432ef8f78
        0x558432ef8f78
        0x558432ef8f78
        0x558432ef8f78
        0x558432ef8f78
        0x558432ef8f78
        0x558432ef8f78
        0x558432ef8f78
        0x558432ef8f78
        0x558432ef8f78
        0x558432ef8f78
        0x558432ef8f78
        0x558432ef8f78
        0x558432ef8f78
        0x558432ef8f78
        0x558432ef8f78
        0x558432ef8f78
        0x558432ef8f78
        0x558432ef8f78
        0x558432ef8f78
        0x558432ef8f78
        0x558432ef8f78
        0x558432ef8f78
        0x558432ef8f78
        0x558432ef8f78
        0x558432ef8f78
        0x558432ef8f78
        0x558432ef8f78
        0x558432ef8f78
        0x558432ef8f78
        0x558432ef8f78
        0x558432ef8f78
        0x558432ef8f78
        0x558432ef8f78
        0x558432ef8f78
        0x558432ef8f78
        0x558432ef8f78
        0x558432ef8f78
        0x558432ef8f78
        0x558432ef8f78
        0x558432ef8f78
        0x558432ef8f78
        0x558432ef8f78
        0x558432ef8f78
        0x558432ef8f78
        0x558432ef8f78
        0x558432ef8f78
        0x558432ef8f78
        0x558432ef8f78
        0x558432ef8f78
        0x558432ef8f78
        0x558432ef8f78
        0x558432ef8f78
        0x558432ef8f78
        0x558432ef8f78
        0x558432ef8f78
        0x558432ef8f78
        0x558432ef8f78
        0x558432ef8f78
        0x558432ef8f78
        0x558432ef8f78
        0x558432ef8f78
        0x558432ef8f78
        0x558432ef8f78
        0x558432ef8f78
        0x558432ef8f78
        0x558432ef8f78
        0x558432ef8f78
        0x558432ef8f78
        0x558432ef8f78
        0x558432ef8f78
        0x558432ef8f78
        0x558432ef8f78
        0x558432ef8f78
        0x558432ef8f78
        0x558432ef8f78
        0x558432ef8f78
        0x558432ef8f78
]: 1
@preempt_stack[
        0x7f953dcc6a8a
        0x7f95000013ea
        0
]: 1
@preempt_stack[
        0x7f949c9cb60e
        0
        0
]: 1
@preempt_stack[
        0x7f933316f8b6
]: 1
@preempt_stack[
        atanf32+218
]: 1
@preempt_stack[
        0x7f953e7c6069
        0x7f9501eb8d20
]: 1
@preempt_stack[
        0x7f949c9abb1f
        0
        0
        0x558431b485d8
        0x558431b485d8
        0x558431b485d8
        0x558431b485d8
        0x558431b485d8
        0x558431b485d8
        0x558431b485d8
        0x558431b485d8
        0x558431b485d8
        0x558431b485d8
        0x558431b485d8
        0x558431b485d8
        0x558431b485d8
        0x558431b485d8
        0x558431b485d8
        0x558431b485d8
        0x558431b485d8
        0x558431b485d8
        0x558431b485d8
        0x558431b485d8
        0x558431b485d8
        0x558431b485d8
        0x558431b485d8
        0x558431b485d8
        0x558431b485d8
        0x558431b485d8
        0x558431b485d8
        0x558431b485d8
        0x558431b485d8
        0x558431b485d8
        0x558431b485d8
        0x558431b485d8
        0x558431b485d8
        0x558431b485d8
        0x558431b485d8
        0x558431b485d8
        0x558431b485d8
        0x558431b485d8
        0x558431b485d8
        0x558431b485d8
        0x558431b485d8
        0x558431b485d8
        0x558431b485d8
        0x558431b485d8
        0x558431b485d8
        0x558431b485d8
        0x558431b485d8
        0x558431b485d8
        0x558431b485d8
        0x558431b485d8
        0x558431b485d8
        0x558431b485d8
        0x558431b485d8
        0x558431b485d8
        0x558431b485d8
        0x558431b485d8
        0x558431b485d8
        0x558431b485d8
        0x558431b485d8
        0x558431b485d8
        0x558431b485d8
        0x558431b485d8
        0x558431b485d8
        0x558431b485d8
        0x558431b485d8
        0x558431b485d8
        0x558431b485d8
        0x558431b485d8
        0x558431b485d8
        0x558431b485d8
        0x558431b485d8
        0x558431b485d8
        0x558431b485d8
        0x558431b485d8
        0x558431b485d8
        0x558431b485d8
        0x558431b485d8
        0x558431b485d8
        0x558431b485d8
        0x558431b485d8
        0x558431b485d8
        0x558431b485d8
        0x558431b485d8
        0x558431b485d8
        0x558431b485d8
        0x558431b485d8
        0x558431b485d8
        0x558431b485d8
        0x558431b485d8
        0x558431b485d8
        0x558431b485d8
        0x558431b485d8
        0x558431b485d8
        0x558431b485d8
        0x558431b485d8
        0x558431b485d8
        0x558431b485d8
        0x558431b485d8
        0x558431b485d8
        0x558431b485d8
        0x558431b485d8
        0x558431b485d8
        0x558431b485d8
        0x558431b485d8
        0x558431b485d8
        0x558431b485d8
        0x558431b485d8
        0x558431b485d8
        0x558431b485d8
        0x558431b485d8
        0x558431b485d8
        0x558431b485d8
        0x558431b485d8
        0x558431b485d8
        0x558431b485d8
        0x558431b485d8
        0x558431b485d8
        0x558431b485d8
        0x558431b485d8
        0x558431b485d8
        0x558431b485d8
        0x558431b485d8
        0x558431b485d8
        0x558431b485d8
]: 1
@preempt_stack[
        0x7f953d6c323a
        0
        0x7f94909fdbe8
        0
        0
        0
        0
        0
        0
        0
        0
        0
        0
        0
        0
        0
        0
        0
        0
        0
        0
        0
        0
        0
        0
        0
        0
        0
        0
        0
        0
        0
        0
        0
        0
        0
        0
        0
        0
        0
        0
        0
        0
        0
        0
        0
        0
        0
        0x7f9476ebfcf0
        0x7ffcbefc4500
]: 1
@preempt_stack[
        0x7f949c879827
]: 1
@preempt_stack[
        0x404441c9
]: 1
@preempt_stack[
        0x7f953d6c44f7
]: 1
@preempt_stack[
        0x7f953cbb8896
        0x7f953dd1d540
        0x2636058d48fc8949
]: 1
@preempt_stack[
        0x7f949c9dcfa3
        0x120000
        0x5584329eba68
        0x5584329eba68
        0x5584329eba68
        0x5584329eba68
        0x5584329eba68
        0x5584329eba68
        0x5584329eba68
        0x5584329eba68
        0x5584329eba68
        0x5584329eba68
        0x5584329eba68
        0x5584329eba68
        0x5584329eba68
        0x5584329eba68
        0x5584329eba68
        0x5584329eba68
        0x5584329eba68
        0x5584329eba68
        0x5584329eba68
        0x5584329eba68
        0x5584329eba68
        0x5584329eba68
        0x5584329eba68
        0x5584329eba68
        0x5584329eba68
        0x5584329eba68
        0x5584329eba68
        0x5584329eba68
        0x5584329eba68
        0x5584329eba68
        0x5584329eba68
        0x5584329eba68
        0x5584329eba68
        0x5584329eba68
        0x5584329eba68
        0x5584329eba68
        0x5584329eba68
        0x5584329eba68
        0x5584329eba68
        0x5584329eba68
        0x5584329eba68
        0x5584329eba68
        0x5584329eba68
        0x5584329eba68
        0x5584329eba68
        0x5584329eba68
        0x5584329eba68
        0x5584329eba68
        0x5584329eba68
        0x5584329eba68
        0x5584329eba68
        0x5584329eba68
        0x5584329eba68
        0x5584329eba68
        0x5584329eba68
        0x5584329eba68
        0x5584329eba68
        0x5584329eba68
        0x5584329eba68
        0x5584329eba68
        0x5584329eba68
        0x5584329eba68
        0x5584329eba68
        0x5584329eba68
        0x5584329eba68
        0x5584329eba68
        0x5584329eba68
        0x5584329eba68
        0x5584329eba68
        0x5584329eba68
        0x5584329eba68
        0x5584329eba68
        0x5584329eba68
        0x5584329eba68
        0x5584329eba68
        0x5584329eba68
        0x5584329eba68
        0x5584329eba68
        0x5584329eba68
        0x5584329eba68
        0x5584329eba68
        0x5584329eba68
        0x5584329eba68
        0x5584329eba68
        0x5584329eba68
        0x5584329eba68
        0x5584329eba68
        0x5584329eba68
        0x5584329eba68
        0x5584329eba68
        0x5584329eba68
        0x5584329eba68
        0x5584329eba68
        0x5584329eba68
        0x5584329eba68
        0x5584329eba68
        0x5584329eba68
        0x5584329eba68
        0x5584329eba68
        0x5584329eba68
        0x5584329eba68
        0x5584329eba68
        0x5584329eba68
        0x5584329eba68
        0x5584329eba68
        0x5584329eba68
        0x5584329eba68
        0x5584329eba68
        0x5584329eba68
        0x5584329eba68
        0x5584329eba68
        0x5584329eba68
        0x5584329eba68
        0x5584329eba68
        0x5584329eba68
        0x5584329eba68
        0x5584329eba68
        0x5584329eba68
        0x5584329eba68
        0x5584329eba68
        0x5584329eba68
        0x5584329eba68
        0x5584329eba68
        0x5584329eba68
        0x5584329eba68
]: 1
@preempt_stack[
        0x40cd12aa
]: 1
@preempt_stack[
        __clock_gettime+18
        0x7f949caa9ad3
        0
        0x7f93000690c0
]: 1
@preempt_stack[
        0x7f953daa77ad
]: 1
@preempt_stack[
        0x7f953dd4ed03
]: 1
@preempt_stack[
        __pthread_getspecific+12
]: 1
@preempt_stack[
        0x7f953d905932
        0xe8f0e810e840e83
]: 1
@preempt_stack[
        0x7f949c9ce4d8
        0x558432067d30
        0x558432067d30
        0x558432067d30
        0x558432067d30
        0x558432067d30
        0x558432067d30
        0x558432067d30
        0x558432067d30
        0x558432067d30
        0x558432067d30
        0x558432067d30
        0x558432067d30
        0x558432067d30
        0x558432067d30
        0x558432067d30
        0x558432067d30
        0x558432067d30
        0x558432067d30
        0x558432067d30
        0x558432067d30
        0x558432067d30
        0x558432067d30
        0x558432067d30
        0x558432067d30
        0x558432067d30
        0x558432067d30
        0x558432067d30
        0x558432067d30
        0x558432067d30
        0x558432067d30
        0x558432067d30
        0x558432067d30
        0x558432067d30
        0x558432067d30
        0x558432067d30
        0x558432067d30
        0x558432067d30
        0x558432067d30
        0x558432067d30
        0x558432067d30
        0x558432067d30
        0x558432067d30
        0x558432067d30
        0x558432067d30
        0x558432067d30
        0x558432067d30
        0x558432067d30
        0x558432067d30
        0x558432067d30
        0x558432067d30
        0x558432067d30
        0x558432067d30
        0x558432067d30
        0x558432067d30
        0x558432067d30
        0x558432067d30
        0x558432067d30
        0x558432067d30
        0x558432067d30
        0x558432067d30
        0x558432067d30
        0x558432067d30
        0x558432067d30
        0x558432067d30
        0x558432067d30
        0x558432067d30
        0x558432067d30
        0x558432067d30
        0x558432067d30
        0x558432067d30
        0x558432067d30
        0x558432067d30
        0x558432067d30
        0x558432067d30
        0x558432067d30
        0x558432067d30
        0x558432067d30
        0x558432067d30
        0x558432067d30
        0x558432067d30
        0x558432067d30
        0x558432067d30
        0x558432067d30
        0x558432067d30
        0x558432067d30
        0x558432067d30
        0x558432067d30
        0x558432067d30
        0x558432067d30
        0x558432067d30
        0x558432067d30
        0x558432067d30
        0x558432067d30
        0x558432067d30
        0x558432067d30
        0x558432067d30
        0x558432067d30
        0x558432067d30
        0x558432067d30
        0x558432067d30
        0x558432067d30
        0x558432067d30
        0x558432067d30
        0x558432067d30
        0x558432067d30
        0x558432067d30
        0x558432067d30
        0x558432067d30
        0x558432067d30
        0x558432067d30
        0x558432067d30
        0x558432067d30
        0x558432067d30
        0x558432067d30
        0x558432067d30
        0x558432067d30
        0x558432067d30
        0x558432067d30
        0x558432067d30
        0x558432067d30
        0x558432067d30
        0x558432067d30
        0x558432067d30
        0x558432067d30
        0x558432067d30
        0x558432067d30
]: 1
@preempt_stack[
        mono_metadata_type_hash+80
        0x120000
        0x558432e73a90
        0x558432e73a90
        0x558432e73a90
        0x558432e73a90
        0x558432e73a90
        0x558432e73a90
        0x558432e73a90
        0x558432e73a90
        0x558432e73a90
        0x558432e73a90
        0x558432e73a90
        0x558432e73a90
        0x558432e73a90
        0x558432e73a90
        0x558432e73a90
        0x558432e73a90
        0x558432e73a90
        0x558432e73a90
        0x558432e73a90
        0x558432e73a90
        0x558432e73a90
        0x558432e73a90
        0x558432e73a90
        0x558432e73a90
        0x558432e73a90
        0x558432e73a90
        0x558432e73a90
        0x558432e73a90
        0x558432e73a90
        0x558432e73a90
        0x558432e73a90
        0x558432e73a90
        0x558432e73a90
        0x558432e73a90
        0x558432e73a90
        0x558432e73a90
        0x558432e73a90
        0x558432e73a90
        0x558432e73a90
        0x558432e73a90
        0x558432e73a90
        0x558432e73a90
        0x558432e73a90
        0x558432e73a90
        0x558432e73a90
        0x558432e73a90
        0x558432e73a90
        0x558432e73a90
        0x558432e73a90
        0x558432e73a90
        0x558432e73a90
        0x558432e73a90
        0x558432e73a90
        0x558432e73a90
        0x558432e73a90
        0x558432e73a90
        0x558432e73a90
        0x558432e73a90
        0x558432e73a90
        0x558432e73a90
        0x558432e73a90
        0x558432e73a90
        0x558432e73a90
        0x558432e73a90
        0x558432e73a90
        0x558432e73a90
        0x558432e73a90
        0x558432e73a90
        0x558432e73a90
        0x558432e73a90
        0x558432e73a90
        0x558432e73a90
        0x558432e73a90
        0x558432e73a90
        0x558432e73a90
        0x558432e73a90
        0x558432e73a90
        0x558432e73a90
        0x558432e73a90
        0x558432e73a90
        0x558432e73a90
        0x558432e73a90
        0x558432e73a90
        0x558432e73a90
        0x558432e73a90
        0x558432e73a90
        0x558432e73a90
        0x558432e73a90
        0x558432e73a90
        0x558432e73a90
        0x558432e73a90
        0x558432e73a90
        0x558432e73a90
        0x558432e73a90
        0x558432e73a90
        0x558432e73a90
        0x558432e73a90
        0x558432e73a90
        0x558432e73a90
        0x558432e73a90
        0x558432e73a90
        0x558432e73a90
        0x558432e73a90
        0x558432e73a90
        0x558432e73a90
        0x558432e73a90
        0x558432e73a90
        0x558432e73a90
        0x558432e73a90
        0x558432e73a90
        0x558432e73a90
        0x558432e73a90
        0x558432e73a90
        0x558432e73a90
        0x558432e73a90
        0x558432e73a90
        0x558432e73a90
        0x558432e73a90
        0x558432e73a90
        0x558432e73a90
        0x558432e73a90
        0x558432e73a90
        0x558432e73a90
        0x558432e73a90
        0x558432e73a90
]: 1
@preempt_stack[
        0x7f953cbb81ef
        0x3f80000000010000
        0x7f9507350950
        0x58
]: 1
@preempt_stack[
        monoeg_g_hash_table_lookup_extended+66
        0x2200
        0x7f949c544cb0
        0x120011
        0x55843208c190
        0x55843208c190
        0x55843208c190
        0x55843208c190
        0x55843208c190
        0x55843208c190
        0x55843208c190
        0x55843208c190
        0x55843208c190
        0x55843208c190
        0x55843208c190
        0x55843208c190
        0x55843208c190
        0x55843208c190
        0x55843208c190
        0x55843208c190
        0x55843208c190
        0x55843208c190
        0x55843208c190
        0x55843208c190
        0x55843208c190
        0x55843208c190
        0x55843208c190
        0x55843208c190
        0x55843208c190
        0x55843208c190
        0x55843208c190
        0x55843208c190
        0x55843208c190
        0x55843208c190
        0x55843208c190
        0x55843208c190
        0x55843208c190
        0x55843208c190
        0x55843208c190
        0x55843208c190
        0x55843208c190
        0x55843208c190
        0x55843208c190
        0x55843208c190
        0x55843208c190
        0x55843208c190
        0x55843208c190
        0x55843208c190
        0x55843208c190
        0x55843208c190
        0x55843208c190
        0x55843208c190
        0x55843208c190
        0x55843208c190
        0x55843208c190
        0x55843208c190
        0x55843208c190
        0x55843208c190
        0x55843208c190
        0x55843208c190
        0x55843208c190
        0x55843208c190
        0x55843208c190
        0x55843208c190
        0x55843208c190
        0x55843208c190
        0x55843208c190
        0x55843208c190
        0x55843208c190
        0x55843208c190
        0x55843208c190
        0x55843208c190
        0x55843208c190
        0x55843208c190
        0x55843208c190
        0x55843208c190
        0x55843208c190
        0x55843208c190
        0x55843208c190
        0x55843208c190
        0x55843208c190
        0x55843208c190
        0x55843208c190
        0x55843208c190
        0x55843208c190
        0x55843208c190
        0x55843208c190
        0x55843208c190
        0x55843208c190
        0x55843208c190
        0x55843208c190
        0x55843208c190
        0x55843208c190
        0x55843208c190
        0x55843208c190
        0x55843208c190
        0x55843208c190
        0x55843208c190
        0x55843208c190
        0x55843208c190
        0x55843208c190
        0x55843208c190
        0x55843208c190
        0x55843208c190
        0x55843208c190
        0x55843208c190
        0x55843208c190
        0x55843208c190
        0x55843208c190
        0x55843208c190
        0x55843208c190
        0x55843208c190
        0x55843208c190
        0x55843208c190
        0x55843208c190
        0x55843208c190
        0x55843208c190
        0x55843208c190
        0x55843208c190
        0x55843208c190
        0x55843208c190
        0x55843208c190
        0x55843208c190
        0x55843208c190
        0x55843208c190
        0x55843208c190
        0x55843208c190
]: 1
@preempt_stack[
        0x7f949c9cb775
        0x120000
        0x5584334da5b0
        0x5584334da5b0
        0x5584334da5b0
        0x5584334da5b0
        0x5584334da5b0
        0x5584334da5b0
        0x5584334da5b0
        0x5584334da5b0
        0x5584334da5b0
        0x5584334da5b0
        0x5584334da5b0
        0x5584334da5b0
        0x5584334da5b0
        0x5584334da5b0
        0x5584334da5b0
        0x5584334da5b0
        0x5584334da5b0
        0x5584334da5b0
        0x5584334da5b0
        0x5584334da5b0
        0x5584334da5b0
        0x5584334da5b0
        0x5584334da5b0
        0x5584334da5b0
        0x5584334da5b0
        0x5584334da5b0
        0x5584334da5b0
        0x5584334da5b0
        0x5584334da5b0
        0x5584334da5b0
        0x5584334da5b0
        0x5584334da5b0
        0x5584334da5b0
        0x5584334da5b0
        0x5584334da5b0
        0x5584334da5b0
        0x5584334da5b0
        0x5584334da5b0
        0x5584334da5b0
        0x5584334da5b0
        0x5584334da5b0
        0x5584334da5b0
        0x5584334da5b0
        0x5584334da5b0
        0x5584334da5b0
        0x5584334da5b0
        0x5584334da5b0
        0x5584334da5b0
        0x5584334da5b0
        0x5584334da5b0
        0x5584334da5b0
        0x5584334da5b0
        0x5584334da5b0
        0x5584334da5b0
        0x5584334da5b0
        0x5584334da5b0
        0x5584334da5b0
        0x5584334da5b0
        0x5584334da5b0
        0x5584334da5b0
        0x5584334da5b0
        0x5584334da5b0
        0x5584334da5b0
        0x5584334da5b0
        0x5584334da5b0
        0x5584334da5b0
        0x5584334da5b0
        0x5584334da5b0
        0x5584334da5b0
        0x5584334da5b0
        0x5584334da5b0
        0x5584334da5b0
        0x5584334da5b0
        0x5584334da5b0
        0x5584334da5b0
        0x5584334da5b0
        0x5584334da5b0
        0x5584334da5b0
        0x5584334da5b0
        0x5584334da5b0
        0x5584334da5b0
        0x5584334da5b0
        0x5584334da5b0
        0x5584334da5b0
        0x5584334da5b0
        0x5584334da5b0
        0x5584334da5b0
        0x5584334da5b0
        0x5584334da5b0
        0x5584334da5b0
        0x5584334da5b0
        0x5584334da5b0
        0x5584334da5b0
        0x5584334da5b0
        0x5584334da5b0
        0x5584334da5b0
        0x5584334da5b0
        0x5584334da5b0
        0x5584334da5b0
        0x5584334da5b0
        0x5584334da5b0
        0x5584334da5b0
        0x5584334da5b0
        0x5584334da5b0
        0x5584334da5b0
        0x5584334da5b0
        0x5584334da5b0
        0x5584334da5b0
        0x5584334da5b0
        0x5584334da5b0
        0x5584334da5b0
        0x5584334da5b0
        0x5584334da5b0
        0x5584334da5b0
        0x5584334da5b0
        0x5584334da5b0
        0x5584334da5b0
        0x5584334da5b0
        0x5584334da5b0
        0x5584334da5b0
        0x5584334da5b0
        0x5584334da5b0
        0x5584334da5b0
        0x5584334da5b0
        0x5584334da5b0
]: 1
@preempt_stack[
        0x40bb3247
        0
        0
        0x558432736408
        0x558432736408
        0x558432736408
        0x558432736408
        0x558432736408
        0x558432736408
        0x558432736408
        0x558432736408
        0x558432736408
        0x558432736408
        0x558432736408
        0x558432736408
        0x558432736408
        0x558432736408
        0x558432736408
        0x558432736408
        0x558432736408
        0x558432736408
        0x558432736408
        0x558432736408
        0x558432736408
        0x558432736408
        0x558432736408
        0x558432736408
        0x558432736408
        0x558432736408
        0x558432736408
        0x558432736408
        0x558432736408
        0x558432736408
        0x558432736408
        0x558432736408
        0x558432736408
        0x558432736408
        0x558432736408
        0x558432736408
        0x558432736408
        0x558432736408
        0x558432736408
        0x558432736408
        0x558432736408
        0x558432736408
        0x558432736408
        0x558432736408
        0x558432736408
        0x558432736408
        0x558432736408
        0x558432736408
        0x558432736408
        0x558432736408
        0x558432736408
        0x558432736408
        0x558432736408
        0x558432736408
        0x558432736408
        0x558432736408
        0x558432736408
        0x558432736408
        0x558432736408
        0x558432736408
        0x558432736408
        0x558432736408
        0x558432736408
        0x558432736408
        0x558432736408
        0x558432736408
        0x558432736408
        0x558432736408
        0x558432736408
        0x558432736408
        0x558432736408
        0x558432736408
        0x558432736408
        0x558432736408
        0x558432736408
        0x558432736408
        0x558432736408
        0x558432736408
        0x558432736408
        0x558432736408
        0x558432736408
        0x558432736408
        0x558432736408
        0x558432736408
        0x558432736408
        0x558432736408
        0x558432736408
        0x558432736408
        0x558432736408
        0x558432736408
        0x558432736408
        0x558432736408
        0x558432736408
        0x558432736408
        0x558432736408
        0x558432736408
        0x558432736408
        0x558432736408
        0x558432736408
        0x558432736408
        0x558432736408
        0x558432736408
        0x558432736408
        0x558432736408
        0x558432736408
        0x558432736408
        0x558432736408
        0x558432736408
        0x558432736408
        0x558432736408
        0x558432736408
        0x558432736408
        0x558432736408
        0x558432736408
        0x558432736408
        0x558432736408
        0x558432736408
        0x558432736408
        0x558432736408
        0x558432736408
        0x558432736408
        0x558432736408
        0x558432736408
        0x558432736408
]: 1
@preempt_stack[
        0x40d5b8bd
        0x40d56ef8
        0x40d56d80
        0x40d53864
        0
        0
        0x558432736408
        0x558432736408
        0x558432736408
        0x558432736408
        0x558432736408
        0x558432736408
        0x558432736408
        0x558432736408
        0x558432736408
        0x558432736408
        0x558432736408
        0x558432736408
        0x558432736408
        0x558432736408
        0x558432736408
        0x558432736408
        0x558432736408
        0x558432736408
        0x558432736408
        0x558432736408
        0x558432736408
        0x558432736408
        0x558432736408
        0x558432736408
        0x558432736408
        0x558432736408
        0x558432736408
        0x558432736408
        0x558432736408
        0x558432736408
        0x558432736408
        0x558432736408
        0x558432736408
        0x558432736408
        0x558432736408
        0x558432736408
        0x558432736408
        0x558432736408
        0x558432736408
        0x558432736408
        0x558432736408
        0x558432736408
        0x558432736408
        0x558432736408
        0x558432736408
        0x558432736408
        0x558432736408
        0x558432736408
        0x558432736408
        0x558432736408
        0x558432736408
        0x558432736408
        0x558432736408
        0x558432736408
        0x558432736408
        0x558432736408
        0x558432736408
        0x558432736408
        0x558432736408
        0x558432736408
        0x558432736408
        0x558432736408
        0x558432736408
        0x558432736408
        0x558432736408
        0x558432736408
        0x558432736408
        0x558432736408
        0x558432736408
        0x558432736408
        0x558432736408
        0x558432736408
        0x558432736408
        0x558432736408
        0x558432736408
        0x558432736408
        0x558432736408
        0x558432736408
        0x558432736408
        0x558432736408
        0x558432736408
        0x558432736408
        0x558432736408
        0x558432736408
        0x558432736408
        0x558432736408
        0x558432736408
        0x558432736408
        0x558432736408
        0x558432736408
        0x558432736408
        0x558432736408
        0x558432736408
        0x558432736408
        0x558432736408
        0x558432736408
        0x558432736408
        0x558432736408
        0x558432736408
        0x558432736408
        0x558432736408
        0x558432736408
        0x558432736408
        0x558432736408
        0x558432736408
        0x558432736408
        0x558432736408
        0x558432736408
        0x558432736408
        0x558432736408
        0x558432736408
        0x558432736408
        0x558432736408
        0x558432736408
        0x558432736408
        0x558432736408
        0x558432736408
        0x558432736408
        0x558432736408
        0x558432736408
        0x558432736408
]: 1
@preempt_stack[
        0x7f953e87ab2b
        0x43be901a
]: 1
@preempt_stack[
        0x7f953caa97c1
]: 1
@preempt_stack[
        0x7f953e5b2e87
]: 1
@preempt_stack[
        0x7f953d90526d
]: 1
@preempt_stack[
        0x40202f10
        0x40212f04
        0x40a8a7df
        0x40407e56
        0x40403d24
        0x7f949c846428
        0x7f949c9e578f
        0x558431b82490
]: 1
@preempt_stack[
        __tls_get_addr+23
]: 1
@preempt_stack[
        0x40bb3212
        0
        0
        0x558432736408
        0x558432736408
        0x558432736408
        0x558432736408
        0x558432736408
        0x558432736408
        0x558432736408
        0x558432736408
        0x558432736408
        0x558432736408
        0x558432736408
        0x558432736408
        0x558432736408
        0x558432736408
        0x558432736408
        0x558432736408
        0x558432736408
        0x558432736408
        0x558432736408
        0x558432736408
        0x558432736408
        0x558432736408
        0x558432736408
        0x558432736408
        0x558432736408
        0x558432736408
        0x558432736408
        0x558432736408
        0x558432736408
        0x558432736408
        0x558432736408
        0x558432736408
        0x558432736408
        0x558432736408
        0x558432736408
        0x558432736408
        0x558432736408
        0x558432736408
        0x558432736408
        0x558432736408
        0x558432736408
        0x558432736408
        0x558432736408
        0x558432736408
        0x558432736408
        0x558432736408
        0x558432736408
        0x558432736408
        0x558432736408
        0x558432736408
        0x558432736408
        0x558432736408
        0x558432736408
        0x558432736408
        0x558432736408
        0x558432736408
        0x558432736408
        0x558432736408
        0x558432736408
        0x558432736408
        0x558432736408
        0x558432736408
        0x558432736408
        0x558432736408
        0x558432736408
        0x558432736408
        0x558432736408
        0x558432736408
        0x558432736408
        0x558432736408
        0x558432736408
        0x558432736408
        0x558432736408
        0x558432736408
        0x558432736408
        0x558432736408
        0x558432736408
        0x558432736408
        0x558432736408
        0x558432736408
        0x558432736408
        0x558432736408
        0x558432736408
        0x558432736408
        0x558432736408
        0x558432736408
        0x558432736408
        0x558432736408
        0x558432736408
        0x558432736408
        0x558432736408
        0x558432736408
        0x558432736408
        0x558432736408
        0x558432736408
        0x558432736408
        0x558432736408
        0x558432736408
        0x558432736408
        0x558432736408
        0x558432736408
        0x558432736408
        0x558432736408
        0x558432736408
        0x558432736408
        0x558432736408
        0x558432736408
        0x558432736408
        0x558432736408
        0x558432736408
        0x558432736408
        0x558432736408
        0x558432736408
        0x558432736408
        0x558432736408
        0x558432736408
        0x558432736408
        0x558432736408
        0x558432736408
        0x558432736408
        0x558432736408
        0x558432736408
        0x558432736408
        0x558432736408
]: 1
@preempt_stack[
        0x7f953dd2d25c
        0x5d
]: 1
@preempt_stack[
        0x40cac5a5
        0
        0x2000000000000001
        0x558432740e50
        0x558432740e50
        0x558432740e50
        0x558432740e50
        0x558432740e50
        0x558432740e50
        0x558432740e50
        0x558432740e50
        0x558432740e50
        0x558432740e50
        0x558432740e50
        0x558432740e50
        0x558432740e50
        0x558432740e50
        0x558432740e50
        0x558432740e50
        0x558432740e50
        0x558432740e50
        0x558432740e50
        0x558432740e50
        0x558432740e50
        0x558432740e50
        0x558432740e50
        0x558432740e50
        0x558432740e50
        0x558432740e50
        0x558432740e50
        0x558432740e50
        0x558432740e50
        0x558432740e50
        0x558432740e50
        0x558432740e50
        0x558432740e50
        0x558432740e50
        0x558432740e50
        0x558432740e50
        0x558432740e50
        0x558432740e50
        0x558432740e50
        0x558432740e50
        0x558432740e50
        0x558432740e50
        0x558432740e50
        0x558432740e50
        0x558432740e50
        0x558432740e50
        0x558432740e50
        0x558432740e50
        0x558432740e50
        0x558432740e50
        0x558432740e50
        0x558432740e50
        0x558432740e50
        0x558432740e50
        0x558432740e50
        0x558432740e50
        0x558432740e50
        0x558432740e50
        0x558432740e50
        0x558432740e50
        0x558432740e50
        0x558432740e50
        0x558432740e50
        0x558432740e50
        0x558432740e50
        0x558432740e50
        0x558432740e50
        0x558432740e50
        0x558432740e50
        0x558432740e50
        0x558432740e50
        0x558432740e50
        0x558432740e50
        0x558432740e50
        0x558432740e50
        0x558432740e50
        0x558432740e50
        0x558432740e50
        0x558432740e50
        0x558432740e50
        0x558432740e50
        0x558432740e50
        0x558432740e50
        0x558432740e50
        0x558432740e50
        0x558432740e50
        0x558432740e50
        0x558432740e50
        0x558432740e50
        0x558432740e50
        0x558432740e50
        0x558432740e50
        0x558432740e50
        0x558432740e50
        0x558432740e50
        0x558432740e50
        0x558432740e50
        0x558432740e50
        0x558432740e50
        0x558432740e50
        0x558432740e50
        0x558432740e50
        0x558432740e50
        0x558432740e50
        0x558432740e50
        0x558432740e50
        0x558432740e50
        0x558432740e50
        0x558432740e50
        0x558432740e50
        0x558432740e50
        0x558432740e50
        0x558432740e50
        0x558432740e50
        0x558432740e50
        0x558432740e50
        0x558432740e50
        0x558432740e50
        0x558432740e50
        0x558432740e50
        0x558432740e50
        0x558432740e50
        0x558432740e50
        0x558432740e50
]: 1
@preempt_stack[
        0x7f953d9073e0
        0x3432207265
]: 1
@preempt_stack[
        __tls_get_addr+4
        0
        0
        0x558431b25c18
        0x558431b25c18
        0x558431b25c18
        0x558431b25c18
        0x558431b25c18
        0x558431b25c18
        0x558431b25c18
        0x558431b25c18
        0x558431b25c18
        0x558431b25c18
        0x558431b25c18
        0x558431b25c18
        0x558431b25c18
        0x558431b25c18
        0x558431b25c18
        0x558431b25c18
        0x558431b25c18
        0x558431b25c18
        0x558431b25c18
        0x558431b25c18
        0x558431b25c18
        0x558431b25c18
        0x558431b25c18
        0x558431b25c18
        0x558431b25c18
        0x558431b25c18
        0x558431b25c18
        0x558431b25c18
        0x558431b25c18
        0x558431b25c18
        0x558431b25c18
        0x558431b25c18
        0x558431b25c18
        0x558431b25c18
        0x558431b25c18
        0x558431b25c18
        0x558431b25c18
        0x558431b25c18
        0x558431b25c18
        0x558431b25c18
        0x558431b25c18
        0x558431b25c18
        0x558431b25c18
        0x558431b25c18
        0x558431b25c18
        0x558431b25c18
        0x558431b25c18
        0x558431b25c18
        0x558431b25c18
        0x558431b25c18
        0x558431b25c18
        0x558431b25c18
        0x558431b25c18
        0x558431b25c18
        0x558431b25c18
        0x558431b25c18
        0x558431b25c18
        0x558431b25c18
        0x558431b25c18
        0x558431b25c18
        0x558431b25c18
        0x558431b25c18
        0x558431b25c18
        0x558431b25c18
        0x558431b25c18
        0x558431b25c18
        0x558431b25c18
        0x558431b25c18
        0x558431b25c18
        0x558431b25c18
        0x558431b25c18
        0x558431b25c18
        0x558431b25c18
        0x558431b25c18
        0x558431b25c18
        0x558431b25c18
        0x558431b25c18
        0x558431b25c18
        0x558431b25c18
        0x558431b25c18
        0x558431b25c18
        0x558431b25c18
        0x558431b25c18
        0x558431b25c18
        0x558431b25c18
        0x558431b25c18
        0x558431b25c18
        0x558431b25c18
        0x558431b25c18
        0x558431b25c18
        0x558431b25c18
        0x558431b25c18
        0x558431b25c18
        0x558431b25c18
        0x558431b25c18
        0x558431b25c18
        0x558431b25c18
        0x558431b25c18
        0x558431b25c18
        0x558431b25c18
        0x558431b25c18
        0x558431b25c18
        0x558431b25c18
        0x558431b25c18
        0x558431b25c18
        0x558431b25c18
        0x558431b25c18
        0x558431b25c18
        0x558431b25c18
        0x558431b25c18
        0x558431b25c18
        0x558431b25c18
        0x558431b25c18
        0x558431b25c18
        0x558431b25c18
        0x558431b25c18
        0x558431b25c18
        0x558431b25c18
        0x558431b25c18
        0x558431b25c18
        0x558431b25c18
        0x558431b25c18
        0x558431b25c18
        0x558431b25c18
]: 1
@preempt_stack[
        0x7f953d9073e6
]: 1
@preempt_stack[
        0x7f953e4a6adc
]: 1
@preempt_stack[
        mono_class_from_mono_type_internal+13
        0x130000
        0
        0
]: 1
@preempt_stack[
        0x7f953e84b088
        0xd4f0d410d440d42
]: 1
@preempt_stack[
        0x7f953d90739b
]: 1
@preempt_stack[
        0x7f953cbb7fc4
        0x41f0280f00000038
]: 1
@preempt_stack[
        0x7f949c9ac96a
]: 1
@preempt_stack[
        0x7f949c9cb5b1
        0x130000
        0
        0
]: 1
@preempt_stack[
        0x40d81d8e
        0x40d57d0c
        0x40d56d80
        0x40d53864
        0
        0
        0x558432736408
        0x558432736408
        0x558432736408
        0x558432736408
        0x558432736408
        0x558432736408
        0x558432736408
        0x558432736408
        0x558432736408
        0x558432736408
        0x558432736408
        0x558432736408
        0x558432736408
        0x558432736408
        0x558432736408
        0x558432736408
        0x558432736408
        0x558432736408
        0x558432736408
        0x558432736408
        0x558432736408
        0x558432736408
        0x558432736408
        0x558432736408
        0x558432736408
        0x558432736408
        0x558432736408
        0x558432736408
        0x558432736408
        0x558432736408
        0x558432736408
        0x558432736408
        0x558432736408
        0x558432736408
        0x558432736408
        0x558432736408
        0x558432736408
        0x558432736408
        0x558432736408
        0x558432736408
        0x558432736408
        0x558432736408
        0x558432736408
        0x558432736408
        0x558432736408
        0x558432736408
        0x558432736408
        0x558432736408
        0x558432736408
        0x558432736408
        0x558432736408
        0x558432736408
        0x558432736408
        0x558432736408
        0x558432736408
        0x558432736408
        0x558432736408
        0x558432736408
        0x558432736408
        0x558432736408
        0x558432736408
        0x558432736408
        0x558432736408
        0x558432736408
        0x558432736408
        0x558432736408
        0x558432736408
        0x558432736408
        0x558432736408
        0x558432736408
        0x558432736408
        0x558432736408
        0x558432736408
        0x558432736408
        0x558432736408
        0x558432736408
        0x558432736408
        0x558432736408
        0x558432736408
        0x558432736408
        0x558432736408
        0x558432736408
        0x558432736408
        0x558432736408
        0x558432736408
        0x558432736408
        0x558432736408
        0x558432736408
        0x558432736408
        0x558432736408
        0x558432736408
        0x558432736408
        0x558432736408
        0x558432736408
        0x558432736408
        0x558432736408
        0x558432736408
        0x558432736408
        0x558432736408
        0x558432736408
        0x558432736408
        0x558432736408
        0x558432736408
        0x558432736408
        0x558432736408
        0x558432736408
        0x558432736408
        0x558432736408
        0x558432736408
        0x558432736408
        0x558432736408
        0x558432736408
        0x558432736408
        0x558432736408
        0x558432736408
        0x558432736408
        0x558432736408
        0x558432736408
        0x558432736408
        0x558432736408
        0x558432736408
]: 1
@preempt_stack[
        0x40202f0b
        0x40212f04
        0x40a8a7df
        0x40407e56
        0x40403d24
        0x7f949c846428
        0x7f949c9e578f
        0x558431b82490
]: 1
@preempt_stack[
        0x7f949c9dcfa3
        0x120000
        0x55843478efb0
        0x55843478efb0
        0x55843478efb0
        0x55843478efb0
        0x55843478efb0
        0x55843478efb0
        0x55843478efb0
        0x55843478efb0
        0x55843478efb0
        0x55843478efb0
        0x55843478efb0
        0x55843478efb0
        0x55843478efb0
        0x55843478efb0
        0x55843478efb0
        0x55843478efb0
        0x55843478efb0
        0x55843478efb0
        0x55843478efb0
        0x55843478efb0
        0x55843478efb0
        0x55843478efb0
        0x55843478efb0
        0x55843478efb0
        0x55843478efb0
        0x55843478efb0
        0x55843478efb0
        0x55843478efb0
        0x55843478efb0
        0x55843478efb0
        0x55843478efb0
        0x55843478efb0
        0x55843478efb0
        0x55843478efb0
        0x55843478efb0
        0x55843478efb0
        0x55843478efb0
        0x55843478efb0
        0x55843478efb0
        0x55843478efb0
        0x55843478efb0
        0x55843478efb0
        0x55843478efb0
        0x55843478efb0
        0x55843478efb0
        0x55843478efb0
        0x55843478efb0
        0x55843478efb0
        0x55843478efb0
        0x55843478efb0
        0x55843478efb0
        0x55843478efb0
        0x55843478efb0
        0x55843478efb0
        0x55843478efb0
        0x55843478efb0
        0x55843478efb0
        0x55843478efb0
        0x55843478efb0
        0x55843478efb0
        0x55843478efb0
        0x55843478efb0
        0x55843478efb0
        0x55843478efb0
        0x55843478efb0
        0x55843478efb0
        0x55843478efb0
        0x55843478efb0
        0x55843478efb0
        0x55843478efb0
        0x55843478efb0
        0x55843478efb0
        0x55843478efb0
        0x55843478efb0
        0x55843478efb0
        0x55843478efb0
        0x55843478efb0
        0x55843478efb0
        0x55843478efb0
        0x55843478efb0
        0x55843478efb0
        0x55843478efb0
        0x55843478efb0
        0x55843478efb0
        0x55843478efb0
        0x55843478efb0
        0x55843478efb0
        0x55843478efb0
        0x55843478efb0
        0x55843478efb0
        0x55843478efb0
        0x55843478efb0
        0x55843478efb0
        0x55843478efb0
        0x55843478efb0
        0x55843478efb0
        0x55843478efb0
        0x55843478efb0
        0x55843478efb0
        0x55843478efb0
        0x55843478efb0
        0x55843478efb0
        0x55843478efb0
        0x55843478efb0
        0x55843478efb0
        0x55843478efb0
        0x55843478efb0
        0x55843478efb0
        0x55843478efb0
        0x55843478efb0
        0x55843478efb0
        0x55843478efb0
        0x55843478efb0
        0x55843478efb0
        0x55843478efb0
        0x55843478efb0
        0x55843478efb0
        0x55843478efb0
        0x55843478efb0
        0x55843478efb0
        0x55843478efb0
        0x55843478efb0
        0x55843478efb0
        0x55843478efb0
        0x55843478efb0
]: 1
@preempt_stack[
        0x40a8b191
        0x40a8a76e
        0x40407e56
        0x40403d24
        0x7f949c846428
        0x7f949c9e578f
        0x558431b82490
]: 1
@preempt_stack[
        0x7f953dd180d0
]: 1
@preempt_stack[
        0x7f953da7eee0
]: 1
@preempt_stack[
        0x4063fb80
        0x4046dfb8
        0x40785934
        0x401c67a6
        0x7f949c846428
        0x7f949c9e578f
        0x558431b82490
]: 1
@preempt_stack[
        0x40caeee1
        0
        0x2000000000000001
        0x558432740e50
        0x558432740e50
        0x558432740e50
        0x558432740e50
        0x558432740e50
        0x558432740e50
        0x558432740e50
        0x558432740e50
        0x558432740e50
        0x558432740e50
        0x558432740e50
        0x558432740e50
        0x558432740e50
        0x558432740e50
        0x558432740e50
        0x558432740e50
        0x558432740e50
        0x558432740e50
        0x558432740e50
        0x558432740e50
        0x558432740e50
        0x558432740e50
        0x558432740e50
        0x558432740e50
        0x558432740e50
        0x558432740e50
        0x558432740e50
        0x558432740e50
        0x558432740e50
        0x558432740e50
        0x558432740e50
        0x558432740e50
        0x558432740e50
        0x558432740e50
        0x558432740e50
        0x558432740e50
        0x558432740e50
        0x558432740e50
        0x558432740e50
        0x558432740e50
        0x558432740e50
        0x558432740e50
        0x558432740e50
        0x558432740e50
        0x558432740e50
        0x558432740e50
        0x558432740e50
        0x558432740e50
        0x558432740e50
        0x558432740e50
        0x558432740e50
        0x558432740e50
        0x558432740e50
        0x558432740e50
        0x558432740e50
        0x558432740e50
        0x558432740e50
        0x558432740e50
        0x558432740e50
        0x558432740e50
        0x558432740e50
        0x558432740e50
        0x558432740e50
        0x558432740e50
        0x558432740e50
        0x558432740e50
        0x558432740e50
        0x558432740e50
        0x558432740e50
        0x558432740e50
        0x558432740e50
        0x558432740e50
        0x558432740e50
        0x558432740e50
        0x558432740e50
        0x558432740e50
        0x558432740e50
        0x558432740e50
        0x558432740e50
        0x558432740e50
        0x558432740e50
        0x558432740e50
        0x558432740e50
        0x558432740e50
        0x558432740e50
        0x558432740e50
        0x558432740e50
        0x558432740e50
        0x558432740e50
        0x558432740e50
        0x558432740e50
        0x558432740e50
        0x558432740e50
        0x558432740e50
        0x558432740e50
        0x558432740e50
        0x558432740e50
        0x558432740e50
        0x558432740e50
        0x558432740e50
        0x558432740e50
        0x558432740e50
        0x558432740e50
        0x558432740e50
        0x558432740e50
        0x558432740e50
        0x558432740e50
        0x558432740e50
        0x558432740e50
        0x558432740e50
        0x558432740e50
        0x558432740e50
        0x558432740e50
        0x558432740e50
        0x558432740e50
        0x558432740e50
        0x558432740e50
        0x558432740e50
        0x558432740e50
        0x558432740e50
        0x558432740e50
        0x558432740e50
        0x558432740e50
        0x558432740e50
]: 1
@preempt_stack[
        0x7f949c9cb75b
        0x120000
        0x7f94940090d0
        0x7f94940090d0
        0x7f94940090d0
        0x7f94940090d0
        0x7f94940090d0
        0x7f94940090d0
        0x7f94940090d0
        0x7f94940090d0
        0x7f94940090d0
        0x7f94940090d0
        0x7f94940090d0
        0x7f94940090d0
        0x7f94940090d0
        0x7f94940090d0
        0x7f94940090d0
        0x7f94940090d0
        0x7f94940090d0
        0x7f94940090d0
        0x7f94940090d0
        0x7f94940090d0
        0x7f94940090d0
        0x7f94940090d0
        0x7f94940090d0
        0x7f94940090d0
        0x7f94940090d0
        0x7f94940090d0
        0x7f94940090d0
        0x7f94940090d0
        0x7f94940090d0
        0x7f94940090d0
        0x7f94940090d0
        0x7f94940090d0
        0x7f94940090d0
        0x7f94940090d0
        0x7f94940090d0
        0x7f94940090d0
        0x7f94940090d0
        0x7f94940090d0
        0x7f94940090d0
        0x7f94940090d0
        0x7f94940090d0
        0x7f94940090d0
        0x7f94940090d0
        0x7f94940090d0
        0x7f94940090d0
        0x7f94940090d0
        0x7f94940090d0
        0x7f94940090d0
        0x7f94940090d0
        0x7f94940090d0
        0x7f94940090d0
        0x7f94940090d0
        0x7f94940090d0
        0x7f94940090d0
        0x7f94940090d0
        0x7f94940090d0
        0x7f94940090d0
        0x7f94940090d0
        0x7f94940090d0
        0x7f94940090d0
        0x7f94940090d0
        0x7f94940090d0
        0x7f94940090d0
        0x7f94940090d0
        0x7f94940090d0
        0x7f94940090d0
        0x7f94940090d0
        0x7f94940090d0
        0x7f94940090d0
        0x7f94940090d0
        0x7f94940090d0
        0x7f94940090d0
        0x7f94940090d0
        0x7f94940090d0
        0x7f94940090d0
        0x7f94940090d0
        0x7f94940090d0
        0x7f94940090d0
        0x7f94940090d0
        0x7f94940090d0
        0x7f94940090d0
        0x7f94940090d0
        0x7f94940090d0
        0x7f94940090d0
        0x7f94940090d0
        0x7f94940090d0
        0x7f94940090d0
        0x7f94940090d0
        0x7f94940090d0
        0x7f94940090d0
        0x7f94940090d0
        0x7f94940090d0
        0x7f94940090d0
        0x7f94940090d0
        0x7f94940090d0
        0x7f94940090d0
        0x7f94940090d0
        0x7f94940090d0
        0x7f94940090d0
        0x7f94940090d0
        0x7f94940090d0
        0x7f94940090d0
        0x7f94940090d0
        0x7f94940090d0
        0x7f94940090d0
        0x7f94940090d0
        0x7f94940090d0
        0x7f94940090d0
        0x7f94940090d0
        0x7f94940090d0
        0x7f94940090d0
        0x7f94940090d0
        0x7f94940090d0
        0x7f94940090d0
        0x7f94940090d0
        0x7f94940090d0
        0x7f94940090d0
        0x7f94940090d0
        0x7f94940090d0
        0x7f94940090d0
        0x7f94940090d0
        0x7f94940090d0
        0x7f94940090d0
        0x7f94940090d0
        0x7f94940090d0
]: 1
@preempt_stack[
        0x7f953dd24a1c
        0
]: 1
@preempt_stack[
        0x7f953d6d8ebb
        0x7f9502f19338
]: 1
@preempt_stack[
        0x7f953dd4eca0
]: 1
@preempt_stack[
        0x40cdbeec
]: 1
@preempt_stack[
        0x7f953d901638
]: 1
@preempt_stack[
        0x7f953d6c3439
        0
        0x7f94821e0be8
        0
        0
        0
        0
        0
        0
        0
        0
        0
        0
        0
        0
        0
        0
        0
        0
        0x7f9476ebfcf0
        0x7ffcbefc4500
]: 1
@preempt_stack[
        0x7f953d693f7d
        0xd200038ffc8c86e
        0x7f953d884770
        0x8d48012d942a058b
]: 1
@preempt_stack[
        0x40cac414
        0x40d5bfac
        0x40d597a4
        0x40d56ef8
        0x40d56d80
        0x40d53864
        0
        0
        0x558432736408
        0x558432736408
        0x558432736408
        0x558432736408
        0x558432736408
        0x558432736408
        0x558432736408
        0x558432736408
        0x558432736408
        0x558432736408
        0x558432736408
        0x558432736408
        0x558432736408
        0x558432736408
        0x558432736408
        0x558432736408
        0x558432736408
        0x558432736408
        0x558432736408
        0x558432736408
        0x558432736408
        0x558432736408
        0x558432736408
        0x558432736408
        0x558432736408
        0x558432736408
        0x558432736408
        0x558432736408
        0x558432736408
        0x558432736408
        0x558432736408
        0x558432736408
        0x558432736408
        0x558432736408
        0x558432736408
        0x558432736408
        0x558432736408
        0x558432736408
        0x558432736408
        0x558432736408
        0x558432736408
        0x558432736408
        0x558432736408
        0x558432736408
        0x558432736408
        0x558432736408
        0x558432736408
        0x558432736408
        0x558432736408
        0x558432736408
        0x558432736408
        0x558432736408
        0x558432736408
        0x558432736408
        0x558432736408
        0x558432736408
        0x558432736408
        0x558432736408
        0x558432736408
        0x558432736408
        0x558432736408
        0x558432736408
        0x558432736408
        0x558432736408
        0x558432736408
        0x558432736408
        0x558432736408
        0x558432736408
        0x558432736408
        0x558432736408
        0x558432736408
        0x558432736408
        0x558432736408
        0x558432736408
        0x558432736408
        0x558432736408
        0x558432736408
        0x558432736408
        0x558432736408
        0x558432736408
        0x558432736408
        0x558432736408
        0x558432736408
        0x558432736408
        0x558432736408
        0x558432736408
        0x558432736408
        0x558432736408
        0x558432736408
        0x558432736408
        0x558432736408
        0x558432736408
        0x558432736408
        0x558432736408
        0x558432736408
        0x558432736408
        0x558432736408
        0x558432736408
        0x558432736408
        0x558432736408
        0x558432736408
        0x558432736408
        0x558432736408
        0x558432736408
        0x558432736408
        0x558432736408
        0x558432736408
        0x558432736408
        0x558432736408
        0x558432736408
        0x558432736408
        0x558432736408
        0x558432736408
        0x558432736408
        0x558432736408
        0x558432736408
        0x558432736408
        0x558432736408
        0x558432736408
]: 1
@preempt_stack[
        0x7f953d9075e1
        0
]: 1
@preempt_stack[
        0x7f949c99ddce
]: 1
@preempt_stack[
        0x40caeed2
        0x40eac640
        0x40ea95d9
        0x40ca69ba
        0x40407e56
        0x40403d24
        0x7f949c846428
        0x7f949c9e578f
        0x558431b82490
]: 1
@preempt_stack[
        0x40cd12e3
        0x40d5bfac
        0x40d597cc
        0x40d56ef8
        0x40d56d80
        0x40d53864
        0
        0
        0x558432736408
        0x558432736408
        0x558432736408
        0x558432736408
        0x558432736408
        0x558432736408
        0x558432736408
        0x558432736408
        0x558432736408
        0x558432736408
        0x558432736408
        0x558432736408
        0x558432736408
        0x558432736408
        0x558432736408
        0x558432736408
        0x558432736408
        0x558432736408
        0x558432736408
        0x558432736408
        0x558432736408
        0x558432736408
        0x558432736408
        0x558432736408
        0x558432736408
        0x558432736408
        0x558432736408
        0x558432736408
        0x558432736408
        0x558432736408
        0x558432736408
        0x558432736408
        0x558432736408
        0x558432736408
        0x558432736408
        0x558432736408
        0x558432736408
        0x558432736408
        0x558432736408
        0x558432736408
        0x558432736408
        0x558432736408
        0x558432736408
        0x558432736408
        0x558432736408
        0x558432736408
        0x558432736408
        0x558432736408
        0x558432736408
        0x558432736408
        0x558432736408
        0x558432736408
        0x558432736408
        0x558432736408
        0x558432736408
        0x558432736408
        0x558432736408
        0x558432736408
        0x558432736408
        0x558432736408
        0x558432736408
        0x558432736408
        0x558432736408
        0x558432736408
        0x558432736408
        0x558432736408
        0x558432736408
        0x558432736408
        0x558432736408
        0x558432736408
        0x558432736408
        0x558432736408
        0x558432736408
        0x558432736408
        0x558432736408
        0x558432736408
        0x558432736408
        0x558432736408
        0x558432736408
        0x558432736408
        0x558432736408
        0x558432736408
        0x558432736408
        0x558432736408
        0x558432736408
        0x558432736408
        0x558432736408
        0x558432736408
        0x558432736408
        0x558432736408
        0x558432736408
        0x558432736408
        0x558432736408
        0x558432736408
        0x558432736408
        0x558432736408
        0x558432736408
        0x558432736408
        0x558432736408
        0x558432736408
        0x558432736408
        0x558432736408
        0x558432736408
        0x558432736408
        0x558432736408
        0x558432736408
        0x558432736408
        0x558432736408
        0x558432736408
        0x558432736408
        0x558432736408
        0x558432736408
        0x558432736408
        0x558432736408
        0x558432736408
        0x558432736408
        0x558432736408
        0x558432736408
        0x558432736408
]: 1
@preempt_stack[
        0x7f949ca5b26e
        0x401c67a6
        0x7f949c846428
        0x7f949c9e578f
        0x558431b82490
]: 1
@preempt_stack[
        0x7f953dcd31a0
        0xa070a0b0a040a03
]: 1
@preempt_stack[
        0x7f949c9ddb44
        0x558435bbc5f0
]: 1
@preempt_stack[
        0x7f949c9cb8e4
        0x130000
        0
        0
]: 1
@preempt_stack[
        0x40ce4256
        0x40ce4040
        0x40b43cf8
        0x40a8b118
        0x40407e56
        0x40403d24
        0x7f949c846428
        0x7f949c9e578f
        0x558431b82490
]: 1
@preempt_stack[
        0x7f949c9dcfa3
        0x120000
        0x558434742c90
        0x558434742c90
        0x558434742c90
        0x558434742c90
        0x558434742c90
        0x558434742c90
        0x558434742c90
        0x558434742c90
        0x558434742c90
        0x558434742c90
        0x558434742c90
        0x558434742c90
        0x558434742c90
        0x558434742c90
        0x558434742c90
        0x558434742c90
        0x558434742c90
        0x558434742c90
        0x558434742c90
        0x558434742c90
        0x558434742c90
        0x558434742c90
        0x558434742c90
        0x558434742c90
        0x558434742c90
        0x558434742c90
        0x558434742c90
        0x558434742c90
        0x558434742c90
        0x558434742c90
        0x558434742c90
        0x558434742c90
        0x558434742c90
        0x558434742c90
        0x558434742c90
        0x558434742c90
        0x558434742c90
        0x558434742c90
        0x558434742c90
        0x558434742c90
        0x558434742c90
        0x558434742c90
        0x558434742c90
        0x558434742c90
        0x558434742c90
        0x558434742c90
        0x558434742c90
        0x558434742c90
        0x558434742c90
        0x558434742c90
        0x558434742c90
        0x558434742c90
        0x558434742c90
        0x558434742c90
        0x558434742c90
        0x558434742c90
        0x558434742c90
        0x558434742c90
        0x558434742c90
        0x558434742c90
        0x558434742c90
        0x558434742c90
        0x558434742c90
        0x558434742c90
        0x558434742c90
        0x558434742c90
        0x558434742c90
        0x558434742c90
        0x558434742c90
        0x558434742c90
        0x558434742c90
        0x558434742c90
        0x558434742c90
        0x558434742c90
        0x558434742c90
        0x558434742c90
        0x558434742c90
        0x558434742c90
        0x558434742c90
        0x558434742c90
        0x558434742c90
        0x558434742c90
        0x558434742c90
        0x558434742c90
        0x558434742c90
        0x558434742c90
        0x558434742c90
        0x558434742c90
        0x558434742c90
        0x558434742c90
        0x558434742c90
        0x558434742c90
        0x558434742c90
        0x558434742c90
        0x558434742c90
        0x558434742c90
        0x558434742c90
        0x558434742c90
        0x558434742c90
        0x558434742c90
        0x558434742c90
        0x558434742c90
        0x558434742c90
        0x558434742c90
        0x558434742c90
        0x558434742c90
        0x558434742c90
        0x558434742c90
        0x558434742c90
        0x558434742c90
        0x558434742c90
        0x558434742c90
        0x558434742c90
        0x558434742c90
        0x558434742c90
        0x558434742c90
        0x558434742c90
        0x558434742c90
        0x558434742c90
        0x558434742c90
        0x558434742c90
        0x558434742c90
        0x558434742c90
        0x558434742c90
        0x558434742c90
]: 1
@preempt_stack[
        __pthread_getspecific+0
        0x40a8a76e
        0x40407e56
        0x40403d24
        0x7f949c846428
        0x7f949c9e578f
        0x558431b82490
]: 1
@preempt_stack[
        0x7f953dcc60a8
        0x7f9504af69d0
]: 1
@preempt_stack[
        0x7f953dd51875
]: 1
@preempt_stack[
        0x4044bad3
        0x4044b20c
]: 1
@preempt_stack[
        0x7f953da4ff5e
        0xdcb0dca0dc90dc2
]: 1
@preempt_stack[
        0x4050a718
        0x4046dfb8
        0x40785934
        0x401c67a6
        0x7f949c846428
        0x7f949c9e578f
        0x558431b82490
]: 1
@preempt_stack[
        mono_gc_wbarrier_set_field+83
]: 1
@preempt_stack[
        0x40cb4e6d
        0x40d5b294
        0x40d59801
        0x40d56ef8
        0x40d56d80
        0x40d53864
        0
        0
        0x558432736408
        0x558432736408
        0x558432736408
        0x558432736408
        0x558432736408
        0x558432736408
        0x558432736408
        0x558432736408
        0x558432736408
        0x558432736408
        0x558432736408
        0x558432736408
        0x558432736408
        0x558432736408
        0x558432736408
        0x558432736408
        0x558432736408
        0x558432736408
        0x558432736408
        0x558432736408
        0x558432736408
        0x558432736408
        0x558432736408
        0x558432736408
        0x558432736408
        0x558432736408
        0x558432736408
        0x558432736408
        0x558432736408
        0x558432736408
        0x558432736408
        0x558432736408
        0x558432736408
        0x558432736408
        0x558432736408
        0x558432736408
        0x558432736408
        0x558432736408
        0x558432736408
        0x558432736408
        0x558432736408
        0x558432736408
        0x558432736408
        0x558432736408
        0x558432736408
        0x558432736408
        0x558432736408
        0x558432736408
        0x558432736408
        0x558432736408
        0x558432736408
        0x558432736408
        0x558432736408
        0x558432736408
        0x558432736408
        0x558432736408
        0x558432736408
        0x558432736408
        0x558432736408
        0x558432736408
        0x558432736408
        0x558432736408
        0x558432736408
        0x558432736408
        0x558432736408
        0x558432736408
        0x558432736408
        0x558432736408
        0x558432736408
        0x558432736408
        0x558432736408
        0x558432736408
        0x558432736408
        0x558432736408
        0x558432736408
        0x558432736408
        0x558432736408
        0x558432736408
        0x558432736408
        0x558432736408
        0x558432736408
        0x558432736408
        0x558432736408
        0x558432736408
        0x558432736408
        0x558432736408
        0x558432736408
        0x558432736408
        0x558432736408
        0x558432736408
        0x558432736408
        0x558432736408
        0x558432736408
        0x558432736408
        0x558432736408
        0x558432736408
        0x558432736408
        0x558432736408
        0x558432736408
        0x558432736408
        0x558432736408
        0x558432736408
        0x558432736408
        0x558432736408
        0x558432736408
        0x558432736408
        0x558432736408
        0x558432736408
        0x558432736408
        0x558432736408
        0x558432736408
        0x558432736408
        0x558432736408
        0x558432736408
        0x558432736408
        0x558432736408
        0x558432736408
        0x558432736408
        0x558432736408
]: 1
@preempt_stack[
        0x40d5e2f8
        0x40d59754
        0x40d56ef8
        0x40d56d80
        0x40d53864
        0
        0
        0x558432736408
        0x558432736408
        0x558432736408
        0x558432736408
        0x558432736408
        0x558432736408
        0x558432736408
        0x558432736408
        0x558432736408
        0x558432736408
        0x558432736408
        0x558432736408
        0x558432736408
        0x558432736408
        0x558432736408
        0x558432736408
        0x558432736408
        0x558432736408
        0x558432736408
        0x558432736408
        0x558432736408
        0x558432736408
        0x558432736408
        0x558432736408
        0x558432736408
        0x558432736408
        0x558432736408
        0x558432736408
        0x558432736408
        0x558432736408
        0x558432736408
        0x558432736408
        0x558432736408
        0x558432736408
        0x558432736408
        0x558432736408
        0x558432736408
        0x558432736408
        0x558432736408
        0x558432736408
        0x558432736408
        0x558432736408
        0x558432736408
        0x558432736408
        0x558432736408
        0x558432736408
        0x558432736408
        0x558432736408
        0x558432736408
        0x558432736408
        0x558432736408
        0x558432736408
        0x558432736408
        0x558432736408
        0x558432736408
        0x558432736408
        0x558432736408
        0x558432736408
        0x558432736408
        0x558432736408
        0x558432736408
        0x558432736408
        0x558432736408
        0x558432736408
        0x558432736408
        0x558432736408
        0x558432736408
        0x558432736408
        0x558432736408
        0x558432736408
        0x558432736408
        0x558432736408
        0x558432736408
        0x558432736408
        0x558432736408
        0x558432736408
        0x558432736408
        0x558432736408
        0x558432736408
        0x558432736408
        0x558432736408
        0x558432736408
        0x558432736408
        0x558432736408
        0x558432736408
        0x558432736408
        0x558432736408
        0x558432736408
        0x558432736408
        0x558432736408
        0x558432736408
        0x558432736408
        0x558432736408
        0x558432736408
        0x558432736408
        0x558432736408
        0x558432736408
        0x558432736408
        0x558432736408
        0x558432736408
        0x558432736408
        0x558432736408
        0x558432736408
        0x558432736408
        0x558432736408
        0x558432736408
        0x558432736408
        0x558432736408
        0x558432736408
        0x558432736408
        0x558432736408
        0x558432736408
        0x558432736408
        0x558432736408
        0x558432736408
        0x558432736408
        0x558432736408
        0x558432736408
        0x558432736408
        0x558432736408
]: 1
@preempt_stack[
        0x40ce0133
]: 1
@preempt_stack[
        0x40613249
]: 1
@preempt_stack[
        0x7f949c9cb61b
]: 1
@preempt_stack[
        0x7f949c9dcfa3
        0x120000
        0x55843523f400
        0x55843523f400
        0x55843523f400
        0x55843523f400
        0x55843523f400
        0x55843523f400
        0x55843523f400
        0x55843523f400
        0x55843523f400
        0x55843523f400
        0x55843523f400
        0x55843523f400
        0x55843523f400
        0x55843523f400
        0x55843523f400
        0x55843523f400
        0x55843523f400
        0x55843523f400
        0x55843523f400
        0x55843523f400
        0x55843523f400
        0x55843523f400
        0x55843523f400
        0x55843523f400
        0x55843523f400
        0x55843523f400
        0x55843523f400
        0x55843523f400
        0x55843523f400
        0x55843523f400
        0x55843523f400
        0x55843523f400
        0x55843523f400
        0x55843523f400
        0x55843523f400
        0x55843523f400
        0x55843523f400
        0x55843523f400
        0x55843523f400
        0x55843523f400
        0x55843523f400
        0x55843523f400
        0x55843523f400
        0x55843523f400
        0x55843523f400
        0x55843523f400
        0x55843523f400
        0x55843523f400
        0x55843523f400
        0x55843523f400
        0x55843523f400
        0x55843523f400
        0x55843523f400
        0x55843523f400
        0x55843523f400
        0x55843523f400
        0x55843523f400
        0x55843523f400
        0x55843523f400
        0x55843523f400
        0x55843523f400
        0x55843523f400
        0x55843523f400
        0x55843523f400
        0x55843523f400
        0x55843523f400
        0x55843523f400
        0x55843523f400
        0x55843523f400
        0x55843523f400
        0x55843523f400
        0x55843523f400
        0x55843523f400
        0x55843523f400
        0x55843523f400
        0x55843523f400
        0x55843523f400
        0x55843523f400
        0x55843523f400
        0x55843523f400
        0x55843523f400
        0x55843523f400
        0x55843523f400
        0x55843523f400
        0x55843523f400
        0x55843523f400
        0x55843523f400
        0x55843523f400
        0x55843523f400
        0x55843523f400
        0x55843523f400
        0x55843523f400
        0x55843523f400
        0x55843523f400
        0x55843523f400
        0x55843523f400
        0x55843523f400
        0x55843523f400
        0x55843523f400
        0x55843523f400
        0x55843523f400
        0x55843523f400
        0x55843523f400
        0x55843523f400
        0x55843523f400
        0x55843523f400
        0x55843523f400
        0x55843523f400
        0x55843523f400
        0x55843523f400
        0x55843523f400
        0x55843523f400
        0x55843523f400
        0x55843523f400
        0x55843523f400
        0x55843523f400
        0x55843523f400
        0x55843523f400
        0x55843523f400
        0x55843523f400
        0x55843523f400
        0x55843523f400
        0x55843523f400
        0x55843523f400
        0x55843523f400
]: 1
@preempt_stack[
        0x40d5cb52
        0x40d597cc
        0x40d56ef8
        0x40d56d80
        0x40d53864
        0
        0
        0x558432736408
        0x558432736408
        0x558432736408
        0x558432736408
        0x558432736408
        0x558432736408
        0x558432736408
        0x558432736408
        0x558432736408
        0x558432736408
        0x558432736408
        0x558432736408
        0x558432736408
        0x558432736408
        0x558432736408
        0x558432736408
        0x558432736408
        0x558432736408
        0x558432736408
        0x558432736408
        0x558432736408
        0x558432736408
        0x558432736408
        0x558432736408
        0x558432736408
        0x558432736408
        0x558432736408
        0x558432736408
        0x558432736408
        0x558432736408
        0x558432736408
        0x558432736408
        0x558432736408
        0x558432736408
        0x558432736408
        0x558432736408
        0x558432736408
        0x558432736408
        0x558432736408
        0x558432736408
        0x558432736408
        0x558432736408
        0x558432736408
        0x558432736408
        0x558432736408
        0x558432736408
        0x558432736408
        0x558432736408
        0x558432736408
        0x558432736408
        0x558432736408
        0x558432736408
        0x558432736408
        0x558432736408
        0x558432736408
        0x558432736408
        0x558432736408
        0x558432736408
        0x558432736408
        0x558432736408
        0x558432736408
        0x558432736408
        0x558432736408
        0x558432736408
        0x558432736408
        0x558432736408
        0x558432736408
        0x558432736408
        0x558432736408
        0x558432736408
        0x558432736408
        0x558432736408
        0x558432736408
        0x558432736408
        0x558432736408
        0x558432736408
        0x558432736408
        0x558432736408
        0x558432736408
        0x558432736408
        0x558432736408
        0x558432736408
        0x558432736408
        0x558432736408
        0x558432736408
        0x558432736408
        0x558432736408
        0x558432736408
        0x558432736408
        0x558432736408
        0x558432736408
        0x558432736408
        0x558432736408
        0x558432736408
        0x558432736408
        0x558432736408
        0x558432736408
        0x558432736408
        0x558432736408
        0x558432736408
        0x558432736408
        0x558432736408
        0x558432736408
        0x558432736408
        0x558432736408
        0x558432736408
        0x558432736408
        0x558432736408
        0x558432736408
        0x558432736408
        0x558432736408
        0x558432736408
        0x558432736408
        0x558432736408
        0x558432736408
        0x558432736408
        0x558432736408
        0x558432736408
        0x558432736408
        0x558432736408
]: 1
@preempt_stack[
        0x7f953dd51846
]: 1
@preempt_stack[
        0x401b237c
        0x4046dfb8
        0x40785934
        0x401c67a6
        0x7f949c846428
        0x7f949c9e578f
        0x558431b82490
]: 1
@preempt_stack[
        0x40442a84
]: 1
@preempt_stack[
        mono_thread_info_uninstall_interrupt+1
]: 1
@preempt_stack[
        0x7f949c9dcfa3
        0x120000
        0x558434b71500
        0x558434b71500
        0x558434b71500
        0x558434b71500
        0x558434b71500
        0x558434b71500
        0x558434b71500
        0x558434b71500
        0x558434b71500
        0x558434b71500
        0x558434b71500
        0x558434b71500
        0x558434b71500
        0x558434b71500
        0x558434b71500
        0x558434b71500
        0x558434b71500
        0x558434b71500
        0x558434b71500
        0x558434b71500
        0x558434b71500
        0x558434b71500
        0x558434b71500
        0x558434b71500
        0x558434b71500
        0x558434b71500
        0x558434b71500
        0x558434b71500
        0x558434b71500
        0x558434b71500
        0x558434b71500
        0x558434b71500
        0x558434b71500
        0x558434b71500
        0x558434b71500
        0x558434b71500
        0x558434b71500
        0x558434b71500
        0x558434b71500
        0x558434b71500
        0x558434b71500
        0x558434b71500
        0x558434b71500
        0x558434b71500
        0x558434b71500
        0x558434b71500
        0x558434b71500
        0x558434b71500
        0x558434b71500
        0x558434b71500
        0x558434b71500
        0x558434b71500
        0x558434b71500
        0x558434b71500
        0x558434b71500
        0x558434b71500
        0x558434b71500
        0x558434b71500
        0x558434b71500
        0x558434b71500
        0x558434b71500
        0x558434b71500
        0x558434b71500
        0x558434b71500
        0x558434b71500
        0x558434b71500
        0x558434b71500
        0x558434b71500
        0x558434b71500
        0x558434b71500
        0x558434b71500
        0x558434b71500
        0x558434b71500
        0x558434b71500
        0x558434b71500
        0x558434b71500
        0x558434b71500
        0x558434b71500
        0x558434b71500
        0x558434b71500
        0x558434b71500
        0x558434b71500
        0x558434b71500
        0x558434b71500
        0x558434b71500
        0x558434b71500
        0x558434b71500
        0x558434b71500
        0x558434b71500
        0x558434b71500
        0x558434b71500
        0x558434b71500
        0x558434b71500
        0x558434b71500
        0x558434b71500
        0x558434b71500
        0x558434b71500
        0x558434b71500
        0x558434b71500
        0x558434b71500
        0x558434b71500
        0x558434b71500
        0x558434b71500
        0x558434b71500
        0x558434b71500
        0x558434b71500
        0x558434b71500
        0x558434b71500
        0x558434b71500
        0x558434b71500
        0x558434b71500
        0x558434b71500
        0x558434b71500
        0x558434b71500
        0x558434b71500
        0x558434b71500
        0x558434b71500
        0x558434b71500
        0x558434b71500
        0x558434b71500
        0x558434b71500
        0x558434b71500
        0x558434b71500
        0x558434b71500
        0x558434b71500
]: 1
@preempt_stack[
        0x7f953dba8973
]: 1
@preempt_stack[
        0x40441c8f
]: 1
@preempt_stack[
        0x7f949c9cb8e5
        0x130000
        0x1
        0
]: 1
@preempt_stack[
        pthread_cond_timedwait+156
]: 1
@preempt_stack[
        0x40caef4b
        0x40eac640
        0x40ea95d9
        0x40ca69ba
        0x40407e56
        0x40403d24
        0x7f949c846428
        0x7f949c9e578f
        0x558431b82490
]: 1
@preempt_stack[
        0x7f953dd3fdf5
]: 1
@preempt_stack[
        0x7f953dd1fe6f
        0x7f9504010000
        0x7f95065558c0
        0x58
]: 1
@preempt_stack[
        0x7f949c9ce4d8
        0x558434c6b890
        0x558434c6b890
        0x558434c6b890
        0x558434c6b890
        0x558434c6b890
        0x558434c6b890
        0x558434c6b890
        0x558434c6b890
        0x558434c6b890
        0x558434c6b890
        0x558434c6b890
        0x558434c6b890
        0x558434c6b890
        0x558434c6b890
        0x558434c6b890
        0x558434c6b890
        0x558434c6b890
        0x558434c6b890
        0x558434c6b890
        0x558434c6b890
        0x558434c6b890
        0x558434c6b890
        0x558434c6b890
        0x558434c6b890
        0x558434c6b890
        0x558434c6b890
        0x558434c6b890
        0x558434c6b890
        0x558434c6b890
        0x558434c6b890
        0x558434c6b890
        0x558434c6b890
        0x558434c6b890
        0x558434c6b890
        0x558434c6b890
        0x558434c6b890
        0x558434c6b890
        0x558434c6b890
        0x558434c6b890
        0x558434c6b890
        0x558434c6b890
        0x558434c6b890
        0x558434c6b890
        0x558434c6b890
        0x558434c6b890
        0x558434c6b890
        0x558434c6b890
        0x558434c6b890
        0x558434c6b890
        0x558434c6b890
        0x558434c6b890
        0x558434c6b890
        0x558434c6b890
        0x558434c6b890
        0x558434c6b890
        0x558434c6b890
        0x558434c6b890
        0x558434c6b890
        0x558434c6b890
        0x558434c6b890
        0x558434c6b890
        0x558434c6b890
        0x558434c6b890
        0x558434c6b890
        0x558434c6b890
        0x558434c6b890
        0x558434c6b890
        0x558434c6b890
        0x558434c6b890
        0x558434c6b890
        0x558434c6b890
        0x558434c6b890
        0x558434c6b890
        0x558434c6b890
        0x558434c6b890
        0x558434c6b890
        0x558434c6b890
        0x558434c6b890
        0x558434c6b890
        0x558434c6b890
        0x558434c6b890
        0x558434c6b890
        0x558434c6b890
        0x558434c6b890
        0x558434c6b890
        0x558434c6b890
        0x558434c6b890
        0x558434c6b890
        0x558434c6b890
        0x558434c6b890
        0x558434c6b890
        0x558434c6b890
        0x558434c6b890
        0x558434c6b890
        0x558434c6b890
        0x558434c6b890
        0x558434c6b890
        0x558434c6b890
        0x558434c6b890
        0x558434c6b890
        0x558434c6b890
        0x558434c6b890
        0x558434c6b890
        0x558434c6b890
        0x558434c6b890
        0x558434c6b890
        0x558434c6b890
        0x558434c6b890
        0x558434c6b890
        0x558434c6b890
        0x558434c6b890
        0x558434c6b890
        0x558434c6b890
        0x558434c6b890
        0x558434c6b890
        0x558434c6b890
        0x558434c6b890
        0x558434c6b890
        0x558434c6b890
        0x558434c6b890
        0x558434c6b890
        0x558434c6b890
        0x558434c6b890
        0x558434c6b890
        0x558434c6b890
        0x558434c6b890
]: 1
@preempt_stack[
        0x7f953dd121c6
        0x7f9505383840
]: 1
@preempt_stack[
        0x7f953d6bc163
        0
]: 1
@preempt_stack[
        0x7f953e4a6e9c
]: 1
@preempt_stack[
        0x40caf122
        0x40d56ef8
        0x40d56d80
        0x40d53864
        0
        0
        0x558432736408
        0x558432736408
        0x558432736408
        0x558432736408
        0x558432736408
        0x558432736408
        0x558432736408
        0x558432736408
        0x558432736408
        0x558432736408
        0x558432736408
        0x558432736408
        0x558432736408
        0x558432736408
        0x558432736408
        0x558432736408
        0x558432736408
        0x558432736408
        0x558432736408
        0x558432736408
        0x558432736408
        0x558432736408
        0x558432736408
        0x558432736408
        0x558432736408
        0x558432736408
        0x558432736408
        0x558432736408
        0x558432736408
        0x558432736408
        0x558432736408
        0x558432736408
        0x558432736408
        0x558432736408
        0x558432736408
        0x558432736408
        0x558432736408
        0x558432736408
        0x558432736408
        0x558432736408
        0x558432736408
        0x558432736408
        0x558432736408
        0x558432736408
        0x558432736408
        0x558432736408
        0x558432736408
        0x558432736408
        0x558432736408
        0x558432736408
        0x558432736408
        0x558432736408
        0x558432736408
        0x558432736408
        0x558432736408
        0x558432736408
        0x558432736408
        0x558432736408
        0x558432736408
        0x558432736408
        0x558432736408
        0x558432736408
        0x558432736408
        0x558432736408
        0x558432736408
        0x558432736408
        0x558432736408
        0x558432736408
        0x558432736408
        0x558432736408
        0x558432736408
        0x558432736408
        0x558432736408
        0x558432736408
        0x558432736408
        0x558432736408
        0x558432736408
        0x558432736408
        0x558432736408
        0x558432736408
        0x558432736408
        0x558432736408
        0x558432736408
        0x558432736408
        0x558432736408
        0x558432736408
        0x558432736408
        0x558432736408
        0x558432736408
        0x558432736408
        0x558432736408
        0x558432736408
        0x558432736408
        0x558432736408
        0x558432736408
        0x558432736408
        0x558432736408
        0x558432736408
        0x558432736408
        0x558432736408
        0x558432736408
        0x558432736408
        0x558432736408
        0x558432736408
        0x558432736408
        0x558432736408
        0x558432736408
        0x558432736408
        0x558432736408
        0x558432736408
        0x558432736408
        0x558432736408
        0x558432736408
        0x558432736408
        0x558432736408
        0x558432736408
        0x558432736408
        0x558432736408
        0x558432736408
        0x558432736408
        0x558432736408
]: 1
@preempt_stack[
        0x7f953d7a873a
]: 1
@preempt_stack[
        __clock_gettime+4
        0x1000d0f20
]: 1
@preempt_stack[
        0x40d49a90
]: 1
@preempt_stack[
        0x7f949c9cb5f7
        0
        0
]: 1
@preempt_stack[
        0x7f953dd24a1c
        0x101010100010101
]: 1
@preempt_stack[
        __poll+87
]: 1
@preempt_stack[
        0x7f953d9076a5
        0x7f95007530c0
        0x880086708440842
]: 1
@preempt_stack[
        __pthread_mutex_unlock+4
        0
        0x1c00000000000001
        0x558431b48de8
        0x558431b48de8
        0x558431b48de8
        0x558431b48de8
        0x558431b48de8
        0x558431b48de8
        0x558431b48de8
        0x558431b48de8
        0x558431b48de8
        0x558431b48de8
        0x558431b48de8
        0x558431b48de8
        0x558431b48de8
        0x558431b48de8
        0x558431b48de8
        0x558431b48de8
        0x558431b48de8
        0x558431b48de8
        0x558431b48de8
        0x558431b48de8
        0x558431b48de8
        0x558431b48de8
        0x558431b48de8
        0x558431b48de8
        0x558431b48de8
        0x558431b48de8
        0x558431b48de8
        0x558431b48de8
        0x558431b48de8
        0x558431b48de8
        0x558431b48de8
        0x558431b48de8
        0x558431b48de8
        0x558431b48de8
        0x558431b48de8
        0x558431b48de8
        0x558431b48de8
        0x558431b48de8
        0x558431b48de8
        0x558431b48de8
        0x558431b48de8
        0x558431b48de8
        0x558431b48de8
        0x558431b48de8
        0x558431b48de8
        0x558431b48de8
        0x558431b48de8
        0x558431b48de8
        0x558431b48de8
        0x558431b48de8
        0x558431b48de8
        0x558431b48de8
        0x558431b48de8
        0x558431b48de8
        0x558431b48de8
        0x558431b48de8
        0x558431b48de8
        0x558431b48de8
        0x558431b48de8
        0x558431b48de8
        0x558431b48de8
        0x558431b48de8
        0x558431b48de8
        0x558431b48de8
        0x558431b48de8
        0x558431b48de8
        0x558431b48de8
        0x558431b48de8
        0x558431b48de8
        0x558431b48de8
        0x558431b48de8
        0x558431b48de8
        0x558431b48de8
        0x558431b48de8
        0x558431b48de8
        0x558431b48de8
        0x558431b48de8
        0x558431b48de8
        0x558431b48de8
        0x558431b48de8
        0x558431b48de8
        0x558431b48de8
        0x558431b48de8
        0x558431b48de8
        0x558431b48de8
        0x558431b48de8
        0x558431b48de8
        0x558431b48de8
        0x558431b48de8
        0x558431b48de8
        0x558431b48de8
        0x558431b48de8
        0x558431b48de8
        0x558431b48de8
        0x558431b48de8
        0x558431b48de8
        0x558431b48de8
        0x558431b48de8
        0x558431b48de8
        0x558431b48de8
        0x558431b48de8
        0x558431b48de8
        0x558431b48de8
        0x558431b48de8
        0x558431b48de8
        0x558431b48de8
        0x558431b48de8
        0x558431b48de8
        0x558431b48de8
        0x558431b48de8
        0x558431b48de8
        0x558431b48de8
        0x558431b48de8
        0x558431b48de8
        0x558431b48de8
        0x558431b48de8
        0x558431b48de8
        0x558431b48de8
        0x558431b48de8
        0x558431b48de8
        0x558431b48de8
        0x558431b48de8
        0x558431b48de8
        0x558431b48de8
]: 1
@preempt_stack[
        0x7f949c9cb775
        0x120000
        0x5584334d45a0
        0x5584334d45a0
        0x5584334d45a0
        0x5584334d45a0
        0x5584334d45a0
        0x5584334d45a0
        0x5584334d45a0
        0x5584334d45a0
        0x5584334d45a0
        0x5584334d45a0
        0x5584334d45a0
        0x5584334d45a0
        0x5584334d45a0
        0x5584334d45a0
        0x5584334d45a0
        0x5584334d45a0
        0x5584334d45a0
        0x5584334d45a0
        0x5584334d45a0
        0x5584334d45a0
        0x5584334d45a0
        0x5584334d45a0
        0x5584334d45a0
        0x5584334d45a0
        0x5584334d45a0
        0x5584334d45a0
        0x5584334d45a0
        0x5584334d45a0
        0x5584334d45a0
        0x5584334d45a0
        0x5584334d45a0
        0x5584334d45a0
        0x5584334d45a0
        0x5584334d45a0
        0x5584334d45a0
        0x5584334d45a0
        0x5584334d45a0
        0x5584334d45a0
        0x5584334d45a0
        0x5584334d45a0
        0x5584334d45a0
        0x5584334d45a0
        0x5584334d45a0
        0x5584334d45a0
        0x5584334d45a0
        0x5584334d45a0
        0x5584334d45a0
        0x5584334d45a0
        0x5584334d45a0
        0x5584334d45a0
        0x5584334d45a0
        0x5584334d45a0
        0x5584334d45a0
        0x5584334d45a0
        0x5584334d45a0
        0x5584334d45a0
        0x5584334d45a0
        0x5584334d45a0
        0x5584334d45a0
        0x5584334d45a0
        0x5584334d45a0
        0x5584334d45a0
        0x5584334d45a0
        0x5584334d45a0
        0x5584334d45a0
        0x5584334d45a0
        0x5584334d45a0
        0x5584334d45a0
        0x5584334d45a0
        0x5584334d45a0
        0x5584334d45a0
        0x5584334d45a0
        0x5584334d45a0
        0x5584334d45a0
        0x5584334d45a0
        0x5584334d45a0
        0x5584334d45a0
        0x5584334d45a0
        0x5584334d45a0
        0x5584334d45a0
        0x5584334d45a0
        0x5584334d45a0
        0x5584334d45a0
        0x5584334d45a0
        0x5584334d45a0
        0x5584334d45a0
        0x5584334d45a0
        0x5584334d45a0
        0x5584334d45a0
        0x5584334d45a0
        0x5584334d45a0
        0x5584334d45a0
        0x5584334d45a0
        0x5584334d45a0
        0x5584334d45a0
        0x5584334d45a0
        0x5584334d45a0
        0x5584334d45a0
        0x5584334d45a0
        0x5584334d45a0
        0x5584334d45a0
        0x5584334d45a0
        0x5584334d45a0
        0x5584334d45a0
        0x5584334d45a0
        0x5584334d45a0
        0x5584334d45a0
        0x5584334d45a0
        0x5584334d45a0
        0x5584334d45a0
        0x5584334d45a0
        0x5584334d45a0
        0x5584334d45a0
        0x5584334d45a0
        0x5584334d45a0
        0x5584334d45a0
        0x5584334d45a0
        0x5584334d45a0
        0x5584334d45a0
        0x5584334d45a0
        0x5584334d45a0
        0x5584334d45a0
        0x5584334d45a0
        0x5584334d45a0
        0x5584334d45a0
]: 1
@preempt_stack[
        0x7f953d905a27
        0x441044604440442
]: 1
@preempt_stack[
        0x7f953cbb81a5
        0x3f8000003e010000
        0x7f9502d24c00
        0x58
        0x558431afba9000
]: 1
@preempt_stack[
        0x7f949ca0c362
]: 1
@preempt_stack[
        0x7f953dd1fe51
        0x10000
        0x7f9506f9c2a0
        0x58
]: 1
@preempt_stack[
        0x7f953dcc6da3
        0x7f95051725f0
]: 1
@preempt_stack[
        0x7f953ea0bfe0
]: 1
@preempt_stack[
        0x40caf0d7
        0x40d5dcce
        0x40d5befe
        0x40d597cc
        0x40d56ef8
        0x40d56d80
        0x40d53864
        0
        0
        0x558432736408
        0x558432736408
        0x558432736408
        0x558432736408
        0x558432736408
        0x558432736408
        0x558432736408
        0x558432736408
        0x558432736408
        0x558432736408
        0x558432736408
        0x558432736408
        0x558432736408
        0x558432736408
        0x558432736408
        0x558432736408
        0x558432736408
        0x558432736408
        0x558432736408
        0x558432736408
        0x558432736408
        0x558432736408
        0x558432736408
        0x558432736408
        0x558432736408
        0x558432736408
        0x558432736408
        0x558432736408
        0x558432736408
        0x558432736408
        0x558432736408
        0x558432736408
        0x558432736408
        0x558432736408
        0x558432736408
        0x558432736408
        0x558432736408
        0x558432736408
        0x558432736408
        0x558432736408
        0x558432736408
        0x558432736408
        0x558432736408
        0x558432736408
        0x558432736408
        0x558432736408
        0x558432736408
        0x558432736408
        0x558432736408
        0x558432736408
        0x558432736408
        0x558432736408
        0x558432736408
        0x558432736408
        0x558432736408
        0x558432736408
        0x558432736408
        0x558432736408
        0x558432736408
        0x558432736408
        0x558432736408
        0x558432736408
        0x558432736408
        0x558432736408
        0x558432736408
        0x558432736408
        0x558432736408
        0x558432736408
        0x558432736408
        0x558432736408
        0x558432736408
        0x558432736408
        0x558432736408
        0x558432736408
        0x558432736408
        0x558432736408
        0x558432736408
        0x558432736408
        0x558432736408
        0x558432736408
        0x558432736408
        0x558432736408
        0x558432736408
        0x558432736408
        0x558432736408
        0x558432736408
        0x558432736408
        0x558432736408
        0x558432736408
        0x558432736408
        0x558432736408
        0x558432736408
        0x558432736408
        0x558432736408
        0x558432736408
        0x558432736408
        0x558432736408
        0x558432736408
        0x558432736408
        0x558432736408
        0x558432736408
        0x558432736408
        0x558432736408
        0x558432736408
        0x558432736408
        0x558432736408
        0x558432736408
        0x558432736408
        0x558432736408
        0x558432736408
        0x558432736408
        0x558432736408
        0x558432736408
        0x558432736408
        0x558432736408
        0x558432736408
        0x558432736408
        0x558432736408
]: 1
@preempt_stack[
        0x7f953dd2c878
        0x10000
        0x7f95072340b0
        0x58
]: 1
@preempt_stack[
        0x7f953d6cbf0d
        0
        0x7f9500000001
]: 1
@preempt_stack[
        0x7f953dd4ed1e
]: 1
@preempt_stack[
        0x7f953dd2b638
]: 1
@preempt_stack[
        0x7f949ca3fa47
]: 1
@preempt_stack[
        0x7f953dd123ae
        0x7a80f38948d78949
]: 1
@preempt_stack[
        0x40cac426
]: 1
@preempt_stack[
        mono_metadata_type_hash+80
        0x120000
        0x558432eaf130
        0x558432eaf130
        0x558432eaf130
        0x558432eaf130
        0x558432eaf130
        0x558432eaf130
        0x558432eaf130
        0x558432eaf130
        0x558432eaf130
        0x558432eaf130
        0x558432eaf130
        0x558432eaf130
        0x558432eaf130
        0x558432eaf130
        0x558432eaf130
        0x558432eaf130
        0x558432eaf130
        0x558432eaf130
        0x558432eaf130
        0x558432eaf130
        0x558432eaf130
        0x558432eaf130
        0x558432eaf130
        0x558432eaf130
        0x558432eaf130
        0x558432eaf130
        0x558432eaf130
        0x558432eaf130
        0x558432eaf130
        0x558432eaf130
        0x558432eaf130
        0x558432eaf130
        0x558432eaf130
        0x558432eaf130
        0x558432eaf130
        0x558432eaf130
        0x558432eaf130
        0x558432eaf130
        0x558432eaf130
        0x558432eaf130
        0x558432eaf130
        0x558432eaf130
        0x558432eaf130
        0x558432eaf130
        0x558432eaf130
        0x558432eaf130
        0x558432eaf130
        0x558432eaf130
        0x558432eaf130
        0x558432eaf130
        0x558432eaf130
        0x558432eaf130
        0x558432eaf130
        0x558432eaf130
        0x558432eaf130
        0x558432eaf130
        0x558432eaf130
        0x558432eaf130
        0x558432eaf130
        0x558432eaf130
        0x558432eaf130
        0x558432eaf130
        0x558432eaf130
        0x558432eaf130
        0x558432eaf130
        0x558432eaf130
        0x558432eaf130
        0x558432eaf130
        0x558432eaf130
        0x558432eaf130
        0x558432eaf130
        0x558432eaf130
        0x558432eaf130
        0x558432eaf130
        0x558432eaf130
        0x558432eaf130
        0x558432eaf130
        0x558432eaf130
        0x558432eaf130
        0x558432eaf130
        0x558432eaf130
        0x558432eaf130
        0x558432eaf130
        0x558432eaf130
        0x558432eaf130
        0x558432eaf130
        0x558432eaf130
        0x558432eaf130
        0x558432eaf130
        0x558432eaf130
        0x558432eaf130
        0x558432eaf130
        0x558432eaf130
        0x558432eaf130
        0x558432eaf130
        0x558432eaf130
        0x558432eaf130
        0x558432eaf130
        0x558432eaf130
        0x558432eaf130
        0x558432eaf130
        0x558432eaf130
        0x558432eaf130
        0x558432eaf130
        0x558432eaf130
        0x558432eaf130
        0x558432eaf130
        0x558432eaf130
        0x558432eaf130
        0x558432eaf130
        0x558432eaf130
        0x558432eaf130
        0x558432eaf130
        0x558432eaf130
        0x558432eaf130
        0x558432eaf130
        0x558432eaf130
        0x558432eaf130
        0x558432eaf130
        0x558432eaf130
        0x558432eaf130
        0x558432eaf130
        0x558432eaf130
        0x558432eaf130
        0x558432eaf130
]: 1
@preempt_stack[
        0x401e21f0
]: 1
@preempt_stack[
        0x7f949c9a6441
        0x40407e17
        0x40403d24
        0x7f949c846428
        0x7f949c9e578f
        0x558431b82490
]: 1
@preempt_stack[
        0x7f949c9dcfa3
        0x110000
        0x5584351743c8
        0x5584351743c8
        0x5584351743c8
        0x5584351743c8
        0x5584351743c8
        0x5584351743c8
        0x5584351743c8
        0x5584351743c8
        0x5584351743c8
        0x5584351743c8
        0x5584351743c8
        0x5584351743c8
        0x5584351743c8
        0x5584351743c8
        0x5584351743c8
        0x5584351743c8
        0x5584351743c8
        0x5584351743c8
        0x5584351743c8
        0x5584351743c8
        0x5584351743c8
        0x5584351743c8
        0x5584351743c8
        0x5584351743c8
        0x5584351743c8
        0x5584351743c8
        0x5584351743c8
        0x5584351743c8
        0x5584351743c8
        0x5584351743c8
        0x5584351743c8
        0x5584351743c8
        0x5584351743c8
        0x5584351743c8
        0x5584351743c8
        0x5584351743c8
        0x5584351743c8
        0x5584351743c8
        0x5584351743c8
        0x5584351743c8
        0x5584351743c8
        0x5584351743c8
        0x5584351743c8
        0x5584351743c8
        0x5584351743c8
        0x5584351743c8
        0x5584351743c8
        0x5584351743c8
        0x5584351743c8
        0x5584351743c8
        0x5584351743c8
        0x5584351743c8
        0x5584351743c8
        0x5584351743c8
        0x5584351743c8
        0x5584351743c8
        0x5584351743c8
        0x5584351743c8
        0x5584351743c8
        0x5584351743c8
        0x5584351743c8
        0x5584351743c8
        0x5584351743c8
        0x5584351743c8
        0x5584351743c8
        0x5584351743c8
        0x5584351743c8
        0x5584351743c8
        0x5584351743c8
        0x5584351743c8
        0x5584351743c8
        0x5584351743c8
        0x5584351743c8
        0x5584351743c8
        0x5584351743c8
        0x5584351743c8
        0x5584351743c8
        0x5584351743c8
        0x5584351743c8
        0x5584351743c8
        0x5584351743c8
        0x5584351743c8
        0x5584351743c8
        0x5584351743c8
        0x5584351743c8
        0x5584351743c8
        0x5584351743c8
        0x5584351743c8
        0x5584351743c8
        0x5584351743c8
        0x5584351743c8
        0x5584351743c8
        0x5584351743c8
        0x5584351743c8
        0x5584351743c8
        0x5584351743c8
        0x5584351743c8
        0x5584351743c8
        0x5584351743c8
        0x5584351743c8
        0x5584351743c8
        0x5584351743c8
        0x5584351743c8
        0x5584351743c8
        0x5584351743c8
        0x5584351743c8
        0x5584351743c8
        0x5584351743c8
        0x5584351743c8
        0x5584351743c8
        0x5584351743c8
        0x5584351743c8
        0x5584351743c8
        0x5584351743c8
        0x5584351743c8
        0x5584351743c8
        0x5584351743c8
        0x5584351743c8
        0x5584351743c8
        0x5584351743c8
        0x5584351743c8
        0x5584351743c8
        0x5584351743c8
        0x5584351743c8
        0x5584351743c8
]: 1
@preempt_stack[
        0x7f949c9dcf92
        0x120000
        0x55843530a968
        0x55843530a968
        0x55843530a968
        0x55843530a968
        0x55843530a968
        0x55843530a968
        0x55843530a968
        0x55843530a968
        0x55843530a968
        0x55843530a968
        0x55843530a968
        0x55843530a968
        0x55843530a968
        0x55843530a968
        0x55843530a968
        0x55843530a968
        0x55843530a968
        0x55843530a968
        0x55843530a968
        0x55843530a968
        0x55843530a968
        0x55843530a968
        0x55843530a968
        0x55843530a968
        0x55843530a968
        0x55843530a968
        0x55843530a968
        0x55843530a968
        0x55843530a968
        0x55843530a968
        0x55843530a968
        0x55843530a968
        0x55843530a968
        0x55843530a968
        0x55843530a968
        0x55843530a968
        0x55843530a968
        0x55843530a968
        0x55843530a968
        0x55843530a968
        0x55843530a968
        0x55843530a968
        0x55843530a968
        0x55843530a968
        0x55843530a968
        0x55843530a968
        0x55843530a968
        0x55843530a968
        0x55843530a968
        0x55843530a968
        0x55843530a968
        0x55843530a968
        0x55843530a968
        0x55843530a968
        0x55843530a968
        0x55843530a968
        0x55843530a968
        0x55843530a968
        0x55843530a968
        0x55843530a968
        0x55843530a968
        0x55843530a968
        0x55843530a968
        0x55843530a968
        0x55843530a968
        0x55843530a968
        0x55843530a968
        0x55843530a968
        0x55843530a968
        0x55843530a968
        0x55843530a968
        0x55843530a968
        0x55843530a968
        0x55843530a968
        0x55843530a968
        0x55843530a968
        0x55843530a968
        0x55843530a968
        0x55843530a968
        0x55843530a968
        0x55843530a968
        0x55843530a968
        0x55843530a968
        0x55843530a968
        0x55843530a968
        0x55843530a968
        0x55843530a968
        0x55843530a968
        0x55843530a968
        0x55843530a968
        0x55843530a968
        0x55843530a968
        0x55843530a968
        0x55843530a968
        0x55843530a968
        0x55843530a968
        0x55843530a968
        0x55843530a968
        0x55843530a968
        0x55843530a968
        0x55843530a968
        0x55843530a968
        0x55843530a968
        0x55843530a968
        0x55843530a968
        0x55843530a968
        0x55843530a968
        0x55843530a968
        0x55843530a968
        0x55843530a968
        0x55843530a968
        0x55843530a968
        0x55843530a968
        0x55843530a968
        0x55843530a968
        0x55843530a968
        0x55843530a968
        0x55843530a968
        0x55843530a968
        0x55843530a968
        0x55843530a968
        0x55843530a968
        0x55843530a968
        0x55843530a968
        0x55843530a968
]: 1
@preempt_stack[
        monoeg_malloc0+8
        0x100000000
]: 1
@preempt_stack[
        0x7f949c9dcfa3
        0x120000
        0x558434a04250
        0x558434a04250
        0x558434a04250
        0x558434a04250
        0x558434a04250
        0x558434a04250
        0x558434a04250
        0x558434a04250
        0x558434a04250
        0x558434a04250
        0x558434a04250
        0x558434a04250
        0x558434a04250
        0x558434a04250
        0x558434a04250
        0x558434a04250
        0x558434a04250
        0x558434a04250
        0x558434a04250
        0x558434a04250
        0x558434a04250
        0x558434a04250
        0x558434a04250
        0x558434a04250
        0x558434a04250
        0x558434a04250
        0x558434a04250
        0x558434a04250
        0x558434a04250
        0x558434a04250
        0x558434a04250
        0x558434a04250
        0x558434a04250
        0x558434a04250
        0x558434a04250
        0x558434a04250
        0x558434a04250
        0x558434a04250
        0x558434a04250
        0x558434a04250
        0x558434a04250
        0x558434a04250
        0x558434a04250
        0x558434a04250
        0x558434a04250
        0x558434a04250
        0x558434a04250
        0x558434a04250
        0x558434a04250
        0x558434a04250
        0x558434a04250
        0x558434a04250
        0x558434a04250
        0x558434a04250
        0x558434a04250
        0x558434a04250
        0x558434a04250
        0x558434a04250
        0x558434a04250
        0x558434a04250
        0x558434a04250
        0x558434a04250
        0x558434a04250
        0x558434a04250
        0x558434a04250
        0x558434a04250
        0x558434a04250
        0x558434a04250
        0x558434a04250
        0x558434a04250
        0x558434a04250
        0x558434a04250
        0x558434a04250
        0x558434a04250
        0x558434a04250
        0x558434a04250
        0x558434a04250
        0x558434a04250
        0x558434a04250
        0x558434a04250
        0x558434a04250
        0x558434a04250
        0x558434a04250
        0x558434a04250
        0x558434a04250
        0x558434a04250
        0x558434a04250
        0x558434a04250
        0x558434a04250
        0x558434a04250
        0x558434a04250
        0x558434a04250
        0x558434a04250
        0x558434a04250
        0x558434a04250
        0x558434a04250
        0x558434a04250
        0x558434a04250
        0x558434a04250
        0x558434a04250
        0x558434a04250
        0x558434a04250
        0x558434a04250
        0x558434a04250
        0x558434a04250
        0x558434a04250
        0x558434a04250
        0x558434a04250
        0x558434a04250
        0x558434a04250
        0x558434a04250
        0x558434a04250
        0x558434a04250
        0x558434a04250
        0x558434a04250
        0x558434a04250
        0x558434a04250
        0x558434a04250
        0x558434a04250
        0x558434a04250
        0x558434a04250
        0x558434a04250
        0x558434a04250
        0x558434a04250
        0x558434a04250
]: 1
@preempt_stack[
        0x40d58f2e
        0x40d56ef8
        0x40d56d80
        0x40d53864
        0
        0
        0x558432736408
        0x558432736408
        0x558432736408
        0x558432736408
        0x558432736408
        0x558432736408
        0x558432736408
        0x558432736408
        0x558432736408
        0x558432736408
        0x558432736408
        0x558432736408
        0x558432736408
        0x558432736408
        0x558432736408
        0x558432736408
        0x558432736408
        0x558432736408
        0x558432736408
        0x558432736408
        0x558432736408
        0x558432736408
        0x558432736408
        0x558432736408
        0x558432736408
        0x558432736408
        0x558432736408
        0x558432736408
        0x558432736408
        0x558432736408
        0x558432736408
        0x558432736408
        0x558432736408
        0x558432736408
        0x558432736408
        0x558432736408
        0x558432736408
        0x558432736408
        0x558432736408
        0x558432736408
        0x558432736408
        0x558432736408
        0x558432736408
        0x558432736408
        0x558432736408
        0x558432736408
        0x558432736408
        0x558432736408
        0x558432736408
        0x558432736408
        0x558432736408
        0x558432736408
        0x558432736408
        0x558432736408
        0x558432736408
        0x558432736408
        0x558432736408
        0x558432736408
        0x558432736408
        0x558432736408
        0x558432736408
        0x558432736408
        0x558432736408
        0x558432736408
        0x558432736408
        0x558432736408
        0x558432736408
        0x558432736408
        0x558432736408
        0x558432736408
        0x558432736408
        0x558432736408
        0x558432736408
        0x558432736408
        0x558432736408
        0x558432736408
        0x558432736408
        0x558432736408
        0x558432736408
        0x558432736408
        0x558432736408
        0x558432736408
        0x558432736408
        0x558432736408
        0x558432736408
        0x558432736408
        0x558432736408
        0x558432736408
        0x558432736408
        0x558432736408
        0x558432736408
        0x558432736408
        0x558432736408
        0x558432736408
        0x558432736408
        0x558432736408
        0x558432736408
        0x558432736408
        0x558432736408
        0x558432736408
        0x558432736408
        0x558432736408
        0x558432736408
        0x558432736408
        0x558432736408
        0x558432736408
        0x558432736408
        0x558432736408
        0x558432736408
        0x558432736408
        0x558432736408
        0x558432736408
        0x558432736408
        0x558432736408
        0x558432736408
        0x558432736408
        0x558432736408
        0x558432736408
        0x558432736408
        0x558432736408
        0x558432736408
]: 1
@preempt_stack[
        GC_mark_from+1003
        0xffffffffffffffeb
        0
        0x3ffd80c000000001
        0x558432689138
        0x558432689138
        0x558432689138
        0x558432689138
        0x558432689138
        0x558432689138
        0x558432689138
        0x558432689138
        0x558432689138
        0x558432689138
        0x558432689138
        0x558432689138
        0x558432689138
        0x558432689138
        0x558432689138
        0x558432689138
        0x558432689138
        0x558432689138
        0x558432689138
        0x558432689138
        0x558432689138
        0x558432689138
        0x558432689138
        0x558432689138
        0x558432689138
        0x558432689138
        0x558432689138
        0x558432689138
        0x558432689138
        0x558432689138
        0x558432689138
        0x558432689138
        0x558432689138
        0x558432689138
        0x558432689138
        0x558432689138
        0x558432689138
        0x558432689138
        0x558432689138
        0x558432689138
        0x558432689138
        0x558432689138
        0x558432689138
        0x558432689138
        0x558432689138
        0x558432689138
        0x558432689138
        0x558432689138
        0x558432689138
        0x558432689138
        0x558432689138
        0x558432689138
        0x558432689138
        0x558432689138
        0x558432689138
        0x558432689138
        0x558432689138
        0x558432689138
        0x558432689138
        0x558432689138
        0x558432689138
        0x558432689138
        0x558432689138
        0x558432689138
        0x558432689138
        0x558432689138
        0x558432689138
        0x558432689138
        0x558432689138
        0x558432689138
        0x558432689138
        0x558432689138
        0x558432689138
        0x558432689138
        0x558432689138
        0x558432689138
        0x558432689138
        0x558432689138
        0x558432689138
        0x558432689138
        0x558432689138
        0x558432689138
        0x558432689138
        0x558432689138
        0x558432689138
        0x558432689138
        0x558432689138
        0x558432689138
        0x558432689138
        0x558432689138
        0x558432689138
        0x558432689138
        0x558432689138
        0x558432689138
        0x558432689138
        0x558432689138
        0x558432689138
        0x558432689138
        0x558432689138
        0x558432689138
        0x558432689138
        0x558432689138
        0x558432689138
        0x558432689138
        0x558432689138
        0x558432689138
        0x558432689138
        0x558432689138
        0x558432689138
        0x558432689138
        0x558432689138
        0x558432689138
        0x558432689138
        0x558432689138
        0x558432689138
        0x558432689138
        0x558432689138
        0x558432689138
        0x558432689138
        0x558432689138
        0x558432689138
        0x558432689138
        0x558432689138
]: 1
@preempt_stack[
        0x7f953dd17fd0
]: 1
@preempt_stack[
        mono_g_hash_table_lookup_extended+66
        0x110000
        0x5584352dc868
        0x5584352dc868
        0x5584352dc868
        0x5584352dc868
        0x5584352dc868
        0x5584352dc868
        0x5584352dc868
        0x5584352dc868
        0x5584352dc868
        0x5584352dc868
        0x5584352dc868
        0x5584352dc868
        0x5584352dc868
        0x5584352dc868
        0x5584352dc868
        0x5584352dc868
        0x5584352dc868
        0x5584352dc868
        0x5584352dc868
        0x5584352dc868
        0x5584352dc868
        0x5584352dc868
        0x5584352dc868
        0x5584352dc868
        0x5584352dc868
        0x5584352dc868
        0x5584352dc868
        0x5584352dc868
        0x5584352dc868
        0x5584352dc868
        0x5584352dc868
        0x5584352dc868
        0x5584352dc868
        0x5584352dc868
        0x5584352dc868
        0x5584352dc868
        0x5584352dc868
        0x5584352dc868
        0x5584352dc868
        0x5584352dc868
        0x5584352dc868
        0x5584352dc868
        0x5584352dc868
        0x5584352dc868
        0x5584352dc868
        0x5584352dc868
        0x5584352dc868
        0x5584352dc868
        0x5584352dc868
        0x5584352dc868
        0x5584352dc868
        0x5584352dc868
        0x5584352dc868
        0x5584352dc868
        0x5584352dc868
        0x5584352dc868
        0x5584352dc868
        0x5584352dc868
        0x5584352dc868
        0x5584352dc868
        0x5584352dc868
        0x5584352dc868
        0x5584352dc868
        0x5584352dc868
        0x5584352dc868
        0x5584352dc868
        0x5584352dc868
        0x5584352dc868
        0x5584352dc868
        0x5584352dc868
        0x5584352dc868
        0x5584352dc868
        0x5584352dc868
        0x5584352dc868
        0x5584352dc868
        0x5584352dc868
        0x5584352dc868
        0x5584352dc868
        0x5584352dc868
        0x5584352dc868
        0x5584352dc868
        0x5584352dc868
        0x5584352dc868
        0x5584352dc868
        0x5584352dc868
        0x5584352dc868
        0x5584352dc868
        0x5584352dc868
        0x5584352dc868
        0x5584352dc868
        0x5584352dc868
        0x5584352dc868
        0x5584352dc868
        0x5584352dc868
        0x5584352dc868
        0x5584352dc868
        0x5584352dc868
        0x5584352dc868
        0x5584352dc868
        0x5584352dc868
        0x5584352dc868
        0x5584352dc868
        0x5584352dc868
        0x5584352dc868
        0x5584352dc868
        0x5584352dc868
        0x5584352dc868
        0x5584352dc868
        0x5584352dc868
        0x5584352dc868
        0x5584352dc868
        0x5584352dc868
        0x5584352dc868
        0x5584352dc868
        0x5584352dc868
        0x5584352dc868
        0x5584352dc868
        0x5584352dc868
        0x5584352dc868
        0x5584352dc868
        0x5584352dc868
        0x5584352dc868
        0x5584352dc868
        0x5584352dc868
        0x5584352dc868
]: 1
@preempt_stack[
        GC_dirty_inner+41
        0x40eac640
        0x40ea95d9
        0x40ca69ba
        0x40407e56
        0x40403d24
        0x7f949c846428
        0x7f949c9e578f
        0x558431b82490
]: 1
@preempt_stack[
        0x40d0681e
        0
        0x2000000000000001
        0x558432740e50
        0x558432740e50
        0x558432740e50
        0x558432740e50
        0x558432740e50
        0x558432740e50
        0x558432740e50
        0x558432740e50
        0x558432740e50
        0x558432740e50
        0x558432740e50
        0x558432740e50
        0x558432740e50
        0x558432740e50
        0x558432740e50
        0x558432740e50
        0x558432740e50
        0x558432740e50
        0x558432740e50
        0x558432740e50
        0x558432740e50
        0x558432740e50
        0x558432740e50
        0x558432740e50
        0x558432740e50
        0x558432740e50
        0x558432740e50
        0x558432740e50
        0x558432740e50
        0x558432740e50
        0x558432740e50
        0x558432740e50
        0x558432740e50
        0x558432740e50
        0x558432740e50
        0x558432740e50
        0x558432740e50
        0x558432740e50
        0x558432740e50
        0x558432740e50
        0x558432740e50
        0x558432740e50
        0x558432740e50
        0x558432740e50
        0x558432740e50
        0x558432740e50
        0x558432740e50
        0x558432740e50
        0x558432740e50
        0x558432740e50
        0x558432740e50
        0x558432740e50
        0x558432740e50
        0x558432740e50
        0x558432740e50
        0x558432740e50
        0x558432740e50
        0x558432740e50
        0x558432740e50
        0x558432740e50
        0x558432740e50
        0x558432740e50
        0x558432740e50
        0x558432740e50
        0x558432740e50
        0x558432740e50
        0x558432740e50
        0x558432740e50
        0x558432740e50
        0x558432740e50
        0x558432740e50
        0x558432740e50
        0x558432740e50
        0x558432740e50
        0x558432740e50
        0x558432740e50
        0x558432740e50
        0x558432740e50
        0x558432740e50
        0x558432740e50
        0x558432740e50
        0x558432740e50
        0x558432740e50
        0x558432740e50
        0x558432740e50
        0x558432740e50
        0x558432740e50
        0x558432740e50
        0x558432740e50
        0x558432740e50
        0x558432740e50
        0x558432740e50
        0x558432740e50
        0x558432740e50
        0x558432740e50
        0x558432740e50
        0x558432740e50
        0x558432740e50
        0x558432740e50
        0x558432740e50
        0x558432740e50
        0x558432740e50
        0x558432740e50
        0x558432740e50
        0x558432740e50
        0x558432740e50
        0x558432740e50
        0x558432740e50
        0x558432740e50
        0x558432740e50
        0x558432740e50
        0x558432740e50
        0x558432740e50
        0x558432740e50
        0x558432740e50
        0x558432740e50
        0x558432740e50
        0x558432740e50
        0x558432740e50
        0x558432740e50
        0x558432740e50
        0x558432740e50
        0x558432740e50
        0x558432740e50
]: 1
@preempt_stack[
        mono_threads_exit_gc_safe_region_unbalanced+23
        0x401c67a6
        0x7f949c846428
        0x7f949c9e578f
        0x558431b82490
]: 1
@preempt_stack[
        __pthread_getspecific+29
        0x4046dfb8
        0x40785934
        0x401c67a6
        0x7f949c846428
        0x7f949c9e578f
        0x558431b82490
]: 1
@preempt_stack[
        0x40caf075
        0x40d9cb64
        0x40d57d0c
        0x40d56d80
        0x40d53864
        0
        0
        0x558432736408
        0x558432736408
        0x558432736408
        0x558432736408
        0x558432736408
        0x558432736408
        0x558432736408
        0x558432736408
        0x558432736408
        0x558432736408
        0x558432736408
        0x558432736408
        0x558432736408
        0x558432736408
        0x558432736408
        0x558432736408
        0x558432736408
        0x558432736408
        0x558432736408
        0x558432736408
        0x558432736408
        0x558432736408
        0x558432736408
        0x558432736408
        0x558432736408
        0x558432736408
        0x558432736408
        0x558432736408
        0x558432736408
        0x558432736408
        0x558432736408
        0x558432736408
        0x558432736408
        0x558432736408
        0x558432736408
        0x558432736408
        0x558432736408
        0x558432736408
        0x558432736408
        0x558432736408
        0x558432736408
        0x558432736408
        0x558432736408
        0x558432736408
        0x558432736408
        0x558432736408
        0x558432736408
        0x558432736408
        0x558432736408
        0x558432736408
        0x558432736408
        0x558432736408
        0x558432736408
        0x558432736408
        0x558432736408
        0x558432736408
        0x558432736408
        0x558432736408
        0x558432736408
        0x558432736408
        0x558432736408
        0x558432736408
        0x558432736408
        0x558432736408
        0x558432736408
        0x558432736408
        0x558432736408
        0x558432736408
        0x558432736408
        0x558432736408
        0x558432736408
        0x558432736408
        0x558432736408
        0x558432736408
        0x558432736408
        0x558432736408
        0x558432736408
        0x558432736408
        0x558432736408
        0x558432736408
        0x558432736408
        0x558432736408
        0x558432736408
        0x558432736408
        0x558432736408
        0x558432736408
        0x558432736408
        0x558432736408
        0x558432736408
        0x558432736408
        0x558432736408
        0x558432736408
        0x558432736408
        0x558432736408
        0x558432736408
        0x558432736408
        0x558432736408
        0x558432736408
        0x558432736408
        0x558432736408
        0x558432736408
        0x558432736408
        0x558432736408
        0x558432736408
        0x558432736408
        0x558432736408
        0x558432736408
        0x558432736408
        0x558432736408
        0x558432736408
        0x558432736408
        0x558432736408
        0x558432736408
        0x558432736408
        0x558432736408
        0x558432736408
        0x558432736408
        0x558432736408
        0x558432736408
        0x558432736408
]: 1
@preempt_stack[
        0x40ce419d
        0x7f94788cce2b
        0x7f93fc07dd4b
        0x7f93fc093433
        0x7f94788cb95b
        0x7f93fc07fabb
        0x401c67a6
        0x7f949c846428
        0x7f949c9e578f
        0x558431b82490
]: 1
@preempt_stack[
        0x40d5bad2
]: 1
@preempt_stack[
        0x40ce0b0c
]: 1
@preempt_stack[
        0x7f953dcc604c
        0x7f9501f5fba0
]: 1
@preempt_stack[
        0x7f953e329582
        0x7f95000016c5
        0
]: 1
@preempt_stack[
        0x40eade3d
        0x40eac640
        0x40ea95d9
        0x40ca69ba
        0x40407e56
        0x40403d24
        0x7f949c846428
        0x7f949c9e578f
        0x558431b82490
]: 1
@preempt_stack[
        0x40bb31cf
        0
        0
        0x558432736408
        0x558432736408
        0x558432736408
        0x558432736408
        0x558432736408
        0x558432736408
        0x558432736408
        0x558432736408
        0x558432736408
        0x558432736408
        0x558432736408
        0x558432736408
        0x558432736408
        0x558432736408
        0x558432736408
        0x558432736408
        0x558432736408
        0x558432736408
        0x558432736408
        0x558432736408
        0x558432736408
        0x558432736408
        0x558432736408
        0x558432736408
        0x558432736408
        0x558432736408
        0x558432736408
        0x558432736408
        0x558432736408
        0x558432736408
        0x558432736408
        0x558432736408
        0x558432736408
        0x558432736408
        0x558432736408
        0x558432736408
        0x558432736408
        0x558432736408
        0x558432736408
        0x558432736408
        0x558432736408
        0x558432736408
        0x558432736408
        0x558432736408
        0x558432736408
        0x558432736408
        0x558432736408
        0x558432736408
        0x558432736408
        0x558432736408
        0x558432736408
        0x558432736408
        0x558432736408
        0x558432736408
        0x558432736408
        0x558432736408
        0x558432736408
        0x558432736408
        0x558432736408
        0x558432736408
        0x558432736408
        0x558432736408
        0x558432736408
        0x558432736408
        0x558432736408
        0x558432736408
        0x558432736408
        0x558432736408
        0x558432736408
        0x558432736408
        0x558432736408
        0x558432736408
        0x558432736408
        0x558432736408
        0x558432736408
        0x558432736408
        0x558432736408
        0x558432736408
        0x558432736408
        0x558432736408
        0x558432736408
        0x558432736408
        0x558432736408
        0x558432736408
        0x558432736408
        0x558432736408
        0x558432736408
        0x558432736408
        0x558432736408
        0x558432736408
        0x558432736408
        0x558432736408
        0x558432736408
        0x558432736408
        0x558432736408
        0x558432736408
        0x558432736408
        0x558432736408
        0x558432736408
        0x558432736408
        0x558432736408
        0x558432736408
        0x558432736408
        0x558432736408
        0x558432736408
        0x558432736408
        0x558432736408
        0x558432736408
        0x558432736408
        0x558432736408
        0x558432736408
        0x558432736408
        0x558432736408
        0x558432736408
        0x558432736408
        0x558432736408
        0x558432736408
        0x558432736408
        0x558432736408
        0x558432736408
        0x558432736408
        0x558432736408
        0x558432736408
        0x558432736408
]: 1
@preempt_stack[
        0x7f949c9ff2b3
        0
        0x1000000000000001
        0x558432ab54e0
        0x558432ab54e0
        0x558432ab54e0
        0x558432ab54e0
        0x558432ab54e0
        0x558432ab54e0
        0x558432ab54e0
        0x558432ab54e0
        0x558432ab54e0
        0x558432ab54e0
        0x558432ab54e0
        0x558432ab54e0
        0x558432ab54e0
        0x558432ab54e0
        0x558432ab54e0
        0x558432ab54e0
        0x558432ab54e0
        0x558432ab54e0
        0x558432ab54e0
        0x558432ab54e0
        0x558432ab54e0
        0x558432ab54e0
        0x558432ab54e0
        0x558432ab54e0
        0x558432ab54e0
        0x558432ab54e0
        0x558432ab54e0
        0x558432ab54e0
        0x558432ab54e0
        0x558432ab54e0
        0x558432ab54e0
        0x558432ab54e0
        0x558432ab54e0
        0x558432ab54e0
        0x558432ab54e0
        0x558432ab54e0
        0x558432ab54e0
        0x558432ab54e0
        0x558432ab54e0
        0x558432ab54e0
        0x558432ab54e0
        0x558432ab54e0
        0x558432ab54e0
        0x558432ab54e0
        0x558432ab54e0
        0x558432ab54e0
        0x558432ab54e0
        0x558432ab54e0
        0x558432ab54e0
        0x558432ab54e0
        0x558432ab54e0
        0x558432ab54e0
        0x558432ab54e0
        0x558432ab54e0
        0x558432ab54e0
        0x558432ab54e0
        0x558432ab54e0
        0x558432ab54e0
        0x558432ab54e0
        0x558432ab54e0
        0x558432ab54e0
        0x558432ab54e0
        0x558432ab54e0
        0x558432ab54e0
        0x558432ab54e0
        0x558432ab54e0
        0x558432ab54e0
        0x558432ab54e0
        0x558432ab54e0
        0x558432ab54e0
        0x558432ab54e0
        0x558432ab54e0
        0x558432ab54e0
        0x558432ab54e0
        0x558432ab54e0
        0x558432ab54e0
        0x558432ab54e0
        0x558432ab54e0
        0x558432ab54e0
        0x558432ab54e0
        0x558432ab54e0
        0x558432ab54e0
        0x558432ab54e0
        0x558432ab54e0
        0x558432ab54e0
        0x558432ab54e0
        0x558432ab54e0
        0x558432ab54e0
        0x558432ab54e0
        0x558432ab54e0
        0x558432ab54e0
        0x558432ab54e0
        0x558432ab54e0
        0x558432ab54e0
        0x558432ab54e0
        0x558432ab54e0
        0x558432ab54e0
        0x558432ab54e0
        0x558432ab54e0
        0x558432ab54e0
        0x558432ab54e0
        0x558432ab54e0
        0x558432ab54e0
        0x558432ab54e0
        0x558432ab54e0
        0x558432ab54e0
        0x558432ab54e0
        0x558432ab54e0
        0x558432ab54e0
        0x558432ab54e0
        0x558432ab54e0
        0x558432ab54e0
        0x558432ab54e0
        0x558432ab54e0
        0x558432ab54e0
        0x558432ab54e0
        0x558432ab54e0
        0x558432ab54e0
        0x558432ab54e0
        0x558432ab54e0
        0x558432ab54e0
        0x558432ab54e0
        0x558432ab54e0
        0x558432ab54e0
]: 1
@preempt_stack[
        0x7f953e5b2e1c
]: 1
@preempt_stack[
        0x41ff8e80
        0x4046dfb8
        0x40785934
        0x401c67a6
        0x7f949c846428
        0x7f949c9e578f
        0x558431b82490
]: 1
@preempt_stack[
        0x7f953cbb8f22
]: 1
@preempt_stack[
        mono_g_hash_table_lookup+14
        0x120000
        0x558432d29910
        0x558432d29910
        0x558432d29910
        0x558432d29910
        0x558432d29910
        0x558432d29910
        0x558432d29910
        0x558432d29910
        0x558432d29910
        0x558432d29910
        0x558432d29910
        0x558432d29910
        0x558432d29910
        0x558432d29910
        0x558432d29910
        0x558432d29910
        0x558432d29910
        0x558432d29910
        0x558432d29910
        0x558432d29910
        0x558432d29910
        0x558432d29910
        0x558432d29910
        0x558432d29910
        0x558432d29910
        0x558432d29910
        0x558432d29910
        0x558432d29910
        0x558432d29910
        0x558432d29910
        0x558432d29910
        0x558432d29910
        0x558432d29910
        0x558432d29910
        0x558432d29910
        0x558432d29910
        0x558432d29910
        0x558432d29910
        0x558432d29910
        0x558432d29910
        0x558432d29910
        0x558432d29910
        0x558432d29910
        0x558432d29910
        0x558432d29910
        0x558432d29910
        0x558432d29910
        0x558432d29910
        0x558432d29910
        0x558432d29910
        0x558432d29910
        0x558432d29910
        0x558432d29910
        0x558432d29910
        0x558432d29910
        0x558432d29910
        0x558432d29910
        0x558432d29910
        0x558432d29910
        0x558432d29910
        0x558432d29910
        0x558432d29910
        0x558432d29910
        0x558432d29910
        0x558432d29910
        0x558432d29910
        0x558432d29910
        0x558432d29910
        0x558432d29910
        0x558432d29910
        0x558432d29910
        0x558432d29910
        0x558432d29910
        0x558432d29910
        0x558432d29910
        0x558432d29910
        0x558432d29910
        0x558432d29910
        0x558432d29910
        0x558432d29910
        0x558432d29910
        0x558432d29910
        0x558432d29910
        0x558432d29910
        0x558432d29910
        0x558432d29910
        0x558432d29910
        0x558432d29910
        0x558432d29910
        0x558432d29910
        0x558432d29910
        0x558432d29910
        0x558432d29910
        0x558432d29910
        0x558432d29910
        0x558432d29910
        0x558432d29910
        0x558432d29910
        0x558432d29910
        0x558432d29910
        0x558432d29910
        0x558432d29910
        0x558432d29910
        0x558432d29910
        0x558432d29910
        0x558432d29910
        0x558432d29910
        0x558432d29910
        0x558432d29910
        0x558432d29910
        0x558432d29910
        0x558432d29910
        0x558432d29910
        0x558432d29910
        0x558432d29910
        0x558432d29910
        0x558432d29910
        0x558432d29910
        0x558432d29910
        0x558432d29910
        0x558432d29910
        0x558432d29910
        0x558432d29910
        0x558432d29910
        0x558432d29910
]: 1
@preempt_stack[
        0x7f953d9058e2
        0x404040104040404
]: 1
@preempt_stack[
        0x7f949c9cb5f7
        0
        0
        0x558434a7d030
]: 1
@preempt_stack[
        0x7f949c9cb5b8
        0x2
        0
        0x55843385f710
]: 1
@preempt_stack[
        0x40d9cad8
        0x40d57d0c
        0x40d56d80
        0x40d53864
        0
        0
        0x558432736408
        0x558432736408
        0x558432736408
        0x558432736408
        0x558432736408
        0x558432736408
        0x558432736408
        0x558432736408
        0x558432736408
        0x558432736408
        0x558432736408
        0x558432736408
        0x558432736408
        0x558432736408
        0x558432736408
        0x558432736408
        0x558432736408
        0x558432736408
        0x558432736408
        0x558432736408
        0x558432736408
        0x558432736408
        0x558432736408
        0x558432736408
        0x558432736408
        0x558432736408
        0x558432736408
        0x558432736408
        0x558432736408
        0x558432736408
        0x558432736408
        0x558432736408
        0x558432736408
        0x558432736408
        0x558432736408
        0x558432736408
        0x558432736408
        0x558432736408
        0x558432736408
        0x558432736408
        0x558432736408
        0x558432736408
        0x558432736408
        0x558432736408
        0x558432736408
        0x558432736408
        0x558432736408
        0x558432736408
        0x558432736408
        0x558432736408
        0x558432736408
        0x558432736408
        0x558432736408
        0x558432736408
        0x558432736408
        0x558432736408
        0x558432736408
        0x558432736408
        0x558432736408
        0x558432736408
        0x558432736408
        0x558432736408
        0x558432736408
        0x558432736408
        0x558432736408
        0x558432736408
        0x558432736408
        0x558432736408
        0x558432736408
        0x558432736408
        0x558432736408
        0x558432736408
        0x558432736408
        0x558432736408
        0x558432736408
        0x558432736408
        0x558432736408
        0x558432736408
        0x558432736408
        0x558432736408
        0x558432736408
        0x558432736408
        0x558432736408
        0x558432736408
        0x558432736408
        0x558432736408
        0x558432736408
        0x558432736408
        0x558432736408
        0x558432736408
        0x558432736408
        0x558432736408
        0x558432736408
        0x558432736408
        0x558432736408
        0x558432736408
        0x558432736408
        0x558432736408
        0x558432736408
        0x558432736408
        0x558432736408
        0x558432736408
        0x558432736408
        0x558432736408
        0x558432736408
        0x558432736408
        0x558432736408
        0x558432736408
        0x558432736408
        0x558432736408
        0x558432736408
        0x558432736408
        0x558432736408
        0x558432736408
        0x558432736408
        0x558432736408
        0x558432736408
        0x558432736408
        0x558432736408
        0x558432736408
        0x558432736408
]: 1
@preempt_stack[
        0x40cabc83
        0x40cab139
        0x40ca6ac7
        0x40407e56
        0x40403d24
        0x7f949c846428
        0x7f949c9e578f
        0x558431b82490
]: 1
@preempt_stack[
        0x7f953dcd3667
        0x90c090109040919
]: 1
@preempt_stack[
        0x7f953df58427
        0x42004c004a0069
]: 1
@preempt_stack[
        0x40caf132
        0x40d5dcce
        0x40d5befe
        0x40d59754
        0x40d56ef8
        0x40d56d80
        0x40d53864
        0
        0
        0x558432736408
        0x558432736408
        0x558432736408
        0x558432736408
        0x558432736408
        0x558432736408
        0x558432736408
        0x558432736408
        0x558432736408
        0x558432736408
        0x558432736408
        0x558432736408
        0x558432736408
        0x558432736408
        0x558432736408
        0x558432736408
        0x558432736408
        0x558432736408
        0x558432736408
        0x558432736408
        0x558432736408
        0x558432736408
        0x558432736408
        0x558432736408
        0x558432736408
        0x558432736408
        0x558432736408
        0x558432736408
        0x558432736408
        0x558432736408
        0x558432736408
        0x558432736408
        0x558432736408
        0x558432736408
        0x558432736408
        0x558432736408
        0x558432736408
        0x558432736408
        0x558432736408
        0x558432736408
        0x558432736408
        0x558432736408
        0x558432736408
        0x558432736408
        0x558432736408
        0x558432736408
        0x558432736408
        0x558432736408
        0x558432736408
        0x558432736408
        0x558432736408
        0x558432736408
        0x558432736408
        0x558432736408
        0x558432736408
        0x558432736408
        0x558432736408
        0x558432736408
        0x558432736408
        0x558432736408
        0x558432736408
        0x558432736408
        0x558432736408
        0x558432736408
        0x558432736408
        0x558432736408
        0x558432736408
        0x558432736408
        0x558432736408
        0x558432736408
        0x558432736408
        0x558432736408
        0x558432736408
        0x558432736408
        0x558432736408
        0x558432736408
        0x558432736408
        0x558432736408
        0x558432736408
        0x558432736408
        0x558432736408
        0x558432736408
        0x558432736408
        0x558432736408
        0x558432736408
        0x558432736408
        0x558432736408
        0x558432736408
        0x558432736408
        0x558432736408
        0x558432736408
        0x558432736408
        0x558432736408
        0x558432736408
        0x558432736408
        0x558432736408
        0x558432736408
        0x558432736408
        0x558432736408
        0x558432736408
        0x558432736408
        0x558432736408
        0x558432736408
        0x558432736408
        0x558432736408
        0x558432736408
        0x558432736408
        0x558432736408
        0x558432736408
        0x558432736408
        0x558432736408
        0x558432736408
        0x558432736408
        0x558432736408
        0x558432736408
        0x558432736408
        0x558432736408
        0x558432736408
]: 1
@preempt_stack[
        0x401965f0
        0
        0
        0x558432736408
        0x558432736408
        0x558432736408
        0x558432736408
        0x558432736408
        0x558432736408
        0x558432736408
        0x558432736408
        0x558432736408
        0x558432736408
        0x558432736408
        0x558432736408
        0x558432736408
        0x558432736408
        0x558432736408
        0x558432736408
        0x558432736408
        0x558432736408
        0x558432736408
        0x558432736408
        0x558432736408
        0x558432736408
        0x558432736408
        0x558432736408
        0x558432736408
        0x558432736408
        0x558432736408
        0x558432736408
        0x558432736408
        0x558432736408
        0x558432736408
        0x558432736408
        0x558432736408
        0x558432736408
        0x558432736408
        0x558432736408
        0x558432736408
        0x558432736408
        0x558432736408
        0x558432736408
        0x558432736408
        0x558432736408
        0x558432736408
        0x558432736408
        0x558432736408
        0x558432736408
        0x558432736408
        0x558432736408
        0x558432736408
        0x558432736408
        0x558432736408
        0x558432736408
        0x558432736408
        0x558432736408
        0x558432736408
        0x558432736408
        0x558432736408
        0x558432736408
        0x558432736408
        0x558432736408
        0x558432736408
        0x558432736408
        0x558432736408
        0x558432736408
        0x558432736408
        0x558432736408
        0x558432736408
        0x558432736408
        0x558432736408
        0x558432736408
        0x558432736408
        0x558432736408
        0x558432736408
        0x558432736408
        0x558432736408
        0x558432736408
        0x558432736408
        0x558432736408
        0x558432736408
        0x558432736408
        0x558432736408
        0x558432736408
        0x558432736408
        0x558432736408
        0x558432736408
        0x558432736408
        0x558432736408
        0x558432736408
        0x558432736408
        0x558432736408
        0x558432736408
        0x558432736408
        0x558432736408
        0x558432736408
        0x558432736408
        0x558432736408
        0x558432736408
        0x558432736408
        0x558432736408
        0x558432736408
        0x558432736408
        0x558432736408
        0x558432736408
        0x558432736408
        0x558432736408
        0x558432736408
        0x558432736408
        0x558432736408
        0x558432736408
        0x558432736408
        0x558432736408
        0x558432736408
        0x558432736408
        0x558432736408
        0x558432736408
        0x558432736408
        0x558432736408
        0x558432736408
        0x558432736408
        0x558432736408
        0x558432736408
        0x558432736408
        0x558432736408
        0x558432736408
]: 1
@preempt_stack[
        0x7f953ca75e0b
        0x7ffcbefc3a56
        0x65722e302e303d6e
]: 1
@preempt_stack[
        0x40d050c4
        0x40d0350d
        0x40a8b124
        0x40407e56
        0x40403d24
        0x7f949c846428
        0x7f949c9e578f
        0x558431b82490
]: 1
@preempt_stack[
        0x7f949c9cb5a8
        0x130000
        0x1
        0
        0x558434c6b170
]: 1
@preempt_stack[
        0x40ce4d28
        0x40b43cf8
        0x40a8b118
        0x40407e56
        0x40403d24
        0x7f949c846428
        0x7f949c9e578f
        0x558431b82490
]: 1
@preempt_stack[
        0x7f953dd1a423
        0x7f950000088c
        0
]: 1
@preempt_stack[
        0x40cfb588
        0x40cfa21e
        0x40dbe6db
        0x40dbdc5c
        0x40b18238
        0x7f949c846428
        0x7f949c9e578f
        0x558431b82490
]: 1
@preempt_stack[
        0x7f949c9cb8eb
        0x120000
        0x5584351fecc0
        0x5584351fecc0
        0x5584351fecc0
        0x5584351fecc0
        0x5584351fecc0
        0x5584351fecc0
        0x5584351fecc0
        0x5584351fecc0
        0x5584351fecc0
        0x5584351fecc0
        0x5584351fecc0
        0x5584351fecc0
        0x5584351fecc0
        0x5584351fecc0
        0x5584351fecc0
        0x5584351fecc0
        0x5584351fecc0
        0x5584351fecc0
        0x5584351fecc0
        0x5584351fecc0
        0x5584351fecc0
        0x5584351fecc0
        0x5584351fecc0
        0x5584351fecc0
        0x5584351fecc0
        0x5584351fecc0
        0x5584351fecc0
        0x5584351fecc0
        0x5584351fecc0
        0x5584351fecc0
        0x5584351fecc0
        0x5584351fecc0
        0x5584351fecc0
        0x5584351fecc0
        0x5584351fecc0
        0x5584351fecc0
        0x5584351fecc0
        0x5584351fecc0
        0x5584351fecc0
        0x5584351fecc0
        0x5584351fecc0
        0x5584351fecc0
        0x5584351fecc0
        0x5584351fecc0
        0x5584351fecc0
        0x5584351fecc0
        0x5584351fecc0
        0x5584351fecc0
        0x5584351fecc0
        0x5584351fecc0
        0x5584351fecc0
        0x5584351fecc0
        0x5584351fecc0
        0x5584351fecc0
        0x5584351fecc0
        0x5584351fecc0
        0x5584351fecc0
        0x5584351fecc0
        0x5584351fecc0
        0x5584351fecc0
        0x5584351fecc0
        0x5584351fecc0
        0x5584351fecc0
        0x5584351fecc0
        0x5584351fecc0
        0x5584351fecc0
        0x5584351fecc0
        0x5584351fecc0
        0x5584351fecc0
        0x5584351fecc0
        0x5584351fecc0
        0x5584351fecc0
        0x5584351fecc0
        0x5584351fecc0
        0x5584351fecc0
        0x5584351fecc0
        0x5584351fecc0
        0x5584351fecc0
        0x5584351fecc0
        0x5584351fecc0
        0x5584351fecc0
        0x5584351fecc0
        0x5584351fecc0
        0x5584351fecc0
        0x5584351fecc0
        0x5584351fecc0
        0x5584351fecc0
        0x5584351fecc0
        0x5584351fecc0
        0x5584351fecc0
        0x5584351fecc0
        0x5584351fecc0
        0x5584351fecc0
        0x5584351fecc0
        0x5584351fecc0
        0x5584351fecc0
        0x5584351fecc0
        0x5584351fecc0
        0x5584351fecc0
        0x5584351fecc0
        0x5584351fecc0
        0x5584351fecc0
        0x5584351fecc0
        0x5584351fecc0
        0x5584351fecc0
        0x5584351fecc0
        0x5584351fecc0
        0x5584351fecc0
        0x5584351fecc0
        0x5584351fecc0
        0x5584351fecc0
        0x5584351fecc0
        0x5584351fecc0
        0x5584351fecc0
        0x5584351fecc0
        0x5584351fecc0
        0x5584351fecc0
        0x5584351fecc0
        0x5584351fecc0
        0x5584351fecc0
        0x5584351fecc0
        0x5584351fecc0
        0x5584351fecc0
        0x5584351fecc0
        0x5584351fecc0
]: 1
@preempt_stack[
        atanf32+112
]: 1
@preempt_stack[
        0x7f953eea2bdd
        __clock_gettime+29
        0x1000d278e
]: 1
@preempt_stack[
        0x7f953d9076a5
        0x7f95007633c0
        0xf0b0f010f040f04
]: 1
@preempt_stack[
        0x7f949c97b243
]: 1
@preempt_stack[
        0x7f949ca0f68f
        0x130000
        0
        0
]: 1
@preempt_stack[
        mono_g_hash_table_lookup_extended+66
        0x120000
        0x558434b13bb0
        0x558434b13bb0
        0x558434b13bb0
        0x558434b13bb0
        0x558434b13bb0
        0x558434b13bb0
        0x558434b13bb0
        0x558434b13bb0
        0x558434b13bb0
        0x558434b13bb0
        0x558434b13bb0
        0x558434b13bb0
        0x558434b13bb0
        0x558434b13bb0
        0x558434b13bb0
        0x558434b13bb0
        0x558434b13bb0
        0x558434b13bb0
        0x558434b13bb0
        0x558434b13bb0
        0x558434b13bb0
        0x558434b13bb0
        0x558434b13bb0
        0x558434b13bb0
        0x558434b13bb0
        0x558434b13bb0
        0x558434b13bb0
        0x558434b13bb0
        0x558434b13bb0
        0x558434b13bb0
        0x558434b13bb0
        0x558434b13bb0
        0x558434b13bb0
        0x558434b13bb0
        0x558434b13bb0
        0x558434b13bb0
        0x558434b13bb0
        0x558434b13bb0
        0x558434b13bb0
        0x558434b13bb0
        0x558434b13bb0
        0x558434b13bb0
        0x558434b13bb0
        0x558434b13bb0
        0x558434b13bb0
        0x558434b13bb0
        0x558434b13bb0
        0x558434b13bb0
        0x558434b13bb0
        0x558434b13bb0
        0x558434b13bb0
        0x558434b13bb0
        0x558434b13bb0
        0x558434b13bb0
        0x558434b13bb0
        0x558434b13bb0
        0x558434b13bb0
        0x558434b13bb0
        0x558434b13bb0
        0x558434b13bb0
        0x558434b13bb0
        0x558434b13bb0
        0x558434b13bb0
        0x558434b13bb0
        0x558434b13bb0
        0x558434b13bb0
        0x558434b13bb0
        0x558434b13bb0
        0x558434b13bb0
        0x558434b13bb0
        0x558434b13bb0
        0x558434b13bb0
        0x558434b13bb0
        0x558434b13bb0
        0x558434b13bb0
        0x558434b13bb0
        0x558434b13bb0
        0x558434b13bb0
        0x558434b13bb0
        0x558434b13bb0
        0x558434b13bb0
        0x558434b13bb0
        0x558434b13bb0
        0x558434b13bb0
        0x558434b13bb0
        0x558434b13bb0
        0x558434b13bb0
        0x558434b13bb0
        0x558434b13bb0
        0x558434b13bb0
        0x558434b13bb0
        0x558434b13bb0
        0x558434b13bb0
        0x558434b13bb0
        0x558434b13bb0
        0x558434b13bb0
        0x558434b13bb0
        0x558434b13bb0
        0x558434b13bb0
        0x558434b13bb0
        0x558434b13bb0
        0x558434b13bb0
        0x558434b13bb0
        0x558434b13bb0
        0x558434b13bb0
        0x558434b13bb0
        0x558434b13bb0
        0x558434b13bb0
        0x558434b13bb0
        0x558434b13bb0
        0x558434b13bb0
        0x558434b13bb0
        0x558434b13bb0
        0x558434b13bb0
        0x558434b13bb0
        0x558434b13bb0
        0x558434b13bb0
        0x558434b13bb0
        0x558434b13bb0
        0x558434b13bb0
        0x558434b13bb0
        0x558434b13bb0
        0x558434b13bb0
        0x558434b13bb0
        0x558434b13bb0
]: 1
@preempt_stack[
        0x7f953d6cc360
]: 1
@preempt_stack[
        0x7f949ca0de59
]: 1
@preempt_stack[
        0x7f953dcd7d32
        0x81008100840081
]: 1
@preempt_stack[
        0x404429b3
        0
]: 1
@preempt_stack[
        0x401a3612
]: 1
@preempt_stack[
        0x40ce3301
        0x40ce2b84
        0x40b4035c
        0x40b3e1d4
        0x7f93fc09321b
        0x7f94788cb95b
        0x7f93fc07fabb
        0x401c67a6
        0x7f949c846428
        0x7f949c9e578f
        0x558431b82490
]: 1
@preempt_stack[
        0x7f953dd4f9f2
]: 1
@preempt_stack[
        0x7f949c9ce4be
        0x120000
        0x558433fb3f80
        0x558433fb3f80
        0x558433fb3f80
        0x558433fb3f80
        0x558433fb3f80
        0x558433fb3f80
        0x558433fb3f80
        0x558433fb3f80
        0x558433fb3f80
        0x558433fb3f80
        0x558433fb3f80
        0x558433fb3f80
        0x558433fb3f80
        0x558433fb3f80
        0x558433fb3f80
        0x558433fb3f80
        0x558433fb3f80
        0x558433fb3f80
        0x558433fb3f80
        0x558433fb3f80
        0x558433fb3f80
        0x558433fb3f80
        0x558433fb3f80
        0x558433fb3f80
        0x558433fb3f80
        0x558433fb3f80
        0x558433fb3f80
        0x558433fb3f80
        0x558433fb3f80
        0x558433fb3f80
        0x558433fb3f80
        0x558433fb3f80
        0x558433fb3f80
        0x558433fb3f80
        0x558433fb3f80
        0x558433fb3f80
        0x558433fb3f80
        0x558433fb3f80
        0x558433fb3f80
        0x558433fb3f80
        0x558433fb3f80
        0x558433fb3f80
        0x558433fb3f80
        0x558433fb3f80
        0x558433fb3f80
        0x558433fb3f80
        0x558433fb3f80
        0x558433fb3f80
        0x558433fb3f80
        0x558433fb3f80
        0x558433fb3f80
        0x558433fb3f80
        0x558433fb3f80
        0x558433fb3f80
        0x558433fb3f80
        0x558433fb3f80
        0x558433fb3f80
        0x558433fb3f80
        0x558433fb3f80
        0x558433fb3f80
        0x558433fb3f80
        0x558433fb3f80
        0x558433fb3f80
        0x558433fb3f80
        0x558433fb3f80
        0x558433fb3f80
        0x558433fb3f80
        0x558433fb3f80
        0x558433fb3f80
        0x558433fb3f80
        0x558433fb3f80
        0x558433fb3f80
        0x558433fb3f80
        0x558433fb3f80
        0x558433fb3f80
        0x558433fb3f80
        0x558433fb3f80
        0x558433fb3f80
        0x558433fb3f80
        0x558433fb3f80
        0x558433fb3f80
        0x558433fb3f80
        0x558433fb3f80
        0x558433fb3f80
        0x558433fb3f80
        0x558433fb3f80
        0x558433fb3f80
        0x558433fb3f80
        0x558433fb3f80
        0x558433fb3f80
        0x558433fb3f80
        0x558433fb3f80
        0x558433fb3f80
        0x558433fb3f80
        0x558433fb3f80
        0x558433fb3f80
        0x558433fb3f80
        0x558433fb3f80
        0x558433fb3f80
        0x558433fb3f80
        0x558433fb3f80
        0x558433fb3f80
        0x558433fb3f80
        0x558433fb3f80
        0x558433fb3f80
        0x558433fb3f80
        0x558433fb3f80
        0x558433fb3f80
        0x558433fb3f80
        0x558433fb3f80
        0x558433fb3f80
        0x558433fb3f80
        0x558433fb3f80
        0x558433fb3f80
        0x558433fb3f80
        0x558433fb3f80
        0x558433fb3f80
        0x558433fb3f80
        0x558433fb3f80
        0x558433fb3f80
        0x558433fb3f80
        0x558433fb3f80
        0x558433fb3f80
        0x558433fb3f80
        0x558433fb3f80
]: 1
@preempt_stack[
        0x7f949c9a2996
]: 1
@preempt_stack[
        0x7f953e7762c0
        0x7f9500c608d0
]: 1
@preempt_stack[
        0x40444164
]: 1
@preempt_stack[
        0x401c00e8
        0x4028b7b4
        0x4028b70c
        0x4028b528
        0x4028b3c4
        0x4046dfb8
        0x40785934
        0x401c67a6
        0x7f949c846428
        0x7f949c9e578f
        0x558431b82490
]: 1
@preempt_stack[
        0x7f949ca5dad1
        0
]: 1
@preempt_stack[
        0x7f953dd182c7
        0xf8
]: 1
@preempt_stack[
        0x7f953dd55cf0
]: 1
@preempt_stack[
        __pthread_mutex_unlock+20
]: 1
@preempt_stack[
        0x7f953dd54e37
]: 1
@preempt_stack[
        0x7f953e5af95e
]: 1
@preempt_stack[
        0x40caeee4
        0
        0x2000000000000001
        0x558432740e50
        0x558432740e50
        0x558432740e50
        0x558432740e50
        0x558432740e50
        0x558432740e50
        0x558432740e50
        0x558432740e50
        0x558432740e50
        0x558432740e50
        0x558432740e50
        0x558432740e50
        0x558432740e50
        0x558432740e50
        0x558432740e50
        0x558432740e50
        0x558432740e50
        0x558432740e50
        0x558432740e50
        0x558432740e50
        0x558432740e50
        0x558432740e50
        0x558432740e50
        0x558432740e50
        0x558432740e50
        0x558432740e50
        0x558432740e50
        0x558432740e50
        0x558432740e50
        0x558432740e50
        0x558432740e50
        0x558432740e50
        0x558432740e50
        0x558432740e50
        0x558432740e50
        0x558432740e50
        0x558432740e50
        0x558432740e50
        0x558432740e50
        0x558432740e50
        0x558432740e50
        0x558432740e50
        0x558432740e50
        0x558432740e50
        0x558432740e50
        0x558432740e50
        0x558432740e50
        0x558432740e50
        0x558432740e50
        0x558432740e50
        0x558432740e50
        0x558432740e50
        0x558432740e50
        0x558432740e50
        0x558432740e50
        0x558432740e50
        0x558432740e50
        0x558432740e50
        0x558432740e50
        0x558432740e50
        0x558432740e50
        0x558432740e50
        0x558432740e50
        0x558432740e50
        0x558432740e50
        0x558432740e50
        0x558432740e50
        0x558432740e50
        0x558432740e50
        0x558432740e50
        0x558432740e50
        0x558432740e50
        0x558432740e50
        0x558432740e50
        0x558432740e50
        0x558432740e50
        0x558432740e50
        0x558432740e50
        0x558432740e50
        0x558432740e50
        0x558432740e50
        0x558432740e50
        0x558432740e50
        0x558432740e50
        0x558432740e50
        0x558432740e50
        0x558432740e50
        0x558432740e50
        0x558432740e50
        0x558432740e50
        0x558432740e50
        0x558432740e50
        0x558432740e50
        0x558432740e50
        0x558432740e50
        0x558432740e50
        0x558432740e50
        0x558432740e50
        0x558432740e50
        0x558432740e50
        0x558432740e50
        0x558432740e50
        0x558432740e50
        0x558432740e50
        0x558432740e50
        0x558432740e50
        0x558432740e50
        0x558432740e50
        0x558432740e50
        0x558432740e50
        0x558432740e50
        0x558432740e50
        0x558432740e50
        0x558432740e50
        0x558432740e50
        0x558432740e50
        0x558432740e50
        0x558432740e50
        0x558432740e50
        0x558432740e50
        0x558432740e50
        0x558432740e50
        0x558432740e50
        0x558432740e50
]: 1
@preempt_stack[
        0x7f953e6fda6c
]: 1
@preempt_stack[
        0x7f949c9cb8e0
        0x130000
        0
        0
        0x558434c6af90
]: 1
@preempt_stack[
        0x4043bab9
        0x40d37448
        0x40d36eac
        0x40aeee2c
        0x40a8a7df
        0x40407e56
        0x40403d24
        0x7f949c846428
        0x7f949c9e578f
        0x558431b82490
]: 1
@preempt_stack[
        0x7f949c9dcfa3
        0x120000
        0x558432435718
        0x558432435718
        0x558432435718
        0x558432435718
        0x558432435718
        0x558432435718
        0x558432435718
        0x558432435718
        0x558432435718
        0x558432435718
        0x558432435718
        0x558432435718
        0x558432435718
        0x558432435718
        0x558432435718
        0x558432435718
        0x558432435718
        0x558432435718
        0x558432435718
        0x558432435718
        0x558432435718
        0x558432435718
        0x558432435718
        0x558432435718
        0x558432435718
        0x558432435718
        0x558432435718
        0x558432435718
        0x558432435718
        0x558432435718
        0x558432435718
        0x558432435718
        0x558432435718
        0x558432435718
        0x558432435718
        0x558432435718
        0x558432435718
        0x558432435718
        0x558432435718
        0x558432435718
        0x558432435718
        0x558432435718
        0x558432435718
        0x558432435718
        0x558432435718
        0x558432435718
        0x558432435718
        0x558432435718
        0x558432435718
        0x558432435718
        0x558432435718
        0x558432435718
        0x558432435718
        0x558432435718
        0x558432435718
        0x558432435718
        0x558432435718
        0x558432435718
        0x558432435718
        0x558432435718
        0x558432435718
        0x558432435718
        0x558432435718
        0x558432435718
        0x558432435718
        0x558432435718
        0x558432435718
        0x558432435718
        0x558432435718
        0x558432435718
        0x558432435718
        0x558432435718
        0x558432435718
        0x558432435718
        0x558432435718
        0x558432435718
        0x558432435718
        0x558432435718
        0x558432435718
        0x558432435718
        0x558432435718
        0x558432435718
        0x558432435718
        0x558432435718
        0x558432435718
        0x558432435718
        0x558432435718
        0x558432435718
        0x558432435718
        0x558432435718
        0x558432435718
        0x558432435718
        0x558432435718
        0x558432435718
        0x558432435718
        0x558432435718
        0x558432435718
        0x558432435718
        0x558432435718
        0x558432435718
        0x558432435718
        0x558432435718
        0x558432435718
        0x558432435718
        0x558432435718
        0x558432435718
        0x558432435718
        0x558432435718
        0x558432435718
        0x558432435718
        0x558432435718
        0x558432435718
        0x558432435718
        0x558432435718
        0x558432435718
        0x558432435718
        0x558432435718
        0x558432435718
        0x558432435718
        0x558432435718
        0x558432435718
        0x558432435718
        0x558432435718
        0x558432435718
        0x558432435718
]: 1
@preempt_stack[
        0x40d5b481
        0x40d59754
        0x40d56ef8
        0x40d56d80
        0x40d53864
        0
        0
        0x558432736408
        0x558432736408
        0x558432736408
        0x558432736408
        0x558432736408
        0x558432736408
        0x558432736408
        0x558432736408
        0x558432736408
        0x558432736408
        0x558432736408
        0x558432736408
        0x558432736408
        0x558432736408
        0x558432736408
        0x558432736408
        0x558432736408
        0x558432736408
        0x558432736408
        0x558432736408
        0x558432736408
        0x558432736408
        0x558432736408
        0x558432736408
        0x558432736408
        0x558432736408
        0x558432736408
        0x558432736408
        0x558432736408
        0x558432736408
        0x558432736408
        0x558432736408
        0x558432736408
        0x558432736408
        0x558432736408
        0x558432736408
        0x558432736408
        0x558432736408
        0x558432736408
        0x558432736408
        0x558432736408
        0x558432736408
        0x558432736408
        0x558432736408
        0x558432736408
        0x558432736408
        0x558432736408
        0x558432736408
        0x558432736408
        0x558432736408
        0x558432736408
        0x558432736408
        0x558432736408
        0x558432736408
        0x558432736408
        0x558432736408
        0x558432736408
        0x558432736408
        0x558432736408
        0x558432736408
        0x558432736408
        0x558432736408
        0x558432736408
        0x558432736408
        0x558432736408
        0x558432736408
        0x558432736408
        0x558432736408
        0x558432736408
        0x558432736408
        0x558432736408
        0x558432736408
        0x558432736408
        0x558432736408
        0x558432736408
        0x558432736408
        0x558432736408
        0x558432736408
        0x558432736408
        0x558432736408
        0x558432736408
        0x558432736408
        0x558432736408
        0x558432736408
        0x558432736408
        0x558432736408
        0x558432736408
        0x558432736408
        0x558432736408
        0x558432736408
        0x558432736408
        0x558432736408
        0x558432736408
        0x558432736408
        0x558432736408
        0x558432736408
        0x558432736408
        0x558432736408
        0x558432736408
        0x558432736408
        0x558432736408
        0x558432736408
        0x558432736408
        0x558432736408
        0x558432736408
        0x558432736408
        0x558432736408
        0x558432736408
        0x558432736408
        0x558432736408
        0x558432736408
        0x558432736408
        0x558432736408
        0x558432736408
        0x558432736408
        0x558432736408
        0x558432736408
        0x558432736408
        0x558432736408
        0x558432736408
]: 1
@preempt_stack[
        0x7f953d6d6737
        0x7f9502677480
]: 1
@preempt_stack[
        0x40d14605
        0x40a8b118
        0x40407e56
        0x40403d24
        0x7f949c846428
        0x7f949c9e578f
        0x558431b82490
]: 1
@preempt_stack[
        0x401a5460
        0x40202df4
        0x40212f04
        0x40407e56
        0x40403d24
        0x7f949c846428
        0x7f949c9e578f
        0x558431b82490
]: 1
@preempt_stack[
        0x40d5b464
        0x40d585f9
        0x40d56ef8
        0x40d56d80
        0x40d53864
        0
        0
        0x558432736408
        0x558432736408
        0x558432736408
        0x558432736408
        0x558432736408
        0x558432736408
        0x558432736408
        0x558432736408
        0x558432736408
        0x558432736408
        0x558432736408
        0x558432736408
        0x558432736408
        0x558432736408
        0x558432736408
        0x558432736408
        0x558432736408
        0x558432736408
        0x558432736408
        0x558432736408
        0x558432736408
        0x558432736408
        0x558432736408
        0x558432736408
        0x558432736408
        0x558432736408
        0x558432736408
        0x558432736408
        0x558432736408
        0x558432736408
        0x558432736408
        0x558432736408
        0x558432736408
        0x558432736408
        0x558432736408
        0x558432736408
        0x558432736408
        0x558432736408
        0x558432736408
        0x558432736408
        0x558432736408
        0x558432736408
        0x558432736408
        0x558432736408
        0x558432736408
        0x558432736408
        0x558432736408
        0x558432736408
        0x558432736408
        0x558432736408
        0x558432736408
        0x558432736408
        0x558432736408
        0x558432736408
        0x558432736408
        0x558432736408
        0x558432736408
        0x558432736408
        0x558432736408
        0x558432736408
        0x558432736408
        0x558432736408
        0x558432736408
        0x558432736408
        0x558432736408
        0x558432736408
        0x558432736408
        0x558432736408
        0x558432736408
        0x558432736408
        0x558432736408
        0x558432736408
        0x558432736408
        0x558432736408
        0x558432736408
        0x558432736408
        0x558432736408
        0x558432736408
        0x558432736408
        0x558432736408
        0x558432736408
        0x558432736408
        0x558432736408
        0x558432736408
        0x558432736408
        0x558432736408
        0x558432736408
        0x558432736408
        0x558432736408
        0x558432736408
        0x558432736408
        0x558432736408
        0x558432736408
        0x558432736408
        0x558432736408
        0x558432736408
        0x558432736408
        0x558432736408
        0x558432736408
        0x558432736408
        0x558432736408
        0x558432736408
        0x558432736408
        0x558432736408
        0x558432736408
        0x558432736408
        0x558432736408
        0x558432736408
        0x558432736408
        0x558432736408
        0x558432736408
        0x558432736408
        0x558432736408
        0x558432736408
        0x558432736408
        0x558432736408
        0x558432736408
        0x558432736408
        0x558432736408
        0x558432736408
]: 1
@preempt_stack[
        0x40ca980d
        0x40ea9d18
        0x40ea95d9
        0x40ca69ba
        0x40407e56
        0x40403d24
        0x7f949c846428
        0x7f949c9e578f
        0x558431b82490
]: 1
@preempt_stack[
        0x7f949c9cb66b
        0x130000
        0x1
        0
]: 1
@preempt_stack[
        __pthread_getspecific+25
]: 1
@preempt_stack[
        0x7f949c9ce4d8
        0x558434b71dd0
        0x558434b71dd0
        0x558434b71dd0
        0x558434b71dd0
        0x558434b71dd0
        0x558434b71dd0
        0x558434b71dd0
        0x558434b71dd0
        0x558434b71dd0
        0x558434b71dd0
        0x558434b71dd0
        0x558434b71dd0
        0x558434b71dd0
        0x558434b71dd0
        0x558434b71dd0
        0x558434b71dd0
        0x558434b71dd0
        0x558434b71dd0
        0x558434b71dd0
        0x558434b71dd0
        0x558434b71dd0
        0x558434b71dd0
        0x558434b71dd0
        0x558434b71dd0
        0x558434b71dd0
        0x558434b71dd0
        0x558434b71dd0
        0x558434b71dd0
        0x558434b71dd0
        0x558434b71dd0
        0x558434b71dd0
        0x558434b71dd0
        0x558434b71dd0
        0x558434b71dd0
        0x558434b71dd0
        0x558434b71dd0
        0x558434b71dd0
        0x558434b71dd0
        0x558434b71dd0
        0x558434b71dd0
        0x558434b71dd0
        0x558434b71dd0
        0x558434b71dd0
        0x558434b71dd0
        0x558434b71dd0
        0x558434b71dd0
        0x558434b71dd0
        0x558434b71dd0
        0x558434b71dd0
        0x558434b71dd0
        0x558434b71dd0
        0x558434b71dd0
        0x558434b71dd0
        0x558434b71dd0
        0x558434b71dd0
        0x558434b71dd0
        0x558434b71dd0
        0x558434b71dd0
        0x558434b71dd0
        0x558434b71dd0
        0x558434b71dd0
        0x558434b71dd0
        0x558434b71dd0
        0x558434b71dd0
        0x558434b71dd0
        0x558434b71dd0
        0x558434b71dd0
        0x558434b71dd0
        0x558434b71dd0
        0x558434b71dd0
        0x558434b71dd0
        0x558434b71dd0
        0x558434b71dd0
        0x558434b71dd0
        0x558434b71dd0
        0x558434b71dd0
        0x558434b71dd0
        0x558434b71dd0
        0x558434b71dd0
        0x558434b71dd0
        0x558434b71dd0
        0x558434b71dd0
        0x558434b71dd0
        0x558434b71dd0
        0x558434b71dd0
        0x558434b71dd0
        0x558434b71dd0
        0x558434b71dd0
        0x558434b71dd0
        0x558434b71dd0
        0x558434b71dd0
        0x558434b71dd0
        0x558434b71dd0
        0x558434b71dd0
        0x558434b71dd0
        0x558434b71dd0
        0x558434b71dd0
        0x558434b71dd0
        0x558434b71dd0
        0x558434b71dd0
        0x558434b71dd0
        0x558434b71dd0
        0x558434b71dd0
        0x558434b71dd0
        0x558434b71dd0
        0x558434b71dd0
        0x558434b71dd0
        0x558434b71dd0
        0x558434b71dd0
        0x558434b71dd0
        0x558434b71dd0
        0x558434b71dd0
        0x558434b71dd0
        0x558434b71dd0
        0x558434b71dd0
        0x558434b71dd0
        0x558434b71dd0
        0x558434b71dd0
        0x558434b71dd0
        0x558434b71dd0
        0x558434b71dd0
        0x558434b71dd0
        0x558434b71dd0
        0x558434b71dd0
        0x558434b71dd0
        0x558434b71dd0
]: 1
@preempt_stack[
        0x7f953dcdc45f
]: 1
@preempt_stack[
        0x7f953d9f551c
        0xea00038ffce36e0
        0x7f953da02410
        0x8348078948011124
]: 1
@preempt_stack[
        0x7f953e8b3113
        0x7f9500c608d0
]: 1
@preempt_stack[
        0x7f949c964ed5
        0x404085f4
        0x40a8a76e
        0x40407e56
        0x40403d24
        0x7f949c846428
        0x7f949c9e578f
        0x558431b82490
]: 1
@preempt_stack[
        0x7f953d907383
]: 1
@preempt_stack[
        0x40bb324f
        0
        0
        0x558432736408
        0x558432736408
        0x558432736408
        0x558432736408
        0x558432736408
        0x558432736408
        0x558432736408
        0x558432736408
        0x558432736408
        0x558432736408
        0x558432736408
        0x558432736408
        0x558432736408
        0x558432736408
        0x558432736408
        0x558432736408
        0x558432736408
        0x558432736408
        0x558432736408
        0x558432736408
        0x558432736408
        0x558432736408
        0x558432736408
        0x558432736408
        0x558432736408
        0x558432736408
        0x558432736408
        0x558432736408
        0x558432736408
        0x558432736408
        0x558432736408
        0x558432736408
        0x558432736408
        0x558432736408
        0x558432736408
        0x558432736408
        0x558432736408
        0x558432736408
        0x558432736408
        0x558432736408
        0x558432736408
        0x558432736408
        0x558432736408
        0x558432736408
        0x558432736408
        0x558432736408
        0x558432736408
        0x558432736408
        0x558432736408
        0x558432736408
        0x558432736408
        0x558432736408
        0x558432736408
        0x558432736408
        0x558432736408
        0x558432736408
        0x558432736408
        0x558432736408
        0x558432736408
        0x558432736408
        0x558432736408
        0x558432736408
        0x558432736408
        0x558432736408
        0x558432736408
        0x558432736408
        0x558432736408
        0x558432736408
        0x558432736408
        0x558432736408
        0x558432736408
        0x558432736408
        0x558432736408
        0x558432736408
        0x558432736408
        0x558432736408
        0x558432736408
        0x558432736408
        0x558432736408
        0x558432736408
        0x558432736408
        0x558432736408
        0x558432736408
        0x558432736408
        0x558432736408
        0x558432736408
        0x558432736408
        0x558432736408
        0x558432736408
        0x558432736408
        0x558432736408
        0x558432736408
        0x558432736408
        0x558432736408
        0x558432736408
        0x558432736408
        0x558432736408
        0x558432736408
        0x558432736408
        0x558432736408
        0x558432736408
        0x558432736408
        0x558432736408
        0x558432736408
        0x558432736408
        0x558432736408
        0x558432736408
        0x558432736408
        0x558432736408
        0x558432736408
        0x558432736408
        0x558432736408
        0x558432736408
        0x558432736408
        0x558432736408
        0x558432736408
        0x558432736408
        0x558432736408
        0x558432736408
        0x558432736408
        0x558432736408
        0x558432736408
        0x558432736408
        0x558432736408
]: 1
@preempt_stack[
        0x7f949c9570f4
        0x404085f4
        0x40a8a76e
        0x40407e56
        0x40403d24
        0x7f949c846428
        0x7f949c9e578f
        0x558431b82490
]: 1
@preempt_stack[
        0x7f949c9cb8e4
]: 1
@preempt_stack[
        0x40caeef0
        0x40eac640
        0x40ea95d9
        0x40ca69ba
        0x40407e56
        0x40403d24
        0x7f949c846428
        0x7f949c9e578f
        0x558431b82490
]: 1
@preempt_stack[
        0x7f949ca0d5c2
]: 1
@preempt_stack[
        0x7f953d905e3e
        0
]: 1
@preempt_stack[
        0x7f953d6c4342
]: 1
@preempt_stack[
        0x40aeeebd
        0x40a8a7df
        0x40407e56
        0x40403d24
        0x7f949c846428
        0x7f949c9e578f
        0x558431b82490
]: 1
@preempt_stack[
        0x7f953dd42e82
]: 1
@preempt_stack[
        0x7f953da51a54
]: 1
@preempt_stack[
        0x40d09165
        0
        0
        0x558432736408
        0x558432736408
        0x558432736408
        0x558432736408
        0x558432736408
        0x558432736408
        0x558432736408
        0x558432736408
        0x558432736408
        0x558432736408
        0x558432736408
        0x558432736408
        0x558432736408
        0x558432736408
        0x558432736408
        0x558432736408
        0x558432736408
        0x558432736408
        0x558432736408
        0x558432736408
        0x558432736408
        0x558432736408
        0x558432736408
        0x558432736408
        0x558432736408
        0x558432736408
        0x558432736408
        0x558432736408
        0x558432736408
        0x558432736408
        0x558432736408
        0x558432736408
        0x558432736408
        0x558432736408
        0x558432736408
        0x558432736408
        0x558432736408
        0x558432736408
        0x558432736408
        0x558432736408
        0x558432736408
        0x558432736408
        0x558432736408
        0x558432736408
        0x558432736408
        0x558432736408
        0x558432736408
        0x558432736408
        0x558432736408
        0x558432736408
        0x558432736408
        0x558432736408
        0x558432736408
        0x558432736408
        0x558432736408
        0x558432736408
        0x558432736408
        0x558432736408
        0x558432736408
        0x558432736408
        0x558432736408
        0x558432736408
        0x558432736408
        0x558432736408
        0x558432736408
        0x558432736408
        0x558432736408
        0x558432736408
        0x558432736408
        0x558432736408
        0x558432736408
        0x558432736408
        0x558432736408
        0x558432736408
        0x558432736408
        0x558432736408
        0x558432736408
        0x558432736408
        0x558432736408
        0x558432736408
        0x558432736408
        0x558432736408
        0x558432736408
        0x558432736408
        0x558432736408
        0x558432736408
        0x558432736408
        0x558432736408
        0x558432736408
        0x558432736408
        0x558432736408
        0x558432736408
        0x558432736408
        0x558432736408
        0x558432736408
        0x558432736408
        0x558432736408
        0x558432736408
        0x558432736408
        0x558432736408
        0x558432736408
        0x558432736408
        0x558432736408
        0x558432736408
        0x558432736408
        0x558432736408
        0x558432736408
        0x558432736408
        0x558432736408
        0x558432736408
        0x558432736408
        0x558432736408
        0x558432736408
        0x558432736408
        0x558432736408
        0x558432736408
        0x558432736408
        0x558432736408
        0x558432736408
        0x558432736408
        0x558432736408
        0x558432736408
        0x558432736408
        0x558432736408
]: 1
@preempt_stack[
        0x7f949c9e44f9
        0x120000
        0x7f9494008ca0
        0x7f9494008ca0
        0x7f9494008ca0
        0x7f9494008ca0
        0x7f9494008ca0
        0x7f9494008ca0
        0x7f9494008ca0
        0x7f9494008ca0
        0x7f9494008ca0
        0x7f9494008ca0
        0x7f9494008ca0
        0x7f9494008ca0
        0x7f9494008ca0
        0x7f9494008ca0
        0x7f9494008ca0
        0x7f9494008ca0
        0x7f9494008ca0
        0x7f9494008ca0
        0x7f9494008ca0
        0x7f9494008ca0
        0x7f9494008ca0
        0x7f9494008ca0
        0x7f9494008ca0
        0x7f9494008ca0
        0x7f9494008ca0
        0x7f9494008ca0
        0x7f9494008ca0
        0x7f9494008ca0
        0x7f9494008ca0
        0x7f9494008ca0
        0x7f9494008ca0
        0x7f9494008ca0
        0x7f9494008ca0
        0x7f9494008ca0
        0x7f9494008ca0
        0x7f9494008ca0
        0x7f9494008ca0
        0x7f9494008ca0
        0x7f9494008ca0
        0x7f9494008ca0
        0x7f9494008ca0
        0x7f9494008ca0
        0x7f9494008ca0
        0x7f9494008ca0
        0x7f9494008ca0
        0x7f9494008ca0
        0x7f9494008ca0
        0x7f9494008ca0
        0x7f9494008ca0
        0x7f9494008ca0
        0x7f9494008ca0
        0x7f9494008ca0
        0x7f9494008ca0
        0x7f9494008ca0
        0x7f9494008ca0
        0x7f9494008ca0
        0x7f9494008ca0
        0x7f9494008ca0
        0x7f9494008ca0
        0x7f9494008ca0
        0x7f9494008ca0
        0x7f9494008ca0
        0x7f9494008ca0
        0x7f9494008ca0
        0x7f9494008ca0
        0x7f9494008ca0
        0x7f9494008ca0
        0x7f9494008ca0
        0x7f9494008ca0
        0x7f9494008ca0
        0x7f9494008ca0
        0x7f9494008ca0
        0x7f9494008ca0
        0x7f9494008ca0
        0x7f9494008ca0
        0x7f9494008ca0
        0x7f9494008ca0
        0x7f9494008ca0
        0x7f9494008ca0
        0x7f9494008ca0
        0x7f9494008ca0
        0x7f9494008ca0
        0x7f9494008ca0
        0x7f9494008ca0
        0x7f9494008ca0
        0x7f9494008ca0
        0x7f9494008ca0
        0x7f9494008ca0
        0x7f9494008ca0
        0x7f9494008ca0
        0x7f9494008ca0
        0x7f9494008ca0
        0x7f9494008ca0
        0x7f9494008ca0
        0x7f9494008ca0
        0x7f9494008ca0
        0x7f9494008ca0
        0x7f9494008ca0
        0x7f9494008ca0
        0x7f9494008ca0
        0x7f9494008ca0
        0x7f9494008ca0
        0x7f9494008ca0
        0x7f9494008ca0
        0x7f9494008ca0
        0x7f9494008ca0
        0x7f9494008ca0
        0x7f9494008ca0
        0x7f9494008ca0
        0x7f9494008ca0
        0x7f9494008ca0
        0x7f9494008ca0
        0x7f9494008ca0
        0x7f9494008ca0
        0x7f9494008ca0
        0x7f9494008ca0
        0x7f9494008ca0
        0x7f9494008ca0
        0x7f9494008ca0
        0x7f9494008ca0
        0x7f9494008ca0
        0x7f9494008ca0
        0x7f9494008ca0
        0x7f9494008ca0
        0x7f9494008ca0
]: 1
@preempt_stack[
        0x40ce0904
]: 1
@preempt_stack[
        usleep+4
]: 1
@preempt_stack[
        0x40d06888
        0
        0x2000000000000001
        0x558432740e50
        0x558432740e50
        0x558432740e50
        0x558432740e50
        0x558432740e50
        0x558432740e50
        0x558432740e50
        0x558432740e50
        0x558432740e50
        0x558432740e50
        0x558432740e50
        0x558432740e50
        0x558432740e50
        0x558432740e50
        0x558432740e50
        0x558432740e50
        0x558432740e50
        0x558432740e50
        0x558432740e50
        0x558432740e50
        0x558432740e50
        0x558432740e50
        0x558432740e50
        0x558432740e50
        0x558432740e50
        0x558432740e50
        0x558432740e50
        0x558432740e50
        0x558432740e50
        0x558432740e50
        0x558432740e50
        0x558432740e50
        0x558432740e50
        0x558432740e50
        0x558432740e50
        0x558432740e50
        0x558432740e50
        0x558432740e50
        0x558432740e50
        0x558432740e50
        0x558432740e50
        0x558432740e50
        0x558432740e50
        0x558432740e50
        0x558432740e50
        0x558432740e50
        0x558432740e50
        0x558432740e50
        0x558432740e50
        0x558432740e50
        0x558432740e50
        0x558432740e50
        0x558432740e50
        0x558432740e50
        0x558432740e50
        0x558432740e50
        0x558432740e50
        0x558432740e50
        0x558432740e50
        0x558432740e50
        0x558432740e50
        0x558432740e50
        0x558432740e50
        0x558432740e50
        0x558432740e50
        0x558432740e50
        0x558432740e50
        0x558432740e50
        0x558432740e50
        0x558432740e50
        0x558432740e50
        0x558432740e50
        0x558432740e50
        0x558432740e50
        0x558432740e50
        0x558432740e50
        0x558432740e50
        0x558432740e50
        0x558432740e50
        0x558432740e50
        0x558432740e50
        0x558432740e50
        0x558432740e50
        0x558432740e50
        0x558432740e50
        0x558432740e50
        0x558432740e50
        0x558432740e50
        0x558432740e50
        0x558432740e50
        0x558432740e50
        0x558432740e50
        0x558432740e50
        0x558432740e50
        0x558432740e50
        0x558432740e50
        0x558432740e50
        0x558432740e50
        0x558432740e50
        0x558432740e50
        0x558432740e50
        0x558432740e50
        0x558432740e50
        0x558432740e50
        0x558432740e50
        0x558432740e50
        0x558432740e50
        0x558432740e50
        0x558432740e50
        0x558432740e50
        0x558432740e50
        0x558432740e50
        0x558432740e50
        0x558432740e50
        0x558432740e50
        0x558432740e50
        0x558432740e50
        0x558432740e50
        0x558432740e50
        0x558432740e50
        0x558432740e50
        0x558432740e50
        0x558432740e50
        0x558432740e50
]: 1
@preempt_stack[
        0x401ac344
        0
        0
        0x558432736408
        0x558432736408
        0x558432736408
        0x558432736408
        0x558432736408
        0x558432736408
        0x558432736408
        0x558432736408
        0x558432736408
        0x558432736408
        0x558432736408
        0x558432736408
        0x558432736408
        0x558432736408
        0x558432736408
        0x558432736408
        0x558432736408
        0x558432736408
        0x558432736408
        0x558432736408
        0x558432736408
        0x558432736408
        0x558432736408
        0x558432736408
        0x558432736408
        0x558432736408
        0x558432736408
        0x558432736408
        0x558432736408
        0x558432736408
        0x558432736408
        0x558432736408
        0x558432736408
        0x558432736408
        0x558432736408
        0x558432736408
        0x558432736408
        0x558432736408
        0x558432736408
        0x558432736408
        0x558432736408
        0x558432736408
        0x558432736408
        0x558432736408
        0x558432736408
        0x558432736408
        0x558432736408
        0x558432736408
        0x558432736408
        0x558432736408
        0x558432736408
        0x558432736408
        0x558432736408
        0x558432736408
        0x558432736408
        0x558432736408
        0x558432736408
        0x558432736408
        0x558432736408
        0x558432736408
        0x558432736408
        0x558432736408
        0x558432736408
        0x558432736408
        0x558432736408
        0x558432736408
        0x558432736408
        0x558432736408
        0x558432736408
        0x558432736408
        0x558432736408
        0x558432736408
        0x558432736408
        0x558432736408
        0x558432736408
        0x558432736408
        0x558432736408
        0x558432736408
        0x558432736408
        0x558432736408
        0x558432736408
        0x558432736408
        0x558432736408
        0x558432736408
        0x558432736408
        0x558432736408
        0x558432736408
        0x558432736408
        0x558432736408
        0x558432736408
        0x558432736408
        0x558432736408
        0x558432736408
        0x558432736408
        0x558432736408
        0x558432736408
        0x558432736408
        0x558432736408
        0x558432736408
        0x558432736408
        0x558432736408
        0x558432736408
        0x558432736408
        0x558432736408
        0x558432736408
        0x558432736408
        0x558432736408
        0x558432736408
        0x558432736408
        0x558432736408
        0x558432736408
        0x558432736408
        0x558432736408
        0x558432736408
        0x558432736408
        0x558432736408
        0x558432736408
        0x558432736408
        0x558432736408
        0x558432736408
        0x558432736408
        0x558432736408
        0x558432736408
        0x558432736408
]: 1
@preempt_stack[
        0x40d5e304
        0x40d5977c
        0x40d56ef8
        0x40d56d80
        0x40d53864
        0
        0
        0x558432736408
        0x558432736408
        0x558432736408
        0x558432736408
        0x558432736408
        0x558432736408
        0x558432736408
        0x558432736408
        0x558432736408
        0x558432736408
        0x558432736408
        0x558432736408
        0x558432736408
        0x558432736408
        0x558432736408
        0x558432736408
        0x558432736408
        0x558432736408
        0x558432736408
        0x558432736408
        0x558432736408
        0x558432736408
        0x558432736408
        0x558432736408
        0x558432736408
        0x558432736408
        0x558432736408
        0x558432736408
        0x558432736408
        0x558432736408
        0x558432736408
        0x558432736408
        0x558432736408
        0x558432736408
        0x558432736408
        0x558432736408
        0x558432736408
        0x558432736408
        0x558432736408
        0x558432736408
        0x558432736408
        0x558432736408
        0x558432736408
        0x558432736408
        0x558432736408
        0x558432736408
        0x558432736408
        0x558432736408
        0x558432736408
        0x558432736408
        0x558432736408
        0x558432736408
        0x558432736408
        0x558432736408
        0x558432736408
        0x558432736408
        0x558432736408
        0x558432736408
        0x558432736408
        0x558432736408
        0x558432736408
        0x558432736408
        0x558432736408
        0x558432736408
        0x558432736408
        0x558432736408
        0x558432736408
        0x558432736408
        0x558432736408
        0x558432736408
        0x558432736408
        0x558432736408
        0x558432736408
        0x558432736408
        0x558432736408
        0x558432736408
        0x558432736408
        0x558432736408
        0x558432736408
        0x558432736408
        0x558432736408
        0x558432736408
        0x558432736408
        0x558432736408
        0x558432736408
        0x558432736408
        0x558432736408
        0x558432736408
        0x558432736408
        0x558432736408
        0x558432736408
        0x558432736408
        0x558432736408
        0x558432736408
        0x558432736408
        0x558432736408
        0x558432736408
        0x558432736408
        0x558432736408
        0x558432736408
        0x558432736408
        0x558432736408
        0x558432736408
        0x558432736408
        0x558432736408
        0x558432736408
        0x558432736408
        0x558432736408
        0x558432736408
        0x558432736408
        0x558432736408
        0x558432736408
        0x558432736408
        0x558432736408
        0x558432736408
        0x558432736408
        0x558432736408
        0x558432736408
        0x558432736408
        0x558432736408
]: 1
@preempt_stack[
        GC_dirty_inner+41
        0x40c2f218
        0x40c2eec4
        0x40c41434
        0x40c41000
        0x40a8a76e
        0x40407e56
        0x40403d24
        0x7f949c846428
        0x7f949c9e578f
        0x558431b82490
]: 1
@preempt_stack[
        0x7f953dd1a4c4
        0x7f95000013ea
        0
]: 1
@preempt_stack[
        0x7f953e823a4b
        0x7f95100a11b0
        0x7f953e7ff980
]: 1
@preempt_stack[
        0x40496d9b
        0x4046dfb8
        0x40785934
        0x401c67a6
        0x7f949c846428
        0x7f949c9e578f
        0x558431b82490
]: 1
@preempt_stack[
        0x7f953dcd7a78
        0xf0b0f010f040f0c
]: 1
@preempt_stack[
        0x40c39606
        0x40a8a76e
        0x40407e56
        0x40403d24
        0x7f949c846428
        0x7f949c9e578f
        0x558431b82490
]: 1
@preempt_stack[
        0x7f953dbd179c
]: 1
@preempt_stack[
        0x7f953dd4ecca
]: 2
@preempt_stack[
        0x7f953e4a6c27
]: 2
@preempt_stack[
        0x40eadea3
        0x40eac640
        0x40ea95d9
        0x40ca69ba
        0x40407e56
        0x40403d24
        0x7f949c846428
        0x7f949c9e578f
        0x558431b82490
]: 2
@preempt_stack[
        0x40d5b9df
        0x40d56ef8
        0x40d56d80
        0x40d53864
        0
        0
        0x558432736408
        0x558432736408
        0x558432736408
        0x558432736408
        0x558432736408
        0x558432736408
        0x558432736408
        0x558432736408
        0x558432736408
        0x558432736408
        0x558432736408
        0x558432736408
        0x558432736408
        0x558432736408
        0x558432736408
        0x558432736408
        0x558432736408
        0x558432736408
        0x558432736408
        0x558432736408
        0x558432736408
        0x558432736408
        0x558432736408
        0x558432736408
        0x558432736408
        0x558432736408
        0x558432736408
        0x558432736408
        0x558432736408
        0x558432736408
        0x558432736408
        0x558432736408
        0x558432736408
        0x558432736408
        0x558432736408
        0x558432736408
        0x558432736408
        0x558432736408
        0x558432736408
        0x558432736408
        0x558432736408
        0x558432736408
        0x558432736408
        0x558432736408
        0x558432736408
        0x558432736408
        0x558432736408
        0x558432736408
        0x558432736408
        0x558432736408
        0x558432736408
        0x558432736408
        0x558432736408
        0x558432736408
        0x558432736408
        0x558432736408
        0x558432736408
        0x558432736408
        0x558432736408
        0x558432736408
        0x558432736408
        0x558432736408
        0x558432736408
        0x558432736408
        0x558432736408
        0x558432736408
        0x558432736408
        0x558432736408
        0x558432736408
        0x558432736408
        0x558432736408
        0x558432736408
        0x558432736408
        0x558432736408
        0x558432736408
        0x558432736408
        0x558432736408
        0x558432736408
        0x558432736408
        0x558432736408
        0x558432736408
        0x558432736408
        0x558432736408
        0x558432736408
        0x558432736408
        0x558432736408
        0x558432736408
        0x558432736408
        0x558432736408
        0x558432736408
        0x558432736408
        0x558432736408
        0x558432736408
        0x558432736408
        0x558432736408
        0x558432736408
        0x558432736408
        0x558432736408
        0x558432736408
        0x558432736408
        0x558432736408
        0x558432736408
        0x558432736408
        0x558432736408
        0x558432736408
        0x558432736408
        0x558432736408
        0x558432736408
        0x558432736408
        0x558432736408
        0x558432736408
        0x558432736408
        0x558432736408
        0x558432736408
        0x558432736408
        0x558432736408
        0x558432736408
        0x558432736408
        0x558432736408
        0x558432736408
        0x558432736408
]: 2
@preempt_stack[
        0x40d9cc3a
        0x40d57d0c
        0x40d56d80
        0x40d53864
        0
        0
        0x558432736408
        0x558432736408
        0x558432736408
        0x558432736408
        0x558432736408
        0x558432736408
        0x558432736408
        0x558432736408
        0x558432736408
        0x558432736408
        0x558432736408
        0x558432736408
        0x558432736408
        0x558432736408
        0x558432736408
        0x558432736408
        0x558432736408
        0x558432736408
        0x558432736408
        0x558432736408
        0x558432736408
        0x558432736408
        0x558432736408
        0x558432736408
        0x558432736408
        0x558432736408
        0x558432736408
        0x558432736408
        0x558432736408
        0x558432736408
        0x558432736408
        0x558432736408
        0x558432736408
        0x558432736408
        0x558432736408
        0x558432736408
        0x558432736408
        0x558432736408
        0x558432736408
        0x558432736408
        0x558432736408
        0x558432736408
        0x558432736408
        0x558432736408
        0x558432736408
        0x558432736408
        0x558432736408
        0x558432736408
        0x558432736408
        0x558432736408
        0x558432736408
        0x558432736408
        0x558432736408
        0x558432736408
        0x558432736408
        0x558432736408
        0x558432736408
        0x558432736408
        0x558432736408
        0x558432736408
        0x558432736408
        0x558432736408
        0x558432736408
        0x558432736408
        0x558432736408
        0x558432736408
        0x558432736408
        0x558432736408
        0x558432736408
        0x558432736408
        0x558432736408
        0x558432736408
        0x558432736408
        0x558432736408
        0x558432736408
        0x558432736408
        0x558432736408
        0x558432736408
        0x558432736408
        0x558432736408
        0x558432736408
        0x558432736408
        0x558432736408
        0x558432736408
        0x558432736408
        0x558432736408
        0x558432736408
        0x558432736408
        0x558432736408
        0x558432736408
        0x558432736408
        0x558432736408
        0x558432736408
        0x558432736408
        0x558432736408
        0x558432736408
        0x558432736408
        0x558432736408
        0x558432736408
        0x558432736408
        0x558432736408
        0x558432736408
        0x558432736408
        0x558432736408
        0x558432736408
        0x558432736408
        0x558432736408
        0x558432736408
        0x558432736408
        0x558432736408
        0x558432736408
        0x558432736408
        0x558432736408
        0x558432736408
        0x558432736408
        0x558432736408
        0x558432736408
        0x558432736408
        0x558432736408
        0x558432736408
        0x558432736408
]: 2
@preempt_stack[
        0x7f953d907316
]: 2
@preempt_stack[
        0x404417e0
]: 2
@preempt_stack[
        0x7f953cab61f2
        0x16a6
]: 2
@preempt_stack[
        0x7f949c9cb631
]: 2
@preempt_stack[
        0x4044448f
]: 2
@preempt_stack[
        0x401ac328
        0x40212f04
        0x40a8a76e
        0x40407e56
        0x40403d24
        0x7f949c846428
        0x7f949c9e578f
        0x558431b82490
]: 2
@preempt_stack[
        0x7f953cab61f2
        0x15f8
]: 2
@preempt_stack[
        0x7f953caa95d4
]: 2
@preempt_stack[
        0x40bb23ba
        0
        0
        0x558432736408
        0x558432736408
        0x558432736408
        0x558432736408
        0x558432736408
        0x558432736408
        0x558432736408
        0x558432736408
        0x558432736408
        0x558432736408
        0x558432736408
        0x558432736408
        0x558432736408
        0x558432736408
        0x558432736408
        0x558432736408
        0x558432736408
        0x558432736408
        0x558432736408
        0x558432736408
        0x558432736408
        0x558432736408
        0x558432736408
        0x558432736408
        0x558432736408
        0x558432736408
        0x558432736408
        0x558432736408
        0x558432736408
        0x558432736408
        0x558432736408
        0x558432736408
        0x558432736408
        0x558432736408
        0x558432736408
        0x558432736408
        0x558432736408
        0x558432736408
        0x558432736408
        0x558432736408
        0x558432736408
        0x558432736408
        0x558432736408
        0x558432736408
        0x558432736408
        0x558432736408
        0x558432736408
        0x558432736408
        0x558432736408
        0x558432736408
        0x558432736408
        0x558432736408
        0x558432736408
        0x558432736408
        0x558432736408
        0x558432736408
        0x558432736408
        0x558432736408
        0x558432736408
        0x558432736408
        0x558432736408
        0x558432736408
        0x558432736408
        0x558432736408
        0x558432736408
        0x558432736408
        0x558432736408
        0x558432736408
        0x558432736408
        0x558432736408
        0x558432736408
        0x558432736408
        0x558432736408
        0x558432736408
        0x558432736408
        0x558432736408
        0x558432736408
        0x558432736408
        0x558432736408
        0x558432736408
        0x558432736408
        0x558432736408
        0x558432736408
        0x558432736408
        0x558432736408
        0x558432736408
        0x558432736408
        0x558432736408
        0x558432736408
        0x558432736408
        0x558432736408
        0x558432736408
        0x558432736408
        0x558432736408
        0x558432736408
        0x558432736408
        0x558432736408
        0x558432736408
        0x558432736408
        0x558432736408
        0x558432736408
        0x558432736408
        0x558432736408
        0x558432736408
        0x558432736408
        0x558432736408
        0x558432736408
        0x558432736408
        0x558432736408
        0x558432736408
        0x558432736408
        0x558432736408
        0x558432736408
        0x558432736408
        0x558432736408
        0x558432736408
        0x558432736408
        0x558432736408
        0x558432736408
        0x558432736408
        0x558432736408
        0x558432736408
        0x558432736408
        0x558432736408
]: 2
@preempt_stack[
        0x7f953db09487
]: 2
@preempt_stack[
        0x7f949c9cb629
]: 2
@preempt_stack[
        0x7f953dd4e922
        0x2eaf0cdb28aa9316
]: 2
@preempt_stack[
        0x7f953e89fab1
        <unwind failure>
]: 2
@preempt_stack[
        0x40cac3f5
]: 2
@preempt_stack[
        0x7f953dd3cfb3
]: 2
@preempt_stack[
        0x7f953d9015ec
        0x88e088a08870883
]: 2
@preempt_stack[
        0x40cae00b
]: 2
@preempt_stack[
        0x7f953caa95cd
]: 2
@preempt_stack[
        0x7f949c9a23b6
        0
]: 2
@preempt_stack[
        0x40442cf0
]: 2
@preempt_stack[
        0x7f953dd4e863
        0x7f953dd1d540
        0x2636058d48fc8949
]: 2
@preempt_stack[
        0x7f949c9ace53
        0
]: 2
@preempt_stack[
        0x7f953e4a691d
]: 2
@preempt_stack[
        0x7f953dd2c878
        0x7f92a4010000
        0x7f9501f084a0
        0x58
        0x7f91b00000
]: 2
@preempt_stack[
        0x7f953d6bad30
]: 2
@preempt_stack[
        0x7f953cab61f2
        0x200000020
        0x7f9332980b20
]: 2
@preempt_stack[
        0x40bb24c3
        0
        0
        0x558432736408
        0x558432736408
        0x558432736408
        0x558432736408
        0x558432736408
        0x558432736408
        0x558432736408
        0x558432736408
        0x558432736408
        0x558432736408
        0x558432736408
        0x558432736408
        0x558432736408
        0x558432736408
        0x558432736408
        0x558432736408
        0x558432736408
        0x558432736408
        0x558432736408
        0x558432736408
        0x558432736408
        0x558432736408
        0x558432736408
        0x558432736408
        0x558432736408
        0x558432736408
        0x558432736408
        0x558432736408
        0x558432736408
        0x558432736408
        0x558432736408
        0x558432736408
        0x558432736408
        0x558432736408
        0x558432736408
        0x558432736408
        0x558432736408
        0x558432736408
        0x558432736408
        0x558432736408
        0x558432736408
        0x558432736408
        0x558432736408
        0x558432736408
        0x558432736408
        0x558432736408
        0x558432736408
        0x558432736408
        0x558432736408
        0x558432736408
        0x558432736408
        0x558432736408
        0x558432736408
        0x558432736408
        0x558432736408
        0x558432736408
        0x558432736408
        0x558432736408
        0x558432736408
        0x558432736408
        0x558432736408
        0x558432736408
        0x558432736408
        0x558432736408
        0x558432736408
        0x558432736408
        0x558432736408
        0x558432736408
        0x558432736408
        0x558432736408
        0x558432736408
        0x558432736408
        0x558432736408
        0x558432736408
        0x558432736408
        0x558432736408
        0x558432736408
        0x558432736408
        0x558432736408
        0x558432736408
        0x558432736408
        0x558432736408
        0x558432736408
        0x558432736408
        0x558432736408
        0x558432736408
        0x558432736408
        0x558432736408
        0x558432736408
        0x558432736408
        0x558432736408
        0x558432736408
        0x558432736408
        0x558432736408
        0x558432736408
        0x558432736408
        0x558432736408
        0x558432736408
        0x558432736408
        0x558432736408
        0x558432736408
        0x558432736408
        0x558432736408
        0x558432736408
        0x558432736408
        0x558432736408
        0x558432736408
        0x558432736408
        0x558432736408
        0x558432736408
        0x558432736408
        0x558432736408
        0x558432736408
        0x558432736408
        0x558432736408
        0x558432736408
        0x558432736408
        0x558432736408
        0x558432736408
        0x558432736408
        0x558432736408
        0x558432736408
        0x558432736408
        0x558432736408
]: 2
@preempt_stack[
        0x40cadc60
        0x40d9cb64
        0x40d57d0c
        0x40d56d80
        0x40d53864
        0
        0
        0x558432736408
        0x558432736408
        0x558432736408
        0x558432736408
        0x558432736408
        0x558432736408
        0x558432736408
        0x558432736408
        0x558432736408
        0x558432736408
        0x558432736408
        0x558432736408
        0x558432736408
        0x558432736408
        0x558432736408
        0x558432736408
        0x558432736408
        0x558432736408
        0x558432736408
        0x558432736408
        0x558432736408
        0x558432736408
        0x558432736408
        0x558432736408
        0x558432736408
        0x558432736408
        0x558432736408
        0x558432736408
        0x558432736408
        0x558432736408
        0x558432736408
        0x558432736408
        0x558432736408
        0x558432736408
        0x558432736408
        0x558432736408
        0x558432736408
        0x558432736408
        0x558432736408
        0x558432736408
        0x558432736408
        0x558432736408
        0x558432736408
        0x558432736408
        0x558432736408
        0x558432736408
        0x558432736408
        0x558432736408
        0x558432736408
        0x558432736408
        0x558432736408
        0x558432736408
        0x558432736408
        0x558432736408
        0x558432736408
        0x558432736408
        0x558432736408
        0x558432736408
        0x558432736408
        0x558432736408
        0x558432736408
        0x558432736408
        0x558432736408
        0x558432736408
        0x558432736408
        0x558432736408
        0x558432736408
        0x558432736408
        0x558432736408
        0x558432736408
        0x558432736408
        0x558432736408
        0x558432736408
        0x558432736408
        0x558432736408
        0x558432736408
        0x558432736408
        0x558432736408
        0x558432736408
        0x558432736408
        0x558432736408
        0x558432736408
        0x558432736408
        0x558432736408
        0x558432736408
        0x558432736408
        0x558432736408
        0x558432736408
        0x558432736408
        0x558432736408
        0x558432736408
        0x558432736408
        0x558432736408
        0x558432736408
        0x558432736408
        0x558432736408
        0x558432736408
        0x558432736408
        0x558432736408
        0x558432736408
        0x558432736408
        0x558432736408
        0x558432736408
        0x558432736408
        0x558432736408
        0x558432736408
        0x558432736408
        0x558432736408
        0x558432736408
        0x558432736408
        0x558432736408
        0x558432736408
        0x558432736408
        0x558432736408
        0x558432736408
        0x558432736408
        0x558432736408
        0x558432736408
        0x558432736408
        0x558432736408
]: 2
@preempt_stack[
        GC_dirty_inner+41
        0x40d30e35
        0x40b18238
        0x7f949c846428
        0x7f949c9e578f
        0x558431b82490
]: 2
@preempt_stack[
        GC_dirty_inner+41
        0x40d83bf0
        0x40d57d0c
        0x40d56d80
        0x40d53864
        0
        0
        0x558432736408
        0x558432736408
        0x558432736408
        0x558432736408
        0x558432736408
        0x558432736408
        0x558432736408
        0x558432736408
        0x558432736408
        0x558432736408
        0x558432736408
        0x558432736408
        0x558432736408
        0x558432736408
        0x558432736408
        0x558432736408
        0x558432736408
        0x558432736408
        0x558432736408
        0x558432736408
        0x558432736408
        0x558432736408
        0x558432736408
        0x558432736408
        0x558432736408
        0x558432736408
        0x558432736408
        0x558432736408
        0x558432736408
        0x558432736408
        0x558432736408
        0x558432736408
        0x558432736408
        0x558432736408
        0x558432736408
        0x558432736408
        0x558432736408
        0x558432736408
        0x558432736408
        0x558432736408
        0x558432736408
        0x558432736408
        0x558432736408
        0x558432736408
        0x558432736408
        0x558432736408
        0x558432736408
        0x558432736408
        0x558432736408
        0x558432736408
        0x558432736408
        0x558432736408
        0x558432736408
        0x558432736408
        0x558432736408
        0x558432736408
        0x558432736408
        0x558432736408
        0x558432736408
        0x558432736408
        0x558432736408
        0x558432736408
        0x558432736408
        0x558432736408
        0x558432736408
        0x558432736408
        0x558432736408
        0x558432736408
        0x558432736408
        0x558432736408
        0x558432736408
        0x558432736408
        0x558432736408
        0x558432736408
        0x558432736408
        0x558432736408
        0x558432736408
        0x558432736408
        0x558432736408
        0x558432736408
        0x558432736408
        0x558432736408
        0x558432736408
        0x558432736408
        0x558432736408
        0x558432736408
        0x558432736408
        0x558432736408
        0x558432736408
        0x558432736408
        0x558432736408
        0x558432736408
        0x558432736408
        0x558432736408
        0x558432736408
        0x558432736408
        0x558432736408
        0x558432736408
        0x558432736408
        0x558432736408
        0x558432736408
        0x558432736408
        0x558432736408
        0x558432736408
        0x558432736408
        0x558432736408
        0x558432736408
        0x558432736408
        0x558432736408
        0x558432736408
        0x558432736408
        0x558432736408
        0x558432736408
        0x558432736408
        0x558432736408
        0x558432736408
        0x558432736408
        0x558432736408
        0x558432736408
        0x558432736408
]: 2
@preempt_stack[
        0x7f953dcbe717
]: 2
@preempt_stack[
        mono_metadata_type_equal+0
]: 2
@preempt_stack[
        0x7f953dd4b2d1
        0x2eaf0cdb28aa9316
]: 2
@preempt_stack[
        0x7f949c9ade41
]: 2
@preempt_stack[
        epoll_wait+98
        0x200000020
        0x7f9332980b20
]: 2
@preempt_stack[
        0x7f953dd55380
        0x30
]: 2
@preempt_stack[
        0x7f953e5af94c
]: 2
@preempt_stack[
        0x40d5b9a4
        0x40d56ef8
        0x40d56d80
        0x40d53864
        0
        0
        0x558432736408
        0x558432736408
        0x558432736408
        0x558432736408
        0x558432736408
        0x558432736408
        0x558432736408
        0x558432736408
        0x558432736408
        0x558432736408
        0x558432736408
        0x558432736408
        0x558432736408
        0x558432736408
        0x558432736408
        0x558432736408
        0x558432736408
        0x558432736408
        0x558432736408
        0x558432736408
        0x558432736408
        0x558432736408
        0x558432736408
        0x558432736408
        0x558432736408
        0x558432736408
        0x558432736408
        0x558432736408
        0x558432736408
        0x558432736408
        0x558432736408
        0x558432736408
        0x558432736408
        0x558432736408
        0x558432736408
        0x558432736408
        0x558432736408
        0x558432736408
        0x558432736408
        0x558432736408
        0x558432736408
        0x558432736408
        0x558432736408
        0x558432736408
        0x558432736408
        0x558432736408
        0x558432736408
        0x558432736408
        0x558432736408
        0x558432736408
        0x558432736408
        0x558432736408
        0x558432736408
        0x558432736408
        0x558432736408
        0x558432736408
        0x558432736408
        0x558432736408
        0x558432736408
        0x558432736408
        0x558432736408
        0x558432736408
        0x558432736408
        0x558432736408
        0x558432736408
        0x558432736408
        0x558432736408
        0x558432736408
        0x558432736408
        0x558432736408
        0x558432736408
        0x558432736408
        0x558432736408
        0x558432736408
        0x558432736408
        0x558432736408
        0x558432736408
        0x558432736408
        0x558432736408
        0x558432736408
        0x558432736408
        0x558432736408
        0x558432736408
        0x558432736408
        0x558432736408
        0x558432736408
        0x558432736408
        0x558432736408
        0x558432736408
        0x558432736408
        0x558432736408
        0x558432736408
        0x558432736408
        0x558432736408
        0x558432736408
        0x558432736408
        0x558432736408
        0x558432736408
        0x558432736408
        0x558432736408
        0x558432736408
        0x558432736408
        0x558432736408
        0x558432736408
        0x558432736408
        0x558432736408
        0x558432736408
        0x558432736408
        0x558432736408
        0x558432736408
        0x558432736408
        0x558432736408
        0x558432736408
        0x558432736408
        0x558432736408
        0x558432736408
        0x558432736408
        0x558432736408
        0x558432736408
        0x558432736408
        0x558432736408
]: 2
@preempt_stack[
        0x40cafaec
        0x40cab139
        0x40ca6ac7
        0x40407e56
        0x40403d24
        0x7f949c846428
        0x7f949c9e578f
        0x558431b82490
]: 2
@preempt_stack[
        0x7f949c9cb645
]: 2
@preempt_stack[
        0x7f953d6bb322
]: 2
@preempt_stack[
        0x7f953d9015e1
]: 2
@preempt_stack[
        0x7f949ca544cc
        0x7f949c9e578f
        0x558431b82490
]: 2
@preempt_stack[
        0x7f953e6b23a7
]: 2
@preempt_stack[
        0x7f949c9ace0f
        0
]: 2
@preempt_stack[
        0x7f953d90161e
]: 2
@preempt_stack[
        0x40cadc55
        0x40ce0114
]: 2
@preempt_stack[
        0x7f953d907309
]: 2
@preempt_stack[
        0x7f949c9cb8ee
]: 2
@preempt_stack[
        syscall+29
        0x7f9500c608d0
]: 2
@preempt_stack[
        0x40d58e81
        0x40d56ef8
        0x40d56d80
        0x40d53864
        0
        0
        0x558432736408
        0x558432736408
        0x558432736408
        0x558432736408
        0x558432736408
        0x558432736408
        0x558432736408
        0x558432736408
        0x558432736408
        0x558432736408
        0x558432736408
        0x558432736408
        0x558432736408
        0x558432736408
        0x558432736408
        0x558432736408
        0x558432736408
        0x558432736408
        0x558432736408
        0x558432736408
        0x558432736408
        0x558432736408
        0x558432736408
        0x558432736408
        0x558432736408
        0x558432736408
        0x558432736408
        0x558432736408
        0x558432736408
        0x558432736408
        0x558432736408
        0x558432736408
        0x558432736408
        0x558432736408
        0x558432736408
        0x558432736408
        0x558432736408
        0x558432736408
        0x558432736408
        0x558432736408
        0x558432736408
        0x558432736408
        0x558432736408
        0x558432736408
        0x558432736408
        0x558432736408
        0x558432736408
        0x558432736408
        0x558432736408
        0x558432736408
        0x558432736408
        0x558432736408
        0x558432736408
        0x558432736408
        0x558432736408
        0x558432736408
        0x558432736408
        0x558432736408
        0x558432736408
        0x558432736408
        0x558432736408
        0x558432736408
        0x558432736408
        0x558432736408
        0x558432736408
        0x558432736408
        0x558432736408
        0x558432736408
        0x558432736408
        0x558432736408
        0x558432736408
        0x558432736408
        0x558432736408
        0x558432736408
        0x558432736408
        0x558432736408
        0x558432736408
        0x558432736408
        0x558432736408
        0x558432736408
        0x558432736408
        0x558432736408
        0x558432736408
        0x558432736408
        0x558432736408
        0x558432736408
        0x558432736408
        0x558432736408
        0x558432736408
        0x558432736408
        0x558432736408
        0x558432736408
        0x558432736408
        0x558432736408
        0x558432736408
        0x558432736408
        0x558432736408
        0x558432736408
        0x558432736408
        0x558432736408
        0x558432736408
        0x558432736408
        0x558432736408
        0x558432736408
        0x558432736408
        0x558432736408
        0x558432736408
        0x558432736408
        0x558432736408
        0x558432736408
        0x558432736408
        0x558432736408
        0x558432736408
        0x558432736408
        0x558432736408
        0x558432736408
        0x558432736408
        0x558432736408
        0x558432736408
        0x558432736408
        0x558432736408
]: 2
@preempt_stack[
        GC_dirty_inner+41
        0x40dbe6db
        0x40dbdc5c
        0x40b18238
        0x7f949c846428
        0x7f949c9e578f
        0x558431b82490
]: 2
@preempt_stack[
        0x7f949c9cb64a
        0x120000
        0x558434020d18
        0x558434020d18
        0x558434020d18
        0x558434020d18
        0x558434020d18
        0x558434020d18
        0x558434020d18
        0x558434020d18
        0x558434020d18
        0x558434020d18
        0x558434020d18
        0x558434020d18
        0x558434020d18
        0x558434020d18
        0x558434020d18
        0x558434020d18
        0x558434020d18
        0x558434020d18
        0x558434020d18
        0x558434020d18
        0x558434020d18
        0x558434020d18
        0x558434020d18
        0x558434020d18
        0x558434020d18
        0x558434020d18
        0x558434020d18
        0x558434020d18
        0x558434020d18
        0x558434020d18
        0x558434020d18
        0x558434020d18
        0x558434020d18
        0x558434020d18
        0x558434020d18
        0x558434020d18
        0x558434020d18
        0x558434020d18
        0x558434020d18
        0x558434020d18
        0x558434020d18
        0x558434020d18
        0x558434020d18
        0x558434020d18
        0x558434020d18
        0x558434020d18
        0x558434020d18
        0x558434020d18
        0x558434020d18
        0x558434020d18
        0x558434020d18
        0x558434020d18
        0x558434020d18
        0x558434020d18
        0x558434020d18
        0x558434020d18
        0x558434020d18
        0x558434020d18
        0x558434020d18
        0x558434020d18
        0x558434020d18
        0x558434020d18
        0x558434020d18
        0x558434020d18
        0x558434020d18
        0x558434020d18
        0x558434020d18
        0x558434020d18
        0x558434020d18
        0x558434020d18
        0x558434020d18
        0x558434020d18
        0x558434020d18
        0x558434020d18
        0x558434020d18
        0x558434020d18
        0x558434020d18
        0x558434020d18
        0x558434020d18
        0x558434020d18
        0x558434020d18
        0x558434020d18
        0x558434020d18
        0x558434020d18
        0x558434020d18
        0x558434020d18
        0x558434020d18
        0x558434020d18
        0x558434020d18
        0x558434020d18
        0x558434020d18
        0x558434020d18
        0x558434020d18
        0x558434020d18
        0x558434020d18
        0x558434020d18
        0x558434020d18
        0x558434020d18
        0x558434020d18
        0x558434020d18
        0x558434020d18
        0x558434020d18
        0x558434020d18
        0x558434020d18
        0x558434020d18
        0x558434020d18
        0x558434020d18
        0x558434020d18
        0x558434020d18
        0x558434020d18
        0x558434020d18
        0x558434020d18
        0x558434020d18
        0x558434020d18
        0x558434020d18
        0x558434020d18
        0x558434020d18
        0x558434020d18
        0x558434020d18
        0x558434020d18
        0x558434020d18
        0x558434020d18
        0x558434020d18
        0x558434020d18
        0x558434020d18
]: 2
@preempt_stack[
        0x40cadf37
]: 2
@preempt_stack[
        0x7f953e87a975
        0x4380238f
]: 2
@preempt_stack[
        0x7f949c9cb5b8
        0
        0
]: 2
@preempt_stack[
        0x7f953dd55852
        0x128
]: 2
@preempt_stack[
        __pthread_getspecific+29
]: 2
@preempt_stack[
        0x40ca9dc0
        0x40ca9c78
        0x4043a937
        0x40ea9cd4
        0x40ea95d9
        0x40ca69ba
        0x40407e56
        0x40403d24
        0x7f949c846428
        0x7f949c9e578f
        0x558431b82490
]: 2
@preempt_stack[
        0x7f953dd4e978
        0x2eaf0cdb28aa9316
]: 2
@preempt_stack[
        0x4044bb81
        0x4044b20c
]: 2
@preempt_stack[
        0x7f953dcd8043
        0x58d058905850582
]: 2
@preempt_stack[
        0x4044b7e4
        0x4044b20c
]: 2
@preempt_stack[
        0x40caf110
]: 2
@preempt_stack[
        0x7f949c99dea1
]: 2
@preempt_stack[
        free+100
        0x2c00088000007f93
]: 2
@preempt_stack[
        0x40d5bba2
]: 2
@preempt_stack[
        0x7f953d905d1c
        0
]: 2
@preempt_stack[
        0x7f953dd3cfcd
]: 2
@preempt_stack[
        0x7f953d8ee9d0
]: 2
@preempt_stack[
        0x40441acf
]: 2
@preempt_stack[
        0x7f953e5b2ba0
]: 2
@preempt_stack[
        0x7f949c9dcfb5
]: 2
@preempt_stack[
        0x40441d60
]: 2
@preempt_stack[
        0x40d5b9c4
        0x40d56ef8
        0x40d56d80
        0x40d53864
        0
        0
        0x558432736408
        0x558432736408
        0x558432736408
        0x558432736408
        0x558432736408
        0x558432736408
        0x558432736408
        0x558432736408
        0x558432736408
        0x558432736408
        0x558432736408
        0x558432736408
        0x558432736408
        0x558432736408
        0x558432736408
        0x558432736408
        0x558432736408
        0x558432736408
        0x558432736408
        0x558432736408
        0x558432736408
        0x558432736408
        0x558432736408
        0x558432736408
        0x558432736408
        0x558432736408
        0x558432736408
        0x558432736408
        0x558432736408
        0x558432736408
        0x558432736408
        0x558432736408
        0x558432736408
        0x558432736408
        0x558432736408
        0x558432736408
        0x558432736408
        0x558432736408
        0x558432736408
        0x558432736408
        0x558432736408
        0x558432736408
        0x558432736408
        0x558432736408
        0x558432736408
        0x558432736408
        0x558432736408
        0x558432736408
        0x558432736408
        0x558432736408
        0x558432736408
        0x558432736408
        0x558432736408
        0x558432736408
        0x558432736408
        0x558432736408
        0x558432736408
        0x558432736408
        0x558432736408
        0x558432736408
        0x558432736408
        0x558432736408
        0x558432736408
        0x558432736408
        0x558432736408
        0x558432736408
        0x558432736408
        0x558432736408
        0x558432736408
        0x558432736408
        0x558432736408
        0x558432736408
        0x558432736408
        0x558432736408
        0x558432736408
        0x558432736408
        0x558432736408
        0x558432736408
        0x558432736408
        0x558432736408
        0x558432736408
        0x558432736408
        0x558432736408
        0x558432736408
        0x558432736408
        0x558432736408
        0x558432736408
        0x558432736408
        0x558432736408
        0x558432736408
        0x558432736408
        0x558432736408
        0x558432736408
        0x558432736408
        0x558432736408
        0x558432736408
        0x558432736408
        0x558432736408
        0x558432736408
        0x558432736408
        0x558432736408
        0x558432736408
        0x558432736408
        0x558432736408
        0x558432736408
        0x558432736408
        0x558432736408
        0x558432736408
        0x558432736408
        0x558432736408
        0x558432736408
        0x558432736408
        0x558432736408
        0x558432736408
        0x558432736408
        0x558432736408
        0x558432736408
        0x558432736408
        0x558432736408
        0x558432736408
        0x558432736408
]: 2
@preempt_stack[
        0x40bb3676
        0
        0
        0x558432736408
        0x558432736408
        0x558432736408
        0x558432736408
        0x558432736408
        0x558432736408
        0x558432736408
        0x558432736408
        0x558432736408
        0x558432736408
        0x558432736408
        0x558432736408
        0x558432736408
        0x558432736408
        0x558432736408
        0x558432736408
        0x558432736408
        0x558432736408
        0x558432736408
        0x558432736408
        0x558432736408
        0x558432736408
        0x558432736408
        0x558432736408
        0x558432736408
        0x558432736408
        0x558432736408
        0x558432736408
        0x558432736408
        0x558432736408
        0x558432736408
        0x558432736408
        0x558432736408
        0x558432736408
        0x558432736408
        0x558432736408
        0x558432736408
        0x558432736408
        0x558432736408
        0x558432736408
        0x558432736408
        0x558432736408
        0x558432736408
        0x558432736408
        0x558432736408
        0x558432736408
        0x558432736408
        0x558432736408
        0x558432736408
        0x558432736408
        0x558432736408
        0x558432736408
        0x558432736408
        0x558432736408
        0x558432736408
        0x558432736408
        0x558432736408
        0x558432736408
        0x558432736408
        0x558432736408
        0x558432736408
        0x558432736408
        0x558432736408
        0x558432736408
        0x558432736408
        0x558432736408
        0x558432736408
        0x558432736408
        0x558432736408
        0x558432736408
        0x558432736408
        0x558432736408
        0x558432736408
        0x558432736408
        0x558432736408
        0x558432736408
        0x558432736408
        0x558432736408
        0x558432736408
        0x558432736408
        0x558432736408
        0x558432736408
        0x558432736408
        0x558432736408
        0x558432736408
        0x558432736408
        0x558432736408
        0x558432736408
        0x558432736408
        0x558432736408
        0x558432736408
        0x558432736408
        0x558432736408
        0x558432736408
        0x558432736408
        0x558432736408
        0x558432736408
        0x558432736408
        0x558432736408
        0x558432736408
        0x558432736408
        0x558432736408
        0x558432736408
        0x558432736408
        0x558432736408
        0x558432736408
        0x558432736408
        0x558432736408
        0x558432736408
        0x558432736408
        0x558432736408
        0x558432736408
        0x558432736408
        0x558432736408
        0x558432736408
        0x558432736408
        0x558432736408
        0x558432736408
        0x558432736408
        0x558432736408
        0x558432736408
        0x558432736408
        0x558432736408
        0x558432736408
]: 2
@preempt_stack[
        0x7f953dd55b44
        0x21
]: 2
@preempt_stack[
        0x7f953db08129
]: 2
@preempt_stack[
        0x7f953caafc97
]: 2
@preempt_stack[
        0x7f949c97b240
]: 2
@preempt_stack[
        __pthread_mutex_lock+334
]: 2
@preempt_stack[
        0x40441a64
        0x4044b20c
]: 2
@preempt_stack[
        0x7f953d6caed9
]: 2
@preempt_stack[
        0x7f949ca0c35d
]: 2
@preempt_stack[
        0x4043ba70
]: 2
@preempt_stack[
        0x7f953d6bb2f7
]: 2
@preempt_stack[
        0x40c3837e
        0x40a8a76e
        0x40407e56
        0x40403d24
        0x7f949c846428
        0x7f949c9e578f
        0x558431b82490
]: 2
@preempt_stack[
        0x7f953d6cd18e
]: 2
@preempt_stack[
        0x7f953d905cc2
        0
]: 2
@preempt_stack[
        0x40442a76
]: 2
@preempt_stack[
        0x7f953dcd373c
]: 2
@preempt_stack[
        0x7f953d905cfb
        0
]: 2
@preempt_stack[
        0x7f949c9dcfbe
]: 2
@preempt_stack[
        0x40caf0d7
        0x40d9cb64
        0x40d57d0c
        0x40d56d80
        0x40d53864
        0
        0
        0x558432736408
        0x558432736408
        0x558432736408
        0x558432736408
        0x558432736408
        0x558432736408
        0x558432736408
        0x558432736408
        0x558432736408
        0x558432736408
        0x558432736408
        0x558432736408
        0x558432736408
        0x558432736408
        0x558432736408
        0x558432736408
        0x558432736408
        0x558432736408
        0x558432736408
        0x558432736408
        0x558432736408
        0x558432736408
        0x558432736408
        0x558432736408
        0x558432736408
        0x558432736408
        0x558432736408
        0x558432736408
        0x558432736408
        0x558432736408
        0x558432736408
        0x558432736408
        0x558432736408
        0x558432736408
        0x558432736408
        0x558432736408
        0x558432736408
        0x558432736408
        0x558432736408
        0x558432736408
        0x558432736408
        0x558432736408
        0x558432736408
        0x558432736408
        0x558432736408
        0x558432736408
        0x558432736408
        0x558432736408
        0x558432736408
        0x558432736408
        0x558432736408
        0x558432736408
        0x558432736408
        0x558432736408
        0x558432736408
        0x558432736408
        0x558432736408
        0x558432736408
        0x558432736408
        0x558432736408
        0x558432736408
        0x558432736408
        0x558432736408
        0x558432736408
        0x558432736408
        0x558432736408
        0x558432736408
        0x558432736408
        0x558432736408
        0x558432736408
        0x558432736408
        0x558432736408
        0x558432736408
        0x558432736408
        0x558432736408
        0x558432736408
        0x558432736408
        0x558432736408
        0x558432736408
        0x558432736408
        0x558432736408
        0x558432736408
        0x558432736408
        0x558432736408
        0x558432736408
        0x558432736408
        0x558432736408
        0x558432736408
        0x558432736408
        0x558432736408
        0x558432736408
        0x558432736408
        0x558432736408
        0x558432736408
        0x558432736408
        0x558432736408
        0x558432736408
        0x558432736408
        0x558432736408
        0x558432736408
        0x558432736408
        0x558432736408
        0x558432736408
        0x558432736408
        0x558432736408
        0x558432736408
        0x558432736408
        0x558432736408
        0x558432736408
        0x558432736408
        0x558432736408
        0x558432736408
        0x558432736408
        0x558432736408
        0x558432736408
        0x558432736408
        0x558432736408
        0x558432736408
        0x558432736408
        0x558432736408
]: 2
@preempt_stack[
        pthread_mutex_trylock+909
]: 2
@preempt_stack[
        0x7f953d9077db
        0
]: 2
@preempt_stack[
        __pthread_mutex_unlock+48
]: 2
@preempt_stack[
        0x40cac3c0
]: 2
@preempt_stack[
        0x7f953dd4e965
        0x2eaf0cdb28aa9316
]: 2
@preempt_stack[
        0x40d06822
        0
        0x2000000000000001
        0x558432740e50
        0x558432740e50
        0x558432740e50
        0x558432740e50
        0x558432740e50
        0x558432740e50
        0x558432740e50
        0x558432740e50
        0x558432740e50
        0x558432740e50
        0x558432740e50
        0x558432740e50
        0x558432740e50
        0x558432740e50
        0x558432740e50
        0x558432740e50
        0x558432740e50
        0x558432740e50
        0x558432740e50
        0x558432740e50
        0x558432740e50
        0x558432740e50
        0x558432740e50
        0x558432740e50
        0x558432740e50
        0x558432740e50
        0x558432740e50
        0x558432740e50
        0x558432740e50
        0x558432740e50
        0x558432740e50
        0x558432740e50
        0x558432740e50
        0x558432740e50
        0x558432740e50
        0x558432740e50
        0x558432740e50
        0x558432740e50
        0x558432740e50
        0x558432740e50
        0x558432740e50
        0x558432740e50
        0x558432740e50
        0x558432740e50
        0x558432740e50
        0x558432740e50
        0x558432740e50
        0x558432740e50
        0x558432740e50
        0x558432740e50
        0x558432740e50
        0x558432740e50
        0x558432740e50
        0x558432740e50
        0x558432740e50
        0x558432740e50
        0x558432740e50
        0x558432740e50
        0x558432740e50
        0x558432740e50
        0x558432740e50
        0x558432740e50
        0x558432740e50
        0x558432740e50
        0x558432740e50
        0x558432740e50
        0x558432740e50
        0x558432740e50
        0x558432740e50
        0x558432740e50
        0x558432740e50
        0x558432740e50
        0x558432740e50
        0x558432740e50
        0x558432740e50
        0x558432740e50
        0x558432740e50
        0x558432740e50
        0x558432740e50
        0x558432740e50
        0x558432740e50
        0x558432740e50
        0x558432740e50
        0x558432740e50
        0x558432740e50
        0x558432740e50
        0x558432740e50
        0x558432740e50
        0x558432740e50
        0x558432740e50
        0x558432740e50
        0x558432740e50
        0x558432740e50
        0x558432740e50
        0x558432740e50
        0x558432740e50
        0x558432740e50
        0x558432740e50
        0x558432740e50
        0x558432740e50
        0x558432740e50
        0x558432740e50
        0x558432740e50
        0x558432740e50
        0x558432740e50
        0x558432740e50
        0x558432740e50
        0x558432740e50
        0x558432740e50
        0x558432740e50
        0x558432740e50
        0x558432740e50
        0x558432740e50
        0x558432740e50
        0x558432740e50
        0x558432740e50
        0x558432740e50
        0x558432740e50
        0x558432740e50
        0x558432740e50
        0x558432740e50
        0x558432740e50
        0x558432740e50
        0x558432740e50
]: 3
@preempt_stack[
        0x40441c73
]: 3
@preempt_stack[
        0x40ce4d28
        0
        0
        0x558432736408
        0x558432736408
        0x558432736408
        0x558432736408
        0x558432736408
        0x558432736408
        0x558432736408
        0x558432736408
        0x558432736408
        0x558432736408
        0x558432736408
        0x558432736408
        0x558432736408
        0x558432736408
        0x558432736408
        0x558432736408
        0x558432736408
        0x558432736408
        0x558432736408
        0x558432736408
        0x558432736408
        0x558432736408
        0x558432736408
        0x558432736408
        0x558432736408
        0x558432736408
        0x558432736408
        0x558432736408
        0x558432736408
        0x558432736408
        0x558432736408
        0x558432736408
        0x558432736408
        0x558432736408
        0x558432736408
        0x558432736408
        0x558432736408
        0x558432736408
        0x558432736408
        0x558432736408
        0x558432736408
        0x558432736408
        0x558432736408
        0x558432736408
        0x558432736408
        0x558432736408
        0x558432736408
        0x558432736408
        0x558432736408
        0x558432736408
        0x558432736408
        0x558432736408
        0x558432736408
        0x558432736408
        0x558432736408
        0x558432736408
        0x558432736408
        0x558432736408
        0x558432736408
        0x558432736408
        0x558432736408
        0x558432736408
        0x558432736408
        0x558432736408
        0x558432736408
        0x558432736408
        0x558432736408
        0x558432736408
        0x558432736408
        0x558432736408
        0x558432736408
        0x558432736408
        0x558432736408
        0x558432736408
        0x558432736408
        0x558432736408
        0x558432736408
        0x558432736408
        0x558432736408
        0x558432736408
        0x558432736408
        0x558432736408
        0x558432736408
        0x558432736408
        0x558432736408
        0x558432736408
        0x558432736408
        0x558432736408
        0x558432736408
        0x558432736408
        0x558432736408
        0x558432736408
        0x558432736408
        0x558432736408
        0x558432736408
        0x558432736408
        0x558432736408
        0x558432736408
        0x558432736408
        0x558432736408
        0x558432736408
        0x558432736408
        0x558432736408
        0x558432736408
        0x558432736408
        0x558432736408
        0x558432736408
        0x558432736408
        0x558432736408
        0x558432736408
        0x558432736408
        0x558432736408
        0x558432736408
        0x558432736408
        0x558432736408
        0x558432736408
        0x558432736408
        0x558432736408
        0x558432736408
        0x558432736408
        0x558432736408
        0x558432736408
        0x558432736408
        0x558432736408
]: 3
@preempt_stack[
        0x40441b91
]: 3
@preempt_stack[
        0x7f949ca4d77d
]: 3
@preempt_stack[
        0x7f953d905ccf
        0
]: 3
@preempt_stack[
        0x40196618
        0
        0
        0x558432736408
        0x558432736408
        0x558432736408
        0x558432736408
        0x558432736408
        0x558432736408
        0x558432736408
        0x558432736408
        0x558432736408
        0x558432736408
        0x558432736408
        0x558432736408
        0x558432736408
        0x558432736408
        0x558432736408
        0x558432736408
        0x558432736408
        0x558432736408
        0x558432736408
        0x558432736408
        0x558432736408
        0x558432736408
        0x558432736408
        0x558432736408
        0x558432736408
        0x558432736408
        0x558432736408
        0x558432736408
        0x558432736408
        0x558432736408
        0x558432736408
        0x558432736408
        0x558432736408
        0x558432736408
        0x558432736408
        0x558432736408
        0x558432736408
        0x558432736408
        0x558432736408
        0x558432736408
        0x558432736408
        0x558432736408
        0x558432736408
        0x558432736408
        0x558432736408
        0x558432736408
        0x558432736408
        0x558432736408
        0x558432736408
        0x558432736408
        0x558432736408
        0x558432736408
        0x558432736408
        0x558432736408
        0x558432736408
        0x558432736408
        0x558432736408
        0x558432736408
        0x558432736408
        0x558432736408
        0x558432736408
        0x558432736408
        0x558432736408
        0x558432736408
        0x558432736408
        0x558432736408
        0x558432736408
        0x558432736408
        0x558432736408
        0x558432736408
        0x558432736408
        0x558432736408
        0x558432736408
        0x558432736408
        0x558432736408
        0x558432736408
        0x558432736408
        0x558432736408
        0x558432736408
        0x558432736408
        0x558432736408
        0x558432736408
        0x558432736408
        0x558432736408
        0x558432736408
        0x558432736408
        0x558432736408
        0x558432736408
        0x558432736408
        0x558432736408
        0x558432736408
        0x558432736408
        0x558432736408
        0x558432736408
        0x558432736408
        0x558432736408
        0x558432736408
        0x558432736408
        0x558432736408
        0x558432736408
        0x558432736408
        0x558432736408
        0x558432736408
        0x558432736408
        0x558432736408
        0x558432736408
        0x558432736408
        0x558432736408
        0x558432736408
        0x558432736408
        0x558432736408
        0x558432736408
        0x558432736408
        0x558432736408
        0x558432736408
        0x558432736408
        0x558432736408
        0x558432736408
        0x558432736408
        0x558432736408
        0x558432736408
        0x558432736408
        0x558432736408
        0x558432736408
]: 3
@preempt_stack[
        0x7f953dd4ec84
]: 3
@preempt_stack[
        0x7f949c9ce4d8
        0x558431b5b7a0
        0x558431b5b7a0
        0x558431b5b7a0
        0x558431b5b7a0
        0x558431b5b7a0
        0x558431b5b7a0
        0x558431b5b7a0
        0x558431b5b7a0
        0x558431b5b7a0
        0x558431b5b7a0
        0x558431b5b7a0
        0x558431b5b7a0
        0x558431b5b7a0
        0x558431b5b7a0
        0x558431b5b7a0
        0x558431b5b7a0
        0x558431b5b7a0
        0x558431b5b7a0
        0x558431b5b7a0
        0x558431b5b7a0
        0x558431b5b7a0
        0x558431b5b7a0
        0x558431b5b7a0
        0x558431b5b7a0
        0x558431b5b7a0
        0x558431b5b7a0
        0x558431b5b7a0
        0x558431b5b7a0
        0x558431b5b7a0
        0x558431b5b7a0
        0x558431b5b7a0
        0x558431b5b7a0
        0x558431b5b7a0
        0x558431b5b7a0
        0x558431b5b7a0
        0x558431b5b7a0
        0x558431b5b7a0
        0x558431b5b7a0
        0x558431b5b7a0
        0x558431b5b7a0
        0x558431b5b7a0
        0x558431b5b7a0
        0x558431b5b7a0
        0x558431b5b7a0
        0x558431b5b7a0
        0x558431b5b7a0
        0x558431b5b7a0
        0x558431b5b7a0
        0x558431b5b7a0
        0x558431b5b7a0
        0x558431b5b7a0
        0x558431b5b7a0
        0x558431b5b7a0
        0x558431b5b7a0
        0x558431b5b7a0
        0x558431b5b7a0
        0x558431b5b7a0
        0x558431b5b7a0
        0x558431b5b7a0
        0x558431b5b7a0
        0x558431b5b7a0
        0x558431b5b7a0
        0x558431b5b7a0
        0x558431b5b7a0
        0x558431b5b7a0
        0x558431b5b7a0
        0x558431b5b7a0
        0x558431b5b7a0
        0x558431b5b7a0
        0x558431b5b7a0
        0x558431b5b7a0
        0x558431b5b7a0
        0x558431b5b7a0
        0x558431b5b7a0
        0x558431b5b7a0
        0x558431b5b7a0
        0x558431b5b7a0
        0x558431b5b7a0
        0x558431b5b7a0
        0x558431b5b7a0
        0x558431b5b7a0
        0x558431b5b7a0
        0x558431b5b7a0
        0x558431b5b7a0
        0x558431b5b7a0
        0x558431b5b7a0
        0x558431b5b7a0
        0x558431b5b7a0
        0x558431b5b7a0
        0x558431b5b7a0
        0x558431b5b7a0
        0x558431b5b7a0
        0x558431b5b7a0
        0x558431b5b7a0
        0x558431b5b7a0
        0x558431b5b7a0
        0x558431b5b7a0
        0x558431b5b7a0
        0x558431b5b7a0
        0x558431b5b7a0
        0x558431b5b7a0
        0x558431b5b7a0
        0x558431b5b7a0
        0x558431b5b7a0
        0x558431b5b7a0
        0x558431b5b7a0
        0x558431b5b7a0
        0x558431b5b7a0
        0x558431b5b7a0
        0x558431b5b7a0
        0x558431b5b7a0
        0x558431b5b7a0
        0x558431b5b7a0
        0x558431b5b7a0
        0x558431b5b7a0
        0x558431b5b7a0
        0x558431b5b7a0
        0x558431b5b7a0
        0x558431b5b7a0
        0x558431b5b7a0
        0x558431b5b7a0
        0x558431b5b7a0
        0x558431b5b7a0
        0x558431b5b7a0
        0x558431b5b7a0
        0x558431b5b7a0
]: 3
@preempt_stack[
        __pthread_mutex_unlock+68
        0
        0x83800000000001
        0x558431b49658
        0x558431b49658
        0x558431b49658
        0x558431b49658
        0x558431b49658
        0x558431b49658
        0x558431b49658
        0x558431b49658
        0x558431b49658
        0x558431b49658
        0x558431b49658
        0x558431b49658
        0x558431b49658
        0x558431b49658
        0x558431b49658
        0x558431b49658
        0x558431b49658
        0x558431b49658
        0x558431b49658
        0x558431b49658
        0x558431b49658
        0x558431b49658
        0x558431b49658
        0x558431b49658
        0x558431b49658
        0x558431b49658
        0x558431b49658
        0x558431b49658
        0x558431b49658
        0x558431b49658
        0x558431b49658
        0x558431b49658
        0x558431b49658
        0x558431b49658
        0x558431b49658
        0x558431b49658
        0x558431b49658
        0x558431b49658
        0x558431b49658
        0x558431b49658
        0x558431b49658
        0x558431b49658
        0x558431b49658
        0x558431b49658
        0x558431b49658
        0x558431b49658
        0x558431b49658
        0x558431b49658
        0x558431b49658
        0x558431b49658
        0x558431b49658
        0x558431b49658
        0x558431b49658
        0x558431b49658
        0x558431b49658
        0x558431b49658
        0x558431b49658
        0x558431b49658
        0x558431b49658
        0x558431b49658
        0x558431b49658
        0x558431b49658
        0x558431b49658
        0x558431b49658
        0x558431b49658
        0x558431b49658
        0x558431b49658
        0x558431b49658
        0x558431b49658
        0x558431b49658
        0x558431b49658
        0x558431b49658
        0x558431b49658
        0x558431b49658
        0x558431b49658
        0x558431b49658
        0x558431b49658
        0x558431b49658
        0x558431b49658
        0x558431b49658
        0x558431b49658
        0x558431b49658
        0x558431b49658
        0x558431b49658
        0x558431b49658
        0x558431b49658
        0x558431b49658
        0x558431b49658
        0x558431b49658
        0x558431b49658
        0x558431b49658
        0x558431b49658
        0x558431b49658
        0x558431b49658
        0x558431b49658
        0x558431b49658
        0x558431b49658
        0x558431b49658
        0x558431b49658
        0x558431b49658
        0x558431b49658
        0x558431b49658
        0x558431b49658
        0x558431b49658
        0x558431b49658
        0x558431b49658
        0x558431b49658
        0x558431b49658
        0x558431b49658
        0x558431b49658
        0x558431b49658
        0x558431b49658
        0x558431b49658
        0x558431b49658
        0x558431b49658
        0x558431b49658
        0x558431b49658
        0x558431b49658
        0x558431b49658
        0x558431b49658
        0x558431b49658
        0x558431b49658
        0x558431b49658
        0x558431b49658
]: 3
@preempt_stack[
        0x40cad955
        0x40ce0114
]: 3
@preempt_stack[
        GC_dirty_inner+41
        0x4046dfb8
        0x40785934
        0x401c67a6
        0x7f949c846428
        0x7f949c9e578f
        0x558431b82490
]: 3
@preempt_stack[
        0x7f953d905cdb
        0
]: 3
@preempt_stack[
        0x7f953e4a6cc5
]: 3
@preempt_stack[
        0x40441b60
]: 3
@preempt_stack[
        GC_malloc_kind_global+101
]: 3
@preempt_stack[
        0x7f953dd243c8
        0x21
]: 3
@preempt_stack[
        0x7f953dba8987
]: 3
@preempt_stack[
        0x7f949c99de95
]: 3
@preempt_stack[
        0x7f953dd4fa4e
]: 3
@preempt_stack[
        0x7f949c9dcfcf
]: 3
@preempt_stack[
        0x7f953e6ca6ff
]: 3
@preempt_stack[
        0x7f953d6d5d3e
]: 3
@preempt_stack[
        0x40cad924
        0x40ce0114
]: 3
@preempt_stack[
        0x7f953d905b7a
]: 3
@preempt_stack[
        0x7f953caafcb7
]: 3
@preempt_stack[
        0x7f949c9cb8e0
]: 3
@preempt_stack[
        0x7f949c9cb626
]: 3
@preempt_stack[
        0x40caf1e0
]: 3
@preempt_stack[
        0x7f953d7b7e2b
]: 3
@preempt_stack[
        0x7f949c9cb778
        0x130000
        0
        0
]: 3
@preempt_stack[
        0x4044bb2b
        0x4044b20c
]: 3
@preempt_stack[
        0x40ce020a
]: 3
@preempt_stack[
        0x7f953d9077de
        0
]: 3
@preempt_stack[
        0x7f953d905cd5
        0
]: 3
@preempt_stack[
        0x7f953d6c9eff
]: 3
@preempt_stack[
        free+27
]: 3
@preempt_stack[
        0x7f949c99de92
]: 3
@preempt_stack[
        0x40441b79
]: 3
@preempt_stack[
        0x7f949ca0c357
]: 3
@preempt_stack[
        0x7f953d9077dd
        0
]: 3
@preempt_stack[
        0x40442a95
]: 3
@preempt_stack[
        mono_metadata_type_hash+80
        0x110000
        0x558431b42e78
        0x558431b42e78
        0x558431b42e78
        0x558431b42e78
        0x558431b42e78
        0x558431b42e78
        0x558431b42e78
        0x558431b42e78
        0x558431b42e78
        0x558431b42e78
        0x558431b42e78
        0x558431b42e78
        0x558431b42e78
        0x558431b42e78
        0x558431b42e78
        0x558431b42e78
        0x558431b42e78
        0x558431b42e78
        0x558431b42e78
        0x558431b42e78
        0x558431b42e78
        0x558431b42e78
        0x558431b42e78
        0x558431b42e78
        0x558431b42e78
        0x558431b42e78
        0x558431b42e78
        0x558431b42e78
        0x558431b42e78
        0x558431b42e78
        0x558431b42e78
        0x558431b42e78
        0x558431b42e78
        0x558431b42e78
        0x558431b42e78
        0x558431b42e78
        0x558431b42e78
        0x558431b42e78
        0x558431b42e78
        0x558431b42e78
        0x558431b42e78
        0x558431b42e78
        0x558431b42e78
        0x558431b42e78
        0x558431b42e78
        0x558431b42e78
        0x558431b42e78
        0x558431b42e78
        0x558431b42e78
        0x558431b42e78
        0x558431b42e78
        0x558431b42e78
        0x558431b42e78
        0x558431b42e78
        0x558431b42e78
        0x558431b42e78
        0x558431b42e78
        0x558431b42e78
        0x558431b42e78
        0x558431b42e78
        0x558431b42e78
        0x558431b42e78
        0x558431b42e78
        0x558431b42e78
        0x558431b42e78
        0x558431b42e78
        0x558431b42e78
        0x558431b42e78
        0x558431b42e78
        0x558431b42e78
        0x558431b42e78
        0x558431b42e78
        0x558431b42e78
        0x558431b42e78
        0x558431b42e78
        0x558431b42e78
        0x558431b42e78
        0x558431b42e78
        0x558431b42e78
        0x558431b42e78
        0x558431b42e78
        0x558431b42e78
        0x558431b42e78
        0x558431b42e78
        0x558431b42e78
        0x558431b42e78
        0x558431b42e78
        0x558431b42e78
        0x558431b42e78
        0x558431b42e78
        0x558431b42e78
        0x558431b42e78
        0x558431b42e78
        0x558431b42e78
        0x558431b42e78
        0x558431b42e78
        0x558431b42e78
        0x558431b42e78
        0x558431b42e78
        0x558431b42e78
        0x558431b42e78
        0x558431b42e78
        0x558431b42e78
        0x558431b42e78
        0x558431b42e78
        0x558431b42e78
        0x558431b42e78
        0x558431b42e78
        0x558431b42e78
        0x558431b42e78
        0x558431b42e78
        0x558431b42e78
        0x558431b42e78
        0x558431b42e78
        0x558431b42e78
        0x558431b42e78
        0x558431b42e78
        0x558431b42e78
        0x558431b42e78
        0x558431b42e78
        0x558431b42e78
        0x558431b42e78
        0x558431b42e78
        0x558431b42e78
        0x558431b42e78
]: 4
@preempt_stack[
        0x7f953d9ff734
]: 4
@preempt_stack[
        0x7f953d9073d1
]: 4
@preempt_stack[
        __pthread_mutex_lock+330
]: 4
@preempt_stack[
        0x7f953d905cb7
        0
]: 4
@preempt_stack[
        0x7f953d9075e9
        0
]: 4
@preempt_stack[
        0x40ce0167
]: 4
@preempt_stack[
        0x7f953caa97c5
]: 4
@preempt_stack[
        0x7f953dcbe605
]: 4
@preempt_stack[
        0x7f953e572002
]: 4
@preempt_stack[
        0x7f953caa95c8
]: 4
@preempt_stack[
        0x7f949c9a2a29
]: 4
@preempt_stack[
        0x40caf0d7
        0x40ce0114
]: 4
@preempt_stack[
        0x7f953d905d05
        0
]: 4
@preempt_stack[
        0x7f953d9075ea
        0
]: 4
@preempt_stack[
        0x7f953e4a6a1d
]: 4
@preempt_stack[
        GC_dirty_inner+41
]: 5
@preempt_stack[
        0x7f953d905cc9
        0
]: 5
@preempt_stack[
        0x7f953dcbe710
]: 5
@preempt_stack[
        0x7f953cbb884a
]: 5
@preempt_stack[
        0x7f953d905c76
]: 5
@preempt_stack[
        0x40441d32
]: 5
@preempt_stack[
        0x7f953d9077d9
        0
]: 5
@preempt_stack[
        0x7f953e4a6aac
]: 5
@preempt_stack[
        0x7f953caabeb0
]: 5
@preempt_stack[
        0x7f953e4a69bd
]: 5
@preempt_stack[
        0x7f953d907341
]: 5
@preempt_stack[
        0x7f949c9cb621
]: 5
@preempt_stack[
        0x40441d0d
]: 5
@preempt_stack[
        __pthread_mutex_unlock+68
        0
        0x1c00000000000001
        0x558431b48de8
        0x558431b48de8
        0x558431b48de8
        0x558431b48de8
        0x558431b48de8
        0x558431b48de8
        0x558431b48de8
        0x558431b48de8
        0x558431b48de8
        0x558431b48de8
        0x558431b48de8
        0x558431b48de8
        0x558431b48de8
        0x558431b48de8
        0x558431b48de8
        0x558431b48de8
        0x558431b48de8
        0x558431b48de8
        0x558431b48de8
        0x558431b48de8
        0x558431b48de8
        0x558431b48de8
        0x558431b48de8
        0x558431b48de8
        0x558431b48de8
        0x558431b48de8
        0x558431b48de8
        0x558431b48de8
        0x558431b48de8
        0x558431b48de8
        0x558431b48de8
        0x558431b48de8
        0x558431b48de8
        0x558431b48de8
        0x558431b48de8
        0x558431b48de8
        0x558431b48de8
        0x558431b48de8
        0x558431b48de8
        0x558431b48de8
        0x558431b48de8
        0x558431b48de8
        0x558431b48de8
        0x558431b48de8
        0x558431b48de8
        0x558431b48de8
        0x558431b48de8
        0x558431b48de8
        0x558431b48de8
        0x558431b48de8
        0x558431b48de8
        0x558431b48de8
        0x558431b48de8
        0x558431b48de8
        0x558431b48de8
        0x558431b48de8
        0x558431b48de8
        0x558431b48de8
        0x558431b48de8
        0x558431b48de8
        0x558431b48de8
        0x558431b48de8
        0x558431b48de8
        0x558431b48de8
        0x558431b48de8
        0x558431b48de8
        0x558431b48de8
        0x558431b48de8
        0x558431b48de8
        0x558431b48de8
        0x558431b48de8
        0x558431b48de8
        0x558431b48de8
        0x558431b48de8
        0x558431b48de8
        0x558431b48de8
        0x558431b48de8
        0x558431b48de8
        0x558431b48de8
        0x558431b48de8
        0x558431b48de8
        0x558431b48de8
        0x558431b48de8
        0x558431b48de8
        0x558431b48de8
        0x558431b48de8
        0x558431b48de8
        0x558431b48de8
        0x558431b48de8
        0x558431b48de8
        0x558431b48de8
        0x558431b48de8
        0x558431b48de8
        0x558431b48de8
        0x558431b48de8
        0x558431b48de8
        0x558431b48de8
        0x558431b48de8
        0x558431b48de8
        0x558431b48de8
        0x558431b48de8
        0x558431b48de8
        0x558431b48de8
        0x558431b48de8
        0x558431b48de8
        0x558431b48de8
        0x558431b48de8
        0x558431b48de8
        0x558431b48de8
        0x558431b48de8
        0x558431b48de8
        0x558431b48de8
        0x558431b48de8
        0x558431b48de8
        0x558431b48de8
        0x558431b48de8
        0x558431b48de8
        0x558431b48de8
        0x558431b48de8
        0x558431b48de8
        0x558431b48de8
        0x558431b48de8
        0x558431b48de8
        0x558431b48de8
]: 6
@preempt_stack[
        0x7f953d905d93
]: 6
@preempt_stack[
        0x7f953db0842f
]: 6
@preempt_stack[
        GC_dirty_inner+41
        0
        0
        0x558432736408
        0x558432736408
        0x558432736408
        0x558432736408
        0x558432736408
        0x558432736408
        0x558432736408
        0x558432736408
        0x558432736408
        0x558432736408
        0x558432736408
        0x558432736408
        0x558432736408
        0x558432736408
        0x558432736408
        0x558432736408
        0x558432736408
        0x558432736408
        0x558432736408
        0x558432736408
        0x558432736408
        0x558432736408
        0x558432736408
        0x558432736408
        0x558432736408
        0x558432736408
        0x558432736408
        0x558432736408
        0x558432736408
        0x558432736408
        0x558432736408
        0x558432736408
        0x558432736408
        0x558432736408
        0x558432736408
        0x558432736408
        0x558432736408
        0x558432736408
        0x558432736408
        0x558432736408
        0x558432736408
        0x558432736408
        0x558432736408
        0x558432736408
        0x558432736408
        0x558432736408
        0x558432736408
        0x558432736408
        0x558432736408
        0x558432736408
        0x558432736408
        0x558432736408
        0x558432736408
        0x558432736408
        0x558432736408
        0x558432736408
        0x558432736408
        0x558432736408
        0x558432736408
        0x558432736408
        0x558432736408
        0x558432736408
        0x558432736408
        0x558432736408
        0x558432736408
        0x558432736408
        0x558432736408
        0x558432736408
        0x558432736408
        0x558432736408
        0x558432736408
        0x558432736408
        0x558432736408
        0x558432736408
        0x558432736408
        0x558432736408
        0x558432736408
        0x558432736408
        0x558432736408
        0x558432736408
        0x558432736408
        0x558432736408
        0x558432736408
        0x558432736408
        0x558432736408
        0x558432736408
        0x558432736408
        0x558432736408
        0x558432736408
        0x558432736408
        0x558432736408
        0x558432736408
        0x558432736408
        0x558432736408
        0x558432736408
        0x558432736408
        0x558432736408
        0x558432736408
        0x558432736408
        0x558432736408
        0x558432736408
        0x558432736408
        0x558432736408
        0x558432736408
        0x558432736408
        0x558432736408
        0x558432736408
        0x558432736408
        0x558432736408
        0x558432736408
        0x558432736408
        0x558432736408
        0x558432736408
        0x558432736408
        0x558432736408
        0x558432736408
        0x558432736408
        0x558432736408
        0x558432736408
        0x558432736408
        0x558432736408
        0x558432736408
        0x558432736408
        0x558432736408
]: 6
@preempt_stack[
        0x7f949c9dcfa3
        0x110000
        0x558431b42e78
        0x558431b42e78
        0x558431b42e78
        0x558431b42e78
        0x558431b42e78
        0x558431b42e78
        0x558431b42e78
        0x558431b42e78
        0x558431b42e78
        0x558431b42e78
        0x558431b42e78
        0x558431b42e78
        0x558431b42e78
        0x558431b42e78
        0x558431b42e78
        0x558431b42e78
        0x558431b42e78
        0x558431b42e78
        0x558431b42e78
        0x558431b42e78
        0x558431b42e78
        0x558431b42e78
        0x558431b42e78
        0x558431b42e78
        0x558431b42e78
        0x558431b42e78
        0x558431b42e78
        0x558431b42e78
        0x558431b42e78
        0x558431b42e78
        0x558431b42e78
        0x558431b42e78
        0x558431b42e78
        0x558431b42e78
        0x558431b42e78
        0x558431b42e78
        0x558431b42e78
        0x558431b42e78
        0x558431b42e78
        0x558431b42e78
        0x558431b42e78
        0x558431b42e78
        0x558431b42e78
        0x558431b42e78
        0x558431b42e78
        0x558431b42e78
        0x558431b42e78
        0x558431b42e78
        0x558431b42e78
        0x558431b42e78
        0x558431b42e78
        0x558431b42e78
        0x558431b42e78
        0x558431b42e78
        0x558431b42e78
        0x558431b42e78
        0x558431b42e78
        0x558431b42e78
        0x558431b42e78
        0x558431b42e78
        0x558431b42e78
        0x558431b42e78
        0x558431b42e78
        0x558431b42e78
        0x558431b42e78
        0x558431b42e78
        0x558431b42e78
        0x558431b42e78
        0x558431b42e78
        0x558431b42e78
        0x558431b42e78
        0x558431b42e78
        0x558431b42e78
        0x558431b42e78
        0x558431b42e78
        0x558431b42e78
        0x558431b42e78
        0x558431b42e78
        0x558431b42e78
        0x558431b42e78
        0x558431b42e78
        0x558431b42e78
        0x558431b42e78
        0x558431b42e78
        0x558431b42e78
        0x558431b42e78
        0x558431b42e78
        0x558431b42e78
        0x558431b42e78
        0x558431b42e78
        0x558431b42e78
        0x558431b42e78
        0x558431b42e78
        0x558431b42e78
        0x558431b42e78
        0x558431b42e78
        0x558431b42e78
        0x558431b42e78
        0x558431b42e78
        0x558431b42e78
        0x558431b42e78
        0x558431b42e78
        0x558431b42e78
        0x558431b42e78
        0x558431b42e78
        0x558431b42e78
        0x558431b42e78
        0x558431b42e78
        0x558431b42e78
        0x558431b42e78
        0x558431b42e78
        0x558431b42e78
        0x558431b42e78
        0x558431b42e78
        0x558431b42e78
        0x558431b42e78
        0x558431b42e78
        0x558431b42e78
        0x558431b42e78
        0x558431b42e78
        0x558431b42e78
        0x558431b42e78
        0x558431b42e78
        0x558431b42e78
        0x558431b42e78
]: 6
@preempt_stack[
        0x7f949c99843e
        0
]: 6
@preempt_stack[
        0x7f953d907736
]: 6
@preempt_stack[
        0x40441b80
]: 6
@preempt_stack[
        0x40ce0144
]: 7
@preempt_stack[
        0x7f949ca0c35a
]: 7
@preempt_stack[
        0x7f949c9acc12
        0
]: 7
@preempt_stack[
        __pthread_mutex_lock+315
]: 7
@preempt_stack[
        0x40ce012a
]: 7
@preempt_stack[
        0x7f953d9077d2
        0
]: 7
@preempt_stack[
        0x7f953d9075bb
]: 7
@preempt_stack[
        0x7f953db083ce
]: 8
@preempt_stack[
        0x7f953dd3cf9c
]: 8
@preempt_stack[
        0x7f949c9ade3e
]: 8
@preempt_stack[
        0x7f953e4a6a38
]: 8
@preempt_stack[
        sched_yield+11
        0x40477191
        0x4048a76c
        0
        0
        0x558431b45208
        0x558431b45208
        0x558431b45208
        0x558431b45208
        0x558431b45208
        0x558431b45208
        0x558431b45208
        0x558431b45208
        0x558431b45208
        0x558431b45208
        0x558431b45208
        0x558431b45208
        0x558431b45208
        0x558431b45208
        0x558431b45208
        0x558431b45208
        0x558431b45208
        0x558431b45208
        0x558431b45208
        0x558431b45208
        0x558431b45208
        0x558431b45208
        0x558431b45208
        0x558431b45208
        0x558431b45208
        0x558431b45208
        0x558431b45208
        0x558431b45208
        0x558431b45208
        0x558431b45208
        0x558431b45208
        0x558431b45208
        0x558431b45208
        0x558431b45208
        0x558431b45208
        0x558431b45208
        0x558431b45208
        0x558431b45208
        0x558431b45208
        0x558431b45208
        0x558431b45208
        0x558431b45208
        0x558431b45208
        0x558431b45208
        0x558431b45208
        0x558431b45208
        0x558431b45208
        0x558431b45208
        0x558431b45208
        0x558431b45208
        0x558431b45208
        0x558431b45208
        0x558431b45208
        0x558431b45208
        0x558431b45208
        0x558431b45208
        0x558431b45208
        0x558431b45208
        0x558431b45208
        0x558431b45208
        0x558431b45208
        0x558431b45208
        0x558431b45208
        0x558431b45208
        0x558431b45208
        0x558431b45208
        0x558431b45208
        0x558431b45208
        0x558431b45208
        0x558431b45208
        0x558431b45208
        0x558431b45208
        0x558431b45208
        0x558431b45208
        0x558431b45208
        0x558431b45208
        0x558431b45208
        0x558431b45208
        0x558431b45208
        0x558431b45208
        0x558431b45208
        0x558431b45208
        0x558431b45208
        0x558431b45208
        0x558431b45208
        0x558431b45208
        0x558431b45208
        0x558431b45208
        0x558431b45208
        0x558431b45208
        0x558431b45208
        0x558431b45208
        0x558431b45208
        0x558431b45208
        0x558431b45208
        0x558431b45208
        0x558431b45208
        0x558431b45208
        0x558431b45208
        0x558431b45208
        0x558431b45208
        0x558431b45208
        0x558431b45208
        0x558431b45208
        0x558431b45208
        0x558431b45208
        0x558431b45208
        0x558431b45208
        0x558431b45208
        0x558431b45208
        0x558431b45208
        0x558431b45208
        0x558431b45208
        0x558431b45208
        0x558431b45208
        0x558431b45208
        0x558431b45208
        0x558431b45208
        0x558431b45208
        0x558431b45208
        0x558431b45208
        0x558431b45208
]: 8
@preempt_stack[
        0x7f953d90594c
]: 8
@preempt_stack[
        __pthread_mutex_lock+275
]: 8
@preempt_stack[
        0x7f953d907326
]: 8
@preempt_stack[
        0x4019be20
        0x4046dfb8
        0x40785934
        0x401c67a6
        0x7f949c846428
        0x7f949c9e578f
        0x558431b82490
]: 8
@preempt_stack[
        __pthread_mutex_unlock+7
]: 8
@preempt_stack[
        0x7f953e571ffe
]: 8
@preempt_stack[
        0x7f953d6c9e09
]: 9
@preempt_stack[
        0x40d5bc70
]: 9
@preempt_stack[
        0x7f953db09470
]: 9
@preempt_stack[
        __pthread_mutex_lock+7
]: 9
@preempt_stack[
        0x7f953eea2bdd
        __clock_gettime+29
]: 9
@preempt_stack[
        0x7f953d9077d5
        0
]: 10
@preempt_stack[
        0x7f953d9073e3
]: 10
@preempt_stack[
        0x7f953d905b73
]: 11
@preempt_stack[
        0x7f953d9015ec
]: 11
@preempt_stack[
        sched_yield+11
]: 11
@preempt_stack[
        0x7f953e4a69ed
]: 11
@preempt_stack[
        0x7f953d907601
        0
]: 11
@preempt_stack[
        0x7f953d905b28
]: 12
@preempt_stack[
        0x7f953d9077d0
        0
]: 12
@preempt_stack[
        0x7f953d907607
        0
]: 13
@preempt_stack[
        0x7f953e4a6921
]: 15
@preempt_stack[
        0x7f949ca0f6a9
        0
        0x1c00000000000001
        0x558431b48de8
        0x558431b48de8
        0x558431b48de8
        0x558431b48de8
        0x558431b48de8
        0x558431b48de8
        0x558431b48de8
        0x558431b48de8
        0x558431b48de8
        0x558431b48de8
        0x558431b48de8
        0x558431b48de8
        0x558431b48de8
        0x558431b48de8
        0x558431b48de8
        0x558431b48de8
        0x558431b48de8
        0x558431b48de8
        0x558431b48de8
        0x558431b48de8
        0x558431b48de8
        0x558431b48de8
        0x558431b48de8
        0x558431b48de8
        0x558431b48de8
        0x558431b48de8
        0x558431b48de8
        0x558431b48de8
        0x558431b48de8
        0x558431b48de8
        0x558431b48de8
        0x558431b48de8
        0x558431b48de8
        0x558431b48de8
        0x558431b48de8
        0x558431b48de8
        0x558431b48de8
        0x558431b48de8
        0x558431b48de8
        0x558431b48de8
        0x558431b48de8
        0x558431b48de8
        0x558431b48de8
        0x558431b48de8
        0x558431b48de8
        0x558431b48de8
        0x558431b48de8
        0x558431b48de8
        0x558431b48de8
        0x558431b48de8
        0x558431b48de8
        0x558431b48de8
        0x558431b48de8
        0x558431b48de8
        0x558431b48de8
        0x558431b48de8
        0x558431b48de8
        0x558431b48de8
        0x558431b48de8
        0x558431b48de8
        0x558431b48de8
        0x558431b48de8
        0x558431b48de8
        0x558431b48de8
        0x558431b48de8
        0x558431b48de8
        0x558431b48de8
        0x558431b48de8
        0x558431b48de8
        0x558431b48de8
        0x558431b48de8
        0x558431b48de8
        0x558431b48de8
        0x558431b48de8
        0x558431b48de8
        0x558431b48de8
        0x558431b48de8
        0x558431b48de8
        0x558431b48de8
        0x558431b48de8
        0x558431b48de8
        0x558431b48de8
        0x558431b48de8
        0x558431b48de8
        0x558431b48de8
        0x558431b48de8
        0x558431b48de8
        0x558431b48de8
        0x558431b48de8
        0x558431b48de8
        0x558431b48de8
        0x558431b48de8
        0x558431b48de8
        0x558431b48de8
        0x558431b48de8
        0x558431b48de8
        0x558431b48de8
        0x558431b48de8
        0x558431b48de8
        0x558431b48de8
        0x558431b48de8
        0x558431b48de8
        0x558431b48de8
        0x558431b48de8
        0x558431b48de8
        0x558431b48de8
        0x558431b48de8
        0x558431b48de8
        0x558431b48de8
        0x558431b48de8
        0x558431b48de8
        0x558431b48de8
        0x558431b48de8
        0x558431b48de8
        0x558431b48de8
        0x558431b48de8
        0x558431b48de8
        0x558431b48de8
        0x558431b48de8
        0x558431b48de8
        0x558431b48de8
        0x558431b48de8
        0x558431b48de8
        0x558431b48de8
]: 16
@preempt_stack[
        0x40cadc60
        0x40ce0114
]: 16
@preempt_stack[
        0x40d5bb46
        0x40d56ef8
        0x40d56d80
        0x40d53864
        0
        0
        0x558432736408
        0x558432736408
        0x558432736408
        0x558432736408
        0x558432736408
        0x558432736408
        0x558432736408
        0x558432736408
        0x558432736408
        0x558432736408
        0x558432736408
        0x558432736408
        0x558432736408
        0x558432736408
        0x558432736408
        0x558432736408
        0x558432736408
        0x558432736408
        0x558432736408
        0x558432736408
        0x558432736408
        0x558432736408
        0x558432736408
        0x558432736408
        0x558432736408
        0x558432736408
        0x558432736408
        0x558432736408
        0x558432736408
        0x558432736408
        0x558432736408
        0x558432736408
        0x558432736408
        0x558432736408
        0x558432736408
        0x558432736408
        0x558432736408
        0x558432736408
        0x558432736408
        0x558432736408
        0x558432736408
        0x558432736408
        0x558432736408
        0x558432736408
        0x558432736408
        0x558432736408
        0x558432736408
        0x558432736408
        0x558432736408
        0x558432736408
        0x558432736408
        0x558432736408
        0x558432736408
        0x558432736408
        0x558432736408
        0x558432736408
        0x558432736408
        0x558432736408
        0x558432736408
        0x558432736408
        0x558432736408
        0x558432736408
        0x558432736408
        0x558432736408
        0x558432736408
        0x558432736408
        0x558432736408
        0x558432736408
        0x558432736408
        0x558432736408
        0x558432736408
        0x558432736408
        0x558432736408
        0x558432736408
        0x558432736408
        0x558432736408
        0x558432736408
        0x558432736408
        0x558432736408
        0x558432736408
        0x558432736408
        0x558432736408
        0x558432736408
        0x558432736408
        0x558432736408
        0x558432736408
        0x558432736408
        0x558432736408
        0x558432736408
        0x558432736408
        0x558432736408
        0x558432736408
        0x558432736408
        0x558432736408
        0x558432736408
        0x558432736408
        0x558432736408
        0x558432736408
        0x558432736408
        0x558432736408
        0x558432736408
        0x558432736408
        0x558432736408
        0x558432736408
        0x558432736408
        0x558432736408
        0x558432736408
        0x558432736408
        0x558432736408
        0x558432736408
        0x558432736408
        0x558432736408
        0x558432736408
        0x558432736408
        0x558432736408
        0x558432736408
        0x558432736408
        0x558432736408
        0x558432736408
        0x558432736408
        0x558432736408
]: 17
@preempt_stack[
        0x7f953d905d9b
]: 18
@preempt_stack[
        0x7f949ca0c355
]: 19
@preempt_stack[
        0x7f953e4a68bc
]: 21
@preempt_stack[
        0x7f949c9cb62c
]: 21
@preempt_stack[
        0x7f953e4a690c
]: 22
@preempt_stack[
        0x7f953caa97c3
]: 29
@preempt_stack[
        0x7f953d905ccc
        0
]: 30
@preempt_stack[
        0x7f949c9ace8e
        0
]: 31
@preempt_stack[
        0x7f949c9b2517
]: 33
@preempt_stack[
        0x7f953e4a6c42
]: 35
@preempt_stack[
        __pthread_mutex_unlock+68
]: 37
@preempt_stack[
        0x7f953e4a6919
]: 48
@preempt_stack[
        0x7f953caa9847
]: 55
@preempt_stack[
        0x7f953cab61f2
]: 58
@preempt_stack[
        0x7f953d9075f7
        0
]: 78
@preempt_stack[
        0x7f953d9073e0
]: 105
@preempt_stack[
        0x7f953d9075fe
        0
]: 332
@preempt_stack[
        0x7f953caa97de
]: 561
@preempt_stack[
        syscall+29
]: 628
@preempt_stack[
        0x7f953d9075fa
        0
]: 682
@preempted: 4848
@prev_state[16]: 34
@prev_state[2]: 1077
@prev_state[256]: 3991
@prev_state[0]: 4848
@prev_state[1]: 325871
