/home/maci/Desktop/7dtd/7dtd-loadgen/workspace/bench/lap1/join-probe/apm/session_20260822_084826_pid855510/bt/states.bt:35:20-25: WARNING: Expression of type: uint64 being cast to type: int64. This may cause unexpected results. Use an explicit cast to suppress this warning.
    $us = (uint64)(nsecs - @main_wake) / 1000;
                   ~~~~~
/home/maci/Desktop/7dtd/7dtd-loadgen/workspace/bench/lap1/join-probe/apm/session_20260822_084826_pid855510/bt/states.bt:35:28-38: WARNING: Expression of type: uint64 being cast to type: int64. This may cause unexpected results. Use an explicit cast to suppress this warning.
    $us = (uint64)(nsecs - @main_wake) / 1000;
                           ~~~~~~~~~~
/home/maci/Desktop/7dtd/7dtd-loadgen/workspace/bench/lap1/join-probe/apm/session_20260822_084826_pid855510/bt/states.bt:36:5-24: WARNING: Return value discarded.
    delete(@main_wake);
    ~~~~~~~~~~~~~~~~~~~

=== switch-out prev_state counts (0=R preempt) ===
@prev_state[16]: 17
@prev_state[2]: 841
@prev_state[256]: 1532
@prev_state[0]: 3063
@prev_state[1]: 217854

=== preemption count ===
@preempted: 3063

=== main-thread run-queue latency us (wake -> scheduled) ===
@main_runqlat_us:
[0]                 5312 |@@@@@@@@@@@@@@@@@@@@@@@@@@@@@@@@@@@@@@@@@@@@@@@@@@@@|
[1]                  837 |@@@@@@@@                                            |
[2, 4)               540 |@@@@@                                               |
[4, 8)                69 |                                                    |
[8, 16)               31 |                                                    |
[16, 32)              10 |                                                    |
[32, 64)               5 |                                                    |
[64, 128)              9 |                                                    |
[128, 256)             4 |                                                    |
[256, 512)             4 |                                                    |
[512, 1K)              4 |                                                    |


=== main-thread runq stall (>=1ms) total us + count ===

=== preempt stacks (top) ===
@preempt_stack[
        0x7f949ca0c357
]: 8
@preempt_stack[
        0x7f949c97b240
]: 8
@preempt_stack[
        0x40cadc60
        0x40ce0114
]: 8
@preempt_stack[
        pthread_mutex_trylock+909
]: 8
@preempt_stack[
        0x7f953d905cb7
        0
]: 9
@preempt_stack[
        0x7f949c9dcfa3
        0x110000
        0x558431b42e78
        0x558431b42e78
        0x558431b42e78
        0x558431b42e78
        0x558431b42e78
        0x558431b42e78
        0x558431b42e78
        0x558431b42e78
        0x558431b42e78
        0x558431b42e78
        0x558431b42e78
        0x558431b42e78
        0x558431b42e78
        0x558431b42e78
        0x558431b42e78
        0x558431b42e78
        0x558431b42e78
        0x558431b42e78
        0x558431b42e78
        0x558431b42e78
        0x558431b42e78
        0x558431b42e78
        0x558431b42e78
        0x558431b42e78
        0x558431b42e78
        0x558431b42e78
        0x558431b42e78
        0x558431b42e78
        0x558431b42e78
        0x558431b42e78
        0x558431b42e78
        0x558431b42e78
        0x558431b42e78
        0x558431b42e78
        0x558431b42e78
        0x558431b42e78
        0x558431b42e78
        0x558431b42e78
        0x558431b42e78
        0x558431b42e78
        0x558431b42e78
        0x558431b42e78
        0x558431b42e78
        0x558431b42e78
        0x558431b42e78
        0x558431b42e78
        0x558431b42e78
        0x558431b42e78
        0x558431b42e78
        0x558431b42e78
        0x558431b42e78
        0x558431b42e78
        0x558431b42e78
        0x558431b42e78
        0x558431b42e78
        0x558431b42e78
        0x558431b42e78
        0x558431b42e78
        0x558431b42e78
        0x558431b42e78
        0x558431b42e78
        0x558431b42e78
        0x558431b42e78
        0x558431b42e78
        0x558431b42e78
        0x558431b42e78
        0x558431b42e78
        0x558431b42e78
        0x558431b42e78
        0x558431b42e78
        0x558431b42e78
        0x558431b42e78
        0x558431b42e78
        0x558431b42e78
        0x558431b42e78
        0x558431b42e78
        0x558431b42e78
        0x558431b42e78
        0x558431b42e78
        0x558431b42e78
        0x558431b42e78
        0x558431b42e78
        0x558431b42e78
        0x558431b42e78
        0x558431b42e78
        0x558431b42e78
        0x558431b42e78
        0x558431b42e78
        0x558431b42e78
        0x558431b42e78
        0x558431b42e78
        0x558431b42e78
        0x558431b42e78
        0x558431b42e78
        0x558431b42e78
        0x558431b42e78
        0x558431b42e78
        0x558431b42e78
        0x558431b42e78
        0x558431b42e78
        0x558431b42e78
        0x558431b42e78
        0x558431b42e78
        0x558431b42e78
        0x558431b42e78
        0x558431b42e78
        0x558431b42e78
        0x558431b42e78
        0x558431b42e78
        0x558431b42e78
        0x558431b42e78
        0x558431b42e78
        0x558431b42e78
        0x558431b42e78
        0x558431b42e78
        0x558431b42e78
        0x558431b42e78
        0x558431b42e78
        0x558431b42e78
        0x558431b42e78
        0x558431b42e78
        0x558431b42e78
        0x558431b42e78
        0x558431b42e78
        0x558431b42e78
]: 9
@preempt_stack[
        __pthread_mutex_unlock+68
]: 9
@preempt_stack[
        0x7f953d9075bb
]: 11
@preempt_stack[
        0x7f949ca0c35a
]: 11
@preempt_stack[
        0x7f953d907607
        0
]: 11
@preempt_stack[
        0x7f953d905b28
]: 11
@preempt_stack[
        0x7f953d905ccc
        0
]: 11
@preempt_stack[
        0x7f949c99de92
]: 11
@preempt_stack[
        0x7f953d9077d5
        0
]: 12
@preempt_stack[
        0x4019be20
        0x4046dfb8
        0x40785934
        0x401c67a6
        0x7f949c846428
        0x7f949c9e578f
        0x558431b82490
]: 15
@preempt_stack[
        0x7f953d9077d0
        0
]: 15
@preempt_stack[
        0x7f949c9acc12
        0
]: 17
@preempt_stack[
        0x7f953caa9847
]: 18
@preempt_stack[
        0x7f949ca0f6a9
        0
        0x1c00000000000001
        0x558431b48de8
        0x558431b48de8
        0x558431b48de8
        0x558431b48de8
        0x558431b48de8
        0x558431b48de8
        0x558431b48de8
        0x558431b48de8
        0x558431b48de8
        0x558431b48de8
        0x558431b48de8
        0x558431b48de8
        0x558431b48de8
        0x558431b48de8
        0x558431b48de8
        0x558431b48de8
        0x558431b48de8
        0x558431b48de8
        0x558431b48de8
        0x558431b48de8
        0x558431b48de8
        0x558431b48de8
        0x558431b48de8
        0x558431b48de8
        0x558431b48de8
        0x558431b48de8
        0x558431b48de8
        0x558431b48de8
        0x558431b48de8
        0x558431b48de8
        0x558431b48de8
        0x558431b48de8
        0x558431b48de8
        0x558431b48de8
        0x558431b48de8
        0x558431b48de8
        0x558431b48de8
        0x558431b48de8
        0x558431b48de8
        0x558431b48de8
        0x558431b48de8
        0x558431b48de8
        0x558431b48de8
        0x558431b48de8
        0x558431b48de8
        0x558431b48de8
        0x558431b48de8
        0x558431b48de8
        0x558431b48de8
        0x558431b48de8
        0x558431b48de8
        0x558431b48de8
        0x558431b48de8
        0x558431b48de8
        0x558431b48de8
        0x558431b48de8
        0x558431b48de8
        0x558431b48de8
        0x558431b48de8
        0x558431b48de8
        0x558431b48de8
        0x558431b48de8
        0x558431b48de8
        0x558431b48de8
        0x558431b48de8
        0x558431b48de8
        0x558431b48de8
        0x558431b48de8
        0x558431b48de8
        0x558431b48de8
        0x558431b48de8
        0x558431b48de8
        0x558431b48de8
        0x558431b48de8
        0x558431b48de8
        0x558431b48de8
        0x558431b48de8
        0x558431b48de8
        0x558431b48de8
        0x558431b48de8
        0x558431b48de8
        0x558431b48de8
        0x558431b48de8
        0x558431b48de8
        0x558431b48de8
        0x558431b48de8
        0x558431b48de8
        0x558431b48de8
        0x558431b48de8
        0x558431b48de8
        0x558431b48de8
        0x558431b48de8
        0x558431b48de8
        0x558431b48de8
        0x558431b48de8
        0x558431b48de8
        0x558431b48de8
        0x558431b48de8
        0x558431b48de8
        0x558431b48de8
        0x558431b48de8
        0x558431b48de8
        0x558431b48de8
        0x558431b48de8
        0x558431b48de8
        0x558431b48de8
        0x558431b48de8
        0x558431b48de8
        0x558431b48de8
        0x558431b48de8
        0x558431b48de8
        0x558431b48de8
        0x558431b48de8
        0x558431b48de8
        0x558431b48de8
        0x558431b48de8
        0x558431b48de8
        0x558431b48de8
        0x558431b48de8
        0x558431b48de8
        0x558431b48de8
        0x558431b48de8
        0x558431b48de8
        0x558431b48de8
]: 24
@preempt_stack[
        0x7f953cab61f2
]: 25
@preempt_stack[
        0x7f949ca0c355
]: 26
@preempt_stack[
        0x7f949c9b2517
]: 32
@preempt_stack[
        0x7f953caa97de
]: 35
@preempt_stack[
        0x7f949c9cb62c
]: 45
@preempt_stack[
        0x7f949c9ace8e
        0
]: 46
@preempt_stack[
        0x7f953d9075f7
        0
]: 65
@preempt_stack[
        0x7f953d9073e0
]: 69
@preempt_stack[
        0x7f953d9075fe
        0
]: 264
@preempt_stack[
        syscall+29
]: 365
@preempt_stack[
        0x7f953d9075fa
        0
]: 535


@main_runqlat_sum_us: 8952
@main_runqlat_us:
[0]                 5312 |@@@@@@@@@@@@@@@@@@@@@@@@@@@@@@@@@@@@@@@@@@@@@@@@@@@@|
[1]                  837 |@@@@@@@@                                            |
[2, 4)               540 |@@@@@                                               |
[4, 8)                69 |                                                    |
[8, 16)               31 |                                                    |
[16, 32)              10 |                                                    |
[32, 64)               5 |                                                    |
[64, 128)              9 |                                                    |
[128, 256)             4 |                                                    |
[256, 512)             4 |                                                    |
[512, 1K)              4 |                                                    |

@preempt_stack[
        0x7f953dd2e1f9
]: 1
@preempt_stack[
        0x7f949c9e44f9
        0x120000
        0x558434aa0820
        0x558434aa0820
        0x558434aa0820
        0x558434aa0820
        0x558434aa0820
        0x558434aa0820
        0x558434aa0820
        0x558434aa0820
        0x558434aa0820
        0x558434aa0820
        0x558434aa0820
        0x558434aa0820
        0x558434aa0820
        0x558434aa0820
        0x558434aa0820
        0x558434aa0820
        0x558434aa0820
        0x558434aa0820
        0x558434aa0820
        0x558434aa0820
        0x558434aa0820
        0x558434aa0820
        0x558434aa0820
        0x558434aa0820
        0x558434aa0820
        0x558434aa0820
        0x558434aa0820
        0x558434aa0820
        0x558434aa0820
        0x558434aa0820
        0x558434aa0820
        0x558434aa0820
        0x558434aa0820
        0x558434aa0820
        0x558434aa0820
        0x558434aa0820
        0x558434aa0820
        0x558434aa0820
        0x558434aa0820
        0x558434aa0820
        0x558434aa0820
        0x558434aa0820
        0x558434aa0820
        0x558434aa0820
        0x558434aa0820
        0x558434aa0820
        0x558434aa0820
        0x558434aa0820
        0x558434aa0820
        0x558434aa0820
        0x558434aa0820
        0x558434aa0820
        0x558434aa0820
        0x558434aa0820
        0x558434aa0820
        0x558434aa0820
        0x558434aa0820
        0x558434aa0820
        0x558434aa0820
        0x558434aa0820
        0x558434aa0820
        0x558434aa0820
        0x558434aa0820
        0x558434aa0820
        0x558434aa0820
        0x558434aa0820
        0x558434aa0820
        0x558434aa0820
        0x558434aa0820
        0x558434aa0820
        0x558434aa0820
        0x558434aa0820
        0x558434aa0820
        0x558434aa0820
        0x558434aa0820
        0x558434aa0820
        0x558434aa0820
        0x558434aa0820
        0x558434aa0820
        0x558434aa0820
        0x558434aa0820
        0x558434aa0820
        0x558434aa0820
        0x558434aa0820
        0x558434aa0820
        0x558434aa0820
        0x558434aa0820
        0x558434aa0820
        0x558434aa0820
        0x558434aa0820
        0x558434aa0820
        0x558434aa0820
        0x558434aa0820
        0x558434aa0820
        0x558434aa0820
        0x558434aa0820
        0x558434aa0820
        0x558434aa0820
        0x558434aa0820
        0x558434aa0820
        0x558434aa0820
        0x558434aa0820
        0x558434aa0820
        0x558434aa0820
        0x558434aa0820
        0x558434aa0820
        0x558434aa0820
        0x558434aa0820
        0x558434aa0820
        0x558434aa0820
        0x558434aa0820
        0x558434aa0820
        0x558434aa0820
        0x558434aa0820
        0x558434aa0820
        0x558434aa0820
        0x558434aa0820
        0x558434aa0820
        0x558434aa0820
        0x558434aa0820
        0x558434aa0820
        0x558434aa0820
        0x558434aa0820
        0x558434aa0820
        0x558434aa0820
]: 1
@preempt_stack[
        0x4079ec04
        0
        0
        0x558432736408
        0x558432736408
        0x558432736408
        0x558432736408
        0x558432736408
        0x558432736408
        0x558432736408
        0x558432736408
        0x558432736408
        0x558432736408
        0x558432736408
        0x558432736408
        0x558432736408
        0x558432736408
        0x558432736408
        0x558432736408
        0x558432736408
        0x558432736408
        0x558432736408
        0x558432736408
        0x558432736408
        0x558432736408
        0x558432736408
        0x558432736408
        0x558432736408
        0x558432736408
        0x558432736408
        0x558432736408
        0x558432736408
        0x558432736408
        0x558432736408
        0x558432736408
        0x558432736408
        0x558432736408
        0x558432736408
        0x558432736408
        0x558432736408
        0x558432736408
        0x558432736408
        0x558432736408
        0x558432736408
        0x558432736408
        0x558432736408
        0x558432736408
        0x558432736408
        0x558432736408
        0x558432736408
        0x558432736408
        0x558432736408
        0x558432736408
        0x558432736408
        0x558432736408
        0x558432736408
        0x558432736408
        0x558432736408
        0x558432736408
        0x558432736408
        0x558432736408
        0x558432736408
        0x558432736408
        0x558432736408
        0x558432736408
        0x558432736408
        0x558432736408
        0x558432736408
        0x558432736408
        0x558432736408
        0x558432736408
        0x558432736408
        0x558432736408
        0x558432736408
        0x558432736408
        0x558432736408
        0x558432736408
        0x558432736408
        0x558432736408
        0x558432736408
        0x558432736408
        0x558432736408
        0x558432736408
        0x558432736408
        0x558432736408
        0x558432736408
        0x558432736408
        0x558432736408
        0x558432736408
        0x558432736408
        0x558432736408
        0x558432736408
        0x558432736408
        0x558432736408
        0x558432736408
        0x558432736408
        0x558432736408
        0x558432736408
        0x558432736408
        0x558432736408
        0x558432736408
        0x558432736408
        0x558432736408
        0x558432736408
        0x558432736408
        0x558432736408
        0x558432736408
        0x558432736408
        0x558432736408
        0x558432736408
        0x558432736408
        0x558432736408
        0x558432736408
        0x558432736408
        0x558432736408
        0x558432736408
        0x558432736408
        0x558432736408
        0x558432736408
        0x558432736408
        0x558432736408
        0x558432736408
        0x558432736408
        0x558432736408
        0x558432736408
        0x558432736408
        0x558432736408
]: 1
@preempt_stack[
        0x40ce0b0e
]: 1
@preempt_stack[
        0x40196618
        0x40a8b124
        0x40407e56
        0x40403d24
        0x7f949c846428
        0x7f949c9e578f
        0x558431b82490
]: 1
@preempt_stack[
        monoeg_g_hash_table_lookup_extended+66
        0x6600
        0x7f94780655f5
        0x150016
        0x55843261bfb8
        0x5584325fbb98
        0x5584325fbb98
        0x5584325fbb98
        0x5584325fbb98
        0x5584325fbb98
        0x5584325fbb98
        0x5584325fbb98
        0x5584325fbb98
        0x5584325fbb98
        0x5584325fbb98
        0x5584325fbb98
        0x5584325fbb98
        0x5584325fbb98
        0x5584325fbb98
        0x5584325fbb98
        0x5584325fbb98
        0x5584325fbb98
        0x5584325fbb98
        0x5584325fbb98
        0x5584325fbb98
        0x5584325fbb98
        0x5584325fbb98
        0x5584325fbb98
        0x5584325fbb98
        0x5584325fbb98
        0x5584325fbb98
        0x5584325fbb98
        0x5584325fbb98
        0x5584325fbb98
        0x5584325fbb98
        0x5584325fbb98
        0x5584325fbb98
        0x5584325fbb98
        0x5584325fbb98
        0x5584325fbb98
        0x5584325fbb98
        0x5584325fbb98
        0x5584325fbb98
        0x5584325fbb98
        0x5584325fbb98
        0x5584325fbb98
        0x5584325fbb98
        0x5584325fbb98
        0x5584325fbb98
        0x5584325fbb98
        0x5584325fbb98
        0x5584325fbb98
        0x5584325fbb98
        0x5584325fbb98
        0x5584325fbb98
        0x5584325fbb98
        0x5584325fbb98
        0x5584325fbb98
        0x5584325fbb98
        0x5584325fbb98
        0x5584325fbb98
        0x5584325fbb98
        0x5584325fbb98
        0x5584325fbb98
        0x5584325fbb98
        0x5584325fbb98
        0x5584325fbb98
        0x5584325fbb98
        0x5584325fbb98
        0x5584325fbb98
        0x5584325fbb98
        0x5584325fbb98
        0x5584325fbb98
        0x5584325fbb98
        0x5584325fbb98
        0x5584325fbb98
        0x5584325fbb98
        0x5584325fbb98
        0x5584325fbb98
        0x5584325fbb98
        0x5584325fbb98
        0x5584325fbb98
        0x5584325fbb98
        0x5584325fbb98
        0x5584325fbb98
        0x5584325fbb98
        0x5584325fbb98
        0x5584325fbb98
        0x5584325fbb98
        0x5584325fbb98
        0x5584325fbb98
        0x5584325fbb98
        0x5584325fbb98
        0x5584325fbb98
        0x5584325fbb98
        0x5584325fbb98
        0x5584325fbb98
        0x5584325fbb98
        0x5584325fbb98
        0x5584325fbb98
        0x5584325fbb98
        0x5584325fbb98
        0x5584325fbb98
        0x5584325fbb98
        0x5584325fbb98
        0x5584325fbb98
        0x5584325fbb98
        0x5584325fbb98
        0x5584325fbb98
        0x5584325fbb98
        0x5584325fbb98
        0x5584325fbb98
        0x5584325fbb98
        0x5584325fbb98
        0x5584325fbb98
        0x5584325fbb98
        0x5584325fbb98
        0x5584325fbb98
        0x5584325fbb98
        0x5584325fbb98
        0x5584325fbb98
        0x5584325fbb98
        0x5584325fbb98
        0x5584325fbb98
        0x5584325fbb98
        0x5584325fbb98
        0x5584325fbb98
]: 1
@preempt_stack[
        0x7f949c9e44f9
        0x120000
        0x5584334be4e0
        0x5584334be4e0
        0x5584334be4e0
        0x5584334be4e0
        0x5584334be4e0
        0x5584334be4e0
        0x5584334be4e0
        0x5584334be4e0
        0x5584334be4e0
        0x5584334be4e0
        0x5584334be4e0
        0x5584334be4e0
        0x5584334be4e0
        0x5584334be4e0
        0x5584334be4e0
        0x5584334be4e0
        0x5584334be4e0
        0x5584334be4e0
        0x5584334be4e0
        0x5584334be4e0
        0x5584334be4e0
        0x5584334be4e0
        0x5584334be4e0
        0x5584334be4e0
        0x5584334be4e0
        0x5584334be4e0
        0x5584334be4e0
        0x5584334be4e0
        0x5584334be4e0
        0x5584334be4e0
        0x5584334be4e0
        0x5584334be4e0
        0x5584334be4e0
        0x5584334be4e0
        0x5584334be4e0
        0x5584334be4e0
        0x5584334be4e0
        0x5584334be4e0
        0x5584334be4e0
        0x5584334be4e0
        0x5584334be4e0
        0x5584334be4e0
        0x5584334be4e0
        0x5584334be4e0
        0x5584334be4e0
        0x5584334be4e0
        0x5584334be4e0
        0x5584334be4e0
        0x5584334be4e0
        0x5584334be4e0
        0x5584334be4e0
        0x5584334be4e0
        0x5584334be4e0
        0x5584334be4e0
        0x5584334be4e0
        0x5584334be4e0
        0x5584334be4e0
        0x5584334be4e0
        0x5584334be4e0
        0x5584334be4e0
        0x5584334be4e0
        0x5584334be4e0
        0x5584334be4e0
        0x5584334be4e0
        0x5584334be4e0
        0x5584334be4e0
        0x5584334be4e0
        0x5584334be4e0
        0x5584334be4e0
        0x5584334be4e0
        0x5584334be4e0
        0x5584334be4e0
        0x5584334be4e0
        0x5584334be4e0
        0x5584334be4e0
        0x5584334be4e0
        0x5584334be4e0
        0x5584334be4e0
        0x5584334be4e0
        0x5584334be4e0
        0x5584334be4e0
        0x5584334be4e0
        0x5584334be4e0
        0x5584334be4e0
        0x5584334be4e0
        0x5584334be4e0
        0x5584334be4e0
        0x5584334be4e0
        0x5584334be4e0
        0x5584334be4e0
        0x5584334be4e0
        0x5584334be4e0
        0x5584334be4e0
        0x5584334be4e0
        0x5584334be4e0
        0x5584334be4e0
        0x5584334be4e0
        0x5584334be4e0
        0x5584334be4e0
        0x5584334be4e0
        0x5584334be4e0
        0x5584334be4e0
        0x5584334be4e0
        0x5584334be4e0
        0x5584334be4e0
        0x5584334be4e0
        0x5584334be4e0
        0x5584334be4e0
        0x5584334be4e0
        0x5584334be4e0
        0x5584334be4e0
        0x5584334be4e0
        0x5584334be4e0
        0x5584334be4e0
        0x5584334be4e0
        0x5584334be4e0
        0x5584334be4e0
        0x5584334be4e0
        0x5584334be4e0
        0x5584334be4e0
        0x5584334be4e0
        0x5584334be4e0
        0x5584334be4e0
        0x5584334be4e0
        0x5584334be4e0
]: 1
@preempt_stack[
        0x7f949c9e44f9
        0x120000
        0x558432a024a8
        0x558432a024a8
        0x558432a024a8
        0x558432a024a8
        0x558432a024a8
        0x558432a024a8
        0x558432a024a8
        0x558432a024a8
        0x558432a024a8
        0x558432a024a8
        0x558432a024a8
        0x558432a024a8
        0x558432a024a8
        0x558432a024a8
        0x558432a024a8
        0x558432a024a8
        0x558432a024a8
        0x558432a024a8
        0x558432a024a8
        0x558432a024a8
        0x558432a024a8
        0x558432a024a8
        0x558432a024a8
        0x558432a024a8
        0x558432a024a8
        0x558432a024a8
        0x558432a024a8
        0x558432a024a8
        0x558432a024a8
        0x558432a024a8
        0x558432a024a8
        0x558432a024a8
        0x558432a024a8
        0x558432a024a8
        0x558432a024a8
        0x558432a024a8
        0x558432a024a8
        0x558432a024a8
        0x558432a024a8
        0x558432a024a8
        0x558432a024a8
        0x558432a024a8
        0x558432a024a8
        0x558432a024a8
        0x558432a024a8
        0x558432a024a8
        0x558432a024a8
        0x558432a024a8
        0x558432a024a8
        0x558432a024a8
        0x558432a024a8
        0x558432a024a8
        0x558432a024a8
        0x558432a024a8
        0x558432a024a8
        0x558432a024a8
        0x558432a024a8
        0x558432a024a8
        0x558432a024a8
        0x558432a024a8
        0x558432a024a8
        0x558432a024a8
        0x558432a024a8
        0x558432a024a8
        0x558432a024a8
        0x558432a024a8
        0x558432a024a8
        0x558432a024a8
        0x558432a024a8
        0x558432a024a8
        0x558432a024a8
        0x558432a024a8
        0x558432a024a8
        0x558432a024a8
        0x558432a024a8
        0x558432a024a8
        0x558432a024a8
        0x558432a024a8
        0x558432a024a8
        0x558432a024a8
        0x558432a024a8
        0x558432a024a8
        0x558432a024a8
        0x558432a024a8
        0x558432a024a8
        0x558432a024a8
        0x558432a024a8
        0x558432a024a8
        0x558432a024a8
        0x558432a024a8
        0x558432a024a8
        0x558432a024a8
        0x558432a024a8
        0x558432a024a8
        0x558432a024a8
        0x558432a024a8
        0x558432a024a8
        0x558432a024a8
        0x558432a024a8
        0x558432a024a8
        0x558432a024a8
        0x558432a024a8
        0x558432a024a8
        0x558432a024a8
        0x558432a024a8
        0x558432a024a8
        0x558432a024a8
        0x558432a024a8
        0x558432a024a8
        0x558432a024a8
        0x558432a024a8
        0x558432a024a8
        0x558432a024a8
        0x558432a024a8
        0x558432a024a8
        0x558432a024a8
        0x558432a024a8
        0x558432a024a8
        0x558432a024a8
        0x558432a024a8
        0x558432a024a8
        0x558432a024a8
        0x558432a024a8
        0x558432a024a8
        0x558432a024a8
]: 1
@preempt_stack[
        0x7f949c9e44f9
        0x110000
        0x5584327f75b8
        0x5584327f75b8
        0x5584327f75b8
        0x5584327f75b8
        0x5584327f75b8
        0x5584327f75b8
        0x5584327f75b8
        0x5584327f75b8
        0x5584327f75b8
        0x5584327f75b8
        0x5584327f75b8
        0x5584327f75b8
        0x5584327f75b8
        0x5584327f75b8
        0x5584327f75b8
        0x5584327f75b8
        0x5584327f75b8
        0x5584327f75b8
        0x5584327f75b8
        0x5584327f75b8
        0x5584327f75b8
        0x5584327f75b8
        0x5584327f75b8
        0x5584327f75b8
        0x5584327f75b8
        0x5584327f75b8
        0x5584327f75b8
        0x5584327f75b8
        0x5584327f75b8
        0x5584327f75b8
        0x5584327f75b8
        0x5584327f75b8
        0x5584327f75b8
        0x5584327f75b8
        0x5584327f75b8
        0x5584327f75b8
        0x5584327f75b8
        0x5584327f75b8
        0x5584327f75b8
        0x5584327f75b8
        0x5584327f75b8
        0x5584327f75b8
        0x5584327f75b8
        0x5584327f75b8
        0x5584327f75b8
        0x5584327f75b8
        0x5584327f75b8
        0x5584327f75b8
        0x5584327f75b8
        0x5584327f75b8
        0x5584327f75b8
        0x5584327f75b8
        0x5584327f75b8
        0x5584327f75b8
        0x5584327f75b8
        0x5584327f75b8
        0x5584327f75b8
        0x5584327f75b8
        0x5584327f75b8
        0x5584327f75b8
        0x5584327f75b8
        0x5584327f75b8
        0x5584327f75b8
        0x5584327f75b8
        0x5584327f75b8
        0x5584327f75b8
        0x5584327f75b8
        0x5584327f75b8
        0x5584327f75b8
        0x5584327f75b8
        0x5584327f75b8
        0x5584327f75b8
        0x5584327f75b8
        0x5584327f75b8
        0x5584327f75b8
        0x5584327f75b8
        0x5584327f75b8
        0x5584327f75b8
        0x5584327f75b8
        0x5584327f75b8
        0x5584327f75b8
        0x5584327f75b8
        0x5584327f75b8
        0x5584327f75b8
        0x5584327f75b8
        0x5584327f75b8
        0x5584327f75b8
        0x5584327f75b8
        0x5584327f75b8
        0x5584327f75b8
        0x5584327f75b8
        0x5584327f75b8
        0x5584327f75b8
        0x5584327f75b8
        0x5584327f75b8
        0x5584327f75b8
        0x5584327f75b8
        0x5584327f75b8
        0x5584327f75b8
        0x5584327f75b8
        0x5584327f75b8
        0x5584327f75b8
        0x5584327f75b8
        0x5584327f75b8
        0x5584327f75b8
        0x5584327f75b8
        0x5584327f75b8
        0x5584327f75b8
        0x5584327f75b8
        0x5584327f75b8
        0x5584327f75b8
        0x5584327f75b8
        0x5584327f75b8
        0x5584327f75b8
        0x5584327f75b8
        0x5584327f75b8
        0x5584327f75b8
        0x5584327f75b8
        0x5584327f75b8
        0x5584327f75b8
        0x5584327f75b8
        0x5584327f75b8
        0x5584327f75b8
        0x5584327f75b8
        0x5584327f75b8
]: 1
@preempt_stack[
        0x7f949c9ce4be
        0x120000
        0x55843574d6e8
        0x55843574d6e8
        0x55843574d6e8
        0x55843574d6e8
        0x55843574d6e8
        0x55843574d6e8
        0x55843574d6e8
        0x55843574d6e8
        0x55843574d6e8
        0x55843574d6e8
        0x55843574d6e8
        0x55843574d6e8
        0x55843574d6e8
        0x55843574d6e8
        0x55843574d6e8
        0x55843574d6e8
        0x55843574d6e8
        0x55843574d6e8
        0x55843574d6e8
        0x55843574d6e8
        0x55843574d6e8
        0x55843574d6e8
        0x55843574d6e8
        0x55843574d6e8
        0x55843574d6e8
        0x55843574d6e8
        0x55843574d6e8
        0x55843574d6e8
        0x55843574d6e8
        0x55843574d6e8
        0x55843574d6e8
        0x55843574d6e8
        0x55843574d6e8
        0x55843574d6e8
        0x55843574d6e8
        0x55843574d6e8
        0x55843574d6e8
        0x55843574d6e8
        0x55843574d6e8
        0x55843574d6e8
        0x55843574d6e8
        0x55843574d6e8
        0x55843574d6e8
        0x55843574d6e8
        0x55843574d6e8
        0x55843574d6e8
        0x55843574d6e8
        0x55843574d6e8
        0x55843574d6e8
        0x55843574d6e8
        0x55843574d6e8
        0x55843574d6e8
        0x55843574d6e8
        0x55843574d6e8
        0x55843574d6e8
        0x55843574d6e8
        0x55843574d6e8
        0x55843574d6e8
        0x55843574d6e8
        0x55843574d6e8
        0x55843574d6e8
        0x55843574d6e8
        0x55843574d6e8
        0x55843574d6e8
        0x55843574d6e8
        0x55843574d6e8
        0x55843574d6e8
        0x55843574d6e8
        0x55843574d6e8
        0x55843574d6e8
        0x55843574d6e8
        0x55843574d6e8
        0x55843574d6e8
        0x55843574d6e8
        0x55843574d6e8
        0x55843574d6e8
        0x55843574d6e8
        0x55843574d6e8
        0x55843574d6e8
        0x55843574d6e8
        0x55843574d6e8
        0x55843574d6e8
        0x55843574d6e8
        0x55843574d6e8
        0x55843574d6e8
        0x55843574d6e8
        0x55843574d6e8
        0x55843574d6e8
        0x55843574d6e8
        0x55843574d6e8
        0x55843574d6e8
        0x55843574d6e8
        0x55843574d6e8
        0x55843574d6e8
        0x55843574d6e8
        0x55843574d6e8
        0x55843574d6e8
        0x55843574d6e8
        0x55843574d6e8
        0x55843574d6e8
        0x55843574d6e8
        0x55843574d6e8
        0x55843574d6e8
        0x55843574d6e8
        0x55843574d6e8
        0x55843574d6e8
        0x55843574d6e8
        0x55843574d6e8
        0x55843574d6e8
        0x55843574d6e8
        0x55843574d6e8
        0x55843574d6e8
        0x55843574d6e8
        0x55843574d6e8
        0x55843574d6e8
        0x55843574d6e8
        0x55843574d6e8
        0x55843574d6e8
        0x55843574d6e8
        0x55843574d6e8
        0x55843574d6e8
        0x55843574d6e8
        0x55843574d6e8
        0x55843574d6e8
        0x55843574d6e8
]: 1
@preempt_stack[
        0x7f953db1dbdf
]: 1
@preempt_stack[
        mono_class_from_mono_type_internal+22
        0
        0
        0x7f93000690c0
]: 1
@preempt_stack[
        0x40cac426
]: 1
@preempt_stack[
        0x7f949c9cb778
        0x130000
        0
        0
        0x558432fd54e0
]: 1
@preempt_stack[
        0x401a18f3
        0x40cabc4c
        0x40cab139
        0x40ca6ac7
        0x40407e56
        0x40403d24
        0x7f949c846428
        0x7f949c9e578f
        0x558431b82490
]: 1
@preempt_stack[
        0x40d06720
        0
        0x2000000000000001
        0x558432740e50
        0x558432740e50
        0x558432740e50
        0x558432740e50
        0x558432740e50
        0x558432740e50
        0x558432740e50
        0x558432740e50
        0x558432740e50
        0x558432740e50
        0x558432740e50
        0x558432740e50
        0x558432740e50
        0x558432740e50
        0x558432740e50
        0x558432740e50
        0x558432740e50
        0x558432740e50
        0x558432740e50
        0x558432740e50
        0x558432740e50
        0x558432740e50
        0x558432740e50
        0x558432740e50
        0x558432740e50
        0x558432740e50
        0x558432740e50
        0x558432740e50
        0x558432740e50
        0x558432740e50
        0x558432740e50
        0x558432740e50
        0x558432740e50
        0x558432740e50
        0x558432740e50
        0x558432740e50
        0x558432740e50
        0x558432740e50
        0x558432740e50
        0x558432740e50
        0x558432740e50
        0x558432740e50
        0x558432740e50
        0x558432740e50
        0x558432740e50
        0x558432740e50
        0x558432740e50
        0x558432740e50
        0x558432740e50
        0x558432740e50
        0x558432740e50
        0x558432740e50
        0x558432740e50
        0x558432740e50
        0x558432740e50
        0x558432740e50
        0x558432740e50
        0x558432740e50
        0x558432740e50
        0x558432740e50
        0x558432740e50
        0x558432740e50
        0x558432740e50
        0x558432740e50
        0x558432740e50
        0x558432740e50
        0x558432740e50
        0x558432740e50
        0x558432740e50
        0x558432740e50
        0x558432740e50
        0x558432740e50
        0x558432740e50
        0x558432740e50
        0x558432740e50
        0x558432740e50
        0x558432740e50
        0x558432740e50
        0x558432740e50
        0x558432740e50
        0x558432740e50
        0x558432740e50
        0x558432740e50
        0x558432740e50
        0x558432740e50
        0x558432740e50
        0x558432740e50
        0x558432740e50
        0x558432740e50
        0x558432740e50
        0x558432740e50
        0x558432740e50
        0x558432740e50
        0x558432740e50
        0x558432740e50
        0x558432740e50
        0x558432740e50
        0x558432740e50
        0x558432740e50
        0x558432740e50
        0x558432740e50
        0x558432740e50
        0x558432740e50
        0x558432740e50
        0x558432740e50
        0x558432740e50
        0x558432740e50
        0x558432740e50
        0x558432740e50
        0x558432740e50
        0x558432740e50
        0x558432740e50
        0x558432740e50
        0x558432740e50
        0x558432740e50
        0x558432740e50
        0x558432740e50
        0x558432740e50
        0x558432740e50
        0x558432740e50
        0x558432740e50
        0x558432740e50
        0x558432740e50
        0x558432740e50
]: 1
@preempt_stack[
        0x7f949ca0c2f7
        0
]: 1
@preempt_stack[
        0x7f953d90594c
        0x38103840382
]: 1
@preempt_stack[
        0x7f949c9dcfa3
        0x120000
        0x558434dd9ed0
        0x558434dd9ed0
        0x558434dd9ed0
        0x558434dd9ed0
        0x558434dd9ed0
        0x558434dd9ed0
        0x558434dd9ed0
        0x558434dd9ed0
        0x558434dd9ed0
        0x558434dd9ed0
        0x558434dd9ed0
        0x558434dd9ed0
        0x558434dd9ed0
        0x558434dd9ed0
        0x558434dd9ed0
        0x558434dd9ed0
        0x558434dd9ed0
        0x558434dd9ed0
        0x558434dd9ed0
        0x558434dd9ed0
        0x558434dd9ed0
        0x558434dd9ed0
        0x558434dd9ed0
        0x558434dd9ed0
        0x558434dd9ed0
        0x558434dd9ed0
        0x558434dd9ed0
        0x558434dd9ed0
        0x558434dd9ed0
        0x558434dd9ed0
        0x558434dd9ed0
        0x558434dd9ed0
        0x558434dd9ed0
        0x558434dd9ed0
        0x558434dd9ed0
        0x558434dd9ed0
        0x558434dd9ed0
        0x558434dd9ed0
        0x558434dd9ed0
        0x558434dd9ed0
        0x558434dd9ed0
        0x558434dd9ed0
        0x558434dd9ed0
        0x558434dd9ed0
        0x558434dd9ed0
        0x558434dd9ed0
        0x558434dd9ed0
        0x558434dd9ed0
        0x558434dd9ed0
        0x558434dd9ed0
        0x558434dd9ed0
        0x558434dd9ed0
        0x558434dd9ed0
        0x558434dd9ed0
        0x558434dd9ed0
        0x558434dd9ed0
        0x558434dd9ed0
        0x558434dd9ed0
        0x558434dd9ed0
        0x558434dd9ed0
        0x558434dd9ed0
        0x558434dd9ed0
        0x558434dd9ed0
        0x558434dd9ed0
        0x558434dd9ed0
        0x558434dd9ed0
        0x558434dd9ed0
        0x558434dd9ed0
        0x558434dd9ed0
        0x558434dd9ed0
        0x558434dd9ed0
        0x558434dd9ed0
        0x558434dd9ed0
        0x558434dd9ed0
        0x558434dd9ed0
        0x558434dd9ed0
        0x558434dd9ed0
        0x558434dd9ed0
        0x558434dd9ed0
        0x558434dd9ed0
        0x558434dd9ed0
        0x558434dd9ed0
        0x558434dd9ed0
        0x558434dd9ed0
        0x558434dd9ed0
        0x558434dd9ed0
        0x558434dd9ed0
        0x558434dd9ed0
        0x558434dd9ed0
        0x558434dd9ed0
        0x558434dd9ed0
        0x558434dd9ed0
        0x558434dd9ed0
        0x558434dd9ed0
        0x558434dd9ed0
        0x558434dd9ed0
        0x558434dd9ed0
        0x558434dd9ed0
        0x558434dd9ed0
        0x558434dd9ed0
        0x558434dd9ed0
        0x558434dd9ed0
        0x558434dd9ed0
        0x558434dd9ed0
        0x558434dd9ed0
        0x558434dd9ed0
        0x558434dd9ed0
        0x558434dd9ed0
        0x558434dd9ed0
        0x558434dd9ed0
        0x558434dd9ed0
        0x558434dd9ed0
        0x558434dd9ed0
        0x558434dd9ed0
        0x558434dd9ed0
        0x558434dd9ed0
        0x558434dd9ed0
        0x558434dd9ed0
        0x558434dd9ed0
        0x558434dd9ed0
        0x558434dd9ed0
        0x558434dd9ed0
        0x558434dd9ed0
        0x558434dd9ed0
        0x558434dd9ed0
]: 1
@preempt_stack[
        0x7f953dd1fe67
        0x10000
        0x7f9502c44e70
        0x58
]: 1
@preempt_stack[
        0x7f953dd1a4cd
        0x7f950000008d
        0
]: 1
@preempt_stack[
        0x401a18ec
        0x40cb2a88
        0x40cafea4
        0x40cafc3c
        0x40407e56
        0x40403d24
        0x7f949c846428
        0x7f949c9e578f
        0x558431b82490
]: 1
@preempt_stack[
        0x40d58a78
        0x40d56ef8
        0x40d56d80
        0x40d53864
        0
        0
        0x558432736408
        0x558432736408
        0x558432736408
        0x558432736408
        0x558432736408
        0x558432736408
        0x558432736408
        0x558432736408
        0x558432736408
        0x558432736408
        0x558432736408
        0x558432736408
        0x558432736408
        0x558432736408
        0x558432736408
        0x558432736408
        0x558432736408
        0x558432736408
        0x558432736408
        0x558432736408
        0x558432736408
        0x558432736408
        0x558432736408
        0x558432736408
        0x558432736408
        0x558432736408
        0x558432736408
        0x558432736408
        0x558432736408
        0x558432736408
        0x558432736408
        0x558432736408
        0x558432736408
        0x558432736408
        0x558432736408
        0x558432736408
        0x558432736408
        0x558432736408
        0x558432736408
        0x558432736408
        0x558432736408
        0x558432736408
        0x558432736408
        0x558432736408
        0x558432736408
        0x558432736408
        0x558432736408
        0x558432736408
        0x558432736408
        0x558432736408
        0x558432736408
        0x558432736408
        0x558432736408
        0x558432736408
        0x558432736408
        0x558432736408
        0x558432736408
        0x558432736408
        0x558432736408
        0x558432736408
        0x558432736408
        0x558432736408
        0x558432736408
        0x558432736408
        0x558432736408
        0x558432736408
        0x558432736408
        0x558432736408
        0x558432736408
        0x558432736408
        0x558432736408
        0x558432736408
        0x558432736408
        0x558432736408
        0x558432736408
        0x558432736408
        0x558432736408
        0x558432736408
        0x558432736408
        0x558432736408
        0x558432736408
        0x558432736408
        0x558432736408
        0x558432736408
        0x558432736408
        0x558432736408
        0x558432736408
        0x558432736408
        0x558432736408
        0x558432736408
        0x558432736408
        0x558432736408
        0x558432736408
        0x558432736408
        0x558432736408
        0x558432736408
        0x558432736408
        0x558432736408
        0x558432736408
        0x558432736408
        0x558432736408
        0x558432736408
        0x558432736408
        0x558432736408
        0x558432736408
        0x558432736408
        0x558432736408
        0x558432736408
        0x558432736408
        0x558432736408
        0x558432736408
        0x558432736408
        0x558432736408
        0x558432736408
        0x558432736408
        0x558432736408
        0x558432736408
        0x558432736408
        0x558432736408
        0x558432736408
        0x558432736408
]: 1
@preempt_stack[
        mono_metadata_type_hash+96
        0x120000
        0x5584334e8f38
        0x5584334e8f38
        0x5584334e8f38
        0x5584334e8f38
        0x5584334e8f38
        0x5584334e8f38
        0x5584334e8f38
        0x5584334e8f38
        0x5584334e8f38
        0x5584334e8f38
        0x5584334e8f38
        0x5584334e8f38
        0x5584334e8f38
        0x5584334e8f38
        0x5584334e8f38
        0x5584334e8f38
        0x5584334e8f38
        0x5584334e8f38
        0x5584334e8f38
        0x5584334e8f38
        0x5584334e8f38
        0x5584334e8f38
        0x5584334e8f38
        0x5584334e8f38
        0x5584334e8f38
        0x5584334e8f38
        0x5584334e8f38
        0x5584334e8f38
        0x5584334e8f38
        0x5584334e8f38
        0x5584334e8f38
        0x5584334e8f38
        0x5584334e8f38
        0x5584334e8f38
        0x5584334e8f38
        0x5584334e8f38
        0x5584334e8f38
        0x5584334e8f38
        0x5584334e8f38
        0x5584334e8f38
        0x5584334e8f38
        0x5584334e8f38
        0x5584334e8f38
        0x5584334e8f38
        0x5584334e8f38
        0x5584334e8f38
        0x5584334e8f38
        0x5584334e8f38
        0x5584334e8f38
        0x5584334e8f38
        0x5584334e8f38
        0x5584334e8f38
        0x5584334e8f38
        0x5584334e8f38
        0x5584334e8f38
        0x5584334e8f38
        0x5584334e8f38
        0x5584334e8f38
        0x5584334e8f38
        0x5584334e8f38
        0x5584334e8f38
        0x5584334e8f38
        0x5584334e8f38
        0x5584334e8f38
        0x5584334e8f38
        0x5584334e8f38
        0x5584334e8f38
        0x5584334e8f38
        0x5584334e8f38
        0x5584334e8f38
        0x5584334e8f38
        0x5584334e8f38
        0x5584334e8f38
        0x5584334e8f38
        0x5584334e8f38
        0x5584334e8f38
        0x5584334e8f38
        0x5584334e8f38
        0x5584334e8f38
        0x5584334e8f38
        0x5584334e8f38
        0x5584334e8f38
        0x5584334e8f38
        0x5584334e8f38
        0x5584334e8f38
        0x5584334e8f38
        0x5584334e8f38
        0x5584334e8f38
        0x5584334e8f38
        0x5584334e8f38
        0x5584334e8f38
        0x5584334e8f38
        0x5584334e8f38
        0x5584334e8f38
        0x5584334e8f38
        0x5584334e8f38
        0x5584334e8f38
        0x5584334e8f38
        0x5584334e8f38
        0x5584334e8f38
        0x5584334e8f38
        0x5584334e8f38
        0x5584334e8f38
        0x5584334e8f38
        0x5584334e8f38
        0x5584334e8f38
        0x5584334e8f38
        0x5584334e8f38
        0x5584334e8f38
        0x5584334e8f38
        0x5584334e8f38
        0x5584334e8f38
        0x5584334e8f38
        0x5584334e8f38
        0x5584334e8f38
        0x5584334e8f38
        0x5584334e8f38
        0x5584334e8f38
        0x5584334e8f38
        0x5584334e8f38
        0x5584334e8f38
        0x5584334e8f38
        0x5584334e8f38
        0x5584334e8f38
        0x5584334e8f38
]: 1
@preempt_stack[
        0x401a48bf
        0x4077cadf
        0x7f949c846428
        0x7f949c9e578f
        0x558431b82490
]: 1
@preempt_stack[
        0x7f949c9cb5b8
        0
        0
        0x558434e69cf0
]: 1
@preempt_stack[
        0x7f953dd51ae9
]: 1
@preempt_stack[
        0x7f953e5af7f5
        0x7f953de986f5
]: 1
@preempt_stack[
        pthread_mutex_trylock+909
        0x120000
        0x5584352f2800
        0x5584352f2800
        0x5584352f2800
        0x5584352f2800
        0x5584352f2800
        0x5584352f2800
        0x5584352f2800
        0x5584352f2800
        0x5584352f2800
        0x5584352f2800
        0x5584352f2800
        0x5584352f2800
        0x5584352f2800
        0x5584352f2800
        0x5584352f2800
        0x5584352f2800
        0x5584352f2800
        0x5584352f2800
        0x5584352f2800
        0x5584352f2800
        0x5584352f2800
        0x5584352f2800
        0x5584352f2800
        0x5584352f2800
        0x5584352f2800
        0x5584352f2800
        0x5584352f2800
        0x5584352f2800
        0x5584352f2800
        0x5584352f2800
        0x5584352f2800
        0x5584352f2800
        0x5584352f2800
        0x5584352f2800
        0x5584352f2800
        0x5584352f2800
        0x5584352f2800
        0x5584352f2800
        0x5584352f2800
        0x5584352f2800
        0x5584352f2800
        0x5584352f2800
        0x5584352f2800
        0x5584352f2800
        0x5584352f2800
        0x5584352f2800
        0x5584352f2800
        0x5584352f2800
        0x5584352f2800
        0x5584352f2800
        0x5584352f2800
        0x5584352f2800
        0x5584352f2800
        0x5584352f2800
        0x5584352f2800
        0x5584352f2800
        0x5584352f2800
        0x5584352f2800
        0x5584352f2800
        0x5584352f2800
        0x5584352f2800
        0x5584352f2800
        0x5584352f2800
        0x5584352f2800
        0x5584352f2800
        0x5584352f2800
        0x5584352f2800
        0x5584352f2800
        0x5584352f2800
        0x5584352f2800
        0x5584352f2800
        0x5584352f2800
        0x5584352f2800
        0x5584352f2800
        0x5584352f2800
        0x5584352f2800
        0x5584352f2800
        0x5584352f2800
        0x5584352f2800
        0x5584352f2800
        0x5584352f2800
        0x5584352f2800
        0x5584352f2800
        0x5584352f2800
        0x5584352f2800
        0x5584352f2800
        0x5584352f2800
        0x5584352f2800
        0x5584352f2800
        0x5584352f2800
        0x5584352f2800
        0x5584352f2800
        0x5584352f2800
        0x5584352f2800
        0x5584352f2800
        0x5584352f2800
        0x5584352f2800
        0x5584352f2800
        0x5584352f2800
        0x5584352f2800
        0x5584352f2800
        0x5584352f2800
        0x5584352f2800
        0x5584352f2800
        0x5584352f2800
        0x5584352f2800
        0x5584352f2800
        0x5584352f2800
        0x5584352f2800
        0x5584352f2800
        0x5584352f2800
        0x5584352f2800
        0x5584352f2800
        0x5584352f2800
        0x5584352f2800
        0x5584352f2800
        0x5584352f2800
        0x5584352f2800
        0x5584352f2800
        0x5584352f2800
        0x5584352f2800
        0x5584352f2800
        0x5584352f2800
        0x5584352f2800
        0x5584352f2800
]: 1
@preempt_stack[
        0x4019770f
        0
        0
        0x558431b450c0
        0x558431b450c0
        0x558431b450c0
        0x558431b450c0
        0x558431b450c0
        0x558431b450c0
        0x558431b450c0
        0x558431b450c0
        0x558431b450c0
        0x558431b450c0
        0x558431b450c0
        0x558431b450c0
        0x558431b450c0
        0x558431b450c0
        0x558431b450c0
        0x558431b450c0
        0x558431b450c0
        0x558431b450c0
        0x558431b450c0
        0x558431b450c0
        0x558431b450c0
        0x558431b450c0
        0x558431b450c0
        0x558431b450c0
        0x558431b450c0
        0x558431b450c0
        0x558431b450c0
        0x558431b450c0
        0x558431b450c0
        0x558431b450c0
        0x558431b450c0
        0x558431b450c0
        0x558431b450c0
        0x558431b450c0
        0x558431b450c0
        0x558431b450c0
        0x558431b450c0
        0x558431b450c0
        0x558431b450c0
        0x558431b450c0
        0x558431b450c0
        0x558431b450c0
        0x558431b450c0
        0x558431b450c0
        0x558431b450c0
        0x558431b450c0
        0x558431b450c0
        0x558431b450c0
        0x558431b450c0
        0x558431b450c0
        0x558431b450c0
        0x558431b450c0
        0x558431b450c0
        0x558431b450c0
        0x558431b450c0
        0x558431b450c0
        0x558431b450c0
        0x558431b450c0
        0x558431b450c0
        0x558431b450c0
        0x558431b450c0
        0x558431b450c0
        0x558431b450c0
        0x558431b450c0
        0x558431b450c0
        0x558431b450c0
        0x558431b450c0
        0x558431b450c0
        0x558431b450c0
        0x558431b450c0
        0x558431b450c0
        0x558431b450c0
        0x558431b450c0
        0x558431b450c0
        0x558431b450c0
        0x558431b450c0
        0x558431b450c0
        0x558431b450c0
        0x558431b450c0
        0x558431b450c0
        0x558431b450c0
        0x558431b450c0
        0x558431b450c0
        0x558431b450c0
        0x558431b450c0
        0x558431b450c0
        0x558431b450c0
        0x558431b450c0
        0x558431b450c0
        0x558431b450c0
        0x558431b450c0
        0x558431b450c0
        0x558431b450c0
        0x558431b450c0
        0x558431b450c0
        0x558431b450c0
        0x558431b450c0
        0x558431b450c0
        0x558431b450c0
        0x558431b450c0
        0x558431b450c0
        0x558431b450c0
        0x558431b450c0
        0x558431b450c0
        0x558431b450c0
        0x558431b450c0
        0x558431b450c0
        0x558431b450c0
        0x558431b450c0
        0x558431b450c0
        0x558431b450c0
        0x558431b450c0
        0x558431b450c0
        0x558431b450c0
        0x558431b450c0
        0x558431b450c0
        0x558431b450c0
        0x558431b450c0
        0x558431b450c0
        0x558431b450c0
        0x558431b450c0
        0x558431b450c0
        0x558431b450c0
        0x558431b450c0
]: 1
@preempt_stack[
        pthread_mutex_trylock+909
        0
        0x83800000000001
        0x558431b49658
        0x558431b49658
        0x558431b49658
        0x558431b49658
        0x558431b49658
        0x558431b49658
        0x558431b49658
        0x558431b49658
        0x558431b49658
        0x558431b49658
        0x558431b49658
        0x558431b49658
        0x558431b49658
        0x558431b49658
        0x558431b49658
        0x558431b49658
        0x558431b49658
        0x558431b49658
        0x558431b49658
        0x558431b49658
        0x558431b49658
        0x558431b49658
        0x558431b49658
        0x558431b49658
        0x558431b49658
        0x558431b49658
        0x558431b49658
        0x558431b49658
        0x558431b49658
        0x558431b49658
        0x558431b49658
        0x558431b49658
        0x558431b49658
        0x558431b49658
        0x558431b49658
        0x558431b49658
        0x558431b49658
        0x558431b49658
        0x558431b49658
        0x558431b49658
        0x558431b49658
        0x558431b49658
        0x558431b49658
        0x558431b49658
        0x558431b49658
        0x558431b49658
        0x558431b49658
        0x558431b49658
        0x558431b49658
        0x558431b49658
        0x558431b49658
        0x558431b49658
        0x558431b49658
        0x558431b49658
        0x558431b49658
        0x558431b49658
        0x558431b49658
        0x558431b49658
        0x558431b49658
        0x558431b49658
        0x558431b49658
        0x558431b49658
        0x558431b49658
        0x558431b49658
        0x558431b49658
        0x558431b49658
        0x558431b49658
        0x558431b49658
        0x558431b49658
        0x558431b49658
        0x558431b49658
        0x558431b49658
        0x558431b49658
        0x558431b49658
        0x558431b49658
        0x558431b49658
        0x558431b49658
        0x558431b49658
        0x558431b49658
        0x558431b49658
        0x558431b49658
        0x558431b49658
        0x558431b49658
        0x558431b49658
        0x558431b49658
        0x558431b49658
        0x558431b49658
        0x558431b49658
        0x558431b49658
        0x558431b49658
        0x558431b49658
        0x558431b49658
        0x558431b49658
        0x558431b49658
        0x558431b49658
        0x558431b49658
        0x558431b49658
        0x558431b49658
        0x558431b49658
        0x558431b49658
        0x558431b49658
        0x558431b49658
        0x558431b49658
        0x558431b49658
        0x558431b49658
        0x558431b49658
        0x558431b49658
        0x558431b49658
        0x558431b49658
        0x558431b49658
        0x558431b49658
        0x558431b49658
        0x558431b49658
        0x558431b49658
        0x558431b49658
        0x558431b49658
        0x558431b49658
        0x558431b49658
        0x558431b49658
        0x558431b49658
        0x558431b49658
        0x558431b49658
        0x558431b49658
        0x558431b49658
]: 1
@preempt_stack[
        0x7f949c9dcfa3
        0x120000
        0x5584349e5ba0
        0x5584349e5ba0
        0x5584349e5ba0
        0x5584349e5ba0
        0x5584349e5ba0
        0x5584349e5ba0
        0x5584349e5ba0
        0x5584349e5ba0
        0x5584349e5ba0
        0x5584349e5ba0
        0x5584349e5ba0
        0x5584349e5ba0
        0x5584349e5ba0
        0x5584349e5ba0
        0x5584349e5ba0
        0x5584349e5ba0
        0x5584349e5ba0
        0x5584349e5ba0
        0x5584349e5ba0
        0x5584349e5ba0
        0x5584349e5ba0
        0x5584349e5ba0
        0x5584349e5ba0
        0x5584349e5ba0
        0x5584349e5ba0
        0x5584349e5ba0
        0x5584349e5ba0
        0x5584349e5ba0
        0x5584349e5ba0
        0x5584349e5ba0
        0x5584349e5ba0
        0x5584349e5ba0
        0x5584349e5ba0
        0x5584349e5ba0
        0x5584349e5ba0
        0x5584349e5ba0
        0x5584349e5ba0
        0x5584349e5ba0
        0x5584349e5ba0
        0x5584349e5ba0
        0x5584349e5ba0
        0x5584349e5ba0
        0x5584349e5ba0
        0x5584349e5ba0
        0x5584349e5ba0
        0x5584349e5ba0
        0x5584349e5ba0
        0x5584349e5ba0
        0x5584349e5ba0
        0x5584349e5ba0
        0x5584349e5ba0
        0x5584349e5ba0
        0x5584349e5ba0
        0x5584349e5ba0
        0x5584349e5ba0
        0x5584349e5ba0
        0x5584349e5ba0
        0x5584349e5ba0
        0x5584349e5ba0
        0x5584349e5ba0
        0x5584349e5ba0
        0x5584349e5ba0
        0x5584349e5ba0
        0x5584349e5ba0
        0x5584349e5ba0
        0x5584349e5ba0
        0x5584349e5ba0
        0x5584349e5ba0
        0x5584349e5ba0
        0x5584349e5ba0
        0x5584349e5ba0
        0x5584349e5ba0
        0x5584349e5ba0
        0x5584349e5ba0
        0x5584349e5ba0
        0x5584349e5ba0
        0x5584349e5ba0
        0x5584349e5ba0
        0x5584349e5ba0
        0x5584349e5ba0
        0x5584349e5ba0
        0x5584349e5ba0
        0x5584349e5ba0
        0x5584349e5ba0
        0x5584349e5ba0
        0x5584349e5ba0
        0x5584349e5ba0
        0x5584349e5ba0
        0x5584349e5ba0
        0x5584349e5ba0
        0x5584349e5ba0
        0x5584349e5ba0
        0x5584349e5ba0
        0x5584349e5ba0
        0x5584349e5ba0
        0x5584349e5ba0
        0x5584349e5ba0
        0x5584349e5ba0
        0x5584349e5ba0
        0x5584349e5ba0
        0x5584349e5ba0
        0x5584349e5ba0
        0x5584349e5ba0
        0x5584349e5ba0
        0x5584349e5ba0
        0x5584349e5ba0
        0x5584349e5ba0
        0x5584349e5ba0
        0x5584349e5ba0
        0x5584349e5ba0
        0x5584349e5ba0
        0x5584349e5ba0
        0x5584349e5ba0
        0x5584349e5ba0
        0x5584349e5ba0
        0x5584349e5ba0
        0x5584349e5ba0
        0x5584349e5ba0
        0x5584349e5ba0
        0x5584349e5ba0
        0x5584349e5ba0
        0x5584349e5ba0
        0x5584349e5ba0
        0x5584349e5ba0
        0x5584349e5ba0
]: 1
@preempt_stack[
        0x7f953dcd8043
        0x30103040302
]: 1
@preempt_stack[
        0x407b1639
        0x401c67a6
        0x7f949c846428
        0x7f949c9e578f
        0x558431b82490
]: 1
@preempt_stack[
        0x40ce08d4
]: 1
@preempt_stack[
        0x40442afd
]: 1
@preempt_stack[
        0x401a5584
        0x40212f04
        0x40a8a7df
        0x40407e56
        0x40403d24
        0x7f949c846428
        0x7f949c9e578f
        0x558431b82490
]: 1
@preempt_stack[
        GC_push_next_marked_dirty+134
]: 1
@preempt_stack[
        0x7f949c9cb5a9
        0x130000
        0x2
        0
        0x5584321e6a30
]: 1
@preempt_stack[
        0x7f953d907678
        0x7f9500688b40
]: 1
@preempt_stack[
        0x7f953e89fab1
        <unwind failure>
]: 1
@preempt_stack[
        0x7f953dd2d2ac
        0x400007f9502be7a
]: 1
@preempt_stack[
        0x7f949c9cb60e
        0
        0
        0x558432178420
]: 1
@preempt_stack[
        0x401b5ffb
        0x4046dfb8
        0x40785934
        0x401c67a6
        0x7f949c846428
        0x7f949c9e578f
        0x558431b82490
]: 1
@preempt_stack[
        0x40caf059
        0x40d5b294
        0x40d585f9
        0x40d56ef8
        0x40d56d80
        0x40d53864
        0
        0
        0x558432736408
        0x558432736408
        0x558432736408
        0x558432736408
        0x558432736408
        0x558432736408
        0x558432736408
        0x558432736408
        0x558432736408
        0x558432736408
        0x558432736408
        0x558432736408
        0x558432736408
        0x558432736408
        0x558432736408
        0x558432736408
        0x558432736408
        0x558432736408
        0x558432736408
        0x558432736408
        0x558432736408
        0x558432736408
        0x558432736408
        0x558432736408
        0x558432736408
        0x558432736408
        0x558432736408
        0x558432736408
        0x558432736408
        0x558432736408
        0x558432736408
        0x558432736408
        0x558432736408
        0x558432736408
        0x558432736408
        0x558432736408
        0x558432736408
        0x558432736408
        0x558432736408
        0x558432736408
        0x558432736408
        0x558432736408
        0x558432736408
        0x558432736408
        0x558432736408
        0x558432736408
        0x558432736408
        0x558432736408
        0x558432736408
        0x558432736408
        0x558432736408
        0x558432736408
        0x558432736408
        0x558432736408
        0x558432736408
        0x558432736408
        0x558432736408
        0x558432736408
        0x558432736408
        0x558432736408
        0x558432736408
        0x558432736408
        0x558432736408
        0x558432736408
        0x558432736408
        0x558432736408
        0x558432736408
        0x558432736408
        0x558432736408
        0x558432736408
        0x558432736408
        0x558432736408
        0x558432736408
        0x558432736408
        0x558432736408
        0x558432736408
        0x558432736408
        0x558432736408
        0x558432736408
        0x558432736408
        0x558432736408
        0x558432736408
        0x558432736408
        0x558432736408
        0x558432736408
        0x558432736408
        0x558432736408
        0x558432736408
        0x558432736408
        0x558432736408
        0x558432736408
        0x558432736408
        0x558432736408
        0x558432736408
        0x558432736408
        0x558432736408
        0x558432736408
        0x558432736408
        0x558432736408
        0x558432736408
        0x558432736408
        0x558432736408
        0x558432736408
        0x558432736408
        0x558432736408
        0x558432736408
        0x558432736408
        0x558432736408
        0x558432736408
        0x558432736408
        0x558432736408
        0x558432736408
        0x558432736408
        0x558432736408
        0x558432736408
        0x558432736408
        0x558432736408
        0x558432736408
        0x558432736408
]: 1
@preempt_stack[
        0x7f949c9dcf8e
        0x110000
        0x558431b42e78
        0x558431b42e78
        0x558431b42e78
        0x558431b42e78
        0x558431b42e78
        0x558431b42e78
        0x558431b42e78
        0x558431b42e78
        0x558431b42e78
        0x558431b42e78
        0x558431b42e78
        0x558431b42e78
        0x558431b42e78
        0x558431b42e78
        0x558431b42e78
        0x558431b42e78
        0x558431b42e78
        0x558431b42e78
        0x558431b42e78
        0x558431b42e78
        0x558431b42e78
        0x558431b42e78
        0x558431b42e78
        0x558431b42e78
        0x558431b42e78
        0x558431b42e78
        0x558431b42e78
        0x558431b42e78
        0x558431b42e78
        0x558431b42e78
        0x558431b42e78
        0x558431b42e78
        0x558431b42e78
        0x558431b42e78
        0x558431b42e78
        0x558431b42e78
        0x558431b42e78
        0x558431b42e78
        0x558431b42e78
        0x558431b42e78
        0x558431b42e78
        0x558431b42e78
        0x558431b42e78
        0x558431b42e78
        0x558431b42e78
        0x558431b42e78
        0x558431b42e78
        0x558431b42e78
        0x558431b42e78
        0x558431b42e78
        0x558431b42e78
        0x558431b42e78
        0x558431b42e78
        0x558431b42e78
        0x558431b42e78
        0x558431b42e78
        0x558431b42e78
        0x558431b42e78
        0x558431b42e78
        0x558431b42e78
        0x558431b42e78
        0x558431b42e78
        0x558431b42e78
        0x558431b42e78
        0x558431b42e78
        0x558431b42e78
        0x558431b42e78
        0x558431b42e78
        0x558431b42e78
        0x558431b42e78
        0x558431b42e78
        0x558431b42e78
        0x558431b42e78
        0x558431b42e78
        0x558431b42e78
        0x558431b42e78
        0x558431b42e78
        0x558431b42e78
        0x558431b42e78
        0x558431b42e78
        0x558431b42e78
        0x558431b42e78
        0x558431b42e78
        0x558431b42e78
        0x558431b42e78
        0x558431b42e78
        0x558431b42e78
        0x558431b42e78
        0x558431b42e78
        0x558431b42e78
        0x558431b42e78
        0x558431b42e78
        0x558431b42e78
        0x558431b42e78
        0x558431b42e78
        0x558431b42e78
        0x558431b42e78
        0x558431b42e78
        0x558431b42e78
        0x558431b42e78
        0x558431b42e78
        0x558431b42e78
        0x558431b42e78
        0x558431b42e78
        0x558431b42e78
        0x558431b42e78
        0x558431b42e78
        0x558431b42e78
        0x558431b42e78
        0x558431b42e78
        0x558431b42e78
        0x558431b42e78
        0x558431b42e78
        0x558431b42e78
        0x558431b42e78
        0x558431b42e78
        0x558431b42e78
        0x558431b42e78
        0x558431b42e78
        0x558431b42e78
        0x558431b42e78
        0x558431b42e78
        0x558431b42e78
        0x558431b42e78
        0x558431b42e78
]: 1
@preempt_stack[
        0x7f949c9ce4de
        0x558434ef43e0
        0x558434ef43e0
        0x558434ef43e0
        0x558434ef43e0
        0x558434ef43e0
        0x558434ef43e0
        0x558434ef43e0
        0x558434ef43e0
        0x558434ef43e0
        0x558434ef43e0
        0x558434ef43e0
        0x558434ef43e0
        0x558434ef43e0
        0x558434ef43e0
        0x558434ef43e0
        0x558434ef43e0
        0x558434ef43e0
        0x558434ef43e0
        0x558434ef43e0
        0x558434ef43e0
        0x558434ef43e0
        0x558434ef43e0
        0x558434ef43e0
        0x558434ef43e0
        0x558434ef43e0
        0x558434ef43e0
        0x558434ef43e0
        0x558434ef43e0
        0x558434ef43e0
        0x558434ef43e0
        0x558434ef43e0
        0x558434ef43e0
        0x558434ef43e0
        0x558434ef43e0
        0x558434ef43e0
        0x558434ef43e0
        0x558434ef43e0
        0x558434ef43e0
        0x558434ef43e0
        0x558434ef43e0
        0x558434ef43e0
        0x558434ef43e0
        0x558434ef43e0
        0x558434ef43e0
        0x558434ef43e0
        0x558434ef43e0
        0x558434ef43e0
        0x558434ef43e0
        0x558434ef43e0
        0x558434ef43e0
        0x558434ef43e0
        0x558434ef43e0
        0x558434ef43e0
        0x558434ef43e0
        0x558434ef43e0
        0x558434ef43e0
        0x558434ef43e0
        0x558434ef43e0
        0x558434ef43e0
        0x558434ef43e0
        0x558434ef43e0
        0x558434ef43e0
        0x558434ef43e0
        0x558434ef43e0
        0x558434ef43e0
        0x558434ef43e0
        0x558434ef43e0
        0x558434ef43e0
        0x558434ef43e0
        0x558434ef43e0
        0x558434ef43e0
        0x558434ef43e0
        0x558434ef43e0
        0x558434ef43e0
        0x558434ef43e0
        0x558434ef43e0
        0x558434ef43e0
        0x558434ef43e0
        0x558434ef43e0
        0x558434ef43e0
        0x558434ef43e0
        0x558434ef43e0
        0x558434ef43e0
        0x558434ef43e0
        0x558434ef43e0
        0x558434ef43e0
        0x558434ef43e0
        0x558434ef43e0
        0x558434ef43e0
        0x558434ef43e0
        0x558434ef43e0
        0x558434ef43e0
        0x558434ef43e0
        0x558434ef43e0
        0x558434ef43e0
        0x558434ef43e0
        0x558434ef43e0
        0x558434ef43e0
        0x558434ef43e0
        0x558434ef43e0
        0x558434ef43e0
        0x558434ef43e0
        0x558434ef43e0
        0x558434ef43e0
        0x558434ef43e0
        0x558434ef43e0
        0x558434ef43e0
        0x558434ef43e0
        0x558434ef43e0
        0x558434ef43e0
        0x558434ef43e0
        0x558434ef43e0
        0x558434ef43e0
        0x558434ef43e0
        0x558434ef43e0
        0x558434ef43e0
        0x558434ef43e0
        0x558434ef43e0
        0x558434ef43e0
        0x558434ef43e0
        0x558434ef43e0
        0x558434ef43e0
        0x558434ef43e0
        0x558434ef43e0
        0x558434ef43e0
        0x558434ef43e0
]: 1
@preempt_stack[
        0x7f949c9cb8eb
        0x120000
        0x558435026528
        0x558435026528
        0x558435026528
        0x558435026528
        0x558435026528
        0x558435026528
        0x558435026528
        0x558435026528
        0x558435026528
        0x558435026528
        0x558435026528
        0x558435026528
        0x558435026528
        0x558435026528
        0x558435026528
        0x558435026528
        0x558435026528
        0x558435026528
        0x558435026528
        0x558435026528
        0x558435026528
        0x558435026528
        0x558435026528
        0x558435026528
        0x558435026528
        0x558435026528
        0x558435026528
        0x558435026528
        0x558435026528
        0x558435026528
        0x558435026528
        0x558435026528
        0x558435026528
        0x558435026528
        0x558435026528
        0x558435026528
        0x558435026528
        0x558435026528
        0x558435026528
        0x558435026528
        0x558435026528
        0x558435026528
        0x558435026528
        0x558435026528
        0x558435026528
        0x558435026528
        0x558435026528
        0x558435026528
        0x558435026528
        0x558435026528
        0x558435026528
        0x558435026528
        0x558435026528
        0x558435026528
        0x558435026528
        0x558435026528
        0x558435026528
        0x558435026528
        0x558435026528
        0x558435026528
        0x558435026528
        0x558435026528
        0x558435026528
        0x558435026528
        0x558435026528
        0x558435026528
        0x558435026528
        0x558435026528
        0x558435026528
        0x558435026528
        0x558435026528
        0x558435026528
        0x558435026528
        0x558435026528
        0x558435026528
        0x558435026528
        0x558435026528
        0x558435026528
        0x558435026528
        0x558435026528
        0x558435026528
        0x558435026528
        0x558435026528
        0x558435026528
        0x558435026528
        0x558435026528
        0x558435026528
        0x558435026528
        0x558435026528
        0x558435026528
        0x558435026528
        0x558435026528
        0x558435026528
        0x558435026528
        0x558435026528
        0x558435026528
        0x558435026528
        0x558435026528
        0x558435026528
        0x558435026528
        0x558435026528
        0x558435026528
        0x558435026528
        0x558435026528
        0x558435026528
        0x558435026528
        0x558435026528
        0x558435026528
        0x558435026528
        0x558435026528
        0x558435026528
        0x558435026528
        0x558435026528
        0x558435026528
        0x558435026528
        0x558435026528
        0x558435026528
        0x558435026528
        0x558435026528
        0x558435026528
        0x558435026528
        0x558435026528
        0x558435026528
        0x558435026528
        0x558435026528
]: 1
@preempt_stack[
        0x7f953dcd7bbb
        0xa010a040a02
]: 1
@preempt_stack[
        0x7f949c9af6f8
        0x1
]: 1
@preempt_stack[
        0x7f953eea2b91
        __clock_gettime+29
]: 1
@preempt_stack[
        0x7f949c9cb5b8
        0
        0
        0x558433130d10
]: 1
@preempt_stack[
        0x40cd35f0
        0x40d59de6
        0x40d56ef8
        0x40d56d80
        0x40d53864
        0
        0
        0x558432736408
        0x558432736408
        0x558432736408
        0x558432736408
        0x558432736408
        0x558432736408
        0x558432736408
        0x558432736408
        0x558432736408
        0x558432736408
        0x558432736408
        0x558432736408
        0x558432736408
        0x558432736408
        0x558432736408
        0x558432736408
        0x558432736408
        0x558432736408
        0x558432736408
        0x558432736408
        0x558432736408
        0x558432736408
        0x558432736408
        0x558432736408
        0x558432736408
        0x558432736408
        0x558432736408
        0x558432736408
        0x558432736408
        0x558432736408
        0x558432736408
        0x558432736408
        0x558432736408
        0x558432736408
        0x558432736408
        0x558432736408
        0x558432736408
        0x558432736408
        0x558432736408
        0x558432736408
        0x558432736408
        0x558432736408
        0x558432736408
        0x558432736408
        0x558432736408
        0x558432736408
        0x558432736408
        0x558432736408
        0x558432736408
        0x558432736408
        0x558432736408
        0x558432736408
        0x558432736408
        0x558432736408
        0x558432736408
        0x558432736408
        0x558432736408
        0x558432736408
        0x558432736408
        0x558432736408
        0x558432736408
        0x558432736408
        0x558432736408
        0x558432736408
        0x558432736408
        0x558432736408
        0x558432736408
        0x558432736408
        0x558432736408
        0x558432736408
        0x558432736408
        0x558432736408
        0x558432736408
        0x558432736408
        0x558432736408
        0x558432736408
        0x558432736408
        0x558432736408
        0x558432736408
        0x558432736408
        0x558432736408
        0x558432736408
        0x558432736408
        0x558432736408
        0x558432736408
        0x558432736408
        0x558432736408
        0x558432736408
        0x558432736408
        0x558432736408
        0x558432736408
        0x558432736408
        0x558432736408
        0x558432736408
        0x558432736408
        0x558432736408
        0x558432736408
        0x558432736408
        0x558432736408
        0x558432736408
        0x558432736408
        0x558432736408
        0x558432736408
        0x558432736408
        0x558432736408
        0x558432736408
        0x558432736408
        0x558432736408
        0x558432736408
        0x558432736408
        0x558432736408
        0x558432736408
        0x558432736408
        0x558432736408
        0x558432736408
        0x558432736408
        0x558432736408
        0x558432736408
        0x558432736408
        0x558432736408
]: 1
@preempt_stack[
        0x7f949c9e44f1
        0x120000
        0x5584327ab780
        0x5584327ab780
        0x5584327ab780
        0x5584327ab780
        0x5584327ab780
        0x5584327ab780
        0x5584327ab780
        0x5584327ab780
        0x5584327ab780
        0x5584327ab780
        0x5584327ab780
        0x5584327ab780
        0x5584327ab780
        0x5584327ab780
        0x5584327ab780
        0x5584327ab780
        0x5584327ab780
        0x5584327ab780
        0x5584327ab780
        0x5584327ab780
        0x5584327ab780
        0x5584327ab780
        0x5584327ab780
        0x5584327ab780
        0x5584327ab780
        0x5584327ab780
        0x5584327ab780
        0x5584327ab780
        0x5584327ab780
        0x5584327ab780
        0x5584327ab780
        0x5584327ab780
        0x5584327ab780
        0x5584327ab780
        0x5584327ab780
        0x5584327ab780
        0x5584327ab780
        0x5584327ab780
        0x5584327ab780
        0x5584327ab780
        0x5584327ab780
        0x5584327ab780
        0x5584327ab780
        0x5584327ab780
        0x5584327ab780
        0x5584327ab780
        0x5584327ab780
        0x5584327ab780
        0x5584327ab780
        0x5584327ab780
        0x5584327ab780
        0x5584327ab780
        0x5584327ab780
        0x5584327ab780
        0x5584327ab780
        0x5584327ab780
        0x5584327ab780
        0x5584327ab780
        0x5584327ab780
        0x5584327ab780
        0x5584327ab780
        0x5584327ab780
        0x5584327ab780
        0x5584327ab780
        0x5584327ab780
        0x5584327ab780
        0x5584327ab780
        0x5584327ab780
        0x5584327ab780
        0x5584327ab780
        0x5584327ab780
        0x5584327ab780
        0x5584327ab780
        0x5584327ab780
        0x5584327ab780
        0x5584327ab780
        0x5584327ab780
        0x5584327ab780
        0x5584327ab780
        0x5584327ab780
        0x5584327ab780
        0x5584327ab780
        0x5584327ab780
        0x5584327ab780
        0x5584327ab780
        0x5584327ab780
        0x5584327ab780
        0x5584327ab780
        0x5584327ab780
        0x5584327ab780
        0x5584327ab780
        0x5584327ab780
        0x5584327ab780
        0x5584327ab780
        0x5584327ab780
        0x5584327ab780
        0x5584327ab780
        0x5584327ab780
        0x5584327ab780
        0x5584327ab780
        0x5584327ab780
        0x5584327ab780
        0x5584327ab780
        0x5584327ab780
        0x5584327ab780
        0x5584327ab780
        0x5584327ab780
        0x5584327ab780
        0x5584327ab780
        0x5584327ab780
        0x5584327ab780
        0x5584327ab780
        0x5584327ab780
        0x5584327ab780
        0x5584327ab780
        0x5584327ab780
        0x5584327ab780
        0x5584327ab780
        0x5584327ab780
        0x5584327ab780
        0x5584327ab780
        0x5584327ab780
        0x5584327ab780
        0x5584327ab780
        0x5584327ab780
]: 1
@preempt_stack[
        epoll_wait+98
        0x200000020
        0x7f9332980b20
]: 1
@preempt_stack[
        0x40c0cf38
        0x40c0d864
        0x4077cadf
        0x7f949c846428
        0x7f949c9e578f
        0x558431b82490
]: 1
@preempt_stack[
        0x401a5584
        0x40212f04
        0x40407e17
        0x40403d24
        0x7f949c846428
        0x7f949c9e578f
        0x558431b82490
]: 1
@preempt_stack[
        0x7f953d961063
        0x40477191
        0x4048a76c
        0
        0
        0x558431b45208
        0x558431b45208
        0x558431b45208
        0x558431b45208
        0x558431b45208
        0x558431b45208
        0x558431b45208
        0x558431b45208
        0x558431b45208
        0x558431b45208
        0x558431b45208
        0x558431b45208
        0x558431b45208
        0x558431b45208
        0x558431b45208
        0x558431b45208
        0x558431b45208
        0x558431b45208
        0x558431b45208
        0x558431b45208
        0x558431b45208
        0x558431b45208
        0x558431b45208
        0x558431b45208
        0x558431b45208
        0x558431b45208
        0x558431b45208
        0x558431b45208
        0x558431b45208
        0x558431b45208
        0x558431b45208
        0x558431b45208
        0x558431b45208
        0x558431b45208
        0x558431b45208
        0x558431b45208
        0x558431b45208
        0x558431b45208
        0x558431b45208
        0x558431b45208
        0x558431b45208
        0x558431b45208
        0x558431b45208
        0x558431b45208
        0x558431b45208
        0x558431b45208
        0x558431b45208
        0x558431b45208
        0x558431b45208
        0x558431b45208
        0x558431b45208
        0x558431b45208
        0x558431b45208
        0x558431b45208
        0x558431b45208
        0x558431b45208
        0x558431b45208
        0x558431b45208
        0x558431b45208
        0x558431b45208
        0x558431b45208
        0x558431b45208
        0x558431b45208
        0x558431b45208
        0x558431b45208
        0x558431b45208
        0x558431b45208
        0x558431b45208
        0x558431b45208
        0x558431b45208
        0x558431b45208
        0x558431b45208
        0x558431b45208
        0x558431b45208
        0x558431b45208
        0x558431b45208
        0x558431b45208
        0x558431b45208
        0x558431b45208
        0x558431b45208
        0x558431b45208
        0x558431b45208
        0x558431b45208
        0x558431b45208
        0x558431b45208
        0x558431b45208
        0x558431b45208
        0x558431b45208
        0x558431b45208
        0x558431b45208
        0x558431b45208
        0x558431b45208
        0x558431b45208
        0x558431b45208
        0x558431b45208
        0x558431b45208
        0x558431b45208
        0x558431b45208
        0x558431b45208
        0x558431b45208
        0x558431b45208
        0x558431b45208
        0x558431b45208
        0x558431b45208
        0x558431b45208
        0x558431b45208
        0x558431b45208
        0x558431b45208
        0x558431b45208
        0x558431b45208
        0x558431b45208
        0x558431b45208
        0x558431b45208
        0x558431b45208
        0x558431b45208
        0x558431b45208
        0x558431b45208
        0x558431b45208
        0x558431b45208
        0x558431b45208
        0x558431b45208
        0x558431b45208
]: 1
@preempt_stack[
        0x7f953e5a57cf
]: 1
@preempt_stack[
        0x40cac582
        0x40cab139
        0x40ca6ac7
        0x40407e56
        0x40403d24
        0x7f949c846428
        0x7f949c9e578f
        0x558431b82490
]: 1
@preempt_stack[
        0x40cabf30
        0x40cab139
        0x40ca6ac7
        0x40407e56
        0x40403d24
        0x7f949c846428
        0x7f949c9e578f
        0x558431b82490
]: 1
@preempt_stack[
        0x40b49a0d
        0x7f9470169f3b
        0x7f93fc07dedb
        0x7f93fc093433
        0x7f94788cb95b
        0x7f93fc07fabb
        0x401c67a6
        0x7f949c846428
        0x7f949c9e578f
        0x558431b82490
]: 1
@preempt_stack[
        0x40cd5ec6
        0
        0
        0x5584326a9a10
        0x5584326a9a10
        0x5584326a9a10
        0x5584326a9a10
        0x5584326a9a10
        0x5584326a9a10
        0x5584326a9a10
        0x5584326a9a10
        0x5584326a9a10
        0x5584326a9a10
        0x5584326a9a10
        0x5584326a9a10
        0x5584326a9a10
        0x5584326a9a10
        0x5584326a9a10
        0x5584326a9a10
        0x5584326a9a10
        0x5584326a9a10
        0x5584326a9a10
        0x5584326a9a10
        0x5584326a9a10
        0x5584326a9a10
        0x5584326a9a10
        0x5584326a9a10
        0x5584326a9a10
        0x5584326a9a10
        0x5584326a9a10
        0x5584326a9a10
        0x5584326a9a10
        0x5584326a9a10
        0x5584326a9a10
        0x5584326a9a10
        0x5584326a9a10
        0x5584326a9a10
        0x5584326a9a10
        0x5584326a9a10
        0x5584326a9a10
        0x5584326a9a10
        0x5584326a9a10
        0x5584326a9a10
        0x5584326a9a10
        0x5584326a9a10
        0x5584326a9a10
        0x5584326a9a10
        0x5584326a9a10
        0x5584326a9a10
        0x5584326a9a10
        0x5584326a9a10
        0x5584326a9a10
        0x5584326a9a10
        0x5584326a9a10
        0x5584326a9a10
        0x5584326a9a10
        0x5584326a9a10
        0x5584326a9a10
        0x5584326a9a10
        0x5584326a9a10
        0x5584326a9a10
        0x5584326a9a10
        0x5584326a9a10
        0x5584326a9a10
        0x5584326a9a10
        0x5584326a9a10
        0x5584326a9a10
        0x5584326a9a10
        0x5584326a9a10
        0x5584326a9a10
        0x5584326a9a10
        0x5584326a9a10
        0x5584326a9a10
        0x5584326a9a10
        0x5584326a9a10
        0x5584326a9a10
        0x5584326a9a10
        0x5584326a9a10
        0x5584326a9a10
        0x5584326a9a10
        0x5584326a9a10
        0x5584326a9a10
        0x5584326a9a10
        0x5584326a9a10
        0x5584326a9a10
        0x5584326a9a10
        0x5584326a9a10
        0x5584326a9a10
        0x5584326a9a10
        0x5584326a9a10
        0x5584326a9a10
        0x5584326a9a10
        0x5584326a9a10
        0x5584326a9a10
        0x5584326a9a10
        0x5584326a9a10
        0x5584326a9a10
        0x5584326a9a10
        0x5584326a9a10
        0x5584326a9a10
        0x5584326a9a10
        0x5584326a9a10
        0x5584326a9a10
        0x5584326a9a10
        0x5584326a9a10
        0x5584326a9a10
        0x5584326a9a10
        0x5584326a9a10
        0x5584326a9a10
        0x5584326a9a10
        0x5584326a9a10
        0x5584326a9a10
        0x5584326a9a10
        0x5584326a9a10
        0x5584326a9a10
        0x5584326a9a10
        0x5584326a9a10
        0x5584326a9a10
        0x5584326a9a10
        0x5584326a9a10
        0x5584326a9a10
        0x5584326a9a10
        0x5584326a9a10
        0x5584326a9a10
        0x5584326a9a10
        0x5584326a9a10
        0x5584326a9a10
]: 1
@preempt_stack[
        0x7f953dd422b4
        0x2eaf0cdb28aa9316
]: 1
@preempt_stack[
        0x40496e91
        0x4046dfb8
        0x40785934
        0x401c67a6
        0x7f949c846428
        0x7f949c9e578f
        0x558431b82490
]: 1
@preempt_stack[
        epoll_wait+113
        0x200000020
        0x7f9332980b20
]: 1
@preempt_stack[
        0x40cb4e6d
        0x40d5b294
        0x40d59de6
        0x40d56ef8
        0x40d56d80
        0x40d53864
        0
        0
        0x558432736408
        0x558432736408
        0x558432736408
        0x558432736408
        0x558432736408
        0x558432736408
        0x558432736408
        0x558432736408
        0x558432736408
        0x558432736408
        0x558432736408
        0x558432736408
        0x558432736408
        0x558432736408
        0x558432736408
        0x558432736408
        0x558432736408
        0x558432736408
        0x558432736408
        0x558432736408
        0x558432736408
        0x558432736408
        0x558432736408
        0x558432736408
        0x558432736408
        0x558432736408
        0x558432736408
        0x558432736408
        0x558432736408
        0x558432736408
        0x558432736408
        0x558432736408
        0x558432736408
        0x558432736408
        0x558432736408
        0x558432736408
        0x558432736408
        0x558432736408
        0x558432736408
        0x558432736408
        0x558432736408
        0x558432736408
        0x558432736408
        0x558432736408
        0x558432736408
        0x558432736408
        0x558432736408
        0x558432736408
        0x558432736408
        0x558432736408
        0x558432736408
        0x558432736408
        0x558432736408
        0x558432736408
        0x558432736408
        0x558432736408
        0x558432736408
        0x558432736408
        0x558432736408
        0x558432736408
        0x558432736408
        0x558432736408
        0x558432736408
        0x558432736408
        0x558432736408
        0x558432736408
        0x558432736408
        0x558432736408
        0x558432736408
        0x558432736408
        0x558432736408
        0x558432736408
        0x558432736408
        0x558432736408
        0x558432736408
        0x558432736408
        0x558432736408
        0x558432736408
        0x558432736408
        0x558432736408
        0x558432736408
        0x558432736408
        0x558432736408
        0x558432736408
        0x558432736408
        0x558432736408
        0x558432736408
        0x558432736408
        0x558432736408
        0x558432736408
        0x558432736408
        0x558432736408
        0x558432736408
        0x558432736408
        0x558432736408
        0x558432736408
        0x558432736408
        0x558432736408
        0x558432736408
        0x558432736408
        0x558432736408
        0x558432736408
        0x558432736408
        0x558432736408
        0x558432736408
        0x558432736408
        0x558432736408
        0x558432736408
        0x558432736408
        0x558432736408
        0x558432736408
        0x558432736408
        0x558432736408
        0x558432736408
        0x558432736408
        0x558432736408
        0x558432736408
        0x558432736408
        0x558432736408
]: 1
@preempt_stack[
        0x7f953dd4e515
        0x3f0000003f000000
]: 1
@preempt_stack[
        0x7f953dd1a601
        0x7f9500000428
        0x3f80000000000000
]: 1
@preempt_stack[
        0x40ce0133
]: 1
@preempt_stack[
        0x7f953dd0e9c7
]: 1
@preempt_stack[
        0x7f953dd43219
        0x4277bd5544010000
        0x7f9502b5b070
        0x58
        0x7f93e00000
]: 1
@preempt_stack[
        tanhf64+682
        0x40de626c
        0x40bf8d60
        0x40b4cd24
        0x40b4c87c
        0x40b4c753
        0x7f93fc093a6b
        0x7f94788cb95b
        0x7f93fc07fabb
        0x401c67a6
        0x7f949c846428
        0x7f949c9e578f
        0x558431b82490
]: 1
@preempt_stack[
        0x40cad677
        0x40cb68a8
        0x40cb4138
        0x40cb2a88
        0x40cafea4
        0x40cafc3c
        0x40407e56
        0x40403d24
        0x7f949c846428
        0x7f949c9e578f
        0x558431b82490
]: 1
@preempt_stack[
        0x7f949c9dcfa3
        0x120000
        0x558432b4f798
        0x558432b4f798
        0x558432b4f798
        0x558432b4f798
        0x558432b4f798
        0x558432b4f798
        0x558432b4f798
        0x558432b4f798
        0x558432b4f798
        0x558432b4f798
        0x558432b4f798
        0x558432b4f798
        0x558432b4f798
        0x558432b4f798
        0x558432b4f798
        0x558432b4f798
        0x558432b4f798
        0x558432b4f798
        0x558432b4f798
        0x558432b4f798
        0x558432b4f798
        0x558432b4f798
        0x558432b4f798
        0x558432b4f798
        0x558432b4f798
        0x558432b4f798
        0x558432b4f798
        0x558432b4f798
        0x558432b4f798
        0x558432b4f798
        0x558432b4f798
        0x558432b4f798
        0x558432b4f798
        0x558432b4f798
        0x558432b4f798
        0x558432b4f798
        0x558432b4f798
        0x558432b4f798
        0x558432b4f798
        0x558432b4f798
        0x558432b4f798
        0x558432b4f798
        0x558432b4f798
        0x558432b4f798
        0x558432b4f798
        0x558432b4f798
        0x558432b4f798
        0x558432b4f798
        0x558432b4f798
        0x558432b4f798
        0x558432b4f798
        0x558432b4f798
        0x558432b4f798
        0x558432b4f798
        0x558432b4f798
        0x558432b4f798
        0x558432b4f798
        0x558432b4f798
        0x558432b4f798
        0x558432b4f798
        0x558432b4f798
        0x558432b4f798
        0x558432b4f798
        0x558432b4f798
        0x558432b4f798
        0x558432b4f798
        0x558432b4f798
        0x558432b4f798
        0x558432b4f798
        0x558432b4f798
        0x558432b4f798
        0x558432b4f798
        0x558432b4f798
        0x558432b4f798
        0x558432b4f798
        0x558432b4f798
        0x558432b4f798
        0x558432b4f798
        0x558432b4f798
        0x558432b4f798
        0x558432b4f798
        0x558432b4f798
        0x558432b4f798
        0x558432b4f798
        0x558432b4f798
        0x558432b4f798
        0x558432b4f798
        0x558432b4f798
        0x558432b4f798
        0x558432b4f798
        0x558432b4f798
        0x558432b4f798
        0x558432b4f798
        0x558432b4f798
        0x558432b4f798
        0x558432b4f798
        0x558432b4f798
        0x558432b4f798
        0x558432b4f798
        0x558432b4f798
        0x558432b4f798
        0x558432b4f798
        0x558432b4f798
        0x558432b4f798
        0x558432b4f798
        0x558432b4f798
        0x558432b4f798
        0x558432b4f798
        0x558432b4f798
        0x558432b4f798
        0x558432b4f798
        0x558432b4f798
        0x558432b4f798
        0x558432b4f798
        0x558432b4f798
        0x558432b4f798
        0x558432b4f798
        0x558432b4f798
        0x558432b4f798
        0x558432b4f798
        0x558432b4f798
        0x558432b4f798
        0x558432b4f798
        0x558432b4f798
        0x558432b4f798
]: 1
@preempt_stack[
        0x40442a9e
]: 1
@preempt_stack[
        mono_metadata_type_hash+80
        0x120000
        0x558432e54570
        0x558432e54570
        0x558432e54570
        0x558432e54570
        0x558432e54570
        0x558432e54570
        0x558432e54570
        0x558432e54570
        0x558432e54570
        0x558432e54570
        0x558432e54570
        0x558432e54570
        0x558432e54570
        0x558432e54570
        0x558432e54570
        0x558432e54570
        0x558432e54570
        0x558432e54570
        0x558432e54570
        0x558432e54570
        0x558432e54570
        0x558432e54570
        0x558432e54570
        0x558432e54570
        0x558432e54570
        0x558432e54570
        0x558432e54570
        0x558432e54570
        0x558432e54570
        0x558432e54570
        0x558432e54570
        0x558432e54570
        0x558432e54570
        0x558432e54570
        0x558432e54570
        0x558432e54570
        0x558432e54570
        0x558432e54570
        0x558432e54570
        0x558432e54570
        0x558432e54570
        0x558432e54570
        0x558432e54570
        0x558432e54570
        0x558432e54570
        0x558432e54570
        0x558432e54570
        0x558432e54570
        0x558432e54570
        0x558432e54570
        0x558432e54570
        0x558432e54570
        0x558432e54570
        0x558432e54570
        0x558432e54570
        0x558432e54570
        0x558432e54570
        0x558432e54570
        0x558432e54570
        0x558432e54570
        0x558432e54570
        0x558432e54570
        0x558432e54570
        0x558432e54570
        0x558432e54570
        0x558432e54570
        0x558432e54570
        0x558432e54570
        0x558432e54570
        0x558432e54570
        0x558432e54570
        0x558432e54570
        0x558432e54570
        0x558432e54570
        0x558432e54570
        0x558432e54570
        0x558432e54570
        0x558432e54570
        0x558432e54570
        0x558432e54570
        0x558432e54570
        0x558432e54570
        0x558432e54570
        0x558432e54570
        0x558432e54570
        0x558432e54570
        0x558432e54570
        0x558432e54570
        0x558432e54570
        0x558432e54570
        0x558432e54570
        0x558432e54570
        0x558432e54570
        0x558432e54570
        0x558432e54570
        0x558432e54570
        0x558432e54570
        0x558432e54570
        0x558432e54570
        0x558432e54570
        0x558432e54570
        0x558432e54570
        0x558432e54570
        0x558432e54570
        0x558432e54570
        0x558432e54570
        0x558432e54570
        0x558432e54570
        0x558432e54570
        0x558432e54570
        0x558432e54570
        0x558432e54570
        0x558432e54570
        0x558432e54570
        0x558432e54570
        0x558432e54570
        0x558432e54570
        0x558432e54570
        0x558432e54570
        0x558432e54570
        0x558432e54570
        0x558432e54570
        0x558432e54570
        0x558432e54570
        0x558432e54570
]: 1
@preempt_stack[
        0x7f953dd1a404
        0x7f9500000003
        0x3f80000000000000
]: 1
@preempt_stack[
        0x4044bb81
        0x4044b20c
]: 1
@preempt_stack[
        0x402f221c
        0x40c0d864
        0x4077cadf
        0x7f949c846428
        0x7f949c9e578f
        0x558431b82490
]: 1
@preempt_stack[
        0x7f953ddcadea
        0xfa70f840f84
]: 1
@preempt_stack[
        0x7f953db083ad
        0x7f9502be9628
        0x7f953dd260a0
        0xa0d6058d48fc8949
]: 1
@preempt_stack[
        GC_collect_a_little+45
]: 1
@preempt_stack[
        0x7f953cbb886a
]: 1
@preempt_stack[
        0x40ae342c
]: 1
@preempt_stack[
        0x7f953e4a68bc
]: 1
@preempt_stack[
        0x7f949c985e15
        0
        0x1000000000000001
        0x558432ab54e0
        0x558432ab54e0
        0x558432ab54e0
        0x558432ab54e0
        0x558432ab54e0
        0x558432ab54e0
        0x558432ab54e0
        0x558432ab54e0
        0x558432ab54e0
        0x558432ab54e0
        0x558432ab54e0
        0x558432ab54e0
        0x558432ab54e0
        0x558432ab54e0
        0x558432ab54e0
        0x558432ab54e0
        0x558432ab54e0
        0x558432ab54e0
        0x558432ab54e0
        0x558432ab54e0
        0x558432ab54e0
        0x558432ab54e0
        0x558432ab54e0
        0x558432ab54e0
        0x558432ab54e0
        0x558432ab54e0
        0x558432ab54e0
        0x558432ab54e0
        0x558432ab54e0
        0x558432ab54e0
        0x558432ab54e0
        0x558432ab54e0
        0x558432ab54e0
        0x558432ab54e0
        0x558432ab54e0
        0x558432ab54e0
        0x558432ab54e0
        0x558432ab54e0
        0x558432ab54e0
        0x558432ab54e0
        0x558432ab54e0
        0x558432ab54e0
        0x558432ab54e0
        0x558432ab54e0
        0x558432ab54e0
        0x558432ab54e0
        0x558432ab54e0
        0x558432ab54e0
        0x558432ab54e0
        0x558432ab54e0
        0x558432ab54e0
        0x558432ab54e0
        0x558432ab54e0
        0x558432ab54e0
        0x558432ab54e0
        0x558432ab54e0
        0x558432ab54e0
        0x558432ab54e0
        0x558432ab54e0
        0x558432ab54e0
        0x558432ab54e0
        0x558432ab54e0
        0x558432ab54e0
        0x558432ab54e0
        0x558432ab54e0
        0x558432ab54e0
        0x558432ab54e0
        0x558432ab54e0
        0x558432ab54e0
        0x558432ab54e0
        0x558432ab54e0
        0x558432ab54e0
        0x558432ab54e0
        0x558432ab54e0
        0x558432ab54e0
        0x558432ab54e0
        0x558432ab54e0
        0x558432ab54e0
        0x558432ab54e0
        0x558432ab54e0
        0x558432ab54e0
        0x558432ab54e0
        0x558432ab54e0
        0x558432ab54e0
        0x558432ab54e0
        0x558432ab54e0
        0x558432ab54e0
        0x558432ab54e0
        0x558432ab54e0
        0x558432ab54e0
        0x558432ab54e0
        0x558432ab54e0
        0x558432ab54e0
        0x558432ab54e0
        0x558432ab54e0
        0x558432ab54e0
        0x558432ab54e0
        0x558432ab54e0
        0x558432ab54e0
        0x558432ab54e0
        0x558432ab54e0
        0x558432ab54e0
        0x558432ab54e0
        0x558432ab54e0
        0x558432ab54e0
        0x558432ab54e0
        0x558432ab54e0
        0x558432ab54e0
        0x558432ab54e0
        0x558432ab54e0
        0x558432ab54e0
        0x558432ab54e0
        0x558432ab54e0
        0x558432ab54e0
        0x558432ab54e0
        0x558432ab54e0
        0x558432ab54e0
        0x558432ab54e0
        0x558432ab54e0
        0x558432ab54e0
        0x558432ab54e0
        0x558432ab54e0
        0x558432ab54e0
        0x558432ab54e0
]: 1
@preempt_stack[
        0x7f953d55b811
        0c96fb01b070c5126b22b8685cc3e444_avx2+1130
        0c96fb01b070c5126b22b8685cc3e444+10
        0x7f953d907ebb
]: 1
@preempt_stack[
        pthread_cond_timedwait+261
]: 1
@preempt_stack[
        0x7f949c9cb76a
        0x130000
        0
        0
        0x558434b92480
]: 1
@preempt_stack[
        0x401940d9
        0x4046dfb8
        0x40785934
        0x401c67a6
        0x7f949c846428
        0x7f949c9e578f
        0x558431b82490
]: 1
@preempt_stack[
        0x7f953e5b339e
]: 1
@preempt_stack[
        0x7f953e5b2a87
]: 1
@preempt_stack[
        0x7f949c9e4511
        0x110000
        0x5584332278a8
        0x5584332278a8
        0x5584332278a8
        0x5584332278a8
        0x5584332278a8
        0x5584332278a8
        0x5584332278a8
        0x5584332278a8
        0x5584332278a8
        0x5584332278a8
        0x5584332278a8
        0x5584332278a8
        0x5584332278a8
        0x5584332278a8
        0x5584332278a8
        0x5584332278a8
        0x5584332278a8
        0x5584332278a8
        0x5584332278a8
        0x5584332278a8
        0x5584332278a8
        0x5584332278a8
        0x5584332278a8
        0x5584332278a8
        0x5584332278a8
        0x5584332278a8
        0x5584332278a8
        0x5584332278a8
        0x5584332278a8
        0x5584332278a8
        0x5584332278a8
        0x5584332278a8
        0x5584332278a8
        0x5584332278a8
        0x5584332278a8
        0x5584332278a8
        0x5584332278a8
        0x5584332278a8
        0x5584332278a8
        0x5584332278a8
        0x5584332278a8
        0x5584332278a8
        0x5584332278a8
        0x5584332278a8
        0x5584332278a8
        0x5584332278a8
        0x5584332278a8
        0x5584332278a8
        0x5584332278a8
        0x5584332278a8
        0x5584332278a8
        0x5584332278a8
        0x5584332278a8
        0x5584332278a8
        0x5584332278a8
        0x5584332278a8
        0x5584332278a8
        0x5584332278a8
        0x5584332278a8
        0x5584332278a8
        0x5584332278a8
        0x5584332278a8
        0x5584332278a8
        0x5584332278a8
        0x5584332278a8
        0x5584332278a8
        0x5584332278a8
        0x5584332278a8
        0x5584332278a8
        0x5584332278a8
        0x5584332278a8
        0x5584332278a8
        0x5584332278a8
        0x5584332278a8
        0x5584332278a8
        0x5584332278a8
        0x5584332278a8
        0x5584332278a8
        0x5584332278a8
        0x5584332278a8
        0x5584332278a8
        0x5584332278a8
        0x5584332278a8
        0x5584332278a8
        0x5584332278a8
        0x5584332278a8
        0x5584332278a8
        0x5584332278a8
        0x5584332278a8
        0x5584332278a8
        0x5584332278a8
        0x5584332278a8
        0x5584332278a8
        0x5584332278a8
        0x5584332278a8
        0x5584332278a8
        0x5584332278a8
        0x5584332278a8
        0x5584332278a8
        0x5584332278a8
        0x5584332278a8
        0x5584332278a8
        0x5584332278a8
        0x5584332278a8
        0x5584332278a8
        0x5584332278a8
        0x5584332278a8
        0x5584332278a8
        0x5584332278a8
        0x5584332278a8
        0x5584332278a8
        0x5584332278a8
        0x5584332278a8
        0x5584332278a8
        0x5584332278a8
        0x5584332278a8
        0x5584332278a8
        0x5584332278a8
        0x5584332278a8
        0x5584332278a8
        0x5584332278a8
        0x5584332278a8
        0x5584332278a8
        0x5584332278a8
        0x5584332278a8
]: 1
@preempt_stack[
        0x40caeee1
        0x40eac640
        0x40ea95d9
        0x40ca69ba
        0x40407e56
        0x40403d24
        0x7f949c846428
        0x7f949c9e578f
        0x558431b82490
]: 1
@preempt_stack[
        0x40441ba2
]: 1
@preempt_stack[
        0x40441ca6
]: 1
@preempt_stack[
        0x40caf749
        0x40cab139
        0x40ca6ac7
        0x40407e56
        0x40403d24
        0x7f949c846428
        0x7f949c9e578f
        0x558431b82490
]: 1
@preempt_stack[
        0x40d59850
        0x40d56ef8
        0x40d56d80
        0x40d53864
        0
        0
        0x558432736408
        0x558432736408
        0x558432736408
        0x558432736408
        0x558432736408
        0x558432736408
        0x558432736408
        0x558432736408
        0x558432736408
        0x558432736408
        0x558432736408
        0x558432736408
        0x558432736408
        0x558432736408
        0x558432736408
        0x558432736408
        0x558432736408
        0x558432736408
        0x558432736408
        0x558432736408
        0x558432736408
        0x558432736408
        0x558432736408
        0x558432736408
        0x558432736408
        0x558432736408
        0x558432736408
        0x558432736408
        0x558432736408
        0x558432736408
        0x558432736408
        0x558432736408
        0x558432736408
        0x558432736408
        0x558432736408
        0x558432736408
        0x558432736408
        0x558432736408
        0x558432736408
        0x558432736408
        0x558432736408
        0x558432736408
        0x558432736408
        0x558432736408
        0x558432736408
        0x558432736408
        0x558432736408
        0x558432736408
        0x558432736408
        0x558432736408
        0x558432736408
        0x558432736408
        0x558432736408
        0x558432736408
        0x558432736408
        0x558432736408
        0x558432736408
        0x558432736408
        0x558432736408
        0x558432736408
        0x558432736408
        0x558432736408
        0x558432736408
        0x558432736408
        0x558432736408
        0x558432736408
        0x558432736408
        0x558432736408
        0x558432736408
        0x558432736408
        0x558432736408
        0x558432736408
        0x558432736408
        0x558432736408
        0x558432736408
        0x558432736408
        0x558432736408
        0x558432736408
        0x558432736408
        0x558432736408
        0x558432736408
        0x558432736408
        0x558432736408
        0x558432736408
        0x558432736408
        0x558432736408
        0x558432736408
        0x558432736408
        0x558432736408
        0x558432736408
        0x558432736408
        0x558432736408
        0x558432736408
        0x558432736408
        0x558432736408
        0x558432736408
        0x558432736408
        0x558432736408
        0x558432736408
        0x558432736408
        0x558432736408
        0x558432736408
        0x558432736408
        0x558432736408
        0x558432736408
        0x558432736408
        0x558432736408
        0x558432736408
        0x558432736408
        0x558432736408
        0x558432736408
        0x558432736408
        0x558432736408
        0x558432736408
        0x558432736408
        0x558432736408
        0x558432736408
        0x558432736408
        0x558432736408
        0x558432736408
        0x558432736408
]: 1
@preempt_stack[
        0x7f949c9cb75e
        0x130000
        0x1
        0
        0x7f9450047cc0
]: 1
@preempt_stack[
        0x401ac325
        0x40212f04
        0x40407e56
        0x40403d24
        0x7f949c846428
        0x7f949c9e578f
        0x558431b82490
]: 1
@preempt_stack[
        0x7f949c9cb5b8
        0
        0
        0x55843301fcd0
]: 1
@preempt_stack[
        0x7f953caa9521
]: 1
@preempt_stack[
        0x7f953dd4b39c
        0x2eaf0cdb28aa9316
]: 1
@preempt_stack[
        0x7f953dd4eca0
        0x18
        0x7f9400039f20
        0x4841
]: 1
@preempt_stack[
        0x7f953dd4e974
        0x2eaf0cdb28aa9316
]: 1
@preempt_stack[
        0x7f949c9dcfb5
]: 1
@preempt_stack[
        0x40442d38
]: 1
@preempt_stack[
        0x40d04f7b
        0x40d0350d
        0x40a8b124
        0x40407e56
        0x40403d24
        0x7f949c846428
        0x7f949c9e578f
        0x558431b82490
]: 1
@preempt_stack[
        0x7f953e698b2e
]: 1
@preempt_stack[
        0x40d067d0
        0
        0x2000000000000001
        0x558432740e50
        0x558432740e50
        0x558432740e50
        0x558432740e50
        0x558432740e50
        0x558432740e50
        0x558432740e50
        0x558432740e50
        0x558432740e50
        0x558432740e50
        0x558432740e50
        0x558432740e50
        0x558432740e50
        0x558432740e50
        0x558432740e50
        0x558432740e50
        0x558432740e50
        0x558432740e50
        0x558432740e50
        0x558432740e50
        0x558432740e50
        0x558432740e50
        0x558432740e50
        0x558432740e50
        0x558432740e50
        0x558432740e50
        0x558432740e50
        0x558432740e50
        0x558432740e50
        0x558432740e50
        0x558432740e50
        0x558432740e50
        0x558432740e50
        0x558432740e50
        0x558432740e50
        0x558432740e50
        0x558432740e50
        0x558432740e50
        0x558432740e50
        0x558432740e50
        0x558432740e50
        0x558432740e50
        0x558432740e50
        0x558432740e50
        0x558432740e50
        0x558432740e50
        0x558432740e50
        0x558432740e50
        0x558432740e50
        0x558432740e50
        0x558432740e50
        0x558432740e50
        0x558432740e50
        0x558432740e50
        0x558432740e50
        0x558432740e50
        0x558432740e50
        0x558432740e50
        0x558432740e50
        0x558432740e50
        0x558432740e50
        0x558432740e50
        0x558432740e50
        0x558432740e50
        0x558432740e50
        0x558432740e50
        0x558432740e50
        0x558432740e50
        0x558432740e50
        0x558432740e50
        0x558432740e50
        0x558432740e50
        0x558432740e50
        0x558432740e50
        0x558432740e50
        0x558432740e50
        0x558432740e50
        0x558432740e50
        0x558432740e50
        0x558432740e50
        0x558432740e50
        0x558432740e50
        0x558432740e50
        0x558432740e50
        0x558432740e50
        0x558432740e50
        0x558432740e50
        0x558432740e50
        0x558432740e50
        0x558432740e50
        0x558432740e50
        0x558432740e50
        0x558432740e50
        0x558432740e50
        0x558432740e50
        0x558432740e50
        0x558432740e50
        0x558432740e50
        0x558432740e50
        0x558432740e50
        0x558432740e50
        0x558432740e50
        0x558432740e50
        0x558432740e50
        0x558432740e50
        0x558432740e50
        0x558432740e50
        0x558432740e50
        0x558432740e50
        0x558432740e50
        0x558432740e50
        0x558432740e50
        0x558432740e50
        0x558432740e50
        0x558432740e50
        0x558432740e50
        0x558432740e50
        0x558432740e50
        0x558432740e50
        0x558432740e50
        0x558432740e50
        0x558432740e50
        0x558432740e50
        0x558432740e50
]: 1
@preempt_stack[
        0x401a191f
        0x40cabc4c
        0x40cab139
        0x40ca6ac7
        0x40407e56
        0x40403d24
        0x7f949c846428
        0x7f949c9e578f
        0x558431b82490
]: 1
@preempt_stack[
        0x40443251
]: 1
@preempt_stack[
        0x7f949c9dcfa3
        0x120000
        0x558432ecfbc0
        0x558432ecfbc0
        0x558432ecfbc0
        0x558432ecfbc0
        0x558432ecfbc0
        0x558432ecfbc0
        0x558432ecfbc0
        0x558432ecfbc0
        0x558432ecfbc0
        0x558432ecfbc0
        0x558432ecfbc0
        0x558432ecfbc0
        0x558432ecfbc0
        0x558432ecfbc0
        0x558432ecfbc0
        0x558432ecfbc0
        0x558432ecfbc0
        0x558432ecfbc0
        0x558432ecfbc0
        0x558432ecfbc0
        0x558432ecfbc0
        0x558432ecfbc0
        0x558432ecfbc0
        0x558432ecfbc0
        0x558432ecfbc0
        0x558432ecfbc0
        0x558432ecfbc0
        0x558432ecfbc0
        0x558432ecfbc0
        0x558432ecfbc0
        0x558432ecfbc0
        0x558432ecfbc0
        0x558432ecfbc0
        0x558432ecfbc0
        0x558432ecfbc0
        0x558432ecfbc0
        0x558432ecfbc0
        0x558432ecfbc0
        0x558432ecfbc0
        0x558432ecfbc0
        0x558432ecfbc0
        0x558432ecfbc0
        0x558432ecfbc0
        0x558432ecfbc0
        0x558432ecfbc0
        0x558432ecfbc0
        0x558432ecfbc0
        0x558432ecfbc0
        0x558432ecfbc0
        0x558432ecfbc0
        0x558432ecfbc0
        0x558432ecfbc0
        0x558432ecfbc0
        0x558432ecfbc0
        0x558432ecfbc0
        0x558432ecfbc0
        0x558432ecfbc0
        0x558432ecfbc0
        0x558432ecfbc0
        0x558432ecfbc0
        0x558432ecfbc0
        0x558432ecfbc0
        0x558432ecfbc0
        0x558432ecfbc0
        0x558432ecfbc0
        0x558432ecfbc0
        0x558432ecfbc0
        0x558432ecfbc0
        0x558432ecfbc0
        0x558432ecfbc0
        0x558432ecfbc0
        0x558432ecfbc0
        0x558432ecfbc0
        0x558432ecfbc0
        0x558432ecfbc0
        0x558432ecfbc0
        0x558432ecfbc0
        0x558432ecfbc0
        0x558432ecfbc0
        0x558432ecfbc0
        0x558432ecfbc0
        0x558432ecfbc0
        0x558432ecfbc0
        0x558432ecfbc0
        0x558432ecfbc0
        0x558432ecfbc0
        0x558432ecfbc0
        0x558432ecfbc0
        0x558432ecfbc0
        0x558432ecfbc0
        0x558432ecfbc0
        0x558432ecfbc0
        0x558432ecfbc0
        0x558432ecfbc0
        0x558432ecfbc0
        0x558432ecfbc0
        0x558432ecfbc0
        0x558432ecfbc0
        0x558432ecfbc0
        0x558432ecfbc0
        0x558432ecfbc0
        0x558432ecfbc0
        0x558432ecfbc0
        0x558432ecfbc0
        0x558432ecfbc0
        0x558432ecfbc0
        0x558432ecfbc0
        0x558432ecfbc0
        0x558432ecfbc0
        0x558432ecfbc0
        0x558432ecfbc0
        0x558432ecfbc0
        0x558432ecfbc0
        0x558432ecfbc0
        0x558432ecfbc0
        0x558432ecfbc0
        0x558432ecfbc0
        0x558432ecfbc0
        0x558432ecfbc0
        0x558432ecfbc0
        0x558432ecfbc0
        0x558432ecfbc0
        0x558432ecfbc0
        0x558432ecfbc0
        0x558432ecfbc0
]: 1
@preempt_stack[
        0x7f953e92b22c
]: 1
@preempt_stack[
        0x40d0687e
        0
        0x2000000000000001
        0x558432740e50
        0x558432740e50
        0x558432740e50
        0x558432740e50
        0x558432740e50
        0x558432740e50
        0x558432740e50
        0x558432740e50
        0x558432740e50
        0x558432740e50
        0x558432740e50
        0x558432740e50
        0x558432740e50
        0x558432740e50
        0x558432740e50
        0x558432740e50
        0x558432740e50
        0x558432740e50
        0x558432740e50
        0x558432740e50
        0x558432740e50
        0x558432740e50
        0x558432740e50
        0x558432740e50
        0x558432740e50
        0x558432740e50
        0x558432740e50
        0x558432740e50
        0x558432740e50
        0x558432740e50
        0x558432740e50
        0x558432740e50
        0x558432740e50
        0x558432740e50
        0x558432740e50
        0x558432740e50
        0x558432740e50
        0x558432740e50
        0x558432740e50
        0x558432740e50
        0x558432740e50
        0x558432740e50
        0x558432740e50
        0x558432740e50
        0x558432740e50
        0x558432740e50
        0x558432740e50
        0x558432740e50
        0x558432740e50
        0x558432740e50
        0x558432740e50
        0x558432740e50
        0x558432740e50
        0x558432740e50
        0x558432740e50
        0x558432740e50
        0x558432740e50
        0x558432740e50
        0x558432740e50
        0x558432740e50
        0x558432740e50
        0x558432740e50
        0x558432740e50
        0x558432740e50
        0x558432740e50
        0x558432740e50
        0x558432740e50
        0x558432740e50
        0x558432740e50
        0x558432740e50
        0x558432740e50
        0x558432740e50
        0x558432740e50
        0x558432740e50
        0x558432740e50
        0x558432740e50
        0x558432740e50
        0x558432740e50
        0x558432740e50
        0x558432740e50
        0x558432740e50
        0x558432740e50
        0x558432740e50
        0x558432740e50
        0x558432740e50
        0x558432740e50
        0x558432740e50
        0x558432740e50
        0x558432740e50
        0x558432740e50
        0x558432740e50
        0x558432740e50
        0x558432740e50
        0x558432740e50
        0x558432740e50
        0x558432740e50
        0x558432740e50
        0x558432740e50
        0x558432740e50
        0x558432740e50
        0x558432740e50
        0x558432740e50
        0x558432740e50
        0x558432740e50
        0x558432740e50
        0x558432740e50
        0x558432740e50
        0x558432740e50
        0x558432740e50
        0x558432740e50
        0x558432740e50
        0x558432740e50
        0x558432740e50
        0x558432740e50
        0x558432740e50
        0x558432740e50
        0x558432740e50
        0x558432740e50
        0x558432740e50
        0x558432740e50
        0x558432740e50
        0x558432740e50
        0x558432740e50
        0x558432740e50
]: 1
@preempt_stack[
        0x7f949ca5ff9a
        0
]: 1
@preempt_stack[
        0x40d067fe
        0
        0x2000000000000001
        0x558432740e50
        0x558432740e50
        0x558432740e50
        0x558432740e50
        0x558432740e50
        0x558432740e50
        0x558432740e50
        0x558432740e50
        0x558432740e50
        0x558432740e50
        0x558432740e50
        0x558432740e50
        0x558432740e50
        0x558432740e50
        0x558432740e50
        0x558432740e50
        0x558432740e50
        0x558432740e50
        0x558432740e50
        0x558432740e50
        0x558432740e50
        0x558432740e50
        0x558432740e50
        0x558432740e50
        0x558432740e50
        0x558432740e50
        0x558432740e50
        0x558432740e50
        0x558432740e50
        0x558432740e50
        0x558432740e50
        0x558432740e50
        0x558432740e50
        0x558432740e50
        0x558432740e50
        0x558432740e50
        0x558432740e50
        0x558432740e50
        0x558432740e50
        0x558432740e50
        0x558432740e50
        0x558432740e50
        0x558432740e50
        0x558432740e50
        0x558432740e50
        0x558432740e50
        0x558432740e50
        0x558432740e50
        0x558432740e50
        0x558432740e50
        0x558432740e50
        0x558432740e50
        0x558432740e50
        0x558432740e50
        0x558432740e50
        0x558432740e50
        0x558432740e50
        0x558432740e50
        0x558432740e50
        0x558432740e50
        0x558432740e50
        0x558432740e50
        0x558432740e50
        0x558432740e50
        0x558432740e50
        0x558432740e50
        0x558432740e50
        0x558432740e50
        0x558432740e50
        0x558432740e50
        0x558432740e50
        0x558432740e50
        0x558432740e50
        0x558432740e50
        0x558432740e50
        0x558432740e50
        0x558432740e50
        0x558432740e50
        0x558432740e50
        0x558432740e50
        0x558432740e50
        0x558432740e50
        0x558432740e50
        0x558432740e50
        0x558432740e50
        0x558432740e50
        0x558432740e50
        0x558432740e50
        0x558432740e50
        0x558432740e50
        0x558432740e50
        0x558432740e50
        0x558432740e50
        0x558432740e50
        0x558432740e50
        0x558432740e50
        0x558432740e50
        0x558432740e50
        0x558432740e50
        0x558432740e50
        0x558432740e50
        0x558432740e50
        0x558432740e50
        0x558432740e50
        0x558432740e50
        0x558432740e50
        0x558432740e50
        0x558432740e50
        0x558432740e50
        0x558432740e50
        0x558432740e50
        0x558432740e50
        0x558432740e50
        0x558432740e50
        0x558432740e50
        0x558432740e50
        0x558432740e50
        0x558432740e50
        0x558432740e50
        0x558432740e50
        0x558432740e50
        0x558432740e50
        0x558432740e50
        0x558432740e50
]: 1
@preempt_stack[
        0x7f949c9acbb5
        0x4046dfb8
        0x40785934
        0x401c67a6
        0x7f949c846428
        0x7f949c9e578f
        0x558431b82490
]: 1
@preempt_stack[
        0x40eae7d9
        0x40eae6a8
        0x40eac640
        0x40ea95d9
        0x40ca69ba
        0x40407e56
        0x40403d24
        0x7f949c846428
        0x7f949c9e578f
        0x558431b82490
]: 1
@preempt_stack[
        0x40bb246a
        0
        0
        0x558432736408
        0x558432736408
        0x558432736408
        0x558432736408
        0x558432736408
        0x558432736408
        0x558432736408
        0x558432736408
        0x558432736408
        0x558432736408
        0x558432736408
        0x558432736408
        0x558432736408
        0x558432736408
        0x558432736408
        0x558432736408
        0x558432736408
        0x558432736408
        0x558432736408
        0x558432736408
        0x558432736408
        0x558432736408
        0x558432736408
        0x558432736408
        0x558432736408
        0x558432736408
        0x558432736408
        0x558432736408
        0x558432736408
        0x558432736408
        0x558432736408
        0x558432736408
        0x558432736408
        0x558432736408
        0x558432736408
        0x558432736408
        0x558432736408
        0x558432736408
        0x558432736408
        0x558432736408
        0x558432736408
        0x558432736408
        0x558432736408
        0x558432736408
        0x558432736408
        0x558432736408
        0x558432736408
        0x558432736408
        0x558432736408
        0x558432736408
        0x558432736408
        0x558432736408
        0x558432736408
        0x558432736408
        0x558432736408
        0x558432736408
        0x558432736408
        0x558432736408
        0x558432736408
        0x558432736408
        0x558432736408
        0x558432736408
        0x558432736408
        0x558432736408
        0x558432736408
        0x558432736408
        0x558432736408
        0x558432736408
        0x558432736408
        0x558432736408
        0x558432736408
        0x558432736408
        0x558432736408
        0x558432736408
        0x558432736408
        0x558432736408
        0x558432736408
        0x558432736408
        0x558432736408
        0x558432736408
        0x558432736408
        0x558432736408
        0x558432736408
        0x558432736408
        0x558432736408
        0x558432736408
        0x558432736408
        0x558432736408
        0x558432736408
        0x558432736408
        0x558432736408
        0x558432736408
        0x558432736408
        0x558432736408
        0x558432736408
        0x558432736408
        0x558432736408
        0x558432736408
        0x558432736408
        0x558432736408
        0x558432736408
        0x558432736408
        0x558432736408
        0x558432736408
        0x558432736408
        0x558432736408
        0x558432736408
        0x558432736408
        0x558432736408
        0x558432736408
        0x558432736408
        0x558432736408
        0x558432736408
        0x558432736408
        0x558432736408
        0x558432736408
        0x558432736408
        0x558432736408
        0x558432736408
        0x558432736408
        0x558432736408
        0x558432736408
        0x558432736408
        0x558432736408
]: 1
@preempt_stack[
        0x7f953e5af95e
]: 1
@preempt_stack[
        0x7f949ca544cc
        0xffffffff
]: 1
@preempt_stack[
        mono_metadata_type_hash+80
        0x120000
        0x558432807c40
        0x558432807c40
        0x558432807c40
        0x558432807c40
        0x558432807c40
        0x558432807c40
        0x558432807c40
        0x558432807c40
        0x558432807c40
        0x558432807c40
        0x558432807c40
        0x558432807c40
        0x558432807c40
        0x558432807c40
        0x558432807c40
        0x558432807c40
        0x558432807c40
        0x558432807c40
        0x558432807c40
        0x558432807c40
        0x558432807c40
        0x558432807c40
        0x558432807c40
        0x558432807c40
        0x558432807c40
        0x558432807c40
        0x558432807c40
        0x558432807c40
        0x558432807c40
        0x558432807c40
        0x558432807c40
        0x558432807c40
        0x558432807c40
        0x558432807c40
        0x558432807c40
        0x558432807c40
        0x558432807c40
        0x558432807c40
        0x558432807c40
        0x558432807c40
        0x558432807c40
        0x558432807c40
        0x558432807c40
        0x558432807c40
        0x558432807c40
        0x558432807c40
        0x558432807c40
        0x558432807c40
        0x558432807c40
        0x558432807c40
        0x558432807c40
        0x558432807c40
        0x558432807c40
        0x558432807c40
        0x558432807c40
        0x558432807c40
        0x558432807c40
        0x558432807c40
        0x558432807c40
        0x558432807c40
        0x558432807c40
        0x558432807c40
        0x558432807c40
        0x558432807c40
        0x558432807c40
        0x558432807c40
        0x558432807c40
        0x558432807c40
        0x558432807c40
        0x558432807c40
        0x558432807c40
        0x558432807c40
        0x558432807c40
        0x558432807c40
        0x558432807c40
        0x558432807c40
        0x558432807c40
        0x558432807c40
        0x558432807c40
        0x558432807c40
        0x558432807c40
        0x558432807c40
        0x558432807c40
        0x558432807c40
        0x558432807c40
        0x558432807c40
        0x558432807c40
        0x558432807c40
        0x558432807c40
        0x558432807c40
        0x558432807c40
        0x558432807c40
        0x558432807c40
        0x558432807c40
        0x558432807c40
        0x558432807c40
        0x558432807c40
        0x558432807c40
        0x558432807c40
        0x558432807c40
        0x558432807c40
        0x558432807c40
        0x558432807c40
        0x558432807c40
        0x558432807c40
        0x558432807c40
        0x558432807c40
        0x558432807c40
        0x558432807c40
        0x558432807c40
        0x558432807c40
        0x558432807c40
        0x558432807c40
        0x558432807c40
        0x558432807c40
        0x558432807c40
        0x558432807c40
        0x558432807c40
        0x558432807c40
        0x558432807c40
        0x558432807c40
        0x558432807c40
        0x558432807c40
        0x558432807c40
        0x558432807c40
]: 1
@preempt_stack[
        0x7f953e8692c7
        0xea00038fffdc802
        0x7f953da02410
        0x8348078948011124
]: 1
@preempt_stack[
        0x7f953eea2bf7
        __clock_gettime+29
]: 1
@preempt_stack[
        0x40d5b0ba
]: 1
@preempt_stack[
        0x40eabcd3
        0x404486a0
        0x40445fcc
]: 1
@preempt_stack[
        0x7f949c9ace99
        0
]: 1
@preempt_stack[
        0x7f953d9f1f20
]: 1
@preempt_stack[
        0x7f953eea2bcb
        __clock_gettime+29
        0x4c00088000007f93
]: 1
@preempt_stack[
        0x40cac4e0
        0x40cac474
]: 1
@preempt_stack[
        0x7f953e7762c7
        0x7f9500c608d0
]: 1
@preempt_stack[
        0x7f953caa95d4
        0x150a
]: 1
@preempt_stack[
        0x7f949c99ddd5
]: 1
@preempt_stack[
        0x401b5f87
        0x4046dfb8
        0x40785934
        0x401c67a6
        0x7f949c846428
        0x7f949c9e578f
        0x558431b82490
]: 1
@preempt_stack[
        0x7f953e8b1072
]: 1
@preempt_stack[
        0x7f949ca0f68f
        0x120000
        0x5584351d7378
        0x5584351d7378
        0x5584351d7378
        0x5584351d7378
        0x5584351d7378
        0x5584351d7378
        0x5584351d7378
        0x5584351d7378
        0x5584351d7378
        0x5584351d7378
        0x5584351d7378
        0x5584351d7378
        0x5584351d7378
        0x5584351d7378
        0x5584351d7378
        0x5584351d7378
        0x5584351d7378
        0x5584351d7378
        0x5584351d7378
        0x5584351d7378
        0x5584351d7378
        0x5584351d7378
        0x5584351d7378
        0x5584351d7378
        0x5584351d7378
        0x5584351d7378
        0x5584351d7378
        0x5584351d7378
        0x5584351d7378
        0x5584351d7378
        0x5584351d7378
        0x5584351d7378
        0x5584351d7378
        0x5584351d7378
        0x5584351d7378
        0x5584351d7378
        0x5584351d7378
        0x5584351d7378
        0x5584351d7378
        0x5584351d7378
        0x5584351d7378
        0x5584351d7378
        0x5584351d7378
        0x5584351d7378
        0x5584351d7378
        0x5584351d7378
        0x5584351d7378
        0x5584351d7378
        0x5584351d7378
        0x5584351d7378
        0x5584351d7378
        0x5584351d7378
        0x5584351d7378
        0x5584351d7378
        0x5584351d7378
        0x5584351d7378
        0x5584351d7378
        0x5584351d7378
        0x5584351d7378
        0x5584351d7378
        0x5584351d7378
        0x5584351d7378
        0x5584351d7378
        0x5584351d7378
        0x5584351d7378
        0x5584351d7378
        0x5584351d7378
        0x5584351d7378
        0x5584351d7378
        0x5584351d7378
        0x5584351d7378
        0x5584351d7378
        0x5584351d7378
        0x5584351d7378
        0x5584351d7378
        0x5584351d7378
        0x5584351d7378
        0x5584351d7378
        0x5584351d7378
        0x5584351d7378
        0x5584351d7378
        0x5584351d7378
        0x5584351d7378
        0x5584351d7378
        0x5584351d7378
        0x5584351d7378
        0x5584351d7378
        0x5584351d7378
        0x5584351d7378
        0x5584351d7378
        0x5584351d7378
        0x5584351d7378
        0x5584351d7378
        0x5584351d7378
        0x5584351d7378
        0x5584351d7378
        0x5584351d7378
        0x5584351d7378
        0x5584351d7378
        0x5584351d7378
        0x5584351d7378
        0x5584351d7378
        0x5584351d7378
        0x5584351d7378
        0x5584351d7378
        0x5584351d7378
        0x5584351d7378
        0x5584351d7378
        0x5584351d7378
        0x5584351d7378
        0x5584351d7378
        0x5584351d7378
        0x5584351d7378
        0x5584351d7378
        0x5584351d7378
        0x5584351d7378
        0x5584351d7378
        0x5584351d7378
        0x5584351d7378
        0x5584351d7378
        0x5584351d7378
        0x5584351d7378
        0x5584351d7378
        0x5584351d7378
        0x5584351d7378
]: 1
@preempt_stack[
        0x40442adf
]: 1
@preempt_stack[
        mono_class_from_mono_type_internal+13
        0x120000
        0x5584320b9490
        0x5584320b9490
        0x5584320b9490
        0x5584320b9490
        0x5584320b9490
        0x5584320b9490
        0x5584320b9490
        0x5584320b9490
        0x5584320b9490
        0x5584320b9490
        0x5584320b9490
        0x5584320b9490
        0x5584320b9490
        0x5584320b9490
        0x5584320b9490
        0x5584320b9490
        0x5584320b9490
        0x5584320b9490
        0x5584320b9490
        0x5584320b9490
        0x5584320b9490
        0x5584320b9490
        0x5584320b9490
        0x5584320b9490
        0x5584320b9490
        0x5584320b9490
        0x5584320b9490
        0x5584320b9490
        0x5584320b9490
        0x5584320b9490
        0x5584320b9490
        0x5584320b9490
        0x5584320b9490
        0x5584320b9490
        0x5584320b9490
        0x5584320b9490
        0x5584320b9490
        0x5584320b9490
        0x5584320b9490
        0x5584320b9490
        0x5584320b9490
        0x5584320b9490
        0x5584320b9490
        0x5584320b9490
        0x5584320b9490
        0x5584320b9490
        0x5584320b9490
        0x5584320b9490
        0x5584320b9490
        0x5584320b9490
        0x5584320b9490
        0x5584320b9490
        0x5584320b9490
        0x5584320b9490
        0x5584320b9490
        0x5584320b9490
        0x5584320b9490
        0x5584320b9490
        0x5584320b9490
        0x5584320b9490
        0x5584320b9490
        0x5584320b9490
        0x5584320b9490
        0x5584320b9490
        0x5584320b9490
        0x5584320b9490
        0x5584320b9490
        0x5584320b9490
        0x5584320b9490
        0x5584320b9490
        0x5584320b9490
        0x5584320b9490
        0x5584320b9490
        0x5584320b9490
        0x5584320b9490
        0x5584320b9490
        0x5584320b9490
        0x5584320b9490
        0x5584320b9490
        0x5584320b9490
        0x5584320b9490
        0x5584320b9490
        0x5584320b9490
        0x5584320b9490
        0x5584320b9490
        0x5584320b9490
        0x5584320b9490
        0x5584320b9490
        0x5584320b9490
        0x5584320b9490
        0x5584320b9490
        0x5584320b9490
        0x5584320b9490
        0x5584320b9490
        0x5584320b9490
        0x5584320b9490
        0x5584320b9490
        0x5584320b9490
        0x5584320b9490
        0x5584320b9490
        0x5584320b9490
        0x5584320b9490
        0x5584320b9490
        0x5584320b9490
        0x5584320b9490
        0x5584320b9490
        0x5584320b9490
        0x5584320b9490
        0x5584320b9490
        0x5584320b9490
        0x5584320b9490
        0x5584320b9490
        0x5584320b9490
        0x5584320b9490
        0x5584320b9490
        0x5584320b9490
        0x5584320b9490
        0x5584320b9490
        0x5584320b9490
        0x5584320b9490
        0x5584320b9490
        0x5584320b9490
        0x5584320b9490
        0x5584320b9490
        0x5584320b9490
]: 1
@preempt_stack[
        0x40442651
        0
]: 1
@preempt_stack[
        0x40aaa161
        0x40407e56
        0x40403d24
        0x7f949c846428
        0x7f949c9e578f
        0x558431b82490
]: 1
@preempt_stack[
        0x7f953d905911
        0x98109840982
]: 1
@preempt_stack[
        0x7f949c9ace0f
        0
]: 1
@preempt_stack[
        0x7f953dcd7a78
        0xd860d840d82
]: 1
@preempt_stack[
        0x40caeea3
        0x40cac9c0
        0x40cb68a8
        0x40cb4138
        0x40cb2a88
        0x40cafea4
        0x40cafc3c
        0x40407e56
        0x40403d24
        0x7f949c846428
        0x7f949c9e578f
        0x558431b82490
]: 1
@preempt_stack[
        0x40dec6e4
        0x40aaa27c
        0x40a8a7df
        0x40407e56
        0x40403d24
        0x7f949c846428
        0x7f949c9e578f
        0x558431b82490
]: 1
@preempt_stack[
        0x40d06672
        0
        0
        0x5584326a9a10
        0x5584326a9a10
        0x5584326a9a10
        0x5584326a9a10
        0x5584326a9a10
        0x5584326a9a10
        0x5584326a9a10
        0x5584326a9a10
        0x5584326a9a10
        0x5584326a9a10
        0x5584326a9a10
        0x5584326a9a10
        0x5584326a9a10
        0x5584326a9a10
        0x5584326a9a10
        0x5584326a9a10
        0x5584326a9a10
        0x5584326a9a10
        0x5584326a9a10
        0x5584326a9a10
        0x5584326a9a10
        0x5584326a9a10
        0x5584326a9a10
        0x5584326a9a10
        0x5584326a9a10
        0x5584326a9a10
        0x5584326a9a10
        0x5584326a9a10
        0x5584326a9a10
        0x5584326a9a10
        0x5584326a9a10
        0x5584326a9a10
        0x5584326a9a10
        0x5584326a9a10
        0x5584326a9a10
        0x5584326a9a10
        0x5584326a9a10
        0x5584326a9a10
        0x5584326a9a10
        0x5584326a9a10
        0x5584326a9a10
        0x5584326a9a10
        0x5584326a9a10
        0x5584326a9a10
        0x5584326a9a10
        0x5584326a9a10
        0x5584326a9a10
        0x5584326a9a10
        0x5584326a9a10
        0x5584326a9a10
        0x5584326a9a10
        0x5584326a9a10
        0x5584326a9a10
        0x5584326a9a10
        0x5584326a9a10
        0x5584326a9a10
        0x5584326a9a10
        0x5584326a9a10
        0x5584326a9a10
        0x5584326a9a10
        0x5584326a9a10
        0x5584326a9a10
        0x5584326a9a10
        0x5584326a9a10
        0x5584326a9a10
        0x5584326a9a10
        0x5584326a9a10
        0x5584326a9a10
        0x5584326a9a10
        0x5584326a9a10
        0x5584326a9a10
        0x5584326a9a10
        0x5584326a9a10
        0x5584326a9a10
        0x5584326a9a10
        0x5584326a9a10
        0x5584326a9a10
        0x5584326a9a10
        0x5584326a9a10
        0x5584326a9a10
        0x5584326a9a10
        0x5584326a9a10
        0x5584326a9a10
        0x5584326a9a10
        0x5584326a9a10
        0x5584326a9a10
        0x5584326a9a10
        0x5584326a9a10
        0x5584326a9a10
        0x5584326a9a10
        0x5584326a9a10
        0x5584326a9a10
        0x5584326a9a10
        0x5584326a9a10
        0x5584326a9a10
        0x5584326a9a10
        0x5584326a9a10
        0x5584326a9a10
        0x5584326a9a10
        0x5584326a9a10
        0x5584326a9a10
        0x5584326a9a10
        0x5584326a9a10
        0x5584326a9a10
        0x5584326a9a10
        0x5584326a9a10
        0x5584326a9a10
        0x5584326a9a10
        0x5584326a9a10
        0x5584326a9a10
        0x5584326a9a10
        0x5584326a9a10
        0x5584326a9a10
        0x5584326a9a10
        0x5584326a9a10
        0x5584326a9a10
        0x5584326a9a10
        0x5584326a9a10
        0x5584326a9a10
        0x5584326a9a10
        0x5584326a9a10
        0x5584326a9a10
        0x5584326a9a10
        0x5584326a9a10
]: 1
@preempt_stack[
        0x7f949c99d305
]: 1
@preempt_stack[
        0x40cb88d8
        0x40cb2a88
        0x40cafea4
        0x40cafc3c
        0x40407e56
        0x40403d24
        0x7f949c846428
        0x7f949c9e578f
        0x558431b82490
]: 1
@preempt_stack[
        0x4076d1b0
        0x4076cdf4
        0x7f94788d9eab
        0x7f93fc077edb
        0x7f94788d9a3b
        0x7f93fc07de4b
        0x7f93fc093433
        0x7f94788cb95b
        0x7f93fc07fabb
        0x401c67a6
        0x7f949c846428
        0x7f949c9e578f
        0x558431b82490
]: 1
@preempt_stack[
        0x40de38a8
        0x40b4cd24
        0x40b4c87c
        0x40b4c753
        0x7f93fc093a6b
        0x7f94788cb95b
        0x7f93fc07fabb
        0x401c67a6
        0x7f949c846428
        0x7f949c9e578f
        0x558431b82490
]: 1
@preempt_stack[
        0x40cac5af
        0
        0
        0x5584326a9a10
        0x5584326a9a10
        0x5584326a9a10
        0x5584326a9a10
        0x5584326a9a10
        0x5584326a9a10
        0x5584326a9a10
        0x5584326a9a10
        0x5584326a9a10
        0x5584326a9a10
        0x5584326a9a10
        0x5584326a9a10
        0x5584326a9a10
        0x5584326a9a10
        0x5584326a9a10
        0x5584326a9a10
        0x5584326a9a10
        0x5584326a9a10
        0x5584326a9a10
        0x5584326a9a10
        0x5584326a9a10
        0x5584326a9a10
        0x5584326a9a10
        0x5584326a9a10
        0x5584326a9a10
        0x5584326a9a10
        0x5584326a9a10
        0x5584326a9a10
        0x5584326a9a10
        0x5584326a9a10
        0x5584326a9a10
        0x5584326a9a10
        0x5584326a9a10
        0x5584326a9a10
        0x5584326a9a10
        0x5584326a9a10
        0x5584326a9a10
        0x5584326a9a10
        0x5584326a9a10
        0x5584326a9a10
        0x5584326a9a10
        0x5584326a9a10
        0x5584326a9a10
        0x5584326a9a10
        0x5584326a9a10
        0x5584326a9a10
        0x5584326a9a10
        0x5584326a9a10
        0x5584326a9a10
        0x5584326a9a10
        0x5584326a9a10
        0x5584326a9a10
        0x5584326a9a10
        0x5584326a9a10
        0x5584326a9a10
        0x5584326a9a10
        0x5584326a9a10
        0x5584326a9a10
        0x5584326a9a10
        0x5584326a9a10
        0x5584326a9a10
        0x5584326a9a10
        0x5584326a9a10
        0x5584326a9a10
        0x5584326a9a10
        0x5584326a9a10
        0x5584326a9a10
        0x5584326a9a10
        0x5584326a9a10
        0x5584326a9a10
        0x5584326a9a10
        0x5584326a9a10
        0x5584326a9a10
        0x5584326a9a10
        0x5584326a9a10
        0x5584326a9a10
        0x5584326a9a10
        0x5584326a9a10
        0x5584326a9a10
        0x5584326a9a10
        0x5584326a9a10
        0x5584326a9a10
        0x5584326a9a10
        0x5584326a9a10
        0x5584326a9a10
        0x5584326a9a10
        0x5584326a9a10
        0x5584326a9a10
        0x5584326a9a10
        0x5584326a9a10
        0x5584326a9a10
        0x5584326a9a10
        0x5584326a9a10
        0x5584326a9a10
        0x5584326a9a10
        0x5584326a9a10
        0x5584326a9a10
        0x5584326a9a10
        0x5584326a9a10
        0x5584326a9a10
        0x5584326a9a10
        0x5584326a9a10
        0x5584326a9a10
        0x5584326a9a10
        0x5584326a9a10
        0x5584326a9a10
        0x5584326a9a10
        0x5584326a9a10
        0x5584326a9a10
        0x5584326a9a10
        0x5584326a9a10
        0x5584326a9a10
        0x5584326a9a10
        0x5584326a9a10
        0x5584326a9a10
        0x5584326a9a10
        0x5584326a9a10
        0x5584326a9a10
        0x5584326a9a10
        0x5584326a9a10
        0x5584326a9a10
        0x5584326a9a10
        0x5584326a9a10
        0x5584326a9a10
]: 1
@preempt_stack[
        0x7f949c9dcfa3
        0x110000
        0x558431fdd030
        0x558431fdd030
        0x558431fdd030
        0x558431fdd030
        0x558431fdd030
        0x558431fdd030
        0x558431fdd030
        0x558431fdd030
        0x558431fdd030
        0x558431fdd030
        0x558431fdd030
        0x558431fdd030
        0x558431fdd030
        0x558431fdd030
        0x558431fdd030
        0x558431fdd030
        0x558431fdd030
        0x558431fdd030
        0x558431fdd030
        0x558431fdd030
        0x558431fdd030
        0x558431fdd030
        0x558431fdd030
        0x558431fdd030
        0x558431fdd030
        0x558431fdd030
        0x558431fdd030
        0x558431fdd030
        0x558431fdd030
        0x558431fdd030
        0x558431fdd030
        0x558431fdd030
        0x558431fdd030
        0x558431fdd030
        0x558431fdd030
        0x558431fdd030
        0x558431fdd030
        0x558431fdd030
        0x558431fdd030
        0x558431fdd030
        0x558431fdd030
        0x558431fdd030
        0x558431fdd030
        0x558431fdd030
        0x558431fdd030
        0x558431fdd030
        0x558431fdd030
        0x558431fdd030
        0x558431fdd030
        0x558431fdd030
        0x558431fdd030
        0x558431fdd030
        0x558431fdd030
        0x558431fdd030
        0x558431fdd030
        0x558431fdd030
        0x558431fdd030
        0x558431fdd030
        0x558431fdd030
        0x558431fdd030
        0x558431fdd030
        0x558431fdd030
        0x558431fdd030
        0x558431fdd030
        0x558431fdd030
        0x558431fdd030
        0x558431fdd030
        0x558431fdd030
        0x558431fdd030
        0x558431fdd030
        0x558431fdd030
        0x558431fdd030
        0x558431fdd030
        0x558431fdd030
        0x558431fdd030
        0x558431fdd030
        0x558431fdd030
        0x558431fdd030
        0x558431fdd030
        0x558431fdd030
        0x558431fdd030
        0x558431fdd030
        0x558431fdd030
        0x558431fdd030
        0x558431fdd030
        0x558431fdd030
        0x558431fdd030
        0x558431fdd030
        0x558431fdd030
        0x558431fdd030
        0x558431fdd030
        0x558431fdd030
        0x558431fdd030
        0x558431fdd030
        0x558431fdd030
        0x558431fdd030
        0x558431fdd030
        0x558431fdd030
        0x558431fdd030
        0x558431fdd030
        0x558431fdd030
        0x558431fdd030
        0x558431fdd030
        0x558431fdd030
        0x558431fdd030
        0x558431fdd030
        0x558431fdd030
        0x558431fdd030
        0x558431fdd030
        0x558431fdd030
        0x558431fdd030
        0x558431fdd030
        0x558431fdd030
        0x558431fdd030
        0x558431fdd030
        0x558431fdd030
        0x558431fdd030
        0x558431fdd030
        0x558431fdd030
        0x558431fdd030
        0x558431fdd030
        0x558431fdd030
        0x558431fdd030
        0x558431fdd030
        0x558431fdd030
]: 1
@preempt_stack[
        0x7f949c9cb77e
        0x120000
        0x5584357fc408
        0x5584357fc408
        0x5584357fc408
        0x5584357fc408
        0x5584357fc408
        0x5584357fc408
        0x5584357fc408
        0x5584357fc408
        0x5584357fc408
        0x5584357fc408
        0x5584357fc408
        0x5584357fc408
        0x5584357fc408
        0x5584357fc408
        0x5584357fc408
        0x5584357fc408
        0x5584357fc408
        0x5584357fc408
        0x5584357fc408
        0x5584357fc408
        0x5584357fc408
        0x5584357fc408
        0x5584357fc408
        0x5584357fc408
        0x5584357fc408
        0x5584357fc408
        0x5584357fc408
        0x5584357fc408
        0x5584357fc408
        0x5584357fc408
        0x5584357fc408
        0x5584357fc408
        0x5584357fc408
        0x5584357fc408
        0x5584357fc408
        0x5584357fc408
        0x5584357fc408
        0x5584357fc408
        0x5584357fc408
        0x5584357fc408
        0x5584357fc408
        0x5584357fc408
        0x5584357fc408
        0x5584357fc408
        0x5584357fc408
        0x5584357fc408
        0x5584357fc408
        0x5584357fc408
        0x5584357fc408
        0x5584357fc408
        0x5584357fc408
        0x5584357fc408
        0x5584357fc408
        0x5584357fc408
        0x5584357fc408
        0x5584357fc408
        0x5584357fc408
        0x5584357fc408
        0x5584357fc408
        0x5584357fc408
        0x5584357fc408
        0x5584357fc408
        0x5584357fc408
        0x5584357fc408
        0x5584357fc408
        0x5584357fc408
        0x5584357fc408
        0x5584357fc408
        0x5584357fc408
        0x5584357fc408
        0x5584357fc408
        0x5584357fc408
        0x5584357fc408
        0x5584357fc408
        0x5584357fc408
        0x5584357fc408
        0x5584357fc408
        0x5584357fc408
        0x5584357fc408
        0x5584357fc408
        0x5584357fc408
        0x5584357fc408
        0x5584357fc408
        0x5584357fc408
        0x5584357fc408
        0x5584357fc408
        0x5584357fc408
        0x5584357fc408
        0x5584357fc408
        0x5584357fc408
        0x5584357fc408
        0x5584357fc408
        0x5584357fc408
        0x5584357fc408
        0x5584357fc408
        0x5584357fc408
        0x5584357fc408
        0x5584357fc408
        0x5584357fc408
        0x5584357fc408
        0x5584357fc408
        0x5584357fc408
        0x5584357fc408
        0x5584357fc408
        0x5584357fc408
        0x5584357fc408
        0x5584357fc408
        0x5584357fc408
        0x5584357fc408
        0x5584357fc408
        0x5584357fc408
        0x5584357fc408
        0x5584357fc408
        0x5584357fc408
        0x5584357fc408
        0x5584357fc408
        0x5584357fc408
        0x5584357fc408
        0x5584357fc408
        0x5584357fc408
        0x5584357fc408
        0x5584357fc408
        0x5584357fc408
        0x5584357fc408
        0x5584357fc408
]: 1
@preempt_stack[
        0x7f949c9ce4d8
        0x55843278fc38
        0x55843278fc38
        0x55843278fc38
        0x55843278fc38
        0x55843278fc38
        0x55843278fc38
        0x55843278fc38
        0x55843278fc38
        0x55843278fc38
        0x55843278fc38
        0x55843278fc38
        0x55843278fc38
        0x55843278fc38
        0x55843278fc38
        0x55843278fc38
        0x55843278fc38
        0x55843278fc38
        0x55843278fc38
        0x55843278fc38
        0x55843278fc38
        0x55843278fc38
        0x55843278fc38
        0x55843278fc38
        0x55843278fc38
        0x55843278fc38
        0x55843278fc38
        0x55843278fc38
        0x55843278fc38
        0x55843278fc38
        0x55843278fc38
        0x55843278fc38
        0x55843278fc38
        0x55843278fc38
        0x55843278fc38
        0x55843278fc38
        0x55843278fc38
        0x55843278fc38
        0x55843278fc38
        0x55843278fc38
        0x55843278fc38
        0x55843278fc38
        0x55843278fc38
        0x55843278fc38
        0x55843278fc38
        0x55843278fc38
        0x55843278fc38
        0x55843278fc38
        0x55843278fc38
        0x55843278fc38
        0x55843278fc38
        0x55843278fc38
        0x55843278fc38
        0x55843278fc38
        0x55843278fc38
        0x55843278fc38
        0x55843278fc38
        0x55843278fc38
        0x55843278fc38
        0x55843278fc38
        0x55843278fc38
        0x55843278fc38
        0x55843278fc38
        0x55843278fc38
        0x55843278fc38
        0x55843278fc38
        0x55843278fc38
        0x55843278fc38
        0x55843278fc38
        0x55843278fc38
        0x55843278fc38
        0x55843278fc38
        0x55843278fc38
        0x55843278fc38
        0x55843278fc38
        0x55843278fc38
        0x55843278fc38
        0x55843278fc38
        0x55843278fc38
        0x55843278fc38
        0x55843278fc38
        0x55843278fc38
        0x55843278fc38
        0x55843278fc38
        0x55843278fc38
        0x55843278fc38
        0x55843278fc38
        0x55843278fc38
        0x55843278fc38
        0x55843278fc38
        0x55843278fc38
        0x55843278fc38
        0x55843278fc38
        0x55843278fc38
        0x55843278fc38
        0x55843278fc38
        0x55843278fc38
        0x55843278fc38
        0x55843278fc38
        0x55843278fc38
        0x55843278fc38
        0x55843278fc38
        0x55843278fc38
        0x55843278fc38
        0x55843278fc38
        0x55843278fc38
        0x55843278fc38
        0x55843278fc38
        0x55843278fc38
        0x55843278fc38
        0x55843278fc38
        0x55843278fc38
        0x55843278fc38
        0x55843278fc38
        0x55843278fc38
        0x55843278fc38
        0x55843278fc38
        0x55843278fc38
        0x55843278fc38
        0x55843278fc38
        0x55843278fc38
        0x55843278fc38
        0x55843278fc38
        0x55843278fc38
        0x55843278fc38
        0x55843278fc38
        0x55843278fc38
]: 1
@preempt_stack[
        pow+4
        0x7f949c846428
        0x7f949c9e578f
        0x558431b82490
]: 1
@preempt_stack[
        0x40cd5f0d
        0
        0
        0x5584326a9a10
        0x5584326a9a10
        0x5584326a9a10
        0x5584326a9a10
        0x5584326a9a10
        0x5584326a9a10
        0x5584326a9a10
        0x5584326a9a10
        0x5584326a9a10
        0x5584326a9a10
        0x5584326a9a10
        0x5584326a9a10
        0x5584326a9a10
        0x5584326a9a10
        0x5584326a9a10
        0x5584326a9a10
        0x5584326a9a10
        0x5584326a9a10
        0x5584326a9a10
        0x5584326a9a10
        0x5584326a9a10
        0x5584326a9a10
        0x5584326a9a10
        0x5584326a9a10
        0x5584326a9a10
        0x5584326a9a10
        0x5584326a9a10
        0x5584326a9a10
        0x5584326a9a10
        0x5584326a9a10
        0x5584326a9a10
        0x5584326a9a10
        0x5584326a9a10
        0x5584326a9a10
        0x5584326a9a10
        0x5584326a9a10
        0x5584326a9a10
        0x5584326a9a10
        0x5584326a9a10
        0x5584326a9a10
        0x5584326a9a10
        0x5584326a9a10
        0x5584326a9a10
        0x5584326a9a10
        0x5584326a9a10
        0x5584326a9a10
        0x5584326a9a10
        0x5584326a9a10
        0x5584326a9a10
        0x5584326a9a10
        0x5584326a9a10
        0x5584326a9a10
        0x5584326a9a10
        0x5584326a9a10
        0x5584326a9a10
        0x5584326a9a10
        0x5584326a9a10
        0x5584326a9a10
        0x5584326a9a10
        0x5584326a9a10
        0x5584326a9a10
        0x5584326a9a10
        0x5584326a9a10
        0x5584326a9a10
        0x5584326a9a10
        0x5584326a9a10
        0x5584326a9a10
        0x5584326a9a10
        0x5584326a9a10
        0x5584326a9a10
        0x5584326a9a10
        0x5584326a9a10
        0x5584326a9a10
        0x5584326a9a10
        0x5584326a9a10
        0x5584326a9a10
        0x5584326a9a10
        0x5584326a9a10
        0x5584326a9a10
        0x5584326a9a10
        0x5584326a9a10
        0x5584326a9a10
        0x5584326a9a10
        0x5584326a9a10
        0x5584326a9a10
        0x5584326a9a10
        0x5584326a9a10
        0x5584326a9a10
        0x5584326a9a10
        0x5584326a9a10
        0x5584326a9a10
        0x5584326a9a10
        0x5584326a9a10
        0x5584326a9a10
        0x5584326a9a10
        0x5584326a9a10
        0x5584326a9a10
        0x5584326a9a10
        0x5584326a9a10
        0x5584326a9a10
        0x5584326a9a10
        0x5584326a9a10
        0x5584326a9a10
        0x5584326a9a10
        0x5584326a9a10
        0x5584326a9a10
        0x5584326a9a10
        0x5584326a9a10
        0x5584326a9a10
        0x5584326a9a10
        0x5584326a9a10
        0x5584326a9a10
        0x5584326a9a10
        0x5584326a9a10
        0x5584326a9a10
        0x5584326a9a10
        0x5584326a9a10
        0x5584326a9a10
        0x5584326a9a10
        0x5584326a9a10
        0x5584326a9a10
        0x5584326a9a10
        0x5584326a9a10
        0x5584326a9a10
]: 1
@preempt_stack[
        mono_metadata_type_hash+80
        0x110000
        0x5584330c8990
        0x5584330c8990
        0x5584330c8990
        0x5584330c8990
        0x5584330c8990
        0x5584330c8990
        0x5584330c8990
        0x5584330c8990
        0x5584330c8990
        0x5584330c8990
        0x5584330c8990
        0x5584330c8990
        0x5584330c8990
        0x5584330c8990
        0x5584330c8990
        0x5584330c8990
        0x5584330c8990
        0x5584330c8990
        0x5584330c8990
        0x5584330c8990
        0x5584330c8990
        0x5584330c8990
        0x5584330c8990
        0x5584330c8990
        0x5584330c8990
        0x5584330c8990
        0x5584330c8990
        0x5584330c8990
        0x5584330c8990
        0x5584330c8990
        0x5584330c8990
        0x5584330c8990
        0x5584330c8990
        0x5584330c8990
        0x5584330c8990
        0x5584330c8990
        0x5584330c8990
        0x5584330c8990
        0x5584330c8990
        0x5584330c8990
        0x5584330c8990
        0x5584330c8990
        0x5584330c8990
        0x5584330c8990
        0x5584330c8990
        0x5584330c8990
        0x5584330c8990
        0x5584330c8990
        0x5584330c8990
        0x5584330c8990
        0x5584330c8990
        0x5584330c8990
        0x5584330c8990
        0x5584330c8990
        0x5584330c8990
        0x5584330c8990
        0x5584330c8990
        0x5584330c8990
        0x5584330c8990
        0x5584330c8990
        0x5584330c8990
        0x5584330c8990
        0x5584330c8990
        0x5584330c8990
        0x5584330c8990
        0x5584330c8990
        0x5584330c8990
        0x5584330c8990
        0x5584330c8990
        0x5584330c8990
        0x5584330c8990
        0x5584330c8990
        0x5584330c8990
        0x5584330c8990
        0x5584330c8990
        0x5584330c8990
        0x5584330c8990
        0x5584330c8990
        0x5584330c8990
        0x5584330c8990
        0x5584330c8990
        0x5584330c8990
        0x5584330c8990
        0x5584330c8990
        0x5584330c8990
        0x5584330c8990
        0x5584330c8990
        0x5584330c8990
        0x5584330c8990
        0x5584330c8990
        0x5584330c8990
        0x5584330c8990
        0x5584330c8990
        0x5584330c8990
        0x5584330c8990
        0x5584330c8990
        0x5584330c8990
        0x5584330c8990
        0x5584330c8990
        0x5584330c8990
        0x5584330c8990
        0x5584330c8990
        0x5584330c8990
        0x5584330c8990
        0x5584330c8990
        0x5584330c8990
        0x5584330c8990
        0x5584330c8990
        0x5584330c8990
        0x5584330c8990
        0x5584330c8990
        0x5584330c8990
        0x5584330c8990
        0x5584330c8990
        0x5584330c8990
        0x5584330c8990
        0x5584330c8990
        0x5584330c8990
        0x5584330c8990
        0x5584330c8990
        0x5584330c8990
        0x5584330c8990
        0x5584330c8990
        0x5584330c8990
        0x5584330c8990
]: 1
@preempt_stack[
        0x7f953dd56142
]: 1
@preempt_stack[
        0x40c057e6
        0x40c0561c
        0x7f949c846428
        0x7f949c9e578f
        0x558431b82490
]: 1
@preempt_stack[
        0x7f953dd72f7e
]: 1
@preempt_stack[
        mono_class_from_mono_type_internal+13
        0x120000
        0x558432f5b848
        0x558432f5b848
        0x558432f5b848
        0x558432f5b848
        0x558432f5b848
        0x558432f5b848
        0x558432f5b848
        0x558432f5b848
        0x558432f5b848
        0x558432f5b848
        0x558432f5b848
        0x558432f5b848
        0x558432f5b848
        0x558432f5b848
        0x558432f5b848
        0x558432f5b848
        0x558432f5b848
        0x558432f5b848
        0x558432f5b848
        0x558432f5b848
        0x558432f5b848
        0x558432f5b848
        0x558432f5b848
        0x558432f5b848
        0x558432f5b848
        0x558432f5b848
        0x558432f5b848
        0x558432f5b848
        0x558432f5b848
        0x558432f5b848
        0x558432f5b848
        0x558432f5b848
        0x558432f5b848
        0x558432f5b848
        0x558432f5b848
        0x558432f5b848
        0x558432f5b848
        0x558432f5b848
        0x558432f5b848
        0x558432f5b848
        0x558432f5b848
        0x558432f5b848
        0x558432f5b848
        0x558432f5b848
        0x558432f5b848
        0x558432f5b848
        0x558432f5b848
        0x558432f5b848
        0x558432f5b848
        0x558432f5b848
        0x558432f5b848
        0x558432f5b848
        0x558432f5b848
        0x558432f5b848
        0x558432f5b848
        0x558432f5b848
        0x558432f5b848
        0x558432f5b848
        0x558432f5b848
        0x558432f5b848
        0x558432f5b848
        0x558432f5b848
        0x558432f5b848
        0x558432f5b848
        0x558432f5b848
        0x558432f5b848
        0x558432f5b848
        0x558432f5b848
        0x558432f5b848
        0x558432f5b848
        0x558432f5b848
        0x558432f5b848
        0x558432f5b848
        0x558432f5b848
        0x558432f5b848
        0x558432f5b848
        0x558432f5b848
        0x558432f5b848
        0x558432f5b848
        0x558432f5b848
        0x558432f5b848
        0x558432f5b848
        0x558432f5b848
        0x558432f5b848
        0x558432f5b848
        0x558432f5b848
        0x558432f5b848
        0x558432f5b848
        0x558432f5b848
        0x558432f5b848
        0x558432f5b848
        0x558432f5b848
        0x558432f5b848
        0x558432f5b848
        0x558432f5b848
        0x558432f5b848
        0x558432f5b848
        0x558432f5b848
        0x558432f5b848
        0x558432f5b848
        0x558432f5b848
        0x558432f5b848
        0x558432f5b848
        0x558432f5b848
        0x558432f5b848
        0x558432f5b848
        0x558432f5b848
        0x558432f5b848
        0x558432f5b848
        0x558432f5b848
        0x558432f5b848
        0x558432f5b848
        0x558432f5b848
        0x558432f5b848
        0x558432f5b848
        0x558432f5b848
        0x558432f5b848
        0x558432f5b848
        0x558432f5b848
        0x558432f5b848
        0x558432f5b848
        0x558432f5b848
        0x558432f5b848
        0x558432f5b848
        0x558432f5b848
]: 1
@preempt_stack[
        mono_metadata_type_hash+106
        0x120000
        0x558434f0cda0
        0x558434f0cda0
        0x558434f0cda0
        0x558434f0cda0
        0x558434f0cda0
        0x558434f0cda0
        0x558434f0cda0
        0x558434f0cda0
        0x558434f0cda0
        0x558434f0cda0
        0x558434f0cda0
        0x558434f0cda0
        0x558434f0cda0
        0x558434f0cda0
        0x558434f0cda0
        0x558434f0cda0
        0x558434f0cda0
        0x558434f0cda0
        0x558434f0cda0
        0x558434f0cda0
        0x558434f0cda0
        0x558434f0cda0
        0x558434f0cda0
        0x558434f0cda0
        0x558434f0cda0
        0x558434f0cda0
        0x558434f0cda0
        0x558434f0cda0
        0x558434f0cda0
        0x558434f0cda0
        0x558434f0cda0
        0x558434f0cda0
        0x558434f0cda0
        0x558434f0cda0
        0x558434f0cda0
        0x558434f0cda0
        0x558434f0cda0
        0x558434f0cda0
        0x558434f0cda0
        0x558434f0cda0
        0x558434f0cda0
        0x558434f0cda0
        0x558434f0cda0
        0x558434f0cda0
        0x558434f0cda0
        0x558434f0cda0
        0x558434f0cda0
        0x558434f0cda0
        0x558434f0cda0
        0x558434f0cda0
        0x558434f0cda0
        0x558434f0cda0
        0x558434f0cda0
        0x558434f0cda0
        0x558434f0cda0
        0x558434f0cda0
        0x558434f0cda0
        0x558434f0cda0
        0x558434f0cda0
        0x558434f0cda0
        0x558434f0cda0
        0x558434f0cda0
        0x558434f0cda0
        0x558434f0cda0
        0x558434f0cda0
        0x558434f0cda0
        0x558434f0cda0
        0x558434f0cda0
        0x558434f0cda0
        0x558434f0cda0
        0x558434f0cda0
        0x558434f0cda0
        0x558434f0cda0
        0x558434f0cda0
        0x558434f0cda0
        0x558434f0cda0
        0x558434f0cda0
        0x558434f0cda0
        0x558434f0cda0
        0x558434f0cda0
        0x558434f0cda0
        0x558434f0cda0
        0x558434f0cda0
        0x558434f0cda0
        0x558434f0cda0
        0x558434f0cda0
        0x558434f0cda0
        0x558434f0cda0
        0x558434f0cda0
        0x558434f0cda0
        0x558434f0cda0
        0x558434f0cda0
        0x558434f0cda0
        0x558434f0cda0
        0x558434f0cda0
        0x558434f0cda0
        0x558434f0cda0
        0x558434f0cda0
        0x558434f0cda0
        0x558434f0cda0
        0x558434f0cda0
        0x558434f0cda0
        0x558434f0cda0
        0x558434f0cda0
        0x558434f0cda0
        0x558434f0cda0
        0x558434f0cda0
        0x558434f0cda0
        0x558434f0cda0
        0x558434f0cda0
        0x558434f0cda0
        0x558434f0cda0
        0x558434f0cda0
        0x558434f0cda0
        0x558434f0cda0
        0x558434f0cda0
        0x558434f0cda0
        0x558434f0cda0
        0x558434f0cda0
        0x558434f0cda0
        0x558434f0cda0
        0x558434f0cda0
        0x558434f0cda0
        0x558434f0cda0
        0x558434f0cda0
]: 1
@preempt_stack[
        clock_nanosleep+138
]: 1
@preempt_stack[
        0x401a18ec
        0x40cabc4c
        0x40cab139
        0x40ca6ac7
        0x40407e56
        0x40403d24
        0x7f949c846428
        0x7f949c9e578f
        0x558431b82490
]: 1
@preempt_stack[
        0x40af8c00
        0x40cab139
        0x40ca6ac7
        0x40407e56
        0x40403d24
        0x7f949c846428
        0x7f949c9e578f
        0x558431b82490
]: 1
@preempt_stack[
        0x7f953dcd7bcc
        0x7c107c407c2
]: 1
@preempt_stack[
        0x7f953d9ff734
]: 1
@preempt_stack[
        0x7f949c9e44f9
        0x120000
        0x558431b76228
        0x558431b76228
        0x558431b76228
        0x558431b76228
        0x558431b76228
        0x558431b76228
        0x558431b76228
        0x558431b76228
        0x558431b76228
        0x558431b76228
        0x558431b76228
        0x558431b76228
        0x558431b76228
        0x558431b76228
        0x558431b76228
        0x558431b76228
        0x558431b76228
        0x558431b76228
        0x558431b76228
        0x558431b76228
        0x558431b76228
        0x558431b76228
        0x558431b76228
        0x558431b76228
        0x558431b76228
        0x558431b76228
        0x558431b76228
        0x558431b76228
        0x558431b76228
        0x558431b76228
        0x558431b76228
        0x558431b76228
        0x558431b76228
        0x558431b76228
        0x558431b76228
        0x558431b76228
        0x558431b76228
        0x558431b76228
        0x558431b76228
        0x558431b76228
        0x558431b76228
        0x558431b76228
        0x558431b76228
        0x558431b76228
        0x558431b76228
        0x558431b76228
        0x558431b76228
        0x558431b76228
        0x558431b76228
        0x558431b76228
        0x558431b76228
        0x558431b76228
        0x558431b76228
        0x558431b76228
        0x558431b76228
        0x558431b76228
        0x558431b76228
        0x558431b76228
        0x558431b76228
        0x558431b76228
        0x558431b76228
        0x558431b76228
        0x558431b76228
        0x558431b76228
        0x558431b76228
        0x558431b76228
        0x558431b76228
        0x558431b76228
        0x558431b76228
        0x558431b76228
        0x558431b76228
        0x558431b76228
        0x558431b76228
        0x558431b76228
        0x558431b76228
        0x558431b76228
        0x558431b76228
        0x558431b76228
        0x558431b76228
        0x558431b76228
        0x558431b76228
        0x558431b76228
        0x558431b76228
        0x558431b76228
        0x558431b76228
        0x558431b76228
        0x558431b76228
        0x558431b76228
        0x558431b76228
        0x558431b76228
        0x558431b76228
        0x558431b76228
        0x558431b76228
        0x558431b76228
        0x558431b76228
        0x558431b76228
        0x558431b76228
        0x558431b76228
        0x558431b76228
        0x558431b76228
        0x558431b76228
        0x558431b76228
        0x558431b76228
        0x558431b76228
        0x558431b76228
        0x558431b76228
        0x558431b76228
        0x558431b76228
        0x558431b76228
        0x558431b76228
        0x558431b76228
        0x558431b76228
        0x558431b76228
        0x558431b76228
        0x558431b76228
        0x558431b76228
        0x558431b76228
        0x558431b76228
        0x558431b76228
        0x558431b76228
        0x558431b76228
        0x558431b76228
        0x558431b76228
        0x558431b76228
        0x558431b76228
]: 1
@preempt_stack[
        0x7f949c9af698
        0x40212f04
        0x40407e56
        0x40403d24
        0x7f949c846428
        0x7f949c9e578f
        0x558431b82490
]: 1
@preempt_stack[
        mono_metadata_type_hash+80
        0x120000
        0x5584326fbdb0
        0x5584326fbdb0
        0x5584326fbdb0
        0x5584326fbdb0
        0x5584326fbdb0
        0x5584326fbdb0
        0x5584326fbdb0
        0x5584326fbdb0
        0x5584326fbdb0
        0x5584326fbdb0
        0x5584326fbdb0
        0x5584326fbdb0
        0x5584326fbdb0
        0x5584326fbdb0
        0x5584326fbdb0
        0x5584326fbdb0
        0x5584326fbdb0
        0x5584326fbdb0
        0x5584326fbdb0
        0x5584326fbdb0
        0x5584326fbdb0
        0x5584326fbdb0
        0x5584326fbdb0
        0x5584326fbdb0
        0x5584326fbdb0
        0x5584326fbdb0
        0x5584326fbdb0
        0x5584326fbdb0
        0x5584326fbdb0
        0x5584326fbdb0
        0x5584326fbdb0
        0x5584326fbdb0
        0x5584326fbdb0
        0x5584326fbdb0
        0x5584326fbdb0
        0x5584326fbdb0
        0x5584326fbdb0
        0x5584326fbdb0
        0x5584326fbdb0
        0x5584326fbdb0
        0x5584326fbdb0
        0x5584326fbdb0
        0x5584326fbdb0
        0x5584326fbdb0
        0x5584326fbdb0
        0x5584326fbdb0
        0x5584326fbdb0
        0x5584326fbdb0
        0x5584326fbdb0
        0x5584326fbdb0
        0x5584326fbdb0
        0x5584326fbdb0
        0x5584326fbdb0
        0x5584326fbdb0
        0x5584326fbdb0
        0x5584326fbdb0
        0x5584326fbdb0
        0x5584326fbdb0
        0x5584326fbdb0
        0x5584326fbdb0
        0x5584326fbdb0
        0x5584326fbdb0
        0x5584326fbdb0
        0x5584326fbdb0
        0x5584326fbdb0
        0x5584326fbdb0
        0x5584326fbdb0
        0x5584326fbdb0
        0x5584326fbdb0
        0x5584326fbdb0
        0x5584326fbdb0
        0x5584326fbdb0
        0x5584326fbdb0
        0x5584326fbdb0
        0x5584326fbdb0
        0x5584326fbdb0
        0x5584326fbdb0
        0x5584326fbdb0
        0x5584326fbdb0
        0x5584326fbdb0
        0x5584326fbdb0
        0x5584326fbdb0
        0x5584326fbdb0
        0x5584326fbdb0
        0x5584326fbdb0
        0x5584326fbdb0
        0x5584326fbdb0
        0x5584326fbdb0
        0x5584326fbdb0
        0x5584326fbdb0
        0x5584326fbdb0
        0x5584326fbdb0
        0x5584326fbdb0
        0x5584326fbdb0
        0x5584326fbdb0
        0x5584326fbdb0
        0x5584326fbdb0
        0x5584326fbdb0
        0x5584326fbdb0
        0x5584326fbdb0
        0x5584326fbdb0
        0x5584326fbdb0
        0x5584326fbdb0
        0x5584326fbdb0
        0x5584326fbdb0
        0x5584326fbdb0
        0x5584326fbdb0
        0x5584326fbdb0
        0x5584326fbdb0
        0x5584326fbdb0
        0x5584326fbdb0
        0x5584326fbdb0
        0x5584326fbdb0
        0x5584326fbdb0
        0x5584326fbdb0
        0x5584326fbdb0
        0x5584326fbdb0
        0x5584326fbdb0
        0x5584326fbdb0
        0x5584326fbdb0
        0x5584326fbdb0
        0x5584326fbdb0
        0x5584326fbdb0
        0x5584326fbdb0
        0x5584326fbdb0
]: 1
@preempt_stack[
        0x40c4088c
        0x40c382d8
        0x40a8a76e
        0x40407e56
        0x40403d24
        0x7f949c846428
        0x7f949c9e578f
        0x558431b82490
]: 1
@preempt_stack[
        0x7f953e6fda51
        0xd52221d0
        0x291c2000291c0
]: 1
@preempt_stack[
        mono_thread_info_get_small_id+0
        0x7f9370002082
        0
        0x558431b25c18
        0x558431b25c18
        0x558431b25c18
        0x558431b25c18
        0x558431b25c18
        0x558431b25c18
        0x558431b25c18
        0x558431b25c18
        0x558431b25c18
        0x558431b25c18
        0x558431b25c18
        0x558431b25c18
        0x558431b25c18
        0x558431b25c18
        0x558431b25c18
        0x558431b25c18
        0x558431b25c18
        0x558431b25c18
        0x558431b25c18
        0x558431b25c18
        0x558431b25c18
        0x558431b25c18
        0x558431b25c18
        0x558431b25c18
        0x558431b25c18
        0x558431b25c18
        0x558431b25c18
        0x558431b25c18
        0x558431b25c18
        0x558431b25c18
        0x558431b25c18
        0x558431b25c18
        0x558431b25c18
        0x558431b25c18
        0x558431b25c18
        0x558431b25c18
        0x558431b25c18
        0x558431b25c18
        0x558431b25c18
        0x558431b25c18
        0x558431b25c18
        0x558431b25c18
        0x558431b25c18
        0x558431b25c18
        0x558431b25c18
        0x558431b25c18
        0x558431b25c18
        0x558431b25c18
        0x558431b25c18
        0x558431b25c18
        0x558431b25c18
        0x558431b25c18
        0x558431b25c18
        0x558431b25c18
        0x558431b25c18
        0x558431b25c18
        0x558431b25c18
        0x558431b25c18
        0x558431b25c18
        0x558431b25c18
        0x558431b25c18
        0x558431b25c18
        0x558431b25c18
        0x558431b25c18
        0x558431b25c18
        0x558431b25c18
        0x558431b25c18
        0x558431b25c18
        0x558431b25c18
        0x558431b25c18
        0x558431b25c18
        0x558431b25c18
        0x558431b25c18
        0x558431b25c18
        0x558431b25c18
        0x558431b25c18
        0x558431b25c18
        0x558431b25c18
        0x558431b25c18
        0x558431b25c18
        0x558431b25c18
        0x558431b25c18
        0x558431b25c18
        0x558431b25c18
        0x558431b25c18
        0x558431b25c18
        0x558431b25c18
        0x558431b25c18
        0x558431b25c18
        0x558431b25c18
        0x558431b25c18
        0x558431b25c18
        0x558431b25c18
        0x558431b25c18
        0x558431b25c18
        0x558431b25c18
        0x558431b25c18
        0x558431b25c18
        0x558431b25c18
        0x558431b25c18
        0x558431b25c18
        0x558431b25c18
        0x558431b25c18
        0x558431b25c18
        0x558431b25c18
        0x558431b25c18
        0x558431b25c18
        0x558431b25c18
        0x558431b25c18
        0x558431b25c18
        0x558431b25c18
        0x558431b25c18
        0x558431b25c18
        0x558431b25c18
        0x558431b25c18
        0x558431b25c18
        0x558431b25c18
        0x558431b25c18
        0x558431b25c18
        0x558431b25c18
        0x558431b25c18
        0x558431b25c18
        0x558431b25c18
        0x558431b25c18
]: 1
@preempt_stack[
        0x7f953d90161e
        0x808
]: 1
@preempt_stack[
        free+100
        0x2c00088000007f93
]: 1
@preempt_stack[
        0x7f93338df212
        0x3a72674d626f4a43
        0x7f9333c24fb0
        0x5554415541564100
]: 1
@preempt_stack[
        mono_class_from_mono_type_internal+13
        0x120000
        0x558432db7208
        0x558432db7208
        0x558432db7208
        0x558432db7208
        0x558432db7208
        0x558432db7208
        0x558432db7208
        0x558432db7208
        0x558432db7208
        0x558432db7208
        0x558432db7208
        0x558432db7208
        0x558432db7208
        0x558432db7208
        0x558432db7208
        0x558432db7208
        0x558432db7208
        0x558432db7208
        0x558432db7208
        0x558432db7208
        0x558432db7208
        0x558432db7208
        0x558432db7208
        0x558432db7208
        0x558432db7208
        0x558432db7208
        0x558432db7208
        0x558432db7208
        0x558432db7208
        0x558432db7208
        0x558432db7208
        0x558432db7208
        0x558432db7208
        0x558432db7208
        0x558432db7208
        0x558432db7208
        0x558432db7208
        0x558432db7208
        0x558432db7208
        0x558432db7208
        0x558432db7208
        0x558432db7208
        0x558432db7208
        0x558432db7208
        0x558432db7208
        0x558432db7208
        0x558432db7208
        0x558432db7208
        0x558432db7208
        0x558432db7208
        0x558432db7208
        0x558432db7208
        0x558432db7208
        0x558432db7208
        0x558432db7208
        0x558432db7208
        0x558432db7208
        0x558432db7208
        0x558432db7208
        0x558432db7208
        0x558432db7208
        0x558432db7208
        0x558432db7208
        0x558432db7208
        0x558432db7208
        0x558432db7208
        0x558432db7208
        0x558432db7208
        0x558432db7208
        0x558432db7208
        0x558432db7208
        0x558432db7208
        0x558432db7208
        0x558432db7208
        0x558432db7208
        0x558432db7208
        0x558432db7208
        0x558432db7208
        0x558432db7208
        0x558432db7208
        0x558432db7208
        0x558432db7208
        0x558432db7208
        0x558432db7208
        0x558432db7208
        0x558432db7208
        0x558432db7208
        0x558432db7208
        0x558432db7208
        0x558432db7208
        0x558432db7208
        0x558432db7208
        0x558432db7208
        0x558432db7208
        0x558432db7208
        0x558432db7208
        0x558432db7208
        0x558432db7208
        0x558432db7208
        0x558432db7208
        0x558432db7208
        0x558432db7208
        0x558432db7208
        0x558432db7208
        0x558432db7208
        0x558432db7208
        0x558432db7208
        0x558432db7208
        0x558432db7208
        0x558432db7208
        0x558432db7208
        0x558432db7208
        0x558432db7208
        0x558432db7208
        0x558432db7208
        0x558432db7208
        0x558432db7208
        0x558432db7208
        0x558432db7208
        0x558432db7208
        0x558432db7208
        0x558432db7208
        0x558432db7208
        0x558432db7208
        0x558432db7208
]: 1
@preempt_stack[
        0x40bb32d3
]: 1
@preempt_stack[
        0x7f953daeca91
        0x6b
        0x7f944090b210
        0x1590002b0002154e
        0x7f953d80e1c0
        0xbf8307894801300a
]: 1
@preempt_stack[
        0x402d46a0
        0x7f94788cf243
        0x7f94788cf49b
        0x7f94788cd463
        0x7f93fc07dd4b
        0x7f93fc093433
        0x7f94788cb95b
        0x7f93fc07fabb
        0x401c67a6
        0x7f949c846428
        0x7f949c9e578f
        0x558431b82490
]: 1
@preempt_stack[
        0x7f953e6fdabf
]: 1
@preempt_stack[
        0x7f953dcc6d32
        0
]: 1
@preempt_stack[
        0x40441b5d
]: 1
@preempt_stack[
        0x7f953de81c51
]: 1
@preempt_stack[
        0x7f949c9cb60d
        0
        0
        0x7f940c053aa0
]: 1
@preempt_stack[
        0x40ce508f
        0
        0
        0x558432736408
        0x558432736408
        0x558432736408
        0x558432736408
        0x558432736408
        0x558432736408
        0x558432736408
        0x558432736408
        0x558432736408
        0x558432736408
        0x558432736408
        0x558432736408
        0x558432736408
        0x558432736408
        0x558432736408
        0x558432736408
        0x558432736408
        0x558432736408
        0x558432736408
        0x558432736408
        0x558432736408
        0x558432736408
        0x558432736408
        0x558432736408
        0x558432736408
        0x558432736408
        0x558432736408
        0x558432736408
        0x558432736408
        0x558432736408
        0x558432736408
        0x558432736408
        0x558432736408
        0x558432736408
        0x558432736408
        0x558432736408
        0x558432736408
        0x558432736408
        0x558432736408
        0x558432736408
        0x558432736408
        0x558432736408
        0x558432736408
        0x558432736408
        0x558432736408
        0x558432736408
        0x558432736408
        0x558432736408
        0x558432736408
        0x558432736408
        0x558432736408
        0x558432736408
        0x558432736408
        0x558432736408
        0x558432736408
        0x558432736408
        0x558432736408
        0x558432736408
        0x558432736408
        0x558432736408
        0x558432736408
        0x558432736408
        0x558432736408
        0x558432736408
        0x558432736408
        0x558432736408
        0x558432736408
        0x558432736408
        0x558432736408
        0x558432736408
        0x558432736408
        0x558432736408
        0x558432736408
        0x558432736408
        0x558432736408
        0x558432736408
        0x558432736408
        0x558432736408
        0x558432736408
        0x558432736408
        0x558432736408
        0x558432736408
        0x558432736408
        0x558432736408
        0x558432736408
        0x558432736408
        0x558432736408
        0x558432736408
        0x558432736408
        0x558432736408
        0x558432736408
        0x558432736408
        0x558432736408
        0x558432736408
        0x558432736408
        0x558432736408
        0x558432736408
        0x558432736408
        0x558432736408
        0x558432736408
        0x558432736408
        0x558432736408
        0x558432736408
        0x558432736408
        0x558432736408
        0x558432736408
        0x558432736408
        0x558432736408
        0x558432736408
        0x558432736408
        0x558432736408
        0x558432736408
        0x558432736408
        0x558432736408
        0x558432736408
        0x558432736408
        0x558432736408
        0x558432736408
        0x558432736408
        0x558432736408
        0x558432736408
        0x558432736408
        0x558432736408
        0x558432736408
]: 1
@preempt_stack[
        0x401a1934
        0x40cb68a8
        0x40cb4138
        0x40cb2a88
        0x40cafea4
        0x40cafc3c
        0x40407e56
        0x40403d24
        0x7f949c846428
        0x7f949c9e578f
        0x558431b82490
]: 1
@preempt_stack[
        0x7f953d6baa8b
]: 1
@preempt_stack[
        0x7f953e690a2c
        0x7f950112dfe0
        0x7f953e690660
]: 1
@preempt_stack[
        0x7f949c9cb775
        0x130000
        0
        0
        0x558435014cb0
]: 1
@preempt_stack[
        0x7f949c998005
]: 1
@preempt_stack[
        0x7f953dd1fe32
        0x10000
        0x7f9502c44e70
        0x58
]: 1
@preempt_stack[
        0x7f953dd2c862
        0x10000
        0x7f9502d089c0
        0x58
]: 1
@preempt_stack[
        0x7f953d907604
        0
]: 1
@preempt_stack[
        0x7f953e89e786
]: 1
@preempt_stack[
        0x40caf149
]: 1
@preempt_stack[
        0x40caf06e
        0x40d9cb64
        0x40d57d0c
        0x40d56d80
        0x40d53864
        0
        0
        0x558432736408
        0x558432736408
        0x558432736408
        0x558432736408
        0x558432736408
        0x558432736408
        0x558432736408
        0x558432736408
        0x558432736408
        0x558432736408
        0x558432736408
        0x558432736408
        0x558432736408
        0x558432736408
        0x558432736408
        0x558432736408
        0x558432736408
        0x558432736408
        0x558432736408
        0x558432736408
        0x558432736408
        0x558432736408
        0x558432736408
        0x558432736408
        0x558432736408
        0x558432736408
        0x558432736408
        0x558432736408
        0x558432736408
        0x558432736408
        0x558432736408
        0x558432736408
        0x558432736408
        0x558432736408
        0x558432736408
        0x558432736408
        0x558432736408
        0x558432736408
        0x558432736408
        0x558432736408
        0x558432736408
        0x558432736408
        0x558432736408
        0x558432736408
        0x558432736408
        0x558432736408
        0x558432736408
        0x558432736408
        0x558432736408
        0x558432736408
        0x558432736408
        0x558432736408
        0x558432736408
        0x558432736408
        0x558432736408
        0x558432736408
        0x558432736408
        0x558432736408
        0x558432736408
        0x558432736408
        0x558432736408
        0x558432736408
        0x558432736408
        0x558432736408
        0x558432736408
        0x558432736408
        0x558432736408
        0x558432736408
        0x558432736408
        0x558432736408
        0x558432736408
        0x558432736408
        0x558432736408
        0x558432736408
        0x558432736408
        0x558432736408
        0x558432736408
        0x558432736408
        0x558432736408
        0x558432736408
        0x558432736408
        0x558432736408
        0x558432736408
        0x558432736408
        0x558432736408
        0x558432736408
        0x558432736408
        0x558432736408
        0x558432736408
        0x558432736408
        0x558432736408
        0x558432736408
        0x558432736408
        0x558432736408
        0x558432736408
        0x558432736408
        0x558432736408
        0x558432736408
        0x558432736408
        0x558432736408
        0x558432736408
        0x558432736408
        0x558432736408
        0x558432736408
        0x558432736408
        0x558432736408
        0x558432736408
        0x558432736408
        0x558432736408
        0x558432736408
        0x558432736408
        0x558432736408
        0x558432736408
        0x558432736408
        0x558432736408
        0x558432736408
        0x558432736408
        0x558432736408
        0x558432736408
        0x558432736408
]: 1
@preempt_stack[
        0x40cac6e7
        0x40cabc4c
        0x40cab139
        0x40ca6ac7
        0x40407e56
        0x40403d24
        0x7f949c846428
        0x7f949c9e578f
        0x558431b82490
]: 1
@preempt_stack[
        0x7f949c9cb5ff
        0
        0
        0x558434a79560
]: 1
@preempt_stack[
        0x40448063
        0x40445fcc
]: 1
@preempt_stack[
        0x7f953dd3d802
        0x3f8000003d010000
        0x7f9502fb6ab0
        0x58
]: 1
@preempt_stack[
        0x7f953dd55b40
        0x21
]: 1
@preempt_stack[
        0x40d2e47b
        0x7f9470162c7b
        0x7f93fc0932db
        0x7f94788cb95b
        0x7f93fc07fabb
        0x401c67a6
        0x7f949c846428
        0x7f949c9e578f
        0x558431b82490
]: 1
@preempt_stack[
        0x7f953dd1a614
        0x7f95000000ec
        0x3f80000000000000
]: 1
@preempt_stack[
        0x7f949c9ce4d8
        0x5584350fee60
        0x5584350fee60
        0x5584350fee60
        0x5584350fee60
        0x5584350fee60
        0x5584350fee60
        0x5584350fee60
        0x5584350fee60
        0x5584350fee60
        0x5584350fee60
        0x5584350fee60
        0x5584350fee60
        0x5584350fee60
        0x5584350fee60
        0x5584350fee60
        0x5584350fee60
        0x5584350fee60
        0x5584350fee60
        0x5584350fee60
        0x5584350fee60
        0x5584350fee60
        0x5584350fee60
        0x5584350fee60
        0x5584350fee60
        0x5584350fee60
        0x5584350fee60
        0x5584350fee60
        0x5584350fee60
        0x5584350fee60
        0x5584350fee60
        0x5584350fee60
        0x5584350fee60
        0x5584350fee60
        0x5584350fee60
        0x5584350fee60
        0x5584350fee60
        0x5584350fee60
        0x5584350fee60
        0x5584350fee60
        0x5584350fee60
        0x5584350fee60
        0x5584350fee60
        0x5584350fee60
        0x5584350fee60
        0x5584350fee60
        0x5584350fee60
        0x5584350fee60
        0x5584350fee60
        0x5584350fee60
        0x5584350fee60
        0x5584350fee60
        0x5584350fee60
        0x5584350fee60
        0x5584350fee60
        0x5584350fee60
        0x5584350fee60
        0x5584350fee60
        0x5584350fee60
        0x5584350fee60
        0x5584350fee60
        0x5584350fee60
        0x5584350fee60
        0x5584350fee60
        0x5584350fee60
        0x5584350fee60
        0x5584350fee60
        0x5584350fee60
        0x5584350fee60
        0x5584350fee60
        0x5584350fee60
        0x5584350fee60
        0x5584350fee60
        0x5584350fee60
        0x5584350fee60
        0x5584350fee60
        0x5584350fee60
        0x5584350fee60
        0x5584350fee60
        0x5584350fee60
        0x5584350fee60
        0x5584350fee60
        0x5584350fee60
        0x5584350fee60
        0x5584350fee60
        0x5584350fee60
        0x5584350fee60
        0x5584350fee60
        0x5584350fee60
        0x5584350fee60
        0x5584350fee60
        0x5584350fee60
        0x5584350fee60
        0x5584350fee60
        0x5584350fee60
        0x5584350fee60
        0x5584350fee60
        0x5584350fee60
        0x5584350fee60
        0x5584350fee60
        0x5584350fee60
        0x5584350fee60
        0x5584350fee60
        0x5584350fee60
        0x5584350fee60
        0x5584350fee60
        0x5584350fee60
        0x5584350fee60
        0x5584350fee60
        0x5584350fee60
        0x5584350fee60
        0x5584350fee60
        0x5584350fee60
        0x5584350fee60
        0x5584350fee60
        0x5584350fee60
        0x5584350fee60
        0x5584350fee60
        0x5584350fee60
        0x5584350fee60
        0x5584350fee60
        0x5584350fee60
        0x5584350fee60
        0x5584350fee60
        0x5584350fee60
        0x5584350fee60
        0x5584350fee60
]: 1
@preempt_stack[
        0x7f953dd2b4db
]: 1
@preempt_stack[
        0x7f953e5b52c4
]: 1
@preempt_stack[
        0x406b05b1
]: 1
@preempt_stack[
        0x7f953d905d1c
        0
]: 1
@preempt_stack[
        0x7f949c9e44f9
        0x120000
        0x558432effa50
        0x558432effa50
        0x558432effa50
        0x558432effa50
        0x558432effa50
        0x558432effa50
        0x558432effa50
        0x558432effa50
        0x558432effa50
        0x558432effa50
        0x558432effa50
        0x558432effa50
        0x558432effa50
        0x558432effa50
        0x558432effa50
        0x558432effa50
        0x558432effa50
        0x558432effa50
        0x558432effa50
        0x558432effa50
        0x558432effa50
        0x558432effa50
        0x558432effa50
        0x558432effa50
        0x558432effa50
        0x558432effa50
        0x558432effa50
        0x558432effa50
        0x558432effa50
        0x558432effa50
        0x558432effa50
        0x558432effa50
        0x558432effa50
        0x558432effa50
        0x558432effa50
        0x558432effa50
        0x558432effa50
        0x558432effa50
        0x558432effa50
        0x558432effa50
        0x558432effa50
        0x558432effa50
        0x558432effa50
        0x558432effa50
        0x558432effa50
        0x558432effa50
        0x558432effa50
        0x558432effa50
        0x558432effa50
        0x558432effa50
        0x558432effa50
        0x558432effa50
        0x558432effa50
        0x558432effa50
        0x558432effa50
        0x558432effa50
        0x558432effa50
        0x558432effa50
        0x558432effa50
        0x558432effa50
        0x558432effa50
        0x558432effa50
        0x558432effa50
        0x558432effa50
        0x558432effa50
        0x558432effa50
        0x558432effa50
        0x558432effa50
        0x558432effa50
        0x558432effa50
        0x558432effa50
        0x558432effa50
        0x558432effa50
        0x558432effa50
        0x558432effa50
        0x558432effa50
        0x558432effa50
        0x558432effa50
        0x558432effa50
        0x558432effa50
        0x558432effa50
        0x558432effa50
        0x558432effa50
        0x558432effa50
        0x558432effa50
        0x558432effa50
        0x558432effa50
        0x558432effa50
        0x558432effa50
        0x558432effa50
        0x558432effa50
        0x558432effa50
        0x558432effa50
        0x558432effa50
        0x558432effa50
        0x558432effa50
        0x558432effa50
        0x558432effa50
        0x558432effa50
        0x558432effa50
        0x558432effa50
        0x558432effa50
        0x558432effa50
        0x558432effa50
        0x558432effa50
        0x558432effa50
        0x558432effa50
        0x558432effa50
        0x558432effa50
        0x558432effa50
        0x558432effa50
        0x558432effa50
        0x558432effa50
        0x558432effa50
        0x558432effa50
        0x558432effa50
        0x558432effa50
        0x558432effa50
        0x558432effa50
        0x558432effa50
        0x558432effa50
        0x558432effa50
        0x558432effa50
        0x558432effa50
        0x558432effa50
]: 1
@preempt_stack[
        0x7f953dba8987
]: 1
@preempt_stack[
        0x40caf08f
        0x40d05e14
        0x40d05eec
        0x40d05eec
        0x40d05eec
        0x40d05eec
        0x40d05eec
        0x40d05eec
        0x40d05eec
        0x40d05eec
        0x40d05eec
        0x40d04f78
        0x40d0350d
        0x40a8b124
        0x40407e56
        0x40403d24
        0x7f949c846428
        0x7f949c9e578f
        0x558431b82490
]: 1
@preempt_stack[
        0x40b34864
        0x40b3b250
        0x7f93fc092a33
        0x7f94788cb95b
        0x7f93fc07fabb
        0x401c67a6
        0x7f949c846428
        0x7f949c9e578f
        0x558431b82490
]: 1
@preempt_stack[
        0x7f949c9ce4d8
        0x5584324341c8
        0x5584324341c8
        0x5584324341c8
        0x5584324341c8
        0x5584324341c8
        0x5584324341c8
        0x5584324341c8
        0x5584324341c8
        0x5584324341c8
        0x5584324341c8
        0x5584324341c8
        0x5584324341c8
        0x5584324341c8
        0x5584324341c8
        0x5584324341c8
        0x5584324341c8
        0x5584324341c8
        0x5584324341c8
        0x5584324341c8
        0x5584324341c8
        0x5584324341c8
        0x5584324341c8
        0x5584324341c8
        0x5584324341c8
        0x5584324341c8
        0x5584324341c8
        0x5584324341c8
        0x5584324341c8
        0x5584324341c8
        0x5584324341c8
        0x5584324341c8
        0x5584324341c8
        0x5584324341c8
        0x5584324341c8
        0x5584324341c8
        0x5584324341c8
        0x5584324341c8
        0x5584324341c8
        0x5584324341c8
        0x5584324341c8
        0x5584324341c8
        0x5584324341c8
        0x5584324341c8
        0x5584324341c8
        0x5584324341c8
        0x5584324341c8
        0x5584324341c8
        0x5584324341c8
        0x5584324341c8
        0x5584324341c8
        0x5584324341c8
        0x5584324341c8
        0x5584324341c8
        0x5584324341c8
        0x5584324341c8
        0x5584324341c8
        0x5584324341c8
        0x5584324341c8
        0x5584324341c8
        0x5584324341c8
        0x5584324341c8
        0x5584324341c8
        0x5584324341c8
        0x5584324341c8
        0x5584324341c8
        0x5584324341c8
        0x5584324341c8
        0x5584324341c8
        0x5584324341c8
        0x5584324341c8
        0x5584324341c8
        0x5584324341c8
        0x5584324341c8
        0x5584324341c8
        0x5584324341c8
        0x5584324341c8
        0x5584324341c8
        0x5584324341c8
        0x5584324341c8
        0x5584324341c8
        0x5584324341c8
        0x5584324341c8
        0x5584324341c8
        0x5584324341c8
        0x5584324341c8
        0x5584324341c8
        0x5584324341c8
        0x5584324341c8
        0x5584324341c8
        0x5584324341c8
        0x5584324341c8
        0x5584324341c8
        0x5584324341c8
        0x5584324341c8
        0x5584324341c8
        0x5584324341c8
        0x5584324341c8
        0x5584324341c8
        0x5584324341c8
        0x5584324341c8
        0x5584324341c8
        0x5584324341c8
        0x5584324341c8
        0x5584324341c8
        0x5584324341c8
        0x5584324341c8
        0x5584324341c8
        0x5584324341c8
        0x5584324341c8
        0x5584324341c8
        0x5584324341c8
        0x5584324341c8
        0x5584324341c8
        0x5584324341c8
        0x5584324341c8
        0x5584324341c8
        0x5584324341c8
        0x5584324341c8
        0x5584324341c8
        0x5584324341c8
        0x5584324341c8
        0x5584324341c8
        0x5584324341c8
        0x5584324341c8
        0x5584324341c8
        0x5584324341c8
]: 1
@preempt_stack[
        0x7f953dcd7ad1
        0x88108840882
]: 1
@preempt_stack[
        0x7f953cbb8840
]: 1
@preempt_stack[
        0x7f93338e46b4
]: 1
@preempt_stack[
        0x40bb37e1
        0
        0x2000000000000001
        0x558433718a58
        0x558433718a58
        0x558433718a58
        0x558433718a58
        0x558433718a58
        0x558433718a58
        0x558433718a58
        0x558433718a58
        0x558433718a58
        0x558433718a58
        0x558433718a58
        0x558433718a58
        0x558433718a58
        0x558433718a58
        0x558433718a58
        0x558433718a58
        0x558433718a58
        0x558433718a58
        0x558433718a58
        0x558433718a58
        0x558433718a58
        0x558433718a58
        0x558433718a58
        0x558433718a58
        0x558433718a58
        0x558433718a58
        0x558433718a58
        0x558433718a58
        0x558433718a58
        0x558433718a58
        0x558433718a58
        0x558433718a58
        0x558433718a58
        0x558433718a58
        0x558433718a58
        0x558433718a58
        0x558433718a58
        0x558433718a58
        0x558433718a58
        0x558433718a58
        0x558433718a58
        0x558433718a58
        0x558433718a58
        0x558433718a58
        0x558433718a58
        0x558433718a58
        0x558433718a58
        0x558433718a58
        0x558433718a58
        0x558433718a58
        0x558433718a58
        0x558433718a58
        0x558433718a58
        0x558433718a58
        0x558433718a58
        0x558433718a58
        0x558433718a58
        0x558433718a58
        0x558433718a58
        0x558433718a58
        0x558433718a58
        0x558433718a58
        0x558433718a58
        0x558433718a58
        0x558433718a58
        0x558433718a58
        0x558433718a58
        0x558433718a58
        0x558433718a58
        0x558433718a58
        0x558433718a58
        0x558433718a58
        0x558433718a58
        0x558433718a58
        0x558433718a58
        0x558433718a58
        0x558433718a58
        0x558433718a58
        0x558433718a58
        0x558433718a58
        0x558433718a58
        0x558433718a58
        0x558433718a58
        0x558433718a58
        0x558433718a58
        0x558433718a58
        0x558433718a58
        0x558433718a58
        0x558433718a58
        0x558433718a58
        0x558433718a58
        0x558433718a58
        0x558433718a58
        0x558433718a58
        0x558433718a58
        0x558433718a58
        0x558433718a58
        0x558433718a58
        0x558433718a58
        0x558433718a58
        0x558433718a58
        0x558433718a58
        0x558433718a58
        0x558433718a58
        0x558433718a58
        0x558433718a58
        0x558433718a58
        0x558433718a58
        0x558433718a58
        0x558433718a58
        0x558433718a58
        0x558433718a58
        0x558433718a58
        0x558433718a58
        0x558433718a58
        0x558433718a58
        0x558433718a58
        0x558433718a58
        0x558433718a58
        0x558433718a58
        0x558433718a58
        0x558433718a58
        0x558433718a58
        0x558433718a58
]: 1
@preempt_stack[
        0x40bb2374
        0
        0
        0x558432736408
        0x558432736408
        0x558432736408
        0x558432736408
        0x558432736408
        0x558432736408
        0x558432736408
        0x558432736408
        0x558432736408
        0x558432736408
        0x558432736408
        0x558432736408
        0x558432736408
        0x558432736408
        0x558432736408
        0x558432736408
        0x558432736408
        0x558432736408
        0x558432736408
        0x558432736408
        0x558432736408
        0x558432736408
        0x558432736408
        0x558432736408
        0x558432736408
        0x558432736408
        0x558432736408
        0x558432736408
        0x558432736408
        0x558432736408
        0x558432736408
        0x558432736408
        0x558432736408
        0x558432736408
        0x558432736408
        0x558432736408
        0x558432736408
        0x558432736408
        0x558432736408
        0x558432736408
        0x558432736408
        0x558432736408
        0x558432736408
        0x558432736408
        0x558432736408
        0x558432736408
        0x558432736408
        0x558432736408
        0x558432736408
        0x558432736408
        0x558432736408
        0x558432736408
        0x558432736408
        0x558432736408
        0x558432736408
        0x558432736408
        0x558432736408
        0x558432736408
        0x558432736408
        0x558432736408
        0x558432736408
        0x558432736408
        0x558432736408
        0x558432736408
        0x558432736408
        0x558432736408
        0x558432736408
        0x558432736408
        0x558432736408
        0x558432736408
        0x558432736408
        0x558432736408
        0x558432736408
        0x558432736408
        0x558432736408
        0x558432736408
        0x558432736408
        0x558432736408
        0x558432736408
        0x558432736408
        0x558432736408
        0x558432736408
        0x558432736408
        0x558432736408
        0x558432736408
        0x558432736408
        0x558432736408
        0x558432736408
        0x558432736408
        0x558432736408
        0x558432736408
        0x558432736408
        0x558432736408
        0x558432736408
        0x558432736408
        0x558432736408
        0x558432736408
        0x558432736408
        0x558432736408
        0x558432736408
        0x558432736408
        0x558432736408
        0x558432736408
        0x558432736408
        0x558432736408
        0x558432736408
        0x558432736408
        0x558432736408
        0x558432736408
        0x558432736408
        0x558432736408
        0x558432736408
        0x558432736408
        0x558432736408
        0x558432736408
        0x558432736408
        0x558432736408
        0x558432736408
        0x558432736408
        0x558432736408
        0x558432736408
        0x558432736408
        0x558432736408
        0x558432736408
]: 1
@preempt_stack[
        0x40d5dfe8
        0x40d5befe
        0x40d597a4
        0x40d56ef8
        0x40d56d80
        0x40d53864
        0
        0
        0x558432736408
        0x558432736408
        0x558432736408
        0x558432736408
        0x558432736408
        0x558432736408
        0x558432736408
        0x558432736408
        0x558432736408
        0x558432736408
        0x558432736408
        0x558432736408
        0x558432736408
        0x558432736408
        0x558432736408
        0x558432736408
        0x558432736408
        0x558432736408
        0x558432736408
        0x558432736408
        0x558432736408
        0x558432736408
        0x558432736408
        0x558432736408
        0x558432736408
        0x558432736408
        0x558432736408
        0x558432736408
        0x558432736408
        0x558432736408
        0x558432736408
        0x558432736408
        0x558432736408
        0x558432736408
        0x558432736408
        0x558432736408
        0x558432736408
        0x558432736408
        0x558432736408
        0x558432736408
        0x558432736408
        0x558432736408
        0x558432736408
        0x558432736408
        0x558432736408
        0x558432736408
        0x558432736408
        0x558432736408
        0x558432736408
        0x558432736408
        0x558432736408
        0x558432736408
        0x558432736408
        0x558432736408
        0x558432736408
        0x558432736408
        0x558432736408
        0x558432736408
        0x558432736408
        0x558432736408
        0x558432736408
        0x558432736408
        0x558432736408
        0x558432736408
        0x558432736408
        0x558432736408
        0x558432736408
        0x558432736408
        0x558432736408
        0x558432736408
        0x558432736408
        0x558432736408
        0x558432736408
        0x558432736408
        0x558432736408
        0x558432736408
        0x558432736408
        0x558432736408
        0x558432736408
        0x558432736408
        0x558432736408
        0x558432736408
        0x558432736408
        0x558432736408
        0x558432736408
        0x558432736408
        0x558432736408
        0x558432736408
        0x558432736408
        0x558432736408
        0x558432736408
        0x558432736408
        0x558432736408
        0x558432736408
        0x558432736408
        0x558432736408
        0x558432736408
        0x558432736408
        0x558432736408
        0x558432736408
        0x558432736408
        0x558432736408
        0x558432736408
        0x558432736408
        0x558432736408
        0x558432736408
        0x558432736408
        0x558432736408
        0x558432736408
        0x558432736408
        0x558432736408
        0x558432736408
        0x558432736408
        0x558432736408
        0x558432736408
        0x558432736408
        0x558432736408
        0x558432736408
        0x558432736408
]: 1
@preempt_stack[
        0x7f949c9dcfa3
        0x120000
        0x558434e218a8
        0x558434e218a8
        0x558434e218a8
        0x558434e218a8
        0x558434e218a8
        0x558434e218a8
        0x558434e218a8
        0x558434e218a8
        0x558434e218a8
        0x558434e218a8
        0x558434e218a8
        0x558434e218a8
        0x558434e218a8
        0x558434e218a8
        0x558434e218a8
        0x558434e218a8
        0x558434e218a8
        0x558434e218a8
        0x558434e218a8
        0x558434e218a8
        0x558434e218a8
        0x558434e218a8
        0x558434e218a8
        0x558434e218a8
        0x558434e218a8
        0x558434e218a8
        0x558434e218a8
        0x558434e218a8
        0x558434e218a8
        0x558434e218a8
        0x558434e218a8
        0x558434e218a8
        0x558434e218a8
        0x558434e218a8
        0x558434e218a8
        0x558434e218a8
        0x558434e218a8
        0x558434e218a8
        0x558434e218a8
        0x558434e218a8
        0x558434e218a8
        0x558434e218a8
        0x558434e218a8
        0x558434e218a8
        0x558434e218a8
        0x558434e218a8
        0x558434e218a8
        0x558434e218a8
        0x558434e218a8
        0x558434e218a8
        0x558434e218a8
        0x558434e218a8
        0x558434e218a8
        0x558434e218a8
        0x558434e218a8
        0x558434e218a8
        0x558434e218a8
        0x558434e218a8
        0x558434e218a8
        0x558434e218a8
        0x558434e218a8
        0x558434e218a8
        0x558434e218a8
        0x558434e218a8
        0x558434e218a8
        0x558434e218a8
        0x558434e218a8
        0x558434e218a8
        0x558434e218a8
        0x558434e218a8
        0x558434e218a8
        0x558434e218a8
        0x558434e218a8
        0x558434e218a8
        0x558434e218a8
        0x558434e218a8
        0x558434e218a8
        0x558434e218a8
        0x558434e218a8
        0x558434e218a8
        0x558434e218a8
        0x558434e218a8
        0x558434e218a8
        0x558434e218a8
        0x558434e218a8
        0x558434e218a8
        0x558434e218a8
        0x558434e218a8
        0x558434e218a8
        0x558434e218a8
        0x558434e218a8
        0x558434e218a8
        0x558434e218a8
        0x558434e218a8
        0x558434e218a8
        0x558434e218a8
        0x558434e218a8
        0x558434e218a8
        0x558434e218a8
        0x558434e218a8
        0x558434e218a8
        0x558434e218a8
        0x558434e218a8
        0x558434e218a8
        0x558434e218a8
        0x558434e218a8
        0x558434e218a8
        0x558434e218a8
        0x558434e218a8
        0x558434e218a8
        0x558434e218a8
        0x558434e218a8
        0x558434e218a8
        0x558434e218a8
        0x558434e218a8
        0x558434e218a8
        0x558434e218a8
        0x558434e218a8
        0x558434e218a8
        0x558434e218a8
        0x558434e218a8
        0x558434e218a8
        0x558434e218a8
        0x558434e218a8
        0x558434e218a8
]: 1
@preempt_stack[
        mono_metadata_type_hash+222
        0x110000
        0x558431fdab38
        0x558431fdab38
        0x558431fdab38
        0x558431fdab38
        0x558431fdab38
        0x558431fdab38
        0x558431fdab38
        0x558431fdab38
        0x558431fdab38
        0x558431fdab38
        0x558431fdab38
        0x558431fdab38
        0x558431fdab38
        0x558431fdab38
        0x558431fdab38
        0x558431fdab38
        0x558431fdab38
        0x558431fdab38
        0x558431fdab38
        0x558431fdab38
        0x558431fdab38
        0x558431fdab38
        0x558431fdab38
        0x558431fdab38
        0x558431fdab38
        0x558431fdab38
        0x558431fdab38
        0x558431fdab38
        0x558431fdab38
        0x558431fdab38
        0x558431fdab38
        0x558431fdab38
        0x558431fdab38
        0x558431fdab38
        0x558431fdab38
        0x558431fdab38
        0x558431fdab38
        0x558431fdab38
        0x558431fdab38
        0x558431fdab38
        0x558431fdab38
        0x558431fdab38
        0x558431fdab38
        0x558431fdab38
        0x558431fdab38
        0x558431fdab38
        0x558431fdab38
        0x558431fdab38
        0x558431fdab38
        0x558431fdab38
        0x558431fdab38
        0x558431fdab38
        0x558431fdab38
        0x558431fdab38
        0x558431fdab38
        0x558431fdab38
        0x558431fdab38
        0x558431fdab38
        0x558431fdab38
        0x558431fdab38
        0x558431fdab38
        0x558431fdab38
        0x558431fdab38
        0x558431fdab38
        0x558431fdab38
        0x558431fdab38
        0x558431fdab38
        0x558431fdab38
        0x558431fdab38
        0x558431fdab38
        0x558431fdab38
        0x558431fdab38
        0x558431fdab38
        0x558431fdab38
        0x558431fdab38
        0x558431fdab38
        0x558431fdab38
        0x558431fdab38
        0x558431fdab38
        0x558431fdab38
        0x558431fdab38
        0x558431fdab38
        0x558431fdab38
        0x558431fdab38
        0x558431fdab38
        0x558431fdab38
        0x558431fdab38
        0x558431fdab38
        0x558431fdab38
        0x558431fdab38
        0x558431fdab38
        0x558431fdab38
        0x558431fdab38
        0x558431fdab38
        0x558431fdab38
        0x558431fdab38
        0x558431fdab38
        0x558431fdab38
        0x558431fdab38
        0x558431fdab38
        0x558431fdab38
        0x558431fdab38
        0x558431fdab38
        0x558431fdab38
        0x558431fdab38
        0x558431fdab38
        0x558431fdab38
        0x558431fdab38
        0x558431fdab38
        0x558431fdab38
        0x558431fdab38
        0x558431fdab38
        0x558431fdab38
        0x558431fdab38
        0x558431fdab38
        0x558431fdab38
        0x558431fdab38
        0x558431fdab38
        0x558431fdab38
        0x558431fdab38
        0x558431fdab38
        0x558431fdab38
        0x558431fdab38
        0x558431fdab38
        0x558431fdab38
]: 1
@preempt_stack[
        0x7f953eea2b9f
        __clock_gettime+29
]: 1
@preempt_stack[
        0x7f949c9cb5b8
        0x1
        0
        0x5584321a3c70
]: 1
@preempt_stack[
        0x7f949c9cb5b8
        0
        0
        0x5584323fa120
]: 1
@preempt_stack[
        0x7f953e4a6fcb
]: 1
@preempt_stack[
        0x40d050a4
        0x40d0350d
        0x40a8b124
        0x40407e56
        0x40403d24
        0x7f949c846428
        0x7f949c9e578f
        0x558431b82490
]: 1
@preempt_stack[
        0x7f953e5b3404
]: 1
@preempt_stack[
        0x7f949ca4d740
]: 1
@preempt_stack[
        mono_g_hash_table_lookup_extended+66
        0x110000
        0x558432006518
        0x558432006518
        0x558432006518
        0x558432006518
        0x558432006518
        0x558432006518
        0x558432006518
        0x558432006518
        0x558432006518
        0x558432006518
        0x558432006518
        0x558432006518
        0x558432006518
        0x558432006518
        0x558432006518
        0x558432006518
        0x558432006518
        0x558432006518
        0x558432006518
        0x558432006518
        0x558432006518
        0x558432006518
        0x558432006518
        0x558432006518
        0x558432006518
        0x558432006518
        0x558432006518
        0x558432006518
        0x558432006518
        0x558432006518
        0x558432006518
        0x558432006518
        0x558432006518
        0x558432006518
        0x558432006518
        0x558432006518
        0x558432006518
        0x558432006518
        0x558432006518
        0x558432006518
        0x558432006518
        0x558432006518
        0x558432006518
        0x558432006518
        0x558432006518
        0x558432006518
        0x558432006518
        0x558432006518
        0x558432006518
        0x558432006518
        0x558432006518
        0x558432006518
        0x558432006518
        0x558432006518
        0x558432006518
        0x558432006518
        0x558432006518
        0x558432006518
        0x558432006518
        0x558432006518
        0x558432006518
        0x558432006518
        0x558432006518
        0x558432006518
        0x558432006518
        0x558432006518
        0x558432006518
        0x558432006518
        0x558432006518
        0x558432006518
        0x558432006518
        0x558432006518
        0x558432006518
        0x558432006518
        0x558432006518
        0x558432006518
        0x558432006518
        0x558432006518
        0x558432006518
        0x558432006518
        0x558432006518
        0x558432006518
        0x558432006518
        0x558432006518
        0x558432006518
        0x558432006518
        0x558432006518
        0x558432006518
        0x558432006518
        0x558432006518
        0x558432006518
        0x558432006518
        0x558432006518
        0x558432006518
        0x558432006518
        0x558432006518
        0x558432006518
        0x558432006518
        0x558432006518
        0x558432006518
        0x558432006518
        0x558432006518
        0x558432006518
        0x558432006518
        0x558432006518
        0x558432006518
        0x558432006518
        0x558432006518
        0x558432006518
        0x558432006518
        0x558432006518
        0x558432006518
        0x558432006518
        0x558432006518
        0x558432006518
        0x558432006518
        0x558432006518
        0x558432006518
        0x558432006518
        0x558432006518
        0x558432006518
        0x558432006518
        0x558432006518
        0x558432006518
        0x558432006518
]: 1
@preempt_stack[
        0x7f953db0c507
        0x4a704840481
]: 1
@preempt_stack[
        0x40d066d2
        0
        0x2000000000000001
        0x558432740e50
        0x558432740e50
        0x558432740e50
        0x558432740e50
        0x558432740e50
        0x558432740e50
        0x558432740e50
        0x558432740e50
        0x558432740e50
        0x558432740e50
        0x558432740e50
        0x558432740e50
        0x558432740e50
        0x558432740e50
        0x558432740e50
        0x558432740e50
        0x558432740e50
        0x558432740e50
        0x558432740e50
        0x558432740e50
        0x558432740e50
        0x558432740e50
        0x558432740e50
        0x558432740e50
        0x558432740e50
        0x558432740e50
        0x558432740e50
        0x558432740e50
        0x558432740e50
        0x558432740e50
        0x558432740e50
        0x558432740e50
        0x558432740e50
        0x558432740e50
        0x558432740e50
        0x558432740e50
        0x558432740e50
        0x558432740e50
        0x558432740e50
        0x558432740e50
        0x558432740e50
        0x558432740e50
        0x558432740e50
        0x558432740e50
        0x558432740e50
        0x558432740e50
        0x558432740e50
        0x558432740e50
        0x558432740e50
        0x558432740e50
        0x558432740e50
        0x558432740e50
        0x558432740e50
        0x558432740e50
        0x558432740e50
        0x558432740e50
        0x558432740e50
        0x558432740e50
        0x558432740e50
        0x558432740e50
        0x558432740e50
        0x558432740e50
        0x558432740e50
        0x558432740e50
        0x558432740e50
        0x558432740e50
        0x558432740e50
        0x558432740e50
        0x558432740e50
        0x558432740e50
        0x558432740e50
        0x558432740e50
        0x558432740e50
        0x558432740e50
        0x558432740e50
        0x558432740e50
        0x558432740e50
        0x558432740e50
        0x558432740e50
        0x558432740e50
        0x558432740e50
        0x558432740e50
        0x558432740e50
        0x558432740e50
        0x558432740e50
        0x558432740e50
        0x558432740e50
        0x558432740e50
        0x558432740e50
        0x558432740e50
        0x558432740e50
        0x558432740e50
        0x558432740e50
        0x558432740e50
        0x558432740e50
        0x558432740e50
        0x558432740e50
        0x558432740e50
        0x558432740e50
        0x558432740e50
        0x558432740e50
        0x558432740e50
        0x558432740e50
        0x558432740e50
        0x558432740e50
        0x558432740e50
        0x558432740e50
        0x558432740e50
        0x558432740e50
        0x558432740e50
        0x558432740e50
        0x558432740e50
        0x558432740e50
        0x558432740e50
        0x558432740e50
        0x558432740e50
        0x558432740e50
        0x558432740e50
        0x558432740e50
        0x558432740e50
        0x558432740e50
        0x558432740e50
        0x558432740e50
        0x558432740e50
]: 1
@preempt_stack[
        0x406b052e
]: 1
@preempt_stack[
        0x7f953dd51875
]: 1
@preempt_stack[
        0x40441c7d
]: 1
@preempt_stack[
        0x7f93331cee43
]: 1
@preempt_stack[
        0x7f949c9cb5b8
        0
        0
        0x558432765b30
]: 1
@preempt_stack[
        0x402c99f0
]: 1
@preempt_stack[
        0x40cac3ef
]: 1
@preempt_stack[
        0x40c2f582
        0x40c2eec4
        0x40c41434
        0x40c41000
        0x40a8a76e
        0x40407e56
        0x40403d24
        0x7f949c846428
        0x7f949c9e578f
        0x558431b82490
]: 1
@preempt_stack[
        0x7f953eea2bdd
        __clock_gettime+29
        0x1000d176f
]: 1
@preempt_stack[
        0x401b85f2
]: 1
@preempt_stack[
        0x40cb6a28
        0x40cb4138
        0x40cb2a88
        0x40cafea4
        0x40cafc3c
        0x40407e56
        0x40403d24
        0x7f949c846428
        0x7f949c9e578f
        0x558431b82490
]: 1
@preempt_stack[
        0x406b0377
]: 1
@preempt_stack[
        0x7f953dcd7e9a
        0
]: 1
@preempt_stack[
        0x40cb91ca
        0x40cb3c4c
        0x40cb2a88
        0x40cafea4
        0x40cafc3c
        0x40407e56
        0x40403d24
        0x7f949c846428
        0x7f949c9e578f
        0x558431b82490
]: 1
@preempt_stack[
        0x7f953dd47353
]: 1
@preempt_stack[
        0x7f949c9cb77e
        0x120000
        0x558432dec008
        0x558432dec008
        0x558432dec008
        0x558432dec008
        0x558432dec008
        0x558432dec008
        0x558432dec008
        0x558432dec008
        0x558432dec008
        0x558432dec008
        0x558432dec008
        0x558432dec008
        0x558432dec008
        0x558432dec008
        0x558432dec008
        0x558432dec008
        0x558432dec008
        0x558432dec008
        0x558432dec008
        0x558432dec008
        0x558432dec008
        0x558432dec008
        0x558432dec008
        0x558432dec008
        0x558432dec008
        0x558432dec008
        0x558432dec008
        0x558432dec008
        0x558432dec008
        0x558432dec008
        0x558432dec008
        0x558432dec008
        0x558432dec008
        0x558432dec008
        0x558432dec008
        0x558432dec008
        0x558432dec008
        0x558432dec008
        0x558432dec008
        0x558432dec008
        0x558432dec008
        0x558432dec008
        0x558432dec008
        0x558432dec008
        0x558432dec008
        0x558432dec008
        0x558432dec008
        0x558432dec008
        0x558432dec008
        0x558432dec008
        0x558432dec008
        0x558432dec008
        0x558432dec008
        0x558432dec008
        0x558432dec008
        0x558432dec008
        0x558432dec008
        0x558432dec008
        0x558432dec008
        0x558432dec008
        0x558432dec008
        0x558432dec008
        0x558432dec008
        0x558432dec008
        0x558432dec008
        0x558432dec008
        0x558432dec008
        0x558432dec008
        0x558432dec008
        0x558432dec008
        0x558432dec008
        0x558432dec008
        0x558432dec008
        0x558432dec008
        0x558432dec008
        0x558432dec008
        0x558432dec008
        0x558432dec008
        0x558432dec008
        0x558432dec008
        0x558432dec008
        0x558432dec008
        0x558432dec008
        0x558432dec008
        0x558432dec008
        0x558432dec008
        0x558432dec008
        0x558432dec008
        0x558432dec008
        0x558432dec008
        0x558432dec008
        0x558432dec008
        0x558432dec008
        0x558432dec008
        0x558432dec008
        0x558432dec008
        0x558432dec008
        0x558432dec008
        0x558432dec008
        0x558432dec008
        0x558432dec008
        0x558432dec008
        0x558432dec008
        0x558432dec008
        0x558432dec008
        0x558432dec008
        0x558432dec008
        0x558432dec008
        0x558432dec008
        0x558432dec008
        0x558432dec008
        0x558432dec008
        0x558432dec008
        0x558432dec008
        0x558432dec008
        0x558432dec008
        0x558432dec008
        0x558432dec008
        0x558432dec008
        0x558432dec008
        0x558432dec008
        0x558432dec008
        0x558432dec008
        0x558432dec008
        0x558432dec008
]: 1
@preempt_stack[
        0x7f953dd4ef27
        0x7f950307e5d0
]: 1
@preempt_stack[
        0x7f953dd1a6bc
        0x7f953dd25ce0
        0xa1d6058d48fc8949
]: 1
@preempt_stack[
        0x7f949c9cb8e0
        0x130000
        0
        0
        0x5584346c8050
]: 1
@preempt_stack[
        monoeg_g_hash_table_lookup_extended+66
        0x4e00
]: 1
@preempt_stack[
        0x7f949c9cb77a
        0x120000
        0x5584334eef28
        0x5584334eef28
        0x5584334eef28
        0x5584334eef28
        0x5584334eef28
        0x5584334eef28
        0x5584334eef28
        0x5584334eef28
        0x5584334eef28
        0x5584334eef28
        0x5584334eef28
        0x5584334eef28
        0x5584334eef28
        0x5584334eef28
        0x5584334eef28
        0x5584334eef28
        0x5584334eef28
        0x5584334eef28
        0x5584334eef28
        0x5584334eef28
        0x5584334eef28
        0x5584334eef28
        0x5584334eef28
        0x5584334eef28
        0x5584334eef28
        0x5584334eef28
        0x5584334eef28
        0x5584334eef28
        0x5584334eef28
        0x5584334eef28
        0x5584334eef28
        0x5584334eef28
        0x5584334eef28
        0x5584334eef28
        0x5584334eef28
        0x5584334eef28
        0x5584334eef28
        0x5584334eef28
        0x5584334eef28
        0x5584334eef28
        0x5584334eef28
        0x5584334eef28
        0x5584334eef28
        0x5584334eef28
        0x5584334eef28
        0x5584334eef28
        0x5584334eef28
        0x5584334eef28
        0x5584334eef28
        0x5584334eef28
        0x5584334eef28
        0x5584334eef28
        0x5584334eef28
        0x5584334eef28
        0x5584334eef28
        0x5584334eef28
        0x5584334eef28
        0x5584334eef28
        0x5584334eef28
        0x5584334eef28
        0x5584334eef28
        0x5584334eef28
        0x5584334eef28
        0x5584334eef28
        0x5584334eef28
        0x5584334eef28
        0x5584334eef28
        0x5584334eef28
        0x5584334eef28
        0x5584334eef28
        0x5584334eef28
        0x5584334eef28
        0x5584334eef28
        0x5584334eef28
        0x5584334eef28
        0x5584334eef28
        0x5584334eef28
        0x5584334eef28
        0x5584334eef28
        0x5584334eef28
        0x5584334eef28
        0x5584334eef28
        0x5584334eef28
        0x5584334eef28
        0x5584334eef28
        0x5584334eef28
        0x5584334eef28
        0x5584334eef28
        0x5584334eef28
        0x5584334eef28
        0x5584334eef28
        0x5584334eef28
        0x5584334eef28
        0x5584334eef28
        0x5584334eef28
        0x5584334eef28
        0x5584334eef28
        0x5584334eef28
        0x5584334eef28
        0x5584334eef28
        0x5584334eef28
        0x5584334eef28
        0x5584334eef28
        0x5584334eef28
        0x5584334eef28
        0x5584334eef28
        0x5584334eef28
        0x5584334eef28
        0x5584334eef28
        0x5584334eef28
        0x5584334eef28
        0x5584334eef28
        0x5584334eef28
        0x5584334eef28
        0x5584334eef28
        0x5584334eef28
        0x5584334eef28
        0x5584334eef28
        0x5584334eef28
        0x5584334eef28
        0x5584334eef28
        0x5584334eef28
        0x5584334eef28
        0x5584334eef28
        0x5584334eef28
]: 1
@preempt_stack[
        0x7f953dcd7a24
        0xfc10fc60fc40fc2
]: 1
@preempt_stack[
        0x40cac57f
        0
        0x2000000000000001
        0x558432740e50
        0x558432740e50
        0x558432740e50
        0x558432740e50
        0x558432740e50
        0x558432740e50
        0x558432740e50
        0x558432740e50
        0x558432740e50
        0x558432740e50
        0x558432740e50
        0x558432740e50
        0x558432740e50
        0x558432740e50
        0x558432740e50
        0x558432740e50
        0x558432740e50
        0x558432740e50
        0x558432740e50
        0x558432740e50
        0x558432740e50
        0x558432740e50
        0x558432740e50
        0x558432740e50
        0x558432740e50
        0x558432740e50
        0x558432740e50
        0x558432740e50
        0x558432740e50
        0x558432740e50
        0x558432740e50
        0x558432740e50
        0x558432740e50
        0x558432740e50
        0x558432740e50
        0x558432740e50
        0x558432740e50
        0x558432740e50
        0x558432740e50
        0x558432740e50
        0x558432740e50
        0x558432740e50
        0x558432740e50
        0x558432740e50
        0x558432740e50
        0x558432740e50
        0x558432740e50
        0x558432740e50
        0x558432740e50
        0x558432740e50
        0x558432740e50
        0x558432740e50
        0x558432740e50
        0x558432740e50
        0x558432740e50
        0x558432740e50
        0x558432740e50
        0x558432740e50
        0x558432740e50
        0x558432740e50
        0x558432740e50
        0x558432740e50
        0x558432740e50
        0x558432740e50
        0x558432740e50
        0x558432740e50
        0x558432740e50
        0x558432740e50
        0x558432740e50
        0x558432740e50
        0x558432740e50
        0x558432740e50
        0x558432740e50
        0x558432740e50
        0x558432740e50
        0x558432740e50
        0x558432740e50
        0x558432740e50
        0x558432740e50
        0x558432740e50
        0x558432740e50
        0x558432740e50
        0x558432740e50
        0x558432740e50
        0x558432740e50
        0x558432740e50
        0x558432740e50
        0x558432740e50
        0x558432740e50
        0x558432740e50
        0x558432740e50
        0x558432740e50
        0x558432740e50
        0x558432740e50
        0x558432740e50
        0x558432740e50
        0x558432740e50
        0x558432740e50
        0x558432740e50
        0x558432740e50
        0x558432740e50
        0x558432740e50
        0x558432740e50
        0x558432740e50
        0x558432740e50
        0x558432740e50
        0x558432740e50
        0x558432740e50
        0x558432740e50
        0x558432740e50
        0x558432740e50
        0x558432740e50
        0x558432740e50
        0x558432740e50
        0x558432740e50
        0x558432740e50
        0x558432740e50
        0x558432740e50
        0x558432740e50
        0x558432740e50
        0x558432740e50
        0x558432740e50
        0x558432740e50
        0x558432740e50
]: 1
@preempt_stack[
        0x40c0cf14
        0x40c0d864
        0x4077cadf
        0x7f949c846428
        0x7f949c9e578f
        0x558431b82490
]: 1
@preempt_stack[
        0x7f953dd2afb3
]: 1
@preempt_stack[
        mono_metadata_type_hash+80
        0x120000
        0x558434da6a08
        0x558434da6a08
        0x558434da6a08
        0x558434da6a08
        0x558434da6a08
        0x558434da6a08
        0x558434da6a08
        0x558434da6a08
        0x558434da6a08
        0x558434da6a08
        0x558434da6a08
        0x558434da6a08
        0x558434da6a08
        0x558434da6a08
        0x558434da6a08
        0x558434da6a08
        0x558434da6a08
        0x558434da6a08
        0x558434da6a08
        0x558434da6a08
        0x558434da6a08
        0x558434da6a08
        0x558434da6a08
        0x558434da6a08
        0x558434da6a08
        0x558434da6a08
        0x558434da6a08
        0x558434da6a08
        0x558434da6a08
        0x558434da6a08
        0x558434da6a08
        0x558434da6a08
        0x558434da6a08
        0x558434da6a08
        0x558434da6a08
        0x558434da6a08
        0x558434da6a08
        0x558434da6a08
        0x558434da6a08
        0x558434da6a08
        0x558434da6a08
        0x558434da6a08
        0x558434da6a08
        0x558434da6a08
        0x558434da6a08
        0x558434da6a08
        0x558434da6a08
        0x558434da6a08
        0x558434da6a08
        0x558434da6a08
        0x558434da6a08
        0x558434da6a08
        0x558434da6a08
        0x558434da6a08
        0x558434da6a08
        0x558434da6a08
        0x558434da6a08
        0x558434da6a08
        0x558434da6a08
        0x558434da6a08
        0x558434da6a08
        0x558434da6a08
        0x558434da6a08
        0x558434da6a08
        0x558434da6a08
        0x558434da6a08
        0x558434da6a08
        0x558434da6a08
        0x558434da6a08
        0x558434da6a08
        0x558434da6a08
        0x558434da6a08
        0x558434da6a08
        0x558434da6a08
        0x558434da6a08
        0x558434da6a08
        0x558434da6a08
        0x558434da6a08
        0x558434da6a08
        0x558434da6a08
        0x558434da6a08
        0x558434da6a08
        0x558434da6a08
        0x558434da6a08
        0x558434da6a08
        0x558434da6a08
        0x558434da6a08
        0x558434da6a08
        0x558434da6a08
        0x558434da6a08
        0x558434da6a08
        0x558434da6a08
        0x558434da6a08
        0x558434da6a08
        0x558434da6a08
        0x558434da6a08
        0x558434da6a08
        0x558434da6a08
        0x558434da6a08
        0x558434da6a08
        0x558434da6a08
        0x558434da6a08
        0x558434da6a08
        0x558434da6a08
        0x558434da6a08
        0x558434da6a08
        0x558434da6a08
        0x558434da6a08
        0x558434da6a08
        0x558434da6a08
        0x558434da6a08
        0x558434da6a08
        0x558434da6a08
        0x558434da6a08
        0x558434da6a08
        0x558434da6a08
        0x558434da6a08
        0x558434da6a08
        0x558434da6a08
        0x558434da6a08
        0x558434da6a08
        0x558434da6a08
        0x558434da6a08
        0x558434da6a08
        0x558434da6a08
]: 1
@preempt_stack[
        0x401dd79b
        0x40c62b14
        0x40c5aaa4
        0x4077cadf
        0x7f949c846428
        0x7f949c9e578f
        0x558431b82490
]: 1
@preempt_stack[
        mono_metadata_type_hash+80
        0x120000
        0x558434ab4508
        0x558434ab4508
        0x558434ab4508
        0x558434ab4508
        0x558434ab4508
        0x558434ab4508
        0x558434ab4508
        0x558434ab4508
        0x558434ab4508
        0x558434ab4508
        0x558434ab4508
        0x558434ab4508
        0x558434ab4508
        0x558434ab4508
        0x558434ab4508
        0x558434ab4508
        0x558434ab4508
        0x558434ab4508
        0x558434ab4508
        0x558434ab4508
        0x558434ab4508
        0x558434ab4508
        0x558434ab4508
        0x558434ab4508
        0x558434ab4508
        0x558434ab4508
        0x558434ab4508
        0x558434ab4508
        0x558434ab4508
        0x558434ab4508
        0x558434ab4508
        0x558434ab4508
        0x558434ab4508
        0x558434ab4508
        0x558434ab4508
        0x558434ab4508
        0x558434ab4508
        0x558434ab4508
        0x558434ab4508
        0x558434ab4508
        0x558434ab4508
        0x558434ab4508
        0x558434ab4508
        0x558434ab4508
        0x558434ab4508
        0x558434ab4508
        0x558434ab4508
        0x558434ab4508
        0x558434ab4508
        0x558434ab4508
        0x558434ab4508
        0x558434ab4508
        0x558434ab4508
        0x558434ab4508
        0x558434ab4508
        0x558434ab4508
        0x558434ab4508
        0x558434ab4508
        0x558434ab4508
        0x558434ab4508
        0x558434ab4508
        0x558434ab4508
        0x558434ab4508
        0x558434ab4508
        0x558434ab4508
        0x558434ab4508
        0x558434ab4508
        0x558434ab4508
        0x558434ab4508
        0x558434ab4508
        0x558434ab4508
        0x558434ab4508
        0x558434ab4508
        0x558434ab4508
        0x558434ab4508
        0x558434ab4508
        0x558434ab4508
        0x558434ab4508
        0x558434ab4508
        0x558434ab4508
        0x558434ab4508
        0x558434ab4508
        0x558434ab4508
        0x558434ab4508
        0x558434ab4508
        0x558434ab4508
        0x558434ab4508
        0x558434ab4508
        0x558434ab4508
        0x558434ab4508
        0x558434ab4508
        0x558434ab4508
        0x558434ab4508
        0x558434ab4508
        0x558434ab4508
        0x558434ab4508
        0x558434ab4508
        0x558434ab4508
        0x558434ab4508
        0x558434ab4508
        0x558434ab4508
        0x558434ab4508
        0x558434ab4508
        0x558434ab4508
        0x558434ab4508
        0x558434ab4508
        0x558434ab4508
        0x558434ab4508
        0x558434ab4508
        0x558434ab4508
        0x558434ab4508
        0x558434ab4508
        0x558434ab4508
        0x558434ab4508
        0x558434ab4508
        0x558434ab4508
        0x558434ab4508
        0x558434ab4508
        0x558434ab4508
        0x558434ab4508
        0x558434ab4508
        0x558434ab4508
        0x558434ab4508
        0x558434ab4508
        0x558434ab4508
]: 1
@preempt_stack[
        0x40caf046
        0x40cad7b4
        0x40cabc4c
        0x40cab139
        0x40ca6ac7
        0x40407e56
        0x40403d24
        0x7f949c846428
        0x7f949c9e578f
        0x558431b82490
]: 1
@preempt_stack[
        0x40d06888
        0
        0x2000000000000001
        0x558432740e50
        0x558432740e50
        0x558432740e50
        0x558432740e50
        0x558432740e50
        0x558432740e50
        0x558432740e50
        0x558432740e50
        0x558432740e50
        0x558432740e50
        0x558432740e50
        0x558432740e50
        0x558432740e50
        0x558432740e50
        0x558432740e50
        0x558432740e50
        0x558432740e50
        0x558432740e50
        0x558432740e50
        0x558432740e50
        0x558432740e50
        0x558432740e50
        0x558432740e50
        0x558432740e50
        0x558432740e50
        0x558432740e50
        0x558432740e50
        0x558432740e50
        0x558432740e50
        0x558432740e50
        0x558432740e50
        0x558432740e50
        0x558432740e50
        0x558432740e50
        0x558432740e50
        0x558432740e50
        0x558432740e50
        0x558432740e50
        0x558432740e50
        0x558432740e50
        0x558432740e50
        0x558432740e50
        0x558432740e50
        0x558432740e50
        0x558432740e50
        0x558432740e50
        0x558432740e50
        0x558432740e50
        0x558432740e50
        0x558432740e50
        0x558432740e50
        0x558432740e50
        0x558432740e50
        0x558432740e50
        0x558432740e50
        0x558432740e50
        0x558432740e50
        0x558432740e50
        0x558432740e50
        0x558432740e50
        0x558432740e50
        0x558432740e50
        0x558432740e50
        0x558432740e50
        0x558432740e50
        0x558432740e50
        0x558432740e50
        0x558432740e50
        0x558432740e50
        0x558432740e50
        0x558432740e50
        0x558432740e50
        0x558432740e50
        0x558432740e50
        0x558432740e50
        0x558432740e50
        0x558432740e50
        0x558432740e50
        0x558432740e50
        0x558432740e50
        0x558432740e50
        0x558432740e50
        0x558432740e50
        0x558432740e50
        0x558432740e50
        0x558432740e50
        0x558432740e50
        0x558432740e50
        0x558432740e50
        0x558432740e50
        0x558432740e50
        0x558432740e50
        0x558432740e50
        0x558432740e50
        0x558432740e50
        0x558432740e50
        0x558432740e50
        0x558432740e50
        0x558432740e50
        0x558432740e50
        0x558432740e50
        0x558432740e50
        0x558432740e50
        0x558432740e50
        0x558432740e50
        0x558432740e50
        0x558432740e50
        0x558432740e50
        0x558432740e50
        0x558432740e50
        0x558432740e50
        0x558432740e50
        0x558432740e50
        0x558432740e50
        0x558432740e50
        0x558432740e50
        0x558432740e50
        0x558432740e50
        0x558432740e50
        0x558432740e50
        0x558432740e50
        0x558432740e50
        0x558432740e50
        0x558432740e50
]: 1
@preempt_stack[
        0x401b5dd4
        0x4046dfb8
        0x40785934
        0x401c67a6
        0x7f949c846428
        0x7f949c9e578f
        0x558431b82490
]: 1
@preempt_stack[
        0x7f949c99de1a
]: 1
@preempt_stack[
        0x40cabc3d
        0x40cab139
        0x40ca6ac7
        0x40407e56
        0x40403d24
        0x7f949c846428
        0x7f949c9e578f
        0x558431b82490
]: 1
@preempt_stack[
        0x7f953d9075bb
        0x35207265
]: 1
@preempt_stack[
        mono_g_hash_table_lookup_extended+66
        0x110000
        0x55843523e880
        0x55843523e880
        0x55843523e880
        0x55843523e880
        0x55843523e880
        0x55843523e880
        0x55843523e880
        0x55843523e880
        0x55843523e880
        0x55843523e880
        0x55843523e880
        0x55843523e880
        0x55843523e880
        0x55843523e880
        0x55843523e880
        0x55843523e880
        0x55843523e880
        0x55843523e880
        0x55843523e880
        0x55843523e880
        0x55843523e880
        0x55843523e880
        0x55843523e880
        0x55843523e880
        0x55843523e880
        0x55843523e880
        0x55843523e880
        0x55843523e880
        0x55843523e880
        0x55843523e880
        0x55843523e880
        0x55843523e880
        0x55843523e880
        0x55843523e880
        0x55843523e880
        0x55843523e880
        0x55843523e880
        0x55843523e880
        0x55843523e880
        0x55843523e880
        0x55843523e880
        0x55843523e880
        0x55843523e880
        0x55843523e880
        0x55843523e880
        0x55843523e880
        0x55843523e880
        0x55843523e880
        0x55843523e880
        0x55843523e880
        0x55843523e880
        0x55843523e880
        0x55843523e880
        0x55843523e880
        0x55843523e880
        0x55843523e880
        0x55843523e880
        0x55843523e880
        0x55843523e880
        0x55843523e880
        0x55843523e880
        0x55843523e880
        0x55843523e880
        0x55843523e880
        0x55843523e880
        0x55843523e880
        0x55843523e880
        0x55843523e880
        0x55843523e880
        0x55843523e880
        0x55843523e880
        0x55843523e880
        0x55843523e880
        0x55843523e880
        0x55843523e880
        0x55843523e880
        0x55843523e880
        0x55843523e880
        0x55843523e880
        0x55843523e880
        0x55843523e880
        0x55843523e880
        0x55843523e880
        0x55843523e880
        0x55843523e880
        0x55843523e880
        0x55843523e880
        0x55843523e880
        0x55843523e880
        0x55843523e880
        0x55843523e880
        0x55843523e880
        0x55843523e880
        0x55843523e880
        0x55843523e880
        0x55843523e880
        0x55843523e880
        0x55843523e880
        0x55843523e880
        0x55843523e880
        0x55843523e880
        0x55843523e880
        0x55843523e880
        0x55843523e880
        0x55843523e880
        0x55843523e880
        0x55843523e880
        0x55843523e880
        0x55843523e880
        0x55843523e880
        0x55843523e880
        0x55843523e880
        0x55843523e880
        0x55843523e880
        0x55843523e880
        0x55843523e880
        0x55843523e880
        0x55843523e880
        0x55843523e880
        0x55843523e880
        0x55843523e880
        0x55843523e880
        0x55843523e880
        0x55843523e880
        0x55843523e880
]: 1
@preempt_stack[
        0x40caf13a
        0
        0
        0x5584326a9a10
        0x5584326a9a10
        0x5584326a9a10
        0x5584326a9a10
        0x5584326a9a10
        0x5584326a9a10
        0x5584326a9a10
        0x5584326a9a10
        0x5584326a9a10
        0x5584326a9a10
        0x5584326a9a10
        0x5584326a9a10
        0x5584326a9a10
        0x5584326a9a10
        0x5584326a9a10
        0x5584326a9a10
        0x5584326a9a10
        0x5584326a9a10
        0x5584326a9a10
        0x5584326a9a10
        0x5584326a9a10
        0x5584326a9a10
        0x5584326a9a10
        0x5584326a9a10
        0x5584326a9a10
        0x5584326a9a10
        0x5584326a9a10
        0x5584326a9a10
        0x5584326a9a10
        0x5584326a9a10
        0x5584326a9a10
        0x5584326a9a10
        0x5584326a9a10
        0x5584326a9a10
        0x5584326a9a10
        0x5584326a9a10
        0x5584326a9a10
        0x5584326a9a10
        0x5584326a9a10
        0x5584326a9a10
        0x5584326a9a10
        0x5584326a9a10
        0x5584326a9a10
        0x5584326a9a10
        0x5584326a9a10
        0x5584326a9a10
        0x5584326a9a10
        0x5584326a9a10
        0x5584326a9a10
        0x5584326a9a10
        0x5584326a9a10
        0x5584326a9a10
        0x5584326a9a10
        0x5584326a9a10
        0x5584326a9a10
        0x5584326a9a10
        0x5584326a9a10
        0x5584326a9a10
        0x5584326a9a10
        0x5584326a9a10
        0x5584326a9a10
        0x5584326a9a10
        0x5584326a9a10
        0x5584326a9a10
        0x5584326a9a10
        0x5584326a9a10
        0x5584326a9a10
        0x5584326a9a10
        0x5584326a9a10
        0x5584326a9a10
        0x5584326a9a10
        0x5584326a9a10
        0x5584326a9a10
        0x5584326a9a10
        0x5584326a9a10
        0x5584326a9a10
        0x5584326a9a10
        0x5584326a9a10
        0x5584326a9a10
        0x5584326a9a10
        0x5584326a9a10
        0x5584326a9a10
        0x5584326a9a10
        0x5584326a9a10
        0x5584326a9a10
        0x5584326a9a10
        0x5584326a9a10
        0x5584326a9a10
        0x5584326a9a10
        0x5584326a9a10
        0x5584326a9a10
        0x5584326a9a10
        0x5584326a9a10
        0x5584326a9a10
        0x5584326a9a10
        0x5584326a9a10
        0x5584326a9a10
        0x5584326a9a10
        0x5584326a9a10
        0x5584326a9a10
        0x5584326a9a10
        0x5584326a9a10
        0x5584326a9a10
        0x5584326a9a10
        0x5584326a9a10
        0x5584326a9a10
        0x5584326a9a10
        0x5584326a9a10
        0x5584326a9a10
        0x5584326a9a10
        0x5584326a9a10
        0x5584326a9a10
        0x5584326a9a10
        0x5584326a9a10
        0x5584326a9a10
        0x5584326a9a10
        0x5584326a9a10
        0x5584326a9a10
        0x5584326a9a10
        0x5584326a9a10
        0x5584326a9a10
        0x5584326a9a10
        0x5584326a9a10
        0x5584326a9a10
]: 1
@preempt_stack[
        0x7f949c9abb14
        0
        0
        0x558431b485d8
        0x558431b485d8
        0x558431b485d8
        0x558431b485d8
        0x558431b485d8
        0x558431b485d8
        0x558431b485d8
        0x558431b485d8
        0x558431b485d8
        0x558431b485d8
        0x558431b485d8
        0x558431b485d8
        0x558431b485d8
        0x558431b485d8
        0x558431b485d8
        0x558431b485d8
        0x558431b485d8
        0x558431b485d8
        0x558431b485d8
        0x558431b485d8
        0x558431b485d8
        0x558431b485d8
        0x558431b485d8
        0x558431b485d8
        0x558431b485d8
        0x558431b485d8
        0x558431b485d8
        0x558431b485d8
        0x558431b485d8
        0x558431b485d8
        0x558431b485d8
        0x558431b485d8
        0x558431b485d8
        0x558431b485d8
        0x558431b485d8
        0x558431b485d8
        0x558431b485d8
        0x558431b485d8
        0x558431b485d8
        0x558431b485d8
        0x558431b485d8
        0x558431b485d8
        0x558431b485d8
        0x558431b485d8
        0x558431b485d8
        0x558431b485d8
        0x558431b485d8
        0x558431b485d8
        0x558431b485d8
        0x558431b485d8
        0x558431b485d8
        0x558431b485d8
        0x558431b485d8
        0x558431b485d8
        0x558431b485d8
        0x558431b485d8
        0x558431b485d8
        0x558431b485d8
        0x558431b485d8
        0x558431b485d8
        0x558431b485d8
        0x558431b485d8
        0x558431b485d8
        0x558431b485d8
        0x558431b485d8
        0x558431b485d8
        0x558431b485d8
        0x558431b485d8
        0x558431b485d8
        0x558431b485d8
        0x558431b485d8
        0x558431b485d8
        0x558431b485d8
        0x558431b485d8
        0x558431b485d8
        0x558431b485d8
        0x558431b485d8
        0x558431b485d8
        0x558431b485d8
        0x558431b485d8
        0x558431b485d8
        0x558431b485d8
        0x558431b485d8
        0x558431b485d8
        0x558431b485d8
        0x558431b485d8
        0x558431b485d8
        0x558431b485d8
        0x558431b485d8
        0x558431b485d8
        0x558431b485d8
        0x558431b485d8
        0x558431b485d8
        0x558431b485d8
        0x558431b485d8
        0x558431b485d8
        0x558431b485d8
        0x558431b485d8
        0x558431b485d8
        0x558431b485d8
        0x558431b485d8
        0x558431b485d8
        0x558431b485d8
        0x558431b485d8
        0x558431b485d8
        0x558431b485d8
        0x558431b485d8
        0x558431b485d8
        0x558431b485d8
        0x558431b485d8
        0x558431b485d8
        0x558431b485d8
        0x558431b485d8
        0x558431b485d8
        0x558431b485d8
        0x558431b485d8
        0x558431b485d8
        0x558431b485d8
        0x558431b485d8
        0x558431b485d8
        0x558431b485d8
        0x558431b485d8
        0x558431b485d8
        0x558431b485d8
]: 1
@preempt_stack[
        0x40c0d11c
        0x40c0d864
        0x4077cadf
        0x7f949c846428
        0x7f949c9e578f
        0x558431b82490
]: 1
@preempt_stack[
        0x40af84ad
]: 1
@preempt_stack[
        monoeg_g_hash_table_remove+49
]: 1
@preempt_stack[
        0x7f953cbb808b
]: 1
@preempt_stack[
        0x7f953dd3d368
        0x7f95000000ef
        0x3f80000000000000
]: 1
@preempt_stack[
        0x7f949c9cb78e
        0x130000
        0
        0
        0x558433228c20
]: 1
@preempt_stack[
        0x7f953dcd309e
        0xe01
]: 1
@preempt_stack[
        0x7f953dd427a4
]: 1
@preempt_stack[
        0x7f949c9cb75e
        0x130000
        0x2
        0
        0x5584347a18a0
]: 1
@preempt_stack[
        0x7f953e5a533b
]: 1
@preempt_stack[
        0x7f949c9dcfa3
        0x120000
        0x5584346e3be8
        0x5584346e3be8
        0x5584346e3be8
        0x5584346e3be8
        0x5584346e3be8
        0x5584346e3be8
        0x5584346e3be8
        0x5584346e3be8
        0x5584346e3be8
        0x5584346e3be8
        0x5584346e3be8
        0x5584346e3be8
        0x5584346e3be8
        0x5584346e3be8
        0x5584346e3be8
        0x5584346e3be8
        0x5584346e3be8
        0x5584346e3be8
        0x5584346e3be8
        0x5584346e3be8
        0x5584346e3be8
        0x5584346e3be8
        0x5584346e3be8
        0x5584346e3be8
        0x5584346e3be8
        0x5584346e3be8
        0x5584346e3be8
        0x5584346e3be8
        0x5584346e3be8
        0x5584346e3be8
        0x5584346e3be8
        0x5584346e3be8
        0x5584346e3be8
        0x5584346e3be8
        0x5584346e3be8
        0x5584346e3be8
        0x5584346e3be8
        0x5584346e3be8
        0x5584346e3be8
        0x5584346e3be8
        0x5584346e3be8
        0x5584346e3be8
        0x5584346e3be8
        0x5584346e3be8
        0x5584346e3be8
        0x5584346e3be8
        0x5584346e3be8
        0x5584346e3be8
        0x5584346e3be8
        0x5584346e3be8
        0x5584346e3be8
        0x5584346e3be8
        0x5584346e3be8
        0x5584346e3be8
        0x5584346e3be8
        0x5584346e3be8
        0x5584346e3be8
        0x5584346e3be8
        0x5584346e3be8
        0x5584346e3be8
        0x5584346e3be8
        0x5584346e3be8
        0x5584346e3be8
        0x5584346e3be8
        0x5584346e3be8
        0x5584346e3be8
        0x5584346e3be8
        0x5584346e3be8
        0x5584346e3be8
        0x5584346e3be8
        0x5584346e3be8
        0x5584346e3be8
        0x5584346e3be8
        0x5584346e3be8
        0x5584346e3be8
        0x5584346e3be8
        0x5584346e3be8
        0x5584346e3be8
        0x5584346e3be8
        0x5584346e3be8
        0x5584346e3be8
        0x5584346e3be8
        0x5584346e3be8
        0x5584346e3be8
        0x5584346e3be8
        0x5584346e3be8
        0x5584346e3be8
        0x5584346e3be8
        0x5584346e3be8
        0x5584346e3be8
        0x5584346e3be8
        0x5584346e3be8
        0x5584346e3be8
        0x5584346e3be8
        0x5584346e3be8
        0x5584346e3be8
        0x5584346e3be8
        0x5584346e3be8
        0x5584346e3be8
        0x5584346e3be8
        0x5584346e3be8
        0x5584346e3be8
        0x5584346e3be8
        0x5584346e3be8
        0x5584346e3be8
        0x5584346e3be8
        0x5584346e3be8
        0x5584346e3be8
        0x5584346e3be8
        0x5584346e3be8
        0x5584346e3be8
        0x5584346e3be8
        0x5584346e3be8
        0x5584346e3be8
        0x5584346e3be8
        0x5584346e3be8
        0x5584346e3be8
        0x5584346e3be8
        0x5584346e3be8
        0x5584346e3be8
        0x5584346e3be8
        0x5584346e3be8
        0x5584346e3be8
        0x5584346e3be8
        0x5584346e3be8
]: 1
@preempt_stack[
        0x7f953dcd309e
        0xae70ac40ac1
]: 1
@preempt_stack[
        0x7f953e571ffe
]: 1
@preempt_stack[
        0x7f953db0779b
]: 1
@preempt_stack[
        0x7f953dcc6057
        0x7f9502d1ffc0
]: 1
@preempt_stack[
        0x7f953dcc6bcc
        0x7f95000000ee
        0
]: 1
@preempt_stack[
        0x4043fbf9
        0
        0
        0x5584331f16f0
        0x5584331f16f0
        0x5584331f16f0
        0x5584331f16f0
        0x5584331f16f0
        0x5584331f16f0
        0x5584331f16f0
        0x5584331f16f0
        0x5584331f16f0
        0x5584331f16f0
        0x5584331f16f0
        0x5584331f16f0
        0x5584331f16f0
        0x5584331f16f0
        0x5584331f16f0
        0x5584331f16f0
        0x5584331f16f0
        0x5584331f16f0
        0x5584331f16f0
        0x5584331f16f0
        0x5584331f16f0
        0x5584331f16f0
        0x5584331f16f0
        0x5584331f16f0
        0x5584331f16f0
        0x5584331f16f0
        0x5584331f16f0
        0x5584331f16f0
        0x5584331f16f0
        0x5584331f16f0
        0x5584331f16f0
        0x5584331f16f0
        0x5584331f16f0
        0x5584331f16f0
        0x5584331f16f0
        0x5584331f16f0
        0x5584331f16f0
        0x5584331f16f0
        0x5584331f16f0
        0x5584331f16f0
        0x5584331f16f0
        0x5584331f16f0
        0x5584331f16f0
        0x5584331f16f0
        0x5584331f16f0
        0x5584331f16f0
        0x5584331f16f0
        0x5584331f16f0
        0x5584331f16f0
        0x5584331f16f0
        0x5584331f16f0
        0x5584331f16f0
        0x5584331f16f0
        0x5584331f16f0
        0x5584331f16f0
        0x5584331f16f0
        0x5584331f16f0
        0x5584331f16f0
        0x5584331f16f0
        0x5584331f16f0
        0x5584331f16f0
        0x5584331f16f0
        0x5584331f16f0
        0x5584331f16f0
        0x5584331f16f0
        0x5584331f16f0
        0x5584331f16f0
        0x5584331f16f0
        0x5584331f16f0
        0x5584331f16f0
        0x5584331f16f0
        0x5584331f16f0
        0x5584331f16f0
        0x5584331f16f0
        0x5584331f16f0
        0x5584331f16f0
        0x5584331f16f0
        0x5584331f16f0
        0x5584331f16f0
        0x5584331f16f0
        0x5584331f16f0
        0x5584331f16f0
        0x5584331f16f0
        0x5584331f16f0
        0x5584331f16f0
        0x5584331f16f0
        0x5584331f16f0
        0x5584331f16f0
        0x5584331f16f0
        0x5584331f16f0
        0x5584331f16f0
        0x5584331f16f0
        0x5584331f16f0
        0x5584331f16f0
        0x5584331f16f0
        0x5584331f16f0
        0x5584331f16f0
        0x5584331f16f0
        0x5584331f16f0
        0x5584331f16f0
        0x5584331f16f0
        0x5584331f16f0
        0x5584331f16f0
        0x5584331f16f0
        0x5584331f16f0
        0x5584331f16f0
        0x5584331f16f0
        0x5584331f16f0
        0x5584331f16f0
        0x5584331f16f0
        0x5584331f16f0
        0x5584331f16f0
        0x5584331f16f0
        0x5584331f16f0
        0x5584331f16f0
        0x5584331f16f0
        0x5584331f16f0
        0x5584331f16f0
        0x5584331f16f0
        0x5584331f16f0
        0x5584331f16f0
        0x5584331f16f0
        0x5584331f16f0
        0x5584331f16f0
]: 1
@preempt_stack[
        0x7f953e690a1e
        0x7f950141a9b0
        0x7f953e690660
]: 1
@preempt_stack[
        0x7f953d9077a1
        0x7f9500732ac0
]: 1
@preempt_stack[
        0x40caf1e0
]: 1
@preempt_stack[
        GC_dirty_inner+41
        0x40c0561c
        0x7f949c846428
        0x7f949c9e578f
        0x558431b82490
]: 1
@preempt_stack[
        0x40ca4a90
        0x40b43cf8
        0x40a8b118
        0x40407e56
        0x40403d24
        0x7f949c846428
        0x7f949c9e578f
        0x558431b82490
]: 1
@preempt_stack[
        0x7f949ca3c52e
]: 1
@preempt_stack[
        0x40ddf353
        0x40de40f0
        0x40b4cd24
        0x40b4c87c
        0x40b4c753
        0x7f93fc093a6b
        0x7f94788cb95b
        0x7f93fc07fabb
        0x401c67a6
        0x7f949c846428
        0x7f949c9e578f
        0x558431b82490
]: 1
@preempt_stack[
        0x7f953e5b64ff
]: 1
@preempt_stack[
        0x40caeed5
        0x40eac640
        0x40ea95d9
        0x40ca69ba
        0x40407e56
        0x40403d24
        0x7f949c846428
        0x7f949c9e578f
        0x558431b82490
]: 1
@preempt_stack[
        0x402f2252
        0x40c0d864
        0x4077cadf
        0x7f949c846428
        0x7f949c9e578f
        0x558431b82490
]: 1
@preempt_stack[
        0x7f953dd51200
]: 1
@preempt_stack[
        0x40de39d3
        0x40b4cd24
        0x40b4c87c
        0x40b4c753
        0x7f93fc093a6b
        0x7f94788cb95b
        0x7f93fc07fabb
        0x401c67a6
        0x7f949c846428
        0x7f949c9e578f
        0x558431b82490
]: 1
@preempt_stack[
        0x40bb3170
        0
        0x2000000000000001
        0x558432740e50
        0x558432740e50
        0x558432740e50
        0x558432740e50
        0x558432740e50
        0x558432740e50
        0x558432740e50
        0x558432740e50
        0x558432740e50
        0x558432740e50
        0x558432740e50
        0x558432740e50
        0x558432740e50
        0x558432740e50
        0x558432740e50
        0x558432740e50
        0x558432740e50
        0x558432740e50
        0x558432740e50
        0x558432740e50
        0x558432740e50
        0x558432740e50
        0x558432740e50
        0x558432740e50
        0x558432740e50
        0x558432740e50
        0x558432740e50
        0x558432740e50
        0x558432740e50
        0x558432740e50
        0x558432740e50
        0x558432740e50
        0x558432740e50
        0x558432740e50
        0x558432740e50
        0x558432740e50
        0x558432740e50
        0x558432740e50
        0x558432740e50
        0x558432740e50
        0x558432740e50
        0x558432740e50
        0x558432740e50
        0x558432740e50
        0x558432740e50
        0x558432740e50
        0x558432740e50
        0x558432740e50
        0x558432740e50
        0x558432740e50
        0x558432740e50
        0x558432740e50
        0x558432740e50
        0x558432740e50
        0x558432740e50
        0x558432740e50
        0x558432740e50
        0x558432740e50
        0x558432740e50
        0x558432740e50
        0x558432740e50
        0x558432740e50
        0x558432740e50
        0x558432740e50
        0x558432740e50
        0x558432740e50
        0x558432740e50
        0x558432740e50
        0x558432740e50
        0x558432740e50
        0x558432740e50
        0x558432740e50
        0x558432740e50
        0x558432740e50
        0x558432740e50
        0x558432740e50
        0x558432740e50
        0x558432740e50
        0x558432740e50
        0x558432740e50
        0x558432740e50
        0x558432740e50
        0x558432740e50
        0x558432740e50
        0x558432740e50
        0x558432740e50
        0x558432740e50
        0x558432740e50
        0x558432740e50
        0x558432740e50
        0x558432740e50
        0x558432740e50
        0x558432740e50
        0x558432740e50
        0x558432740e50
        0x558432740e50
        0x558432740e50
        0x558432740e50
        0x558432740e50
        0x558432740e50
        0x558432740e50
        0x558432740e50
        0x558432740e50
        0x558432740e50
        0x558432740e50
        0x558432740e50
        0x558432740e50
        0x558432740e50
        0x558432740e50
        0x558432740e50
        0x558432740e50
        0x558432740e50
        0x558432740e50
        0x558432740e50
        0x558432740e50
        0x558432740e50
        0x558432740e50
        0x558432740e50
        0x558432740e50
        0x558432740e50
        0x558432740e50
        0x558432740e50
        0x558432740e50
        0x558432740e50
]: 1
@preempt_stack[
        0x40d05136
        0x40d0350d
        0x40a8b124
        0x40407e56
        0x40403d24
        0x7f949c846428
        0x7f949c9e578f
        0x558431b82490
]: 1
@preempt_stack[
        0x7f949c9ce4d8
        0x558432d43350
        0x558432d43350
        0x558432d43350
        0x558432d43350
        0x558432d43350
        0x558432d43350
        0x558432d43350
        0x558432d43350
        0x558432d43350
        0x558432d43350
        0x558432d43350
        0x558432d43350
        0x558432d43350
        0x558432d43350
        0x558432d43350
        0x558432d43350
        0x558432d43350
        0x558432d43350
        0x558432d43350
        0x558432d43350
        0x558432d43350
        0x558432d43350
        0x558432d43350
        0x558432d43350
        0x558432d43350
        0x558432d43350
        0x558432d43350
        0x558432d43350
        0x558432d43350
        0x558432d43350
        0x558432d43350
        0x558432d43350
        0x558432d43350
        0x558432d43350
        0x558432d43350
        0x558432d43350
        0x558432d43350
        0x558432d43350
        0x558432d43350
        0x558432d43350
        0x558432d43350
        0x558432d43350
        0x558432d43350
        0x558432d43350
        0x558432d43350
        0x558432d43350
        0x558432d43350
        0x558432d43350
        0x558432d43350
        0x558432d43350
        0x558432d43350
        0x558432d43350
        0x558432d43350
        0x558432d43350
        0x558432d43350
        0x558432d43350
        0x558432d43350
        0x558432d43350
        0x558432d43350
        0x558432d43350
        0x558432d43350
        0x558432d43350
        0x558432d43350
        0x558432d43350
        0x558432d43350
        0x558432d43350
        0x558432d43350
        0x558432d43350
        0x558432d43350
        0x558432d43350
        0x558432d43350
        0x558432d43350
        0x558432d43350
        0x558432d43350
        0x558432d43350
        0x558432d43350
        0x558432d43350
        0x558432d43350
        0x558432d43350
        0x558432d43350
        0x558432d43350
        0x558432d43350
        0x558432d43350
        0x558432d43350
        0x558432d43350
        0x558432d43350
        0x558432d43350
        0x558432d43350
        0x558432d43350
        0x558432d43350
        0x558432d43350
        0x558432d43350
        0x558432d43350
        0x558432d43350
        0x558432d43350
        0x558432d43350
        0x558432d43350
        0x558432d43350
        0x558432d43350
        0x558432d43350
        0x558432d43350
        0x558432d43350
        0x558432d43350
        0x558432d43350
        0x558432d43350
        0x558432d43350
        0x558432d43350
        0x558432d43350
        0x558432d43350
        0x558432d43350
        0x558432d43350
        0x558432d43350
        0x558432d43350
        0x558432d43350
        0x558432d43350
        0x558432d43350
        0x558432d43350
        0x558432d43350
        0x558432d43350
        0x558432d43350
        0x558432d43350
        0x558432d43350
        0x558432d43350
        0x558432d43350
        0x558432d43350
        0x558432d43350
]: 1
@preempt_stack[
        0x40bb24c3
        0
        0x2000000000000001
        0x558432740e50
        0x558432740e50
        0x558432740e50
        0x558432740e50
        0x558432740e50
        0x558432740e50
        0x558432740e50
        0x558432740e50
        0x558432740e50
        0x558432740e50
        0x558432740e50
        0x558432740e50
        0x558432740e50
        0x558432740e50
        0x558432740e50
        0x558432740e50
        0x558432740e50
        0x558432740e50
        0x558432740e50
        0x558432740e50
        0x558432740e50
        0x558432740e50
        0x558432740e50
        0x558432740e50
        0x558432740e50
        0x558432740e50
        0x558432740e50
        0x558432740e50
        0x558432740e50
        0x558432740e50
        0x558432740e50
        0x558432740e50
        0x558432740e50
        0x558432740e50
        0x558432740e50
        0x558432740e50
        0x558432740e50
        0x558432740e50
        0x558432740e50
        0x558432740e50
        0x558432740e50
        0x558432740e50
        0x558432740e50
        0x558432740e50
        0x558432740e50
        0x558432740e50
        0x558432740e50
        0x558432740e50
        0x558432740e50
        0x558432740e50
        0x558432740e50
        0x558432740e50
        0x558432740e50
        0x558432740e50
        0x558432740e50
        0x558432740e50
        0x558432740e50
        0x558432740e50
        0x558432740e50
        0x558432740e50
        0x558432740e50
        0x558432740e50
        0x558432740e50
        0x558432740e50
        0x558432740e50
        0x558432740e50
        0x558432740e50
        0x558432740e50
        0x558432740e50
        0x558432740e50
        0x558432740e50
        0x558432740e50
        0x558432740e50
        0x558432740e50
        0x558432740e50
        0x558432740e50
        0x558432740e50
        0x558432740e50
        0x558432740e50
        0x558432740e50
        0x558432740e50
        0x558432740e50
        0x558432740e50
        0x558432740e50
        0x558432740e50
        0x558432740e50
        0x558432740e50
        0x558432740e50
        0x558432740e50
        0x558432740e50
        0x558432740e50
        0x558432740e50
        0x558432740e50
        0x558432740e50
        0x558432740e50
        0x558432740e50
        0x558432740e50
        0x558432740e50
        0x558432740e50
        0x558432740e50
        0x558432740e50
        0x558432740e50
        0x558432740e50
        0x558432740e50
        0x558432740e50
        0x558432740e50
        0x558432740e50
        0x558432740e50
        0x558432740e50
        0x558432740e50
        0x558432740e50
        0x558432740e50
        0x558432740e50
        0x558432740e50
        0x558432740e50
        0x558432740e50
        0x558432740e50
        0x558432740e50
        0x558432740e50
        0x558432740e50
        0x558432740e50
        0x558432740e50
        0x558432740e50
        0x558432740e50
]: 1
@preempt_stack[
        mono_class_from_mono_type_internal+13
        0x110000
        0x558432276698
        0x558432276698
        0x558432276698
        0x558432276698
        0x558432276698
        0x558432276698
        0x558432276698
        0x558432276698
        0x558432276698
        0x558432276698
        0x558432276698
        0x558432276698
        0x558432276698
        0x558432276698
        0x558432276698
        0x558432276698
        0x558432276698
        0x558432276698
        0x558432276698
        0x558432276698
        0x558432276698
        0x558432276698
        0x558432276698
        0x558432276698
        0x558432276698
        0x558432276698
        0x558432276698
        0x558432276698
        0x558432276698
        0x558432276698
        0x558432276698
        0x558432276698
        0x558432276698
        0x558432276698
        0x558432276698
        0x558432276698
        0x558432276698
        0x558432276698
        0x558432276698
        0x558432276698
        0x558432276698
        0x558432276698
        0x558432276698
        0x558432276698
        0x558432276698
        0x558432276698
        0x558432276698
        0x558432276698
        0x558432276698
        0x558432276698
        0x558432276698
        0x558432276698
        0x558432276698
        0x558432276698
        0x558432276698
        0x558432276698
        0x558432276698
        0x558432276698
        0x558432276698
        0x558432276698
        0x558432276698
        0x558432276698
        0x558432276698
        0x558432276698
        0x558432276698
        0x558432276698
        0x558432276698
        0x558432276698
        0x558432276698
        0x558432276698
        0x558432276698
        0x558432276698
        0x558432276698
        0x558432276698
        0x558432276698
        0x558432276698
        0x558432276698
        0x558432276698
        0x558432276698
        0x558432276698
        0x558432276698
        0x558432276698
        0x558432276698
        0x558432276698
        0x558432276698
        0x558432276698
        0x558432276698
        0x558432276698
        0x558432276698
        0x558432276698
        0x558432276698
        0x558432276698
        0x558432276698
        0x558432276698
        0x558432276698
        0x558432276698
        0x558432276698
        0x558432276698
        0x558432276698
        0x558432276698
        0x558432276698
        0x558432276698
        0x558432276698
        0x558432276698
        0x558432276698
        0x558432276698
        0x558432276698
        0x558432276698
        0x558432276698
        0x558432276698
        0x558432276698
        0x558432276698
        0x558432276698
        0x558432276698
        0x558432276698
        0x558432276698
        0x558432276698
        0x558432276698
        0x558432276698
        0x558432276698
        0x558432276698
        0x558432276698
        0x558432276698
        0x558432276698
        0x558432276698
]: 1
@preempt_stack[
        0x7f949c9cb76a
        0x130000
        0x1
        0
        0x55843367e9a0
]: 1
@preempt_stack[
        __pthread_mutex_lock+7
]: 1
@preempt_stack[
        0x40196683
        0x401c67a6
        0x7f949c846428
        0x7f949c9e578f
        0x558431b82490
]: 1
@preempt_stack[
        0x7f949c9fd638
        0
        0x83800000000001
        0x558431b49658
        0x558431b49658
        0x558431b49658
        0x558431b49658
        0x558431b49658
        0x558431b49658
        0x558431b49658
        0x558431b49658
        0x558431b49658
        0x558431b49658
        0x558431b49658
        0x558431b49658
        0x558431b49658
        0x558431b49658
        0x558431b49658
        0x558431b49658
        0x558431b49658
        0x558431b49658
        0x558431b49658
        0x558431b49658
        0x558431b49658
        0x558431b49658
        0x558431b49658
        0x558431b49658
        0x558431b49658
        0x558431b49658
        0x558431b49658
        0x558431b49658
        0x558431b49658
        0x558431b49658
        0x558431b49658
        0x558431b49658
        0x558431b49658
        0x558431b49658
        0x558431b49658
        0x558431b49658
        0x558431b49658
        0x558431b49658
        0x558431b49658
        0x558431b49658
        0x558431b49658
        0x558431b49658
        0x558431b49658
        0x558431b49658
        0x558431b49658
        0x558431b49658
        0x558431b49658
        0x558431b49658
        0x558431b49658
        0x558431b49658
        0x558431b49658
        0x558431b49658
        0x558431b49658
        0x558431b49658
        0x558431b49658
        0x558431b49658
        0x558431b49658
        0x558431b49658
        0x558431b49658
        0x558431b49658
        0x558431b49658
        0x558431b49658
        0x558431b49658
        0x558431b49658
        0x558431b49658
        0x558431b49658
        0x558431b49658
        0x558431b49658
        0x558431b49658
        0x558431b49658
        0x558431b49658
        0x558431b49658
        0x558431b49658
        0x558431b49658
        0x558431b49658
        0x558431b49658
        0x558431b49658
        0x558431b49658
        0x558431b49658
        0x558431b49658
        0x558431b49658
        0x558431b49658
        0x558431b49658
        0x558431b49658
        0x558431b49658
        0x558431b49658
        0x558431b49658
        0x558431b49658
        0x558431b49658
        0x558431b49658
        0x558431b49658
        0x558431b49658
        0x558431b49658
        0x558431b49658
        0x558431b49658
        0x558431b49658
        0x558431b49658
        0x558431b49658
        0x558431b49658
        0x558431b49658
        0x558431b49658
        0x558431b49658
        0x558431b49658
        0x558431b49658
        0x558431b49658
        0x558431b49658
        0x558431b49658
        0x558431b49658
        0x558431b49658
        0x558431b49658
        0x558431b49658
        0x558431b49658
        0x558431b49658
        0x558431b49658
        0x558431b49658
        0x558431b49658
        0x558431b49658
        0x558431b49658
        0x558431b49658
        0x558431b49658
        0x558431b49658
        0x558431b49658
        0x558431b49658
        0x558431b49658
]: 1
@preempt_stack[
        0x7f949c9dcfa3
        0x110000
        0x558432f65f98
        0x558432f65f98
        0x558432f65f98
        0x558432f65f98
        0x558432f65f98
        0x558432f65f98
        0x558432f65f98
        0x558432f65f98
        0x558432f65f98
        0x558432f65f98
        0x558432f65f98
        0x558432f65f98
        0x558432f65f98
        0x558432f65f98
        0x558432f65f98
        0x558432f65f98
        0x558432f65f98
        0x558432f65f98
        0x558432f65f98
        0x558432f65f98
        0x558432f65f98
        0x558432f65f98
        0x558432f65f98
        0x558432f65f98
        0x558432f65f98
        0x558432f65f98
        0x558432f65f98
        0x558432f65f98
        0x558432f65f98
        0x558432f65f98
        0x558432f65f98
        0x558432f65f98
        0x558432f65f98
        0x558432f65f98
        0x558432f65f98
        0x558432f65f98
        0x558432f65f98
        0x558432f65f98
        0x558432f65f98
        0x558432f65f98
        0x558432f65f98
        0x558432f65f98
        0x558432f65f98
        0x558432f65f98
        0x558432f65f98
        0x558432f65f98
        0x558432f65f98
        0x558432f65f98
        0x558432f65f98
        0x558432f65f98
        0x558432f65f98
        0x558432f65f98
        0x558432f65f98
        0x558432f65f98
        0x558432f65f98
        0x558432f65f98
        0x558432f65f98
        0x558432f65f98
        0x558432f65f98
        0x558432f65f98
        0x558432f65f98
        0x558432f65f98
        0x558432f65f98
        0x558432f65f98
        0x558432f65f98
        0x558432f65f98
        0x558432f65f98
        0x558432f65f98
        0x558432f65f98
        0x558432f65f98
        0x558432f65f98
        0x558432f65f98
        0x558432f65f98
        0x558432f65f98
        0x558432f65f98
        0x558432f65f98
        0x558432f65f98
        0x558432f65f98
        0x558432f65f98
        0x558432f65f98
        0x558432f65f98
        0x558432f65f98
        0x558432f65f98
        0x558432f65f98
        0x558432f65f98
        0x558432f65f98
        0x558432f65f98
        0x558432f65f98
        0x558432f65f98
        0x558432f65f98
        0x558432f65f98
        0x558432f65f98
        0x558432f65f98
        0x558432f65f98
        0x558432f65f98
        0x558432f65f98
        0x558432f65f98
        0x558432f65f98
        0x558432f65f98
        0x558432f65f98
        0x558432f65f98
        0x558432f65f98
        0x558432f65f98
        0x558432f65f98
        0x558432f65f98
        0x558432f65f98
        0x558432f65f98
        0x558432f65f98
        0x558432f65f98
        0x558432f65f98
        0x558432f65f98
        0x558432f65f98
        0x558432f65f98
        0x558432f65f98
        0x558432f65f98
        0x558432f65f98
        0x558432f65f98
        0x558432f65f98
        0x558432f65f98
        0x558432f65f98
        0x558432f65f98
        0x558432f65f98
        0x558432f65f98
        0x558432f65f98
        0x558432f65f98
]: 1
@preempt_stack[
        0x40eae79b
        0x40eae6a8
        0x40eac640
        0x40ea95d9
        0x40ca69ba
        0x40407e56
        0x40403d24
        0x7f949c846428
        0x7f949c9e578f
        0x558431b82490
]: 1
@preempt_stack[
        pthread_mutex_trylock+909
        0x110000
        0x558432c27758
        0x558432c27758
        0x558432c27758
        0x558432c27758
        0x558432c27758
        0x558432c27758
        0x558432c27758
        0x558432c27758
        0x558432c27758
        0x558432c27758
        0x558432c27758
        0x558432c27758
        0x558432c27758
        0x558432c27758
        0x558432c27758
        0x558432c27758
        0x558432c27758
        0x558432c27758
        0x558432c27758
        0x558432c27758
        0x558432c27758
        0x558432c27758
        0x558432c27758
        0x558432c27758
        0x558432c27758
        0x558432c27758
        0x558432c27758
        0x558432c27758
        0x558432c27758
        0x558432c27758
        0x558432c27758
        0x558432c27758
        0x558432c27758
        0x558432c27758
        0x558432c27758
        0x558432c27758
        0x558432c27758
        0x558432c27758
        0x558432c27758
        0x558432c27758
        0x558432c27758
        0x558432c27758
        0x558432c27758
        0x558432c27758
        0x558432c27758
        0x558432c27758
        0x558432c27758
        0x558432c27758
        0x558432c27758
        0x558432c27758
        0x558432c27758
        0x558432c27758
        0x558432c27758
        0x558432c27758
        0x558432c27758
        0x558432c27758
        0x558432c27758
        0x558432c27758
        0x558432c27758
        0x558432c27758
        0x558432c27758
        0x558432c27758
        0x558432c27758
        0x558432c27758
        0x558432c27758
        0x558432c27758
        0x558432c27758
        0x558432c27758
        0x558432c27758
        0x558432c27758
        0x558432c27758
        0x558432c27758
        0x558432c27758
        0x558432c27758
        0x558432c27758
        0x558432c27758
        0x558432c27758
        0x558432c27758
        0x558432c27758
        0x558432c27758
        0x558432c27758
        0x558432c27758
        0x558432c27758
        0x558432c27758
        0x558432c27758
        0x558432c27758
        0x558432c27758
        0x558432c27758
        0x558432c27758
        0x558432c27758
        0x558432c27758
        0x558432c27758
        0x558432c27758
        0x558432c27758
        0x558432c27758
        0x558432c27758
        0x558432c27758
        0x558432c27758
        0x558432c27758
        0x558432c27758
        0x558432c27758
        0x558432c27758
        0x558432c27758
        0x558432c27758
        0x558432c27758
        0x558432c27758
        0x558432c27758
        0x558432c27758
        0x558432c27758
        0x558432c27758
        0x558432c27758
        0x558432c27758
        0x558432c27758
        0x558432c27758
        0x558432c27758
        0x558432c27758
        0x558432c27758
        0x558432c27758
        0x558432c27758
        0x558432c27758
        0x558432c27758
        0x558432c27758
        0x558432c27758
        0x558432c27758
        0x558432c27758
]: 1
@preempt_stack[
        0x7f953e6bc04c
]: 1
@preempt_stack[
        0x40c0d092
        0x40c0d864
        0x4077cadf
        0x7f949c846428
        0x7f949c9e578f
        0x558431b82490
]: 1
@preempt_stack[
        mono_g_hash_table_lookup_extended+66
        0x110000
        0x5584330c8cf8
        0x5584330c8cf8
        0x5584330c8cf8
        0x5584330c8cf8
        0x5584330c8cf8
        0x5584330c8cf8
        0x5584330c8cf8
        0x5584330c8cf8
        0x5584330c8cf8
        0x5584330c8cf8
        0x5584330c8cf8
        0x5584330c8cf8
        0x5584330c8cf8
        0x5584330c8cf8
        0x5584330c8cf8
        0x5584330c8cf8
        0x5584330c8cf8
        0x5584330c8cf8
        0x5584330c8cf8
        0x5584330c8cf8
        0x5584330c8cf8
        0x5584330c8cf8
        0x5584330c8cf8
        0x5584330c8cf8
        0x5584330c8cf8
        0x5584330c8cf8
        0x5584330c8cf8
        0x5584330c8cf8
        0x5584330c8cf8
        0x5584330c8cf8
        0x5584330c8cf8
        0x5584330c8cf8
        0x5584330c8cf8
        0x5584330c8cf8
        0x5584330c8cf8
        0x5584330c8cf8
        0x5584330c8cf8
        0x5584330c8cf8
        0x5584330c8cf8
        0x5584330c8cf8
        0x5584330c8cf8
        0x5584330c8cf8
        0x5584330c8cf8
        0x5584330c8cf8
        0x5584330c8cf8
        0x5584330c8cf8
        0x5584330c8cf8
        0x5584330c8cf8
        0x5584330c8cf8
        0x5584330c8cf8
        0x5584330c8cf8
        0x5584330c8cf8
        0x5584330c8cf8
        0x5584330c8cf8
        0x5584330c8cf8
        0x5584330c8cf8
        0x5584330c8cf8
        0x5584330c8cf8
        0x5584330c8cf8
        0x5584330c8cf8
        0x5584330c8cf8
        0x5584330c8cf8
        0x5584330c8cf8
        0x5584330c8cf8
        0x5584330c8cf8
        0x5584330c8cf8
        0x5584330c8cf8
        0x5584330c8cf8
        0x5584330c8cf8
        0x5584330c8cf8
        0x5584330c8cf8
        0x5584330c8cf8
        0x5584330c8cf8
        0x5584330c8cf8
        0x5584330c8cf8
        0x5584330c8cf8
        0x5584330c8cf8
        0x5584330c8cf8
        0x5584330c8cf8
        0x5584330c8cf8
        0x5584330c8cf8
        0x5584330c8cf8
        0x5584330c8cf8
        0x5584330c8cf8
        0x5584330c8cf8
        0x5584330c8cf8
        0x5584330c8cf8
        0x5584330c8cf8
        0x5584330c8cf8
        0x5584330c8cf8
        0x5584330c8cf8
        0x5584330c8cf8
        0x5584330c8cf8
        0x5584330c8cf8
        0x5584330c8cf8
        0x5584330c8cf8
        0x5584330c8cf8
        0x5584330c8cf8
        0x5584330c8cf8
        0x5584330c8cf8
        0x5584330c8cf8
        0x5584330c8cf8
        0x5584330c8cf8
        0x5584330c8cf8
        0x5584330c8cf8
        0x5584330c8cf8
        0x5584330c8cf8
        0x5584330c8cf8
        0x5584330c8cf8
        0x5584330c8cf8
        0x5584330c8cf8
        0x5584330c8cf8
        0x5584330c8cf8
        0x5584330c8cf8
        0x5584330c8cf8
        0x5584330c8cf8
        0x5584330c8cf8
        0x5584330c8cf8
        0x5584330c8cf8
        0x5584330c8cf8
        0x5584330c8cf8
        0x5584330c8cf8
        0x5584330c8cf8
        0x5584330c8cf8
        0x5584330c8cf8
]: 1
@preempt_stack[
        __pthread_mutex_unlock+71
]: 1
@preempt_stack[
        0x7f953dcc6bc0
        0x7f95000003d0
        0x3f80000000000000
]: 1
@preempt_stack[
        0x7f953d905b30
]: 1
@preempt_stack[
        0x40cae870
        0x40cac9c0
        0x40cabc4c
        0x40cab139
        0x40ca6ac7
        0x40407e56
        0x40403d24
        0x7f949c846428
        0x7f949c9e578f
        0x558431b82490
]: 1
@preempt_stack[
        0x40c0cf60
        0x40c0d864
        0x4077cadf
        0x7f949c846428
        0x7f949c9e578f
        0x558431b82490
]: 1
@preempt_stack[
        0x7f949c9cb5a9
        0x130000
        0
        0
        0x55843208e580
]: 1
@preempt_stack[
        0x7f953d9073e0
        0x3531207265
]: 1
@preempt_stack[
        0x7f949c9ace9b
        0
]: 1
@preempt_stack[
        0x7f953e329536
        0x7f9502a6b630
]: 1
@preempt_stack[
        0x7f949c9b6324
]: 1
@preempt_stack[
        0x7f949c9cb8eb
        0x120000
        0x5584334e3dc8
        0x5584334e3dc8
        0x5584334e3dc8
        0x5584334e3dc8
        0x5584334e3dc8
        0x5584334e3dc8
        0x5584334e3dc8
        0x5584334e3dc8
        0x5584334e3dc8
        0x5584334e3dc8
        0x5584334e3dc8
        0x5584334e3dc8
        0x5584334e3dc8
        0x5584334e3dc8
        0x5584334e3dc8
        0x5584334e3dc8
        0x5584334e3dc8
        0x5584334e3dc8
        0x5584334e3dc8
        0x5584334e3dc8
        0x5584334e3dc8
        0x5584334e3dc8
        0x5584334e3dc8
        0x5584334e3dc8
        0x5584334e3dc8
        0x5584334e3dc8
        0x5584334e3dc8
        0x5584334e3dc8
        0x5584334e3dc8
        0x5584334e3dc8
        0x5584334e3dc8
        0x5584334e3dc8
        0x5584334e3dc8
        0x5584334e3dc8
        0x5584334e3dc8
        0x5584334e3dc8
        0x5584334e3dc8
        0x5584334e3dc8
        0x5584334e3dc8
        0x5584334e3dc8
        0x5584334e3dc8
        0x5584334e3dc8
        0x5584334e3dc8
        0x5584334e3dc8
        0x5584334e3dc8
        0x5584334e3dc8
        0x5584334e3dc8
        0x5584334e3dc8
        0x5584334e3dc8
        0x5584334e3dc8
        0x5584334e3dc8
        0x5584334e3dc8
        0x5584334e3dc8
        0x5584334e3dc8
        0x5584334e3dc8
        0x5584334e3dc8
        0x5584334e3dc8
        0x5584334e3dc8
        0x5584334e3dc8
        0x5584334e3dc8
        0x5584334e3dc8
        0x5584334e3dc8
        0x5584334e3dc8
        0x5584334e3dc8
        0x5584334e3dc8
        0x5584334e3dc8
        0x5584334e3dc8
        0x5584334e3dc8
        0x5584334e3dc8
        0x5584334e3dc8
        0x5584334e3dc8
        0x5584334e3dc8
        0x5584334e3dc8
        0x5584334e3dc8
        0x5584334e3dc8
        0x5584334e3dc8
        0x5584334e3dc8
        0x5584334e3dc8
        0x5584334e3dc8
        0x5584334e3dc8
        0x5584334e3dc8
        0x5584334e3dc8
        0x5584334e3dc8
        0x5584334e3dc8
        0x5584334e3dc8
        0x5584334e3dc8
        0x5584334e3dc8
        0x5584334e3dc8
        0x5584334e3dc8
        0x5584334e3dc8
        0x5584334e3dc8
        0x5584334e3dc8
        0x5584334e3dc8
        0x5584334e3dc8
        0x5584334e3dc8
        0x5584334e3dc8
        0x5584334e3dc8
        0x5584334e3dc8
        0x5584334e3dc8
        0x5584334e3dc8
        0x5584334e3dc8
        0x5584334e3dc8
        0x5584334e3dc8
        0x5584334e3dc8
        0x5584334e3dc8
        0x5584334e3dc8
        0x5584334e3dc8
        0x5584334e3dc8
        0x5584334e3dc8
        0x5584334e3dc8
        0x5584334e3dc8
        0x5584334e3dc8
        0x5584334e3dc8
        0x5584334e3dc8
        0x5584334e3dc8
        0x5584334e3dc8
        0x5584334e3dc8
        0x5584334e3dc8
        0x5584334e3dc8
        0x5584334e3dc8
        0x5584334e3dc8
        0x5584334e3dc8
        0x5584334e3dc8
        0x5584334e3dc8
        0x5584334e3dc8
]: 1
@preempt_stack[
        0x40caf0cd
        0x40cabc4c
        0x40cab139
        0x40ca6ac7
        0x40407e56
        0x40403d24
        0x7f949c846428
        0x7f949c9e578f
        0x558431b82490
]: 1
@preempt_stack[
        0x7f953d9073e6
]: 1
@preempt_stack[
        mono_class_from_mono_type_internal+13
        0x120000
        0x5584351fff98
        0x5584351fff98
        0x5584351fff98
        0x5584351fff98
        0x5584351fff98
        0x5584351fff98
        0x5584351fff98
        0x5584351fff98
        0x5584351fff98
        0x5584351fff98
        0x5584351fff98
        0x5584351fff98
        0x5584351fff98
        0x5584351fff98
        0x5584351fff98
        0x5584351fff98
        0x5584351fff98
        0x5584351fff98
        0x5584351fff98
        0x5584351fff98
        0x5584351fff98
        0x5584351fff98
        0x5584351fff98
        0x5584351fff98
        0x5584351fff98
        0x5584351fff98
        0x5584351fff98
        0x5584351fff98
        0x5584351fff98
        0x5584351fff98
        0x5584351fff98
        0x5584351fff98
        0x5584351fff98
        0x5584351fff98
        0x5584351fff98
        0x5584351fff98
        0x5584351fff98
        0x5584351fff98
        0x5584351fff98
        0x5584351fff98
        0x5584351fff98
        0x5584351fff98
        0x5584351fff98
        0x5584351fff98
        0x5584351fff98
        0x5584351fff98
        0x5584351fff98
        0x5584351fff98
        0x5584351fff98
        0x5584351fff98
        0x5584351fff98
        0x5584351fff98
        0x5584351fff98
        0x5584351fff98
        0x5584351fff98
        0x5584351fff98
        0x5584351fff98
        0x5584351fff98
        0x5584351fff98
        0x5584351fff98
        0x5584351fff98
        0x5584351fff98
        0x5584351fff98
        0x5584351fff98
        0x5584351fff98
        0x5584351fff98
        0x5584351fff98
        0x5584351fff98
        0x5584351fff98
        0x5584351fff98
        0x5584351fff98
        0x5584351fff98
        0x5584351fff98
        0x5584351fff98
        0x5584351fff98
        0x5584351fff98
        0x5584351fff98
        0x5584351fff98
        0x5584351fff98
        0x5584351fff98
        0x5584351fff98
        0x5584351fff98
        0x5584351fff98
        0x5584351fff98
        0x5584351fff98
        0x5584351fff98
        0x5584351fff98
        0x5584351fff98
        0x5584351fff98
        0x5584351fff98
        0x5584351fff98
        0x5584351fff98
        0x5584351fff98
        0x5584351fff98
        0x5584351fff98
        0x5584351fff98
        0x5584351fff98
        0x5584351fff98
        0x5584351fff98
        0x5584351fff98
        0x5584351fff98
        0x5584351fff98
        0x5584351fff98
        0x5584351fff98
        0x5584351fff98
        0x5584351fff98
        0x5584351fff98
        0x5584351fff98
        0x5584351fff98
        0x5584351fff98
        0x5584351fff98
        0x5584351fff98
        0x5584351fff98
        0x5584351fff98
        0x5584351fff98
        0x5584351fff98
        0x5584351fff98
        0x5584351fff98
        0x5584351fff98
        0x5584351fff98
        0x5584351fff98
        0x5584351fff98
        0x5584351fff98
        0x5584351fff98
        0x5584351fff98
]: 1
@preempt_stack[
        0x40cd12f9
]: 1
@preempt_stack[
        0x7f949c9cb66b
        0x130000
        0x3
        0
        0x558434a13fe0
]: 1
@preempt_stack[
        pthread_cond_timedwait+266
]: 1
@preempt_stack[
        0x7f953e690a1e
        0x7f950111ed18
        0x7f953e690660
]: 1
@preempt_stack[
        0x407b23a4
        0x401c67a6
        0x7f949c846428
        0x7f949c9e578f
        0x558431b82490
]: 1
@preempt_stack[
        0x7f949c9ce4f8
        0x55843529e388
        0x55843529e388
        0x55843529e388
        0x55843529e388
        0x55843529e388
        0x55843529e388
        0x55843529e388
        0x55843529e388
        0x55843529e388
        0x55843529e388
        0x55843529e388
        0x55843529e388
        0x55843529e388
        0x55843529e388
        0x55843529e388
        0x55843529e388
        0x55843529e388
        0x55843529e388
        0x55843529e388
        0x55843529e388
        0x55843529e388
        0x55843529e388
        0x55843529e388
        0x55843529e388
        0x55843529e388
        0x55843529e388
        0x55843529e388
        0x55843529e388
        0x55843529e388
        0x55843529e388
        0x55843529e388
        0x55843529e388
        0x55843529e388
        0x55843529e388
        0x55843529e388
        0x55843529e388
        0x55843529e388
        0x55843529e388
        0x55843529e388
        0x55843529e388
        0x55843529e388
        0x55843529e388
        0x55843529e388
        0x55843529e388
        0x55843529e388
        0x55843529e388
        0x55843529e388
        0x55843529e388
        0x55843529e388
        0x55843529e388
        0x55843529e388
        0x55843529e388
        0x55843529e388
        0x55843529e388
        0x55843529e388
        0x55843529e388
        0x55843529e388
        0x55843529e388
        0x55843529e388
        0x55843529e388
        0x55843529e388
        0x55843529e388
        0x55843529e388
        0x55843529e388
        0x55843529e388
        0x55843529e388
        0x55843529e388
        0x55843529e388
        0x55843529e388
        0x55843529e388
        0x55843529e388
        0x55843529e388
        0x55843529e388
        0x55843529e388
        0x55843529e388
        0x55843529e388
        0x55843529e388
        0x55843529e388
        0x55843529e388
        0x55843529e388
        0x55843529e388
        0x55843529e388
        0x55843529e388
        0x55843529e388
        0x55843529e388
        0x55843529e388
        0x55843529e388
        0x55843529e388
        0x55843529e388
        0x55843529e388
        0x55843529e388
        0x55843529e388
        0x55843529e388
        0x55843529e388
        0x55843529e388
        0x55843529e388
        0x55843529e388
        0x55843529e388
        0x55843529e388
        0x55843529e388
        0x55843529e388
        0x55843529e388
        0x55843529e388
        0x55843529e388
        0x55843529e388
        0x55843529e388
        0x55843529e388
        0x55843529e388
        0x55843529e388
        0x55843529e388
        0x55843529e388
        0x55843529e388
        0x55843529e388
        0x55843529e388
        0x55843529e388
        0x55843529e388
        0x55843529e388
        0x55843529e388
        0x55843529e388
        0x55843529e388
        0x55843529e388
        0x55843529e388
        0x55843529e388
        0x55843529e388
        0x55843529e388
        0x55843529e388
]: 1
@preempt_stack[
        mono_class_get_checked+31
]: 1
@preempt_stack[
        0x40d06715
        0
        0x2000000000000001
        0x558432740e50
        0x558432740e50
        0x558432740e50
        0x558432740e50
        0x558432740e50
        0x558432740e50
        0x558432740e50
        0x558432740e50
        0x558432740e50
        0x558432740e50
        0x558432740e50
        0x558432740e50
        0x558432740e50
        0x558432740e50
        0x558432740e50
        0x558432740e50
        0x558432740e50
        0x558432740e50
        0x558432740e50
        0x558432740e50
        0x558432740e50
        0x558432740e50
        0x558432740e50
        0x558432740e50
        0x558432740e50
        0x558432740e50
        0x558432740e50
        0x558432740e50
        0x558432740e50
        0x558432740e50
        0x558432740e50
        0x558432740e50
        0x558432740e50
        0x558432740e50
        0x558432740e50
        0x558432740e50
        0x558432740e50
        0x558432740e50
        0x558432740e50
        0x558432740e50
        0x558432740e50
        0x558432740e50
        0x558432740e50
        0x558432740e50
        0x558432740e50
        0x558432740e50
        0x558432740e50
        0x558432740e50
        0x558432740e50
        0x558432740e50
        0x558432740e50
        0x558432740e50
        0x558432740e50
        0x558432740e50
        0x558432740e50
        0x558432740e50
        0x558432740e50
        0x558432740e50
        0x558432740e50
        0x558432740e50
        0x558432740e50
        0x558432740e50
        0x558432740e50
        0x558432740e50
        0x558432740e50
        0x558432740e50
        0x558432740e50
        0x558432740e50
        0x558432740e50
        0x558432740e50
        0x558432740e50
        0x558432740e50
        0x558432740e50
        0x558432740e50
        0x558432740e50
        0x558432740e50
        0x558432740e50
        0x558432740e50
        0x558432740e50
        0x558432740e50
        0x558432740e50
        0x558432740e50
        0x558432740e50
        0x558432740e50
        0x558432740e50
        0x558432740e50
        0x558432740e50
        0x558432740e50
        0x558432740e50
        0x558432740e50
        0x558432740e50
        0x558432740e50
        0x558432740e50
        0x558432740e50
        0x558432740e50
        0x558432740e50
        0x558432740e50
        0x558432740e50
        0x558432740e50
        0x558432740e50
        0x558432740e50
        0x558432740e50
        0x558432740e50
        0x558432740e50
        0x558432740e50
        0x558432740e50
        0x558432740e50
        0x558432740e50
        0x558432740e50
        0x558432740e50
        0x558432740e50
        0x558432740e50
        0x558432740e50
        0x558432740e50
        0x558432740e50
        0x558432740e50
        0x558432740e50
        0x558432740e50
        0x558432740e50
        0x558432740e50
        0x558432740e50
        0x558432740e50
        0x558432740e50
        0x558432740e50
]: 1
@preempt_stack[
        __pthread_mutex_unlock+66
        0
        0x1c00000000000001
        0x558431b48de8
        0x558431b48de8
        0x558431b48de8
        0x558431b48de8
        0x558431b48de8
        0x558431b48de8
        0x558431b48de8
        0x558431b48de8
        0x558431b48de8
        0x558431b48de8
        0x558431b48de8
        0x558431b48de8
        0x558431b48de8
        0x558431b48de8
        0x558431b48de8
        0x558431b48de8
        0x558431b48de8
        0x558431b48de8
        0x558431b48de8
        0x558431b48de8
        0x558431b48de8
        0x558431b48de8
        0x558431b48de8
        0x558431b48de8
        0x558431b48de8
        0x558431b48de8
        0x558431b48de8
        0x558431b48de8
        0x558431b48de8
        0x558431b48de8
        0x558431b48de8
        0x558431b48de8
        0x558431b48de8
        0x558431b48de8
        0x558431b48de8
        0x558431b48de8
        0x558431b48de8
        0x558431b48de8
        0x558431b48de8
        0x558431b48de8
        0x558431b48de8
        0x558431b48de8
        0x558431b48de8
        0x558431b48de8
        0x558431b48de8
        0x558431b48de8
        0x558431b48de8
        0x558431b48de8
        0x558431b48de8
        0x558431b48de8
        0x558431b48de8
        0x558431b48de8
        0x558431b48de8
        0x558431b48de8
        0x558431b48de8
        0x558431b48de8
        0x558431b48de8
        0x558431b48de8
        0x558431b48de8
        0x558431b48de8
        0x558431b48de8
        0x558431b48de8
        0x558431b48de8
        0x558431b48de8
        0x558431b48de8
        0x558431b48de8
        0x558431b48de8
        0x558431b48de8
        0x558431b48de8
        0x558431b48de8
        0x558431b48de8
        0x558431b48de8
        0x558431b48de8
        0x558431b48de8
        0x558431b48de8
        0x558431b48de8
        0x558431b48de8
        0x558431b48de8
        0x558431b48de8
        0x558431b48de8
        0x558431b48de8
        0x558431b48de8
        0x558431b48de8
        0x558431b48de8
        0x558431b48de8
        0x558431b48de8
        0x558431b48de8
        0x558431b48de8
        0x558431b48de8
        0x558431b48de8
        0x558431b48de8
        0x558431b48de8
        0x558431b48de8
        0x558431b48de8
        0x558431b48de8
        0x558431b48de8
        0x558431b48de8
        0x558431b48de8
        0x558431b48de8
        0x558431b48de8
        0x558431b48de8
        0x558431b48de8
        0x558431b48de8
        0x558431b48de8
        0x558431b48de8
        0x558431b48de8
        0x558431b48de8
        0x558431b48de8
        0x558431b48de8
        0x558431b48de8
        0x558431b48de8
        0x558431b48de8
        0x558431b48de8
        0x558431b48de8
        0x558431b48de8
        0x558431b48de8
        0x558431b48de8
        0x558431b48de8
        0x558431b48de8
        0x558431b48de8
        0x558431b48de8
        0x558431b48de8
        0x558431b48de8
        0x558431b48de8
]: 1
@preempt_stack[
        0x7f953cbb7fc4
]: 1
@preempt_stack[
        0x7f949c9cb5b8
        0
        0
        0x558431b68080
]: 1
@preempt_stack[
        0x7f949c9ace49
        0
]: 1
@preempt_stack[
        0x7f949ca0c35d
        0
]: 1
@preempt_stack[
        0x40caeef0
        0
        0x2000000000000001
        0x558432740e50
        0x558432740e50
        0x558432740e50
        0x558432740e50
        0x558432740e50
        0x558432740e50
        0x558432740e50
        0x558432740e50
        0x558432740e50
        0x558432740e50
        0x558432740e50
        0x558432740e50
        0x558432740e50
        0x558432740e50
        0x558432740e50
        0x558432740e50
        0x558432740e50
        0x558432740e50
        0x558432740e50
        0x558432740e50
        0x558432740e50
        0x558432740e50
        0x558432740e50
        0x558432740e50
        0x558432740e50
        0x558432740e50
        0x558432740e50
        0x558432740e50
        0x558432740e50
        0x558432740e50
        0x558432740e50
        0x558432740e50
        0x558432740e50
        0x558432740e50
        0x558432740e50
        0x558432740e50
        0x558432740e50
        0x558432740e50
        0x558432740e50
        0x558432740e50
        0x558432740e50
        0x558432740e50
        0x558432740e50
        0x558432740e50
        0x558432740e50
        0x558432740e50
        0x558432740e50
        0x558432740e50
        0x558432740e50
        0x558432740e50
        0x558432740e50
        0x558432740e50
        0x558432740e50
        0x558432740e50
        0x558432740e50
        0x558432740e50
        0x558432740e50
        0x558432740e50
        0x558432740e50
        0x558432740e50
        0x558432740e50
        0x558432740e50
        0x558432740e50
        0x558432740e50
        0x558432740e50
        0x558432740e50
        0x558432740e50
        0x558432740e50
        0x558432740e50
        0x558432740e50
        0x558432740e50
        0x558432740e50
        0x558432740e50
        0x558432740e50
        0x558432740e50
        0x558432740e50
        0x558432740e50
        0x558432740e50
        0x558432740e50
        0x558432740e50
        0x558432740e50
        0x558432740e50
        0x558432740e50
        0x558432740e50
        0x558432740e50
        0x558432740e50
        0x558432740e50
        0x558432740e50
        0x558432740e50
        0x558432740e50
        0x558432740e50
        0x558432740e50
        0x558432740e50
        0x558432740e50
        0x558432740e50
        0x558432740e50
        0x558432740e50
        0x558432740e50
        0x558432740e50
        0x558432740e50
        0x558432740e50
        0x558432740e50
        0x558432740e50
        0x558432740e50
        0x558432740e50
        0x558432740e50
        0x558432740e50
        0x558432740e50
        0x558432740e50
        0x558432740e50
        0x558432740e50
        0x558432740e50
        0x558432740e50
        0x558432740e50
        0x558432740e50
        0x558432740e50
        0x558432740e50
        0x558432740e50
        0x558432740e50
        0x558432740e50
        0x558432740e50
        0x558432740e50
        0x558432740e50
        0x558432740e50
]: 1
@preempt_stack[
        0x40d5bf5d
        0x40d5977c
        0x40d56ef8
        0x40d56d80
        0x40d53864
        0
        0
        0x558432736408
        0x558432736408
        0x558432736408
        0x558432736408
        0x558432736408
        0x558432736408
        0x558432736408
        0x558432736408
        0x558432736408
        0x558432736408
        0x558432736408
        0x558432736408
        0x558432736408
        0x558432736408
        0x558432736408
        0x558432736408
        0x558432736408
        0x558432736408
        0x558432736408
        0x558432736408
        0x558432736408
        0x558432736408
        0x558432736408
        0x558432736408
        0x558432736408
        0x558432736408
        0x558432736408
        0x558432736408
        0x558432736408
        0x558432736408
        0x558432736408
        0x558432736408
        0x558432736408
        0x558432736408
        0x558432736408
        0x558432736408
        0x558432736408
        0x558432736408
        0x558432736408
        0x558432736408
        0x558432736408
        0x558432736408
        0x558432736408
        0x558432736408
        0x558432736408
        0x558432736408
        0x558432736408
        0x558432736408
        0x558432736408
        0x558432736408
        0x558432736408
        0x558432736408
        0x558432736408
        0x558432736408
        0x558432736408
        0x558432736408
        0x558432736408
        0x558432736408
        0x558432736408
        0x558432736408
        0x558432736408
        0x558432736408
        0x558432736408
        0x558432736408
        0x558432736408
        0x558432736408
        0x558432736408
        0x558432736408
        0x558432736408
        0x558432736408
        0x558432736408
        0x558432736408
        0x558432736408
        0x558432736408
        0x558432736408
        0x558432736408
        0x558432736408
        0x558432736408
        0x558432736408
        0x558432736408
        0x558432736408
        0x558432736408
        0x558432736408
        0x558432736408
        0x558432736408
        0x558432736408
        0x558432736408
        0x558432736408
        0x558432736408
        0x558432736408
        0x558432736408
        0x558432736408
        0x558432736408
        0x558432736408
        0x558432736408
        0x558432736408
        0x558432736408
        0x558432736408
        0x558432736408
        0x558432736408
        0x558432736408
        0x558432736408
        0x558432736408
        0x558432736408
        0x558432736408
        0x558432736408
        0x558432736408
        0x558432736408
        0x558432736408
        0x558432736408
        0x558432736408
        0x558432736408
        0x558432736408
        0x558432736408
        0x558432736408
        0x558432736408
        0x558432736408
        0x558432736408
        0x558432736408
        0x558432736408
]: 1
@preempt_stack[
        0x7f953d907736
]: 1
@preempt_stack[
        0x7f9331f8dfc4
        epoll_wait+98
        0x7f9333e6a160
]: 1
@preempt_stack[
        0x40aed086
]: 1
@preempt_stack[
        0x407566c5
        0x40cb6a40
        0x40cb4138
        0x40cb2a88
        0x40cafea4
        0x40cafc3c
        0x40407e56
        0x40403d24
        0x7f949c846428
        0x7f949c9e578f
        0x558431b82490
]: 1
@preempt_stack[
        GC_malloc_kind_global+42
]: 1
@preempt_stack[
        0x40caef87
        0x40cabc4c
        0x40cab139
        0x40ca6ac7
        0x40407e56
        0x40403d24
        0x7f949c846428
        0x7f949c9e578f
        0x558431b82490
]: 1
@preempt_stack[
        pthread_mutex_trylock+39
        0x120000
        0x5584346fb820
        0x5584346fb820
        0x5584346fb820
        0x5584346fb820
        0x5584346fb820
        0x5584346fb820
        0x5584346fb820
        0x5584346fb820
        0x5584346fb820
        0x5584346fb820
        0x5584346fb820
        0x5584346fb820
        0x5584346fb820
        0x5584346fb820
        0x5584346fb820
        0x5584346fb820
        0x5584346fb820
        0x5584346fb820
        0x5584346fb820
        0x5584346fb820
        0x5584346fb820
        0x5584346fb820
        0x5584346fb820
        0x5584346fb820
        0x5584346fb820
        0x5584346fb820
        0x5584346fb820
        0x5584346fb820
        0x5584346fb820
        0x5584346fb820
        0x5584346fb820
        0x5584346fb820
        0x5584346fb820
        0x5584346fb820
        0x5584346fb820
        0x5584346fb820
        0x5584346fb820
        0x5584346fb820
        0x5584346fb820
        0x5584346fb820
        0x5584346fb820
        0x5584346fb820
        0x5584346fb820
        0x5584346fb820
        0x5584346fb820
        0x5584346fb820
        0x5584346fb820
        0x5584346fb820
        0x5584346fb820
        0x5584346fb820
        0x5584346fb820
        0x5584346fb820
        0x5584346fb820
        0x5584346fb820
        0x5584346fb820
        0x5584346fb820
        0x5584346fb820
        0x5584346fb820
        0x5584346fb820
        0x5584346fb820
        0x5584346fb820
        0x5584346fb820
        0x5584346fb820
        0x5584346fb820
        0x5584346fb820
        0x5584346fb820
        0x5584346fb820
        0x5584346fb820
        0x5584346fb820
        0x5584346fb820
        0x5584346fb820
        0x5584346fb820
        0x5584346fb820
        0x5584346fb820
        0x5584346fb820
        0x5584346fb820
        0x5584346fb820
        0x5584346fb820
        0x5584346fb820
        0x5584346fb820
        0x5584346fb820
        0x5584346fb820
        0x5584346fb820
        0x5584346fb820
        0x5584346fb820
        0x5584346fb820
        0x5584346fb820
        0x5584346fb820
        0x5584346fb820
        0x5584346fb820
        0x5584346fb820
        0x5584346fb820
        0x5584346fb820
        0x5584346fb820
        0x5584346fb820
        0x5584346fb820
        0x5584346fb820
        0x5584346fb820
        0x5584346fb820
        0x5584346fb820
        0x5584346fb820
        0x5584346fb820
        0x5584346fb820
        0x5584346fb820
        0x5584346fb820
        0x5584346fb820
        0x5584346fb820
        0x5584346fb820
        0x5584346fb820
        0x5584346fb820
        0x5584346fb820
        0x5584346fb820
        0x5584346fb820
        0x5584346fb820
        0x5584346fb820
        0x5584346fb820
        0x5584346fb820
        0x5584346fb820
        0x5584346fb820
        0x5584346fb820
        0x5584346fb820
        0x5584346fb820
        0x5584346fb820
        0x5584346fb820
        0x5584346fb820
]: 1
@preempt_stack[
        0x7f953d87dfe6
        0
        0x7f94849e5be8
        0
        0
        0
        0
        0
        0
        0
        0
        0
        0
        0
        0
        0
        0
        0
        0
        0
        0
        0
        0
        0
        0x7f9476ebfcf0
        0x7ffcbefc4500
]: 1
@preempt_stack[
        0x7f9332981509
]: 1
@preempt_stack[
        0x7f949c9cb775
        0x130000
        0
        0
        0x5584323cb140
]: 1
@preempt_stack[
        0x40caf12a
]: 1
@preempt_stack[
        0x7f949c9b67ac
]: 1
@preempt_stack[
        0x7f953d9077a1
        0x7f950076b540
]: 1
@preempt_stack[
        0x7f949c9cb8ee
]: 1
@preempt_stack[
        0x404427d0
        0
]: 1
@preempt_stack[
        __pthread_mutex_unlock+83
]: 1
@preempt_stack[
        0x40cdbed8
]: 1
@preempt_stack[
        0x7f949c9cb5a7
        0x130000
        0x1
        0
        0x558434d70ba0
]: 1
@preempt_stack[
        0x7f953dd3daf4
        0x7f9502d24770
        0x58
]: 1
@preempt_stack[
        0x40212f07
        0x40a8a7df
        0x40407e56
        0x40403d24
        0x7f949c846428
        0x7f949c9e578f
        0x558431b82490
]: 1
@preempt_stack[
        0x40212eb0
        0x40407e56
        0x40403d24
        0x7f949c846428
        0x7f949c9e578f
        0x558431b82490
]: 1
@preempt_stack[
        0x40461989
        0x4046dfb8
        0x40785934
        0x401c67a6
        0x7f949c846428
        0x7f949c9e578f
        0x558431b82490
]: 1
@preempt_stack[
        0x7f953caabecb
]: 1
@preempt_stack[
        GC_generic_malloc_inner+79
]: 1
@preempt_stack[
        0x40cacc65
        0x40cabc4c
        0x40cab139
        0x40ca6ac7
        0x40407e56
        0x40403d24
        0x7f949c846428
        0x7f949c9e578f
        0x558431b82490
]: 1
@preempt_stack[
        0x7f953d7a8a0c
]: 1
@preempt_stack[
        0x7f953dd4fa4e
]: 1
@preempt_stack[
        0x7f953d905c49
]: 1
@preempt_stack[
        0x40d5bb1b
]: 1
@preempt_stack[
        mono_gc_wbarrier_set_field+19
        0x401c67a6
        0x7f949c846428
        0x7f949c9e578f
        0x558431b82490
]: 1
@preempt_stack[
        0x7f953caafcb7
]: 1
@preempt_stack[
        0x40a8cc15
        0
        0
        0x558432736408
        0x558432736408
        0x558432736408
        0x558432736408
        0x558432736408
        0x558432736408
        0x558432736408
        0x558432736408
        0x558432736408
        0x558432736408
        0x558432736408
        0x558432736408
        0x558432736408
        0x558432736408
        0x558432736408
        0x558432736408
        0x558432736408
        0x558432736408
        0x558432736408
        0x558432736408
        0x558432736408
        0x558432736408
        0x558432736408
        0x558432736408
        0x558432736408
        0x558432736408
        0x558432736408
        0x558432736408
        0x558432736408
        0x558432736408
        0x558432736408
        0x558432736408
        0x558432736408
        0x558432736408
        0x558432736408
        0x558432736408
        0x558432736408
        0x558432736408
        0x558432736408
        0x558432736408
        0x558432736408
        0x558432736408
        0x558432736408
        0x558432736408
        0x558432736408
        0x558432736408
        0x558432736408
        0x558432736408
        0x558432736408
        0x558432736408
        0x558432736408
        0x558432736408
        0x558432736408
        0x558432736408
        0x558432736408
        0x558432736408
        0x558432736408
        0x558432736408
        0x558432736408
        0x558432736408
        0x558432736408
        0x558432736408
        0x558432736408
        0x558432736408
        0x558432736408
        0x558432736408
        0x558432736408
        0x558432736408
        0x558432736408
        0x558432736408
        0x558432736408
        0x558432736408
        0x558432736408
        0x558432736408
        0x558432736408
        0x558432736408
        0x558432736408
        0x558432736408
        0x558432736408
        0x558432736408
        0x558432736408
        0x558432736408
        0x558432736408
        0x558432736408
        0x558432736408
        0x558432736408
        0x558432736408
        0x558432736408
        0x558432736408
        0x558432736408
        0x558432736408
        0x558432736408
        0x558432736408
        0x558432736408
        0x558432736408
        0x558432736408
        0x558432736408
        0x558432736408
        0x558432736408
        0x558432736408
        0x558432736408
        0x558432736408
        0x558432736408
        0x558432736408
        0x558432736408
        0x558432736408
        0x558432736408
        0x558432736408
        0x558432736408
        0x558432736408
        0x558432736408
        0x558432736408
        0x558432736408
        0x558432736408
        0x558432736408
        0x558432736408
        0x558432736408
        0x558432736408
        0x558432736408
        0x558432736408
        0x558432736408
        0x558432736408
        0x558432736408
        0x558432736408
]: 1
@preempt_stack[
        0x7f949c9cb775
        0x130000
        0x4
        0
        0x558434a13f00
]: 1
@preempt_stack[
        0x7f953d9052b8
]: 1
@preempt_stack[
        0x7f953da51a6f
]: 1
@preempt_stack[
        pthread_mutex_trylock+909
        0x120000
        0x558432063cd8
        0x558432063cd8
        0x558432063cd8
        0x558432063cd8
        0x558432063cd8
        0x558432063cd8
        0x558432063cd8
        0x558432063cd8
        0x558432063cd8
        0x558432063cd8
        0x558432063cd8
        0x558432063cd8
        0x558432063cd8
        0x558432063cd8
        0x558432063cd8
        0x558432063cd8
        0x558432063cd8
        0x558432063cd8
        0x558432063cd8
        0x558432063cd8
        0x558432063cd8
        0x558432063cd8
        0x558432063cd8
        0x558432063cd8
        0x558432063cd8
        0x558432063cd8
        0x558432063cd8
        0x558432063cd8
        0x558432063cd8
        0x558432063cd8
        0x558432063cd8
        0x558432063cd8
        0x558432063cd8
        0x558432063cd8
        0x558432063cd8
        0x558432063cd8
        0x558432063cd8
        0x558432063cd8
        0x558432063cd8
        0x558432063cd8
        0x558432063cd8
        0x558432063cd8
        0x558432063cd8
        0x558432063cd8
        0x558432063cd8
        0x558432063cd8
        0x558432063cd8
        0x558432063cd8
        0x558432063cd8
        0x558432063cd8
        0x558432063cd8
        0x558432063cd8
        0x558432063cd8
        0x558432063cd8
        0x558432063cd8
        0x558432063cd8
        0x558432063cd8
        0x558432063cd8
        0x558432063cd8
        0x558432063cd8
        0x558432063cd8
        0x558432063cd8
        0x558432063cd8
        0x558432063cd8
        0x558432063cd8
        0x558432063cd8
        0x558432063cd8
        0x558432063cd8
        0x558432063cd8
        0x558432063cd8
        0x558432063cd8
        0x558432063cd8
        0x558432063cd8
        0x558432063cd8
        0x558432063cd8
        0x558432063cd8
        0x558432063cd8
        0x558432063cd8
        0x558432063cd8
        0x558432063cd8
        0x558432063cd8
        0x558432063cd8
        0x558432063cd8
        0x558432063cd8
        0x558432063cd8
        0x558432063cd8
        0x558432063cd8
        0x558432063cd8
        0x558432063cd8
        0x558432063cd8
        0x558432063cd8
        0x558432063cd8
        0x558432063cd8
        0x558432063cd8
        0x558432063cd8
        0x558432063cd8
        0x558432063cd8
        0x558432063cd8
        0x558432063cd8
        0x558432063cd8
        0x558432063cd8
        0x558432063cd8
        0x558432063cd8
        0x558432063cd8
        0x558432063cd8
        0x558432063cd8
        0x558432063cd8
        0x558432063cd8
        0x558432063cd8
        0x558432063cd8
        0x558432063cd8
        0x558432063cd8
        0x558432063cd8
        0x558432063cd8
        0x558432063cd8
        0x558432063cd8
        0x558432063cd8
        0x558432063cd8
        0x558432063cd8
        0x558432063cd8
        0x558432063cd8
        0x558432063cd8
        0x558432063cd8
        0x558432063cd8
        0x558432063cd8
]: 1
@preempt_stack[
        0x7f949c9ac96a
]: 1
@preempt_stack[
        0x7f953dd4e924
        0x2eaf0cdb28aa9316
]: 1
@preempt_stack[
        0x401a5797
        0x401a5590
        0x40212f04
        0x40a8a7df
        0x40407e56
        0x40403d24
        0x7f949c846428
        0x7f949c9e578f
        0x558431b82490
]: 1
@preempt_stack[
        0x7f949c9cb5ff
        0
        0
        0x5584349efd20
]: 1
@preempt_stack[
        0x7f953dd4fad8
        0x20
]: 1
@preempt_stack[
        0x7f953d93f892
        0x7f9502908b60
]: 1
@preempt_stack[
        0x7f949c9ace0c
        0
]: 1
@preempt_stack[
        0x40bb24c3
        0
        0
        0x558432736408
        0x558432736408
        0x558432736408
        0x558432736408
        0x558432736408
        0x558432736408
        0x558432736408
        0x558432736408
        0x558432736408
        0x558432736408
        0x558432736408
        0x558432736408
        0x558432736408
        0x558432736408
        0x558432736408
        0x558432736408
        0x558432736408
        0x558432736408
        0x558432736408
        0x558432736408
        0x558432736408
        0x558432736408
        0x558432736408
        0x558432736408
        0x558432736408
        0x558432736408
        0x558432736408
        0x558432736408
        0x558432736408
        0x558432736408
        0x558432736408
        0x558432736408
        0x558432736408
        0x558432736408
        0x558432736408
        0x558432736408
        0x558432736408
        0x558432736408
        0x558432736408
        0x558432736408
        0x558432736408
        0x558432736408
        0x558432736408
        0x558432736408
        0x558432736408
        0x558432736408
        0x558432736408
        0x558432736408
        0x558432736408
        0x558432736408
        0x558432736408
        0x558432736408
        0x558432736408
        0x558432736408
        0x558432736408
        0x558432736408
        0x558432736408
        0x558432736408
        0x558432736408
        0x558432736408
        0x558432736408
        0x558432736408
        0x558432736408
        0x558432736408
        0x558432736408
        0x558432736408
        0x558432736408
        0x558432736408
        0x558432736408
        0x558432736408
        0x558432736408
        0x558432736408
        0x558432736408
        0x558432736408
        0x558432736408
        0x558432736408
        0x558432736408
        0x558432736408
        0x558432736408
        0x558432736408
        0x558432736408
        0x558432736408
        0x558432736408
        0x558432736408
        0x558432736408
        0x558432736408
        0x558432736408
        0x558432736408
        0x558432736408
        0x558432736408
        0x558432736408
        0x558432736408
        0x558432736408
        0x558432736408
        0x558432736408
        0x558432736408
        0x558432736408
        0x558432736408
        0x558432736408
        0x558432736408
        0x558432736408
        0x558432736408
        0x558432736408
        0x558432736408
        0x558432736408
        0x558432736408
        0x558432736408
        0x558432736408
        0x558432736408
        0x558432736408
        0x558432736408
        0x558432736408
        0x558432736408
        0x558432736408
        0x558432736408
        0x558432736408
        0x558432736408
        0x558432736408
        0x558432736408
        0x558432736408
        0x558432736408
        0x558432736408
        0x558432736408
        0x558432736408
]: 1
@preempt_stack[
        0x40cac20e
        0x40cb68a8
        0x40cb4138
        0x40cb2a88
        0x40cafea4
        0x40cafc3c
        0x40407e56
        0x40403d24
        0x7f949c846428
        0x7f949c9e578f
        0x558431b82490
]: 1
@preempt_stack[
        0x7f949c9cb775
        0x130000
        0
        0
        0x558435014bf0
]: 1
@preempt_stack[
        0x40194081
        0x4046dfb8
        0x40785934
        0x401c67a6
        0x7f949c846428
        0x7f949c9e578f
        0x558431b82490
]: 1
@preempt_stack[
        0x7f949c9cb66b
        0x130000
        0x1
        0
        0x5584331cc9b0
]: 1
@preempt_stack[
        0x7f953dd5178f
]: 1
@preempt_stack[
        0x40caeefb
        0
        0
        0x5584326a9a10
        0x5584326a9a10
        0x5584326a9a10
        0x5584326a9a10
        0x5584326a9a10
        0x5584326a9a10
        0x5584326a9a10
        0x5584326a9a10
        0x5584326a9a10
        0x5584326a9a10
        0x5584326a9a10
        0x5584326a9a10
        0x5584326a9a10
        0x5584326a9a10
        0x5584326a9a10
        0x5584326a9a10
        0x5584326a9a10
        0x5584326a9a10
        0x5584326a9a10
        0x5584326a9a10
        0x5584326a9a10
        0x5584326a9a10
        0x5584326a9a10
        0x5584326a9a10
        0x5584326a9a10
        0x5584326a9a10
        0x5584326a9a10
        0x5584326a9a10
        0x5584326a9a10
        0x5584326a9a10
        0x5584326a9a10
        0x5584326a9a10
        0x5584326a9a10
        0x5584326a9a10
        0x5584326a9a10
        0x5584326a9a10
        0x5584326a9a10
        0x5584326a9a10
        0x5584326a9a10
        0x5584326a9a10
        0x5584326a9a10
        0x5584326a9a10
        0x5584326a9a10
        0x5584326a9a10
        0x5584326a9a10
        0x5584326a9a10
        0x5584326a9a10
        0x5584326a9a10
        0x5584326a9a10
        0x5584326a9a10
        0x5584326a9a10
        0x5584326a9a10
        0x5584326a9a10
        0x5584326a9a10
        0x5584326a9a10
        0x5584326a9a10
        0x5584326a9a10
        0x5584326a9a10
        0x5584326a9a10
        0x5584326a9a10
        0x5584326a9a10
        0x5584326a9a10
        0x5584326a9a10
        0x5584326a9a10
        0x5584326a9a10
        0x5584326a9a10
        0x5584326a9a10
        0x5584326a9a10
        0x5584326a9a10
        0x5584326a9a10
        0x5584326a9a10
        0x5584326a9a10
        0x5584326a9a10
        0x5584326a9a10
        0x5584326a9a10
        0x5584326a9a10
        0x5584326a9a10
        0x5584326a9a10
        0x5584326a9a10
        0x5584326a9a10
        0x5584326a9a10
        0x5584326a9a10
        0x5584326a9a10
        0x5584326a9a10
        0x5584326a9a10
        0x5584326a9a10
        0x5584326a9a10
        0x5584326a9a10
        0x5584326a9a10
        0x5584326a9a10
        0x5584326a9a10
        0x5584326a9a10
        0x5584326a9a10
        0x5584326a9a10
        0x5584326a9a10
        0x5584326a9a10
        0x5584326a9a10
        0x5584326a9a10
        0x5584326a9a10
        0x5584326a9a10
        0x5584326a9a10
        0x5584326a9a10
        0x5584326a9a10
        0x5584326a9a10
        0x5584326a9a10
        0x5584326a9a10
        0x5584326a9a10
        0x5584326a9a10
        0x5584326a9a10
        0x5584326a9a10
        0x5584326a9a10
        0x5584326a9a10
        0x5584326a9a10
        0x5584326a9a10
        0x5584326a9a10
        0x5584326a9a10
        0x5584326a9a10
        0x5584326a9a10
        0x5584326a9a10
        0x5584326a9a10
        0x5584326a9a10
        0x5584326a9a10
        0x5584326a9a10
        0x5584326a9a10
]: 1
@preempt_stack[
        0x7f953d907309
]: 1
@preempt_stack[
        0x7f949c9af6f5
        0x7f9300000004
]: 1
@preempt_stack[
        0x7f949c9ce4d8
        0x558433d678f0
        0x558433d678f0
        0x558433d678f0
        0x558433d678f0
        0x558433d678f0
        0x558433d678f0
        0x558433d678f0
        0x558433d678f0
        0x558433d678f0
        0x558433d678f0
        0x558433d678f0
        0x558433d678f0
        0x558433d678f0
        0x558433d678f0
        0x558433d678f0
        0x558433d678f0
        0x558433d678f0
        0x558433d678f0
        0x558433d678f0
        0x558433d678f0
        0x558433d678f0
        0x558433d678f0
        0x558433d678f0
        0x558433d678f0
        0x558433d678f0
        0x558433d678f0
        0x558433d678f0
        0x558433d678f0
        0x558433d678f0
        0x558433d678f0
        0x558433d678f0
        0x558433d678f0
        0x558433d678f0
        0x558433d678f0
        0x558433d678f0
        0x558433d678f0
        0x558433d678f0
        0x558433d678f0
        0x558433d678f0
        0x558433d678f0
        0x558433d678f0
        0x558433d678f0
        0x558433d678f0
        0x558433d678f0
        0x558433d678f0
        0x558433d678f0
        0x558433d678f0
        0x558433d678f0
        0x558433d678f0
        0x558433d678f0
        0x558433d678f0
        0x558433d678f0
        0x558433d678f0
        0x558433d678f0
        0x558433d678f0
        0x558433d678f0
        0x558433d678f0
        0x558433d678f0
        0x558433d678f0
        0x558433d678f0
        0x558433d678f0
        0x558433d678f0
        0x558433d678f0
        0x558433d678f0
        0x558433d678f0
        0x558433d678f0
        0x558433d678f0
        0x558433d678f0
        0x558433d678f0
        0x558433d678f0
        0x558433d678f0
        0x558433d678f0
        0x558433d678f0
        0x558433d678f0
        0x558433d678f0
        0x558433d678f0
        0x558433d678f0
        0x558433d678f0
        0x558433d678f0
        0x558433d678f0
        0x558433d678f0
        0x558433d678f0
        0x558433d678f0
        0x558433d678f0
        0x558433d678f0
        0x558433d678f0
        0x558433d678f0
        0x558433d678f0
        0x558433d678f0
        0x558433d678f0
        0x558433d678f0
        0x558433d678f0
        0x558433d678f0
        0x558433d678f0
        0x558433d678f0
        0x558433d678f0
        0x558433d678f0
        0x558433d678f0
        0x558433d678f0
        0x558433d678f0
        0x558433d678f0
        0x558433d678f0
        0x558433d678f0
        0x558433d678f0
        0x558433d678f0
        0x558433d678f0
        0x558433d678f0
        0x558433d678f0
        0x558433d678f0
        0x558433d678f0
        0x558433d678f0
        0x558433d678f0
        0x558433d678f0
        0x558433d678f0
        0x558433d678f0
        0x558433d678f0
        0x558433d678f0
        0x558433d678f0
        0x558433d678f0
        0x558433d678f0
        0x558433d678f0
        0x558433d678f0
        0x558433d678f0
        0x558433d678f0
        0x558433d678f0
        0x558433d678f0
]: 1
@preempt_stack[
        free+86
        0x6800088000007f93
]: 1
@preempt_stack[
        GC_dirty_inner+41
        0x401c67a6
        0x7f949c846428
        0x7f949c9e578f
        0x558431b82490
]: 1
@preempt_stack[
        0x7f949c9b2518
]: 1
@preempt_stack[
        0x7f953dcc611e
        0x7f9501fda600
]: 1
@preempt_stack[
        0x40caf1a2
        0
        0
        0x558432736408
        0x558432736408
        0x558432736408
        0x558432736408
        0x558432736408
        0x558432736408
        0x558432736408
        0x558432736408
        0x558432736408
        0x558432736408
        0x558432736408
        0x558432736408
        0x558432736408
        0x558432736408
        0x558432736408
        0x558432736408
        0x558432736408
        0x558432736408
        0x558432736408
        0x558432736408
        0x558432736408
        0x558432736408
        0x558432736408
        0x558432736408
        0x558432736408
        0x558432736408
        0x558432736408
        0x558432736408
        0x558432736408
        0x558432736408
        0x558432736408
        0x558432736408
        0x558432736408
        0x558432736408
        0x558432736408
        0x558432736408
        0x558432736408
        0x558432736408
        0x558432736408
        0x558432736408
        0x558432736408
        0x558432736408
        0x558432736408
        0x558432736408
        0x558432736408
        0x558432736408
        0x558432736408
        0x558432736408
        0x558432736408
        0x558432736408
        0x558432736408
        0x558432736408
        0x558432736408
        0x558432736408
        0x558432736408
        0x558432736408
        0x558432736408
        0x558432736408
        0x558432736408
        0x558432736408
        0x558432736408
        0x558432736408
        0x558432736408
        0x558432736408
        0x558432736408
        0x558432736408
        0x558432736408
        0x558432736408
        0x558432736408
        0x558432736408
        0x558432736408
        0x558432736408
        0x558432736408
        0x558432736408
        0x558432736408
        0x558432736408
        0x558432736408
        0x558432736408
        0x558432736408
        0x558432736408
        0x558432736408
        0x558432736408
        0x558432736408
        0x558432736408
        0x558432736408
        0x558432736408
        0x558432736408
        0x558432736408
        0x558432736408
        0x558432736408
        0x558432736408
        0x558432736408
        0x558432736408
        0x558432736408
        0x558432736408
        0x558432736408
        0x558432736408
        0x558432736408
        0x558432736408
        0x558432736408
        0x558432736408
        0x558432736408
        0x558432736408
        0x558432736408
        0x558432736408
        0x558432736408
        0x558432736408
        0x558432736408
        0x558432736408
        0x558432736408
        0x558432736408
        0x558432736408
        0x558432736408
        0x558432736408
        0x558432736408
        0x558432736408
        0x558432736408
        0x558432736408
        0x558432736408
        0x558432736408
        0x558432736408
        0x558432736408
        0x558432736408
        0x558432736408
]: 1
@preempt_stack[
        pthread_mutex_trylock+909
        0x120000
        0x558432917980
        0x558432917980
        0x558432917980
        0x558432917980
        0x558432917980
        0x558432917980
        0x558432917980
        0x558432917980
        0x558432917980
        0x558432917980
        0x558432917980
        0x558432917980
        0x558432917980
        0x558432917980
        0x558432917980
        0x558432917980
        0x558432917980
        0x558432917980
        0x558432917980
        0x558432917980
        0x558432917980
        0x558432917980
        0x558432917980
        0x558432917980
        0x558432917980
        0x558432917980
        0x558432917980
        0x558432917980
        0x558432917980
        0x558432917980
        0x558432917980
        0x558432917980
        0x558432917980
        0x558432917980
        0x558432917980
        0x558432917980
        0x558432917980
        0x558432917980
        0x558432917980
        0x558432917980
        0x558432917980
        0x558432917980
        0x558432917980
        0x558432917980
        0x558432917980
        0x558432917980
        0x558432917980
        0x558432917980
        0x558432917980
        0x558432917980
        0x558432917980
        0x558432917980
        0x558432917980
        0x558432917980
        0x558432917980
        0x558432917980
        0x558432917980
        0x558432917980
        0x558432917980
        0x558432917980
        0x558432917980
        0x558432917980
        0x558432917980
        0x558432917980
        0x558432917980
        0x558432917980
        0x558432917980
        0x558432917980
        0x558432917980
        0x558432917980
        0x558432917980
        0x558432917980
        0x558432917980
        0x558432917980
        0x558432917980
        0x558432917980
        0x558432917980
        0x558432917980
        0x558432917980
        0x558432917980
        0x558432917980
        0x558432917980
        0x558432917980
        0x558432917980
        0x558432917980
        0x558432917980
        0x558432917980
        0x558432917980
        0x558432917980
        0x558432917980
        0x558432917980
        0x558432917980
        0x558432917980
        0x558432917980
        0x558432917980
        0x558432917980
        0x558432917980
        0x558432917980
        0x558432917980
        0x558432917980
        0x558432917980
        0x558432917980
        0x558432917980
        0x558432917980
        0x558432917980
        0x558432917980
        0x558432917980
        0x558432917980
        0x558432917980
        0x558432917980
        0x558432917980
        0x558432917980
        0x558432917980
        0x558432917980
        0x558432917980
        0x558432917980
        0x558432917980
        0x558432917980
        0x558432917980
        0x558432917980
        0x558432917980
        0x558432917980
        0x558432917980
        0x558432917980
        0x558432917980
]: 1
@preempt_stack[
        0x40eadea3
        0x40eac640
        0x40ea95d9
        0x40ca69ba
        0x40407e56
        0x40403d24
        0x7f949c846428
        0x7f949c9e578f
        0x558431b82490
]: 1
@preempt_stack[
        mono_metadata_type_hash+80
        0x120000
        0x558431b49230
        0x558431b49230
        0x558431b49230
        0x558431b49230
        0x558431b49230
        0x558431b49230
        0x558431b49230
        0x558431b49230
        0x558431b49230
        0x558431b49230
        0x558431b49230
        0x558431b49230
        0x558431b49230
        0x558431b49230
        0x558431b49230
        0x558431b49230
        0x558431b49230
        0x558431b49230
        0x558431b49230
        0x558431b49230
        0x558431b49230
        0x558431b49230
        0x558431b49230
        0x558431b49230
        0x558431b49230
        0x558431b49230
        0x558431b49230
        0x558431b49230
        0x558431b49230
        0x558431b49230
        0x558431b49230
        0x558431b49230
        0x558431b49230
        0x558431b49230
        0x558431b49230
        0x558431b49230
        0x558431b49230
        0x558431b49230
        0x558431b49230
        0x558431b49230
        0x558431b49230
        0x558431b49230
        0x558431b49230
        0x558431b49230
        0x558431b49230
        0x558431b49230
        0x558431b49230
        0x558431b49230
        0x558431b49230
        0x558431b49230
        0x558431b49230
        0x558431b49230
        0x558431b49230
        0x558431b49230
        0x558431b49230
        0x558431b49230
        0x558431b49230
        0x558431b49230
        0x558431b49230
        0x558431b49230
        0x558431b49230
        0x558431b49230
        0x558431b49230
        0x558431b49230
        0x558431b49230
        0x558431b49230
        0x558431b49230
        0x558431b49230
        0x558431b49230
        0x558431b49230
        0x558431b49230
        0x558431b49230
        0x558431b49230
        0x558431b49230
        0x558431b49230
        0x558431b49230
        0x558431b49230
        0x558431b49230
        0x558431b49230
        0x558431b49230
        0x558431b49230
        0x558431b49230
        0x558431b49230
        0x558431b49230
        0x558431b49230
        0x558431b49230
        0x558431b49230
        0x558431b49230
        0x558431b49230
        0x558431b49230
        0x558431b49230
        0x558431b49230
        0x558431b49230
        0x558431b49230
        0x558431b49230
        0x558431b49230
        0x558431b49230
        0x558431b49230
        0x558431b49230
        0x558431b49230
        0x558431b49230
        0x558431b49230
        0x558431b49230
        0x558431b49230
        0x558431b49230
        0x558431b49230
        0x558431b49230
        0x558431b49230
        0x558431b49230
        0x558431b49230
        0x558431b49230
        0x558431b49230
        0x558431b49230
        0x558431b49230
        0x558431b49230
        0x558431b49230
        0x558431b49230
        0x558431b49230
        0x558431b49230
        0x558431b49230
        0x558431b49230
        0x558431b49230
        0x558431b49230
        0x558431b49230
        0x558431b49230
]: 1
@preempt_stack[
        0x4043ba88
        0x40c62b4c
        0x40c5aaa4
        0x4077cadf
        0x7f949c846428
        0x7f949c9e578f
        0x558431b82490
]: 1
@preempt_stack[
        0x7f953e5b6472
]: 1
@preempt_stack[
        0x7f953e5a2578
        0x7f953de986f5
]: 1
@preempt_stack[
        0x7f953eea2bcb
        __clock_gettime+29
        0x7f949caa9ad3
]: 1
@preempt_stack[
        0x7f949c9dcfd2
]: 1
@preempt_stack[
        0x7f949c9cb76a
        0x130000
        0
        0
        0x558432fd5460
]: 1
@preempt_stack[
        0x7f949c99813e
        0
]: 1
@preempt_stack[
        0x40caeec8
        0
        0x2000000000000001
        0x558432740e50
        0x558432740e50
        0x558432740e50
        0x558432740e50
        0x558432740e50
        0x558432740e50
        0x558432740e50
        0x558432740e50
        0x558432740e50
        0x558432740e50
        0x558432740e50
        0x558432740e50
        0x558432740e50
        0x558432740e50
        0x558432740e50
        0x558432740e50
        0x558432740e50
        0x558432740e50
        0x558432740e50
        0x558432740e50
        0x558432740e50
        0x558432740e50
        0x558432740e50
        0x558432740e50
        0x558432740e50
        0x558432740e50
        0x558432740e50
        0x558432740e50
        0x558432740e50
        0x558432740e50
        0x558432740e50
        0x558432740e50
        0x558432740e50
        0x558432740e50
        0x558432740e50
        0x558432740e50
        0x558432740e50
        0x558432740e50
        0x558432740e50
        0x558432740e50
        0x558432740e50
        0x558432740e50
        0x558432740e50
        0x558432740e50
        0x558432740e50
        0x558432740e50
        0x558432740e50
        0x558432740e50
        0x558432740e50
        0x558432740e50
        0x558432740e50
        0x558432740e50
        0x558432740e50
        0x558432740e50
        0x558432740e50
        0x558432740e50
        0x558432740e50
        0x558432740e50
        0x558432740e50
        0x558432740e50
        0x558432740e50
        0x558432740e50
        0x558432740e50
        0x558432740e50
        0x558432740e50
        0x558432740e50
        0x558432740e50
        0x558432740e50
        0x558432740e50
        0x558432740e50
        0x558432740e50
        0x558432740e50
        0x558432740e50
        0x558432740e50
        0x558432740e50
        0x558432740e50
        0x558432740e50
        0x558432740e50
        0x558432740e50
        0x558432740e50
        0x558432740e50
        0x558432740e50
        0x558432740e50
        0x558432740e50
        0x558432740e50
        0x558432740e50
        0x558432740e50
        0x558432740e50
        0x558432740e50
        0x558432740e50
        0x558432740e50
        0x558432740e50
        0x558432740e50
        0x558432740e50
        0x558432740e50
        0x558432740e50
        0x558432740e50
        0x558432740e50
        0x558432740e50
        0x558432740e50
        0x558432740e50
        0x558432740e50
        0x558432740e50
        0x558432740e50
        0x558432740e50
        0x558432740e50
        0x558432740e50
        0x558432740e50
        0x558432740e50
        0x558432740e50
        0x558432740e50
        0x558432740e50
        0x558432740e50
        0x558432740e50
        0x558432740e50
        0x558432740e50
        0x558432740e50
        0x558432740e50
        0x558432740e50
        0x558432740e50
        0x558432740e50
        0x558432740e50
        0x558432740e50
        0x558432740e50
]: 1
@preempt_stack[
        0x7f949c9cb77e
        0x120000
        0x558435709840
        0x558435709840
        0x558435709840
        0x558435709840
        0x558435709840
        0x558435709840
        0x558435709840
        0x558435709840
        0x558435709840
        0x558435709840
        0x558435709840
        0x558435709840
        0x558435709840
        0x558435709840
        0x558435709840
        0x558435709840
        0x558435709840
        0x558435709840
        0x558435709840
        0x558435709840
        0x558435709840
        0x558435709840
        0x558435709840
        0x558435709840
        0x558435709840
        0x558435709840
        0x558435709840
        0x558435709840
        0x558435709840
        0x558435709840
        0x558435709840
        0x558435709840
        0x558435709840
        0x558435709840
        0x558435709840
        0x558435709840
        0x558435709840
        0x558435709840
        0x558435709840
        0x558435709840
        0x558435709840
        0x558435709840
        0x558435709840
        0x558435709840
        0x558435709840
        0x558435709840
        0x558435709840
        0x558435709840
        0x558435709840
        0x558435709840
        0x558435709840
        0x558435709840
        0x558435709840
        0x558435709840
        0x558435709840
        0x558435709840
        0x558435709840
        0x558435709840
        0x558435709840
        0x558435709840
        0x558435709840
        0x558435709840
        0x558435709840
        0x558435709840
        0x558435709840
        0x558435709840
        0x558435709840
        0x558435709840
        0x558435709840
        0x558435709840
        0x558435709840
        0x558435709840
        0x558435709840
        0x558435709840
        0x558435709840
        0x558435709840
        0x558435709840
        0x558435709840
        0x558435709840
        0x558435709840
        0x558435709840
        0x558435709840
        0x558435709840
        0x558435709840
        0x558435709840
        0x558435709840
        0x558435709840
        0x558435709840
        0x558435709840
        0x558435709840
        0x558435709840
        0x558435709840
        0x558435709840
        0x558435709840
        0x558435709840
        0x558435709840
        0x558435709840
        0x558435709840
        0x558435709840
        0x558435709840
        0x558435709840
        0x558435709840
        0x558435709840
        0x558435709840
        0x558435709840
        0x558435709840
        0x558435709840
        0x558435709840
        0x558435709840
        0x558435709840
        0x558435709840
        0x558435709840
        0x558435709840
        0x558435709840
        0x558435709840
        0x558435709840
        0x558435709840
        0x558435709840
        0x558435709840
        0x558435709840
        0x558435709840
        0x558435709840
        0x558435709840
        0x558435709840
        0x558435709840
]: 1
@preempt_stack[
        0x40bb3676
        0
        0
        0x558432736408
        0x558432736408
        0x558432736408
        0x558432736408
        0x558432736408
        0x558432736408
        0x558432736408
        0x558432736408
        0x558432736408
        0x558432736408
        0x558432736408
        0x558432736408
        0x558432736408
        0x558432736408
        0x558432736408
        0x558432736408
        0x558432736408
        0x558432736408
        0x558432736408
        0x558432736408
        0x558432736408
        0x558432736408
        0x558432736408
        0x558432736408
        0x558432736408
        0x558432736408
        0x558432736408
        0x558432736408
        0x558432736408
        0x558432736408
        0x558432736408
        0x558432736408
        0x558432736408
        0x558432736408
        0x558432736408
        0x558432736408
        0x558432736408
        0x558432736408
        0x558432736408
        0x558432736408
        0x558432736408
        0x558432736408
        0x558432736408
        0x558432736408
        0x558432736408
        0x558432736408
        0x558432736408
        0x558432736408
        0x558432736408
        0x558432736408
        0x558432736408
        0x558432736408
        0x558432736408
        0x558432736408
        0x558432736408
        0x558432736408
        0x558432736408
        0x558432736408
        0x558432736408
        0x558432736408
        0x558432736408
        0x558432736408
        0x558432736408
        0x558432736408
        0x558432736408
        0x558432736408
        0x558432736408
        0x558432736408
        0x558432736408
        0x558432736408
        0x558432736408
        0x558432736408
        0x558432736408
        0x558432736408
        0x558432736408
        0x558432736408
        0x558432736408
        0x558432736408
        0x558432736408
        0x558432736408
        0x558432736408
        0x558432736408
        0x558432736408
        0x558432736408
        0x558432736408
        0x558432736408
        0x558432736408
        0x558432736408
        0x558432736408
        0x558432736408
        0x558432736408
        0x558432736408
        0x558432736408
        0x558432736408
        0x558432736408
        0x558432736408
        0x558432736408
        0x558432736408
        0x558432736408
        0x558432736408
        0x558432736408
        0x558432736408
        0x558432736408
        0x558432736408
        0x558432736408
        0x558432736408
        0x558432736408
        0x558432736408
        0x558432736408
        0x558432736408
        0x558432736408
        0x558432736408
        0x558432736408
        0x558432736408
        0x558432736408
        0x558432736408
        0x558432736408
        0x558432736408
        0x558432736408
        0x558432736408
        0x558432736408
        0x558432736408
        0x558432736408
        0x558432736408
]: 1
@preempt_stack[
        0x7f949c9b66e8
]: 1
@preempt_stack[
        0x7f953d9073c5
]: 1
@preempt_stack[
        pthread_self+13
        0x45445f434f4c4c41
        0x7f953d6c4040
        0x6c26058d48ff8949
]: 1
@preempt_stack[
        0x7f953dd2ae28
        0
]: 1
@preempt_stack[
        0x7f953d6c3245
]: 1
@preempt_stack[
        0x7f953eea2bcb
        __clock_gettime+29
        0x7f9300000001
]: 1
@preempt_stack[
        0x7f949c9ce4d8
        0x5584328a93c8
        0x5584328a93c8
        0x5584328a93c8
        0x5584328a93c8
        0x5584328a93c8
        0x5584328a93c8
        0x5584328a93c8
        0x5584328a93c8
        0x5584328a93c8
        0x5584328a93c8
        0x5584328a93c8
        0x5584328a93c8
        0x5584328a93c8
        0x5584328a93c8
        0x5584328a93c8
        0x5584328a93c8
        0x5584328a93c8
        0x5584328a93c8
        0x5584328a93c8
        0x5584328a93c8
        0x5584328a93c8
        0x5584328a93c8
        0x5584328a93c8
        0x5584328a93c8
        0x5584328a93c8
        0x5584328a93c8
        0x5584328a93c8
        0x5584328a93c8
        0x5584328a93c8
        0x5584328a93c8
        0x5584328a93c8
        0x5584328a93c8
        0x5584328a93c8
        0x5584328a93c8
        0x5584328a93c8
        0x5584328a93c8
        0x5584328a93c8
        0x5584328a93c8
        0x5584328a93c8
        0x5584328a93c8
        0x5584328a93c8
        0x5584328a93c8
        0x5584328a93c8
        0x5584328a93c8
        0x5584328a93c8
        0x5584328a93c8
        0x5584328a93c8
        0x5584328a93c8
        0x5584328a93c8
        0x5584328a93c8
        0x5584328a93c8
        0x5584328a93c8
        0x5584328a93c8
        0x5584328a93c8
        0x5584328a93c8
        0x5584328a93c8
        0x5584328a93c8
        0x5584328a93c8
        0x5584328a93c8
        0x5584328a93c8
        0x5584328a93c8
        0x5584328a93c8
        0x5584328a93c8
        0x5584328a93c8
        0x5584328a93c8
        0x5584328a93c8
        0x5584328a93c8
        0x5584328a93c8
        0x5584328a93c8
        0x5584328a93c8
        0x5584328a93c8
        0x5584328a93c8
        0x5584328a93c8
        0x5584328a93c8
        0x5584328a93c8
        0x5584328a93c8
        0x5584328a93c8
        0x5584328a93c8
        0x5584328a93c8
        0x5584328a93c8
        0x5584328a93c8
        0x5584328a93c8
        0x5584328a93c8
        0x5584328a93c8
        0x5584328a93c8
        0x5584328a93c8
        0x5584328a93c8
        0x5584328a93c8
        0x5584328a93c8
        0x5584328a93c8
        0x5584328a93c8
        0x5584328a93c8
        0x5584328a93c8
        0x5584328a93c8
        0x5584328a93c8
        0x5584328a93c8
        0x5584328a93c8
        0x5584328a93c8
        0x5584328a93c8
        0x5584328a93c8
        0x5584328a93c8
        0x5584328a93c8
        0x5584328a93c8
        0x5584328a93c8
        0x5584328a93c8
        0x5584328a93c8
        0x5584328a93c8
        0x5584328a93c8
        0x5584328a93c8
        0x5584328a93c8
        0x5584328a93c8
        0x5584328a93c8
        0x5584328a93c8
        0x5584328a93c8
        0x5584328a93c8
        0x5584328a93c8
        0x5584328a93c8
        0x5584328a93c8
        0x5584328a93c8
        0x5584328a93c8
        0x5584328a93c8
        0x5584328a93c8
        0x5584328a93c8
        0x5584328a93c8
        0x5584328a93c8
        0x5584328a93c8
]: 1
@preempt_stack[
        0x40cad6b8
        0x40cabc4c
        0x40cab139
        0x40ca6ac7
        0x40407e56
        0x40403d24
        0x7f949c846428
        0x7f949c9e578f
        0x558431b82490
]: 1
@preempt_stack[
        0x7f949c9ddb37
        0x558435bbc5f0
]: 1
@preempt_stack[
        0x7f953dd201da
]: 1
@preempt_stack[
        monoeg_g_string_append_len+55
]: 1
@preempt_stack[
        0x7f953e5b4903
]: 1
@preempt_stack[
        0x401b5df9
        0x4046dfb8
        0x40785934
        0x401c67a6
        0x7f949c846428
        0x7f949c9e578f
        0x558431b82490
]: 1
@preempt_stack[
        0x7f953db0c507
        0x40103d303c1
]: 1
@preempt_stack[
        0x7f949c9dcfa3
        0x120000
        0x55843294da48
        0x55843294da48
        0x55843294da48
        0x55843294da48
        0x55843294da48
        0x55843294da48
        0x55843294da48
        0x55843294da48
        0x55843294da48
        0x55843294da48
        0x55843294da48
        0x55843294da48
        0x55843294da48
        0x55843294da48
        0x55843294da48
        0x55843294da48
        0x55843294da48
        0x55843294da48
        0x55843294da48
        0x55843294da48
        0x55843294da48
        0x55843294da48
        0x55843294da48
        0x55843294da48
        0x55843294da48
        0x55843294da48
        0x55843294da48
        0x55843294da48
        0x55843294da48
        0x55843294da48
        0x55843294da48
        0x55843294da48
        0x55843294da48
        0x55843294da48
        0x55843294da48
        0x55843294da48
        0x55843294da48
        0x55843294da48
        0x55843294da48
        0x55843294da48
        0x55843294da48
        0x55843294da48
        0x55843294da48
        0x55843294da48
        0x55843294da48
        0x55843294da48
        0x55843294da48
        0x55843294da48
        0x55843294da48
        0x55843294da48
        0x55843294da48
        0x55843294da48
        0x55843294da48
        0x55843294da48
        0x55843294da48
        0x55843294da48
        0x55843294da48
        0x55843294da48
        0x55843294da48
        0x55843294da48
        0x55843294da48
        0x55843294da48
        0x55843294da48
        0x55843294da48
        0x55843294da48
        0x55843294da48
        0x55843294da48
        0x55843294da48
        0x55843294da48
        0x55843294da48
        0x55843294da48
        0x55843294da48
        0x55843294da48
        0x55843294da48
        0x55843294da48
        0x55843294da48
        0x55843294da48
        0x55843294da48
        0x55843294da48
        0x55843294da48
        0x55843294da48
        0x55843294da48
        0x55843294da48
        0x55843294da48
        0x55843294da48
        0x55843294da48
        0x55843294da48
        0x55843294da48
        0x55843294da48
        0x55843294da48
        0x55843294da48
        0x55843294da48
        0x55843294da48
        0x55843294da48
        0x55843294da48
        0x55843294da48
        0x55843294da48
        0x55843294da48
        0x55843294da48
        0x55843294da48
        0x55843294da48
        0x55843294da48
        0x55843294da48
        0x55843294da48
        0x55843294da48
        0x55843294da48
        0x55843294da48
        0x55843294da48
        0x55843294da48
        0x55843294da48
        0x55843294da48
        0x55843294da48
        0x55843294da48
        0x55843294da48
        0x55843294da48
        0x55843294da48
        0x55843294da48
        0x55843294da48
        0x55843294da48
        0x55843294da48
        0x55843294da48
        0x55843294da48
        0x55843294da48
        0x55843294da48
        0x55843294da48
]: 1
@preempt_stack[
        0x7f953d905ccf
        0
]: 1
@preempt_stack[
        0x7f953caa97c3
]: 1
@preempt_stack[
        0x7f953caafc94
]: 1
@preempt_stack[
        0x7f949c9cb645
]: 1
@preempt_stack[
        mono_g_hash_table_lookup_extended+66
        0x120000
        0x5584351747f8
        0x5584351747f8
        0x5584351747f8
        0x5584351747f8
        0x5584351747f8
        0x5584351747f8
        0x5584351747f8
        0x5584351747f8
        0x5584351747f8
        0x5584351747f8
        0x5584351747f8
        0x5584351747f8
        0x5584351747f8
        0x5584351747f8
        0x5584351747f8
        0x5584351747f8
        0x5584351747f8
        0x5584351747f8
        0x5584351747f8
        0x5584351747f8
        0x5584351747f8
        0x5584351747f8
        0x5584351747f8
        0x5584351747f8
        0x5584351747f8
        0x5584351747f8
        0x5584351747f8
        0x5584351747f8
        0x5584351747f8
        0x5584351747f8
        0x5584351747f8
        0x5584351747f8
        0x5584351747f8
        0x5584351747f8
        0x5584351747f8
        0x5584351747f8
        0x5584351747f8
        0x5584351747f8
        0x5584351747f8
        0x5584351747f8
        0x5584351747f8
        0x5584351747f8
        0x5584351747f8
        0x5584351747f8
        0x5584351747f8
        0x5584351747f8
        0x5584351747f8
        0x5584351747f8
        0x5584351747f8
        0x5584351747f8
        0x5584351747f8
        0x5584351747f8
        0x5584351747f8
        0x5584351747f8
        0x5584351747f8
        0x5584351747f8
        0x5584351747f8
        0x5584351747f8
        0x5584351747f8
        0x5584351747f8
        0x5584351747f8
        0x5584351747f8
        0x5584351747f8
        0x5584351747f8
        0x5584351747f8
        0x5584351747f8
        0x5584351747f8
        0x5584351747f8
        0x5584351747f8
        0x5584351747f8
        0x5584351747f8
        0x5584351747f8
        0x5584351747f8
        0x5584351747f8
        0x5584351747f8
        0x5584351747f8
        0x5584351747f8
        0x5584351747f8
        0x5584351747f8
        0x5584351747f8
        0x5584351747f8
        0x5584351747f8
        0x5584351747f8
        0x5584351747f8
        0x5584351747f8
        0x5584351747f8
        0x5584351747f8
        0x5584351747f8
        0x5584351747f8
        0x5584351747f8
        0x5584351747f8
        0x5584351747f8
        0x5584351747f8
        0x5584351747f8
        0x5584351747f8
        0x5584351747f8
        0x5584351747f8
        0x5584351747f8
        0x5584351747f8
        0x5584351747f8
        0x5584351747f8
        0x5584351747f8
        0x5584351747f8
        0x5584351747f8
        0x5584351747f8
        0x5584351747f8
        0x5584351747f8
        0x5584351747f8
        0x5584351747f8
        0x5584351747f8
        0x5584351747f8
        0x5584351747f8
        0x5584351747f8
        0x5584351747f8
        0x5584351747f8
        0x5584351747f8
        0x5584351747f8
        0x5584351747f8
        0x5584351747f8
        0x5584351747f8
        0x5584351747f8
        0x5584351747f8
        0x5584351747f8
        0x5584351747f8
        0x5584351747f8
]: 1
@preempt_stack[
        0x7f953d905b44
]: 1
@preempt_stack[
        0x4044318d
]: 1
@preempt_stack[
        pthread_cond_timedwait+520
]: 1
@preempt_stack[
        0x40d9cd8f
        0x40d57d0c
        0x40d56d80
        0x40d53864
        0
        0
        0x558432736408
        0x558432736408
        0x558432736408
        0x558432736408
        0x558432736408
        0x558432736408
        0x558432736408
        0x558432736408
        0x558432736408
        0x558432736408
        0x558432736408
        0x558432736408
        0x558432736408
        0x558432736408
        0x558432736408
        0x558432736408
        0x558432736408
        0x558432736408
        0x558432736408
        0x558432736408
        0x558432736408
        0x558432736408
        0x558432736408
        0x558432736408
        0x558432736408
        0x558432736408
        0x558432736408
        0x558432736408
        0x558432736408
        0x558432736408
        0x558432736408
        0x558432736408
        0x558432736408
        0x558432736408
        0x558432736408
        0x558432736408
        0x558432736408
        0x558432736408
        0x558432736408
        0x558432736408
        0x558432736408
        0x558432736408
        0x558432736408
        0x558432736408
        0x558432736408
        0x558432736408
        0x558432736408
        0x558432736408
        0x558432736408
        0x558432736408
        0x558432736408
        0x558432736408
        0x558432736408
        0x558432736408
        0x558432736408
        0x558432736408
        0x558432736408
        0x558432736408
        0x558432736408
        0x558432736408
        0x558432736408
        0x558432736408
        0x558432736408
        0x558432736408
        0x558432736408
        0x558432736408
        0x558432736408
        0x558432736408
        0x558432736408
        0x558432736408
        0x558432736408
        0x558432736408
        0x558432736408
        0x558432736408
        0x558432736408
        0x558432736408
        0x558432736408
        0x558432736408
        0x558432736408
        0x558432736408
        0x558432736408
        0x558432736408
        0x558432736408
        0x558432736408
        0x558432736408
        0x558432736408
        0x558432736408
        0x558432736408
        0x558432736408
        0x558432736408
        0x558432736408
        0x558432736408
        0x558432736408
        0x558432736408
        0x558432736408
        0x558432736408
        0x558432736408
        0x558432736408
        0x558432736408
        0x558432736408
        0x558432736408
        0x558432736408
        0x558432736408
        0x558432736408
        0x558432736408
        0x558432736408
        0x558432736408
        0x558432736408
        0x558432736408
        0x558432736408
        0x558432736408
        0x558432736408
        0x558432736408
        0x558432736408
        0x558432736408
        0x558432736408
        0x558432736408
        0x558432736408
        0x558432736408
        0x558432736408
        0x558432736408
]: 1
@preempt_stack[
        0x40c3e81b
        0x40c3803c
        0x40a8a76e
        0x40407e56
        0x40403d24
        0x7f949c846428
        0x7f949c9e578f
        0x558431b82490
]: 1
@preempt_stack[
        0x7f949c9cb5b8
        0
        0
        0x5584352187d0
]: 1
@preempt_stack[
        0x7f953caa9847
        0x78000880402c0000
]: 1
@preempt_stack[
        0x7f949c9cb75b
        0x120000
        0x558434eddb68
        0x558434eddb68
        0x558434eddb68
        0x558434eddb68
        0x558434eddb68
        0x558434eddb68
        0x558434eddb68
        0x558434eddb68
        0x558434eddb68
        0x558434eddb68
        0x558434eddb68
        0x558434eddb68
        0x558434eddb68
        0x558434eddb68
        0x558434eddb68
        0x558434eddb68
        0x558434eddb68
        0x558434eddb68
        0x558434eddb68
        0x558434eddb68
        0x558434eddb68
        0x558434eddb68
        0x558434eddb68
        0x558434eddb68
        0x558434eddb68
        0x558434eddb68
        0x558434eddb68
        0x558434eddb68
        0x558434eddb68
        0x558434eddb68
        0x558434eddb68
        0x558434eddb68
        0x558434eddb68
        0x558434eddb68
        0x558434eddb68
        0x558434eddb68
        0x558434eddb68
        0x558434eddb68
        0x558434eddb68
        0x558434eddb68
        0x558434eddb68
        0x558434eddb68
        0x558434eddb68
        0x558434eddb68
        0x558434eddb68
        0x558434eddb68
        0x558434eddb68
        0x558434eddb68
        0x558434eddb68
        0x558434eddb68
        0x558434eddb68
        0x558434eddb68
        0x558434eddb68
        0x558434eddb68
        0x558434eddb68
        0x558434eddb68
        0x558434eddb68
        0x558434eddb68
        0x558434eddb68
        0x558434eddb68
        0x558434eddb68
        0x558434eddb68
        0x558434eddb68
        0x558434eddb68
        0x558434eddb68
        0x558434eddb68
        0x558434eddb68
        0x558434eddb68
        0x558434eddb68
        0x558434eddb68
        0x558434eddb68
        0x558434eddb68
        0x558434eddb68
        0x558434eddb68
        0x558434eddb68
        0x558434eddb68
        0x558434eddb68
        0x558434eddb68
        0x558434eddb68
        0x558434eddb68
        0x558434eddb68
        0x558434eddb68
        0x558434eddb68
        0x558434eddb68
        0x558434eddb68
        0x558434eddb68
        0x558434eddb68
        0x558434eddb68
        0x558434eddb68
        0x558434eddb68
        0x558434eddb68
        0x558434eddb68
        0x558434eddb68
        0x558434eddb68
        0x558434eddb68
        0x558434eddb68
        0x558434eddb68
        0x558434eddb68
        0x558434eddb68
        0x558434eddb68
        0x558434eddb68
        0x558434eddb68
        0x558434eddb68
        0x558434eddb68
        0x558434eddb68
        0x558434eddb68
        0x558434eddb68
        0x558434eddb68
        0x558434eddb68
        0x558434eddb68
        0x558434eddb68
        0x558434eddb68
        0x558434eddb68
        0x558434eddb68
        0x558434eddb68
        0x558434eddb68
        0x558434eddb68
        0x558434eddb68
        0x558434eddb68
        0x558434eddb68
        0x558434eddb68
        0x558434eddb68
        0x558434eddb68
        0x558434eddb68
        0x558434eddb68
]: 1
@preempt_stack[
        0x40d81c9f
        0x40d57d0c
        0x40d56d80
        0x40d53864
        0
        0
        0x558432736408
        0x558432736408
        0x558432736408
        0x558432736408
        0x558432736408
        0x558432736408
        0x558432736408
        0x558432736408
        0x558432736408
        0x558432736408
        0x558432736408
        0x558432736408
        0x558432736408
        0x558432736408
        0x558432736408
        0x558432736408
        0x558432736408
        0x558432736408
        0x558432736408
        0x558432736408
        0x558432736408
        0x558432736408
        0x558432736408
        0x558432736408
        0x558432736408
        0x558432736408
        0x558432736408
        0x558432736408
        0x558432736408
        0x558432736408
        0x558432736408
        0x558432736408
        0x558432736408
        0x558432736408
        0x558432736408
        0x558432736408
        0x558432736408
        0x558432736408
        0x558432736408
        0x558432736408
        0x558432736408
        0x558432736408
        0x558432736408
        0x558432736408
        0x558432736408
        0x558432736408
        0x558432736408
        0x558432736408
        0x558432736408
        0x558432736408
        0x558432736408
        0x558432736408
        0x558432736408
        0x558432736408
        0x558432736408
        0x558432736408
        0x558432736408
        0x558432736408
        0x558432736408
        0x558432736408
        0x558432736408
        0x558432736408
        0x558432736408
        0x558432736408
        0x558432736408
        0x558432736408
        0x558432736408
        0x558432736408
        0x558432736408
        0x558432736408
        0x558432736408
        0x558432736408
        0x558432736408
        0x558432736408
        0x558432736408
        0x558432736408
        0x558432736408
        0x558432736408
        0x558432736408
        0x558432736408
        0x558432736408
        0x558432736408
        0x558432736408
        0x558432736408
        0x558432736408
        0x558432736408
        0x558432736408
        0x558432736408
        0x558432736408
        0x558432736408
        0x558432736408
        0x558432736408
        0x558432736408
        0x558432736408
        0x558432736408
        0x558432736408
        0x558432736408
        0x558432736408
        0x558432736408
        0x558432736408
        0x558432736408
        0x558432736408
        0x558432736408
        0x558432736408
        0x558432736408
        0x558432736408
        0x558432736408
        0x558432736408
        0x558432736408
        0x558432736408
        0x558432736408
        0x558432736408
        0x558432736408
        0x558432736408
        0x558432736408
        0x558432736408
        0x558432736408
        0x558432736408
        0x558432736408
        0x558432736408
        0x558432736408
]: 1
@preempt_stack[
        0x7f949c9dcfa3
        0x120000
        0x55843517b6e0
        0x55843517b6e0
        0x55843517b6e0
        0x55843517b6e0
        0x55843517b6e0
        0x55843517b6e0
        0x55843517b6e0
        0x55843517b6e0
        0x55843517b6e0
        0x55843517b6e0
        0x55843517b6e0
        0x55843517b6e0
        0x55843517b6e0
        0x55843517b6e0
        0x55843517b6e0
        0x55843517b6e0
        0x55843517b6e0
        0x55843517b6e0
        0x55843517b6e0
        0x55843517b6e0
        0x55843517b6e0
        0x55843517b6e0
        0x55843517b6e0
        0x55843517b6e0
        0x55843517b6e0
        0x55843517b6e0
        0x55843517b6e0
        0x55843517b6e0
        0x55843517b6e0
        0x55843517b6e0
        0x55843517b6e0
        0x55843517b6e0
        0x55843517b6e0
        0x55843517b6e0
        0x55843517b6e0
        0x55843517b6e0
        0x55843517b6e0
        0x55843517b6e0
        0x55843517b6e0
        0x55843517b6e0
        0x55843517b6e0
        0x55843517b6e0
        0x55843517b6e0
        0x55843517b6e0
        0x55843517b6e0
        0x55843517b6e0
        0x55843517b6e0
        0x55843517b6e0
        0x55843517b6e0
        0x55843517b6e0
        0x55843517b6e0
        0x55843517b6e0
        0x55843517b6e0
        0x55843517b6e0
        0x55843517b6e0
        0x55843517b6e0
        0x55843517b6e0
        0x55843517b6e0
        0x55843517b6e0
        0x55843517b6e0
        0x55843517b6e0
        0x55843517b6e0
        0x55843517b6e0
        0x55843517b6e0
        0x55843517b6e0
        0x55843517b6e0
        0x55843517b6e0
        0x55843517b6e0
        0x55843517b6e0
        0x55843517b6e0
        0x55843517b6e0
        0x55843517b6e0
        0x55843517b6e0
        0x55843517b6e0
        0x55843517b6e0
        0x55843517b6e0
        0x55843517b6e0
        0x55843517b6e0
        0x55843517b6e0
        0x55843517b6e0
        0x55843517b6e0
        0x55843517b6e0
        0x55843517b6e0
        0x55843517b6e0
        0x55843517b6e0
        0x55843517b6e0
        0x55843517b6e0
        0x55843517b6e0
        0x55843517b6e0
        0x55843517b6e0
        0x55843517b6e0
        0x55843517b6e0
        0x55843517b6e0
        0x55843517b6e0
        0x55843517b6e0
        0x55843517b6e0
        0x55843517b6e0
        0x55843517b6e0
        0x55843517b6e0
        0x55843517b6e0
        0x55843517b6e0
        0x55843517b6e0
        0x55843517b6e0
        0x55843517b6e0
        0x55843517b6e0
        0x55843517b6e0
        0x55843517b6e0
        0x55843517b6e0
        0x55843517b6e0
        0x55843517b6e0
        0x55843517b6e0
        0x55843517b6e0
        0x55843517b6e0
        0x55843517b6e0
        0x55843517b6e0
        0x55843517b6e0
        0x55843517b6e0
        0x55843517b6e0
        0x55843517b6e0
        0x55843517b6e0
        0x55843517b6e0
        0x55843517b6e0
        0x55843517b6e0
        0x55843517b6e0
        0x55843517b6e0
]: 1
@preempt_stack[
        mono_metadata_type_hash+222
        0x110000
        0x558431b42e78
        0x558431b42e78
        0x558431b42e78
        0x558431b42e78
        0x558431b42e78
        0x558431b42e78
        0x558431b42e78
        0x558431b42e78
        0x558431b42e78
        0x558431b42e78
        0x558431b42e78
        0x558431b42e78
        0x558431b42e78
        0x558431b42e78
        0x558431b42e78
        0x558431b42e78
        0x558431b42e78
        0x558431b42e78
        0x558431b42e78
        0x558431b42e78
        0x558431b42e78
        0x558431b42e78
        0x558431b42e78
        0x558431b42e78
        0x558431b42e78
        0x558431b42e78
        0x558431b42e78
        0x558431b42e78
        0x558431b42e78
        0x558431b42e78
        0x558431b42e78
        0x558431b42e78
        0x558431b42e78
        0x558431b42e78
        0x558431b42e78
        0x558431b42e78
        0x558431b42e78
        0x558431b42e78
        0x558431b42e78
        0x558431b42e78
        0x558431b42e78
        0x558431b42e78
        0x558431b42e78
        0x558431b42e78
        0x558431b42e78
        0x558431b42e78
        0x558431b42e78
        0x558431b42e78
        0x558431b42e78
        0x558431b42e78
        0x558431b42e78
        0x558431b42e78
        0x558431b42e78
        0x558431b42e78
        0x558431b42e78
        0x558431b42e78
        0x558431b42e78
        0x558431b42e78
        0x558431b42e78
        0x558431b42e78
        0x558431b42e78
        0x558431b42e78
        0x558431b42e78
        0x558431b42e78
        0x558431b42e78
        0x558431b42e78
        0x558431b42e78
        0x558431b42e78
        0x558431b42e78
        0x558431b42e78
        0x558431b42e78
        0x558431b42e78
        0x558431b42e78
        0x558431b42e78
        0x558431b42e78
        0x558431b42e78
        0x558431b42e78
        0x558431b42e78
        0x558431b42e78
        0x558431b42e78
        0x558431b42e78
        0x558431b42e78
        0x558431b42e78
        0x558431b42e78
        0x558431b42e78
        0x558431b42e78
        0x558431b42e78
        0x558431b42e78
        0x558431b42e78
        0x558431b42e78
        0x558431b42e78
        0x558431b42e78
        0x558431b42e78
        0x558431b42e78
        0x558431b42e78
        0x558431b42e78
        0x558431b42e78
        0x558431b42e78
        0x558431b42e78
        0x558431b42e78
        0x558431b42e78
        0x558431b42e78
        0x558431b42e78
        0x558431b42e78
        0x558431b42e78
        0x558431b42e78
        0x558431b42e78
        0x558431b42e78
        0x558431b42e78
        0x558431b42e78
        0x558431b42e78
        0x558431b42e78
        0x558431b42e78
        0x558431b42e78
        0x558431b42e78
        0x558431b42e78
        0x558431b42e78
        0x558431b42e78
        0x558431b42e78
        0x558431b42e78
        0x558431b42e78
        0x558431b42e78
        0x558431b42e78
        0x558431b42e78
        0x558431b42e78
]: 1
@preempt_stack[
        0x7f953dd1ffb9
        0x1000007f953dcc61
]: 1
@preempt_stack[
        0x4019c0aa
]: 1
@preempt_stack[
        0x7f953d971b7b
        0x7f9440432c30
        0x28374ad809bfbef
]: 1
@preempt_stack[
        0x40202edc
        0x40212f04
        0x40a8a7df
        0x40407e56
        0x40403d24
        0x7f949c846428
        0x7f949c9e578f
        0x558431b82490
]: 1
@preempt_stack[
        pthread_mutex_trylock+909
        0x120000
        0x5584329df5d0
        0x5584329df5d0
        0x5584329df5d0
        0x5584329df5d0
        0x5584329df5d0
        0x5584329df5d0
        0x5584329df5d0
        0x5584329df5d0
        0x5584329df5d0
        0x5584329df5d0
        0x5584329df5d0
        0x5584329df5d0
        0x5584329df5d0
        0x5584329df5d0
        0x5584329df5d0
        0x5584329df5d0
        0x5584329df5d0
        0x5584329df5d0
        0x5584329df5d0
        0x5584329df5d0
        0x5584329df5d0
        0x5584329df5d0
        0x5584329df5d0
        0x5584329df5d0
        0x5584329df5d0
        0x5584329df5d0
        0x5584329df5d0
        0x5584329df5d0
        0x5584329df5d0
        0x5584329df5d0
        0x5584329df5d0
        0x5584329df5d0
        0x5584329df5d0
        0x5584329df5d0
        0x5584329df5d0
        0x5584329df5d0
        0x5584329df5d0
        0x5584329df5d0
        0x5584329df5d0
        0x5584329df5d0
        0x5584329df5d0
        0x5584329df5d0
        0x5584329df5d0
        0x5584329df5d0
        0x5584329df5d0
        0x5584329df5d0
        0x5584329df5d0
        0x5584329df5d0
        0x5584329df5d0
        0x5584329df5d0
        0x5584329df5d0
        0x5584329df5d0
        0x5584329df5d0
        0x5584329df5d0
        0x5584329df5d0
        0x5584329df5d0
        0x5584329df5d0
        0x5584329df5d0
        0x5584329df5d0
        0x5584329df5d0
        0x5584329df5d0
        0x5584329df5d0
        0x5584329df5d0
        0x5584329df5d0
        0x5584329df5d0
        0x5584329df5d0
        0x5584329df5d0
        0x5584329df5d0
        0x5584329df5d0
        0x5584329df5d0
        0x5584329df5d0
        0x5584329df5d0
        0x5584329df5d0
        0x5584329df5d0
        0x5584329df5d0
        0x5584329df5d0
        0x5584329df5d0
        0x5584329df5d0
        0x5584329df5d0
        0x5584329df5d0
        0x5584329df5d0
        0x5584329df5d0
        0x5584329df5d0
        0x5584329df5d0
        0x5584329df5d0
        0x5584329df5d0
        0x5584329df5d0
        0x5584329df5d0
        0x5584329df5d0
        0x5584329df5d0
        0x5584329df5d0
        0x5584329df5d0
        0x5584329df5d0
        0x5584329df5d0
        0x5584329df5d0
        0x5584329df5d0
        0x5584329df5d0
        0x5584329df5d0
        0x5584329df5d0
        0x5584329df5d0
        0x5584329df5d0
        0x5584329df5d0
        0x5584329df5d0
        0x5584329df5d0
        0x5584329df5d0
        0x5584329df5d0
        0x5584329df5d0
        0x5584329df5d0
        0x5584329df5d0
        0x5584329df5d0
        0x5584329df5d0
        0x5584329df5d0
        0x5584329df5d0
        0x5584329df5d0
        0x5584329df5d0
        0x5584329df5d0
        0x5584329df5d0
        0x5584329df5d0
        0x5584329df5d0
        0x5584329df5d0
        0x5584329df5d0
        0x5584329df5d0
        0x5584329df5d0
        0x5584329df5d0
        0x5584329df5d0
]: 1
@preempt_stack[
        0x40bb3676
        0
        0x2000000000000001
        0x558432740e50
        0x558432740e50
        0x558432740e50
        0x558432740e50
        0x558432740e50
        0x558432740e50
        0x558432740e50
        0x558432740e50
        0x558432740e50
        0x558432740e50
        0x558432740e50
        0x558432740e50
        0x558432740e50
        0x558432740e50
        0x558432740e50
        0x558432740e50
        0x558432740e50
        0x558432740e50
        0x558432740e50
        0x558432740e50
        0x558432740e50
        0x558432740e50
        0x558432740e50
        0x558432740e50
        0x558432740e50
        0x558432740e50
        0x558432740e50
        0x558432740e50
        0x558432740e50
        0x558432740e50
        0x558432740e50
        0x558432740e50
        0x558432740e50
        0x558432740e50
        0x558432740e50
        0x558432740e50
        0x558432740e50
        0x558432740e50
        0x558432740e50
        0x558432740e50
        0x558432740e50
        0x558432740e50
        0x558432740e50
        0x558432740e50
        0x558432740e50
        0x558432740e50
        0x558432740e50
        0x558432740e50
        0x558432740e50
        0x558432740e50
        0x558432740e50
        0x558432740e50
        0x558432740e50
        0x558432740e50
        0x558432740e50
        0x558432740e50
        0x558432740e50
        0x558432740e50
        0x558432740e50
        0x558432740e50
        0x558432740e50
        0x558432740e50
        0x558432740e50
        0x558432740e50
        0x558432740e50
        0x558432740e50
        0x558432740e50
        0x558432740e50
        0x558432740e50
        0x558432740e50
        0x558432740e50
        0x558432740e50
        0x558432740e50
        0x558432740e50
        0x558432740e50
        0x558432740e50
        0x558432740e50
        0x558432740e50
        0x558432740e50
        0x558432740e50
        0x558432740e50
        0x558432740e50
        0x558432740e50
        0x558432740e50
        0x558432740e50
        0x558432740e50
        0x558432740e50
        0x558432740e50
        0x558432740e50
        0x558432740e50
        0x558432740e50
        0x558432740e50
        0x558432740e50
        0x558432740e50
        0x558432740e50
        0x558432740e50
        0x558432740e50
        0x558432740e50
        0x558432740e50
        0x558432740e50
        0x558432740e50
        0x558432740e50
        0x558432740e50
        0x558432740e50
        0x558432740e50
        0x558432740e50
        0x558432740e50
        0x558432740e50
        0x558432740e50
        0x558432740e50
        0x558432740e50
        0x558432740e50
        0x558432740e50
        0x558432740e50
        0x558432740e50
        0x558432740e50
        0x558432740e50
        0x558432740e50
        0x558432740e50
        0x558432740e50
        0x558432740e50
        0x558432740e50
        0x558432740e50
        0x558432740e50
]: 1
@preempt_stack[
        0x7f949c9dcfa3
        0x120000
        0x55843483daf8
        0x55843483daf8
        0x55843483daf8
        0x55843483daf8
        0x55843483daf8
        0x55843483daf8
        0x55843483daf8
        0x55843483daf8
        0x55843483daf8
        0x55843483daf8
        0x55843483daf8
        0x55843483daf8
        0x55843483daf8
        0x55843483daf8
        0x55843483daf8
        0x55843483daf8
        0x55843483daf8
        0x55843483daf8
        0x55843483daf8
        0x55843483daf8
        0x55843483daf8
        0x55843483daf8
        0x55843483daf8
        0x55843483daf8
        0x55843483daf8
        0x55843483daf8
        0x55843483daf8
        0x55843483daf8
        0x55843483daf8
        0x55843483daf8
        0x55843483daf8
        0x55843483daf8
        0x55843483daf8
        0x55843483daf8
        0x55843483daf8
        0x55843483daf8
        0x55843483daf8
        0x55843483daf8
        0x55843483daf8
        0x55843483daf8
        0x55843483daf8
        0x55843483daf8
        0x55843483daf8
        0x55843483daf8
        0x55843483daf8
        0x55843483daf8
        0x55843483daf8
        0x55843483daf8
        0x55843483daf8
        0x55843483daf8
        0x55843483daf8
        0x55843483daf8
        0x55843483daf8
        0x55843483daf8
        0x55843483daf8
        0x55843483daf8
        0x55843483daf8
        0x55843483daf8
        0x55843483daf8
        0x55843483daf8
        0x55843483daf8
        0x55843483daf8
        0x55843483daf8
        0x55843483daf8
        0x55843483daf8
        0x55843483daf8
        0x55843483daf8
        0x55843483daf8
        0x55843483daf8
        0x55843483daf8
        0x55843483daf8
        0x55843483daf8
        0x55843483daf8
        0x55843483daf8
        0x55843483daf8
        0x55843483daf8
        0x55843483daf8
        0x55843483daf8
        0x55843483daf8
        0x55843483daf8
        0x55843483daf8
        0x55843483daf8
        0x55843483daf8
        0x55843483daf8
        0x55843483daf8
        0x55843483daf8
        0x55843483daf8
        0x55843483daf8
        0x55843483daf8
        0x55843483daf8
        0x55843483daf8
        0x55843483daf8
        0x55843483daf8
        0x55843483daf8
        0x55843483daf8
        0x55843483daf8
        0x55843483daf8
        0x55843483daf8
        0x55843483daf8
        0x55843483daf8
        0x55843483daf8
        0x55843483daf8
        0x55843483daf8
        0x55843483daf8
        0x55843483daf8
        0x55843483daf8
        0x55843483daf8
        0x55843483daf8
        0x55843483daf8
        0x55843483daf8
        0x55843483daf8
        0x55843483daf8
        0x55843483daf8
        0x55843483daf8
        0x55843483daf8
        0x55843483daf8
        0x55843483daf8
        0x55843483daf8
        0x55843483daf8
        0x55843483daf8
        0x55843483daf8
        0x55843483daf8
        0x55843483daf8
        0x55843483daf8
        0x55843483daf8
]: 1
@preempt_stack[
        0x40cac40e
]: 1
@preempt_stack[
        0x7f949c9cb8eb
        0x120000
        0x558433fcbe28
        0x558433fcbe28
        0x558433fcbe28
        0x558433fcbe28
        0x558433fcbe28
        0x558433fcbe28
        0x558433fcbe28
        0x558433fcbe28
        0x558433fcbe28
        0x558433fcbe28
        0x558433fcbe28
        0x558433fcbe28
        0x558433fcbe28
        0x558433fcbe28
        0x558433fcbe28
        0x558433fcbe28
        0x558433fcbe28
        0x558433fcbe28
        0x558433fcbe28
        0x558433fcbe28
        0x558433fcbe28
        0x558433fcbe28
        0x558433fcbe28
        0x558433fcbe28
        0x558433fcbe28
        0x558433fcbe28
        0x558433fcbe28
        0x558433fcbe28
        0x558433fcbe28
        0x558433fcbe28
        0x558433fcbe28
        0x558433fcbe28
        0x558433fcbe28
        0x558433fcbe28
        0x558433fcbe28
        0x558433fcbe28
        0x558433fcbe28
        0x558433fcbe28
        0x558433fcbe28
        0x558433fcbe28
        0x558433fcbe28
        0x558433fcbe28
        0x558433fcbe28
        0x558433fcbe28
        0x558433fcbe28
        0x558433fcbe28
        0x558433fcbe28
        0x558433fcbe28
        0x558433fcbe28
        0x558433fcbe28
        0x558433fcbe28
        0x558433fcbe28
        0x558433fcbe28
        0x558433fcbe28
        0x558433fcbe28
        0x558433fcbe28
        0x558433fcbe28
        0x558433fcbe28
        0x558433fcbe28
        0x558433fcbe28
        0x558433fcbe28
        0x558433fcbe28
        0x558433fcbe28
        0x558433fcbe28
        0x558433fcbe28
        0x558433fcbe28
        0x558433fcbe28
        0x558433fcbe28
        0x558433fcbe28
        0x558433fcbe28
        0x558433fcbe28
        0x558433fcbe28
        0x558433fcbe28
        0x558433fcbe28
        0x558433fcbe28
        0x558433fcbe28
        0x558433fcbe28
        0x558433fcbe28
        0x558433fcbe28
        0x558433fcbe28
        0x558433fcbe28
        0x558433fcbe28
        0x558433fcbe28
        0x558433fcbe28
        0x558433fcbe28
        0x558433fcbe28
        0x558433fcbe28
        0x558433fcbe28
        0x558433fcbe28
        0x558433fcbe28
        0x558433fcbe28
        0x558433fcbe28
        0x558433fcbe28
        0x558433fcbe28
        0x558433fcbe28
        0x558433fcbe28
        0x558433fcbe28
        0x558433fcbe28
        0x558433fcbe28
        0x558433fcbe28
        0x558433fcbe28
        0x558433fcbe28
        0x558433fcbe28
        0x558433fcbe28
        0x558433fcbe28
        0x558433fcbe28
        0x558433fcbe28
        0x558433fcbe28
        0x558433fcbe28
        0x558433fcbe28
        0x558433fcbe28
        0x558433fcbe28
        0x558433fcbe28
        0x558433fcbe28
        0x558433fcbe28
        0x558433fcbe28
        0x558433fcbe28
        0x558433fcbe28
        0x558433fcbe28
        0x558433fcbe28
        0x558433fcbe28
        0x558433fcbe28
        0x558433fcbe28
        0x558433fcbe28
        0x558433fcbe28
]: 1
@preempt_stack[
        0x7f953db084da
]: 1
@preempt_stack[
        0x7f953cab61f2
        0x40
]: 1
@preempt_stack[
        0x7f949ca4d771
]: 1
@preempt_stack[
        0x40c0de06
        0x40c0d864
        0x4077cadf
        0x7f949c846428
        0x7f949c9e578f
        0x558431b82490
]: 1
@preempt_stack[
        0x40a8b191
        0x40a8a7df
        0x40407e56
        0x40403d24
        0x7f949c846428
        0x7f949c9e578f
        0x558431b82490
]: 1
@preempt_stack[
        0x40c0db78
        0x40c0d864
        0x4077cadf
        0x7f949c846428
        0x7f949c9e578f
        0x558431b82490
]: 1
@preempt_stack[
        0x40cad70d
        0x40cb2a88
        0x40cafea4
        0x40cafc3c
        0x40407e56
        0x40403d24
        0x7f949c846428
        0x7f949c9e578f
        0x558431b82490
]: 1
@preempt_stack[
        0x7f949c9cb5b8
        0
        0
        0x5584336ee6c0
]: 1
@preempt_stack[
        0x401a1923
        0x40cabc4c
        0x40cab139
        0x40ca6ac7
        0x40407e56
        0x40403d24
        0x7f949c846428
        0x7f949c9e578f
        0x558431b82490
]: 1
@preempt_stack[
        0x7f953e6b36c3
]: 1
@preempt_stack[
        0x7f949c9fe965
        0x7f9352b7f6c0
        0x7f93907bc6c0
        0x7f93909bd6c0
        0x7f9390bbe6c0
        0x7f9390dbf6c0
        0x7f93f1bb76c0
        0x7f93f1db86c0
        0x7f93f2ff96c0
        0x7f94709a36c0
        0x7f9470ba46c0
        0x7f9474e336c0
        0x7f94750346c0
        0x7f94752356c0
        0x7f94754366c0
        0x7f9476ec06c0
        0x7f94821e16c0
        0x7f94829e26c0
        0x7f94831e36c0
        0x7f94839e46c0
        0x7f94841e56c0
        0x7f94849e66c0
        0x7f94851e76c0
        0x7f94859e86c0
        0x7f94861e96c0
        0x7f94869ea6c0
        0x7f94871eb6c0
        0x7f94879ec6c0
        0x7f94881ed6c0
        0x7f94889ee6c0
        0x7f94891ef6c0
        0x7f94899f06c0
        0x7f948a1f16c0
        0x7f948a9f26c0
        0x7f948b1f36c0
        0x7f948b9f46c0
        0x7f948c1f56c0
        0x7f948c9f66c0
        0x7f948d1f76c0
        0x7f948d9f86c0
        0x7f948e1f96c0
        0x7f948e9fa6c0
        0x7f948f1fb6c0
        0x7f948f9fc6c0
        0x7f94901fd6c0
        0x7f94909fe6c0
        0x7f94911ff6c0
        0x7f949c1ff6c0
        0x7f953ed02bc0
]: 1
@preempt_stack[
        0x7f949c99c7f1
        0x5584326ee788
]: 1
@preempt_stack[
        0x7f949c9cb775
        0x130000
        0x1
        0
        0x558432a0c520
]: 1
@preempt_stack[
        0x7f949c9dcfa3
        0x120000
        0x5584332247c0
        0x5584332247c0
        0x5584332247c0
        0x5584332247c0
        0x5584332247c0
        0x5584332247c0
        0x5584332247c0
        0x5584332247c0
        0x5584332247c0
        0x5584332247c0
        0x5584332247c0
        0x5584332247c0
        0x5584332247c0
        0x5584332247c0
        0x5584332247c0
        0x5584332247c0
        0x5584332247c0
        0x5584332247c0
        0x5584332247c0
        0x5584332247c0
        0x5584332247c0
        0x5584332247c0
        0x5584332247c0
        0x5584332247c0
        0x5584332247c0
        0x5584332247c0
        0x5584332247c0
        0x5584332247c0
        0x5584332247c0
        0x5584332247c0
        0x5584332247c0
        0x5584332247c0
        0x5584332247c0
        0x5584332247c0
        0x5584332247c0
        0x5584332247c0
        0x5584332247c0
        0x5584332247c0
        0x5584332247c0
        0x5584332247c0
        0x5584332247c0
        0x5584332247c0
        0x5584332247c0
        0x5584332247c0
        0x5584332247c0
        0x5584332247c0
        0x5584332247c0
        0x5584332247c0
        0x5584332247c0
        0x5584332247c0
        0x5584332247c0
        0x5584332247c0
        0x5584332247c0
        0x5584332247c0
        0x5584332247c0
        0x5584332247c0
        0x5584332247c0
        0x5584332247c0
        0x5584332247c0
        0x5584332247c0
        0x5584332247c0
        0x5584332247c0
        0x5584332247c0
        0x5584332247c0
        0x5584332247c0
        0x5584332247c0
        0x5584332247c0
        0x5584332247c0
        0x5584332247c0
        0x5584332247c0
        0x5584332247c0
        0x5584332247c0
        0x5584332247c0
        0x5584332247c0
        0x5584332247c0
        0x5584332247c0
        0x5584332247c0
        0x5584332247c0
        0x5584332247c0
        0x5584332247c0
        0x5584332247c0
        0x5584332247c0
        0x5584332247c0
        0x5584332247c0
        0x5584332247c0
        0x5584332247c0
        0x5584332247c0
        0x5584332247c0
        0x5584332247c0
        0x5584332247c0
        0x5584332247c0
        0x5584332247c0
        0x5584332247c0
        0x5584332247c0
        0x5584332247c0
        0x5584332247c0
        0x5584332247c0
        0x5584332247c0
        0x5584332247c0
        0x5584332247c0
        0x5584332247c0
        0x5584332247c0
        0x5584332247c0
        0x5584332247c0
        0x5584332247c0
        0x5584332247c0
        0x5584332247c0
        0x5584332247c0
        0x5584332247c0
        0x5584332247c0
        0x5584332247c0
        0x5584332247c0
        0x5584332247c0
        0x5584332247c0
        0x5584332247c0
        0x5584332247c0
        0x5584332247c0
        0x5584332247c0
        0x5584332247c0
        0x5584332247c0
        0x5584332247c0
        0x5584332247c0
        0x5584332247c0
        0x5584332247c0
        0x5584332247c0
]: 1
@preempt_stack[
        0x401ad9c0
        0x40af0680
        0x40407e56
        0x40403d24
        0x7f949c846428
        0x7f949c9e578f
        0x558431b82490
]: 1
@preempt_stack[
        0x4050a718
        0x4046dfb8
        0x40785934
        0x401c67a6
        0x7f949c846428
        0x7f949c9e578f
        0x558431b82490
]: 1
@preempt_stack[
        0x7f953caabf0a
]: 1
@preempt_stack[
        mono_metadata_type_hash+80
        0x120000
        0x5584346df0f8
        0x5584346df0f8
        0x5584346df0f8
        0x5584346df0f8
        0x5584346df0f8
        0x5584346df0f8
        0x5584346df0f8
        0x5584346df0f8
        0x5584346df0f8
        0x5584346df0f8
        0x5584346df0f8
        0x5584346df0f8
        0x5584346df0f8
        0x5584346df0f8
        0x5584346df0f8
        0x5584346df0f8
        0x5584346df0f8
        0x5584346df0f8
        0x5584346df0f8
        0x5584346df0f8
        0x5584346df0f8
        0x5584346df0f8
        0x5584346df0f8
        0x5584346df0f8
        0x5584346df0f8
        0x5584346df0f8
        0x5584346df0f8
        0x5584346df0f8
        0x5584346df0f8
        0x5584346df0f8
        0x5584346df0f8
        0x5584346df0f8
        0x5584346df0f8
        0x5584346df0f8
        0x5584346df0f8
        0x5584346df0f8
        0x5584346df0f8
        0x5584346df0f8
        0x5584346df0f8
        0x5584346df0f8
        0x5584346df0f8
        0x5584346df0f8
        0x5584346df0f8
        0x5584346df0f8
        0x5584346df0f8
        0x5584346df0f8
        0x5584346df0f8
        0x5584346df0f8
        0x5584346df0f8
        0x5584346df0f8
        0x5584346df0f8
        0x5584346df0f8
        0x5584346df0f8
        0x5584346df0f8
        0x5584346df0f8
        0x5584346df0f8
        0x5584346df0f8
        0x5584346df0f8
        0x5584346df0f8
        0x5584346df0f8
        0x5584346df0f8
        0x5584346df0f8
        0x5584346df0f8
        0x5584346df0f8
        0x5584346df0f8
        0x5584346df0f8
        0x5584346df0f8
        0x5584346df0f8
        0x5584346df0f8
        0x5584346df0f8
        0x5584346df0f8
        0x5584346df0f8
        0x5584346df0f8
        0x5584346df0f8
        0x5584346df0f8
        0x5584346df0f8
        0x5584346df0f8
        0x5584346df0f8
        0x5584346df0f8
        0x5584346df0f8
        0x5584346df0f8
        0x5584346df0f8
        0x5584346df0f8
        0x5584346df0f8
        0x5584346df0f8
        0x5584346df0f8
        0x5584346df0f8
        0x5584346df0f8
        0x5584346df0f8
        0x5584346df0f8
        0x5584346df0f8
        0x5584346df0f8
        0x5584346df0f8
        0x5584346df0f8
        0x5584346df0f8
        0x5584346df0f8
        0x5584346df0f8
        0x5584346df0f8
        0x5584346df0f8
        0x5584346df0f8
        0x5584346df0f8
        0x5584346df0f8
        0x5584346df0f8
        0x5584346df0f8
        0x5584346df0f8
        0x5584346df0f8
        0x5584346df0f8
        0x5584346df0f8
        0x5584346df0f8
        0x5584346df0f8
        0x5584346df0f8
        0x5584346df0f8
        0x5584346df0f8
        0x5584346df0f8
        0x5584346df0f8
        0x5584346df0f8
        0x5584346df0f8
        0x5584346df0f8
        0x5584346df0f8
        0x5584346df0f8
        0x5584346df0f8
        0x5584346df0f8
        0x5584346df0f8
        0x5584346df0f8
        0x5584346df0f8
]: 1
@preempt_stack[
        0x7f949c9cb5a7
        0x130000
        0x2
        0
        0x5584322fc4d0
]: 1
@preempt_stack[
        pthread_mutex_trylock+926
        0x120000
        0x558432ea1200
        0x558432ea1200
        0x558432ea1200
        0x558432ea1200
        0x558432ea1200
        0x558432ea1200
        0x558432ea1200
        0x558432ea1200
        0x558432ea1200
        0x558432ea1200
        0x558432ea1200
        0x558432ea1200
        0x558432ea1200
        0x558432ea1200
        0x558432ea1200
        0x558432ea1200
        0x558432ea1200
        0x558432ea1200
        0x558432ea1200
        0x558432ea1200
        0x558432ea1200
        0x558432ea1200
        0x558432ea1200
        0x558432ea1200
        0x558432ea1200
        0x558432ea1200
        0x558432ea1200
        0x558432ea1200
        0x558432ea1200
        0x558432ea1200
        0x558432ea1200
        0x558432ea1200
        0x558432ea1200
        0x558432ea1200
        0x558432ea1200
        0x558432ea1200
        0x558432ea1200
        0x558432ea1200
        0x558432ea1200
        0x558432ea1200
        0x558432ea1200
        0x558432ea1200
        0x558432ea1200
        0x558432ea1200
        0x558432ea1200
        0x558432ea1200
        0x558432ea1200
        0x558432ea1200
        0x558432ea1200
        0x558432ea1200
        0x558432ea1200
        0x558432ea1200
        0x558432ea1200
        0x558432ea1200
        0x558432ea1200
        0x558432ea1200
        0x558432ea1200
        0x558432ea1200
        0x558432ea1200
        0x558432ea1200
        0x558432ea1200
        0x558432ea1200
        0x558432ea1200
        0x558432ea1200
        0x558432ea1200
        0x558432ea1200
        0x558432ea1200
        0x558432ea1200
        0x558432ea1200
        0x558432ea1200
        0x558432ea1200
        0x558432ea1200
        0x558432ea1200
        0x558432ea1200
        0x558432ea1200
        0x558432ea1200
        0x558432ea1200
        0x558432ea1200
        0x558432ea1200
        0x558432ea1200
        0x558432ea1200
        0x558432ea1200
        0x558432ea1200
        0x558432ea1200
        0x558432ea1200
        0x558432ea1200
        0x558432ea1200
        0x558432ea1200
        0x558432ea1200
        0x558432ea1200
        0x558432ea1200
        0x558432ea1200
        0x558432ea1200
        0x558432ea1200
        0x558432ea1200
        0x558432ea1200
        0x558432ea1200
        0x558432ea1200
        0x558432ea1200
        0x558432ea1200
        0x558432ea1200
        0x558432ea1200
        0x558432ea1200
        0x558432ea1200
        0x558432ea1200
        0x558432ea1200
        0x558432ea1200
        0x558432ea1200
        0x558432ea1200
        0x558432ea1200
        0x558432ea1200
        0x558432ea1200
        0x558432ea1200
        0x558432ea1200
        0x558432ea1200
        0x558432ea1200
        0x558432ea1200
        0x558432ea1200
        0x558432ea1200
        0x558432ea1200
        0x558432ea1200
        0x558432ea1200
        0x558432ea1200
        0x558432ea1200
        0x558432ea1200
]: 1
@preempt_stack[
        0x40cabfc6
        0x40cab139
        0x40ca6ac7
        0x40407e56
        0x40403d24
        0x7f949c846428
        0x7f949c9e578f
        0x558431b82490
]: 1
@preempt_stack[
        0x40caf17d
        0
        0x2000000000000001
        0x558432740e50
        0x558432740e50
        0x558432740e50
        0x558432740e50
        0x558432740e50
        0x558432740e50
        0x558432740e50
        0x558432740e50
        0x558432740e50
        0x558432740e50
        0x558432740e50
        0x558432740e50
        0x558432740e50
        0x558432740e50
        0x558432740e50
        0x558432740e50
        0x558432740e50
        0x558432740e50
        0x558432740e50
        0x558432740e50
        0x558432740e50
        0x558432740e50
        0x558432740e50
        0x558432740e50
        0x558432740e50
        0x558432740e50
        0x558432740e50
        0x558432740e50
        0x558432740e50
        0x558432740e50
        0x558432740e50
        0x558432740e50
        0x558432740e50
        0x558432740e50
        0x558432740e50
        0x558432740e50
        0x558432740e50
        0x558432740e50
        0x558432740e50
        0x558432740e50
        0x558432740e50
        0x558432740e50
        0x558432740e50
        0x558432740e50
        0x558432740e50
        0x558432740e50
        0x558432740e50
        0x558432740e50
        0x558432740e50
        0x558432740e50
        0x558432740e50
        0x558432740e50
        0x558432740e50
        0x558432740e50
        0x558432740e50
        0x558432740e50
        0x558432740e50
        0x558432740e50
        0x558432740e50
        0x558432740e50
        0x558432740e50
        0x558432740e50
        0x558432740e50
        0x558432740e50
        0x558432740e50
        0x558432740e50
        0x558432740e50
        0x558432740e50
        0x558432740e50
        0x558432740e50
        0x558432740e50
        0x558432740e50
        0x558432740e50
        0x558432740e50
        0x558432740e50
        0x558432740e50
        0x558432740e50
        0x558432740e50
        0x558432740e50
        0x558432740e50
        0x558432740e50
        0x558432740e50
        0x558432740e50
        0x558432740e50
        0x558432740e50
        0x558432740e50
        0x558432740e50
        0x558432740e50
        0x558432740e50
        0x558432740e50
        0x558432740e50
        0x558432740e50
        0x558432740e50
        0x558432740e50
        0x558432740e50
        0x558432740e50
        0x558432740e50
        0x558432740e50
        0x558432740e50
        0x558432740e50
        0x558432740e50
        0x558432740e50
        0x558432740e50
        0x558432740e50
        0x558432740e50
        0x558432740e50
        0x558432740e50
        0x558432740e50
        0x558432740e50
        0x558432740e50
        0x558432740e50
        0x558432740e50
        0x558432740e50
        0x558432740e50
        0x558432740e50
        0x558432740e50
        0x558432740e50
        0x558432740e50
        0x558432740e50
        0x558432740e50
        0x558432740e50
        0x558432740e50
        0x558432740e50
        0x558432740e50
]: 1
@preempt_stack[
        0x7f953dd4ef38
        0x7f950307e5d0
]: 1
@preempt_stack[
        0x7f949ca0f68f
        0x130000
        0
        0
        0x558434838630
]: 1
@preempt_stack[
        0x7f953dcd3667
        0xcc10cc40cc4
]: 1
@preempt_stack[
        0x40af8438
]: 1
@preempt_stack[
        0x40caeebe
        0x40cac9c0
        0x40cabc4c
        0x40cab139
        0x40ca6ac7
        0x40407e56
        0x40403d24
        0x7f949c846428
        0x7f949c9e578f
        0x558431b82490
]: 1
@preempt_stack[
        0x7f953cbb80c7
        0x41f0280f00000038
]: 1
@preempt_stack[
        0x7f953e573e6b
]: 1
@preempt_stack[
        0x7f953dd12637
        0x7f95011b90e0
]: 1
@preempt_stack[
        0x7f949c9acde7
        0
]: 1
@preempt_stack[
        0x7f949c9dcfa3
        0x120000
        0x558434adac98
        0x558434adac98
        0x558434adac98
        0x558434adac98
        0x558434adac98
        0x558434adac98
        0x558434adac98
        0x558434adac98
        0x558434adac98
        0x558434adac98
        0x558434adac98
        0x558434adac98
        0x558434adac98
        0x558434adac98
        0x558434adac98
        0x558434adac98
        0x558434adac98
        0x558434adac98
        0x558434adac98
        0x558434adac98
        0x558434adac98
        0x558434adac98
        0x558434adac98
        0x558434adac98
        0x558434adac98
        0x558434adac98
        0x558434adac98
        0x558434adac98
        0x558434adac98
        0x558434adac98
        0x558434adac98
        0x558434adac98
        0x558434adac98
        0x558434adac98
        0x558434adac98
        0x558434adac98
        0x558434adac98
        0x558434adac98
        0x558434adac98
        0x558434adac98
        0x558434adac98
        0x558434adac98
        0x558434adac98
        0x558434adac98
        0x558434adac98
        0x558434adac98
        0x558434adac98
        0x558434adac98
        0x558434adac98
        0x558434adac98
        0x558434adac98
        0x558434adac98
        0x558434adac98
        0x558434adac98
        0x558434adac98
        0x558434adac98
        0x558434adac98
        0x558434adac98
        0x558434adac98
        0x558434adac98
        0x558434adac98
        0x558434adac98
        0x558434adac98
        0x558434adac98
        0x558434adac98
        0x558434adac98
        0x558434adac98
        0x558434adac98
        0x558434adac98
        0x558434adac98
        0x558434adac98
        0x558434adac98
        0x558434adac98
        0x558434adac98
        0x558434adac98
        0x558434adac98
        0x558434adac98
        0x558434adac98
        0x558434adac98
        0x558434adac98
        0x558434adac98
        0x558434adac98
        0x558434adac98
        0x558434adac98
        0x558434adac98
        0x558434adac98
        0x558434adac98
        0x558434adac98
        0x558434adac98
        0x558434adac98
        0x558434adac98
        0x558434adac98
        0x558434adac98
        0x558434adac98
        0x558434adac98
        0x558434adac98
        0x558434adac98
        0x558434adac98
        0x558434adac98
        0x558434adac98
        0x558434adac98
        0x558434adac98
        0x558434adac98
        0x558434adac98
        0x558434adac98
        0x558434adac98
        0x558434adac98
        0x558434adac98
        0x558434adac98
        0x558434adac98
        0x558434adac98
        0x558434adac98
        0x558434adac98
        0x558434adac98
        0x558434adac98
        0x558434adac98
        0x558434adac98
        0x558434adac98
        0x558434adac98
        0x558434adac98
        0x558434adac98
        0x558434adac98
        0x558434adac98
        0x558434adac98
        0x558434adac98
]: 1
@preempt_stack[
        mono_metadata_type_hash+80
        0x120000
        0x558432d02e60
        0x558432d02e60
        0x558432d02e60
        0x558432d02e60
        0x558432d02e60
        0x558432d02e60
        0x558432d02e60
        0x558432d02e60
        0x558432d02e60
        0x558432d02e60
        0x558432d02e60
        0x558432d02e60
        0x558432d02e60
        0x558432d02e60
        0x558432d02e60
        0x558432d02e60
        0x558432d02e60
        0x558432d02e60
        0x558432d02e60
        0x558432d02e60
        0x558432d02e60
        0x558432d02e60
        0x558432d02e60
        0x558432d02e60
        0x558432d02e60
        0x558432d02e60
        0x558432d02e60
        0x558432d02e60
        0x558432d02e60
        0x558432d02e60
        0x558432d02e60
        0x558432d02e60
        0x558432d02e60
        0x558432d02e60
        0x558432d02e60
        0x558432d02e60
        0x558432d02e60
        0x558432d02e60
        0x558432d02e60
        0x558432d02e60
        0x558432d02e60
        0x558432d02e60
        0x558432d02e60
        0x558432d02e60
        0x558432d02e60
        0x558432d02e60
        0x558432d02e60
        0x558432d02e60
        0x558432d02e60
        0x558432d02e60
        0x558432d02e60
        0x558432d02e60
        0x558432d02e60
        0x558432d02e60
        0x558432d02e60
        0x558432d02e60
        0x558432d02e60
        0x558432d02e60
        0x558432d02e60
        0x558432d02e60
        0x558432d02e60
        0x558432d02e60
        0x558432d02e60
        0x558432d02e60
        0x558432d02e60
        0x558432d02e60
        0x558432d02e60
        0x558432d02e60
        0x558432d02e60
        0x558432d02e60
        0x558432d02e60
        0x558432d02e60
        0x558432d02e60
        0x558432d02e60
        0x558432d02e60
        0x558432d02e60
        0x558432d02e60
        0x558432d02e60
        0x558432d02e60
        0x558432d02e60
        0x558432d02e60
        0x558432d02e60
        0x558432d02e60
        0x558432d02e60
        0x558432d02e60
        0x558432d02e60
        0x558432d02e60
        0x558432d02e60
        0x558432d02e60
        0x558432d02e60
        0x558432d02e60
        0x558432d02e60
        0x558432d02e60
        0x558432d02e60
        0x558432d02e60
        0x558432d02e60
        0x558432d02e60
        0x558432d02e60
        0x558432d02e60
        0x558432d02e60
        0x558432d02e60
        0x558432d02e60
        0x558432d02e60
        0x558432d02e60
        0x558432d02e60
        0x558432d02e60
        0x558432d02e60
        0x558432d02e60
        0x558432d02e60
        0x558432d02e60
        0x558432d02e60
        0x558432d02e60
        0x558432d02e60
        0x558432d02e60
        0x558432d02e60
        0x558432d02e60
        0x558432d02e60
        0x558432d02e60
        0x558432d02e60
        0x558432d02e60
        0x558432d02e60
        0x558432d02e60
        0x558432d02e60
        0x558432d02e60
        0x558432d02e60
]: 1
@preempt_stack[
        0x7f953dd4ed32
        0x2e77b8
        0x7f9500000038
        0x7f9500000038
        0x7f9500000038
        0x7f9500000038
        0x7f9500000038
        0x7f9500000038
        0x7f9500000038
        0x7f9500000038
        0x7f9500000038
        0x7f9500000038
        0x7f9500000038
        0x7f9500000038
        0x7f9500000038
        0x7f9500000038
        0x7f9500000038
        0x7f9500000038
        0x7f9500000038
        0x7f9500000038
        0x7f9500000038
        0x7f9500000038
        0x7f9500000038
        0x7f9500000038
        0x7f9500000038
        0x7f9500000038
        0x7f9500000038
        0x7f9500000038
        0x7f9500000038
        0x7f9500000038
        0x7f9500000038
        0x7f9500000038
        0x7f9500000038
        0x7f9500000038
        0x7f9500000038
        0x7f9500000038
        0x7f9500000038
        0x7f9500000038
        0x7f9500000038
        0x7f9500000038
        0x7f9500000038
        0x7f9500000038
        0x7f9500000038
        0x7f9500000038
        0x7f9500000038
        0x7f9500000038
        0x7f9500000038
        0x7f9500000038
        0x7f9500000038
        0x7f9500000038
        0x7f9500000038
        0x7f9500000038
        0x7f9500000038
        0x7f9500000038
        0x7f9500000038
        0x7f9500000038
        0x7f9500000038
        0x7f9500000038
        0x7f9500000038
        0x7f9500000038
        0x7f9500000038
        0x7f9500000038
        0x7f9500000038
        0x7f9500000038
        0x7f9500000038
        0x7f9500000038
        0x7f9500000038
        0x7f9500000038
        0x7f9500000038
        0x7f9500000038
        0x7f9500000038
        0x7f9500000038
        0x7f9500000038
        0x7f9500000038
        0x7f9500000038
        0x7f9500000038
        0x7f9500000038
        0x7f9500000038
        0x7f9500000038
        0x7f9500000038
        0x7f9500000038
        0x7f9500000038
        0x7f9500000038
        0x7f9500000038
        0x7f9500000038
        0x7f9500000038
        0x7f9500000038
        0x7f9500000038
        0x7f9500000038
        0x7f9500000038
        0x7f9500000038
        0x7f9500000038
        0x7f9500000038
        0x7f9500000038
        0x7f9500000038
        0x7f9500000038
        0x7f9500000038
        0x7f9500000038
        0x7f9500000038
        0x7f9500000038
        0x7f9500000038
        0x7f9500000038
        0x7f9500000038
        0x7f9500000038
        0x7f9500000038
        0x7f9500000038
        0x7f9500000038
        0x7f9500000038
        0x7f9500000038
        0x7f9500000038
        0x7f9500000038
        0x7f9500000038
        0x7f9500000038
        0x7f9500000038
        0x7f9500000038
        0x7f9500000038
        0x7f9500000038
        0x7f9500000038
        0x7f9500000038
        0x7f9500000038
        0x7f9500000038
        0x7f9500000038
        0x7f9500000038
        0x7f9500000038
        0x7f9500000038
        0x7f9500000038
        0x7f9500000038
]: 1
@preempt_stack[
        0x7f953dd43282
        0x41f0280f00000038
]: 1
@preempt_stack[
        mono_metadata_type_hash+80
        0x120000
        0x558432821418
        0x558432821418
        0x558432821418
        0x558432821418
        0x558432821418
        0x558432821418
        0x558432821418
        0x558432821418
        0x558432821418
        0x558432821418
        0x558432821418
        0x558432821418
        0x558432821418
        0x558432821418
        0x558432821418
        0x558432821418
        0x558432821418
        0x558432821418
        0x558432821418
        0x558432821418
        0x558432821418
        0x558432821418
        0x558432821418
        0x558432821418
        0x558432821418
        0x558432821418
        0x558432821418
        0x558432821418
        0x558432821418
        0x558432821418
        0x558432821418
        0x558432821418
        0x558432821418
        0x558432821418
        0x558432821418
        0x558432821418
        0x558432821418
        0x558432821418
        0x558432821418
        0x558432821418
        0x558432821418
        0x558432821418
        0x558432821418
        0x558432821418
        0x558432821418
        0x558432821418
        0x558432821418
        0x558432821418
        0x558432821418
        0x558432821418
        0x558432821418
        0x558432821418
        0x558432821418
        0x558432821418
        0x558432821418
        0x558432821418
        0x558432821418
        0x558432821418
        0x558432821418
        0x558432821418
        0x558432821418
        0x558432821418
        0x558432821418
        0x558432821418
        0x558432821418
        0x558432821418
        0x558432821418
        0x558432821418
        0x558432821418
        0x558432821418
        0x558432821418
        0x558432821418
        0x558432821418
        0x558432821418
        0x558432821418
        0x558432821418
        0x558432821418
        0x558432821418
        0x558432821418
        0x558432821418
        0x558432821418
        0x558432821418
        0x558432821418
        0x558432821418
        0x558432821418
        0x558432821418
        0x558432821418
        0x558432821418
        0x558432821418
        0x558432821418
        0x558432821418
        0x558432821418
        0x558432821418
        0x558432821418
        0x558432821418
        0x558432821418
        0x558432821418
        0x558432821418
        0x558432821418
        0x558432821418
        0x558432821418
        0x558432821418
        0x558432821418
        0x558432821418
        0x558432821418
        0x558432821418
        0x558432821418
        0x558432821418
        0x558432821418
        0x558432821418
        0x558432821418
        0x558432821418
        0x558432821418
        0x558432821418
        0x558432821418
        0x558432821418
        0x558432821418
        0x558432821418
        0x558432821418
        0x558432821418
        0x558432821418
        0x558432821418
        0x558432821418
        0x558432821418
        0x558432821418
]: 1
@preempt_stack[
        0x40cac1fe
        0x40cabc4c
        0x40cab139
        0x40ca6ac7
        0x40407e56
        0x40403d24
        0x7f949c846428
        0x7f949c9e578f
        0x558431b82490
]: 1
@preempt_stack[
        0x7f953d6be024
]: 1
@preempt_stack[
        0x7f953d905b73
]: 1
@preempt_stack[
        0x7f949ca0f68f
        0x120000
        0x5584328cb180
        0x5584328cb180
        0x5584328cb180
        0x5584328cb180
        0x5584328cb180
        0x5584328cb180
        0x5584328cb180
        0x5584328cb180
        0x5584328cb180
        0x5584328cb180
        0x5584328cb180
        0x5584328cb180
        0x5584328cb180
        0x5584328cb180
        0x5584328cb180
        0x5584328cb180
        0x5584328cb180
        0x5584328cb180
        0x5584328cb180
        0x5584328cb180
        0x5584328cb180
        0x5584328cb180
        0x5584328cb180
        0x5584328cb180
        0x5584328cb180
        0x5584328cb180
        0x5584328cb180
        0x5584328cb180
        0x5584328cb180
        0x5584328cb180
        0x5584328cb180
        0x5584328cb180
        0x5584328cb180
        0x5584328cb180
        0x5584328cb180
        0x5584328cb180
        0x5584328cb180
        0x5584328cb180
        0x5584328cb180
        0x5584328cb180
        0x5584328cb180
        0x5584328cb180
        0x5584328cb180
        0x5584328cb180
        0x5584328cb180
        0x5584328cb180
        0x5584328cb180
        0x5584328cb180
        0x5584328cb180
        0x5584328cb180
        0x5584328cb180
        0x5584328cb180
        0x5584328cb180
        0x5584328cb180
        0x5584328cb180
        0x5584328cb180
        0x5584328cb180
        0x5584328cb180
        0x5584328cb180
        0x5584328cb180
        0x5584328cb180
        0x5584328cb180
        0x5584328cb180
        0x5584328cb180
        0x5584328cb180
        0x5584328cb180
        0x5584328cb180
        0x5584328cb180
        0x5584328cb180
        0x5584328cb180
        0x5584328cb180
        0x5584328cb180
        0x5584328cb180
        0x5584328cb180
        0x5584328cb180
        0x5584328cb180
        0x5584328cb180
        0x5584328cb180
        0x5584328cb180
        0x5584328cb180
        0x5584328cb180
        0x5584328cb180
        0x5584328cb180
        0x5584328cb180
        0x5584328cb180
        0x5584328cb180
        0x5584328cb180
        0x5584328cb180
        0x5584328cb180
        0x5584328cb180
        0x5584328cb180
        0x5584328cb180
        0x5584328cb180
        0x5584328cb180
        0x5584328cb180
        0x5584328cb180
        0x5584328cb180
        0x5584328cb180
        0x5584328cb180
        0x5584328cb180
        0x5584328cb180
        0x5584328cb180
        0x5584328cb180
        0x5584328cb180
        0x5584328cb180
        0x5584328cb180
        0x5584328cb180
        0x5584328cb180
        0x5584328cb180
        0x5584328cb180
        0x5584328cb180
        0x5584328cb180
        0x5584328cb180
        0x5584328cb180
        0x5584328cb180
        0x5584328cb180
        0x5584328cb180
        0x5584328cb180
        0x5584328cb180
        0x5584328cb180
        0x5584328cb180
        0x5584328cb180
        0x5584328cb180
        0x5584328cb180
        0x5584328cb180
]: 1
@preempt_stack[
        0x7f9332997081
]: 1
@preempt_stack[
        0x40caf161
        0x40d5bfac
        0x40d597a4
        0x40d56ef8
        0x40d56d80
        0x40d53864
        0
        0
        0x558432736408
        0x558432736408
        0x558432736408
        0x558432736408
        0x558432736408
        0x558432736408
        0x558432736408
        0x558432736408
        0x558432736408
        0x558432736408
        0x558432736408
        0x558432736408
        0x558432736408
        0x558432736408
        0x558432736408
        0x558432736408
        0x558432736408
        0x558432736408
        0x558432736408
        0x558432736408
        0x558432736408
        0x558432736408
        0x558432736408
        0x558432736408
        0x558432736408
        0x558432736408
        0x558432736408
        0x558432736408
        0x558432736408
        0x558432736408
        0x558432736408
        0x558432736408
        0x558432736408
        0x558432736408
        0x558432736408
        0x558432736408
        0x558432736408
        0x558432736408
        0x558432736408
        0x558432736408
        0x558432736408
        0x558432736408
        0x558432736408
        0x558432736408
        0x558432736408
        0x558432736408
        0x558432736408
        0x558432736408
        0x558432736408
        0x558432736408
        0x558432736408
        0x558432736408
        0x558432736408
        0x558432736408
        0x558432736408
        0x558432736408
        0x558432736408
        0x558432736408
        0x558432736408
        0x558432736408
        0x558432736408
        0x558432736408
        0x558432736408
        0x558432736408
        0x558432736408
        0x558432736408
        0x558432736408
        0x558432736408
        0x558432736408
        0x558432736408
        0x558432736408
        0x558432736408
        0x558432736408
        0x558432736408
        0x558432736408
        0x558432736408
        0x558432736408
        0x558432736408
        0x558432736408
        0x558432736408
        0x558432736408
        0x558432736408
        0x558432736408
        0x558432736408
        0x558432736408
        0x558432736408
        0x558432736408
        0x558432736408
        0x558432736408
        0x558432736408
        0x558432736408
        0x558432736408
        0x558432736408
        0x558432736408
        0x558432736408
        0x558432736408
        0x558432736408
        0x558432736408
        0x558432736408
        0x558432736408
        0x558432736408
        0x558432736408
        0x558432736408
        0x558432736408
        0x558432736408
        0x558432736408
        0x558432736408
        0x558432736408
        0x558432736408
        0x558432736408
        0x558432736408
        0x558432736408
        0x558432736408
        0x558432736408
        0x558432736408
        0x558432736408
        0x558432736408
        0x558432736408
        0x558432736408
]: 1
@preempt_stack[
        0x7f953dcbe638
]: 1
@preempt_stack[
        0x40cacf91
        0x40cabc4c
        0x40cab139
        0x40ca6ac7
        0x40407e56
        0x40403d24
        0x7f949c846428
        0x7f949c9e578f
        0x558431b82490
]: 1
@preempt_stack[
        mono_thread_info_install_interrupt+69
        0x100000000
]: 1
@preempt_stack[
        0x40ce0f6f
]: 1
@preempt_stack[
        0x40441cf9
]: 1
@preempt_stack[
        0x40c634d4
        0x40eac71c
        0x40ebcccc
        0x40ebcb98
        0x7f93fc093433
        0x7f94788cb95b
        0x7f93fc07fabb
        0x401c67a6
        0x7f949c846428
        0x7f949c9e578f
        0x558431b82490
]: 1
@preempt_stack[
        0x7f953cab61e6
]: 1
@preempt_stack[
        0x40199fe8
]: 1
@preempt_stack[
        0x40cac421
]: 1
@preempt_stack[
        0x7f953e5b2ac0
]: 1
@preempt_stack[
        0x7f953e5a591f
]: 1
@preempt_stack[
        0x7f953e877e37
        0x7f9500c4d290
]: 1
@preempt_stack[
        __pthread_mutex_lock+7
        0
]: 1
@preempt_stack[
        0x7f953db2b624
        mono_runtime_invoke_array+0
        0xd6894910ec834853
]: 1
@preempt_stack[
        0x7f949c8383a0
        0
        0x83800000000001
        0x558431b49658
        0x558431b49658
        0x558431b49658
        0x558431b49658
        0x558431b49658
        0x558431b49658
        0x558431b49658
        0x558431b49658
        0x558431b49658
        0x558431b49658
        0x558431b49658
        0x558431b49658
        0x558431b49658
        0x558431b49658
        0x558431b49658
        0x558431b49658
        0x558431b49658
        0x558431b49658
        0x558431b49658
        0x558431b49658
        0x558431b49658
        0x558431b49658
        0x558431b49658
        0x558431b49658
        0x558431b49658
        0x558431b49658
        0x558431b49658
        0x558431b49658
        0x558431b49658
        0x558431b49658
        0x558431b49658
        0x558431b49658
        0x558431b49658
        0x558431b49658
        0x558431b49658
        0x558431b49658
        0x558431b49658
        0x558431b49658
        0x558431b49658
        0x558431b49658
        0x558431b49658
        0x558431b49658
        0x558431b49658
        0x558431b49658
        0x558431b49658
        0x558431b49658
        0x558431b49658
        0x558431b49658
        0x558431b49658
        0x558431b49658
        0x558431b49658
        0x558431b49658
        0x558431b49658
        0x558431b49658
        0x558431b49658
        0x558431b49658
        0x558431b49658
        0x558431b49658
        0x558431b49658
        0x558431b49658
        0x558431b49658
        0x558431b49658
        0x558431b49658
        0x558431b49658
        0x558431b49658
        0x558431b49658
        0x558431b49658
        0x558431b49658
        0x558431b49658
        0x558431b49658
        0x558431b49658
        0x558431b49658
        0x558431b49658
        0x558431b49658
        0x558431b49658
        0x558431b49658
        0x558431b49658
        0x558431b49658
        0x558431b49658
        0x558431b49658
        0x558431b49658
        0x558431b49658
        0x558431b49658
        0x558431b49658
        0x558431b49658
        0x558431b49658
        0x558431b49658
        0x558431b49658
        0x558431b49658
        0x558431b49658
        0x558431b49658
        0x558431b49658
        0x558431b49658
        0x558431b49658
        0x558431b49658
        0x558431b49658
        0x558431b49658
        0x558431b49658
        0x558431b49658
        0x558431b49658
        0x558431b49658
        0x558431b49658
        0x558431b49658
        0x558431b49658
        0x558431b49658
        0x558431b49658
        0x558431b49658
        0x558431b49658
        0x558431b49658
        0x558431b49658
        0x558431b49658
        0x558431b49658
        0x558431b49658
        0x558431b49658
        0x558431b49658
        0x558431b49658
        0x558431b49658
        0x558431b49658
        0x558431b49658
        0x558431b49658
        0x558431b49658
        0x558431b49658
        0x558431b49658
        0x558431b49658
]: 1
@preempt_stack[
        epoll_wait+98
]: 1
@preempt_stack[
        0x7f949c9cb5b8
        0
        0
        0x5584326f58c0
]: 1
@preempt_stack[
        0x7f953dcd7ad1
        0x4700240021
]: 1
@preempt_stack[
        0x402319b9
        0x40c0d864
        0x4077cadf
        0x7f949c846428
        0x7f949c9e578f
        0x558431b82490
]: 1
@preempt_stack[
        0x7f93fc080024
        0x401c67a6
        0x7f949c846428
        0x7f949c9e578f
        0x558431b82490
]: 1
@preempt_stack[
        0x7f953dd17fac
]: 1
@preempt_stack[
        0x7f953dd4b719
        0x7f95028f8f50
]: 1
@preempt_stack[
        0x7f949c9dcfa3
        0x120000
        0x558432c465f0
        0x558432c465f0
        0x558432c465f0
        0x558432c465f0
        0x558432c465f0
        0x558432c465f0
        0x558432c465f0
        0x558432c465f0
        0x558432c465f0
        0x558432c465f0
        0x558432c465f0
        0x558432c465f0
        0x558432c465f0
        0x558432c465f0
        0x558432c465f0
        0x558432c465f0
        0x558432c465f0
        0x558432c465f0
        0x558432c465f0
        0x558432c465f0
        0x558432c465f0
        0x558432c465f0
        0x558432c465f0
        0x558432c465f0
        0x558432c465f0
        0x558432c465f0
        0x558432c465f0
        0x558432c465f0
        0x558432c465f0
        0x558432c465f0
        0x558432c465f0
        0x558432c465f0
        0x558432c465f0
        0x558432c465f0
        0x558432c465f0
        0x558432c465f0
        0x558432c465f0
        0x558432c465f0
        0x558432c465f0
        0x558432c465f0
        0x558432c465f0
        0x558432c465f0
        0x558432c465f0
        0x558432c465f0
        0x558432c465f0
        0x558432c465f0
        0x558432c465f0
        0x558432c465f0
        0x558432c465f0
        0x558432c465f0
        0x558432c465f0
        0x558432c465f0
        0x558432c465f0
        0x558432c465f0
        0x558432c465f0
        0x558432c465f0
        0x558432c465f0
        0x558432c465f0
        0x558432c465f0
        0x558432c465f0
        0x558432c465f0
        0x558432c465f0
        0x558432c465f0
        0x558432c465f0
        0x558432c465f0
        0x558432c465f0
        0x558432c465f0
        0x558432c465f0
        0x558432c465f0
        0x558432c465f0
        0x558432c465f0
        0x558432c465f0
        0x558432c465f0
        0x558432c465f0
        0x558432c465f0
        0x558432c465f0
        0x558432c465f0
        0x558432c465f0
        0x558432c465f0
        0x558432c465f0
        0x558432c465f0
        0x558432c465f0
        0x558432c465f0
        0x558432c465f0
        0x558432c465f0
        0x558432c465f0
        0x558432c465f0
        0x558432c465f0
        0x558432c465f0
        0x558432c465f0
        0x558432c465f0
        0x558432c465f0
        0x558432c465f0
        0x558432c465f0
        0x558432c465f0
        0x558432c465f0
        0x558432c465f0
        0x558432c465f0
        0x558432c465f0
        0x558432c465f0
        0x558432c465f0
        0x558432c465f0
        0x558432c465f0
        0x558432c465f0
        0x558432c465f0
        0x558432c465f0
        0x558432c465f0
        0x558432c465f0
        0x558432c465f0
        0x558432c465f0
        0x558432c465f0
        0x558432c465f0
        0x558432c465f0
        0x558432c465f0
        0x558432c465f0
        0x558432c465f0
        0x558432c465f0
        0x558432c465f0
        0x558432c465f0
        0x558432c465f0
        0x558432c465f0
        0x558432c465f0
        0x558432c465f0
        0x558432c465f0
        0x558432c465f0
]: 1
@preempt_stack[
        mono_metadata_type_hash+80
        0x120000
        0x558432e12478
        0x558432e12478
        0x558432e12478
        0x558432e12478
        0x558432e12478
        0x558432e12478
        0x558432e12478
        0x558432e12478
        0x558432e12478
        0x558432e12478
        0x558432e12478
        0x558432e12478
        0x558432e12478
        0x558432e12478
        0x558432e12478
        0x558432e12478
        0x558432e12478
        0x558432e12478
        0x558432e12478
        0x558432e12478
        0x558432e12478
        0x558432e12478
        0x558432e12478
        0x558432e12478
        0x558432e12478
        0x558432e12478
        0x558432e12478
        0x558432e12478
        0x558432e12478
        0x558432e12478
        0x558432e12478
        0x558432e12478
        0x558432e12478
        0x558432e12478
        0x558432e12478
        0x558432e12478
        0x558432e12478
        0x558432e12478
        0x558432e12478
        0x558432e12478
        0x558432e12478
        0x558432e12478
        0x558432e12478
        0x558432e12478
        0x558432e12478
        0x558432e12478
        0x558432e12478
        0x558432e12478
        0x558432e12478
        0x558432e12478
        0x558432e12478
        0x558432e12478
        0x558432e12478
        0x558432e12478
        0x558432e12478
        0x558432e12478
        0x558432e12478
        0x558432e12478
        0x558432e12478
        0x558432e12478
        0x558432e12478
        0x558432e12478
        0x558432e12478
        0x558432e12478
        0x558432e12478
        0x558432e12478
        0x558432e12478
        0x558432e12478
        0x558432e12478
        0x558432e12478
        0x558432e12478
        0x558432e12478
        0x558432e12478
        0x558432e12478
        0x558432e12478
        0x558432e12478
        0x558432e12478
        0x558432e12478
        0x558432e12478
        0x558432e12478
        0x558432e12478
        0x558432e12478
        0x558432e12478
        0x558432e12478
        0x558432e12478
        0x558432e12478
        0x558432e12478
        0x558432e12478
        0x558432e12478
        0x558432e12478
        0x558432e12478
        0x558432e12478
        0x558432e12478
        0x558432e12478
        0x558432e12478
        0x558432e12478
        0x558432e12478
        0x558432e12478
        0x558432e12478
        0x558432e12478
        0x558432e12478
        0x558432e12478
        0x558432e12478
        0x558432e12478
        0x558432e12478
        0x558432e12478
        0x558432e12478
        0x558432e12478
        0x558432e12478
        0x558432e12478
        0x558432e12478
        0x558432e12478
        0x558432e12478
        0x558432e12478
        0x558432e12478
        0x558432e12478
        0x558432e12478
        0x558432e12478
        0x558432e12478
        0x558432e12478
        0x558432e12478
        0x558432e12478
        0x558432e12478
        0x558432e12478
        0x558432e12478
]: 1
@preempt_stack[
        0x7f953e5a5968
]: 1
@preempt_stack[
        0x7f949c9cb775
        0x120000
        0x5584328c5a78
        0x5584328c5a78
        0x5584328c5a78
        0x5584328c5a78
        0x5584328c5a78
        0x5584328c5a78
        0x5584328c5a78
        0x5584328c5a78
        0x5584328c5a78
        0x5584328c5a78
        0x5584328c5a78
        0x5584328c5a78
        0x5584328c5a78
        0x5584328c5a78
        0x5584328c5a78
        0x5584328c5a78
        0x5584328c5a78
        0x5584328c5a78
        0x5584328c5a78
        0x5584328c5a78
        0x5584328c5a78
        0x5584328c5a78
        0x5584328c5a78
        0x5584328c5a78
        0x5584328c5a78
        0x5584328c5a78
        0x5584328c5a78
        0x5584328c5a78
        0x5584328c5a78
        0x5584328c5a78
        0x5584328c5a78
        0x5584328c5a78
        0x5584328c5a78
        0x5584328c5a78
        0x5584328c5a78
        0x5584328c5a78
        0x5584328c5a78
        0x5584328c5a78
        0x5584328c5a78
        0x5584328c5a78
        0x5584328c5a78
        0x5584328c5a78
        0x5584328c5a78
        0x5584328c5a78
        0x5584328c5a78
        0x5584328c5a78
        0x5584328c5a78
        0x5584328c5a78
        0x5584328c5a78
        0x5584328c5a78
        0x5584328c5a78
        0x5584328c5a78
        0x5584328c5a78
        0x5584328c5a78
        0x5584328c5a78
        0x5584328c5a78
        0x5584328c5a78
        0x5584328c5a78
        0x5584328c5a78
        0x5584328c5a78
        0x5584328c5a78
        0x5584328c5a78
        0x5584328c5a78
        0x5584328c5a78
        0x5584328c5a78
        0x5584328c5a78
        0x5584328c5a78
        0x5584328c5a78
        0x5584328c5a78
        0x5584328c5a78
        0x5584328c5a78
        0x5584328c5a78
        0x5584328c5a78
        0x5584328c5a78
        0x5584328c5a78
        0x5584328c5a78
        0x5584328c5a78
        0x5584328c5a78
        0x5584328c5a78
        0x5584328c5a78
        0x5584328c5a78
        0x5584328c5a78
        0x5584328c5a78
        0x5584328c5a78
        0x5584328c5a78
        0x5584328c5a78
        0x5584328c5a78
        0x5584328c5a78
        0x5584328c5a78
        0x5584328c5a78
        0x5584328c5a78
        0x5584328c5a78
        0x5584328c5a78
        0x5584328c5a78
        0x5584328c5a78
        0x5584328c5a78
        0x5584328c5a78
        0x5584328c5a78
        0x5584328c5a78
        0x5584328c5a78
        0x5584328c5a78
        0x5584328c5a78
        0x5584328c5a78
        0x5584328c5a78
        0x5584328c5a78
        0x5584328c5a78
        0x5584328c5a78
        0x5584328c5a78
        0x5584328c5a78
        0x5584328c5a78
        0x5584328c5a78
        0x5584328c5a78
        0x5584328c5a78
        0x5584328c5a78
        0x5584328c5a78
        0x5584328c5a78
        0x5584328c5a78
        0x5584328c5a78
        0x5584328c5a78
        0x5584328c5a78
        0x5584328c5a78
        0x5584328c5a78
        0x5584328c5a78
        0x5584328c5a78
        0x5584328c5a78
]: 1
@preempt_stack[
        0x7f949c9cb75e
        0x130000
        0x2
        0
        0x558434e6a8e0
]: 1
@preempt_stack[
        0x7f949c9ce4d8
        0x558434850f50
        0x558434850f50
        0x558434850f50
        0x558434850f50
        0x558434850f50
        0x558434850f50
        0x558434850f50
        0x558434850f50
        0x558434850f50
        0x558434850f50
        0x558434850f50
        0x558434850f50
        0x558434850f50
        0x558434850f50
        0x558434850f50
        0x558434850f50
        0x558434850f50
        0x558434850f50
        0x558434850f50
        0x558434850f50
        0x558434850f50
        0x558434850f50
        0x558434850f50
        0x558434850f50
        0x558434850f50
        0x558434850f50
        0x558434850f50
        0x558434850f50
        0x558434850f50
        0x558434850f50
        0x558434850f50
        0x558434850f50
        0x558434850f50
        0x558434850f50
        0x558434850f50
        0x558434850f50
        0x558434850f50
        0x558434850f50
        0x558434850f50
        0x558434850f50
        0x558434850f50
        0x558434850f50
        0x558434850f50
        0x558434850f50
        0x558434850f50
        0x558434850f50
        0x558434850f50
        0x558434850f50
        0x558434850f50
        0x558434850f50
        0x558434850f50
        0x558434850f50
        0x558434850f50
        0x558434850f50
        0x558434850f50
        0x558434850f50
        0x558434850f50
        0x558434850f50
        0x558434850f50
        0x558434850f50
        0x558434850f50
        0x558434850f50
        0x558434850f50
        0x558434850f50
        0x558434850f50
        0x558434850f50
        0x558434850f50
        0x558434850f50
        0x558434850f50
        0x558434850f50
        0x558434850f50
        0x558434850f50
        0x558434850f50
        0x558434850f50
        0x558434850f50
        0x558434850f50
        0x558434850f50
        0x558434850f50
        0x558434850f50
        0x558434850f50
        0x558434850f50
        0x558434850f50
        0x558434850f50
        0x558434850f50
        0x558434850f50
        0x558434850f50
        0x558434850f50
        0x558434850f50
        0x558434850f50
        0x558434850f50
        0x558434850f50
        0x558434850f50
        0x558434850f50
        0x558434850f50
        0x558434850f50
        0x558434850f50
        0x558434850f50
        0x558434850f50
        0x558434850f50
        0x558434850f50
        0x558434850f50
        0x558434850f50
        0x558434850f50
        0x558434850f50
        0x558434850f50
        0x558434850f50
        0x558434850f50
        0x558434850f50
        0x558434850f50
        0x558434850f50
        0x558434850f50
        0x558434850f50
        0x558434850f50
        0x558434850f50
        0x558434850f50
        0x558434850f50
        0x558434850f50
        0x558434850f50
        0x558434850f50
        0x558434850f50
        0x558434850f50
        0x558434850f50
        0x558434850f50
        0x558434850f50
        0x558434850f50
        0x558434850f50
]: 1
@preempt_stack[
        0x7f953dcc5fce
        0x30103040302
]: 1
@preempt_stack[
        0x40685045
        0x7f947001672b
        0x401c67a6
        0x7f949c846428
        0x7f949c9e578f
        0x558431b82490
]: 1
@preempt_stack[
        0x40caf172
]: 1
@preempt_stack[
        0x7f949c9cb5b8
        0
        0
        0x558434abf930
]: 1
@preempt_stack[
        0x7f953cab61f2
        0x1528
]: 1
@preempt_stack[
        0x40c0cf64
        0x40c0d864
        0x4077cadf
        0x7f949c846428
        0x7f949c9e578f
        0x558431b82490
]: 1
@preempt_stack[
        0x40cdbe84
        0x40a8b124
        0x40407e56
        0x40403d24
        0x7f949c846428
        0x7f949c9e578f
        0x558431b82490
]: 1
@preempt_stack[
        0x40d070cc
]: 1
@preempt_stack[
        0x40eaf0d3
        0x40eac640
        0x40ea95d9
        0x40ca69ba
        0x40407e56
        0x40403d24
        0x7f949c846428
        0x7f949c9e578f
        0x558431b82490
]: 1
@preempt_stack[
        0x40c0cf90
        0x40c0d864
        0x4077cadf
        0x7f949c846428
        0x7f949c9e578f
        0x558431b82490
]: 1
@preempt_stack[
        0x7f953e4a6ef4
]: 1
@preempt_stack[
        0x40c2c525
        0
        0
        0x558432736408
        0x558432736408
        0x558432736408
        0x558432736408
        0x558432736408
        0x558432736408
        0x558432736408
        0x558432736408
        0x558432736408
        0x558432736408
        0x558432736408
        0x558432736408
        0x558432736408
        0x558432736408
        0x558432736408
        0x558432736408
        0x558432736408
        0x558432736408
        0x558432736408
        0x558432736408
        0x558432736408
        0x558432736408
        0x558432736408
        0x558432736408
        0x558432736408
        0x558432736408
        0x558432736408
        0x558432736408
        0x558432736408
        0x558432736408
        0x558432736408
        0x558432736408
        0x558432736408
        0x558432736408
        0x558432736408
        0x558432736408
        0x558432736408
        0x558432736408
        0x558432736408
        0x558432736408
        0x558432736408
        0x558432736408
        0x558432736408
        0x558432736408
        0x558432736408
        0x558432736408
        0x558432736408
        0x558432736408
        0x558432736408
        0x558432736408
        0x558432736408
        0x558432736408
        0x558432736408
        0x558432736408
        0x558432736408
        0x558432736408
        0x558432736408
        0x558432736408
        0x558432736408
        0x558432736408
        0x558432736408
        0x558432736408
        0x558432736408
        0x558432736408
        0x558432736408
        0x558432736408
        0x558432736408
        0x558432736408
        0x558432736408
        0x558432736408
        0x558432736408
        0x558432736408
        0x558432736408
        0x558432736408
        0x558432736408
        0x558432736408
        0x558432736408
        0x558432736408
        0x558432736408
        0x558432736408
        0x558432736408
        0x558432736408
        0x558432736408
        0x558432736408
        0x558432736408
        0x558432736408
        0x558432736408
        0x558432736408
        0x558432736408
        0x558432736408
        0x558432736408
        0x558432736408
        0x558432736408
        0x558432736408
        0x558432736408
        0x558432736408
        0x558432736408
        0x558432736408
        0x558432736408
        0x558432736408
        0x558432736408
        0x558432736408
        0x558432736408
        0x558432736408
        0x558432736408
        0x558432736408
        0x558432736408
        0x558432736408
        0x558432736408
        0x558432736408
        0x558432736408
        0x558432736408
        0x558432736408
        0x558432736408
        0x558432736408
        0x558432736408
        0x558432736408
        0x558432736408
        0x558432736408
        0x558432736408
        0x558432736408
        0x558432736408
        0x558432736408
        0x558432736408
]: 1
@preempt_stack[
        0x40ca4a04
        0
        0
        0x558432736408
        0x558432736408
        0x558432736408
        0x558432736408
        0x558432736408
        0x558432736408
        0x558432736408
        0x558432736408
        0x558432736408
        0x558432736408
        0x558432736408
        0x558432736408
        0x558432736408
        0x558432736408
        0x558432736408
        0x558432736408
        0x558432736408
        0x558432736408
        0x558432736408
        0x558432736408
        0x558432736408
        0x558432736408
        0x558432736408
        0x558432736408
        0x558432736408
        0x558432736408
        0x558432736408
        0x558432736408
        0x558432736408
        0x558432736408
        0x558432736408
        0x558432736408
        0x558432736408
        0x558432736408
        0x558432736408
        0x558432736408
        0x558432736408
        0x558432736408
        0x558432736408
        0x558432736408
        0x558432736408
        0x558432736408
        0x558432736408
        0x558432736408
        0x558432736408
        0x558432736408
        0x558432736408
        0x558432736408
        0x558432736408
        0x558432736408
        0x558432736408
        0x558432736408
        0x558432736408
        0x558432736408
        0x558432736408
        0x558432736408
        0x558432736408
        0x558432736408
        0x558432736408
        0x558432736408
        0x558432736408
        0x558432736408
        0x558432736408
        0x558432736408
        0x558432736408
        0x558432736408
        0x558432736408
        0x558432736408
        0x558432736408
        0x558432736408
        0x558432736408
        0x558432736408
        0x558432736408
        0x558432736408
        0x558432736408
        0x558432736408
        0x558432736408
        0x558432736408
        0x558432736408
        0x558432736408
        0x558432736408
        0x558432736408
        0x558432736408
        0x558432736408
        0x558432736408
        0x558432736408
        0x558432736408
        0x558432736408
        0x558432736408
        0x558432736408
        0x558432736408
        0x558432736408
        0x558432736408
        0x558432736408
        0x558432736408
        0x558432736408
        0x558432736408
        0x558432736408
        0x558432736408
        0x558432736408
        0x558432736408
        0x558432736408
        0x558432736408
        0x558432736408
        0x558432736408
        0x558432736408
        0x558432736408
        0x558432736408
        0x558432736408
        0x558432736408
        0x558432736408
        0x558432736408
        0x558432736408
        0x558432736408
        0x558432736408
        0x558432736408
        0x558432736408
        0x558432736408
        0x558432736408
        0x558432736408
        0x558432736408
        0x558432736408
        0x558432736408
        0x558432736408
]: 1
@preempt_stack[
        0x7f953dd4f9f2
]: 1
@preempt_stack[
        0x40c62360
        0x40d106a8
        0x7f94788d9eab
        0x7f93fc077edb
        0x7f94788d9a3b
        0x7f93fc07de4b
        0x7f93fc093433
        0x7f94788cb95b
        0x7f93fc07fabb
        0x401c67a6
        0x7f949c846428
        0x7f949c9e578f
        0x558431b82490
]: 1
@preempt_stack[
        0x40cac544
        0
        0x2000000000000001
        0x558432740e50
        0x558432740e50
        0x558432740e50
        0x558432740e50
        0x558432740e50
        0x558432740e50
        0x558432740e50
        0x558432740e50
        0x558432740e50
        0x558432740e50
        0x558432740e50
        0x558432740e50
        0x558432740e50
        0x558432740e50
        0x558432740e50
        0x558432740e50
        0x558432740e50
        0x558432740e50
        0x558432740e50
        0x558432740e50
        0x558432740e50
        0x558432740e50
        0x558432740e50
        0x558432740e50
        0x558432740e50
        0x558432740e50
        0x558432740e50
        0x558432740e50
        0x558432740e50
        0x558432740e50
        0x558432740e50
        0x558432740e50
        0x558432740e50
        0x558432740e50
        0x558432740e50
        0x558432740e50
        0x558432740e50
        0x558432740e50
        0x558432740e50
        0x558432740e50
        0x558432740e50
        0x558432740e50
        0x558432740e50
        0x558432740e50
        0x558432740e50
        0x558432740e50
        0x558432740e50
        0x558432740e50
        0x558432740e50
        0x558432740e50
        0x558432740e50
        0x558432740e50
        0x558432740e50
        0x558432740e50
        0x558432740e50
        0x558432740e50
        0x558432740e50
        0x558432740e50
        0x558432740e50
        0x558432740e50
        0x558432740e50
        0x558432740e50
        0x558432740e50
        0x558432740e50
        0x558432740e50
        0x558432740e50
        0x558432740e50
        0x558432740e50
        0x558432740e50
        0x558432740e50
        0x558432740e50
        0x558432740e50
        0x558432740e50
        0x558432740e50
        0x558432740e50
        0x558432740e50
        0x558432740e50
        0x558432740e50
        0x558432740e50
        0x558432740e50
        0x558432740e50
        0x558432740e50
        0x558432740e50
        0x558432740e50
        0x558432740e50
        0x558432740e50
        0x558432740e50
        0x558432740e50
        0x558432740e50
        0x558432740e50
        0x558432740e50
        0x558432740e50
        0x558432740e50
        0x558432740e50
        0x558432740e50
        0x558432740e50
        0x558432740e50
        0x558432740e50
        0x558432740e50
        0x558432740e50
        0x558432740e50
        0x558432740e50
        0x558432740e50
        0x558432740e50
        0x558432740e50
        0x558432740e50
        0x558432740e50
        0x558432740e50
        0x558432740e50
        0x558432740e50
        0x558432740e50
        0x558432740e50
        0x558432740e50
        0x558432740e50
        0x558432740e50
        0x558432740e50
        0x558432740e50
        0x558432740e50
        0x558432740e50
        0x558432740e50
        0x558432740e50
        0x558432740e50
        0x558432740e50
        0x558432740e50
]: 1
@preempt_stack[
        0x7f949c9dcfa3
        0x120000
        0x558434cf7580
        0x558434cf7580
        0x558434cf7580
        0x558434cf7580
        0x558434cf7580
        0x558434cf7580
        0x558434cf7580
        0x558434cf7580
        0x558434cf7580
        0x558434cf7580
        0x558434cf7580
        0x558434cf7580
        0x558434cf7580
        0x558434cf7580
        0x558434cf7580
        0x558434cf7580
        0x558434cf7580
        0x558434cf7580
        0x558434cf7580
        0x558434cf7580
        0x558434cf7580
        0x558434cf7580
        0x558434cf7580
        0x558434cf7580
        0x558434cf7580
        0x558434cf7580
        0x558434cf7580
        0x558434cf7580
        0x558434cf7580
        0x558434cf7580
        0x558434cf7580
        0x558434cf7580
        0x558434cf7580
        0x558434cf7580
        0x558434cf7580
        0x558434cf7580
        0x558434cf7580
        0x558434cf7580
        0x558434cf7580
        0x558434cf7580
        0x558434cf7580
        0x558434cf7580
        0x558434cf7580
        0x558434cf7580
        0x558434cf7580
        0x558434cf7580
        0x558434cf7580
        0x558434cf7580
        0x558434cf7580
        0x558434cf7580
        0x558434cf7580
        0x558434cf7580
        0x558434cf7580
        0x558434cf7580
        0x558434cf7580
        0x558434cf7580
        0x558434cf7580
        0x558434cf7580
        0x558434cf7580
        0x558434cf7580
        0x558434cf7580
        0x558434cf7580
        0x558434cf7580
        0x558434cf7580
        0x558434cf7580
        0x558434cf7580
        0x558434cf7580
        0x558434cf7580
        0x558434cf7580
        0x558434cf7580
        0x558434cf7580
        0x558434cf7580
        0x558434cf7580
        0x558434cf7580
        0x558434cf7580
        0x558434cf7580
        0x558434cf7580
        0x558434cf7580
        0x558434cf7580
        0x558434cf7580
        0x558434cf7580
        0x558434cf7580
        0x558434cf7580
        0x558434cf7580
        0x558434cf7580
        0x558434cf7580
        0x558434cf7580
        0x558434cf7580
        0x558434cf7580
        0x558434cf7580
        0x558434cf7580
        0x558434cf7580
        0x558434cf7580
        0x558434cf7580
        0x558434cf7580
        0x558434cf7580
        0x558434cf7580
        0x558434cf7580
        0x558434cf7580
        0x558434cf7580
        0x558434cf7580
        0x558434cf7580
        0x558434cf7580
        0x558434cf7580
        0x558434cf7580
        0x558434cf7580
        0x558434cf7580
        0x558434cf7580
        0x558434cf7580
        0x558434cf7580
        0x558434cf7580
        0x558434cf7580
        0x558434cf7580
        0x558434cf7580
        0x558434cf7580
        0x558434cf7580
        0x558434cf7580
        0x558434cf7580
        0x558434cf7580
        0x558434cf7580
        0x558434cf7580
        0x558434cf7580
        0x558434cf7580
        0x558434cf7580
        0x558434cf7580
]: 1
@preempt_stack[
        0x40212e34
        0x40a8a7df
        0x40407e56
        0x40403d24
        0x7f949c846428
        0x7f949c9e578f
        0x558431b82490
]: 1
@preempt_stack[
        0x7f953dd17f63
]: 1
@preempt_stack[
        0x7f953dd1fe6f
        0x10000
        0x7f9501fda580
        0x58
]: 1
@preempt_stack[
        0x7f953dd3d455
        0x7f95000000ef
        0x3f80000000000000
]: 1
@preempt_stack[
        0x7f953d9077db
        0
]: 1
@preempt_stack[
        0x7f953db083ce
]: 1
@preempt_stack[
        0x7f953e853acb
        0xea00038fffdc11e
        0x7f953da02410
        0x8348078948011124
]: 1
@preempt_stack[
        0x7f953e5af7f8
        0x7f953de986f5
]: 1
@preempt_stack[
        0x7f949ca5dbdc
]: 1
@preempt_stack[
        0x7f953d762fb2
        0xa15e18e0
        0xf10002b0002c628
        0x7f953d6de340
        0x83480789480142d4
]: 1
@preempt_stack[
        0x4020e6c4
        0x40407e17
        0x40403d24
        0x7f949c846428
        0x7f949c9e578f
        0x558431b82490
]: 1
@preempt_stack[
        0x7f953dd431fd
        0x10000
        0x7f9502b02170
        0x58
]: 1
@preempt_stack[
        mono_metadata_type_hash+80
        0x110000
        0x55843518b158
        0x55843518b158
        0x55843518b158
        0x55843518b158
        0x55843518b158
        0x55843518b158
        0x55843518b158
        0x55843518b158
        0x55843518b158
        0x55843518b158
        0x55843518b158
        0x55843518b158
        0x55843518b158
        0x55843518b158
        0x55843518b158
        0x55843518b158
        0x55843518b158
        0x55843518b158
        0x55843518b158
        0x55843518b158
        0x55843518b158
        0x55843518b158
        0x55843518b158
        0x55843518b158
        0x55843518b158
        0x55843518b158
        0x55843518b158
        0x55843518b158
        0x55843518b158
        0x55843518b158
        0x55843518b158
        0x55843518b158
        0x55843518b158
        0x55843518b158
        0x55843518b158
        0x55843518b158
        0x55843518b158
        0x55843518b158
        0x55843518b158
        0x55843518b158
        0x55843518b158
        0x55843518b158
        0x55843518b158
        0x55843518b158
        0x55843518b158
        0x55843518b158
        0x55843518b158
        0x55843518b158
        0x55843518b158
        0x55843518b158
        0x55843518b158
        0x55843518b158
        0x55843518b158
        0x55843518b158
        0x55843518b158
        0x55843518b158
        0x55843518b158
        0x55843518b158
        0x55843518b158
        0x55843518b158
        0x55843518b158
        0x55843518b158
        0x55843518b158
        0x55843518b158
        0x55843518b158
        0x55843518b158
        0x55843518b158
        0x55843518b158
        0x55843518b158
        0x55843518b158
        0x55843518b158
        0x55843518b158
        0x55843518b158
        0x55843518b158
        0x55843518b158
        0x55843518b158
        0x55843518b158
        0x55843518b158
        0x55843518b158
        0x55843518b158
        0x55843518b158
        0x55843518b158
        0x55843518b158
        0x55843518b158
        0x55843518b158
        0x55843518b158
        0x55843518b158
        0x55843518b158
        0x55843518b158
        0x55843518b158
        0x55843518b158
        0x55843518b158
        0x55843518b158
        0x55843518b158
        0x55843518b158
        0x55843518b158
        0x55843518b158
        0x55843518b158
        0x55843518b158
        0x55843518b158
        0x55843518b158
        0x55843518b158
        0x55843518b158
        0x55843518b158
        0x55843518b158
        0x55843518b158
        0x55843518b158
        0x55843518b158
        0x55843518b158
        0x55843518b158
        0x55843518b158
        0x55843518b158
        0x55843518b158
        0x55843518b158
        0x55843518b158
        0x55843518b158
        0x55843518b158
        0x55843518b158
        0x55843518b158
        0x55843518b158
        0x55843518b158
        0x55843518b158
        0x55843518b158
        0x55843518b158
        0x55843518b158
]: 1
@preempt_stack[
        0x7f953d69ff07
]: 1
@preempt_stack[
        0x40cac5b8
        0x40cab139
        0x40ca6ac7
        0x40407e56
        0x40403d24
        0x7f949c846428
        0x7f949c9e578f
        0x558431b82490
]: 1
@preempt_stack[
        0x7f953dd4322e
        0x7f9500010000
        0x7f9503238130
        0x58
]: 1
@preempt_stack[
        0x7f949c9ce4d8
        0x5584334d77b8
        0x5584334d77b8
        0x5584334d77b8
        0x5584334d77b8
        0x5584334d77b8
        0x5584334d77b8
        0x5584334d77b8
        0x5584334d77b8
        0x5584334d77b8
        0x5584334d77b8
        0x5584334d77b8
        0x5584334d77b8
        0x5584334d77b8
        0x5584334d77b8
        0x5584334d77b8
        0x5584334d77b8
        0x5584334d77b8
        0x5584334d77b8
        0x5584334d77b8
        0x5584334d77b8
        0x5584334d77b8
        0x5584334d77b8
        0x5584334d77b8
        0x5584334d77b8
        0x5584334d77b8
        0x5584334d77b8
        0x5584334d77b8
        0x5584334d77b8
        0x5584334d77b8
        0x5584334d77b8
        0x5584334d77b8
        0x5584334d77b8
        0x5584334d77b8
        0x5584334d77b8
        0x5584334d77b8
        0x5584334d77b8
        0x5584334d77b8
        0x5584334d77b8
        0x5584334d77b8
        0x5584334d77b8
        0x5584334d77b8
        0x5584334d77b8
        0x5584334d77b8
        0x5584334d77b8
        0x5584334d77b8
        0x5584334d77b8
        0x5584334d77b8
        0x5584334d77b8
        0x5584334d77b8
        0x5584334d77b8
        0x5584334d77b8
        0x5584334d77b8
        0x5584334d77b8
        0x5584334d77b8
        0x5584334d77b8
        0x5584334d77b8
        0x5584334d77b8
        0x5584334d77b8
        0x5584334d77b8
        0x5584334d77b8
        0x5584334d77b8
        0x5584334d77b8
        0x5584334d77b8
        0x5584334d77b8
        0x5584334d77b8
        0x5584334d77b8
        0x5584334d77b8
        0x5584334d77b8
        0x5584334d77b8
        0x5584334d77b8
        0x5584334d77b8
        0x5584334d77b8
        0x5584334d77b8
        0x5584334d77b8
        0x5584334d77b8
        0x5584334d77b8
        0x5584334d77b8
        0x5584334d77b8
        0x5584334d77b8
        0x5584334d77b8
        0x5584334d77b8
        0x5584334d77b8
        0x5584334d77b8
        0x5584334d77b8
        0x5584334d77b8
        0x5584334d77b8
        0x5584334d77b8
        0x5584334d77b8
        0x5584334d77b8
        0x5584334d77b8
        0x5584334d77b8
        0x5584334d77b8
        0x5584334d77b8
        0x5584334d77b8
        0x5584334d77b8
        0x5584334d77b8
        0x5584334d77b8
        0x5584334d77b8
        0x5584334d77b8
        0x5584334d77b8
        0x5584334d77b8
        0x5584334d77b8
        0x5584334d77b8
        0x5584334d77b8
        0x5584334d77b8
        0x5584334d77b8
        0x5584334d77b8
        0x5584334d77b8
        0x5584334d77b8
        0x5584334d77b8
        0x5584334d77b8
        0x5584334d77b8
        0x5584334d77b8
        0x5584334d77b8
        0x5584334d77b8
        0x5584334d77b8
        0x5584334d77b8
        0x5584334d77b8
        0x5584334d77b8
        0x5584334d77b8
        0x5584334d77b8
        0x5584334d77b8
        0x5584334d77b8
        0x5584334d77b8
        0x5584334d77b8
        0x5584334d77b8
]: 1
@preempt_stack[
        0x7f953dd4783a
]: 1
@preempt_stack[
        0x7f953dcc604c
        0x7f9502d6dc90
        0xc395db8bc395983b
]: 1
@preempt_stack[
        0x7f953dcc68c3
        0x7f95000003d0
        0x3f80000000000000
]: 1
@preempt_stack[
        0x7f953d9075e9
        0
]: 1
@preempt_stack[
        0x7f949c9cb775
        0x130000
        0x2
        0
        0x5584349efca0
]: 1
@preempt_stack[
        0x7f953dd4398f
]: 1
@preempt_stack[
        0x7f949c9dcfa3
        0x120000
        0x558435359120
        0x558435359120
        0x558435359120
        0x558435359120
        0x558435359120
        0x558435359120
        0x558435359120
        0x558435359120
        0x558435359120
        0x558435359120
        0x558435359120
        0x558435359120
        0x558435359120
        0x558435359120
        0x558435359120
        0x558435359120
        0x558435359120
        0x558435359120
        0x558435359120
        0x558435359120
        0x558435359120
        0x558435359120
        0x558435359120
        0x558435359120
        0x558435359120
        0x558435359120
        0x558435359120
        0x558435359120
        0x558435359120
        0x558435359120
        0x558435359120
        0x558435359120
        0x558435359120
        0x558435359120
        0x558435359120
        0x558435359120
        0x558435359120
        0x558435359120
        0x558435359120
        0x558435359120
        0x558435359120
        0x558435359120
        0x558435359120
        0x558435359120
        0x558435359120
        0x558435359120
        0x558435359120
        0x558435359120
        0x558435359120
        0x558435359120
        0x558435359120
        0x558435359120
        0x558435359120
        0x558435359120
        0x558435359120
        0x558435359120
        0x558435359120
        0x558435359120
        0x558435359120
        0x558435359120
        0x558435359120
        0x558435359120
        0x558435359120
        0x558435359120
        0x558435359120
        0x558435359120
        0x558435359120
        0x558435359120
        0x558435359120
        0x558435359120
        0x558435359120
        0x558435359120
        0x558435359120
        0x558435359120
        0x558435359120
        0x558435359120
        0x558435359120
        0x558435359120
        0x558435359120
        0x558435359120
        0x558435359120
        0x558435359120
        0x558435359120
        0x558435359120
        0x558435359120
        0x558435359120
        0x558435359120
        0x558435359120
        0x558435359120
        0x558435359120
        0x558435359120
        0x558435359120
        0x558435359120
        0x558435359120
        0x558435359120
        0x558435359120
        0x558435359120
        0x558435359120
        0x558435359120
        0x558435359120
        0x558435359120
        0x558435359120
        0x558435359120
        0x558435359120
        0x558435359120
        0x558435359120
        0x558435359120
        0x558435359120
        0x558435359120
        0x558435359120
        0x558435359120
        0x558435359120
        0x558435359120
        0x558435359120
        0x558435359120
        0x558435359120
        0x558435359120
        0x558435359120
        0x558435359120
        0x558435359120
        0x558435359120
        0x558435359120
        0x558435359120
        0x558435359120
        0x558435359120
]: 1
@preempt_stack[
        mono_metadata_type_hash+96
        0x120000
        0x558435205788
        0x558435205788
        0x558435205788
        0x558435205788
        0x558435205788
        0x558435205788
        0x558435205788
        0x558435205788
        0x558435205788
        0x558435205788
        0x558435205788
        0x558435205788
        0x558435205788
        0x558435205788
        0x558435205788
        0x558435205788
        0x558435205788
        0x558435205788
        0x558435205788
        0x558435205788
        0x558435205788
        0x558435205788
        0x558435205788
        0x558435205788
        0x558435205788
        0x558435205788
        0x558435205788
        0x558435205788
        0x558435205788
        0x558435205788
        0x558435205788
        0x558435205788
        0x558435205788
        0x558435205788
        0x558435205788
        0x558435205788
        0x558435205788
        0x558435205788
        0x558435205788
        0x558435205788
        0x558435205788
        0x558435205788
        0x558435205788
        0x558435205788
        0x558435205788
        0x558435205788
        0x558435205788
        0x558435205788
        0x558435205788
        0x558435205788
        0x558435205788
        0x558435205788
        0x558435205788
        0x558435205788
        0x558435205788
        0x558435205788
        0x558435205788
        0x558435205788
        0x558435205788
        0x558435205788
        0x558435205788
        0x558435205788
        0x558435205788
        0x558435205788
        0x558435205788
        0x558435205788
        0x558435205788
        0x558435205788
        0x558435205788
        0x558435205788
        0x558435205788
        0x558435205788
        0x558435205788
        0x558435205788
        0x558435205788
        0x558435205788
        0x558435205788
        0x558435205788
        0x558435205788
        0x558435205788
        0x558435205788
        0x558435205788
        0x558435205788
        0x558435205788
        0x558435205788
        0x558435205788
        0x558435205788
        0x558435205788
        0x558435205788
        0x558435205788
        0x558435205788
        0x558435205788
        0x558435205788
        0x558435205788
        0x558435205788
        0x558435205788
        0x558435205788
        0x558435205788
        0x558435205788
        0x558435205788
        0x558435205788
        0x558435205788
        0x558435205788
        0x558435205788
        0x558435205788
        0x558435205788
        0x558435205788
        0x558435205788
        0x558435205788
        0x558435205788
        0x558435205788
        0x558435205788
        0x558435205788
        0x558435205788
        0x558435205788
        0x558435205788
        0x558435205788
        0x558435205788
        0x558435205788
        0x558435205788
        0x558435205788
        0x558435205788
        0x558435205788
        0x558435205788
        0x558435205788
]: 1
@preempt_stack[
        0x7f953dcd31a5
        0x14101440142
]: 1
@preempt_stack[
        0x40eae80b
        0x40eae6a8
        0x40eac640
        0x40ea95d9
        0x40ca69ba
        0x40407e56
        0x40403d24
        0x7f949c846428
        0x7f949c9e578f
        0x558431b82490
]: 1
@preempt_stack[
        0x7f953dd7bc35
]: 1
@preempt_stack[
        0x7f949c9b67bb
]: 1
@preempt_stack[
        0x7f949c9ce4c1
        0x120000
        0x5584334dfe60
        0x5584334dfe60
        0x5584334dfe60
        0x5584334dfe60
        0x5584334dfe60
        0x5584334dfe60
        0x5584334dfe60
        0x5584334dfe60
        0x5584334dfe60
        0x5584334dfe60
        0x5584334dfe60
        0x5584334dfe60
        0x5584334dfe60
        0x5584334dfe60
        0x5584334dfe60
        0x5584334dfe60
        0x5584334dfe60
        0x5584334dfe60
        0x5584334dfe60
        0x5584334dfe60
        0x5584334dfe60
        0x5584334dfe60
        0x5584334dfe60
        0x5584334dfe60
        0x5584334dfe60
        0x5584334dfe60
        0x5584334dfe60
        0x5584334dfe60
        0x5584334dfe60
        0x5584334dfe60
        0x5584334dfe60
        0x5584334dfe60
        0x5584334dfe60
        0x5584334dfe60
        0x5584334dfe60
        0x5584334dfe60
        0x5584334dfe60
        0x5584334dfe60
        0x5584334dfe60
        0x5584334dfe60
        0x5584334dfe60
        0x5584334dfe60
        0x5584334dfe60
        0x5584334dfe60
        0x5584334dfe60
        0x5584334dfe60
        0x5584334dfe60
        0x5584334dfe60
        0x5584334dfe60
        0x5584334dfe60
        0x5584334dfe60
        0x5584334dfe60
        0x5584334dfe60
        0x5584334dfe60
        0x5584334dfe60
        0x5584334dfe60
        0x5584334dfe60
        0x5584334dfe60
        0x5584334dfe60
        0x5584334dfe60
        0x5584334dfe60
        0x5584334dfe60
        0x5584334dfe60
        0x5584334dfe60
        0x5584334dfe60
        0x5584334dfe60
        0x5584334dfe60
        0x5584334dfe60
        0x5584334dfe60
        0x5584334dfe60
        0x5584334dfe60
        0x5584334dfe60
        0x5584334dfe60
        0x5584334dfe60
        0x5584334dfe60
        0x5584334dfe60
        0x5584334dfe60
        0x5584334dfe60
        0x5584334dfe60
        0x5584334dfe60
        0x5584334dfe60
        0x5584334dfe60
        0x5584334dfe60
        0x5584334dfe60
        0x5584334dfe60
        0x5584334dfe60
        0x5584334dfe60
        0x5584334dfe60
        0x5584334dfe60
        0x5584334dfe60
        0x5584334dfe60
        0x5584334dfe60
        0x5584334dfe60
        0x5584334dfe60
        0x5584334dfe60
        0x5584334dfe60
        0x5584334dfe60
        0x5584334dfe60
        0x5584334dfe60
        0x5584334dfe60
        0x5584334dfe60
        0x5584334dfe60
        0x5584334dfe60
        0x5584334dfe60
        0x5584334dfe60
        0x5584334dfe60
        0x5584334dfe60
        0x5584334dfe60
        0x5584334dfe60
        0x5584334dfe60
        0x5584334dfe60
        0x5584334dfe60
        0x5584334dfe60
        0x5584334dfe60
        0x5584334dfe60
        0x5584334dfe60
        0x5584334dfe60
        0x5584334dfe60
        0x5584334dfe60
        0x5584334dfe60
        0x5584334dfe60
        0x5584334dfe60
        0x5584334dfe60
        0x5584334dfe60
        0x5584334dfe60
]: 1
@preempt_stack[
        0x40bb20fd
        0x40ddfd44
        0x40de40f0
        0x40b4cd24
        0x40b4c87c
        0x40b4c753
        0x7f93fc093a6b
        0x7f94788cb95b
        0x7f93fc07fabb
        0x401c67a6
        0x7f949c846428
        0x7f949c9e578f
        0x558431b82490
]: 1
@preempt_stack[
        0x7f953da96766
        0xe400038ffff7326
        0x7f953da9dd80
        0x4810c08348010bfa
]: 1
@preempt_stack[
        0x7f953dd3d7f2
        0x7f953e010000
        0x7f9502bd84b0
        0x58
        0x7f93e00000
]: 1
@preempt_stack[
        0x40cac58d
        0
        0x2000000000000001
        0x558432740e50
        0x558432740e50
        0x558432740e50
        0x558432740e50
        0x558432740e50
        0x558432740e50
        0x558432740e50
        0x558432740e50
        0x558432740e50
        0x558432740e50
        0x558432740e50
        0x558432740e50
        0x558432740e50
        0x558432740e50
        0x558432740e50
        0x558432740e50
        0x558432740e50
        0x558432740e50
        0x558432740e50
        0x558432740e50
        0x558432740e50
        0x558432740e50
        0x558432740e50
        0x558432740e50
        0x558432740e50
        0x558432740e50
        0x558432740e50
        0x558432740e50
        0x558432740e50
        0x558432740e50
        0x558432740e50
        0x558432740e50
        0x558432740e50
        0x558432740e50
        0x558432740e50
        0x558432740e50
        0x558432740e50
        0x558432740e50
        0x558432740e50
        0x558432740e50
        0x558432740e50
        0x558432740e50
        0x558432740e50
        0x558432740e50
        0x558432740e50
        0x558432740e50
        0x558432740e50
        0x558432740e50
        0x558432740e50
        0x558432740e50
        0x558432740e50
        0x558432740e50
        0x558432740e50
        0x558432740e50
        0x558432740e50
        0x558432740e50
        0x558432740e50
        0x558432740e50
        0x558432740e50
        0x558432740e50
        0x558432740e50
        0x558432740e50
        0x558432740e50
        0x558432740e50
        0x558432740e50
        0x558432740e50
        0x558432740e50
        0x558432740e50
        0x558432740e50
        0x558432740e50
        0x558432740e50
        0x558432740e50
        0x558432740e50
        0x558432740e50
        0x558432740e50
        0x558432740e50
        0x558432740e50
        0x558432740e50
        0x558432740e50
        0x558432740e50
        0x558432740e50
        0x558432740e50
        0x558432740e50
        0x558432740e50
        0x558432740e50
        0x558432740e50
        0x558432740e50
        0x558432740e50
        0x558432740e50
        0x558432740e50
        0x558432740e50
        0x558432740e50
        0x558432740e50
        0x558432740e50
        0x558432740e50
        0x558432740e50
        0x558432740e50
        0x558432740e50
        0x558432740e50
        0x558432740e50
        0x558432740e50
        0x558432740e50
        0x558432740e50
        0x558432740e50
        0x558432740e50
        0x558432740e50
        0x558432740e50
        0x558432740e50
        0x558432740e50
        0x558432740e50
        0x558432740e50
        0x558432740e50
        0x558432740e50
        0x558432740e50
        0x558432740e50
        0x558432740e50
        0x558432740e50
        0x558432740e50
        0x558432740e50
        0x558432740e50
        0x558432740e50
        0x558432740e50
        0x558432740e50
        0x558432740e50
]: 1
@preempt_stack[
        0x405cb316
        0x405cb0e8
        0x407b122c
        0x401c67a6
        0x7f949c846428
        0x7f949c9e578f
        0x558431b82490
]: 1
@preempt_stack[
        0x7f949c9cb5c4
        0
        0
        0x5584348410d0
]: 1
@preempt_stack[
        0x7f953dd4eb38
        0x88b08840882
]: 1
@preempt_stack[
        0x7f953d7bb1ed
]: 1
@preempt_stack[
        0x40aa6f94
        0x401c67a6
        0x7f949c846428
        0x7f949c9e578f
        0x558431b82490
]: 1
@preempt_stack[
        mono_g_hash_table_lookup_extended+66
        0x110000
        0x558434f0d4e0
        0x558434f0d4e0
        0x558434f0d4e0
        0x558434f0d4e0
        0x558434f0d4e0
        0x558434f0d4e0
        0x558434f0d4e0
        0x558434f0d4e0
        0x558434f0d4e0
        0x558434f0d4e0
        0x558434f0d4e0
        0x558434f0d4e0
        0x558434f0d4e0
        0x558434f0d4e0
        0x558434f0d4e0
        0x558434f0d4e0
        0x558434f0d4e0
        0x558434f0d4e0
        0x558434f0d4e0
        0x558434f0d4e0
        0x558434f0d4e0
        0x558434f0d4e0
        0x558434f0d4e0
        0x558434f0d4e0
        0x558434f0d4e0
        0x558434f0d4e0
        0x558434f0d4e0
        0x558434f0d4e0
        0x558434f0d4e0
        0x558434f0d4e0
        0x558434f0d4e0
        0x558434f0d4e0
        0x558434f0d4e0
        0x558434f0d4e0
        0x558434f0d4e0
        0x558434f0d4e0
        0x558434f0d4e0
        0x558434f0d4e0
        0x558434f0d4e0
        0x558434f0d4e0
        0x558434f0d4e0
        0x558434f0d4e0
        0x558434f0d4e0
        0x558434f0d4e0
        0x558434f0d4e0
        0x558434f0d4e0
        0x558434f0d4e0
        0x558434f0d4e0
        0x558434f0d4e0
        0x558434f0d4e0
        0x558434f0d4e0
        0x558434f0d4e0
        0x558434f0d4e0
        0x558434f0d4e0
        0x558434f0d4e0
        0x558434f0d4e0
        0x558434f0d4e0
        0x558434f0d4e0
        0x558434f0d4e0
        0x558434f0d4e0
        0x558434f0d4e0
        0x558434f0d4e0
        0x558434f0d4e0
        0x558434f0d4e0
        0x558434f0d4e0
        0x558434f0d4e0
        0x558434f0d4e0
        0x558434f0d4e0
        0x558434f0d4e0
        0x558434f0d4e0
        0x558434f0d4e0
        0x558434f0d4e0
        0x558434f0d4e0
        0x558434f0d4e0
        0x558434f0d4e0
        0x558434f0d4e0
        0x558434f0d4e0
        0x558434f0d4e0
        0x558434f0d4e0
        0x558434f0d4e0
        0x558434f0d4e0
        0x558434f0d4e0
        0x558434f0d4e0
        0x558434f0d4e0
        0x558434f0d4e0
        0x558434f0d4e0
        0x558434f0d4e0
        0x558434f0d4e0
        0x558434f0d4e0
        0x558434f0d4e0
        0x558434f0d4e0
        0x558434f0d4e0
        0x558434f0d4e0
        0x558434f0d4e0
        0x558434f0d4e0
        0x558434f0d4e0
        0x558434f0d4e0
        0x558434f0d4e0
        0x558434f0d4e0
        0x558434f0d4e0
        0x558434f0d4e0
        0x558434f0d4e0
        0x558434f0d4e0
        0x558434f0d4e0
        0x558434f0d4e0
        0x558434f0d4e0
        0x558434f0d4e0
        0x558434f0d4e0
        0x558434f0d4e0
        0x558434f0d4e0
        0x558434f0d4e0
        0x558434f0d4e0
        0x558434f0d4e0
        0x558434f0d4e0
        0x558434f0d4e0
        0x558434f0d4e0
        0x558434f0d4e0
        0x558434f0d4e0
        0x558434f0d4e0
        0x558434f0d4e0
        0x558434f0d4e0
        0x558434f0d4e0
        0x558434f0d4e0
        0x558434f0d4e0
        0x558434f0d4e0
]: 1
@preempt_stack[
        0x401ac321
        0x40b43cf8
        0x40a8b118
        0x40407e56
        0x40403d24
        0x7f949c846428
        0x7f949c9e578f
        0x558431b82490
]: 1
@preempt_stack[
        0x7f953d6d9e43
]: 1
@preempt_stack[
        0x7f953dd0ec6a
        0x7f9447f845b0
]: 1
@preempt_stack[
        0x7f949c9cb659
        0x130000
        0
        0
        0x558434b93450
]: 1
@preempt_stack[
        GC_dirty_inner+41
        0x40a8a76e
        0x40407e56
        0x40403d24
        0x7f949c846428
        0x7f949c9e578f
        0x558431b82490
]: 1
@preempt_stack[
        0x7f953d90583b
]: 1
@preempt_stack[
        0x7f949c9cb75b
        0x130000
        0x1
        0
        0x558432d76120
]: 1
@preempt_stack[
        mono_class_from_mono_type_internal+50
        0
]: 1
@preempt_stack[
        0x7f953dd4e965
        0x2eaf0cdb28aa9316
]: 1
@preempt_stack[
        0x40d050a4
]: 1
@preempt_stack[
        0x7f953d905b49
]: 1
@preempt_stack[
        0x7f953e6dbdd4
]: 1
@preempt_stack[
        0x7f953dd472a0
]: 1
@preempt_stack[
        mono_metadata_type_hash+80
        0x120000
        0x558432cc30c8
        0x558432cc30c8
        0x558432cc30c8
        0x558432cc30c8
        0x558432cc30c8
        0x558432cc30c8
        0x558432cc30c8
        0x558432cc30c8
        0x558432cc30c8
        0x558432cc30c8
        0x558432cc30c8
        0x558432cc30c8
        0x558432cc30c8
        0x558432cc30c8
        0x558432cc30c8
        0x558432cc30c8
        0x558432cc30c8
        0x558432cc30c8
        0x558432cc30c8
        0x558432cc30c8
        0x558432cc30c8
        0x558432cc30c8
        0x558432cc30c8
        0x558432cc30c8
        0x558432cc30c8
        0x558432cc30c8
        0x558432cc30c8
        0x558432cc30c8
        0x558432cc30c8
        0x558432cc30c8
        0x558432cc30c8
        0x558432cc30c8
        0x558432cc30c8
        0x558432cc30c8
        0x558432cc30c8
        0x558432cc30c8
        0x558432cc30c8
        0x558432cc30c8
        0x558432cc30c8
        0x558432cc30c8
        0x558432cc30c8
        0x558432cc30c8
        0x558432cc30c8
        0x558432cc30c8
        0x558432cc30c8
        0x558432cc30c8
        0x558432cc30c8
        0x558432cc30c8
        0x558432cc30c8
        0x558432cc30c8
        0x558432cc30c8
        0x558432cc30c8
        0x558432cc30c8
        0x558432cc30c8
        0x558432cc30c8
        0x558432cc30c8
        0x558432cc30c8
        0x558432cc30c8
        0x558432cc30c8
        0x558432cc30c8
        0x558432cc30c8
        0x558432cc30c8
        0x558432cc30c8
        0x558432cc30c8
        0x558432cc30c8
        0x558432cc30c8
        0x558432cc30c8
        0x558432cc30c8
        0x558432cc30c8
        0x558432cc30c8
        0x558432cc30c8
        0x558432cc30c8
        0x558432cc30c8
        0x558432cc30c8
        0x558432cc30c8
        0x558432cc30c8
        0x558432cc30c8
        0x558432cc30c8
        0x558432cc30c8
        0x558432cc30c8
        0x558432cc30c8
        0x558432cc30c8
        0x558432cc30c8
        0x558432cc30c8
        0x558432cc30c8
        0x558432cc30c8
        0x558432cc30c8
        0x558432cc30c8
        0x558432cc30c8
        0x558432cc30c8
        0x558432cc30c8
        0x558432cc30c8
        0x558432cc30c8
        0x558432cc30c8
        0x558432cc30c8
        0x558432cc30c8
        0x558432cc30c8
        0x558432cc30c8
        0x558432cc30c8
        0x558432cc30c8
        0x558432cc30c8
        0x558432cc30c8
        0x558432cc30c8
        0x558432cc30c8
        0x558432cc30c8
        0x558432cc30c8
        0x558432cc30c8
        0x558432cc30c8
        0x558432cc30c8
        0x558432cc30c8
        0x558432cc30c8
        0x558432cc30c8
        0x558432cc30c8
        0x558432cc30c8
        0x558432cc30c8
        0x558432cc30c8
        0x558432cc30c8
        0x558432cc30c8
        0x558432cc30c8
        0x558432cc30c8
        0x558432cc30c8
        0x558432cc30c8
        0x558432cc30c8
        0x558432cc30c8
        0x558432cc30c8
]: 1
@preempt_stack[
        0x40d58d31
        0x40d56ef8
        0x40d56d80
        0x40d53864
        0
        0
        0x558432736408
        0x558432736408
        0x558432736408
        0x558432736408
        0x558432736408
        0x558432736408
        0x558432736408
        0x558432736408
        0x558432736408
        0x558432736408
        0x558432736408
        0x558432736408
        0x558432736408
        0x558432736408
        0x558432736408
        0x558432736408
        0x558432736408
        0x558432736408
        0x558432736408
        0x558432736408
        0x558432736408
        0x558432736408
        0x558432736408
        0x558432736408
        0x558432736408
        0x558432736408
        0x558432736408
        0x558432736408
        0x558432736408
        0x558432736408
        0x558432736408
        0x558432736408
        0x558432736408
        0x558432736408
        0x558432736408
        0x558432736408
        0x558432736408
        0x558432736408
        0x558432736408
        0x558432736408
        0x558432736408
        0x558432736408
        0x558432736408
        0x558432736408
        0x558432736408
        0x558432736408
        0x558432736408
        0x558432736408
        0x558432736408
        0x558432736408
        0x558432736408
        0x558432736408
        0x558432736408
        0x558432736408
        0x558432736408
        0x558432736408
        0x558432736408
        0x558432736408
        0x558432736408
        0x558432736408
        0x558432736408
        0x558432736408
        0x558432736408
        0x558432736408
        0x558432736408
        0x558432736408
        0x558432736408
        0x558432736408
        0x558432736408
        0x558432736408
        0x558432736408
        0x558432736408
        0x558432736408
        0x558432736408
        0x558432736408
        0x558432736408
        0x558432736408
        0x558432736408
        0x558432736408
        0x558432736408
        0x558432736408
        0x558432736408
        0x558432736408
        0x558432736408
        0x558432736408
        0x558432736408
        0x558432736408
        0x558432736408
        0x558432736408
        0x558432736408
        0x558432736408
        0x558432736408
        0x558432736408
        0x558432736408
        0x558432736408
        0x558432736408
        0x558432736408
        0x558432736408
        0x558432736408
        0x558432736408
        0x558432736408
        0x558432736408
        0x558432736408
        0x558432736408
        0x558432736408
        0x558432736408
        0x558432736408
        0x558432736408
        0x558432736408
        0x558432736408
        0x558432736408
        0x558432736408
        0x558432736408
        0x558432736408
        0x558432736408
        0x558432736408
        0x558432736408
        0x558432736408
        0x558432736408
        0x558432736408
        0x558432736408
]: 1
@preempt_stack[
        0x7f949ca0f68f
        0x120000
        0x5584327905f8
        0x5584327905f8
        0x5584327905f8
        0x5584327905f8
        0x5584327905f8
        0x5584327905f8
        0x5584327905f8
        0x5584327905f8
        0x5584327905f8
        0x5584327905f8
        0x5584327905f8
        0x5584327905f8
        0x5584327905f8
        0x5584327905f8
        0x5584327905f8
        0x5584327905f8
        0x5584327905f8
        0x5584327905f8
        0x5584327905f8
        0x5584327905f8
        0x5584327905f8
        0x5584327905f8
        0x5584327905f8
        0x5584327905f8
        0x5584327905f8
        0x5584327905f8
        0x5584327905f8
        0x5584327905f8
        0x5584327905f8
        0x5584327905f8
        0x5584327905f8
        0x5584327905f8
        0x5584327905f8
        0x5584327905f8
        0x5584327905f8
        0x5584327905f8
        0x5584327905f8
        0x5584327905f8
        0x5584327905f8
        0x5584327905f8
        0x5584327905f8
        0x5584327905f8
        0x5584327905f8
        0x5584327905f8
        0x5584327905f8
        0x5584327905f8
        0x5584327905f8
        0x5584327905f8
        0x5584327905f8
        0x5584327905f8
        0x5584327905f8
        0x5584327905f8
        0x5584327905f8
        0x5584327905f8
        0x5584327905f8
        0x5584327905f8
        0x5584327905f8
        0x5584327905f8
        0x5584327905f8
        0x5584327905f8
        0x5584327905f8
        0x5584327905f8
        0x5584327905f8
        0x5584327905f8
        0x5584327905f8
        0x5584327905f8
        0x5584327905f8
        0x5584327905f8
        0x5584327905f8
        0x5584327905f8
        0x5584327905f8
        0x5584327905f8
        0x5584327905f8
        0x5584327905f8
        0x5584327905f8
        0x5584327905f8
        0x5584327905f8
        0x5584327905f8
        0x5584327905f8
        0x5584327905f8
        0x5584327905f8
        0x5584327905f8
        0x5584327905f8
        0x5584327905f8
        0x5584327905f8
        0x5584327905f8
        0x5584327905f8
        0x5584327905f8
        0x5584327905f8
        0x5584327905f8
        0x5584327905f8
        0x5584327905f8
        0x5584327905f8
        0x5584327905f8
        0x5584327905f8
        0x5584327905f8
        0x5584327905f8
        0x5584327905f8
        0x5584327905f8
        0x5584327905f8
        0x5584327905f8
        0x5584327905f8
        0x5584327905f8
        0x5584327905f8
        0x5584327905f8
        0x5584327905f8
        0x5584327905f8
        0x5584327905f8
        0x5584327905f8
        0x5584327905f8
        0x5584327905f8
        0x5584327905f8
        0x5584327905f8
        0x5584327905f8
        0x5584327905f8
        0x5584327905f8
        0x5584327905f8
        0x5584327905f8
        0x5584327905f8
        0x5584327905f8
        0x5584327905f8
        0x5584327905f8
        0x5584327905f8
        0x5584327905f8
        0x5584327905f8
]: 1
@preempt_stack[
        0x7f949c99810c
        0
]: 1
@preempt_stack[
        0x7f953dd4b2d1
        0x2eaf0cdb28aa9316
]: 1
@preempt_stack[
        0x40cac41a
        0x40d5dcce
        0x40d5befe
        0x40d59754
        0x40d56ef8
        0x40d56d80
        0x40d53864
        0
        0
        0x558432736408
        0x558432736408
        0x558432736408
        0x558432736408
        0x558432736408
        0x558432736408
        0x558432736408
        0x558432736408
        0x558432736408
        0x558432736408
        0x558432736408
        0x558432736408
        0x558432736408
        0x558432736408
        0x558432736408
        0x558432736408
        0x558432736408
        0x558432736408
        0x558432736408
        0x558432736408
        0x558432736408
        0x558432736408
        0x558432736408
        0x558432736408
        0x558432736408
        0x558432736408
        0x558432736408
        0x558432736408
        0x558432736408
        0x558432736408
        0x558432736408
        0x558432736408
        0x558432736408
        0x558432736408
        0x558432736408
        0x558432736408
        0x558432736408
        0x558432736408
        0x558432736408
        0x558432736408
        0x558432736408
        0x558432736408
        0x558432736408
        0x558432736408
        0x558432736408
        0x558432736408
        0x558432736408
        0x558432736408
        0x558432736408
        0x558432736408
        0x558432736408
        0x558432736408
        0x558432736408
        0x558432736408
        0x558432736408
        0x558432736408
        0x558432736408
        0x558432736408
        0x558432736408
        0x558432736408
        0x558432736408
        0x558432736408
        0x558432736408
        0x558432736408
        0x558432736408
        0x558432736408
        0x558432736408
        0x558432736408
        0x558432736408
        0x558432736408
        0x558432736408
        0x558432736408
        0x558432736408
        0x558432736408
        0x558432736408
        0x558432736408
        0x558432736408
        0x558432736408
        0x558432736408
        0x558432736408
        0x558432736408
        0x558432736408
        0x558432736408
        0x558432736408
        0x558432736408
        0x558432736408
        0x558432736408
        0x558432736408
        0x558432736408
        0x558432736408
        0x558432736408
        0x558432736408
        0x558432736408
        0x558432736408
        0x558432736408
        0x558432736408
        0x558432736408
        0x558432736408
        0x558432736408
        0x558432736408
        0x558432736408
        0x558432736408
        0x558432736408
        0x558432736408
        0x558432736408
        0x558432736408
        0x558432736408
        0x558432736408
        0x558432736408
        0x558432736408
        0x558432736408
        0x558432736408
        0x558432736408
        0x558432736408
        0x558432736408
        0x558432736408
        0x558432736408
        0x558432736408
]: 1
@preempt_stack[
        0x406b0450
]: 1
@preempt_stack[
        0x7f949c9dcf92
        0x120000
        0x5584327e84a8
        0x5584327e84a8
        0x5584327e84a8
        0x5584327e84a8
        0x5584327e84a8
        0x5584327e84a8
        0x5584327e84a8
        0x5584327e84a8
        0x5584327e84a8
        0x5584327e84a8
        0x5584327e84a8
        0x5584327e84a8
        0x5584327e84a8
        0x5584327e84a8
        0x5584327e84a8
        0x5584327e84a8
        0x5584327e84a8
        0x5584327e84a8
        0x5584327e84a8
        0x5584327e84a8
        0x5584327e84a8
        0x5584327e84a8
        0x5584327e84a8
        0x5584327e84a8
        0x5584327e84a8
        0x5584327e84a8
        0x5584327e84a8
        0x5584327e84a8
        0x5584327e84a8
        0x5584327e84a8
        0x5584327e84a8
        0x5584327e84a8
        0x5584327e84a8
        0x5584327e84a8
        0x5584327e84a8
        0x5584327e84a8
        0x5584327e84a8
        0x5584327e84a8
        0x5584327e84a8
        0x5584327e84a8
        0x5584327e84a8
        0x5584327e84a8
        0x5584327e84a8
        0x5584327e84a8
        0x5584327e84a8
        0x5584327e84a8
        0x5584327e84a8
        0x5584327e84a8
        0x5584327e84a8
        0x5584327e84a8
        0x5584327e84a8
        0x5584327e84a8
        0x5584327e84a8
        0x5584327e84a8
        0x5584327e84a8
        0x5584327e84a8
        0x5584327e84a8
        0x5584327e84a8
        0x5584327e84a8
        0x5584327e84a8
        0x5584327e84a8
        0x5584327e84a8
        0x5584327e84a8
        0x5584327e84a8
        0x5584327e84a8
        0x5584327e84a8
        0x5584327e84a8
        0x5584327e84a8
        0x5584327e84a8
        0x5584327e84a8
        0x5584327e84a8
        0x5584327e84a8
        0x5584327e84a8
        0x5584327e84a8
        0x5584327e84a8
        0x5584327e84a8
        0x5584327e84a8
        0x5584327e84a8
        0x5584327e84a8
        0x5584327e84a8
        0x5584327e84a8
        0x5584327e84a8
        0x5584327e84a8
        0x5584327e84a8
        0x5584327e84a8
        0x5584327e84a8
        0x5584327e84a8
        0x5584327e84a8
        0x5584327e84a8
        0x5584327e84a8
        0x5584327e84a8
        0x5584327e84a8
        0x5584327e84a8
        0x5584327e84a8
        0x5584327e84a8
        0x5584327e84a8
        0x5584327e84a8
        0x5584327e84a8
        0x5584327e84a8
        0x5584327e84a8
        0x5584327e84a8
        0x5584327e84a8
        0x5584327e84a8
        0x5584327e84a8
        0x5584327e84a8
        0x5584327e84a8
        0x5584327e84a8
        0x5584327e84a8
        0x5584327e84a8
        0x5584327e84a8
        0x5584327e84a8
        0x5584327e84a8
        0x5584327e84a8
        0x5584327e84a8
        0x5584327e84a8
        0x5584327e84a8
        0x5584327e84a8
        0x5584327e84a8
        0x5584327e84a8
        0x5584327e84a8
        0x5584327e84a8
        0x5584327e84a8
        0x5584327e84a8
        0x5584327e84a8
        0x5584327e84a8
]: 1
@preempt_stack[
        0x7f953db86187
]: 1
@preempt_stack[
        0x7f953dd431e8
        0x7f953e010000
        0x7f9502b02170
        0x58
]: 1
@preempt_stack[
        GC_mark_from+455
]: 1
@preempt_stack[
        0x40442aae
]: 1
@preempt_stack[
        0x7f953dd4e965
        0x10101040101
]: 1
@preempt_stack[
        0x40eabc14
        0x404486a0
        0x40445fcc
]: 1
@preempt_stack[
        0x7f953e6f8a72
]: 1
@preempt_stack[
        0x40cac3e0
]: 1
@preempt_stack[
        0x7f949ca40260
]: 1
@preempt_stack[
        0x7f949c9dcfa3
        0x120000
        0x558434d906c0
        0x558434d906c0
        0x558434d906c0
        0x558434d906c0
        0x558434d906c0
        0x558434d906c0
        0x558434d906c0
        0x558434d906c0
        0x558434d906c0
        0x558434d906c0
        0x558434d906c0
        0x558434d906c0
        0x558434d906c0
        0x558434d906c0
        0x558434d906c0
        0x558434d906c0
        0x558434d906c0
        0x558434d906c0
        0x558434d906c0
        0x558434d906c0
        0x558434d906c0
        0x558434d906c0
        0x558434d906c0
        0x558434d906c0
        0x558434d906c0
        0x558434d906c0
        0x558434d906c0
        0x558434d906c0
        0x558434d906c0
        0x558434d906c0
        0x558434d906c0
        0x558434d906c0
        0x558434d906c0
        0x558434d906c0
        0x558434d906c0
        0x558434d906c0
        0x558434d906c0
        0x558434d906c0
        0x558434d906c0
        0x558434d906c0
        0x558434d906c0
        0x558434d906c0
        0x558434d906c0
        0x558434d906c0
        0x558434d906c0
        0x558434d906c0
        0x558434d906c0
        0x558434d906c0
        0x558434d906c0
        0x558434d906c0
        0x558434d906c0
        0x558434d906c0
        0x558434d906c0
        0x558434d906c0
        0x558434d906c0
        0x558434d906c0
        0x558434d906c0
        0x558434d906c0
        0x558434d906c0
        0x558434d906c0
        0x558434d906c0
        0x558434d906c0
        0x558434d906c0
        0x558434d906c0
        0x558434d906c0
        0x558434d906c0
        0x558434d906c0
        0x558434d906c0
        0x558434d906c0
        0x558434d906c0
        0x558434d906c0
        0x558434d906c0
        0x558434d906c0
        0x558434d906c0
        0x558434d906c0
        0x558434d906c0
        0x558434d906c0
        0x558434d906c0
        0x558434d906c0
        0x558434d906c0
        0x558434d906c0
        0x558434d906c0
        0x558434d906c0
        0x558434d906c0
        0x558434d906c0
        0x558434d906c0
        0x558434d906c0
        0x558434d906c0
        0x558434d906c0
        0x558434d906c0
        0x558434d906c0
        0x558434d906c0
        0x558434d906c0
        0x558434d906c0
        0x558434d906c0
        0x558434d906c0
        0x558434d906c0
        0x558434d906c0
        0x558434d906c0
        0x558434d906c0
        0x558434d906c0
        0x558434d906c0
        0x558434d906c0
        0x558434d906c0
        0x558434d906c0
        0x558434d906c0
        0x558434d906c0
        0x558434d906c0
        0x558434d906c0
        0x558434d906c0
        0x558434d906c0
        0x558434d906c0
        0x558434d906c0
        0x558434d906c0
        0x558434d906c0
        0x558434d906c0
        0x558434d906c0
        0x558434d906c0
        0x558434d906c0
        0x558434d906c0
        0x558434d906c0
        0x558434d906c0
        0x558434d906c0
        0x558434d906c0
        0x558434d906c0
]: 1
@preempt_stack[
        0x7f953e68ff24
        0x7f9500cde3a0
        0x7f9500cdd9c8
        0x7f9500cf5330
        0x7f9500cde3a0
        0x7f9500cdd9c8
        0x7f9500cf5330
        0x7f9500cde3a0
        0x7f9500cdd9c8
        0x7f9500cf5330
        0x7f9500cde3a0
        0x7f9500cdd9c8
        0x7f9500cf5330
        0x7f9500cde3a0
        0x7f9500cdd9c8
        0x7f9500cf5330
        0x7f9500cde3a0
        0x7f9500cdd9c8
        0x7f9500cf5330
        0x7f9500cde3a0
        0x7f9500cdd9c8
        0x7f9500cf5330
        0x7f9500cde3a0
        0x7f9500cdd9c8
        0x7f9500cf5330
        0x7f9500cde3a0
        0x7f9500cdd9c8
        0x7f9500cf5330
        0x7f9500cde3a0
        0x7f9500cdd9c8
        0x7f9500cf5330
        0x7f9500cde3a0
        0x7f9500cdd9c8
        0x7f9500cf5330
        0x7f9500cde3a0
        0x7f9500cdd9c8
        0x7f9500cf5330
        0x7f9500cde3a0
        0x7f9500cdd9c8
        0x7f9500cf5330
        0x7f9500cde3a0
        0x7f9500cdd9c8
        0x7f9500cf5330
        0x7f9500cde3a0
        0x7f9500cdd9c8
        0x7f9500cf5330
        0x7f9500cde3a0
        0x7f9500cdd9c8
        0x7f9500cf5330
        0x7f9500cde3a0
        0x7f9500cdd9c8
        0x7f9500cf5330
        0x7f9500cde3a0
        0x7f9500cdd9c8
        0x7f9500cf5330
        0x7f9500cde3a0
        0x7f9500cdd9c8
        0x7f9500cf5330
        0x7f9500cde3a0
        0x7f9500cdd9c8
        0x7f9500cf5330
        0x7f9500cde3a0
        0x7f9500cdd9c8
        0x7f9500cf5330
        0x7f9500cde3a0
        0x7f9500cdd9c8
        0x7f9500cf5330
        0x7f9500cde3a0
        0x7f9500cdd9c8
        0x7f9500cf5330
        0x7f9500cde3a0
        0x7f9500cdd9c8
        0x7f9500cf5330
        0x7f9500cde3a0
        0x7f9500cdd9c8
        0x7f9500cf5330
        0x7f9500cde3a0
        0x7f9500cdd9c8
        0x7f9500cf5330
        0x7f9500cde3a0
        0x7f9500cdd9c8
        0x7f9500cf5330
        0x7f9500cde3a0
        0x7f9500cdd9c8
        0x7f9500cf5330
        0x7f9500cde3a0
        0x7f9500cdd9c8
        0x7f9500cf5330
        0x7f9500cde3a0
        0x7f9500cdd9c8
        0x7f9500cf5330
        0x7f9500cde3a0
        0x7f9500cdd9c8
        0x7f9500cf5330
        0x7f9500cde3a0
        0x7f9500cdd9c8
        0x7f9500cf5330
        0x7f9500cde3a0
        0x7f9500cdd9c8
        0x7f9500cf5330
        0x7f9500cde3a0
        0x7f9500cdd9c8
        0x7f9500cf5330
        0x7f9500cde3a0
        0x7f9500cdd9c8
        0x7f9500cf5330
        0x7f9500cde3a0
        0x7f9500cdd9c8
        0x7f9500cf5330
        0x7f9500cde3a0
        0x7f9500cdd9c8
        0x7f9500cf5330
        0x7f9500cde3a0
        0x7f9500cdd9c8
        0x7f9500cf5330
        0x7f9500cde3a0
        0x7f9500cdd9c8
        0x7f9500cf5330
        0x7f9500cde3a0
        0x7f9500cdd9c8
        0x7f9500cf5330
        0x7f9500cde3a0
        0x7f9500cdd9c8
        0x7f9500cf5330
        0x7f9500cde3a0
        0x7f9500cdd9c8
        0x7f9500cf5330
]: 1
@preempt_stack[
        0x40c395ea
        0x40a8a76e
        0x40407e56
        0x40403d24
        0x7f949c846428
        0x7f949c9e578f
        0x558431b82490
]: 1
@preempt_stack[
        0x7f949c9dcfa3
        0x120000
        0x558434850db0
        0x558434850db0
        0x558434850db0
        0x558434850db0
        0x558434850db0
        0x558434850db0
        0x558434850db0
        0x558434850db0
        0x558434850db0
        0x558434850db0
        0x558434850db0
        0x558434850db0
        0x558434850db0
        0x558434850db0
        0x558434850db0
        0x558434850db0
        0x558434850db0
        0x558434850db0
        0x558434850db0
        0x558434850db0
        0x558434850db0
        0x558434850db0
        0x558434850db0
        0x558434850db0
        0x558434850db0
        0x558434850db0
        0x558434850db0
        0x558434850db0
        0x558434850db0
        0x558434850db0
        0x558434850db0
        0x558434850db0
        0x558434850db0
        0x558434850db0
        0x558434850db0
        0x558434850db0
        0x558434850db0
        0x558434850db0
        0x558434850db0
        0x558434850db0
        0x558434850db0
        0x558434850db0
        0x558434850db0
        0x558434850db0
        0x558434850db0
        0x558434850db0
        0x558434850db0
        0x558434850db0
        0x558434850db0
        0x558434850db0
        0x558434850db0
        0x558434850db0
        0x558434850db0
        0x558434850db0
        0x558434850db0
        0x558434850db0
        0x558434850db0
        0x558434850db0
        0x558434850db0
        0x558434850db0
        0x558434850db0
        0x558434850db0
        0x558434850db0
        0x558434850db0
        0x558434850db0
        0x558434850db0
        0x558434850db0
        0x558434850db0
        0x558434850db0
        0x558434850db0
        0x558434850db0
        0x558434850db0
        0x558434850db0
        0x558434850db0
        0x558434850db0
        0x558434850db0
        0x558434850db0
        0x558434850db0
        0x558434850db0
        0x558434850db0
        0x558434850db0
        0x558434850db0
        0x558434850db0
        0x558434850db0
        0x558434850db0
        0x558434850db0
        0x558434850db0
        0x558434850db0
        0x558434850db0
        0x558434850db0
        0x558434850db0
        0x558434850db0
        0x558434850db0
        0x558434850db0
        0x558434850db0
        0x558434850db0
        0x558434850db0
        0x558434850db0
        0x558434850db0
        0x558434850db0
        0x558434850db0
        0x558434850db0
        0x558434850db0
        0x558434850db0
        0x558434850db0
        0x558434850db0
        0x558434850db0
        0x558434850db0
        0x558434850db0
        0x558434850db0
        0x558434850db0
        0x558434850db0
        0x558434850db0
        0x558434850db0
        0x558434850db0
        0x558434850db0
        0x558434850db0
        0x558434850db0
        0x558434850db0
        0x558434850db0
        0x558434850db0
        0x558434850db0
        0x558434850db0
        0x558434850db0
        0x558434850db0
]: 1
@preempt_stack[
        0x40caf0bb
        0x40d5dcce
        0x40d5befe
        0x40d597a4
        0x40d56ef8
        0x40d56d80
        0x40d53864
        0
        0
        0x558432736408
        0x558432736408
        0x558432736408
        0x558432736408
        0x558432736408
        0x558432736408
        0x558432736408
        0x558432736408
        0x558432736408
        0x558432736408
        0x558432736408
        0x558432736408
        0x558432736408
        0x558432736408
        0x558432736408
        0x558432736408
        0x558432736408
        0x558432736408
        0x558432736408
        0x558432736408
        0x558432736408
        0x558432736408
        0x558432736408
        0x558432736408
        0x558432736408
        0x558432736408
        0x558432736408
        0x558432736408
        0x558432736408
        0x558432736408
        0x558432736408
        0x558432736408
        0x558432736408
        0x558432736408
        0x558432736408
        0x558432736408
        0x558432736408
        0x558432736408
        0x558432736408
        0x558432736408
        0x558432736408
        0x558432736408
        0x558432736408
        0x558432736408
        0x558432736408
        0x558432736408
        0x558432736408
        0x558432736408
        0x558432736408
        0x558432736408
        0x558432736408
        0x558432736408
        0x558432736408
        0x558432736408
        0x558432736408
        0x558432736408
        0x558432736408
        0x558432736408
        0x558432736408
        0x558432736408
        0x558432736408
        0x558432736408
        0x558432736408
        0x558432736408
        0x558432736408
        0x558432736408
        0x558432736408
        0x558432736408
        0x558432736408
        0x558432736408
        0x558432736408
        0x558432736408
        0x558432736408
        0x558432736408
        0x558432736408
        0x558432736408
        0x558432736408
        0x558432736408
        0x558432736408
        0x558432736408
        0x558432736408
        0x558432736408
        0x558432736408
        0x558432736408
        0x558432736408
        0x558432736408
        0x558432736408
        0x558432736408
        0x558432736408
        0x558432736408
        0x558432736408
        0x558432736408
        0x558432736408
        0x558432736408
        0x558432736408
        0x558432736408
        0x558432736408
        0x558432736408
        0x558432736408
        0x558432736408
        0x558432736408
        0x558432736408
        0x558432736408
        0x558432736408
        0x558432736408
        0x558432736408
        0x558432736408
        0x558432736408
        0x558432736408
        0x558432736408
        0x558432736408
        0x558432736408
        0x558432736408
        0x558432736408
        0x558432736408
        0x558432736408
        0x558432736408
        0x558432736408
]: 1
@preempt_stack[
        0x7f953dcd7a78
        0xa810a840a82
]: 1
@preempt_stack[
        0x7f953d6d9ca8
        0xea00038fffecb90
        0x7f953da02410
        0x8348078948011124
]: 1
@preempt_stack[
        0x7f949ca3c7d0
        0x40a8a7df
        0x40407e56
        0x40403d24
        0x7f949c846428
        0x7f949c9e578f
        0x558431b82490
]: 1
@preempt_stack[
        0x40cac70f
        0x40cabc4c
        0x40cab139
        0x40ca6ac7
        0x40407e56
        0x40403d24
        0x7f949c846428
        0x7f949c9e578f
        0x558431b82490
]: 1
@preempt_stack[
        0x7f953dcd7ad1
        0xdd0
]: 1
@preempt_stack[
        0x7f953dd3fc42
]: 1
@preempt_stack[
        0x7f949c9e44f9
        0x120000
        0x7f940c06e958
        0x7f940c06e958
        0x7f940c06e958
        0x7f940c06e958
        0x7f940c06e958
        0x7f940c06e958
        0x7f940c06e958
        0x7f940c06e958
        0x7f940c06e958
        0x7f940c06e958
        0x7f940c06e958
        0x7f940c06e958
        0x7f940c06e958
        0x7f940c06e958
        0x7f940c06e958
        0x7f940c06e958
        0x7f940c06e958
        0x7f940c06e958
        0x7f940c06e958
        0x7f940c06e958
        0x7f940c06e958
        0x7f940c06e958
        0x7f940c06e958
        0x7f940c06e958
        0x7f940c06e958
        0x7f940c06e958
        0x7f940c06e958
        0x7f940c06e958
        0x7f940c06e958
        0x7f940c06e958
        0x7f940c06e958
        0x7f940c06e958
        0x7f940c06e958
        0x7f940c06e958
        0x7f940c06e958
        0x7f940c06e958
        0x7f940c06e958
        0x7f940c06e958
        0x7f940c06e958
        0x7f940c06e958
        0x7f940c06e958
        0x7f940c06e958
        0x7f940c06e958
        0x7f940c06e958
        0x7f940c06e958
        0x7f940c06e958
        0x7f940c06e958
        0x7f940c06e958
        0x7f940c06e958
        0x7f940c06e958
        0x7f940c06e958
        0x7f940c06e958
        0x7f940c06e958
        0x7f940c06e958
        0x7f940c06e958
        0x7f940c06e958
        0x7f940c06e958
        0x7f940c06e958
        0x7f940c06e958
        0x7f940c06e958
        0x7f940c06e958
        0x7f940c06e958
        0x7f940c06e958
        0x7f940c06e958
        0x7f940c06e958
        0x7f940c06e958
        0x7f940c06e958
        0x7f940c06e958
        0x7f940c06e958
        0x7f940c06e958
        0x7f940c06e958
        0x7f940c06e958
        0x7f940c06e958
        0x7f940c06e958
        0x7f940c06e958
        0x7f940c06e958
        0x7f940c06e958
        0x7f940c06e958
        0x7f940c06e958
        0x7f940c06e958
        0x7f940c06e958
        0x7f940c06e958
        0x7f940c06e958
        0x7f940c06e958
        0x7f940c06e958
        0x7f940c06e958
        0x7f940c06e958
        0x7f940c06e958
        0x7f940c06e958
        0x7f940c06e958
        0x7f940c06e958
        0x7f940c06e958
        0x7f940c06e958
        0x7f940c06e958
        0x7f940c06e958
        0x7f940c06e958
        0x7f940c06e958
        0x7f940c06e958
        0x7f940c06e958
        0x7f940c06e958
        0x7f940c06e958
        0x7f940c06e958
        0x7f940c06e958
        0x7f940c06e958
        0x7f940c06e958
        0x7f940c06e958
        0x7f940c06e958
        0x7f940c06e958
        0x7f940c06e958
        0x7f940c06e958
        0x7f940c06e958
        0x7f940c06e958
        0x7f940c06e958
        0x7f940c06e958
        0x7f940c06e958
        0x7f940c06e958
        0x7f940c06e958
        0x7f940c06e958
        0x7f940c06e958
        0x7f940c06e958
        0x7f940c06e958
        0x7f940c06e958
        0x7f940c06e958
        0x7f940c06e958
        0x7f940c06e958
]: 1
@preempt_stack[
        0x7f953dd4e96f
        0xbe70bc40bcb
]: 1
@preempt_stack[
        0x7f949c9cb75b
        0x120000
        0x558434d06a18
        0x558434d06a18
        0x558434d06a18
        0x558434d06a18
        0x558434d06a18
        0x558434d06a18
        0x558434d06a18
        0x558434d06a18
        0x558434d06a18
        0x558434d06a18
        0x558434d06a18
        0x558434d06a18
        0x558434d06a18
        0x558434d06a18
        0x558434d06a18
        0x558434d06a18
        0x558434d06a18
        0x558434d06a18
        0x558434d06a18
        0x558434d06a18
        0x558434d06a18
        0x558434d06a18
        0x558434d06a18
        0x558434d06a18
        0x558434d06a18
        0x558434d06a18
        0x558434d06a18
        0x558434d06a18
        0x558434d06a18
        0x558434d06a18
        0x558434d06a18
        0x558434d06a18
        0x558434d06a18
        0x558434d06a18
        0x558434d06a18
        0x558434d06a18
        0x558434d06a18
        0x558434d06a18
        0x558434d06a18
        0x558434d06a18
        0x558434d06a18
        0x558434d06a18
        0x558434d06a18
        0x558434d06a18
        0x558434d06a18
        0x558434d06a18
        0x558434d06a18
        0x558434d06a18
        0x558434d06a18
        0x558434d06a18
        0x558434d06a18
        0x558434d06a18
        0x558434d06a18
        0x558434d06a18
        0x558434d06a18
        0x558434d06a18
        0x558434d06a18
        0x558434d06a18
        0x558434d06a18
        0x558434d06a18
        0x558434d06a18
        0x558434d06a18
        0x558434d06a18
        0x558434d06a18
        0x558434d06a18
        0x558434d06a18
        0x558434d06a18
        0x558434d06a18
        0x558434d06a18
        0x558434d06a18
        0x558434d06a18
        0x558434d06a18
        0x558434d06a18
        0x558434d06a18
        0x558434d06a18
        0x558434d06a18
        0x558434d06a18
        0x558434d06a18
        0x558434d06a18
        0x558434d06a18
        0x558434d06a18
        0x558434d06a18
        0x558434d06a18
        0x558434d06a18
        0x558434d06a18
        0x558434d06a18
        0x558434d06a18
        0x558434d06a18
        0x558434d06a18
        0x558434d06a18
        0x558434d06a18
        0x558434d06a18
        0x558434d06a18
        0x558434d06a18
        0x558434d06a18
        0x558434d06a18
        0x558434d06a18
        0x558434d06a18
        0x558434d06a18
        0x558434d06a18
        0x558434d06a18
        0x558434d06a18
        0x558434d06a18
        0x558434d06a18
        0x558434d06a18
        0x558434d06a18
        0x558434d06a18
        0x558434d06a18
        0x558434d06a18
        0x558434d06a18
        0x558434d06a18
        0x558434d06a18
        0x558434d06a18
        0x558434d06a18
        0x558434d06a18
        0x558434d06a18
        0x558434d06a18
        0x558434d06a18
        0x558434d06a18
        0x558434d06a18
        0x558434d06a18
        0x558434d06a18
        0x558434d06a18
        0x558434d06a18
        0x558434d06a18
]: 1
@preempt_stack[
        0x7f949c9ce4d8
        0x558435317308
        0x558435317308
        0x558435317308
        0x558435317308
        0x558435317308
        0x558435317308
        0x558435317308
        0x558435317308
        0x558435317308
        0x558435317308
        0x558435317308
        0x558435317308
        0x558435317308
        0x558435317308
        0x558435317308
        0x558435317308
        0x558435317308
        0x558435317308
        0x558435317308
        0x558435317308
        0x558435317308
        0x558435317308
        0x558435317308
        0x558435317308
        0x558435317308
        0x558435317308
        0x558435317308
        0x558435317308
        0x558435317308
        0x558435317308
        0x558435317308
        0x558435317308
        0x558435317308
        0x558435317308
        0x558435317308
        0x558435317308
        0x558435317308
        0x558435317308
        0x558435317308
        0x558435317308
        0x558435317308
        0x558435317308
        0x558435317308
        0x558435317308
        0x558435317308
        0x558435317308
        0x558435317308
        0x558435317308
        0x558435317308
        0x558435317308
        0x558435317308
        0x558435317308
        0x558435317308
        0x558435317308
        0x558435317308
        0x558435317308
        0x558435317308
        0x558435317308
        0x558435317308
        0x558435317308
        0x558435317308
        0x558435317308
        0x558435317308
        0x558435317308
        0x558435317308
        0x558435317308
        0x558435317308
        0x558435317308
        0x558435317308
        0x558435317308
        0x558435317308
        0x558435317308
        0x558435317308
        0x558435317308
        0x558435317308
        0x558435317308
        0x558435317308
        0x558435317308
        0x558435317308
        0x558435317308
        0x558435317308
        0x558435317308
        0x558435317308
        0x558435317308
        0x558435317308
        0x558435317308
        0x558435317308
        0x558435317308
        0x558435317308
        0x558435317308
        0x558435317308
        0x558435317308
        0x558435317308
        0x558435317308
        0x558435317308
        0x558435317308
        0x558435317308
        0x558435317308
        0x558435317308
        0x558435317308
        0x558435317308
        0x558435317308
        0x558435317308
        0x558435317308
        0x558435317308
        0x558435317308
        0x558435317308
        0x558435317308
        0x558435317308
        0x558435317308
        0x558435317308
        0x558435317308
        0x558435317308
        0x558435317308
        0x558435317308
        0x558435317308
        0x558435317308
        0x558435317308
        0x558435317308
        0x558435317308
        0x558435317308
        0x558435317308
        0x558435317308
        0x558435317308
        0x558435317308
        0x558435317308
]: 1
@preempt_stack[
        0x402f21e7
        0x40c0d864
        0x4077cadf
        0x7f949c846428
        0x7f949c9e578f
        0x558431b82490
]: 1
@preempt_stack[
        0x7f949c9ce51d
        0x55843260e328
        0x55843260e328
        0x55843260e328
        0x55843260e328
        0x55843260e328
        0x55843260e328
        0x55843260e328
        0x55843260e328
        0x55843260e328
        0x55843260e328
        0x55843260e328
        0x55843260e328
        0x55843260e328
        0x55843260e328
        0x55843260e328
        0x55843260e328
        0x55843260e328
        0x55843260e328
        0x55843260e328
        0x55843260e328
        0x55843260e328
        0x55843260e328
        0x55843260e328
        0x55843260e328
        0x55843260e328
        0x55843260e328
        0x55843260e328
        0x55843260e328
        0x55843260e328
        0x55843260e328
        0x55843260e328
        0x55843260e328
        0x55843260e328
        0x55843260e328
        0x55843260e328
        0x55843260e328
        0x55843260e328
        0x55843260e328
        0x55843260e328
        0x55843260e328
        0x55843260e328
        0x55843260e328
        0x55843260e328
        0x55843260e328
        0x55843260e328
        0x55843260e328
        0x55843260e328
        0x55843260e328
        0x55843260e328
        0x55843260e328
        0x55843260e328
        0x55843260e328
        0x55843260e328
        0x55843260e328
        0x55843260e328
        0x55843260e328
        0x55843260e328
        0x55843260e328
        0x55843260e328
        0x55843260e328
        0x55843260e328
        0x55843260e328
        0x55843260e328
        0x55843260e328
        0x55843260e328
        0x55843260e328
        0x55843260e328
        0x55843260e328
        0x55843260e328
        0x55843260e328
        0x55843260e328
        0x55843260e328
        0x55843260e328
        0x55843260e328
        0x55843260e328
        0x55843260e328
        0x55843260e328
        0x55843260e328
        0x55843260e328
        0x55843260e328
        0x55843260e328
        0x55843260e328
        0x55843260e328
        0x55843260e328
        0x55843260e328
        0x55843260e328
        0x55843260e328
        0x55843260e328
        0x55843260e328
        0x55843260e328
        0x55843260e328
        0x55843260e328
        0x55843260e328
        0x55843260e328
        0x55843260e328
        0x55843260e328
        0x55843260e328
        0x55843260e328
        0x55843260e328
        0x55843260e328
        0x55843260e328
        0x55843260e328
        0x55843260e328
        0x55843260e328
        0x55843260e328
        0x55843260e328
        0x55843260e328
        0x55843260e328
        0x55843260e328
        0x55843260e328
        0x55843260e328
        0x55843260e328
        0x55843260e328
        0x55843260e328
        0x55843260e328
        0x55843260e328
        0x55843260e328
        0x55843260e328
        0x55843260e328
        0x55843260e328
        0x55843260e328
        0x55843260e328
        0x55843260e328
        0x55843260e328
        0x55843260e328
        0x55843260e328
]: 1
@preempt_stack[
        0x40d05127
        0x40d04f78
        0x40d0350d
        0x40a8b124
        0x40407e56
        0x40403d24
        0x7f949c846428
        0x7f949c9e578f
        0x558431b82490
]: 1
@preempt_stack[
        0x40442a7b
]: 1
@preempt_stack[
        0x7f953dd46f1e
]: 1
@preempt_stack[
        0x7f953dd4797f
        0x20
]: 1
@preempt_stack[
        0x7f953d905270
]: 1
@preempt_stack[
        0x40caf118
        0x40cabc4c
        0x40cab139
        0x40ca6ac7
        0x40407e56
        0x40403d24
        0x7f949c846428
        0x7f949c9e578f
        0x558431b82490
]: 1
@preempt_stack[
        0x4019bcf8
        0x4019ad3c
        0x4019a9f8
]: 1
@preempt_stack[
        0x7f953dba329d
]: 1
@preempt_stack[
        0x401b1e06
        0x7f94788ccf8b
        0x7f93fc07dd4b
        0x7f93fc093433
        0x7f94788cb95b
        0x7f93fc07fabb
        0x401c67a6
        0x7f949c846428
        0x7f949c9e578f
        0x558431b82490
]: 1
@preempt_stack[
        0x7f953dcd6afd
        0xa00038ffff6544
        0x7f953dce77a0
        0x894800e36aea058d
]: 1
@preempt_stack[
        0x7f953eea2c09
        __clock_gettime+29
]: 1
@preempt_stack[
        0x7f953dd315f6
        0x7f9447f845b0
]: 1
@preempt_stack[
        0x7f953ddcb077
        0x74807060701
]: 1
@preempt_stack[
        0x40d06724
        0
        0x2000000000000001
        0x558432740e50
        0x558432740e50
        0x558432740e50
        0x558432740e50
        0x558432740e50
        0x558432740e50
        0x558432740e50
        0x558432740e50
        0x558432740e50
        0x558432740e50
        0x558432740e50
        0x558432740e50
        0x558432740e50
        0x558432740e50
        0x558432740e50
        0x558432740e50
        0x558432740e50
        0x558432740e50
        0x558432740e50
        0x558432740e50
        0x558432740e50
        0x558432740e50
        0x558432740e50
        0x558432740e50
        0x558432740e50
        0x558432740e50
        0x558432740e50
        0x558432740e50
        0x558432740e50
        0x558432740e50
        0x558432740e50
        0x558432740e50
        0x558432740e50
        0x558432740e50
        0x558432740e50
        0x558432740e50
        0x558432740e50
        0x558432740e50
        0x558432740e50
        0x558432740e50
        0x558432740e50
        0x558432740e50
        0x558432740e50
        0x558432740e50
        0x558432740e50
        0x558432740e50
        0x558432740e50
        0x558432740e50
        0x558432740e50
        0x558432740e50
        0x558432740e50
        0x558432740e50
        0x558432740e50
        0x558432740e50
        0x558432740e50
        0x558432740e50
        0x558432740e50
        0x558432740e50
        0x558432740e50
        0x558432740e50
        0x558432740e50
        0x558432740e50
        0x558432740e50
        0x558432740e50
        0x558432740e50
        0x558432740e50
        0x558432740e50
        0x558432740e50
        0x558432740e50
        0x558432740e50
        0x558432740e50
        0x558432740e50
        0x558432740e50
        0x558432740e50
        0x558432740e50
        0x558432740e50
        0x558432740e50
        0x558432740e50
        0x558432740e50
        0x558432740e50
        0x558432740e50
        0x558432740e50
        0x558432740e50
        0x558432740e50
        0x558432740e50
        0x558432740e50
        0x558432740e50
        0x558432740e50
        0x558432740e50
        0x558432740e50
        0x558432740e50
        0x558432740e50
        0x558432740e50
        0x558432740e50
        0x558432740e50
        0x558432740e50
        0x558432740e50
        0x558432740e50
        0x558432740e50
        0x558432740e50
        0x558432740e50
        0x558432740e50
        0x558432740e50
        0x558432740e50
        0x558432740e50
        0x558432740e50
        0x558432740e50
        0x558432740e50
        0x558432740e50
        0x558432740e50
        0x558432740e50
        0x558432740e50
        0x558432740e50
        0x558432740e50
        0x558432740e50
        0x558432740e50
        0x558432740e50
        0x558432740e50
        0x558432740e50
        0x558432740e50
        0x558432740e50
        0x558432740e50
        0x558432740e50
        0x558432740e50
]: 1
@preempt_stack[
        mono_metadata_type_hash+99
        0x120000
        0x558432add840
        0x558432add840
        0x558432add840
        0x558432add840
        0x558432add840
        0x558432add840
        0x558432add840
        0x558432add840
        0x558432add840
        0x558432add840
        0x558432add840
        0x558432add840
        0x558432add840
        0x558432add840
        0x558432add840
        0x558432add840
        0x558432add840
        0x558432add840
        0x558432add840
        0x558432add840
        0x558432add840
        0x558432add840
        0x558432add840
        0x558432add840
        0x558432add840
        0x558432add840
        0x558432add840
        0x558432add840
        0x558432add840
        0x558432add840
        0x558432add840
        0x558432add840
        0x558432add840
        0x558432add840
        0x558432add840
        0x558432add840
        0x558432add840
        0x558432add840
        0x558432add840
        0x558432add840
        0x558432add840
        0x558432add840
        0x558432add840
        0x558432add840
        0x558432add840
        0x558432add840
        0x558432add840
        0x558432add840
        0x558432add840
        0x558432add840
        0x558432add840
        0x558432add840
        0x558432add840
        0x558432add840
        0x558432add840
        0x558432add840
        0x558432add840
        0x558432add840
        0x558432add840
        0x558432add840
        0x558432add840
        0x558432add840
        0x558432add840
        0x558432add840
        0x558432add840
        0x558432add840
        0x558432add840
        0x558432add840
        0x558432add840
        0x558432add840
        0x558432add840
        0x558432add840
        0x558432add840
        0x558432add840
        0x558432add840
        0x558432add840
        0x558432add840
        0x558432add840
        0x558432add840
        0x558432add840
        0x558432add840
        0x558432add840
        0x558432add840
        0x558432add840
        0x558432add840
        0x558432add840
        0x558432add840
        0x558432add840
        0x558432add840
        0x558432add840
        0x558432add840
        0x558432add840
        0x558432add840
        0x558432add840
        0x558432add840
        0x558432add840
        0x558432add840
        0x558432add840
        0x558432add840
        0x558432add840
        0x558432add840
        0x558432add840
        0x558432add840
        0x558432add840
        0x558432add840
        0x558432add840
        0x558432add840
        0x558432add840
        0x558432add840
        0x558432add840
        0x558432add840
        0x558432add840
        0x558432add840
        0x558432add840
        0x558432add840
        0x558432add840
        0x558432add840
        0x558432add840
        0x558432add840
        0x558432add840
        0x558432add840
        0x558432add840
        0x558432add840
        0x558432add840
        0x558432add840
]: 1
@preempt_stack[
        0x7f953d9015ec
        0x7c607c407c2
]: 1
@preempt_stack[
        0x40cadc60
        0x40cad7b4
        0x40cabc4c
        0x40cab139
        0x40ca6ac7
        0x40407e56
        0x40403d24
        0x7f949c846428
        0x7f949c9e578f
        0x558431b82490
]: 1
@preempt_stack[
        0x7f953dd431d3
        0x7f95000001d9
        0
]: 1
@preempt_stack[
        0x40cac3da
]: 1
@preempt_stack[
        0x4019bdc4
]: 1
@preempt_stack[
        0x7f953e5acd7e
        0x7f953de986f5
]: 1
@preempt_stack[
        0x40cb416d
        0x40cb2a88
        0x40cafea4
        0x40cafc3c
        0x40407e56
        0x40403d24
        0x7f949c846428
        0x7f949c9e578f
        0x558431b82490
]: 1
@preempt_stack[
        0x7f949ca0c2f7
]: 1
@preempt_stack[
        0x404441d2
]: 1
@preempt_stack[
        0x40d05121
        0x40d04f78
        0x40d0350d
        0x40a8b124
        0x40407e56
        0x40403d24
        0x7f949c846428
        0x7f949c9e578f
        0x558431b82490
]: 1
@preempt_stack[
        0x7f949c9e44f9
        0x120000
        0x7f9450131f58
        0x7f9450131f58
        0x7f9450131f58
        0x7f9450131f58
        0x7f9450131f58
        0x7f9450131f58
        0x7f9450131f58
        0x7f9450131f58
        0x7f9450131f58
        0x7f9450131f58
        0x7f9450131f58
        0x7f9450131f58
        0x7f9450131f58
        0x7f9450131f58
        0x7f9450131f58
        0x7f9450131f58
        0x7f9450131f58
        0x7f9450131f58
        0x7f9450131f58
        0x7f9450131f58
        0x7f9450131f58
        0x7f9450131f58
        0x7f9450131f58
        0x7f9450131f58
        0x7f9450131f58
        0x7f9450131f58
        0x7f9450131f58
        0x7f9450131f58
        0x7f9450131f58
        0x7f9450131f58
        0x7f9450131f58
        0x7f9450131f58
        0x7f9450131f58
        0x7f9450131f58
        0x7f9450131f58
        0x7f9450131f58
        0x7f9450131f58
        0x7f9450131f58
        0x7f9450131f58
        0x7f9450131f58
        0x7f9450131f58
        0x7f9450131f58
        0x7f9450131f58
        0x7f9450131f58
        0x7f9450131f58
        0x7f9450131f58
        0x7f9450131f58
        0x7f9450131f58
        0x7f9450131f58
        0x7f9450131f58
        0x7f9450131f58
        0x7f9450131f58
        0x7f9450131f58
        0x7f9450131f58
        0x7f9450131f58
        0x7f9450131f58
        0x7f9450131f58
        0x7f9450131f58
        0x7f9450131f58
        0x7f9450131f58
        0x7f9450131f58
        0x7f9450131f58
        0x7f9450131f58
        0x7f9450131f58
        0x7f9450131f58
        0x7f9450131f58
        0x7f9450131f58
        0x7f9450131f58
        0x7f9450131f58
        0x7f9450131f58
        0x7f9450131f58
        0x7f9450131f58
        0x7f9450131f58
        0x7f9450131f58
        0x7f9450131f58
        0x7f9450131f58
        0x7f9450131f58
        0x7f9450131f58
        0x7f9450131f58
        0x7f9450131f58
        0x7f9450131f58
        0x7f9450131f58
        0x7f9450131f58
        0x7f9450131f58
        0x7f9450131f58
        0x7f9450131f58
        0x7f9450131f58
        0x7f9450131f58
        0x7f9450131f58
        0x7f9450131f58
        0x7f9450131f58
        0x7f9450131f58
        0x7f9450131f58
        0x7f9450131f58
        0x7f9450131f58
        0x7f9450131f58
        0x7f9450131f58
        0x7f9450131f58
        0x7f9450131f58
        0x7f9450131f58
        0x7f9450131f58
        0x7f9450131f58
        0x7f9450131f58
        0x7f9450131f58
        0x7f9450131f58
        0x7f9450131f58
        0x7f9450131f58
        0x7f9450131f58
        0x7f9450131f58
        0x7f9450131f58
        0x7f9450131f58
        0x7f9450131f58
        0x7f9450131f58
        0x7f9450131f58
        0x7f9450131f58
        0x7f9450131f58
        0x7f9450131f58
        0x7f9450131f58
        0x7f9450131f58
        0x7f9450131f58
        0x7f9450131f58
        0x7f9450131f58
        0x7f9450131f58
        0x7f9450131f58
        0x7f9450131f58
]: 1
@preempt_stack[
        0x7f949c9cb5f7
        0
        0
        0x55843531ea90
]: 1
@preempt_stack[
        pthread_cond_wait+157
        0x8e3
]: 1
@preempt_stack[
        0x7f949c9dcfa3
        0x120000
        0x558434c9b3a0
        0x558434c9b3a0
        0x558434c9b3a0
        0x558434c9b3a0
        0x558434c9b3a0
        0x558434c9b3a0
        0x558434c9b3a0
        0x558434c9b3a0
        0x558434c9b3a0
        0x558434c9b3a0
        0x558434c9b3a0
        0x558434c9b3a0
        0x558434c9b3a0
        0x558434c9b3a0
        0x558434c9b3a0
        0x558434c9b3a0
        0x558434c9b3a0
        0x558434c9b3a0
        0x558434c9b3a0
        0x558434c9b3a0
        0x558434c9b3a0
        0x558434c9b3a0
        0x558434c9b3a0
        0x558434c9b3a0
        0x558434c9b3a0
        0x558434c9b3a0
        0x558434c9b3a0
        0x558434c9b3a0
        0x558434c9b3a0
        0x558434c9b3a0
        0x558434c9b3a0
        0x558434c9b3a0
        0x558434c9b3a0
        0x558434c9b3a0
        0x558434c9b3a0
        0x558434c9b3a0
        0x558434c9b3a0
        0x558434c9b3a0
        0x558434c9b3a0
        0x558434c9b3a0
        0x558434c9b3a0
        0x558434c9b3a0
        0x558434c9b3a0
        0x558434c9b3a0
        0x558434c9b3a0
        0x558434c9b3a0
        0x558434c9b3a0
        0x558434c9b3a0
        0x558434c9b3a0
        0x558434c9b3a0
        0x558434c9b3a0
        0x558434c9b3a0
        0x558434c9b3a0
        0x558434c9b3a0
        0x558434c9b3a0
        0x558434c9b3a0
        0x558434c9b3a0
        0x558434c9b3a0
        0x558434c9b3a0
        0x558434c9b3a0
        0x558434c9b3a0
        0x558434c9b3a0
        0x558434c9b3a0
        0x558434c9b3a0
        0x558434c9b3a0
        0x558434c9b3a0
        0x558434c9b3a0
        0x558434c9b3a0
        0x558434c9b3a0
        0x558434c9b3a0
        0x558434c9b3a0
        0x558434c9b3a0
        0x558434c9b3a0
        0x558434c9b3a0
        0x558434c9b3a0
        0x558434c9b3a0
        0x558434c9b3a0
        0x558434c9b3a0
        0x558434c9b3a0
        0x558434c9b3a0
        0x558434c9b3a0
        0x558434c9b3a0
        0x558434c9b3a0
        0x558434c9b3a0
        0x558434c9b3a0
        0x558434c9b3a0
        0x558434c9b3a0
        0x558434c9b3a0
        0x558434c9b3a0
        0x558434c9b3a0
        0x558434c9b3a0
        0x558434c9b3a0
        0x558434c9b3a0
        0x558434c9b3a0
        0x558434c9b3a0
        0x558434c9b3a0
        0x558434c9b3a0
        0x558434c9b3a0
        0x558434c9b3a0
        0x558434c9b3a0
        0x558434c9b3a0
        0x558434c9b3a0
        0x558434c9b3a0
        0x558434c9b3a0
        0x558434c9b3a0
        0x558434c9b3a0
        0x558434c9b3a0
        0x558434c9b3a0
        0x558434c9b3a0
        0x558434c9b3a0
        0x558434c9b3a0
        0x558434c9b3a0
        0x558434c9b3a0
        0x558434c9b3a0
        0x558434c9b3a0
        0x558434c9b3a0
        0x558434c9b3a0
        0x558434c9b3a0
        0x558434c9b3a0
        0x558434c9b3a0
        0x558434c9b3a0
        0x558434c9b3a0
        0x558434c9b3a0
        0x558434c9b3a0
        0x558434c9b3a0
]: 1
@preempt_stack[
        0x40c0cfec
        0x40c0d864
        0x4077cadf
        0x7f949c846428
        0x7f949c9e578f
        0x558431b82490
]: 1
@preempt_stack[
        0x7f949c9cb659
        0x130000
        0
        0
        0x558431b4f870
]: 1
@preempt_stack[
        0x40c37fd4
        0x40a8a76e
        0x40407e56
        0x40403d24
        0x7f949c846428
        0x7f949c9e578f
        0x558431b82490
]: 1
@preempt_stack[
        0x40496db3
        0x4046dfb8
        0x40785934
        0x401c67a6
        0x7f949c846428
        0x7f949c9e578f
        0x558431b82490
]: 1
@preempt_stack[
        0x4043fc1c
        0
        0x3c00000000000001
        0x558432d2dca0
        0x558432d2dca0
        0x558432d2dca0
        0x558432d2dca0
        0x558432d2dca0
        0x558432d2dca0
        0x558432d2dca0
        0x558432d2dca0
        0x558432d2dca0
        0x558432d2dca0
        0x558432d2dca0
        0x558432d2dca0
        0x558432d2dca0
        0x558432d2dca0
        0x558432d2dca0
        0x558432d2dca0
        0x558432d2dca0
        0x558432d2dca0
        0x558432d2dca0
        0x558432d2dca0
        0x558432d2dca0
        0x558432d2dca0
        0x558432d2dca0
        0x558432d2dca0
        0x558432d2dca0
        0x558432d2dca0
        0x558432d2dca0
        0x558432d2dca0
        0x558432d2dca0
        0x558432d2dca0
        0x558432d2dca0
        0x558432d2dca0
        0x558432d2dca0
        0x558432d2dca0
        0x558432d2dca0
        0x558432d2dca0
        0x558432d2dca0
        0x558432d2dca0
        0x558432d2dca0
        0x558432d2dca0
        0x558432d2dca0
        0x558432d2dca0
        0x558432d2dca0
        0x558432d2dca0
        0x558432d2dca0
        0x558432d2dca0
        0x558432d2dca0
        0x558432d2dca0
        0x558432d2dca0
        0x558432d2dca0
        0x558432d2dca0
        0x558432d2dca0
        0x558432d2dca0
        0x558432d2dca0
        0x558432d2dca0
        0x558432d2dca0
        0x558432d2dca0
        0x558432d2dca0
        0x558432d2dca0
        0x558432d2dca0
        0x558432d2dca0
        0x558432d2dca0
        0x558432d2dca0
        0x558432d2dca0
        0x558432d2dca0
        0x558432d2dca0
        0x558432d2dca0
        0x558432d2dca0
        0x558432d2dca0
        0x558432d2dca0
        0x558432d2dca0
        0x558432d2dca0
        0x558432d2dca0
        0x558432d2dca0
        0x558432d2dca0
        0x558432d2dca0
        0x558432d2dca0
        0x558432d2dca0
        0x558432d2dca0
        0x558432d2dca0
        0x558432d2dca0
        0x558432d2dca0
        0x558432d2dca0
        0x558432d2dca0
        0x558432d2dca0
        0x558432d2dca0
        0x558432d2dca0
        0x558432d2dca0
        0x558432d2dca0
        0x558432d2dca0
        0x558432d2dca0
        0x558432d2dca0
        0x558432d2dca0
        0x558432d2dca0
        0x558432d2dca0
        0x558432d2dca0
        0x558432d2dca0
        0x558432d2dca0
        0x558432d2dca0
        0x558432d2dca0
        0x558432d2dca0
        0x558432d2dca0
        0x558432d2dca0
        0x558432d2dca0
        0x558432d2dca0
        0x558432d2dca0
        0x558432d2dca0
        0x558432d2dca0
        0x558432d2dca0
        0x558432d2dca0
        0x558432d2dca0
        0x558432d2dca0
        0x558432d2dca0
        0x558432d2dca0
        0x558432d2dca0
        0x558432d2dca0
        0x558432d2dca0
        0x558432d2dca0
        0x558432d2dca0
        0x558432d2dca0
        0x558432d2dca0
        0x558432d2dca0
        0x558432d2dca0
        0x558432d2dca0
]: 1
@preempt_stack[
        0x7f953e4a69cb
]: 1
@preempt_stack[
        0x40c0de14
        0x40c0d864
        0x4077cadf
        0x7f949c846428
        0x7f949c9e578f
        0x558431b82490
]: 1
@preempt_stack[
        __pthread_getspecific+29
]: 1
@preempt_stack[
        0x401dd77d
]: 1
@preempt_stack[
        __libc_malloc+72
        0x7f953de986f5
]: 1
@preempt_stack[
        0x7f949ca6087b
        0x2f3170616c5f6b63
]: 1
@preempt_stack[
        0x40c00051
        0x7f949c846428
        0x7f949c9e578f
        0x558431b82490
]: 1
@preempt_stack[
        0x406402f0
        0x4046dfb8
        0x40785934
        0x401c67a6
        0x7f949c846428
        0x7f949c9e578f
        0x558431b82490
]: 1
@preempt_stack[
        0x40d09165
        0
        0
        0x558432736408
        0x558432736408
        0x558432736408
        0x558432736408
        0x558432736408
        0x558432736408
        0x558432736408
        0x558432736408
        0x558432736408
        0x558432736408
        0x558432736408
        0x558432736408
        0x558432736408
        0x558432736408
        0x558432736408
        0x558432736408
        0x558432736408
        0x558432736408
        0x558432736408
        0x558432736408
        0x558432736408
        0x558432736408
        0x558432736408
        0x558432736408
        0x558432736408
        0x558432736408
        0x558432736408
        0x558432736408
        0x558432736408
        0x558432736408
        0x558432736408
        0x558432736408
        0x558432736408
        0x558432736408
        0x558432736408
        0x558432736408
        0x558432736408
        0x558432736408
        0x558432736408
        0x558432736408
        0x558432736408
        0x558432736408
        0x558432736408
        0x558432736408
        0x558432736408
        0x558432736408
        0x558432736408
        0x558432736408
        0x558432736408
        0x558432736408
        0x558432736408
        0x558432736408
        0x558432736408
        0x558432736408
        0x558432736408
        0x558432736408
        0x558432736408
        0x558432736408
        0x558432736408
        0x558432736408
        0x558432736408
        0x558432736408
        0x558432736408
        0x558432736408
        0x558432736408
        0x558432736408
        0x558432736408
        0x558432736408
        0x558432736408
        0x558432736408
        0x558432736408
        0x558432736408
        0x558432736408
        0x558432736408
        0x558432736408
        0x558432736408
        0x558432736408
        0x558432736408
        0x558432736408
        0x558432736408
        0x558432736408
        0x558432736408
        0x558432736408
        0x558432736408
        0x558432736408
        0x558432736408
        0x558432736408
        0x558432736408
        0x558432736408
        0x558432736408
        0x558432736408
        0x558432736408
        0x558432736408
        0x558432736408
        0x558432736408
        0x558432736408
        0x558432736408
        0x558432736408
        0x558432736408
        0x558432736408
        0x558432736408
        0x558432736408
        0x558432736408
        0x558432736408
        0x558432736408
        0x558432736408
        0x558432736408
        0x558432736408
        0x558432736408
        0x558432736408
        0x558432736408
        0x558432736408
        0x558432736408
        0x558432736408
        0x558432736408
        0x558432736408
        0x558432736408
        0x558432736408
        0x558432736408
        0x558432736408
        0x558432736408
        0x558432736408
        0x558432736408
        0x558432736408
]: 1
@preempt_stack[
        0x7f953cbb8f22
        0x7ffcbefc3a52
        0x2e302e302e303d65
]: 1
@preempt_stack[
        mono_metadata_type_hash+80
        0x120000
        0x5584353c0908
        0x5584353c0908
        0x5584353c0908
        0x5584353c0908
        0x5584353c0908
        0x5584353c0908
        0x5584353c0908
        0x5584353c0908
        0x5584353c0908
        0x5584353c0908
        0x5584353c0908
        0x5584353c0908
        0x5584353c0908
        0x5584353c0908
        0x5584353c0908
        0x5584353c0908
        0x5584353c0908
        0x5584353c0908
        0x5584353c0908
        0x5584353c0908
        0x5584353c0908
        0x5584353c0908
        0x5584353c0908
        0x5584353c0908
        0x5584353c0908
        0x5584353c0908
        0x5584353c0908
        0x5584353c0908
        0x5584353c0908
        0x5584353c0908
        0x5584353c0908
        0x5584353c0908
        0x5584353c0908
        0x5584353c0908
        0x5584353c0908
        0x5584353c0908
        0x5584353c0908
        0x5584353c0908
        0x5584353c0908
        0x5584353c0908
        0x5584353c0908
        0x5584353c0908
        0x5584353c0908
        0x5584353c0908
        0x5584353c0908
        0x5584353c0908
        0x5584353c0908
        0x5584353c0908
        0x5584353c0908
        0x5584353c0908
        0x5584353c0908
        0x5584353c0908
        0x5584353c0908
        0x5584353c0908
        0x5584353c0908
        0x5584353c0908
        0x5584353c0908
        0x5584353c0908
        0x5584353c0908
        0x5584353c0908
        0x5584353c0908
        0x5584353c0908
        0x5584353c0908
        0x5584353c0908
        0x5584353c0908
        0x5584353c0908
        0x5584353c0908
        0x5584353c0908
        0x5584353c0908
        0x5584353c0908
        0x5584353c0908
        0x5584353c0908
        0x5584353c0908
        0x5584353c0908
        0x5584353c0908
        0x5584353c0908
        0x5584353c0908
        0x5584353c0908
        0x5584353c0908
        0x5584353c0908
        0x5584353c0908
        0x5584353c0908
        0x5584353c0908
        0x5584353c0908
        0x5584353c0908
        0x5584353c0908
        0x5584353c0908
        0x5584353c0908
        0x5584353c0908
        0x5584353c0908
        0x5584353c0908
        0x5584353c0908
        0x5584353c0908
        0x5584353c0908
        0x5584353c0908
        0x5584353c0908
        0x5584353c0908
        0x5584353c0908
        0x5584353c0908
        0x5584353c0908
        0x5584353c0908
        0x5584353c0908
        0x5584353c0908
        0x5584353c0908
        0x5584353c0908
        0x5584353c0908
        0x5584353c0908
        0x5584353c0908
        0x5584353c0908
        0x5584353c0908
        0x5584353c0908
        0x5584353c0908
        0x5584353c0908
        0x5584353c0908
        0x5584353c0908
        0x5584353c0908
        0x5584353c0908
        0x5584353c0908
        0x5584353c0908
        0x5584353c0908
        0x5584353c0908
        0x5584353c0908
        0x5584353c0908
        0x5584353c0908
        0x5584353c0908
]: 1
@preempt_stack[
        0x7f953dcd7a24
        0x8c108c408c2
]: 1
@preempt_stack[
        0x40442d4a
]: 1
@preempt_stack[
        0x401c0149
        0x4028b7b4
        0x4028b70c
        0x4028b528
        0x4028b3c4
        0x4046dfb8
        0x40785934
        0x401c67a6
        0x7f949c846428
        0x7f949c9e578f
        0x558431b82490
]: 1
@preempt_stack[
        0x7f949c9e4510
        0x120000
        0x558434da5448
        0x558434da5448
        0x558434da5448
        0x558434da5448
        0x558434da5448
        0x558434da5448
        0x558434da5448
        0x558434da5448
        0x558434da5448
        0x558434da5448
        0x558434da5448
        0x558434da5448
        0x558434da5448
        0x558434da5448
        0x558434da5448
        0x558434da5448
        0x558434da5448
        0x558434da5448
        0x558434da5448
        0x558434da5448
        0x558434da5448
        0x558434da5448
        0x558434da5448
        0x558434da5448
        0x558434da5448
        0x558434da5448
        0x558434da5448
        0x558434da5448
        0x558434da5448
        0x558434da5448
        0x558434da5448
        0x558434da5448
        0x558434da5448
        0x558434da5448
        0x558434da5448
        0x558434da5448
        0x558434da5448
        0x558434da5448
        0x558434da5448
        0x558434da5448
        0x558434da5448
        0x558434da5448
        0x558434da5448
        0x558434da5448
        0x558434da5448
        0x558434da5448
        0x558434da5448
        0x558434da5448
        0x558434da5448
        0x558434da5448
        0x558434da5448
        0x558434da5448
        0x558434da5448
        0x558434da5448
        0x558434da5448
        0x558434da5448
        0x558434da5448
        0x558434da5448
        0x558434da5448
        0x558434da5448
        0x558434da5448
        0x558434da5448
        0x558434da5448
        0x558434da5448
        0x558434da5448
        0x558434da5448
        0x558434da5448
        0x558434da5448
        0x558434da5448
        0x558434da5448
        0x558434da5448
        0x558434da5448
        0x558434da5448
        0x558434da5448
        0x558434da5448
        0x558434da5448
        0x558434da5448
        0x558434da5448
        0x558434da5448
        0x558434da5448
        0x558434da5448
        0x558434da5448
        0x558434da5448
        0x558434da5448
        0x558434da5448
        0x558434da5448
        0x558434da5448
        0x558434da5448
        0x558434da5448
        0x558434da5448
        0x558434da5448
        0x558434da5448
        0x558434da5448
        0x558434da5448
        0x558434da5448
        0x558434da5448
        0x558434da5448
        0x558434da5448
        0x558434da5448
        0x558434da5448
        0x558434da5448
        0x558434da5448
        0x558434da5448
        0x558434da5448
        0x558434da5448
        0x558434da5448
        0x558434da5448
        0x558434da5448
        0x558434da5448
        0x558434da5448
        0x558434da5448
        0x558434da5448
        0x558434da5448
        0x558434da5448
        0x558434da5448
        0x558434da5448
        0x558434da5448
        0x558434da5448
        0x558434da5448
        0x558434da5448
        0x558434da5448
        0x558434da5448
        0x558434da5448
        0x558434da5448
        0x558434da5448
]: 1
@preempt_stack[
        0x401b85b5
]: 1
@preempt_stack[
        0x7f949c9cb5a7
        0x130000
        0
        0
        0x5584328e7090
]: 1
@preempt_stack[
        0x7f953d6c9e09
]: 1
@preempt_stack[
        0x40441d32
]: 1
@preempt_stack[
        0x7f949c9cb5b8
        0
        0
        0x5584353410e0
]: 1
@preempt_stack[
        0x40442da8
]: 1
@preempt_stack[
        0x40cac3f5
        0x40cb2a88
        0x40cafea4
        0x40cafc3c
        0x40407e56
        0x40403d24
        0x7f949c846428
        0x7f949c9e578f
        0x558431b82490
]: 1
@preempt_stack[
        0x40d550ce
        0
        0
        0x558432736408
        0x558432736408
        0x558432736408
        0x558432736408
        0x558432736408
        0x558432736408
        0x558432736408
        0x558432736408
        0x558432736408
        0x558432736408
        0x558432736408
        0x558432736408
        0x558432736408
        0x558432736408
        0x558432736408
        0x558432736408
        0x558432736408
        0x558432736408
        0x558432736408
        0x558432736408
        0x558432736408
        0x558432736408
        0x558432736408
        0x558432736408
        0x558432736408
        0x558432736408
        0x558432736408
        0x558432736408
        0x558432736408
        0x558432736408
        0x558432736408
        0x558432736408
        0x558432736408
        0x558432736408
        0x558432736408
        0x558432736408
        0x558432736408
        0x558432736408
        0x558432736408
        0x558432736408
        0x558432736408
        0x558432736408
        0x558432736408
        0x558432736408
        0x558432736408
        0x558432736408
        0x558432736408
        0x558432736408
        0x558432736408
        0x558432736408
        0x558432736408
        0x558432736408
        0x558432736408
        0x558432736408
        0x558432736408
        0x558432736408
        0x558432736408
        0x558432736408
        0x558432736408
        0x558432736408
        0x558432736408
        0x558432736408
        0x558432736408
        0x558432736408
        0x558432736408
        0x558432736408
        0x558432736408
        0x558432736408
        0x558432736408
        0x558432736408
        0x558432736408
        0x558432736408
        0x558432736408
        0x558432736408
        0x558432736408
        0x558432736408
        0x558432736408
        0x558432736408
        0x558432736408
        0x558432736408
        0x558432736408
        0x558432736408
        0x558432736408
        0x558432736408
        0x558432736408
        0x558432736408
        0x558432736408
        0x558432736408
        0x558432736408
        0x558432736408
        0x558432736408
        0x558432736408
        0x558432736408
        0x558432736408
        0x558432736408
        0x558432736408
        0x558432736408
        0x558432736408
        0x558432736408
        0x558432736408
        0x558432736408
        0x558432736408
        0x558432736408
        0x558432736408
        0x558432736408
        0x558432736408
        0x558432736408
        0x558432736408
        0x558432736408
        0x558432736408
        0x558432736408
        0x558432736408
        0x558432736408
        0x558432736408
        0x558432736408
        0x558432736408
        0x558432736408
        0x558432736408
        0x558432736408
        0x558432736408
        0x558432736408
        0x558432736408
        0x558432736408
        0x558432736408
]: 1
@preempt_stack[
        0x40d118f8
]: 1
@preempt_stack[
        mono_object_get_class+2
        0
        0x1000000000000001
        0x558432ab54e0
        0x558432ab54e0
        0x558432ab54e0
        0x558432ab54e0
        0x558432ab54e0
        0x558432ab54e0
        0x558432ab54e0
        0x558432ab54e0
        0x558432ab54e0
        0x558432ab54e0
        0x558432ab54e0
        0x558432ab54e0
        0x558432ab54e0
        0x558432ab54e0
        0x558432ab54e0
        0x558432ab54e0
        0x558432ab54e0
        0x558432ab54e0
        0x558432ab54e0
        0x558432ab54e0
        0x558432ab54e0
        0x558432ab54e0
        0x558432ab54e0
        0x558432ab54e0
        0x558432ab54e0
        0x558432ab54e0
        0x558432ab54e0
        0x558432ab54e0
        0x558432ab54e0
        0x558432ab54e0
        0x558432ab54e0
        0x558432ab54e0
        0x558432ab54e0
        0x558432ab54e0
        0x558432ab54e0
        0x558432ab54e0
        0x558432ab54e0
        0x558432ab54e0
        0x558432ab54e0
        0x558432ab54e0
        0x558432ab54e0
        0x558432ab54e0
        0x558432ab54e0
        0x558432ab54e0
        0x558432ab54e0
        0x558432ab54e0
        0x558432ab54e0
        0x558432ab54e0
        0x558432ab54e0
        0x558432ab54e0
        0x558432ab54e0
        0x558432ab54e0
        0x558432ab54e0
        0x558432ab54e0
        0x558432ab54e0
        0x558432ab54e0
        0x558432ab54e0
        0x558432ab54e0
        0x558432ab54e0
        0x558432ab54e0
        0x558432ab54e0
        0x558432ab54e0
        0x558432ab54e0
        0x558432ab54e0
        0x558432ab54e0
        0x558432ab54e0
        0x558432ab54e0
        0x558432ab54e0
        0x558432ab54e0
        0x558432ab54e0
        0x558432ab54e0
        0x558432ab54e0
        0x558432ab54e0
        0x558432ab54e0
        0x558432ab54e0
        0x558432ab54e0
        0x558432ab54e0
        0x558432ab54e0
        0x558432ab54e0
        0x558432ab54e0
        0x558432ab54e0
        0x558432ab54e0
        0x558432ab54e0
        0x558432ab54e0
        0x558432ab54e0
        0x558432ab54e0
        0x558432ab54e0
        0x558432ab54e0
        0x558432ab54e0
        0x558432ab54e0
        0x558432ab54e0
        0x558432ab54e0
        0x558432ab54e0
        0x558432ab54e0
        0x558432ab54e0
        0x558432ab54e0
        0x558432ab54e0
        0x558432ab54e0
        0x558432ab54e0
        0x558432ab54e0
        0x558432ab54e0
        0x558432ab54e0
        0x558432ab54e0
        0x558432ab54e0
        0x558432ab54e0
        0x558432ab54e0
        0x558432ab54e0
        0x558432ab54e0
        0x558432ab54e0
        0x558432ab54e0
        0x558432ab54e0
        0x558432ab54e0
        0x558432ab54e0
        0x558432ab54e0
        0x558432ab54e0
        0x558432ab54e0
        0x558432ab54e0
        0x558432ab54e0
        0x558432ab54e0
        0x558432ab54e0
        0x558432ab54e0
        0x558432ab54e0
        0x558432ab54e0
        0x558432ab54e0
]: 1
@preempt_stack[
        0x7f949c9dcfa3
        0x120000
        0x5584352efef0
        0x5584352efef0
        0x5584352efef0
        0x5584352efef0
        0x5584352efef0
        0x5584352efef0
        0x5584352efef0
        0x5584352efef0
        0x5584352efef0
        0x5584352efef0
        0x5584352efef0
        0x5584352efef0
        0x5584352efef0
        0x5584352efef0
        0x5584352efef0
        0x5584352efef0
        0x5584352efef0
        0x5584352efef0
        0x5584352efef0
        0x5584352efef0
        0x5584352efef0
        0x5584352efef0
        0x5584352efef0
        0x5584352efef0
        0x5584352efef0
        0x5584352efef0
        0x5584352efef0
        0x5584352efef0
        0x5584352efef0
        0x5584352efef0
        0x5584352efef0
        0x5584352efef0
        0x5584352efef0
        0x5584352efef0
        0x5584352efef0
        0x5584352efef0
        0x5584352efef0
        0x5584352efef0
        0x5584352efef0
        0x5584352efef0
        0x5584352efef0
        0x5584352efef0
        0x5584352efef0
        0x5584352efef0
        0x5584352efef0
        0x5584352efef0
        0x5584352efef0
        0x5584352efef0
        0x5584352efef0
        0x5584352efef0
        0x5584352efef0
        0x5584352efef0
        0x5584352efef0
        0x5584352efef0
        0x5584352efef0
        0x5584352efef0
        0x5584352efef0
        0x5584352efef0
        0x5584352efef0
        0x5584352efef0
        0x5584352efef0
        0x5584352efef0
        0x5584352efef0
        0x5584352efef0
        0x5584352efef0
        0x5584352efef0
        0x5584352efef0
        0x5584352efef0
        0x5584352efef0
        0x5584352efef0
        0x5584352efef0
        0x5584352efef0
        0x5584352efef0
        0x5584352efef0
        0x5584352efef0
        0x5584352efef0
        0x5584352efef0
        0x5584352efef0
        0x5584352efef0
        0x5584352efef0
        0x5584352efef0
        0x5584352efef0
        0x5584352efef0
        0x5584352efef0
        0x5584352efef0
        0x5584352efef0
        0x5584352efef0
        0x5584352efef0
        0x5584352efef0
        0x5584352efef0
        0x5584352efef0
        0x5584352efef0
        0x5584352efef0
        0x5584352efef0
        0x5584352efef0
        0x5584352efef0
        0x5584352efef0
        0x5584352efef0
        0x5584352efef0
        0x5584352efef0
        0x5584352efef0
        0x5584352efef0
        0x5584352efef0
        0x5584352efef0
        0x5584352efef0
        0x5584352efef0
        0x5584352efef0
        0x5584352efef0
        0x5584352efef0
        0x5584352efef0
        0x5584352efef0
        0x5584352efef0
        0x5584352efef0
        0x5584352efef0
        0x5584352efef0
        0x5584352efef0
        0x5584352efef0
        0x5584352efef0
        0x5584352efef0
        0x5584352efef0
        0x5584352efef0
        0x5584352efef0
        0x5584352efef0
        0x5584352efef0
        0x5584352efef0
]: 1
@preempt_stack[
        0x40cac98f
        0x40cabc4c
        0x40cab139
        0x40ca6ac7
        0x40407e56
        0x40403d24
        0x7f949c846428
        0x7f949c9e578f
        0x558431b82490
]: 1
@preempt_stack[
        0x7f949c9cb8eb
        0x120000
        0x558433222358
        0x558433222358
        0x558433222358
        0x558433222358
        0x558433222358
        0x558433222358
        0x558433222358
        0x558433222358
        0x558433222358
        0x558433222358
        0x558433222358
        0x558433222358
        0x558433222358
        0x558433222358
        0x558433222358
        0x558433222358
        0x558433222358
        0x558433222358
        0x558433222358
        0x558433222358
        0x558433222358
        0x558433222358
        0x558433222358
        0x558433222358
        0x558433222358
        0x558433222358
        0x558433222358
        0x558433222358
        0x558433222358
        0x558433222358
        0x558433222358
        0x558433222358
        0x558433222358
        0x558433222358
        0x558433222358
        0x558433222358
        0x558433222358
        0x558433222358
        0x558433222358
        0x558433222358
        0x558433222358
        0x558433222358
        0x558433222358
        0x558433222358
        0x558433222358
        0x558433222358
        0x558433222358
        0x558433222358
        0x558433222358
        0x558433222358
        0x558433222358
        0x558433222358
        0x558433222358
        0x558433222358
        0x558433222358
        0x558433222358
        0x558433222358
        0x558433222358
        0x558433222358
        0x558433222358
        0x558433222358
        0x558433222358
        0x558433222358
        0x558433222358
        0x558433222358
        0x558433222358
        0x558433222358
        0x558433222358
        0x558433222358
        0x558433222358
        0x558433222358
        0x558433222358
        0x558433222358
        0x558433222358
        0x558433222358
        0x558433222358
        0x558433222358
        0x558433222358
        0x558433222358
        0x558433222358
        0x558433222358
        0x558433222358
        0x558433222358
        0x558433222358
        0x558433222358
        0x558433222358
        0x558433222358
        0x558433222358
        0x558433222358
        0x558433222358
        0x558433222358
        0x558433222358
        0x558433222358
        0x558433222358
        0x558433222358
        0x558433222358
        0x558433222358
        0x558433222358
        0x558433222358
        0x558433222358
        0x558433222358
        0x558433222358
        0x558433222358
        0x558433222358
        0x558433222358
        0x558433222358
        0x558433222358
        0x558433222358
        0x558433222358
        0x558433222358
        0x558433222358
        0x558433222358
        0x558433222358
        0x558433222358
        0x558433222358
        0x558433222358
        0x558433222358
        0x558433222358
        0x558433222358
        0x558433222358
        0x558433222358
        0x558433222358
        0x558433222358
        0x558433222358
        0x558433222358
]: 1
@preempt_stack[
        0x7f949c9cb76a
        0x130000
        0x1
        0
        0x55843514d010
]: 1
@preempt_stack[
        0x7f953dd20625
        0x7f95000000ee
        0
]: 1
@preempt_stack[
        0x40cd5eca
        0
        0
        0x5584326a9a10
        0x5584326a9a10
        0x5584326a9a10
        0x5584326a9a10
        0x5584326a9a10
        0x5584326a9a10
        0x5584326a9a10
        0x5584326a9a10
        0x5584326a9a10
        0x5584326a9a10
        0x5584326a9a10
        0x5584326a9a10
        0x5584326a9a10
        0x5584326a9a10
        0x5584326a9a10
        0x5584326a9a10
        0x5584326a9a10
        0x5584326a9a10
        0x5584326a9a10
        0x5584326a9a10
        0x5584326a9a10
        0x5584326a9a10
        0x5584326a9a10
        0x5584326a9a10
        0x5584326a9a10
        0x5584326a9a10
        0x5584326a9a10
        0x5584326a9a10
        0x5584326a9a10
        0x5584326a9a10
        0x5584326a9a10
        0x5584326a9a10
        0x5584326a9a10
        0x5584326a9a10
        0x5584326a9a10
        0x5584326a9a10
        0x5584326a9a10
        0x5584326a9a10
        0x5584326a9a10
        0x5584326a9a10
        0x5584326a9a10
        0x5584326a9a10
        0x5584326a9a10
        0x5584326a9a10
        0x5584326a9a10
        0x5584326a9a10
        0x5584326a9a10
        0x5584326a9a10
        0x5584326a9a10
        0x5584326a9a10
        0x5584326a9a10
        0x5584326a9a10
        0x5584326a9a10
        0x5584326a9a10
        0x5584326a9a10
        0x5584326a9a10
        0x5584326a9a10
        0x5584326a9a10
        0x5584326a9a10
        0x5584326a9a10
        0x5584326a9a10
        0x5584326a9a10
        0x5584326a9a10
        0x5584326a9a10
        0x5584326a9a10
        0x5584326a9a10
        0x5584326a9a10
        0x5584326a9a10
        0x5584326a9a10
        0x5584326a9a10
        0x5584326a9a10
        0x5584326a9a10
        0x5584326a9a10
        0x5584326a9a10
        0x5584326a9a10
        0x5584326a9a10
        0x5584326a9a10
        0x5584326a9a10
        0x5584326a9a10
        0x5584326a9a10
        0x5584326a9a10
        0x5584326a9a10
        0x5584326a9a10
        0x5584326a9a10
        0x5584326a9a10
        0x5584326a9a10
        0x5584326a9a10
        0x5584326a9a10
        0x5584326a9a10
        0x5584326a9a10
        0x5584326a9a10
        0x5584326a9a10
        0x5584326a9a10
        0x5584326a9a10
        0x5584326a9a10
        0x5584326a9a10
        0x5584326a9a10
        0x5584326a9a10
        0x5584326a9a10
        0x5584326a9a10
        0x5584326a9a10
        0x5584326a9a10
        0x5584326a9a10
        0x5584326a9a10
        0x5584326a9a10
        0x5584326a9a10
        0x5584326a9a10
        0x5584326a9a10
        0x5584326a9a10
        0x5584326a9a10
        0x5584326a9a10
        0x5584326a9a10
        0x5584326a9a10
        0x5584326a9a10
        0x5584326a9a10
        0x5584326a9a10
        0x5584326a9a10
        0x5584326a9a10
        0x5584326a9a10
        0x5584326a9a10
        0x5584326a9a10
        0x5584326a9a10
        0x5584326a9a10
        0x5584326a9a10
]: 1
@preempt_stack[
        0x7f953e5a5334
]: 1
@preempt_stack[
        mono_metadata_type_hash+80
        0x110000
        0x5584351752b8
        0x5584351752b8
        0x5584351752b8
        0x5584351752b8
        0x5584351752b8
        0x5584351752b8
        0x5584351752b8
        0x5584351752b8
        0x5584351752b8
        0x5584351752b8
        0x5584351752b8
        0x5584351752b8
        0x5584351752b8
        0x5584351752b8
        0x5584351752b8
        0x5584351752b8
        0x5584351752b8
        0x5584351752b8
        0x5584351752b8
        0x5584351752b8
        0x5584351752b8
        0x5584351752b8
        0x5584351752b8
        0x5584351752b8
        0x5584351752b8
        0x5584351752b8
        0x5584351752b8
        0x5584351752b8
        0x5584351752b8
        0x5584351752b8
        0x5584351752b8
        0x5584351752b8
        0x5584351752b8
        0x5584351752b8
        0x5584351752b8
        0x5584351752b8
        0x5584351752b8
        0x5584351752b8
        0x5584351752b8
        0x5584351752b8
        0x5584351752b8
        0x5584351752b8
        0x5584351752b8
        0x5584351752b8
        0x5584351752b8
        0x5584351752b8
        0x5584351752b8
        0x5584351752b8
        0x5584351752b8
        0x5584351752b8
        0x5584351752b8
        0x5584351752b8
        0x5584351752b8
        0x5584351752b8
        0x5584351752b8
        0x5584351752b8
        0x5584351752b8
        0x5584351752b8
        0x5584351752b8
        0x5584351752b8
        0x5584351752b8
        0x5584351752b8
        0x5584351752b8
        0x5584351752b8
        0x5584351752b8
        0x5584351752b8
        0x5584351752b8
        0x5584351752b8
        0x5584351752b8
        0x5584351752b8
        0x5584351752b8
        0x5584351752b8
        0x5584351752b8
        0x5584351752b8
        0x5584351752b8
        0x5584351752b8
        0x5584351752b8
        0x5584351752b8
        0x5584351752b8
        0x5584351752b8
        0x5584351752b8
        0x5584351752b8
        0x5584351752b8
        0x5584351752b8
        0x5584351752b8
        0x5584351752b8
        0x5584351752b8
        0x5584351752b8
        0x5584351752b8
        0x5584351752b8
        0x5584351752b8
        0x5584351752b8
        0x5584351752b8
        0x5584351752b8
        0x5584351752b8
        0x5584351752b8
        0x5584351752b8
        0x5584351752b8
        0x5584351752b8
        0x5584351752b8
        0x5584351752b8
        0x5584351752b8
        0x5584351752b8
        0x5584351752b8
        0x5584351752b8
        0x5584351752b8
        0x5584351752b8
        0x5584351752b8
        0x5584351752b8
        0x5584351752b8
        0x5584351752b8
        0x5584351752b8
        0x5584351752b8
        0x5584351752b8
        0x5584351752b8
        0x5584351752b8
        0x5584351752b8
        0x5584351752b8
        0x5584351752b8
        0x5584351752b8
        0x5584351752b8
        0x5584351752b8
        0x5584351752b8
        0x5584351752b8
        0x5584351752b8
]: 1
@preempt_stack[
        0x7f949c9cb8e9
        0x130000
        0x1
        0
        0x558434e6a220
]: 1
@preempt_stack[
        0x7f949c9ce4d8
        0x558432bebe10
        0x558432bebe10
        0x558432bebe10
        0x558432bebe10
        0x558432bebe10
        0x558432bebe10
        0x558432bebe10
        0x558432bebe10
        0x558432bebe10
        0x558432bebe10
        0x558432bebe10
        0x558432bebe10
        0x558432bebe10
        0x558432bebe10
        0x558432bebe10
        0x558432bebe10
        0x558432bebe10
        0x558432bebe10
        0x558432bebe10
        0x558432bebe10
        0x558432bebe10
        0x558432bebe10
        0x558432bebe10
        0x558432bebe10
        0x558432bebe10
        0x558432bebe10
        0x558432bebe10
        0x558432bebe10
        0x558432bebe10
        0x558432bebe10
        0x558432bebe10
        0x558432bebe10
        0x558432bebe10
        0x558432bebe10
        0x558432bebe10
        0x558432bebe10
        0x558432bebe10
        0x558432bebe10
        0x558432bebe10
        0x558432bebe10
        0x558432bebe10
        0x558432bebe10
        0x558432bebe10
        0x558432bebe10
        0x558432bebe10
        0x558432bebe10
        0x558432bebe10
        0x558432bebe10
        0x558432bebe10
        0x558432bebe10
        0x558432bebe10
        0x558432bebe10
        0x558432bebe10
        0x558432bebe10
        0x558432bebe10
        0x558432bebe10
        0x558432bebe10
        0x558432bebe10
        0x558432bebe10
        0x558432bebe10
        0x558432bebe10
        0x558432bebe10
        0x558432bebe10
        0x558432bebe10
        0x558432bebe10
        0x558432bebe10
        0x558432bebe10
        0x558432bebe10
        0x558432bebe10
        0x558432bebe10
        0x558432bebe10
        0x558432bebe10
        0x558432bebe10
        0x558432bebe10
        0x558432bebe10
        0x558432bebe10
        0x558432bebe10
        0x558432bebe10
        0x558432bebe10
        0x558432bebe10
        0x558432bebe10
        0x558432bebe10
        0x558432bebe10
        0x558432bebe10
        0x558432bebe10
        0x558432bebe10
        0x558432bebe10
        0x558432bebe10
        0x558432bebe10
        0x558432bebe10
        0x558432bebe10
        0x558432bebe10
        0x558432bebe10
        0x558432bebe10
        0x558432bebe10
        0x558432bebe10
        0x558432bebe10
        0x558432bebe10
        0x558432bebe10
        0x558432bebe10
        0x558432bebe10
        0x558432bebe10
        0x558432bebe10
        0x558432bebe10
        0x558432bebe10
        0x558432bebe10
        0x558432bebe10
        0x558432bebe10
        0x558432bebe10
        0x558432bebe10
        0x558432bebe10
        0x558432bebe10
        0x558432bebe10
        0x558432bebe10
        0x558432bebe10
        0x558432bebe10
        0x558432bebe10
        0x558432bebe10
        0x558432bebe10
        0x558432bebe10
        0x558432bebe10
        0x558432bebe10
        0x558432bebe10
        0x558432bebe10
        0x558432bebe10
        0x558432bebe10
]: 1
@preempt_stack[
        0x7f953e329597
        0x7f9500000260
        0x3f80000000000000
]: 1
@preempt_stack[
        0x401c9549
        0x40c0d864
        0x4077cadf
        0x7f949c846428
        0x7f949c9e578f
        0x558431b82490
]: 1
@preempt_stack[
        0x40cac1d0
        0x40cb2258
        0
        0
        0x558432736408
        0x558432736408
        0x558432736408
        0x558432736408
        0x558432736408
        0x558432736408
        0x558432736408
        0x558432736408
        0x558432736408
        0x558432736408
        0x558432736408
        0x558432736408
        0x558432736408
        0x558432736408
        0x558432736408
        0x558432736408
        0x558432736408
        0x558432736408
        0x558432736408
        0x558432736408
        0x558432736408
        0x558432736408
        0x558432736408
        0x558432736408
        0x558432736408
        0x558432736408
        0x558432736408
        0x558432736408
        0x558432736408
        0x558432736408
        0x558432736408
        0x558432736408
        0x558432736408
        0x558432736408
        0x558432736408
        0x558432736408
        0x558432736408
        0x558432736408
        0x558432736408
        0x558432736408
        0x558432736408
        0x558432736408
        0x558432736408
        0x558432736408
        0x558432736408
        0x558432736408
        0x558432736408
        0x558432736408
        0x558432736408
        0x558432736408
        0x558432736408
        0x558432736408
        0x558432736408
        0x558432736408
        0x558432736408
        0x558432736408
        0x558432736408
        0x558432736408
        0x558432736408
        0x558432736408
        0x558432736408
        0x558432736408
        0x558432736408
        0x558432736408
        0x558432736408
        0x558432736408
        0x558432736408
        0x558432736408
        0x558432736408
        0x558432736408
        0x558432736408
        0x558432736408
        0x558432736408
        0x558432736408
        0x558432736408
        0x558432736408
        0x558432736408
        0x558432736408
        0x558432736408
        0x558432736408
        0x558432736408
        0x558432736408
        0x558432736408
        0x558432736408
        0x558432736408
        0x558432736408
        0x558432736408
        0x558432736408
        0x558432736408
        0x558432736408
        0x558432736408
        0x558432736408
        0x558432736408
        0x558432736408
        0x558432736408
        0x558432736408
        0x558432736408
        0x558432736408
        0x558432736408
        0x558432736408
        0x558432736408
        0x558432736408
        0x558432736408
        0x558432736408
        0x558432736408
        0x558432736408
        0x558432736408
        0x558432736408
        0x558432736408
        0x558432736408
        0x558432736408
        0x558432736408
        0x558432736408
        0x558432736408
        0x558432736408
        0x558432736408
        0x558432736408
        0x558432736408
        0x558432736408
        0x558432736408
        0x558432736408
        0x558432736408
        0x558432736408
]: 1
@preempt_stack[
        0x407978ae
]: 1
@preempt_stack[
        0x40d06853
        0
        0x2000000000000001
        0x558432740e50
        0x558432740e50
        0x558432740e50
        0x558432740e50
        0x558432740e50
        0x558432740e50
        0x558432740e50
        0x558432740e50
        0x558432740e50
        0x558432740e50
        0x558432740e50
        0x558432740e50
        0x558432740e50
        0x558432740e50
        0x558432740e50
        0x558432740e50
        0x558432740e50
        0x558432740e50
        0x558432740e50
        0x558432740e50
        0x558432740e50
        0x558432740e50
        0x558432740e50
        0x558432740e50
        0x558432740e50
        0x558432740e50
        0x558432740e50
        0x558432740e50
        0x558432740e50
        0x558432740e50
        0x558432740e50
        0x558432740e50
        0x558432740e50
        0x558432740e50
        0x558432740e50
        0x558432740e50
        0x558432740e50
        0x558432740e50
        0x558432740e50
        0x558432740e50
        0x558432740e50
        0x558432740e50
        0x558432740e50
        0x558432740e50
        0x558432740e50
        0x558432740e50
        0x558432740e50
        0x558432740e50
        0x558432740e50
        0x558432740e50
        0x558432740e50
        0x558432740e50
        0x558432740e50
        0x558432740e50
        0x558432740e50
        0x558432740e50
        0x558432740e50
        0x558432740e50
        0x558432740e50
        0x558432740e50
        0x558432740e50
        0x558432740e50
        0x558432740e50
        0x558432740e50
        0x558432740e50
        0x558432740e50
        0x558432740e50
        0x558432740e50
        0x558432740e50
        0x558432740e50
        0x558432740e50
        0x558432740e50
        0x558432740e50
        0x558432740e50
        0x558432740e50
        0x558432740e50
        0x558432740e50
        0x558432740e50
        0x558432740e50
        0x558432740e50
        0x558432740e50
        0x558432740e50
        0x558432740e50
        0x558432740e50
        0x558432740e50
        0x558432740e50
        0x558432740e50
        0x558432740e50
        0x558432740e50
        0x558432740e50
        0x558432740e50
        0x558432740e50
        0x558432740e50
        0x558432740e50
        0x558432740e50
        0x558432740e50
        0x558432740e50
        0x558432740e50
        0x558432740e50
        0x558432740e50
        0x558432740e50
        0x558432740e50
        0x558432740e50
        0x558432740e50
        0x558432740e50
        0x558432740e50
        0x558432740e50
        0x558432740e50
        0x558432740e50
        0x558432740e50
        0x558432740e50
        0x558432740e50
        0x558432740e50
        0x558432740e50
        0x558432740e50
        0x558432740e50
        0x558432740e50
        0x558432740e50
        0x558432740e50
        0x558432740e50
        0x558432740e50
        0x558432740e50
        0x558432740e50
        0x558432740e50
]: 1
@preempt_stack[
        0x7f949c9dcfa3
        0x120000
        0x5584349e1508
        0x5584349e1508
        0x5584349e1508
        0x5584349e1508
        0x5584349e1508
        0x5584349e1508
        0x5584349e1508
        0x5584349e1508
        0x5584349e1508
        0x5584349e1508
        0x5584349e1508
        0x5584349e1508
        0x5584349e1508
        0x5584349e1508
        0x5584349e1508
        0x5584349e1508
        0x5584349e1508
        0x5584349e1508
        0x5584349e1508
        0x5584349e1508
        0x5584349e1508
        0x5584349e1508
        0x5584349e1508
        0x5584349e1508
        0x5584349e1508
        0x5584349e1508
        0x5584349e1508
        0x5584349e1508
        0x5584349e1508
        0x5584349e1508
        0x5584349e1508
        0x5584349e1508
        0x5584349e1508
        0x5584349e1508
        0x5584349e1508
        0x5584349e1508
        0x5584349e1508
        0x5584349e1508
        0x5584349e1508
        0x5584349e1508
        0x5584349e1508
        0x5584349e1508
        0x5584349e1508
        0x5584349e1508
        0x5584349e1508
        0x5584349e1508
        0x5584349e1508
        0x5584349e1508
        0x5584349e1508
        0x5584349e1508
        0x5584349e1508
        0x5584349e1508
        0x5584349e1508
        0x5584349e1508
        0x5584349e1508
        0x5584349e1508
        0x5584349e1508
        0x5584349e1508
        0x5584349e1508
        0x5584349e1508
        0x5584349e1508
        0x5584349e1508
        0x5584349e1508
        0x5584349e1508
        0x5584349e1508
        0x5584349e1508
        0x5584349e1508
        0x5584349e1508
        0x5584349e1508
        0x5584349e1508
        0x5584349e1508
        0x5584349e1508
        0x5584349e1508
        0x5584349e1508
        0x5584349e1508
        0x5584349e1508
        0x5584349e1508
        0x5584349e1508
        0x5584349e1508
        0x5584349e1508
        0x5584349e1508
        0x5584349e1508
        0x5584349e1508
        0x5584349e1508
        0x5584349e1508
        0x5584349e1508
        0x5584349e1508
        0x5584349e1508
        0x5584349e1508
        0x5584349e1508
        0x5584349e1508
        0x5584349e1508
        0x5584349e1508
        0x5584349e1508
        0x5584349e1508
        0x5584349e1508
        0x5584349e1508
        0x5584349e1508
        0x5584349e1508
        0x5584349e1508
        0x5584349e1508
        0x5584349e1508
        0x5584349e1508
        0x5584349e1508
        0x5584349e1508
        0x5584349e1508
        0x5584349e1508
        0x5584349e1508
        0x5584349e1508
        0x5584349e1508
        0x5584349e1508
        0x5584349e1508
        0x5584349e1508
        0x5584349e1508
        0x5584349e1508
        0x5584349e1508
        0x5584349e1508
        0x5584349e1508
        0x5584349e1508
        0x5584349e1508
        0x5584349e1508
        0x5584349e1508
        0x5584349e1508
        0x5584349e1508
        0x5584349e1508
]: 1
@preempt_stack[
        0x40202ee0
        0x40212f04
        0x40a8a7df
        0x40407e56
        0x40403d24
        0x7f949c846428
        0x7f949c9e578f
        0x558431b82490
]: 1
@preempt_stack[
        0x7f949c9ce4d8
        0x558434c763c0
        0x558434c763c0
        0x558434c763c0
        0x558434c763c0
        0x558434c763c0
        0x558434c763c0
        0x558434c763c0
        0x558434c763c0
        0x558434c763c0
        0x558434c763c0
        0x558434c763c0
        0x558434c763c0
        0x558434c763c0
        0x558434c763c0
        0x558434c763c0
        0x558434c763c0
        0x558434c763c0
        0x558434c763c0
        0x558434c763c0
        0x558434c763c0
        0x558434c763c0
        0x558434c763c0
        0x558434c763c0
        0x558434c763c0
        0x558434c763c0
        0x558434c763c0
        0x558434c763c0
        0x558434c763c0
        0x558434c763c0
        0x558434c763c0
        0x558434c763c0
        0x558434c763c0
        0x558434c763c0
        0x558434c763c0
        0x558434c763c0
        0x558434c763c0
        0x558434c763c0
        0x558434c763c0
        0x558434c763c0
        0x558434c763c0
        0x558434c763c0
        0x558434c763c0
        0x558434c763c0
        0x558434c763c0
        0x558434c763c0
        0x558434c763c0
        0x558434c763c0
        0x558434c763c0
        0x558434c763c0
        0x558434c763c0
        0x558434c763c0
        0x558434c763c0
        0x558434c763c0
        0x558434c763c0
        0x558434c763c0
        0x558434c763c0
        0x558434c763c0
        0x558434c763c0
        0x558434c763c0
        0x558434c763c0
        0x558434c763c0
        0x558434c763c0
        0x558434c763c0
        0x558434c763c0
        0x558434c763c0
        0x558434c763c0
        0x558434c763c0
        0x558434c763c0
        0x558434c763c0
        0x558434c763c0
        0x558434c763c0
        0x558434c763c0
        0x558434c763c0
        0x558434c763c0
        0x558434c763c0
        0x558434c763c0
        0x558434c763c0
        0x558434c763c0
        0x558434c763c0
        0x558434c763c0
        0x558434c763c0
        0x558434c763c0
        0x558434c763c0
        0x558434c763c0
        0x558434c763c0
        0x558434c763c0
        0x558434c763c0
        0x558434c763c0
        0x558434c763c0
        0x558434c763c0
        0x558434c763c0
        0x558434c763c0
        0x558434c763c0
        0x558434c763c0
        0x558434c763c0
        0x558434c763c0
        0x558434c763c0
        0x558434c763c0
        0x558434c763c0
        0x558434c763c0
        0x558434c763c0
        0x558434c763c0
        0x558434c763c0
        0x558434c763c0
        0x558434c763c0
        0x558434c763c0
        0x558434c763c0
        0x558434c763c0
        0x558434c763c0
        0x558434c763c0
        0x558434c763c0
        0x558434c763c0
        0x558434c763c0
        0x558434c763c0
        0x558434c763c0
        0x558434c763c0
        0x558434c763c0
        0x558434c763c0
        0x558434c763c0
        0x558434c763c0
        0x558434c763c0
        0x558434c763c0
        0x558434c763c0
        0x558434c763c0
        0x558434c763c0
        0x558434c763c0
]: 1
@preempt_stack[
        GC_gcj_vector_mark_proc+46
]: 1
@preempt_stack[
        0x7f953e5b3b4b
]: 1
@preempt_stack[
        mono_metadata_type_hash+99
        0x120000
        0x558434a05bc8
        0x558434a05bc8
        0x558434a05bc8
        0x558434a05bc8
        0x558434a05bc8
        0x558434a05bc8
        0x558434a05bc8
        0x558434a05bc8
        0x558434a05bc8
        0x558434a05bc8
        0x558434a05bc8
        0x558434a05bc8
        0x558434a05bc8
        0x558434a05bc8
        0x558434a05bc8
        0x558434a05bc8
        0x558434a05bc8
        0x558434a05bc8
        0x558434a05bc8
        0x558434a05bc8
        0x558434a05bc8
        0x558434a05bc8
        0x558434a05bc8
        0x558434a05bc8
        0x558434a05bc8
        0x558434a05bc8
        0x558434a05bc8
        0x558434a05bc8
        0x558434a05bc8
        0x558434a05bc8
        0x558434a05bc8
        0x558434a05bc8
        0x558434a05bc8
        0x558434a05bc8
        0x558434a05bc8
        0x558434a05bc8
        0x558434a05bc8
        0x558434a05bc8
        0x558434a05bc8
        0x558434a05bc8
        0x558434a05bc8
        0x558434a05bc8
        0x558434a05bc8
        0x558434a05bc8
        0x558434a05bc8
        0x558434a05bc8
        0x558434a05bc8
        0x558434a05bc8
        0x558434a05bc8
        0x558434a05bc8
        0x558434a05bc8
        0x558434a05bc8
        0x558434a05bc8
        0x558434a05bc8
        0x558434a05bc8
        0x558434a05bc8
        0x558434a05bc8
        0x558434a05bc8
        0x558434a05bc8
        0x558434a05bc8
        0x558434a05bc8
        0x558434a05bc8
        0x558434a05bc8
        0x558434a05bc8
        0x558434a05bc8
        0x558434a05bc8
        0x558434a05bc8
        0x558434a05bc8
        0x558434a05bc8
        0x558434a05bc8
        0x558434a05bc8
        0x558434a05bc8
        0x558434a05bc8
        0x558434a05bc8
        0x558434a05bc8
        0x558434a05bc8
        0x558434a05bc8
        0x558434a05bc8
        0x558434a05bc8
        0x558434a05bc8
        0x558434a05bc8
        0x558434a05bc8
        0x558434a05bc8
        0x558434a05bc8
        0x558434a05bc8
        0x558434a05bc8
        0x558434a05bc8
        0x558434a05bc8
        0x558434a05bc8
        0x558434a05bc8
        0x558434a05bc8
        0x558434a05bc8
        0x558434a05bc8
        0x558434a05bc8
        0x558434a05bc8
        0x558434a05bc8
        0x558434a05bc8
        0x558434a05bc8
        0x558434a05bc8
        0x558434a05bc8
        0x558434a05bc8
        0x558434a05bc8
        0x558434a05bc8
        0x558434a05bc8
        0x558434a05bc8
        0x558434a05bc8
        0x558434a05bc8
        0x558434a05bc8
        0x558434a05bc8
        0x558434a05bc8
        0x558434a05bc8
        0x558434a05bc8
        0x558434a05bc8
        0x558434a05bc8
        0x558434a05bc8
        0x558434a05bc8
        0x558434a05bc8
        0x558434a05bc8
        0x558434a05bc8
        0x558434a05bc8
        0x558434a05bc8
        0x558434a05bc8
        0x558434a05bc8
        0x558434a05bc8
        0x558434a05bc8
]: 1
@preempt_stack[
        0x7f949c9cb66b
        0x130000
        0x1
        0
        0x55843208ede0
]: 1
@preempt_stack[
        0x40cad984
        0x40ce0114
]: 1
@preempt_stack[
        0x7f953e5b4965
]: 1
@preempt_stack[
        0x40196632
        0
        0
        0x558432736408
        0x558432736408
        0x558432736408
        0x558432736408
        0x558432736408
        0x558432736408
        0x558432736408
        0x558432736408
        0x558432736408
        0x558432736408
        0x558432736408
        0x558432736408
        0x558432736408
        0x558432736408
        0x558432736408
        0x558432736408
        0x558432736408
        0x558432736408
        0x558432736408
        0x558432736408
        0x558432736408
        0x558432736408
        0x558432736408
        0x558432736408
        0x558432736408
        0x558432736408
        0x558432736408
        0x558432736408
        0x558432736408
        0x558432736408
        0x558432736408
        0x558432736408
        0x558432736408
        0x558432736408
        0x558432736408
        0x558432736408
        0x558432736408
        0x558432736408
        0x558432736408
        0x558432736408
        0x558432736408
        0x558432736408
        0x558432736408
        0x558432736408
        0x558432736408
        0x558432736408
        0x558432736408
        0x558432736408
        0x558432736408
        0x558432736408
        0x558432736408
        0x558432736408
        0x558432736408
        0x558432736408
        0x558432736408
        0x558432736408
        0x558432736408
        0x558432736408
        0x558432736408
        0x558432736408
        0x558432736408
        0x558432736408
        0x558432736408
        0x558432736408
        0x558432736408
        0x558432736408
        0x558432736408
        0x558432736408
        0x558432736408
        0x558432736408
        0x558432736408
        0x558432736408
        0x558432736408
        0x558432736408
        0x558432736408
        0x558432736408
        0x558432736408
        0x558432736408
        0x558432736408
        0x558432736408
        0x558432736408
        0x558432736408
        0x558432736408
        0x558432736408
        0x558432736408
        0x558432736408
        0x558432736408
        0x558432736408
        0x558432736408
        0x558432736408
        0x558432736408
        0x558432736408
        0x558432736408
        0x558432736408
        0x558432736408
        0x558432736408
        0x558432736408
        0x558432736408
        0x558432736408
        0x558432736408
        0x558432736408
        0x558432736408
        0x558432736408
        0x558432736408
        0x558432736408
        0x558432736408
        0x558432736408
        0x558432736408
        0x558432736408
        0x558432736408
        0x558432736408
        0x558432736408
        0x558432736408
        0x558432736408
        0x558432736408
        0x558432736408
        0x558432736408
        0x558432736408
        0x558432736408
        0x558432736408
        0x558432736408
        0x558432736408
        0x558432736408
        0x558432736408
]: 1
@preempt_stack[
        0x7f949c9acc15
        0
]: 1
@preempt_stack[
        0x4077a3c1
        0x7f949c9e578f
        0x558431b82490
]: 1
@preempt_stack[
        0x7f953d9f489f
        0x401c67a6
        0x7f949c846428
        0x7f949c9e578f
        0x558431b82490
]: 1
@preempt_stack[
        0x40231994
        0x40c0d864
        0x4077cadf
        0x7f949c846428
        0x7f949c9e578f
        0x558431b82490
]: 1
@preempt_stack[
        0x7f949c9e44f1
        0x120000
        0x5584334e6f40
        0x5584334e6f40
        0x5584334e6f40
        0x5584334e6f40
        0x5584334e6f40
        0x5584334e6f40
        0x5584334e6f40
        0x5584334e6f40
        0x5584334e6f40
        0x5584334e6f40
        0x5584334e6f40
        0x5584334e6f40
        0x5584334e6f40
        0x5584334e6f40
        0x5584334e6f40
        0x5584334e6f40
        0x5584334e6f40
        0x5584334e6f40
        0x5584334e6f40
        0x5584334e6f40
        0x5584334e6f40
        0x5584334e6f40
        0x5584334e6f40
        0x5584334e6f40
        0x5584334e6f40
        0x5584334e6f40
        0x5584334e6f40
        0x5584334e6f40
        0x5584334e6f40
        0x5584334e6f40
        0x5584334e6f40
        0x5584334e6f40
        0x5584334e6f40
        0x5584334e6f40
        0x5584334e6f40
        0x5584334e6f40
        0x5584334e6f40
        0x5584334e6f40
        0x5584334e6f40
        0x5584334e6f40
        0x5584334e6f40
        0x5584334e6f40
        0x5584334e6f40
        0x5584334e6f40
        0x5584334e6f40
        0x5584334e6f40
        0x5584334e6f40
        0x5584334e6f40
        0x5584334e6f40
        0x5584334e6f40
        0x5584334e6f40
        0x5584334e6f40
        0x5584334e6f40
        0x5584334e6f40
        0x5584334e6f40
        0x5584334e6f40
        0x5584334e6f40
        0x5584334e6f40
        0x5584334e6f40
        0x5584334e6f40
        0x5584334e6f40
        0x5584334e6f40
        0x5584334e6f40
        0x5584334e6f40
        0x5584334e6f40
        0x5584334e6f40
        0x5584334e6f40
        0x5584334e6f40
        0x5584334e6f40
        0x5584334e6f40
        0x5584334e6f40
        0x5584334e6f40
        0x5584334e6f40
        0x5584334e6f40
        0x5584334e6f40
        0x5584334e6f40
        0x5584334e6f40
        0x5584334e6f40
        0x5584334e6f40
        0x5584334e6f40
        0x5584334e6f40
        0x5584334e6f40
        0x5584334e6f40
        0x5584334e6f40
        0x5584334e6f40
        0x5584334e6f40
        0x5584334e6f40
        0x5584334e6f40
        0x5584334e6f40
        0x5584334e6f40
        0x5584334e6f40
        0x5584334e6f40
        0x5584334e6f40
        0x5584334e6f40
        0x5584334e6f40
        0x5584334e6f40
        0x5584334e6f40
        0x5584334e6f40
        0x5584334e6f40
        0x5584334e6f40
        0x5584334e6f40
        0x5584334e6f40
        0x5584334e6f40
        0x5584334e6f40
        0x5584334e6f40
        0x5584334e6f40
        0x5584334e6f40
        0x5584334e6f40
        0x5584334e6f40
        0x5584334e6f40
        0x5584334e6f40
        0x5584334e6f40
        0x5584334e6f40
        0x5584334e6f40
        0x5584334e6f40
        0x5584334e6f40
        0x5584334e6f40
        0x5584334e6f40
        0x5584334e6f40
        0x5584334e6f40
        0x5584334e6f40
        0x5584334e6f40
        0x5584334e6f40
        0x5584334e6f40
        0x5584334e6f40
]: 1
@preempt_stack[
        0x40cad70f
        0x40cb68a8
        0x40cb4138
        0x40cb2a88
        0x40cafea4
        0x40cafc3c
        0x40407e56
        0x40403d24
        0x7f949c846428
        0x7f949c9e578f
        0x558431b82490
]: 1
@preempt_stack[
        0x7f953e5af94e
]: 1
@preempt_stack[
        0x7f949ca56df7
]: 1
@preempt_stack[
        0x7f949c9e922a
        0x7f949c998f8c
        0x7f949c9a88b3
        0x7f953ed02bc0
]: 1
@preempt_stack[
        0x40bb32c7
]: 1
@preempt_stack[
        0x7f953dcc68c3
        0x7f9500000543
        0x3f80000000000000
]: 1
@preempt_stack[
        0x7f953db33fad
]: 1
@preempt_stack[
        0x7f9332983ad4
]: 1
@preempt_stack[
        0x7f949c9ce4f8
        0x5584350246e8
        0x5584350246e8
        0x5584350246e8
        0x5584350246e8
        0x5584350246e8
        0x5584350246e8
        0x5584350246e8
        0x5584350246e8
        0x5584350246e8
        0x5584350246e8
        0x5584350246e8
        0x5584350246e8
        0x5584350246e8
        0x5584350246e8
        0x5584350246e8
        0x5584350246e8
        0x5584350246e8
        0x5584350246e8
        0x5584350246e8
        0x5584350246e8
        0x5584350246e8
        0x5584350246e8
        0x5584350246e8
        0x5584350246e8
        0x5584350246e8
        0x5584350246e8
        0x5584350246e8
        0x5584350246e8
        0x5584350246e8
        0x5584350246e8
        0x5584350246e8
        0x5584350246e8
        0x5584350246e8
        0x5584350246e8
        0x5584350246e8
        0x5584350246e8
        0x5584350246e8
        0x5584350246e8
        0x5584350246e8
        0x5584350246e8
        0x5584350246e8
        0x5584350246e8
        0x5584350246e8
        0x5584350246e8
        0x5584350246e8
        0x5584350246e8
        0x5584350246e8
        0x5584350246e8
        0x5584350246e8
        0x5584350246e8
        0x5584350246e8
        0x5584350246e8
        0x5584350246e8
        0x5584350246e8
        0x5584350246e8
        0x5584350246e8
        0x5584350246e8
        0x5584350246e8
        0x5584350246e8
        0x5584350246e8
        0x5584350246e8
        0x5584350246e8
        0x5584350246e8
        0x5584350246e8
        0x5584350246e8
        0x5584350246e8
        0x5584350246e8
        0x5584350246e8
        0x5584350246e8
        0x5584350246e8
        0x5584350246e8
        0x5584350246e8
        0x5584350246e8
        0x5584350246e8
        0x5584350246e8
        0x5584350246e8
        0x5584350246e8
        0x5584350246e8
        0x5584350246e8
        0x5584350246e8
        0x5584350246e8
        0x5584350246e8
        0x5584350246e8
        0x5584350246e8
        0x5584350246e8
        0x5584350246e8
        0x5584350246e8
        0x5584350246e8
        0x5584350246e8
        0x5584350246e8
        0x5584350246e8
        0x5584350246e8
        0x5584350246e8
        0x5584350246e8
        0x5584350246e8
        0x5584350246e8
        0x5584350246e8
        0x5584350246e8
        0x5584350246e8
        0x5584350246e8
        0x5584350246e8
        0x5584350246e8
        0x5584350246e8
        0x5584350246e8
        0x5584350246e8
        0x5584350246e8
        0x5584350246e8
        0x5584350246e8
        0x5584350246e8
        0x5584350246e8
        0x5584350246e8
        0x5584350246e8
        0x5584350246e8
        0x5584350246e8
        0x5584350246e8
        0x5584350246e8
        0x5584350246e8
        0x5584350246e8
        0x5584350246e8
        0x5584350246e8
        0x5584350246e8
        0x5584350246e8
        0x5584350246e8
        0x5584350246e8
        0x5584350246e8
        0x5584350246e8
]: 1
@preempt_stack[
        0x7f953e4a6dd0
]: 1
@preempt_stack[
        mono_g_hash_table_lookup+28
        0x120000
        0x558434bf7f68
        0x558434bf7f68
        0x558434bf7f68
        0x558434bf7f68
        0x558434bf7f68
        0x558434bf7f68
        0x558434bf7f68
        0x558434bf7f68
        0x558434bf7f68
        0x558434bf7f68
        0x558434bf7f68
        0x558434bf7f68
        0x558434bf7f68
        0x558434bf7f68
        0x558434bf7f68
        0x558434bf7f68
        0x558434bf7f68
        0x558434bf7f68
        0x558434bf7f68
        0x558434bf7f68
        0x558434bf7f68
        0x558434bf7f68
        0x558434bf7f68
        0x558434bf7f68
        0x558434bf7f68
        0x558434bf7f68
        0x558434bf7f68
        0x558434bf7f68
        0x558434bf7f68
        0x558434bf7f68
        0x558434bf7f68
        0x558434bf7f68
        0x558434bf7f68
        0x558434bf7f68
        0x558434bf7f68
        0x558434bf7f68
        0x558434bf7f68
        0x558434bf7f68
        0x558434bf7f68
        0x558434bf7f68
        0x558434bf7f68
        0x558434bf7f68
        0x558434bf7f68
        0x558434bf7f68
        0x558434bf7f68
        0x558434bf7f68
        0x558434bf7f68
        0x558434bf7f68
        0x558434bf7f68
        0x558434bf7f68
        0x558434bf7f68
        0x558434bf7f68
        0x558434bf7f68
        0x558434bf7f68
        0x558434bf7f68
        0x558434bf7f68
        0x558434bf7f68
        0x558434bf7f68
        0x558434bf7f68
        0x558434bf7f68
        0x558434bf7f68
        0x558434bf7f68
        0x558434bf7f68
        0x558434bf7f68
        0x558434bf7f68
        0x558434bf7f68
        0x558434bf7f68
        0x558434bf7f68
        0x558434bf7f68
        0x558434bf7f68
        0x558434bf7f68
        0x558434bf7f68
        0x558434bf7f68
        0x558434bf7f68
        0x558434bf7f68
        0x558434bf7f68
        0x558434bf7f68
        0x558434bf7f68
        0x558434bf7f68
        0x558434bf7f68
        0x558434bf7f68
        0x558434bf7f68
        0x558434bf7f68
        0x558434bf7f68
        0x558434bf7f68
        0x558434bf7f68
        0x558434bf7f68
        0x558434bf7f68
        0x558434bf7f68
        0x558434bf7f68
        0x558434bf7f68
        0x558434bf7f68
        0x558434bf7f68
        0x558434bf7f68
        0x558434bf7f68
        0x558434bf7f68
        0x558434bf7f68
        0x558434bf7f68
        0x558434bf7f68
        0x558434bf7f68
        0x558434bf7f68
        0x558434bf7f68
        0x558434bf7f68
        0x558434bf7f68
        0x558434bf7f68
        0x558434bf7f68
        0x558434bf7f68
        0x558434bf7f68
        0x558434bf7f68
        0x558434bf7f68
        0x558434bf7f68
        0x558434bf7f68
        0x558434bf7f68
        0x558434bf7f68
        0x558434bf7f68
        0x558434bf7f68
        0x558434bf7f68
        0x558434bf7f68
        0x558434bf7f68
        0x558434bf7f68
        0x558434bf7f68
        0x558434bf7f68
        0x558434bf7f68
        0x558434bf7f68
        0x558434bf7f68
]: 1
@preempt_stack[
        0x7f953d6c4916
        0x59545f434f4c4c41
        0x7f953d6ba0b0
        0x8d48fc8949505354
]: 1
@preempt_stack[
        0x7f953dd0f19d
        0x7f9502b026b0
        0x58
]: 1
@preempt_stack[
        0x40bb3670
        0x40af0680
        0x40407e56
        0x40403d24
        0x7f949c846428
        0x7f949c9e578f
        0x558431b82490
]: 1
@preempt_stack[
        0x7f949c9ce4f8
        0x55843518a590
        0x55843518a590
        0x55843518a590
        0x55843518a590
        0x55843518a590
        0x55843518a590
        0x55843518a590
        0x55843518a590
        0x55843518a590
        0x55843518a590
        0x55843518a590
        0x55843518a590
        0x55843518a590
        0x55843518a590
        0x55843518a590
        0x55843518a590
        0x55843518a590
        0x55843518a590
        0x55843518a590
        0x55843518a590
        0x55843518a590
        0x55843518a590
        0x55843518a590
        0x55843518a590
        0x55843518a590
        0x55843518a590
        0x55843518a590
        0x55843518a590
        0x55843518a590
        0x55843518a590
        0x55843518a590
        0x55843518a590
        0x55843518a590
        0x55843518a590
        0x55843518a590
        0x55843518a590
        0x55843518a590
        0x55843518a590
        0x55843518a590
        0x55843518a590
        0x55843518a590
        0x55843518a590
        0x55843518a590
        0x55843518a590
        0x55843518a590
        0x55843518a590
        0x55843518a590
        0x55843518a590
        0x55843518a590
        0x55843518a590
        0x55843518a590
        0x55843518a590
        0x55843518a590
        0x55843518a590
        0x55843518a590
        0x55843518a590
        0x55843518a590
        0x55843518a590
        0x55843518a590
        0x55843518a590
        0x55843518a590
        0x55843518a590
        0x55843518a590
        0x55843518a590
        0x55843518a590
        0x55843518a590
        0x55843518a590
        0x55843518a590
        0x55843518a590
        0x55843518a590
        0x55843518a590
        0x55843518a590
        0x55843518a590
        0x55843518a590
        0x55843518a590
        0x55843518a590
        0x55843518a590
        0x55843518a590
        0x55843518a590
        0x55843518a590
        0x55843518a590
        0x55843518a590
        0x55843518a590
        0x55843518a590
        0x55843518a590
        0x55843518a590
        0x55843518a590
        0x55843518a590
        0x55843518a590
        0x55843518a590
        0x55843518a590
        0x55843518a590
        0x55843518a590
        0x55843518a590
        0x55843518a590
        0x55843518a590
        0x55843518a590
        0x55843518a590
        0x55843518a590
        0x55843518a590
        0x55843518a590
        0x55843518a590
        0x55843518a590
        0x55843518a590
        0x55843518a590
        0x55843518a590
        0x55843518a590
        0x55843518a590
        0x55843518a590
        0x55843518a590
        0x55843518a590
        0x55843518a590
        0x55843518a590
        0x55843518a590
        0x55843518a590
        0x55843518a590
        0x55843518a590
        0x55843518a590
        0x55843518a590
        0x55843518a590
        0x55843518a590
        0x55843518a590
        0x55843518a590
        0x55843518a590
        0x55843518a590
        0x55843518a590
]: 1
@preempt_stack[
        0x7f953e32955b
        0x7f95000001d3
        0x3f80000000000000
]: 1
@preempt_stack[
        0x40eabe3d
        0x404486a0
        0x40445fcc
]: 1
@preempt_stack[
        pthread_cond_timedwait+557
]: 1
@preempt_stack[
        0x7f953e5b2ce9
]: 1
@preempt_stack[
        0x7f949c9e44f1
        0x120000
        0x5584352f1fb8
        0x5584352f1fb8
        0x5584352f1fb8
        0x5584352f1fb8
        0x5584352f1fb8
        0x5584352f1fb8
        0x5584352f1fb8
        0x5584352f1fb8
        0x5584352f1fb8
        0x5584352f1fb8
        0x5584352f1fb8
        0x5584352f1fb8
        0x5584352f1fb8
        0x5584352f1fb8
        0x5584352f1fb8
        0x5584352f1fb8
        0x5584352f1fb8
        0x5584352f1fb8
        0x5584352f1fb8
        0x5584352f1fb8
        0x5584352f1fb8
        0x5584352f1fb8
        0x5584352f1fb8
        0x5584352f1fb8
        0x5584352f1fb8
        0x5584352f1fb8
        0x5584352f1fb8
        0x5584352f1fb8
        0x5584352f1fb8
        0x5584352f1fb8
        0x5584352f1fb8
        0x5584352f1fb8
        0x5584352f1fb8
        0x5584352f1fb8
        0x5584352f1fb8
        0x5584352f1fb8
        0x5584352f1fb8
        0x5584352f1fb8
        0x5584352f1fb8
        0x5584352f1fb8
        0x5584352f1fb8
        0x5584352f1fb8
        0x5584352f1fb8
        0x5584352f1fb8
        0x5584352f1fb8
        0x5584352f1fb8
        0x5584352f1fb8
        0x5584352f1fb8
        0x5584352f1fb8
        0x5584352f1fb8
        0x5584352f1fb8
        0x5584352f1fb8
        0x5584352f1fb8
        0x5584352f1fb8
        0x5584352f1fb8
        0x5584352f1fb8
        0x5584352f1fb8
        0x5584352f1fb8
        0x5584352f1fb8
        0x5584352f1fb8
        0x5584352f1fb8
        0x5584352f1fb8
        0x5584352f1fb8
        0x5584352f1fb8
        0x5584352f1fb8
        0x5584352f1fb8
        0x5584352f1fb8
        0x5584352f1fb8
        0x5584352f1fb8
        0x5584352f1fb8
        0x5584352f1fb8
        0x5584352f1fb8
        0x5584352f1fb8
        0x5584352f1fb8
        0x5584352f1fb8
        0x5584352f1fb8
        0x5584352f1fb8
        0x5584352f1fb8
        0x5584352f1fb8
        0x5584352f1fb8
        0x5584352f1fb8
        0x5584352f1fb8
        0x5584352f1fb8
        0x5584352f1fb8
        0x5584352f1fb8
        0x5584352f1fb8
        0x5584352f1fb8
        0x5584352f1fb8
        0x5584352f1fb8
        0x5584352f1fb8
        0x5584352f1fb8
        0x5584352f1fb8
        0x5584352f1fb8
        0x5584352f1fb8
        0x5584352f1fb8
        0x5584352f1fb8
        0x5584352f1fb8
        0x5584352f1fb8
        0x5584352f1fb8
        0x5584352f1fb8
        0x5584352f1fb8
        0x5584352f1fb8
        0x5584352f1fb8
        0x5584352f1fb8
        0x5584352f1fb8
        0x5584352f1fb8
        0x5584352f1fb8
        0x5584352f1fb8
        0x5584352f1fb8
        0x5584352f1fb8
        0x5584352f1fb8
        0x5584352f1fb8
        0x5584352f1fb8
        0x5584352f1fb8
        0x5584352f1fb8
        0x5584352f1fb8
        0x5584352f1fb8
        0x5584352f1fb8
        0x5584352f1fb8
        0x5584352f1fb8
        0x5584352f1fb8
        0x5584352f1fb8
        0x5584352f1fb8
        0x5584352f1fb8
        0x5584352f1fb8
]: 1
@preempt_stack[
        0x40eabb45
        0x404486a0
        0x40445fcc
]: 1
@preempt_stack[
        0x7f949c9af6f5
        0x1
]: 1
@preempt_stack[
        mono_g_hash_table_lookup_extended+66
        0x120000
        0x55843286d808
        0x55843286d808
        0x55843286d808
        0x55843286d808
        0x55843286d808
        0x55843286d808
        0x55843286d808
        0x55843286d808
        0x55843286d808
        0x55843286d808
        0x55843286d808
        0x55843286d808
        0x55843286d808
        0x55843286d808
        0x55843286d808
        0x55843286d808
        0x55843286d808
        0x55843286d808
        0x55843286d808
        0x55843286d808
        0x55843286d808
        0x55843286d808
        0x55843286d808
        0x55843286d808
        0x55843286d808
        0x55843286d808
        0x55843286d808
        0x55843286d808
        0x55843286d808
        0x55843286d808
        0x55843286d808
        0x55843286d808
        0x55843286d808
        0x55843286d808
        0x55843286d808
        0x55843286d808
        0x55843286d808
        0x55843286d808
        0x55843286d808
        0x55843286d808
        0x55843286d808
        0x55843286d808
        0x55843286d808
        0x55843286d808
        0x55843286d808
        0x55843286d808
        0x55843286d808
        0x55843286d808
        0x55843286d808
        0x55843286d808
        0x55843286d808
        0x55843286d808
        0x55843286d808
        0x55843286d808
        0x55843286d808
        0x55843286d808
        0x55843286d808
        0x55843286d808
        0x55843286d808
        0x55843286d808
        0x55843286d808
        0x55843286d808
        0x55843286d808
        0x55843286d808
        0x55843286d808
        0x55843286d808
        0x55843286d808
        0x55843286d808
        0x55843286d808
        0x55843286d808
        0x55843286d808
        0x55843286d808
        0x55843286d808
        0x55843286d808
        0x55843286d808
        0x55843286d808
        0x55843286d808
        0x55843286d808
        0x55843286d808
        0x55843286d808
        0x55843286d808
        0x55843286d808
        0x55843286d808
        0x55843286d808
        0x55843286d808
        0x55843286d808
        0x55843286d808
        0x55843286d808
        0x55843286d808
        0x55843286d808
        0x55843286d808
        0x55843286d808
        0x55843286d808
        0x55843286d808
        0x55843286d808
        0x55843286d808
        0x55843286d808
        0x55843286d808
        0x55843286d808
        0x55843286d808
        0x55843286d808
        0x55843286d808
        0x55843286d808
        0x55843286d808
        0x55843286d808
        0x55843286d808
        0x55843286d808
        0x55843286d808
        0x55843286d808
        0x55843286d808
        0x55843286d808
        0x55843286d808
        0x55843286d808
        0x55843286d808
        0x55843286d808
        0x55843286d808
        0x55843286d808
        0x55843286d808
        0x55843286d808
        0x55843286d808
        0x55843286d808
        0x55843286d808
        0x55843286d808
        0x55843286d808
        0x55843286d808
]: 1
@preempt_stack[
        0x7f953dd1a404
        0x7f95000001d9
        0
]: 1
@preempt_stack[
        0x7f949c9dcfa3
        0x120000
        0x558432d162e0
        0x558432d162e0
        0x558432d162e0
        0x558432d162e0
        0x558432d162e0
        0x558432d162e0
        0x558432d162e0
        0x558432d162e0
        0x558432d162e0
        0x558432d162e0
        0x558432d162e0
        0x558432d162e0
        0x558432d162e0
        0x558432d162e0
        0x558432d162e0
        0x558432d162e0
        0x558432d162e0
        0x558432d162e0
        0x558432d162e0
        0x558432d162e0
        0x558432d162e0
        0x558432d162e0
        0x558432d162e0
        0x558432d162e0
        0x558432d162e0
        0x558432d162e0
        0x558432d162e0
        0x558432d162e0
        0x558432d162e0
        0x558432d162e0
        0x558432d162e0
        0x558432d162e0
        0x558432d162e0
        0x558432d162e0
        0x558432d162e0
        0x558432d162e0
        0x558432d162e0
        0x558432d162e0
        0x558432d162e0
        0x558432d162e0
        0x558432d162e0
        0x558432d162e0
        0x558432d162e0
        0x558432d162e0
        0x558432d162e0
        0x558432d162e0
        0x558432d162e0
        0x558432d162e0
        0x558432d162e0
        0x558432d162e0
        0x558432d162e0
        0x558432d162e0
        0x558432d162e0
        0x558432d162e0
        0x558432d162e0
        0x558432d162e0
        0x558432d162e0
        0x558432d162e0
        0x558432d162e0
        0x558432d162e0
        0x558432d162e0
        0x558432d162e0
        0x558432d162e0
        0x558432d162e0
        0x558432d162e0
        0x558432d162e0
        0x558432d162e0
        0x558432d162e0
        0x558432d162e0
        0x558432d162e0
        0x558432d162e0
        0x558432d162e0
        0x558432d162e0
        0x558432d162e0
        0x558432d162e0
        0x558432d162e0
        0x558432d162e0
        0x558432d162e0
        0x558432d162e0
        0x558432d162e0
        0x558432d162e0
        0x558432d162e0
        0x558432d162e0
        0x558432d162e0
        0x558432d162e0
        0x558432d162e0
        0x558432d162e0
        0x558432d162e0
        0x558432d162e0
        0x558432d162e0
        0x558432d162e0
        0x558432d162e0
        0x558432d162e0
        0x558432d162e0
        0x558432d162e0
        0x558432d162e0
        0x558432d162e0
        0x558432d162e0
        0x558432d162e0
        0x558432d162e0
        0x558432d162e0
        0x558432d162e0
        0x558432d162e0
        0x558432d162e0
        0x558432d162e0
        0x558432d162e0
        0x558432d162e0
        0x558432d162e0
        0x558432d162e0
        0x558432d162e0
        0x558432d162e0
        0x558432d162e0
        0x558432d162e0
        0x558432d162e0
        0x558432d162e0
        0x558432d162e0
        0x558432d162e0
        0x558432d162e0
        0x558432d162e0
        0x558432d162e0
        0x558432d162e0
        0x558432d162e0
        0x558432d162e0
        0x558432d162e0
        0x558432d162e0
]: 1
@preempt_stack[
        0x7f953e4a6aac
]: 1
@preempt_stack[
        0x4043bb40
]: 1
@preempt_stack[
        0x40441c92
]: 1
@preempt_stack[
        0x40cac408
        0
        0x2000000000000001
        0x558432740e50
        0x558432740e50
        0x558432740e50
        0x558432740e50
        0x558432740e50
        0x558432740e50
        0x558432740e50
        0x558432740e50
        0x558432740e50
        0x558432740e50
        0x558432740e50
        0x558432740e50
        0x558432740e50
        0x558432740e50
        0x558432740e50
        0x558432740e50
        0x558432740e50
        0x558432740e50
        0x558432740e50
        0x558432740e50
        0x558432740e50
        0x558432740e50
        0x558432740e50
        0x558432740e50
        0x558432740e50
        0x558432740e50
        0x558432740e50
        0x558432740e50
        0x558432740e50
        0x558432740e50
        0x558432740e50
        0x558432740e50
        0x558432740e50
        0x558432740e50
        0x558432740e50
        0x558432740e50
        0x558432740e50
        0x558432740e50
        0x558432740e50
        0x558432740e50
        0x558432740e50
        0x558432740e50
        0x558432740e50
        0x558432740e50
        0x558432740e50
        0x558432740e50
        0x558432740e50
        0x558432740e50
        0x558432740e50
        0x558432740e50
        0x558432740e50
        0x558432740e50
        0x558432740e50
        0x558432740e50
        0x558432740e50
        0x558432740e50
        0x558432740e50
        0x558432740e50
        0x558432740e50
        0x558432740e50
        0x558432740e50
        0x558432740e50
        0x558432740e50
        0x558432740e50
        0x558432740e50
        0x558432740e50
        0x558432740e50
        0x558432740e50
        0x558432740e50
        0x558432740e50
        0x558432740e50
        0x558432740e50
        0x558432740e50
        0x558432740e50
        0x558432740e50
        0x558432740e50
        0x558432740e50
        0x558432740e50
        0x558432740e50
        0x558432740e50
        0x558432740e50
        0x558432740e50
        0x558432740e50
        0x558432740e50
        0x558432740e50
        0x558432740e50
        0x558432740e50
        0x558432740e50
        0x558432740e50
        0x558432740e50
        0x558432740e50
        0x558432740e50
        0x558432740e50
        0x558432740e50
        0x558432740e50
        0x558432740e50
        0x558432740e50
        0x558432740e50
        0x558432740e50
        0x558432740e50
        0x558432740e50
        0x558432740e50
        0x558432740e50
        0x558432740e50
        0x558432740e50
        0x558432740e50
        0x558432740e50
        0x558432740e50
        0x558432740e50
        0x558432740e50
        0x558432740e50
        0x558432740e50
        0x558432740e50
        0x558432740e50
        0x558432740e50
        0x558432740e50
        0x558432740e50
        0x558432740e50
        0x558432740e50
        0x558432740e50
        0x558432740e50
        0x558432740e50
        0x558432740e50
        0x558432740e50
]: 1
@preempt_stack[
        mono_thread_info_get_small_id+13
        0
        0
        0x558431b25c18
        0x558431b25c18
        0x558431b25c18
        0x558431b25c18
        0x558431b25c18
        0x558431b25c18
        0x558431b25c18
        0x558431b25c18
        0x558431b25c18
        0x558431b25c18
        0x558431b25c18
        0x558431b25c18
        0x558431b25c18
        0x558431b25c18
        0x558431b25c18
        0x558431b25c18
        0x558431b25c18
        0x558431b25c18
        0x558431b25c18
        0x558431b25c18
        0x558431b25c18
        0x558431b25c18
        0x558431b25c18
        0x558431b25c18
        0x558431b25c18
        0x558431b25c18
        0x558431b25c18
        0x558431b25c18
        0x558431b25c18
        0x558431b25c18
        0x558431b25c18
        0x558431b25c18
        0x558431b25c18
        0x558431b25c18
        0x558431b25c18
        0x558431b25c18
        0x558431b25c18
        0x558431b25c18
        0x558431b25c18
        0x558431b25c18
        0x558431b25c18
        0x558431b25c18
        0x558431b25c18
        0x558431b25c18
        0x558431b25c18
        0x558431b25c18
        0x558431b25c18
        0x558431b25c18
        0x558431b25c18
        0x558431b25c18
        0x558431b25c18
        0x558431b25c18
        0x558431b25c18
        0x558431b25c18
        0x558431b25c18
        0x558431b25c18
        0x558431b25c18
        0x558431b25c18
        0x558431b25c18
        0x558431b25c18
        0x558431b25c18
        0x558431b25c18
        0x558431b25c18
        0x558431b25c18
        0x558431b25c18
        0x558431b25c18
        0x558431b25c18
        0x558431b25c18
        0x558431b25c18
        0x558431b25c18
        0x558431b25c18
        0x558431b25c18
        0x558431b25c18
        0x558431b25c18
        0x558431b25c18
        0x558431b25c18
        0x558431b25c18
        0x558431b25c18
        0x558431b25c18
        0x558431b25c18
        0x558431b25c18
        0x558431b25c18
        0x558431b25c18
        0x558431b25c18
        0x558431b25c18
        0x558431b25c18
        0x558431b25c18
        0x558431b25c18
        0x558431b25c18
        0x558431b25c18
        0x558431b25c18
        0x558431b25c18
        0x558431b25c18
        0x558431b25c18
        0x558431b25c18
        0x558431b25c18
        0x558431b25c18
        0x558431b25c18
        0x558431b25c18
        0x558431b25c18
        0x558431b25c18
        0x558431b25c18
        0x558431b25c18
        0x558431b25c18
        0x558431b25c18
        0x558431b25c18
        0x558431b25c18
        0x558431b25c18
        0x558431b25c18
        0x558431b25c18
        0x558431b25c18
        0x558431b25c18
        0x558431b25c18
        0x558431b25c18
        0x558431b25c18
        0x558431b25c18
        0x558431b25c18
        0x558431b25c18
        0x558431b25c18
        0x558431b25c18
        0x558431b25c18
        0x558431b25c18
        0x558431b25c18
        0x558431b25c18
]: 1
@preempt_stack[
        0x7f953db26b23
]: 1
@preempt_stack[
        0x7f953dd4e96a
        0x36703440342
]: 1
@preempt_stack[
        0x40d0688c
        0
        0x2000000000000001
        0x558432740e50
        0x558432740e50
        0x558432740e50
        0x558432740e50
        0x558432740e50
        0x558432740e50
        0x558432740e50
        0x558432740e50
        0x558432740e50
        0x558432740e50
        0x558432740e50
        0x558432740e50
        0x558432740e50
        0x558432740e50
        0x558432740e50
        0x558432740e50
        0x558432740e50
        0x558432740e50
        0x558432740e50
        0x558432740e50
        0x558432740e50
        0x558432740e50
        0x558432740e50
        0x558432740e50
        0x558432740e50
        0x558432740e50
        0x558432740e50
        0x558432740e50
        0x558432740e50
        0x558432740e50
        0x558432740e50
        0x558432740e50
        0x558432740e50
        0x558432740e50
        0x558432740e50
        0x558432740e50
        0x558432740e50
        0x558432740e50
        0x558432740e50
        0x558432740e50
        0x558432740e50
        0x558432740e50
        0x558432740e50
        0x558432740e50
        0x558432740e50
        0x558432740e50
        0x558432740e50
        0x558432740e50
        0x558432740e50
        0x558432740e50
        0x558432740e50
        0x558432740e50
        0x558432740e50
        0x558432740e50
        0x558432740e50
        0x558432740e50
        0x558432740e50
        0x558432740e50
        0x558432740e50
        0x558432740e50
        0x558432740e50
        0x558432740e50
        0x558432740e50
        0x558432740e50
        0x558432740e50
        0x558432740e50
        0x558432740e50
        0x558432740e50
        0x558432740e50
        0x558432740e50
        0x558432740e50
        0x558432740e50
        0x558432740e50
        0x558432740e50
        0x558432740e50
        0x558432740e50
        0x558432740e50
        0x558432740e50
        0x558432740e50
        0x558432740e50
        0x558432740e50
        0x558432740e50
        0x558432740e50
        0x558432740e50
        0x558432740e50
        0x558432740e50
        0x558432740e50
        0x558432740e50
        0x558432740e50
        0x558432740e50
        0x558432740e50
        0x558432740e50
        0x558432740e50
        0x558432740e50
        0x558432740e50
        0x558432740e50
        0x558432740e50
        0x558432740e50
        0x558432740e50
        0x558432740e50
        0x558432740e50
        0x558432740e50
        0x558432740e50
        0x558432740e50
        0x558432740e50
        0x558432740e50
        0x558432740e50
        0x558432740e50
        0x558432740e50
        0x558432740e50
        0x558432740e50
        0x558432740e50
        0x558432740e50
        0x558432740e50
        0x558432740e50
        0x558432740e50
        0x558432740e50
        0x558432740e50
        0x558432740e50
        0x558432740e50
        0x558432740e50
        0x558432740e50
        0x558432740e50
        0x558432740e50
]: 1
@preempt_stack[
        0x7f953dcd309e
        0xe81
]: 1
@preempt_stack[
        0x4044314c
]: 1
@preempt_stack[
        mono_metadata_type_hash+80
        0x120000
        0x55843275b9e0
        0x55843275b9e0
        0x55843275b9e0
        0x55843275b9e0
        0x55843275b9e0
        0x55843275b9e0
        0x55843275b9e0
        0x55843275b9e0
        0x55843275b9e0
        0x55843275b9e0
        0x55843275b9e0
        0x55843275b9e0
        0x55843275b9e0
        0x55843275b9e0
        0x55843275b9e0
        0x55843275b9e0
        0x55843275b9e0
        0x55843275b9e0
        0x55843275b9e0
        0x55843275b9e0
        0x55843275b9e0
        0x55843275b9e0
        0x55843275b9e0
        0x55843275b9e0
        0x55843275b9e0
        0x55843275b9e0
        0x55843275b9e0
        0x55843275b9e0
        0x55843275b9e0
        0x55843275b9e0
        0x55843275b9e0
        0x55843275b9e0
        0x55843275b9e0
        0x55843275b9e0
        0x55843275b9e0
        0x55843275b9e0
        0x55843275b9e0
        0x55843275b9e0
        0x55843275b9e0
        0x55843275b9e0
        0x55843275b9e0
        0x55843275b9e0
        0x55843275b9e0
        0x55843275b9e0
        0x55843275b9e0
        0x55843275b9e0
        0x55843275b9e0
        0x55843275b9e0
        0x55843275b9e0
        0x55843275b9e0
        0x55843275b9e0
        0x55843275b9e0
        0x55843275b9e0
        0x55843275b9e0
        0x55843275b9e0
        0x55843275b9e0
        0x55843275b9e0
        0x55843275b9e0
        0x55843275b9e0
        0x55843275b9e0
        0x55843275b9e0
        0x55843275b9e0
        0x55843275b9e0
        0x55843275b9e0
        0x55843275b9e0
        0x55843275b9e0
        0x55843275b9e0
        0x55843275b9e0
        0x55843275b9e0
        0x55843275b9e0
        0x55843275b9e0
        0x55843275b9e0
        0x55843275b9e0
        0x55843275b9e0
        0x55843275b9e0
        0x55843275b9e0
        0x55843275b9e0
        0x55843275b9e0
        0x55843275b9e0
        0x55843275b9e0
        0x55843275b9e0
        0x55843275b9e0
        0x55843275b9e0
        0x55843275b9e0
        0x55843275b9e0
        0x55843275b9e0
        0x55843275b9e0
        0x55843275b9e0
        0x55843275b9e0
        0x55843275b9e0
        0x55843275b9e0
        0x55843275b9e0
        0x55843275b9e0
        0x55843275b9e0
        0x55843275b9e0
        0x55843275b9e0
        0x55843275b9e0
        0x55843275b9e0
        0x55843275b9e0
        0x55843275b9e0
        0x55843275b9e0
        0x55843275b9e0
        0x55843275b9e0
        0x55843275b9e0
        0x55843275b9e0
        0x55843275b9e0
        0x55843275b9e0
        0x55843275b9e0
        0x55843275b9e0
        0x55843275b9e0
        0x55843275b9e0
        0x55843275b9e0
        0x55843275b9e0
        0x55843275b9e0
        0x55843275b9e0
        0x55843275b9e0
        0x55843275b9e0
        0x55843275b9e0
        0x55843275b9e0
        0x55843275b9e0
        0x55843275b9e0
        0x55843275b9e0
        0x55843275b9e0
        0x55843275b9e0
        0x55843275b9e0
]: 1
@preempt_stack[
        0x7f953dd46efc
]: 1
@preempt_stack[
        0x7f949c9dcfa3
        0x110000
        0x55843525bcf8
        0x55843525bcf8
        0x55843525bcf8
        0x55843525bcf8
        0x55843525bcf8
        0x55843525bcf8
        0x55843525bcf8
        0x55843525bcf8
        0x55843525bcf8
        0x55843525bcf8
        0x55843525bcf8
        0x55843525bcf8
        0x55843525bcf8
        0x55843525bcf8
        0x55843525bcf8
        0x55843525bcf8
        0x55843525bcf8
        0x55843525bcf8
        0x55843525bcf8
        0x55843525bcf8
        0x55843525bcf8
        0x55843525bcf8
        0x55843525bcf8
        0x55843525bcf8
        0x55843525bcf8
        0x55843525bcf8
        0x55843525bcf8
        0x55843525bcf8
        0x55843525bcf8
        0x55843525bcf8
        0x55843525bcf8
        0x55843525bcf8
        0x55843525bcf8
        0x55843525bcf8
        0x55843525bcf8
        0x55843525bcf8
        0x55843525bcf8
        0x55843525bcf8
        0x55843525bcf8
        0x55843525bcf8
        0x55843525bcf8
        0x55843525bcf8
        0x55843525bcf8
        0x55843525bcf8
        0x55843525bcf8
        0x55843525bcf8
        0x55843525bcf8
        0x55843525bcf8
        0x55843525bcf8
        0x55843525bcf8
        0x55843525bcf8
        0x55843525bcf8
        0x55843525bcf8
        0x55843525bcf8
        0x55843525bcf8
        0x55843525bcf8
        0x55843525bcf8
        0x55843525bcf8
        0x55843525bcf8
        0x55843525bcf8
        0x55843525bcf8
        0x55843525bcf8
        0x55843525bcf8
        0x55843525bcf8
        0x55843525bcf8
        0x55843525bcf8
        0x55843525bcf8
        0x55843525bcf8
        0x55843525bcf8
        0x55843525bcf8
        0x55843525bcf8
        0x55843525bcf8
        0x55843525bcf8
        0x55843525bcf8
        0x55843525bcf8
        0x55843525bcf8
        0x55843525bcf8
        0x55843525bcf8
        0x55843525bcf8
        0x55843525bcf8
        0x55843525bcf8
        0x55843525bcf8
        0x55843525bcf8
        0x55843525bcf8
        0x55843525bcf8
        0x55843525bcf8
        0x55843525bcf8
        0x55843525bcf8
        0x55843525bcf8
        0x55843525bcf8
        0x55843525bcf8
        0x55843525bcf8
        0x55843525bcf8
        0x55843525bcf8
        0x55843525bcf8
        0x55843525bcf8
        0x55843525bcf8
        0x55843525bcf8
        0x55843525bcf8
        0x55843525bcf8
        0x55843525bcf8
        0x55843525bcf8
        0x55843525bcf8
        0x55843525bcf8
        0x55843525bcf8
        0x55843525bcf8
        0x55843525bcf8
        0x55843525bcf8
        0x55843525bcf8
        0x55843525bcf8
        0x55843525bcf8
        0x55843525bcf8
        0x55843525bcf8
        0x55843525bcf8
        0x55843525bcf8
        0x55843525bcf8
        0x55843525bcf8
        0x55843525bcf8
        0x55843525bcf8
        0x55843525bcf8
        0x55843525bcf8
        0x55843525bcf8
        0x55843525bcf8
        0x55843525bcf8
        0x55843525bcf8
]: 1
@preempt_stack[
        0x40bb24c3
        0x40b43cf8
        0x40a8b118
        0x40407e56
        0x40403d24
        0x7f949c846428
        0x7f949c9e578f
        0x558431b82490
]: 1
@preempt_stack[
        0x40442ab2
]: 1
@preempt_stack[
        mono_class_from_mono_type_internal+47
        0
]: 1
@preempt_stack[
        0x7f953d6dcbd2
        0xee00038fffcd99a
        0x7f953e054ba0
        0x4810c0834800b08c
]: 1
@preempt_stack[
        0x40caf188
        0
        0x2000000000000001
        0x558432740e50
        0x558432740e50
        0x558432740e50
        0x558432740e50
        0x558432740e50
        0x558432740e50
        0x558432740e50
        0x558432740e50
        0x558432740e50
        0x558432740e50
        0x558432740e50
        0x558432740e50
        0x558432740e50
        0x558432740e50
        0x558432740e50
        0x558432740e50
        0x558432740e50
        0x558432740e50
        0x558432740e50
        0x558432740e50
        0x558432740e50
        0x558432740e50
        0x558432740e50
        0x558432740e50
        0x558432740e50
        0x558432740e50
        0x558432740e50
        0x558432740e50
        0x558432740e50
        0x558432740e50
        0x558432740e50
        0x558432740e50
        0x558432740e50
        0x558432740e50
        0x558432740e50
        0x558432740e50
        0x558432740e50
        0x558432740e50
        0x558432740e50
        0x558432740e50
        0x558432740e50
        0x558432740e50
        0x558432740e50
        0x558432740e50
        0x558432740e50
        0x558432740e50
        0x558432740e50
        0x558432740e50
        0x558432740e50
        0x558432740e50
        0x558432740e50
        0x558432740e50
        0x558432740e50
        0x558432740e50
        0x558432740e50
        0x558432740e50
        0x558432740e50
        0x558432740e50
        0x558432740e50
        0x558432740e50
        0x558432740e50
        0x558432740e50
        0x558432740e50
        0x558432740e50
        0x558432740e50
        0x558432740e50
        0x558432740e50
        0x558432740e50
        0x558432740e50
        0x558432740e50
        0x558432740e50
        0x558432740e50
        0x558432740e50
        0x558432740e50
        0x558432740e50
        0x558432740e50
        0x558432740e50
        0x558432740e50
        0x558432740e50
        0x558432740e50
        0x558432740e50
        0x558432740e50
        0x558432740e50
        0x558432740e50
        0x558432740e50
        0x558432740e50
        0x558432740e50
        0x558432740e50
        0x558432740e50
        0x558432740e50
        0x558432740e50
        0x558432740e50
        0x558432740e50
        0x558432740e50
        0x558432740e50
        0x558432740e50
        0x558432740e50
        0x558432740e50
        0x558432740e50
        0x558432740e50
        0x558432740e50
        0x558432740e50
        0x558432740e50
        0x558432740e50
        0x558432740e50
        0x558432740e50
        0x558432740e50
        0x558432740e50
        0x558432740e50
        0x558432740e50
        0x558432740e50
        0x558432740e50
        0x558432740e50
        0x558432740e50
        0x558432740e50
        0x558432740e50
        0x558432740e50
        0x558432740e50
        0x558432740e50
        0x558432740e50
        0x558432740e50
        0x558432740e50
        0x558432740e50
        0x558432740e50
]: 1
@preempt_stack[
        0x40bb32ea
]: 1
@preempt_stack[
        0x404417a8
]: 1
@preempt_stack[
        0x401a5463
        0x40202df4
        0x40212f04
        0x40a8a76e
        0x40407e56
        0x40403d24
        0x7f949c846428
        0x7f949c9e578f
        0x558431b82490
]: 1
@preempt_stack[
        mono_class_from_mono_type_internal+13
        0x110000
        0x558431b42e78
        0x558431b42e78
        0x558431b42e78
        0x558431b42e78
        0x558431b42e78
        0x558431b42e78
        0x558431b42e78
        0x558431b42e78
        0x558431b42e78
        0x558431b42e78
        0x558431b42e78
        0x558431b42e78
        0x558431b42e78
        0x558431b42e78
        0x558431b42e78
        0x558431b42e78
        0x558431b42e78
        0x558431b42e78
        0x558431b42e78
        0x558431b42e78
        0x558431b42e78
        0x558431b42e78
        0x558431b42e78
        0x558431b42e78
        0x558431b42e78
        0x558431b42e78
        0x558431b42e78
        0x558431b42e78
        0x558431b42e78
        0x558431b42e78
        0x558431b42e78
        0x558431b42e78
        0x558431b42e78
        0x558431b42e78
        0x558431b42e78
        0x558431b42e78
        0x558431b42e78
        0x558431b42e78
        0x558431b42e78
        0x558431b42e78
        0x558431b42e78
        0x558431b42e78
        0x558431b42e78
        0x558431b42e78
        0x558431b42e78
        0x558431b42e78
        0x558431b42e78
        0x558431b42e78
        0x558431b42e78
        0x558431b42e78
        0x558431b42e78
        0x558431b42e78
        0x558431b42e78
        0x558431b42e78
        0x558431b42e78
        0x558431b42e78
        0x558431b42e78
        0x558431b42e78
        0x558431b42e78
        0x558431b42e78
        0x558431b42e78
        0x558431b42e78
        0x558431b42e78
        0x558431b42e78
        0x558431b42e78
        0x558431b42e78
        0x558431b42e78
        0x558431b42e78
        0x558431b42e78
        0x558431b42e78
        0x558431b42e78
        0x558431b42e78
        0x558431b42e78
        0x558431b42e78
        0x558431b42e78
        0x558431b42e78
        0x558431b42e78
        0x558431b42e78
        0x558431b42e78
        0x558431b42e78
        0x558431b42e78
        0x558431b42e78
        0x558431b42e78
        0x558431b42e78
        0x558431b42e78
        0x558431b42e78
        0x558431b42e78
        0x558431b42e78
        0x558431b42e78
        0x558431b42e78
        0x558431b42e78
        0x558431b42e78
        0x558431b42e78
        0x558431b42e78
        0x558431b42e78
        0x558431b42e78
        0x558431b42e78
        0x558431b42e78
        0x558431b42e78
        0x558431b42e78
        0x558431b42e78
        0x558431b42e78
        0x558431b42e78
        0x558431b42e78
        0x558431b42e78
        0x558431b42e78
        0x558431b42e78
        0x558431b42e78
        0x558431b42e78
        0x558431b42e78
        0x558431b42e78
        0x558431b42e78
        0x558431b42e78
        0x558431b42e78
        0x558431b42e78
        0x558431b42e78
        0x558431b42e78
        0x558431b42e78
        0x558431b42e78
        0x558431b42e78
        0x558431b42e78
        0x558431b42e78
        0x558431b42e78
        0x558431b42e78
        0x558431b42e78
]: 1
@preempt_stack[
        0x40496ca7
        0x4046dfb8
        0x40785934
        0x401c67a6
        0x7f949c846428
        0x7f949c9e578f
        0x558431b82490
]: 1
@preempt_stack[
        0x7f949c9cb5b8
        0
        0
        0x55843377caf0
]: 1
@preempt_stack[
        0x7f949c9cb8d8
        0x120000
        0x5584334e0398
        0x5584334e0398
        0x5584334e0398
        0x5584334e0398
        0x5584334e0398
        0x5584334e0398
        0x5584334e0398
        0x5584334e0398
        0x5584334e0398
        0x5584334e0398
        0x5584334e0398
        0x5584334e0398
        0x5584334e0398
        0x5584334e0398
        0x5584334e0398
        0x5584334e0398
        0x5584334e0398
        0x5584334e0398
        0x5584334e0398
        0x5584334e0398
        0x5584334e0398
        0x5584334e0398
        0x5584334e0398
        0x5584334e0398
        0x5584334e0398
        0x5584334e0398
        0x5584334e0398
        0x5584334e0398
        0x5584334e0398
        0x5584334e0398
        0x5584334e0398
        0x5584334e0398
        0x5584334e0398
        0x5584334e0398
        0x5584334e0398
        0x5584334e0398
        0x5584334e0398
        0x5584334e0398
        0x5584334e0398
        0x5584334e0398
        0x5584334e0398
        0x5584334e0398
        0x5584334e0398
        0x5584334e0398
        0x5584334e0398
        0x5584334e0398
        0x5584334e0398
        0x5584334e0398
        0x5584334e0398
        0x5584334e0398
        0x5584334e0398
        0x5584334e0398
        0x5584334e0398
        0x5584334e0398
        0x5584334e0398
        0x5584334e0398
        0x5584334e0398
        0x5584334e0398
        0x5584334e0398
        0x5584334e0398
        0x5584334e0398
        0x5584334e0398
        0x5584334e0398
        0x5584334e0398
        0x5584334e0398
        0x5584334e0398
        0x5584334e0398
        0x5584334e0398
        0x5584334e0398
        0x5584334e0398
        0x5584334e0398
        0x5584334e0398
        0x5584334e0398
        0x5584334e0398
        0x5584334e0398
        0x5584334e0398
        0x5584334e0398
        0x5584334e0398
        0x5584334e0398
        0x5584334e0398
        0x5584334e0398
        0x5584334e0398
        0x5584334e0398
        0x5584334e0398
        0x5584334e0398
        0x5584334e0398
        0x5584334e0398
        0x5584334e0398
        0x5584334e0398
        0x5584334e0398
        0x5584334e0398
        0x5584334e0398
        0x5584334e0398
        0x5584334e0398
        0x5584334e0398
        0x5584334e0398
        0x5584334e0398
        0x5584334e0398
        0x5584334e0398
        0x5584334e0398
        0x5584334e0398
        0x5584334e0398
        0x5584334e0398
        0x5584334e0398
        0x5584334e0398
        0x5584334e0398
        0x5584334e0398
        0x5584334e0398
        0x5584334e0398
        0x5584334e0398
        0x5584334e0398
        0x5584334e0398
        0x5584334e0398
        0x5584334e0398
        0x5584334e0398
        0x5584334e0398
        0x5584334e0398
        0x5584334e0398
        0x5584334e0398
        0x5584334e0398
        0x5584334e0398
        0x5584334e0398
        0x5584334e0398
        0x5584334e0398
        0x5584334e0398
]: 1
@preempt_stack[
        0x7f949c9cb612
        0
        0
        0x558434abf6a0
]: 1
@preempt_stack[
        0x7f949c9ace65
        0
]: 1
@preempt_stack[
        0x7f953e5b2e51
]: 1
@preempt_stack[
        0x7f953d9075e7
        0
]: 1
@preempt_stack[
        0x7f953dd4fa55
        0x20
]: 1
@preempt_stack[
        0x40d5b28e
        0x40d59801
        0x40d56ef8
        0x40d56d80
        0x40d53864
        0
        0
        0x558432736408
        0x558432736408
        0x558432736408
        0x558432736408
        0x558432736408
        0x558432736408
        0x558432736408
        0x558432736408
        0x558432736408
        0x558432736408
        0x558432736408
        0x558432736408
        0x558432736408
        0x558432736408
        0x558432736408
        0x558432736408
        0x558432736408
        0x558432736408
        0x558432736408
        0x558432736408
        0x558432736408
        0x558432736408
        0x558432736408
        0x558432736408
        0x558432736408
        0x558432736408
        0x558432736408
        0x558432736408
        0x558432736408
        0x558432736408
        0x558432736408
        0x558432736408
        0x558432736408
        0x558432736408
        0x558432736408
        0x558432736408
        0x558432736408
        0x558432736408
        0x558432736408
        0x558432736408
        0x558432736408
        0x558432736408
        0x558432736408
        0x558432736408
        0x558432736408
        0x558432736408
        0x558432736408
        0x558432736408
        0x558432736408
        0x558432736408
        0x558432736408
        0x558432736408
        0x558432736408
        0x558432736408
        0x558432736408
        0x558432736408
        0x558432736408
        0x558432736408
        0x558432736408
        0x558432736408
        0x558432736408
        0x558432736408
        0x558432736408
        0x558432736408
        0x558432736408
        0x558432736408
        0x558432736408
        0x558432736408
        0x558432736408
        0x558432736408
        0x558432736408
        0x558432736408
        0x558432736408
        0x558432736408
        0x558432736408
        0x558432736408
        0x558432736408
        0x558432736408
        0x558432736408
        0x558432736408
        0x558432736408
        0x558432736408
        0x558432736408
        0x558432736408
        0x558432736408
        0x558432736408
        0x558432736408
        0x558432736408
        0x558432736408
        0x558432736408
        0x558432736408
        0x558432736408
        0x558432736408
        0x558432736408
        0x558432736408
        0x558432736408
        0x558432736408
        0x558432736408
        0x558432736408
        0x558432736408
        0x558432736408
        0x558432736408
        0x558432736408
        0x558432736408
        0x558432736408
        0x558432736408
        0x558432736408
        0x558432736408
        0x558432736408
        0x558432736408
        0x558432736408
        0x558432736408
        0x558432736408
        0x558432736408
        0x558432736408
        0x558432736408
        0x558432736408
        0x558432736408
        0x558432736408
        0x558432736408
]: 1
@preempt_stack[
        0x7f953dd2d25c
        0x1
]: 1
@preempt_stack[
        0x7f953e5a5953
]: 1
@preempt_stack[
        0x7f953dcd7efa
        0x30103040302
]: 1
@preempt_stack[
        0x7f953dcd7e43
        0
]: 1
@preempt_stack[
        0x7f953dd258b4
]: 1
@preempt_stack[
        mono_g_hash_table_lookup+28
        0x120000
        0x558432a988f0
        0x558432a988f0
        0x558432a988f0
        0x558432a988f0
        0x558432a988f0
        0x558432a988f0
        0x558432a988f0
        0x558432a988f0
        0x558432a988f0
        0x558432a988f0
        0x558432a988f0
        0x558432a988f0
        0x558432a988f0
        0x558432a988f0
        0x558432a988f0
        0x558432a988f0
        0x558432a988f0
        0x558432a988f0
        0x558432a988f0
        0x558432a988f0
        0x558432a988f0
        0x558432a988f0
        0x558432a988f0
        0x558432a988f0
        0x558432a988f0
        0x558432a988f0
        0x558432a988f0
        0x558432a988f0
        0x558432a988f0
        0x558432a988f0
        0x558432a988f0
        0x558432a988f0
        0x558432a988f0
        0x558432a988f0
        0x558432a988f0
        0x558432a988f0
        0x558432a988f0
        0x558432a988f0
        0x558432a988f0
        0x558432a988f0
        0x558432a988f0
        0x558432a988f0
        0x558432a988f0
        0x558432a988f0
        0x558432a988f0
        0x558432a988f0
        0x558432a988f0
        0x558432a988f0
        0x558432a988f0
        0x558432a988f0
        0x558432a988f0
        0x558432a988f0
        0x558432a988f0
        0x558432a988f0
        0x558432a988f0
        0x558432a988f0
        0x558432a988f0
        0x558432a988f0
        0x558432a988f0
        0x558432a988f0
        0x558432a988f0
        0x558432a988f0
        0x558432a988f0
        0x558432a988f0
        0x558432a988f0
        0x558432a988f0
        0x558432a988f0
        0x558432a988f0
        0x558432a988f0
        0x558432a988f0
        0x558432a988f0
        0x558432a988f0
        0x558432a988f0
        0x558432a988f0
        0x558432a988f0
        0x558432a988f0
        0x558432a988f0
        0x558432a988f0
        0x558432a988f0
        0x558432a988f0
        0x558432a988f0
        0x558432a988f0
        0x558432a988f0
        0x558432a988f0
        0x558432a988f0
        0x558432a988f0
        0x558432a988f0
        0x558432a988f0
        0x558432a988f0
        0x558432a988f0
        0x558432a988f0
        0x558432a988f0
        0x558432a988f0
        0x558432a988f0
        0x558432a988f0
        0x558432a988f0
        0x558432a988f0
        0x558432a988f0
        0x558432a988f0
        0x558432a988f0
        0x558432a988f0
        0x558432a988f0
        0x558432a988f0
        0x558432a988f0
        0x558432a988f0
        0x558432a988f0
        0x558432a988f0
        0x558432a988f0
        0x558432a988f0
        0x558432a988f0
        0x558432a988f0
        0x558432a988f0
        0x558432a988f0
        0x558432a988f0
        0x558432a988f0
        0x558432a988f0
        0x558432a988f0
        0x558432a988f0
        0x558432a988f0
        0x558432a988f0
        0x558432a988f0
        0x558432a988f0
        0x558432a988f0
        0x558432a988f0
        0x558432a988f0
]: 1
@preempt_stack[
        0x40cb625e
        0x40cb2a88
        0x40cafea4
        0x40cafc3c
        0x40407e56
        0x40403d24
        0x7f949c846428
        0x7f949c9e578f
        0x558431b82490
]: 1
@preempt_stack[
        0x407b047d
        0x401c67a6
        0x7f949c846428
        0x7f949c9e578f
        0x558431b82490
]: 1
@preempt_stack[
        0x40d05124
        0x40d0350d
        0x40a8b124
        0x40407e56
        0x40403d24
        0x7f949c846428
        0x7f949c9e578f
        0x558431b82490
]: 1
@preempt_stack[
        GC_gcj_malloc+99
        0x40785934
        0x401c67a6
        0x7f949c846428
        0x7f949c9e578f
        0x558431b82490
]: 1
@preempt_stack[
        0x40d5bccc
        0x40d5922c
        0x40d56ef8
        0x40d56d80
        0x40d53864
        0
        0
        0x558432736408
        0x558432736408
        0x558432736408
        0x558432736408
        0x558432736408
        0x558432736408
        0x558432736408
        0x558432736408
        0x558432736408
        0x558432736408
        0x558432736408
        0x558432736408
        0x558432736408
        0x558432736408
        0x558432736408
        0x558432736408
        0x558432736408
        0x558432736408
        0x558432736408
        0x558432736408
        0x558432736408
        0x558432736408
        0x558432736408
        0x558432736408
        0x558432736408
        0x558432736408
        0x558432736408
        0x558432736408
        0x558432736408
        0x558432736408
        0x558432736408
        0x558432736408
        0x558432736408
        0x558432736408
        0x558432736408
        0x558432736408
        0x558432736408
        0x558432736408
        0x558432736408
        0x558432736408
        0x558432736408
        0x558432736408
        0x558432736408
        0x558432736408
        0x558432736408
        0x558432736408
        0x558432736408
        0x558432736408
        0x558432736408
        0x558432736408
        0x558432736408
        0x558432736408
        0x558432736408
        0x558432736408
        0x558432736408
        0x558432736408
        0x558432736408
        0x558432736408
        0x558432736408
        0x558432736408
        0x558432736408
        0x558432736408
        0x558432736408
        0x558432736408
        0x558432736408
        0x558432736408
        0x558432736408
        0x558432736408
        0x558432736408
        0x558432736408
        0x558432736408
        0x558432736408
        0x558432736408
        0x558432736408
        0x558432736408
        0x558432736408
        0x558432736408
        0x558432736408
        0x558432736408
        0x558432736408
        0x558432736408
        0x558432736408
        0x558432736408
        0x558432736408
        0x558432736408
        0x558432736408
        0x558432736408
        0x558432736408
        0x558432736408
        0x558432736408
        0x558432736408
        0x558432736408
        0x558432736408
        0x558432736408
        0x558432736408
        0x558432736408
        0x558432736408
        0x558432736408
        0x558432736408
        0x558432736408
        0x558432736408
        0x558432736408
        0x558432736408
        0x558432736408
        0x558432736408
        0x558432736408
        0x558432736408
        0x558432736408
        0x558432736408
        0x558432736408
        0x558432736408
        0x558432736408
        0x558432736408
        0x558432736408
        0x558432736408
        0x558432736408
        0x558432736408
        0x558432736408
        0x558432736408
        0x558432736408
]: 1
@preempt_stack[
        0x7f953e5b2966
]: 1
@preempt_stack[
        0x7f949c9ce4c1
        0x120000
        0x5584340f61b8
        0x5584340f61b8
        0x5584340f61b8
        0x5584340f61b8
        0x5584340f61b8
        0x5584340f61b8
        0x5584340f61b8
        0x5584340f61b8
        0x5584340f61b8
        0x5584340f61b8
        0x5584340f61b8
        0x5584340f61b8
        0x5584340f61b8
        0x5584340f61b8
        0x5584340f61b8
        0x5584340f61b8
        0x5584340f61b8
        0x5584340f61b8
        0x5584340f61b8
        0x5584340f61b8
        0x5584340f61b8
        0x5584340f61b8
        0x5584340f61b8
        0x5584340f61b8
        0x5584340f61b8
        0x5584340f61b8
        0x5584340f61b8
        0x5584340f61b8
        0x5584340f61b8
        0x5584340f61b8
        0x5584340f61b8
        0x5584340f61b8
        0x5584340f61b8
        0x5584340f61b8
        0x5584340f61b8
        0x5584340f61b8
        0x5584340f61b8
        0x5584340f61b8
        0x5584340f61b8
        0x5584340f61b8
        0x5584340f61b8
        0x5584340f61b8
        0x5584340f61b8
        0x5584340f61b8
        0x5584340f61b8
        0x5584340f61b8
        0x5584340f61b8
        0x5584340f61b8
        0x5584340f61b8
        0x5584340f61b8
        0x5584340f61b8
        0x5584340f61b8
        0x5584340f61b8
        0x5584340f61b8
        0x5584340f61b8
        0x5584340f61b8
        0x5584340f61b8
        0x5584340f61b8
        0x5584340f61b8
        0x5584340f61b8
        0x5584340f61b8
        0x5584340f61b8
        0x5584340f61b8
        0x5584340f61b8
        0x5584340f61b8
        0x5584340f61b8
        0x5584340f61b8
        0x5584340f61b8
        0x5584340f61b8
        0x5584340f61b8
        0x5584340f61b8
        0x5584340f61b8
        0x5584340f61b8
        0x5584340f61b8
        0x5584340f61b8
        0x5584340f61b8
        0x5584340f61b8
        0x5584340f61b8
        0x5584340f61b8
        0x5584340f61b8
        0x5584340f61b8
        0x5584340f61b8
        0x5584340f61b8
        0x5584340f61b8
        0x5584340f61b8
        0x5584340f61b8
        0x5584340f61b8
        0x5584340f61b8
        0x5584340f61b8
        0x5584340f61b8
        0x5584340f61b8
        0x5584340f61b8
        0x5584340f61b8
        0x5584340f61b8
        0x5584340f61b8
        0x5584340f61b8
        0x5584340f61b8
        0x5584340f61b8
        0x5584340f61b8
        0x5584340f61b8
        0x5584340f61b8
        0x5584340f61b8
        0x5584340f61b8
        0x5584340f61b8
        0x5584340f61b8
        0x5584340f61b8
        0x5584340f61b8
        0x5584340f61b8
        0x5584340f61b8
        0x5584340f61b8
        0x5584340f61b8
        0x5584340f61b8
        0x5584340f61b8
        0x5584340f61b8
        0x5584340f61b8
        0x5584340f61b8
        0x5584340f61b8
        0x5584340f61b8
        0x5584340f61b8
        0x5584340f61b8
        0x5584340f61b8
        0x5584340f61b8
        0x5584340f61b8
        0x5584340f61b8
        0x5584340f61b8
]: 1
@preempt_stack[
        0x7f953d9f5510
        0xea00038fffe0c10
        0x7f953da02410
        0x8348078948011124
]: 1
@preempt_stack[
        0x7f949ca56df1
        0x40407e56
        0x40403d24
        0x7f949c846428
        0x7f949c9e578f
        0x558431b82490
]: 1
@preempt_stack[
        0x7f949c9cb76a
        0x130000
        0x1
        0
        0x558434b918d0
]: 1
@preempt_stack[
        0x40cad6b2
        0x40cabc4c
        0x40cab139
        0x40ca6ac7
        0x40407e56
        0x40403d24
        0x7f949c846428
        0x7f949c9e578f
        0x558431b82490
]: 1
@preempt_stack[
        0x40caf1b2
]: 1
@preempt_stack[
        0x7f949c9ce4d8
        0x55843531ccd0
        0x55843531ccd0
        0x55843531ccd0
        0x55843531ccd0
        0x55843531ccd0
        0x55843531ccd0
        0x55843531ccd0
        0x55843531ccd0
        0x55843531ccd0
        0x55843531ccd0
        0x55843531ccd0
        0x55843531ccd0
        0x55843531ccd0
        0x55843531ccd0
        0x55843531ccd0
        0x55843531ccd0
        0x55843531ccd0
        0x55843531ccd0
        0x55843531ccd0
        0x55843531ccd0
        0x55843531ccd0
        0x55843531ccd0
        0x55843531ccd0
        0x55843531ccd0
        0x55843531ccd0
        0x55843531ccd0
        0x55843531ccd0
        0x55843531ccd0
        0x55843531ccd0
        0x55843531ccd0
        0x55843531ccd0
        0x55843531ccd0
        0x55843531ccd0
        0x55843531ccd0
        0x55843531ccd0
        0x55843531ccd0
        0x55843531ccd0
        0x55843531ccd0
        0x55843531ccd0
        0x55843531ccd0
        0x55843531ccd0
        0x55843531ccd0
        0x55843531ccd0
        0x55843531ccd0
        0x55843531ccd0
        0x55843531ccd0
        0x55843531ccd0
        0x55843531ccd0
        0x55843531ccd0
        0x55843531ccd0
        0x55843531ccd0
        0x55843531ccd0
        0x55843531ccd0
        0x55843531ccd0
        0x55843531ccd0
        0x55843531ccd0
        0x55843531ccd0
        0x55843531ccd0
        0x55843531ccd0
        0x55843531ccd0
        0x55843531ccd0
        0x55843531ccd0
        0x55843531ccd0
        0x55843531ccd0
        0x55843531ccd0
        0x55843531ccd0
        0x55843531ccd0
        0x55843531ccd0
        0x55843531ccd0
        0x55843531ccd0
        0x55843531ccd0
        0x55843531ccd0
        0x55843531ccd0
        0x55843531ccd0
        0x55843531ccd0
        0x55843531ccd0
        0x55843531ccd0
        0x55843531ccd0
        0x55843531ccd0
        0x55843531ccd0
        0x55843531ccd0
        0x55843531ccd0
        0x55843531ccd0
        0x55843531ccd0
        0x55843531ccd0
        0x55843531ccd0
        0x55843531ccd0
        0x55843531ccd0
        0x55843531ccd0
        0x55843531ccd0
        0x55843531ccd0
        0x55843531ccd0
        0x55843531ccd0
        0x55843531ccd0
        0x55843531ccd0
        0x55843531ccd0
        0x55843531ccd0
        0x55843531ccd0
        0x55843531ccd0
        0x55843531ccd0
        0x55843531ccd0
        0x55843531ccd0
        0x55843531ccd0
        0x55843531ccd0
        0x55843531ccd0
        0x55843531ccd0
        0x55843531ccd0
        0x55843531ccd0
        0x55843531ccd0
        0x55843531ccd0
        0x55843531ccd0
        0x55843531ccd0
        0x55843531ccd0
        0x55843531ccd0
        0x55843531ccd0
        0x55843531ccd0
        0x55843531ccd0
        0x55843531ccd0
        0x55843531ccd0
        0x55843531ccd0
        0x55843531ccd0
        0x55843531ccd0
        0x55843531ccd0
        0x55843531ccd0
        0x55843531ccd0
        0x55843531ccd0
]: 1
@preempt_stack[
        0x7f949c9dcfa3
        0x120000
        0x558435110698
        0x558435110698
        0x558435110698
        0x558435110698
        0x558435110698
        0x558435110698
        0x558435110698
        0x558435110698
        0x558435110698
        0x558435110698
        0x558435110698
        0x558435110698
        0x558435110698
        0x558435110698
        0x558435110698
        0x558435110698
        0x558435110698
        0x558435110698
        0x558435110698
        0x558435110698
        0x558435110698
        0x558435110698
        0x558435110698
        0x558435110698
        0x558435110698
        0x558435110698
        0x558435110698
        0x558435110698
        0x558435110698
        0x558435110698
        0x558435110698
        0x558435110698
        0x558435110698
        0x558435110698
        0x558435110698
        0x558435110698
        0x558435110698
        0x558435110698
        0x558435110698
        0x558435110698
        0x558435110698
        0x558435110698
        0x558435110698
        0x558435110698
        0x558435110698
        0x558435110698
        0x558435110698
        0x558435110698
        0x558435110698
        0x558435110698
        0x558435110698
        0x558435110698
        0x558435110698
        0x558435110698
        0x558435110698
        0x558435110698
        0x558435110698
        0x558435110698
        0x558435110698
        0x558435110698
        0x558435110698
        0x558435110698
        0x558435110698
        0x558435110698
        0x558435110698
        0x558435110698
        0x558435110698
        0x558435110698
        0x558435110698
        0x558435110698
        0x558435110698
        0x558435110698
        0x558435110698
        0x558435110698
        0x558435110698
        0x558435110698
        0x558435110698
        0x558435110698
        0x558435110698
        0x558435110698
        0x558435110698
        0x558435110698
        0x558435110698
        0x558435110698
        0x558435110698
        0x558435110698
        0x558435110698
        0x558435110698
        0x558435110698
        0x558435110698
        0x558435110698
        0x558435110698
        0x558435110698
        0x558435110698
        0x558435110698
        0x558435110698
        0x558435110698
        0x558435110698
        0x558435110698
        0x558435110698
        0x558435110698
        0x558435110698
        0x558435110698
        0x558435110698
        0x558435110698
        0x558435110698
        0x558435110698
        0x558435110698
        0x558435110698
        0x558435110698
        0x558435110698
        0x558435110698
        0x558435110698
        0x558435110698
        0x558435110698
        0x558435110698
        0x558435110698
        0x558435110698
        0x558435110698
        0x558435110698
        0x558435110698
        0x558435110698
        0x558435110698
        0x558435110698
        0x558435110698
]: 1
@preempt_stack[
        0x7f949c9cb618
]: 1
@preempt_stack[
        0x40ce020a
]: 1
@preempt_stack[
        0x40d050c4
        0x40d04f78
        0x40d0350d
        0x40a8b124
        0x40407e56
        0x40403d24
        0x7f949c846428
        0x7f949c9e578f
        0x558431b82490
]: 1
@preempt_stack[
        0x7f953e5af95a
]: 1
@preempt_stack[
        0x7f949c9ce4d8
        0x558432a6a320
        0x558432a6a320
        0x558432a6a320
        0x558432a6a320
        0x558432a6a320
        0x558432a6a320
        0x558432a6a320
        0x558432a6a320
        0x558432a6a320
        0x558432a6a320
        0x558432a6a320
        0x558432a6a320
        0x558432a6a320
        0x558432a6a320
        0x558432a6a320
        0x558432a6a320
        0x558432a6a320
        0x558432a6a320
        0x558432a6a320
        0x558432a6a320
        0x558432a6a320
        0x558432a6a320
        0x558432a6a320
        0x558432a6a320
        0x558432a6a320
        0x558432a6a320
        0x558432a6a320
        0x558432a6a320
        0x558432a6a320
        0x558432a6a320
        0x558432a6a320
        0x558432a6a320
        0x558432a6a320
        0x558432a6a320
        0x558432a6a320
        0x558432a6a320
        0x558432a6a320
        0x558432a6a320
        0x558432a6a320
        0x558432a6a320
        0x558432a6a320
        0x558432a6a320
        0x558432a6a320
        0x558432a6a320
        0x558432a6a320
        0x558432a6a320
        0x558432a6a320
        0x558432a6a320
        0x558432a6a320
        0x558432a6a320
        0x558432a6a320
        0x558432a6a320
        0x558432a6a320
        0x558432a6a320
        0x558432a6a320
        0x558432a6a320
        0x558432a6a320
        0x558432a6a320
        0x558432a6a320
        0x558432a6a320
        0x558432a6a320
        0x558432a6a320
        0x558432a6a320
        0x558432a6a320
        0x558432a6a320
        0x558432a6a320
        0x558432a6a320
        0x558432a6a320
        0x558432a6a320
        0x558432a6a320
        0x558432a6a320
        0x558432a6a320
        0x558432a6a320
        0x558432a6a320
        0x558432a6a320
        0x558432a6a320
        0x558432a6a320
        0x558432a6a320
        0x558432a6a320
        0x558432a6a320
        0x558432a6a320
        0x558432a6a320
        0x558432a6a320
        0x558432a6a320
        0x558432a6a320
        0x558432a6a320
        0x558432a6a320
        0x558432a6a320
        0x558432a6a320
        0x558432a6a320
        0x558432a6a320
        0x558432a6a320
        0x558432a6a320
        0x558432a6a320
        0x558432a6a320
        0x558432a6a320
        0x558432a6a320
        0x558432a6a320
        0x558432a6a320
        0x558432a6a320
        0x558432a6a320
        0x558432a6a320
        0x558432a6a320
        0x558432a6a320
        0x558432a6a320
        0x558432a6a320
        0x558432a6a320
        0x558432a6a320
        0x558432a6a320
        0x558432a6a320
        0x558432a6a320
        0x558432a6a320
        0x558432a6a320
        0x558432a6a320
        0x558432a6a320
        0x558432a6a320
        0x558432a6a320
        0x558432a6a320
        0x558432a6a320
        0x558432a6a320
        0x558432a6a320
        0x558432a6a320
        0x558432a6a320
        0x558432a6a320
        0x558432a6a320
        0x558432a6a320
]: 1
@preempt_stack[
        0x7f953e5b297c
]: 1
@preempt_stack[
        0x7f949c9dcfa3
        0x120000
        0x7f94500863d0
        0x7f94500863d0
        0x7f94500863d0
        0x7f94500863d0
        0x7f94500863d0
        0x7f94500863d0
        0x7f94500863d0
        0x7f94500863d0
        0x7f94500863d0
        0x7f94500863d0
        0x7f94500863d0
        0x7f94500863d0
        0x7f94500863d0
        0x7f94500863d0
        0x7f94500863d0
        0x7f94500863d0
        0x7f94500863d0
        0x7f94500863d0
        0x7f94500863d0
        0x7f94500863d0
        0x7f94500863d0
        0x7f94500863d0
        0x7f94500863d0
        0x7f94500863d0
        0x7f94500863d0
        0x7f94500863d0
        0x7f94500863d0
        0x7f94500863d0
        0x7f94500863d0
        0x7f94500863d0
        0x7f94500863d0
        0x7f94500863d0
        0x7f94500863d0
        0x7f94500863d0
        0x7f94500863d0
        0x7f94500863d0
        0x7f94500863d0
        0x7f94500863d0
        0x7f94500863d0
        0x7f94500863d0
        0x7f94500863d0
        0x7f94500863d0
        0x7f94500863d0
        0x7f94500863d0
        0x7f94500863d0
        0x7f94500863d0
        0x7f94500863d0
        0x7f94500863d0
        0x7f94500863d0
        0x7f94500863d0
        0x7f94500863d0
        0x7f94500863d0
        0x7f94500863d0
        0x7f94500863d0
        0x7f94500863d0
        0x7f94500863d0
        0x7f94500863d0
        0x7f94500863d0
        0x7f94500863d0
        0x7f94500863d0
        0x7f94500863d0
        0x7f94500863d0
        0x7f94500863d0
        0x7f94500863d0
        0x7f94500863d0
        0x7f94500863d0
        0x7f94500863d0
        0x7f94500863d0
        0x7f94500863d0
        0x7f94500863d0
        0x7f94500863d0
        0x7f94500863d0
        0x7f94500863d0
        0x7f94500863d0
        0x7f94500863d0
        0x7f94500863d0
        0x7f94500863d0
        0x7f94500863d0
        0x7f94500863d0
        0x7f94500863d0
        0x7f94500863d0
        0x7f94500863d0
        0x7f94500863d0
        0x7f94500863d0
        0x7f94500863d0
        0x7f94500863d0
        0x7f94500863d0
        0x7f94500863d0
        0x7f94500863d0
        0x7f94500863d0
        0x7f94500863d0
        0x7f94500863d0
        0x7f94500863d0
        0x7f94500863d0
        0x7f94500863d0
        0x7f94500863d0
        0x7f94500863d0
        0x7f94500863d0
        0x7f94500863d0
        0x7f94500863d0
        0x7f94500863d0
        0x7f94500863d0
        0x7f94500863d0
        0x7f94500863d0
        0x7f94500863d0
        0x7f94500863d0
        0x7f94500863d0
        0x7f94500863d0
        0x7f94500863d0
        0x7f94500863d0
        0x7f94500863d0
        0x7f94500863d0
        0x7f94500863d0
        0x7f94500863d0
        0x7f94500863d0
        0x7f94500863d0
        0x7f94500863d0
        0x7f94500863d0
        0x7f94500863d0
        0x7f94500863d0
        0x7f94500863d0
        0x7f94500863d0
        0x7f94500863d0
        0x7f94500863d0
        0x7f94500863d0
]: 1
@preempt_stack[
        GC_gcj_vector_mark_proc+870
]: 1
@preempt_stack[
        0x7f953d6d9b84
        0xea00038fffd9abc
        0x7f953da02410
        0x8348078948011124
]: 1
@preempt_stack[
        0x40af8be0
        0x40cab139
        0x40ca6ac7
        0x40407e56
        0x40403d24
        0x7f949c846428
        0x7f949c9e578f
        0x558431b82490
]: 1
@preempt_stack[
        0x7f953e32b6f7
]: 1
@preempt_stack[
        0x401c957b
        0x40c0d864
        0x4077cadf
        0x7f949c846428
        0x7f949c9e578f
        0x558431b82490
]: 1
@preempt_stack[
        0x7f953dd4e96f
        0xa010a040a02
]: 1
@preempt_stack[
        0x40cacab4
        0x40cabc4c
        0x40cab139
        0x40ca6ac7
        0x40407e56
        0x40403d24
        0x7f949c846428
        0x7f949c9e578f
        0x558431b82490
]: 1
@preempt_stack[
        mono_metadata_type_hash+80
        0x120000
        0x5584334be960
        0x5584334be960
        0x5584334be960
        0x5584334be960
        0x5584334be960
        0x5584334be960
        0x5584334be960
        0x5584334be960
        0x5584334be960
        0x5584334be960
        0x5584334be960
        0x5584334be960
        0x5584334be960
        0x5584334be960
        0x5584334be960
        0x5584334be960
        0x5584334be960
        0x5584334be960
        0x5584334be960
        0x5584334be960
        0x5584334be960
        0x5584334be960
        0x5584334be960
        0x5584334be960
        0x5584334be960
        0x5584334be960
        0x5584334be960
        0x5584334be960
        0x5584334be960
        0x5584334be960
        0x5584334be960
        0x5584334be960
        0x5584334be960
        0x5584334be960
        0x5584334be960
        0x5584334be960
        0x5584334be960
        0x5584334be960
        0x5584334be960
        0x5584334be960
        0x5584334be960
        0x5584334be960
        0x5584334be960
        0x5584334be960
        0x5584334be960
        0x5584334be960
        0x5584334be960
        0x5584334be960
        0x5584334be960
        0x5584334be960
        0x5584334be960
        0x5584334be960
        0x5584334be960
        0x5584334be960
        0x5584334be960
        0x5584334be960
        0x5584334be960
        0x5584334be960
        0x5584334be960
        0x5584334be960
        0x5584334be960
        0x5584334be960
        0x5584334be960
        0x5584334be960
        0x5584334be960
        0x5584334be960
        0x5584334be960
        0x5584334be960
        0x5584334be960
        0x5584334be960
        0x5584334be960
        0x5584334be960
        0x5584334be960
        0x5584334be960
        0x5584334be960
        0x5584334be960
        0x5584334be960
        0x5584334be960
        0x5584334be960
        0x5584334be960
        0x5584334be960
        0x5584334be960
        0x5584334be960
        0x5584334be960
        0x5584334be960
        0x5584334be960
        0x5584334be960
        0x5584334be960
        0x5584334be960
        0x5584334be960
        0x5584334be960
        0x5584334be960
        0x5584334be960
        0x5584334be960
        0x5584334be960
        0x5584334be960
        0x5584334be960
        0x5584334be960
        0x5584334be960
        0x5584334be960
        0x5584334be960
        0x5584334be960
        0x5584334be960
        0x5584334be960
        0x5584334be960
        0x5584334be960
        0x5584334be960
        0x5584334be960
        0x5584334be960
        0x5584334be960
        0x5584334be960
        0x5584334be960
        0x5584334be960
        0x5584334be960
        0x5584334be960
        0x5584334be960
        0x5584334be960
        0x5584334be960
        0x5584334be960
        0x5584334be960
        0x5584334be960
        0x5584334be960
        0x5584334be960
        0x5584334be960
        0x5584334be960
]: 1
@preempt_stack[
        0x401c9590
        0x40c0d864
        0x4077cadf
        0x7f949c846428
        0x7f949c9e578f
        0x558431b82490
]: 1
@preempt_stack[
        0x7f953dd1a47b
        0x7f95000003d0
        0x3f80000000000000
]: 1
@preempt_stack[
        0x401b5dc0
        0x4046dfb8
        0x40785934
        0x401c67a6
        0x7f949c846428
        0x7f949c9e578f
        0x558431b82490
]: 1
@preempt_stack[
        0x40195399
        0x40c2f218
        0x40c2eec4
        0x40c41434
        0x40c41000
        0x40a8a76e
        0x40407e56
        0x40403d24
        0x7f949c846428
        0x7f949c9e578f
        0x558431b82490
]: 1
@preempt_stack[
        0x40cd5ef2
        0
        0
        0x5584326a9a10
        0x5584326a9a10
        0x5584326a9a10
        0x5584326a9a10
        0x5584326a9a10
        0x5584326a9a10
        0x5584326a9a10
        0x5584326a9a10
        0x5584326a9a10
        0x5584326a9a10
        0x5584326a9a10
        0x5584326a9a10
        0x5584326a9a10
        0x5584326a9a10
        0x5584326a9a10
        0x5584326a9a10
        0x5584326a9a10
        0x5584326a9a10
        0x5584326a9a10
        0x5584326a9a10
        0x5584326a9a10
        0x5584326a9a10
        0x5584326a9a10
        0x5584326a9a10
        0x5584326a9a10
        0x5584326a9a10
        0x5584326a9a10
        0x5584326a9a10
        0x5584326a9a10
        0x5584326a9a10
        0x5584326a9a10
        0x5584326a9a10
        0x5584326a9a10
        0x5584326a9a10
        0x5584326a9a10
        0x5584326a9a10
        0x5584326a9a10
        0x5584326a9a10
        0x5584326a9a10
        0x5584326a9a10
        0x5584326a9a10
        0x5584326a9a10
        0x5584326a9a10
        0x5584326a9a10
        0x5584326a9a10
        0x5584326a9a10
        0x5584326a9a10
        0x5584326a9a10
        0x5584326a9a10
        0x5584326a9a10
        0x5584326a9a10
        0x5584326a9a10
        0x5584326a9a10
        0x5584326a9a10
        0x5584326a9a10
        0x5584326a9a10
        0x5584326a9a10
        0x5584326a9a10
        0x5584326a9a10
        0x5584326a9a10
        0x5584326a9a10
        0x5584326a9a10
        0x5584326a9a10
        0x5584326a9a10
        0x5584326a9a10
        0x5584326a9a10
        0x5584326a9a10
        0x5584326a9a10
        0x5584326a9a10
        0x5584326a9a10
        0x5584326a9a10
        0x5584326a9a10
        0x5584326a9a10
        0x5584326a9a10
        0x5584326a9a10
        0x5584326a9a10
        0x5584326a9a10
        0x5584326a9a10
        0x5584326a9a10
        0x5584326a9a10
        0x5584326a9a10
        0x5584326a9a10
        0x5584326a9a10
        0x5584326a9a10
        0x5584326a9a10
        0x5584326a9a10
        0x5584326a9a10
        0x5584326a9a10
        0x5584326a9a10
        0x5584326a9a10
        0x5584326a9a10
        0x5584326a9a10
        0x5584326a9a10
        0x5584326a9a10
        0x5584326a9a10
        0x5584326a9a10
        0x5584326a9a10
        0x5584326a9a10
        0x5584326a9a10
        0x5584326a9a10
        0x5584326a9a10
        0x5584326a9a10
        0x5584326a9a10
        0x5584326a9a10
        0x5584326a9a10
        0x5584326a9a10
        0x5584326a9a10
        0x5584326a9a10
        0x5584326a9a10
        0x5584326a9a10
        0x5584326a9a10
        0x5584326a9a10
        0x5584326a9a10
        0x5584326a9a10
        0x5584326a9a10
        0x5584326a9a10
        0x5584326a9a10
        0x5584326a9a10
        0x5584326a9a10
        0x5584326a9a10
        0x5584326a9a10
        0x5584326a9a10
        0x5584326a9a10
        0x5584326a9a10
]: 1
@preempt_stack[
        0x7f949ca0dec7
]: 1
@preempt_stack[
        GC_push_next_marked_dirty+134
        GC_collect_a_little_inner+223
]: 1
@preempt_stack[
        0x7f949c9ce4c1
        0x120000
        0x558434d06a18
        0x558434d06a18
        0x558434d06a18
        0x558434d06a18
        0x558434d06a18
        0x558434d06a18
        0x558434d06a18
        0x558434d06a18
        0x558434d06a18
        0x558434d06a18
        0x558434d06a18
        0x558434d06a18
        0x558434d06a18
        0x558434d06a18
        0x558434d06a18
        0x558434d06a18
        0x558434d06a18
        0x558434d06a18
        0x558434d06a18
        0x558434d06a18
        0x558434d06a18
        0x558434d06a18
        0x558434d06a18
        0x558434d06a18
        0x558434d06a18
        0x558434d06a18
        0x558434d06a18
        0x558434d06a18
        0x558434d06a18
        0x558434d06a18
        0x558434d06a18
        0x558434d06a18
        0x558434d06a18
        0x558434d06a18
        0x558434d06a18
        0x558434d06a18
        0x558434d06a18
        0x558434d06a18
        0x558434d06a18
        0x558434d06a18
        0x558434d06a18
        0x558434d06a18
        0x558434d06a18
        0x558434d06a18
        0x558434d06a18
        0x558434d06a18
        0x558434d06a18
        0x558434d06a18
        0x558434d06a18
        0x558434d06a18
        0x558434d06a18
        0x558434d06a18
        0x558434d06a18
        0x558434d06a18
        0x558434d06a18
        0x558434d06a18
        0x558434d06a18
        0x558434d06a18
        0x558434d06a18
        0x558434d06a18
        0x558434d06a18
        0x558434d06a18
        0x558434d06a18
        0x558434d06a18
        0x558434d06a18
        0x558434d06a18
        0x558434d06a18
        0x558434d06a18
        0x558434d06a18
        0x558434d06a18
        0x558434d06a18
        0x558434d06a18
        0x558434d06a18
        0x558434d06a18
        0x558434d06a18
        0x558434d06a18
        0x558434d06a18
        0x558434d06a18
        0x558434d06a18
        0x558434d06a18
        0x558434d06a18
        0x558434d06a18
        0x558434d06a18
        0x558434d06a18
        0x558434d06a18
        0x558434d06a18
        0x558434d06a18
        0x558434d06a18
        0x558434d06a18
        0x558434d06a18
        0x558434d06a18
        0x558434d06a18
        0x558434d06a18
        0x558434d06a18
        0x558434d06a18
        0x558434d06a18
        0x558434d06a18
        0x558434d06a18
        0x558434d06a18
        0x558434d06a18
        0x558434d06a18
        0x558434d06a18
        0x558434d06a18
        0x558434d06a18
        0x558434d06a18
        0x558434d06a18
        0x558434d06a18
        0x558434d06a18
        0x558434d06a18
        0x558434d06a18
        0x558434d06a18
        0x558434d06a18
        0x558434d06a18
        0x558434d06a18
        0x558434d06a18
        0x558434d06a18
        0x558434d06a18
        0x558434d06a18
        0x558434d06a18
        0x558434d06a18
        0x558434d06a18
        0x558434d06a18
        0x558434d06a18
        0x558434d06a18
        0x558434d06a18
]: 1
@preempt_stack[
        0x401e2f7b
        0x40212f04
        0x40a8a76e
        0x40407e56
        0x40403d24
        0x7f949c846428
        0x7f949c9e578f
        0x558431b82490
]: 1
@preempt_stack[
        0x7f953dcd3667
        0xac10ac40ac1
]: 1
@preempt_stack[
        0x7f953e5acc79
        0x7f953de986f5
]: 1
@preempt_stack[
        0x402f21d0
        0x40c0d864
        0x4077cadf
        0x7f949c846428
        0x7f949c9e578f
        0x558431b82490
]: 1
@preempt_stack[
        0x7f949c9cb79d
        0x130000
        0x1
        0
        0x558434b12ca0
]: 1
@preempt_stack[
        0x7f953d9076a5
        0x7f95007124c0
        0x50f
]: 1
@preempt_stack[
        0x7f949c9dcfa3
        0x120000
        0x5584334ee120
        0x5584334ee120
        0x5584334ee120
        0x5584334ee120
        0x5584334ee120
        0x5584334ee120
        0x5584334ee120
        0x5584334ee120
        0x5584334ee120
        0x5584334ee120
        0x5584334ee120
        0x5584334ee120
        0x5584334ee120
        0x5584334ee120
        0x5584334ee120
        0x5584334ee120
        0x5584334ee120
        0x5584334ee120
        0x5584334ee120
        0x5584334ee120
        0x5584334ee120
        0x5584334ee120
        0x5584334ee120
        0x5584334ee120
        0x5584334ee120
        0x5584334ee120
        0x5584334ee120
        0x5584334ee120
        0x5584334ee120
        0x5584334ee120
        0x5584334ee120
        0x5584334ee120
        0x5584334ee120
        0x5584334ee120
        0x5584334ee120
        0x5584334ee120
        0x5584334ee120
        0x5584334ee120
        0x5584334ee120
        0x5584334ee120
        0x5584334ee120
        0x5584334ee120
        0x5584334ee120
        0x5584334ee120
        0x5584334ee120
        0x5584334ee120
        0x5584334ee120
        0x5584334ee120
        0x5584334ee120
        0x5584334ee120
        0x5584334ee120
        0x5584334ee120
        0x5584334ee120
        0x5584334ee120
        0x5584334ee120
        0x5584334ee120
        0x5584334ee120
        0x5584334ee120
        0x5584334ee120
        0x5584334ee120
        0x5584334ee120
        0x5584334ee120
        0x5584334ee120
        0x5584334ee120
        0x5584334ee120
        0x5584334ee120
        0x5584334ee120
        0x5584334ee120
        0x5584334ee120
        0x5584334ee120
        0x5584334ee120
        0x5584334ee120
        0x5584334ee120
        0x5584334ee120
        0x5584334ee120
        0x5584334ee120
        0x5584334ee120
        0x5584334ee120
        0x5584334ee120
        0x5584334ee120
        0x5584334ee120
        0x5584334ee120
        0x5584334ee120
        0x5584334ee120
        0x5584334ee120
        0x5584334ee120
        0x5584334ee120
        0x5584334ee120
        0x5584334ee120
        0x5584334ee120
        0x5584334ee120
        0x5584334ee120
        0x5584334ee120
        0x5584334ee120
        0x5584334ee120
        0x5584334ee120
        0x5584334ee120
        0x5584334ee120
        0x5584334ee120
        0x5584334ee120
        0x5584334ee120
        0x5584334ee120
        0x5584334ee120
        0x5584334ee120
        0x5584334ee120
        0x5584334ee120
        0x5584334ee120
        0x5584334ee120
        0x5584334ee120
        0x5584334ee120
        0x5584334ee120
        0x5584334ee120
        0x5584334ee120
        0x5584334ee120
        0x5584334ee120
        0x5584334ee120
        0x5584334ee120
        0x5584334ee120
        0x5584334ee120
        0x5584334ee120
        0x5584334ee120
        0x5584334ee120
        0x5584334ee120
        0x5584334ee120
        0x5584334ee120
]: 1
@preempt_stack[
        0x7f949ca3fac3
        0x40212f04
        0x40a8a76e
        0x40407e56
        0x40403d24
        0x7f949c846428
        0x7f949c9e578f
        0x558431b82490
]: 1
@preempt_stack[
        0x401b23cb
        0x4046dfb8
        0x40785934
        0x401c67a6
        0x7f949c846428
        0x7f949c9e578f
        0x558431b82490
]: 1
@preempt_stack[
        0x401940a5
        0x4046dfb8
        0x40785934
        0x401c67a6
        0x7f949c846428
        0x7f949c9e578f
        0x558431b82490
]: 1
@preempt_stack[
        0x7f9333c72930
        0
]: 1
@preempt_stack[
        0x7f953e4a6c30
]: 1
@preempt_stack[
        0x7f953e690a17
        0x7f95011186d8
        0x7f953e690660
]: 1
@preempt_stack[
        0x7f949c998440
        0
]: 1
@preempt_stack[
        0x7f953d907316
]: 1
@preempt_stack[
        0x7f949c9cb60d
        0x1
        0
        0x558434a7d030
]: 1
@preempt_stack[
        0x7f949c9ce4d8
        0x558434e52c78
        0x558434e52c78
        0x558434e52c78
        0x558434e52c78
        0x558434e52c78
        0x558434e52c78
        0x558434e52c78
        0x558434e52c78
        0x558434e52c78
        0x558434e52c78
        0x558434e52c78
        0x558434e52c78
        0x558434e52c78
        0x558434e52c78
        0x558434e52c78
        0x558434e52c78
        0x558434e52c78
        0x558434e52c78
        0x558434e52c78
        0x558434e52c78
        0x558434e52c78
        0x558434e52c78
        0x558434e52c78
        0x558434e52c78
        0x558434e52c78
        0x558434e52c78
        0x558434e52c78
        0x558434e52c78
        0x558434e52c78
        0x558434e52c78
        0x558434e52c78
        0x558434e52c78
        0x558434e52c78
        0x558434e52c78
        0x558434e52c78
        0x558434e52c78
        0x558434e52c78
        0x558434e52c78
        0x558434e52c78
        0x558434e52c78
        0x558434e52c78
        0x558434e52c78
        0x558434e52c78
        0x558434e52c78
        0x558434e52c78
        0x558434e52c78
        0x558434e52c78
        0x558434e52c78
        0x558434e52c78
        0x558434e52c78
        0x558434e52c78
        0x558434e52c78
        0x558434e52c78
        0x558434e52c78
        0x558434e52c78
        0x558434e52c78
        0x558434e52c78
        0x558434e52c78
        0x558434e52c78
        0x558434e52c78
        0x558434e52c78
        0x558434e52c78
        0x558434e52c78
        0x558434e52c78
        0x558434e52c78
        0x558434e52c78
        0x558434e52c78
        0x558434e52c78
        0x558434e52c78
        0x558434e52c78
        0x558434e52c78
        0x558434e52c78
        0x558434e52c78
        0x558434e52c78
        0x558434e52c78
        0x558434e52c78
        0x558434e52c78
        0x558434e52c78
        0x558434e52c78
        0x558434e52c78
        0x558434e52c78
        0x558434e52c78
        0x558434e52c78
        0x558434e52c78
        0x558434e52c78
        0x558434e52c78
        0x558434e52c78
        0x558434e52c78
        0x558434e52c78
        0x558434e52c78
        0x558434e52c78
        0x558434e52c78
        0x558434e52c78
        0x558434e52c78
        0x558434e52c78
        0x558434e52c78
        0x558434e52c78
        0x558434e52c78
        0x558434e52c78
        0x558434e52c78
        0x558434e52c78
        0x558434e52c78
        0x558434e52c78
        0x558434e52c78
        0x558434e52c78
        0x558434e52c78
        0x558434e52c78
        0x558434e52c78
        0x558434e52c78
        0x558434e52c78
        0x558434e52c78
        0x558434e52c78
        0x558434e52c78
        0x558434e52c78
        0x558434e52c78
        0x558434e52c78
        0x558434e52c78
        0x558434e52c78
        0x558434e52c78
        0x558434e52c78
        0x558434e52c78
        0x558434e52c78
        0x558434e52c78
        0x558434e52c78
        0x558434e52c78
        0x558434e52c78
]: 1
@preempt_stack[
        0x40caef06
        0x40eac640
        0x40ea95d9
        0x40ca69ba
        0x40407e56
        0x40403d24
        0x7f949c846428
        0x7f949c9e578f
        0x558431b82490
]: 1
@preempt_stack[
        0x40aaa517
]: 1
@preempt_stack[
        0x7f953d90594c
        0xc010c010c040c0b
]: 1
@preempt_stack[
        0x7f949c9dcfa3
        0x110000
        0x558434d4d620
        0x558434d4d620
        0x558434d4d620
        0x558434d4d620
        0x558434d4d620
        0x558434d4d620
        0x558434d4d620
        0x558434d4d620
        0x558434d4d620
        0x558434d4d620
        0x558434d4d620
        0x558434d4d620
        0x558434d4d620
        0x558434d4d620
        0x558434d4d620
        0x558434d4d620
        0x558434d4d620
        0x558434d4d620
        0x558434d4d620
        0x558434d4d620
        0x558434d4d620
        0x558434d4d620
        0x558434d4d620
        0x558434d4d620
        0x558434d4d620
        0x558434d4d620
        0x558434d4d620
        0x558434d4d620
        0x558434d4d620
        0x558434d4d620
        0x558434d4d620
        0x558434d4d620
        0x558434d4d620
        0x558434d4d620
        0x558434d4d620
        0x558434d4d620
        0x558434d4d620
        0x558434d4d620
        0x558434d4d620
        0x558434d4d620
        0x558434d4d620
        0x558434d4d620
        0x558434d4d620
        0x558434d4d620
        0x558434d4d620
        0x558434d4d620
        0x558434d4d620
        0x558434d4d620
        0x558434d4d620
        0x558434d4d620
        0x558434d4d620
        0x558434d4d620
        0x558434d4d620
        0x558434d4d620
        0x558434d4d620
        0x558434d4d620
        0x558434d4d620
        0x558434d4d620
        0x558434d4d620
        0x558434d4d620
        0x558434d4d620
        0x558434d4d620
        0x558434d4d620
        0x558434d4d620
        0x558434d4d620
        0x558434d4d620
        0x558434d4d620
        0x558434d4d620
        0x558434d4d620
        0x558434d4d620
        0x558434d4d620
        0x558434d4d620
        0x558434d4d620
        0x558434d4d620
        0x558434d4d620
        0x558434d4d620
        0x558434d4d620
        0x558434d4d620
        0x558434d4d620
        0x558434d4d620
        0x558434d4d620
        0x558434d4d620
        0x558434d4d620
        0x558434d4d620
        0x558434d4d620
        0x558434d4d620
        0x558434d4d620
        0x558434d4d620
        0x558434d4d620
        0x558434d4d620
        0x558434d4d620
        0x558434d4d620
        0x558434d4d620
        0x558434d4d620
        0x558434d4d620
        0x558434d4d620
        0x558434d4d620
        0x558434d4d620
        0x558434d4d620
        0x558434d4d620
        0x558434d4d620
        0x558434d4d620
        0x558434d4d620
        0x558434d4d620
        0x558434d4d620
        0x558434d4d620
        0x558434d4d620
        0x558434d4d620
        0x558434d4d620
        0x558434d4d620
        0x558434d4d620
        0x558434d4d620
        0x558434d4d620
        0x558434d4d620
        0x558434d4d620
        0x558434d4d620
        0x558434d4d620
        0x558434d4d620
        0x558434d4d620
        0x558434d4d620
        0x558434d4d620
        0x558434d4d620
        0x558434d4d620
        0x558434d4d620
        0x558434d4d620
]: 1
@preempt_stack[
        0x40d066e6
        0
        0x2000000000000001
        0x558432740e50
        0x558432740e50
        0x558432740e50
        0x558432740e50
        0x558432740e50
        0x558432740e50
        0x558432740e50
        0x558432740e50
        0x558432740e50
        0x558432740e50
        0x558432740e50
        0x558432740e50
        0x558432740e50
        0x558432740e50
        0x558432740e50
        0x558432740e50
        0x558432740e50
        0x558432740e50
        0x558432740e50
        0x558432740e50
        0x558432740e50
        0x558432740e50
        0x558432740e50
        0x558432740e50
        0x558432740e50
        0x558432740e50
        0x558432740e50
        0x558432740e50
        0x558432740e50
        0x558432740e50
        0x558432740e50
        0x558432740e50
        0x558432740e50
        0x558432740e50
        0x558432740e50
        0x558432740e50
        0x558432740e50
        0x558432740e50
        0x558432740e50
        0x558432740e50
        0x558432740e50
        0x558432740e50
        0x558432740e50
        0x558432740e50
        0x558432740e50
        0x558432740e50
        0x558432740e50
        0x558432740e50
        0x558432740e50
        0x558432740e50
        0x558432740e50
        0x558432740e50
        0x558432740e50
        0x558432740e50
        0x558432740e50
        0x558432740e50
        0x558432740e50
        0x558432740e50
        0x558432740e50
        0x558432740e50
        0x558432740e50
        0x558432740e50
        0x558432740e50
        0x558432740e50
        0x558432740e50
        0x558432740e50
        0x558432740e50
        0x558432740e50
        0x558432740e50
        0x558432740e50
        0x558432740e50
        0x558432740e50
        0x558432740e50
        0x558432740e50
        0x558432740e50
        0x558432740e50
        0x558432740e50
        0x558432740e50
        0x558432740e50
        0x558432740e50
        0x558432740e50
        0x558432740e50
        0x558432740e50
        0x558432740e50
        0x558432740e50
        0x558432740e50
        0x558432740e50
        0x558432740e50
        0x558432740e50
        0x558432740e50
        0x558432740e50
        0x558432740e50
        0x558432740e50
        0x558432740e50
        0x558432740e50
        0x558432740e50
        0x558432740e50
        0x558432740e50
        0x558432740e50
        0x558432740e50
        0x558432740e50
        0x558432740e50
        0x558432740e50
        0x558432740e50
        0x558432740e50
        0x558432740e50
        0x558432740e50
        0x558432740e50
        0x558432740e50
        0x558432740e50
        0x558432740e50
        0x558432740e50
        0x558432740e50
        0x558432740e50
        0x558432740e50
        0x558432740e50
        0x558432740e50
        0x558432740e50
        0x558432740e50
        0x558432740e50
        0x558432740e50
        0x558432740e50
        0x558432740e50
        0x558432740e50
]: 1
@preempt_stack[
        0x7f953dd3e917
]: 1
@preempt_stack[
        0x7f953cbb8f22
        0x7ffcbefc3a52
        0x2e302e302e343d65
]: 1
@preempt_stack[
        pthread_cond_wait+169
        0x1509
]: 1
@preempt_stack[
        0x7f953d907678
        0x7f950073ac40
]: 1
@preempt_stack[
        0x7f953e4a690c
]: 1
@preempt_stack[
        0x401b5e7b
        0x4046dfb8
        0x40785934
        0x401c67a6
        0x7f949c846428
        0x7f949c9e578f
        0x558431b82490
]: 1
@preempt_stack[
        0x7f953e6b23a0
]: 1
@preempt_stack[
        0x40caefa2
        0x40ce0114
]: 1
@preempt_stack[
        0x40cad924
        0x40ce0114
]: 1
@preempt_stack[
        0x7f949c9cb76a
        0x130000
        0
        0
        0x558434841110
]: 1
@preempt_stack[
        0x40cd5f1c
        0
        0
        0x5584326a9a10
        0x5584326a9a10
        0x5584326a9a10
        0x5584326a9a10
        0x5584326a9a10
        0x5584326a9a10
        0x5584326a9a10
        0x5584326a9a10
        0x5584326a9a10
        0x5584326a9a10
        0x5584326a9a10
        0x5584326a9a10
        0x5584326a9a10
        0x5584326a9a10
        0x5584326a9a10
        0x5584326a9a10
        0x5584326a9a10
        0x5584326a9a10
        0x5584326a9a10
        0x5584326a9a10
        0x5584326a9a10
        0x5584326a9a10
        0x5584326a9a10
        0x5584326a9a10
        0x5584326a9a10
        0x5584326a9a10
        0x5584326a9a10
        0x5584326a9a10
        0x5584326a9a10
        0x5584326a9a10
        0x5584326a9a10
        0x5584326a9a10
        0x5584326a9a10
        0x5584326a9a10
        0x5584326a9a10
        0x5584326a9a10
        0x5584326a9a10
        0x5584326a9a10
        0x5584326a9a10
        0x5584326a9a10
        0x5584326a9a10
        0x5584326a9a10
        0x5584326a9a10
        0x5584326a9a10
        0x5584326a9a10
        0x5584326a9a10
        0x5584326a9a10
        0x5584326a9a10
        0x5584326a9a10
        0x5584326a9a10
        0x5584326a9a10
        0x5584326a9a10
        0x5584326a9a10
        0x5584326a9a10
        0x5584326a9a10
        0x5584326a9a10
        0x5584326a9a10
        0x5584326a9a10
        0x5584326a9a10
        0x5584326a9a10
        0x5584326a9a10
        0x5584326a9a10
        0x5584326a9a10
        0x5584326a9a10
        0x5584326a9a10
        0x5584326a9a10
        0x5584326a9a10
        0x5584326a9a10
        0x5584326a9a10
        0x5584326a9a10
        0x5584326a9a10
        0x5584326a9a10
        0x5584326a9a10
        0x5584326a9a10
        0x5584326a9a10
        0x5584326a9a10
        0x5584326a9a10
        0x5584326a9a10
        0x5584326a9a10
        0x5584326a9a10
        0x5584326a9a10
        0x5584326a9a10
        0x5584326a9a10
        0x5584326a9a10
        0x5584326a9a10
        0x5584326a9a10
        0x5584326a9a10
        0x5584326a9a10
        0x5584326a9a10
        0x5584326a9a10
        0x5584326a9a10
        0x5584326a9a10
        0x5584326a9a10
        0x5584326a9a10
        0x5584326a9a10
        0x5584326a9a10
        0x5584326a9a10
        0x5584326a9a10
        0x5584326a9a10
        0x5584326a9a10
        0x5584326a9a10
        0x5584326a9a10
        0x5584326a9a10
        0x5584326a9a10
        0x5584326a9a10
        0x5584326a9a10
        0x5584326a9a10
        0x5584326a9a10
        0x5584326a9a10
        0x5584326a9a10
        0x5584326a9a10
        0x5584326a9a10
        0x5584326a9a10
        0x5584326a9a10
        0x5584326a9a10
        0x5584326a9a10
        0x5584326a9a10
        0x5584326a9a10
        0x5584326a9a10
        0x5584326a9a10
        0x5584326a9a10
        0x5584326a9a10
        0x5584326a9a10
        0x5584326a9a10
]: 1
@preempt_stack[
        0x7f953dd4e86b
        0x7f953dd1d540
        0x2636058d48fc8949
]: 1
@preempt_stack[
        0x40797d01
        0x40797bc8
        0x7f93fc0948d3
        0x40b16838
        0x7f949c846428
        0x7f949c9e578f
        0x558431b82490
]: 1
@preempt_stack[
        0x7f953d73ec31
        0x7f949c846428
        0x7f949c9e578f
        0x558431b82490
]: 1
@preempt_stack[
        0x7f949c9cb76a
        0x130000
        0
        0
        0x7f940c053aa0
]: 1
@preempt_stack[
        0x7f953dd51864
]: 1
@preempt_stack[
        0x40d5e31f
        0x40d59754
        0x40d56ef8
        0x40d56d80
        0x40d53864
        0
        0
        0x558432736408
        0x558432736408
        0x558432736408
        0x558432736408
        0x558432736408
        0x558432736408
        0x558432736408
        0x558432736408
        0x558432736408
        0x558432736408
        0x558432736408
        0x558432736408
        0x558432736408
        0x558432736408
        0x558432736408
        0x558432736408
        0x558432736408
        0x558432736408
        0x558432736408
        0x558432736408
        0x558432736408
        0x558432736408
        0x558432736408
        0x558432736408
        0x558432736408
        0x558432736408
        0x558432736408
        0x558432736408
        0x558432736408
        0x558432736408
        0x558432736408
        0x558432736408
        0x558432736408
        0x558432736408
        0x558432736408
        0x558432736408
        0x558432736408
        0x558432736408
        0x558432736408
        0x558432736408
        0x558432736408
        0x558432736408
        0x558432736408
        0x558432736408
        0x558432736408
        0x558432736408
        0x558432736408
        0x558432736408
        0x558432736408
        0x558432736408
        0x558432736408
        0x558432736408
        0x558432736408
        0x558432736408
        0x558432736408
        0x558432736408
        0x558432736408
        0x558432736408
        0x558432736408
        0x558432736408
        0x558432736408
        0x558432736408
        0x558432736408
        0x558432736408
        0x558432736408
        0x558432736408
        0x558432736408
        0x558432736408
        0x558432736408
        0x558432736408
        0x558432736408
        0x558432736408
        0x558432736408
        0x558432736408
        0x558432736408
        0x558432736408
        0x558432736408
        0x558432736408
        0x558432736408
        0x558432736408
        0x558432736408
        0x558432736408
        0x558432736408
        0x558432736408
        0x558432736408
        0x558432736408
        0x558432736408
        0x558432736408
        0x558432736408
        0x558432736408
        0x558432736408
        0x558432736408
        0x558432736408
        0x558432736408
        0x558432736408
        0x558432736408
        0x558432736408
        0x558432736408
        0x558432736408
        0x558432736408
        0x558432736408
        0x558432736408
        0x558432736408
        0x558432736408
        0x558432736408
        0x558432736408
        0x558432736408
        0x558432736408
        0x558432736408
        0x558432736408
        0x558432736408
        0x558432736408
        0x558432736408
        0x558432736408
        0x558432736408
        0x558432736408
        0x558432736408
        0x558432736408
        0x558432736408
        0x558432736408
]: 1
@preempt_stack[
        0x401b23b5
        0x4046dfb8
        0x40785934
        0x401c67a6
        0x7f949c846428
        0x7f949c9e578f
        0x558431b82490
]: 1
@preempt_stack[
        0x7f953d85b157
        0x7f949c846428
        0x7f949c9e578f
        0x558431b82490
]: 1
@preempt_stack[
        __pthread_getspecific+4
]: 1
@preempt_stack[
        0x402f2266
        0x40c0d864
        0x4077cadf
        0x7f949c846428
        0x7f949c9e578f
        0x558431b82490
]: 1
@preempt_stack[
        0x40caeee4
        0x40eac640
        0x40ea95d9
        0x40ca69ba
        0x40407e56
        0x40403d24
        0x7f949c846428
        0x7f949c9e578f
        0x558431b82490
]: 1
@preempt_stack[
        0x40196638
        0
        0
        0x558432736408
        0x558432736408
        0x558432736408
        0x558432736408
        0x558432736408
        0x558432736408
        0x558432736408
        0x558432736408
        0x558432736408
        0x558432736408
        0x558432736408
        0x558432736408
        0x558432736408
        0x558432736408
        0x558432736408
        0x558432736408
        0x558432736408
        0x558432736408
        0x558432736408
        0x558432736408
        0x558432736408
        0x558432736408
        0x558432736408
        0x558432736408
        0x558432736408
        0x558432736408
        0x558432736408
        0x558432736408
        0x558432736408
        0x558432736408
        0x558432736408
        0x558432736408
        0x558432736408
        0x558432736408
        0x558432736408
        0x558432736408
        0x558432736408
        0x558432736408
        0x558432736408
        0x558432736408
        0x558432736408
        0x558432736408
        0x558432736408
        0x558432736408
        0x558432736408
        0x558432736408
        0x558432736408
        0x558432736408
        0x558432736408
        0x558432736408
        0x558432736408
        0x558432736408
        0x558432736408
        0x558432736408
        0x558432736408
        0x558432736408
        0x558432736408
        0x558432736408
        0x558432736408
        0x558432736408
        0x558432736408
        0x558432736408
        0x558432736408
        0x558432736408
        0x558432736408
        0x558432736408
        0x558432736408
        0x558432736408
        0x558432736408
        0x558432736408
        0x558432736408
        0x558432736408
        0x558432736408
        0x558432736408
        0x558432736408
        0x558432736408
        0x558432736408
        0x558432736408
        0x558432736408
        0x558432736408
        0x558432736408
        0x558432736408
        0x558432736408
        0x558432736408
        0x558432736408
        0x558432736408
        0x558432736408
        0x558432736408
        0x558432736408
        0x558432736408
        0x558432736408
        0x558432736408
        0x558432736408
        0x558432736408
        0x558432736408
        0x558432736408
        0x558432736408
        0x558432736408
        0x558432736408
        0x558432736408
        0x558432736408
        0x558432736408
        0x558432736408
        0x558432736408
        0x558432736408
        0x558432736408
        0x558432736408
        0x558432736408
        0x558432736408
        0x558432736408
        0x558432736408
        0x558432736408
        0x558432736408
        0x558432736408
        0x558432736408
        0x558432736408
        0x558432736408
        0x558432736408
        0x558432736408
        0x558432736408
        0x558432736408
        0x558432736408
        0x558432736408
        0x558432736408
]: 1
@preempt_stack[
        0x40d5b9df
        0x40d56ef8
        0x40d56d80
        0x40d53864
        0
        0
        0x558432736408
        0x558432736408
        0x558432736408
        0x558432736408
        0x558432736408
        0x558432736408
        0x558432736408
        0x558432736408
        0x558432736408
        0x558432736408
        0x558432736408
        0x558432736408
        0x558432736408
        0x558432736408
        0x558432736408
        0x558432736408
        0x558432736408
        0x558432736408
        0x558432736408
        0x558432736408
        0x558432736408
        0x558432736408
        0x558432736408
        0x558432736408
        0x558432736408
        0x558432736408
        0x558432736408
        0x558432736408
        0x558432736408
        0x558432736408
        0x558432736408
        0x558432736408
        0x558432736408
        0x558432736408
        0x558432736408
        0x558432736408
        0x558432736408
        0x558432736408
        0x558432736408
        0x558432736408
        0x558432736408
        0x558432736408
        0x558432736408
        0x558432736408
        0x558432736408
        0x558432736408
        0x558432736408
        0x558432736408
        0x558432736408
        0x558432736408
        0x558432736408
        0x558432736408
        0x558432736408
        0x558432736408
        0x558432736408
        0x558432736408
        0x558432736408
        0x558432736408
        0x558432736408
        0x558432736408
        0x558432736408
        0x558432736408
        0x558432736408
        0x558432736408
        0x558432736408
        0x558432736408
        0x558432736408
        0x558432736408
        0x558432736408
        0x558432736408
        0x558432736408
        0x558432736408
        0x558432736408
        0x558432736408
        0x558432736408
        0x558432736408
        0x558432736408
        0x558432736408
        0x558432736408
        0x558432736408
        0x558432736408
        0x558432736408
        0x558432736408
        0x558432736408
        0x558432736408
        0x558432736408
        0x558432736408
        0x558432736408
        0x558432736408
        0x558432736408
        0x558432736408
        0x558432736408
        0x558432736408
        0x558432736408
        0x558432736408
        0x558432736408
        0x558432736408
        0x558432736408
        0x558432736408
        0x558432736408
        0x558432736408
        0x558432736408
        0x558432736408
        0x558432736408
        0x558432736408
        0x558432736408
        0x558432736408
        0x558432736408
        0x558432736408
        0x558432736408
        0x558432736408
        0x558432736408
        0x558432736408
        0x558432736408
        0x558432736408
        0x558432736408
        0x558432736408
        0x558432736408
        0x558432736408
        0x558432736408
        0x558432736408
]: 1
@preempt_stack[
        0x40d066d5
        0
        0x2000000000000001
        0x558432740e50
        0x558432740e50
        0x558432740e50
        0x558432740e50
        0x558432740e50
        0x558432740e50
        0x558432740e50
        0x558432740e50
        0x558432740e50
        0x558432740e50
        0x558432740e50
        0x558432740e50
        0x558432740e50
        0x558432740e50
        0x558432740e50
        0x558432740e50
        0x558432740e50
        0x558432740e50
        0x558432740e50
        0x558432740e50
        0x558432740e50
        0x558432740e50
        0x558432740e50
        0x558432740e50
        0x558432740e50
        0x558432740e50
        0x558432740e50
        0x558432740e50
        0x558432740e50
        0x558432740e50
        0x558432740e50
        0x558432740e50
        0x558432740e50
        0x558432740e50
        0x558432740e50
        0x558432740e50
        0x558432740e50
        0x558432740e50
        0x558432740e50
        0x558432740e50
        0x558432740e50
        0x558432740e50
        0x558432740e50
        0x558432740e50
        0x558432740e50
        0x558432740e50
        0x558432740e50
        0x558432740e50
        0x558432740e50
        0x558432740e50
        0x558432740e50
        0x558432740e50
        0x558432740e50
        0x558432740e50
        0x558432740e50
        0x558432740e50
        0x558432740e50
        0x558432740e50
        0x558432740e50
        0x558432740e50
        0x558432740e50
        0x558432740e50
        0x558432740e50
        0x558432740e50
        0x558432740e50
        0x558432740e50
        0x558432740e50
        0x558432740e50
        0x558432740e50
        0x558432740e50
        0x558432740e50
        0x558432740e50
        0x558432740e50
        0x558432740e50
        0x558432740e50
        0x558432740e50
        0x558432740e50
        0x558432740e50
        0x558432740e50
        0x558432740e50
        0x558432740e50
        0x558432740e50
        0x558432740e50
        0x558432740e50
        0x558432740e50
        0x558432740e50
        0x558432740e50
        0x558432740e50
        0x558432740e50
        0x558432740e50
        0x558432740e50
        0x558432740e50
        0x558432740e50
        0x558432740e50
        0x558432740e50
        0x558432740e50
        0x558432740e50
        0x558432740e50
        0x558432740e50
        0x558432740e50
        0x558432740e50
        0x558432740e50
        0x558432740e50
        0x558432740e50
        0x558432740e50
        0x558432740e50
        0x558432740e50
        0x558432740e50
        0x558432740e50
        0x558432740e50
        0x558432740e50
        0x558432740e50
        0x558432740e50
        0x558432740e50
        0x558432740e50
        0x558432740e50
        0x558432740e50
        0x558432740e50
        0x558432740e50
        0x558432740e50
        0x558432740e50
        0x558432740e50
        0x558432740e50
        0x558432740e50
]: 1
@preempt_stack[
        0x7f949c9cb8ed
]: 1
@preempt_stack[
        pthread_mutex_trylock+926
        0x120000
        0x558435387270
        0x558435387270
        0x558435387270
        0x558435387270
        0x558435387270
        0x558435387270
        0x558435387270
        0x558435387270
        0x558435387270
        0x558435387270
        0x558435387270
        0x558435387270
        0x558435387270
        0x558435387270
        0x558435387270
        0x558435387270
        0x558435387270
        0x558435387270
        0x558435387270
        0x558435387270
        0x558435387270
        0x558435387270
        0x558435387270
        0x558435387270
        0x558435387270
        0x558435387270
        0x558435387270
        0x558435387270
        0x558435387270
        0x558435387270
        0x558435387270
        0x558435387270
        0x558435387270
        0x558435387270
        0x558435387270
        0x558435387270
        0x558435387270
        0x558435387270
        0x558435387270
        0x558435387270
        0x558435387270
        0x558435387270
        0x558435387270
        0x558435387270
        0x558435387270
        0x558435387270
        0x558435387270
        0x558435387270
        0x558435387270
        0x558435387270
        0x558435387270
        0x558435387270
        0x558435387270
        0x558435387270
        0x558435387270
        0x558435387270
        0x558435387270
        0x558435387270
        0x558435387270
        0x558435387270
        0x558435387270
        0x558435387270
        0x558435387270
        0x558435387270
        0x558435387270
        0x558435387270
        0x558435387270
        0x558435387270
        0x558435387270
        0x558435387270
        0x558435387270
        0x558435387270
        0x558435387270
        0x558435387270
        0x558435387270
        0x558435387270
        0x558435387270
        0x558435387270
        0x558435387270
        0x558435387270
        0x558435387270
        0x558435387270
        0x558435387270
        0x558435387270
        0x558435387270
        0x558435387270
        0x558435387270
        0x558435387270
        0x558435387270
        0x558435387270
        0x558435387270
        0x558435387270
        0x558435387270
        0x558435387270
        0x558435387270
        0x558435387270
        0x558435387270
        0x558435387270
        0x558435387270
        0x558435387270
        0x558435387270
        0x558435387270
        0x558435387270
        0x558435387270
        0x558435387270
        0x558435387270
        0x558435387270
        0x558435387270
        0x558435387270
        0x558435387270
        0x558435387270
        0x558435387270
        0x558435387270
        0x558435387270
        0x558435387270
        0x558435387270
        0x558435387270
        0x558435387270
        0x558435387270
        0x558435387270
        0x558435387270
        0x558435387270
        0x558435387270
        0x558435387270
        0x558435387270
]: 1
@preempt_stack[
        0x40caf11d
        0
        0x2000000000000001
        0x558432740e50
        0x558432740e50
        0x558432740e50
        0x558432740e50
        0x558432740e50
        0x558432740e50
        0x558432740e50
        0x558432740e50
        0x558432740e50
        0x558432740e50
        0x558432740e50
        0x558432740e50
        0x558432740e50
        0x558432740e50
        0x558432740e50
        0x558432740e50
        0x558432740e50
        0x558432740e50
        0x558432740e50
        0x558432740e50
        0x558432740e50
        0x558432740e50
        0x558432740e50
        0x558432740e50
        0x558432740e50
        0x558432740e50
        0x558432740e50
        0x558432740e50
        0x558432740e50
        0x558432740e50
        0x558432740e50
        0x558432740e50
        0x558432740e50
        0x558432740e50
        0x558432740e50
        0x558432740e50
        0x558432740e50
        0x558432740e50
        0x558432740e50
        0x558432740e50
        0x558432740e50
        0x558432740e50
        0x558432740e50
        0x558432740e50
        0x558432740e50
        0x558432740e50
        0x558432740e50
        0x558432740e50
        0x558432740e50
        0x558432740e50
        0x558432740e50
        0x558432740e50
        0x558432740e50
        0x558432740e50
        0x558432740e50
        0x558432740e50
        0x558432740e50
        0x558432740e50
        0x558432740e50
        0x558432740e50
        0x558432740e50
        0x558432740e50
        0x558432740e50
        0x558432740e50
        0x558432740e50
        0x558432740e50
        0x558432740e50
        0x558432740e50
        0x558432740e50
        0x558432740e50
        0x558432740e50
        0x558432740e50
        0x558432740e50
        0x558432740e50
        0x558432740e50
        0x558432740e50
        0x558432740e50
        0x558432740e50
        0x558432740e50
        0x558432740e50
        0x558432740e50
        0x558432740e50
        0x558432740e50
        0x558432740e50
        0x558432740e50
        0x558432740e50
        0x558432740e50
        0x558432740e50
        0x558432740e50
        0x558432740e50
        0x558432740e50
        0x558432740e50
        0x558432740e50
        0x558432740e50
        0x558432740e50
        0x558432740e50
        0x558432740e50
        0x558432740e50
        0x558432740e50
        0x558432740e50
        0x558432740e50
        0x558432740e50
        0x558432740e50
        0x558432740e50
        0x558432740e50
        0x558432740e50
        0x558432740e50
        0x558432740e50
        0x558432740e50
        0x558432740e50
        0x558432740e50
        0x558432740e50
        0x558432740e50
        0x558432740e50
        0x558432740e50
        0x558432740e50
        0x558432740e50
        0x558432740e50
        0x558432740e50
        0x558432740e50
        0x558432740e50
        0x558432740e50
        0x558432740e50
        0x558432740e50
]: 1
@preempt_stack[
        0x7f949c9cb606
        0x1
        0
        0x558434a13fe0
]: 1
@preempt_stack[
        0x7f949ca4d76a
]: 1
@preempt_stack[
        0x7f953da7a025
        0x17d0002b000031ee
        0x7f953da7eda0
        0x8148078948010983
]: 1
@preempt_stack[
        0x7f949c9cb8eb
]: 1
@preempt_stack[
        0x40cadfee
        0x40cb68a8
        0x40cb4138
        0x40cb2a88
        0x40cafea4
        0x40cafc3c
        0x40407e56
        0x40403d24
        0x7f949c846428
        0x7f949c9e578f
        0x558431b82490
]: 1
@preempt_stack[
        0x40ca49d4
        0x7f94788ccf8b
        0x7f93fc07dd4b
        0x7f93fc093433
        0x7f94788cb95b
        0x7f93fc07fabb
        0x401c67a6
        0x7f949c846428
        0x7f949c9e578f
        0x558431b82490
]: 1
@preempt_stack[
        0x7f953d9071e4
]: 1
@preempt_stack[
        0x7f953d90594c
        0x7c607c407c2
]: 1
@preempt_stack[
        0x7f949c9cb8e9
]: 1
@preempt_stack[
        0x40dc3051
        0x40de26c8
        0x40b4cd24
        0x40b4c87c
        0x40b4c753
        0x7f93fc093a6b
        0x7f94788cb95b
        0x7f93fc07fabb
        0x401c67a6
        0x7f949c846428
        0x7f949c9e578f
        0x558431b82490
]: 1
@preempt_stack[
        0x40441c5f
]: 1
@preempt_stack[
        0x7f953db0811a
]: 1
@preempt_stack[
        0x40caf08f
        0x40cabc4c
        0x40cab139
        0x40ca6ac7
        0x40407e56
        0x40403d24
        0x7f949c846428
        0x7f949c9e578f
        0x558431b82490
]: 1
@preempt_stack[
        __pthread_mutex_unlock+0
]: 1
@preempt_stack[
        0x7f949c9e44f9
        0x120000
        0x558432b26968
        0x558432b26968
        0x558432b26968
        0x558432b26968
        0x558432b26968
        0x558432b26968
        0x558432b26968
        0x558432b26968
        0x558432b26968
        0x558432b26968
        0x558432b26968
        0x558432b26968
        0x558432b26968
        0x558432b26968
        0x558432b26968
        0x558432b26968
        0x558432b26968
        0x558432b26968
        0x558432b26968
        0x558432b26968
        0x558432b26968
        0x558432b26968
        0x558432b26968
        0x558432b26968
        0x558432b26968
        0x558432b26968
        0x558432b26968
        0x558432b26968
        0x558432b26968
        0x558432b26968
        0x558432b26968
        0x558432b26968
        0x558432b26968
        0x558432b26968
        0x558432b26968
        0x558432b26968
        0x558432b26968
        0x558432b26968
        0x558432b26968
        0x558432b26968
        0x558432b26968
        0x558432b26968
        0x558432b26968
        0x558432b26968
        0x558432b26968
        0x558432b26968
        0x558432b26968
        0x558432b26968
        0x558432b26968
        0x558432b26968
        0x558432b26968
        0x558432b26968
        0x558432b26968
        0x558432b26968
        0x558432b26968
        0x558432b26968
        0x558432b26968
        0x558432b26968
        0x558432b26968
        0x558432b26968
        0x558432b26968
        0x558432b26968
        0x558432b26968
        0x558432b26968
        0x558432b26968
        0x558432b26968
        0x558432b26968
        0x558432b26968
        0x558432b26968
        0x558432b26968
        0x558432b26968
        0x558432b26968
        0x558432b26968
        0x558432b26968
        0x558432b26968
        0x558432b26968
        0x558432b26968
        0x558432b26968
        0x558432b26968
        0x558432b26968
        0x558432b26968
        0x558432b26968
        0x558432b26968
        0x558432b26968
        0x558432b26968
        0x558432b26968
        0x558432b26968
        0x558432b26968
        0x558432b26968
        0x558432b26968
        0x558432b26968
        0x558432b26968
        0x558432b26968
        0x558432b26968
        0x558432b26968
        0x558432b26968
        0x558432b26968
        0x558432b26968
        0x558432b26968
        0x558432b26968
        0x558432b26968
        0x558432b26968
        0x558432b26968
        0x558432b26968
        0x558432b26968
        0x558432b26968
        0x558432b26968
        0x558432b26968
        0x558432b26968
        0x558432b26968
        0x558432b26968
        0x558432b26968
        0x558432b26968
        0x558432b26968
        0x558432b26968
        0x558432b26968
        0x558432b26968
        0x558432b26968
        0x558432b26968
        0x558432b26968
        0x558432b26968
        0x558432b26968
        0x558432b26968
        0x558432b26968
        0x558432b26968
]: 1
@preempt_stack[
        0x40cd1290
]: 1
@preempt_stack[
        0x40cb6b35
        0x40cb4138
        0x40cb2a88
        0x40cafea4
        0x40cafc3c
        0x40407e56
        0x40403d24
        0x7f949c846428
        0x7f949c9e578f
        0x558431b82490
]: 1
@preempt_stack[
        0x7f949ca0f68f
        0x110000
        0x55843530c138
        0x55843530c138
        0x55843530c138
        0x55843530c138
        0x55843530c138
        0x55843530c138
        0x55843530c138
        0x55843530c138
        0x55843530c138
        0x55843530c138
        0x55843530c138
        0x55843530c138
        0x55843530c138
        0x55843530c138
        0x55843530c138
        0x55843530c138
        0x55843530c138
        0x55843530c138
        0x55843530c138
        0x55843530c138
        0x55843530c138
        0x55843530c138
        0x55843530c138
        0x55843530c138
        0x55843530c138
        0x55843530c138
        0x55843530c138
        0x55843530c138
        0x55843530c138
        0x55843530c138
        0x55843530c138
        0x55843530c138
        0x55843530c138
        0x55843530c138
        0x55843530c138
        0x55843530c138
        0x55843530c138
        0x55843530c138
        0x55843530c138
        0x55843530c138
        0x55843530c138
        0x55843530c138
        0x55843530c138
        0x55843530c138
        0x55843530c138
        0x55843530c138
        0x55843530c138
        0x55843530c138
        0x55843530c138
        0x55843530c138
        0x55843530c138
        0x55843530c138
        0x55843530c138
        0x55843530c138
        0x55843530c138
        0x55843530c138
        0x55843530c138
        0x55843530c138
        0x55843530c138
        0x55843530c138
        0x55843530c138
        0x55843530c138
        0x55843530c138
        0x55843530c138
        0x55843530c138
        0x55843530c138
        0x55843530c138
        0x55843530c138
        0x55843530c138
        0x55843530c138
        0x55843530c138
        0x55843530c138
        0x55843530c138
        0x55843530c138
        0x55843530c138
        0x55843530c138
        0x55843530c138
        0x55843530c138
        0x55843530c138
        0x55843530c138
        0x55843530c138
        0x55843530c138
        0x55843530c138
        0x55843530c138
        0x55843530c138
        0x55843530c138
        0x55843530c138
        0x55843530c138
        0x55843530c138
        0x55843530c138
        0x55843530c138
        0x55843530c138
        0x55843530c138
        0x55843530c138
        0x55843530c138
        0x55843530c138
        0x55843530c138
        0x55843530c138
        0x55843530c138
        0x55843530c138
        0x55843530c138
        0x55843530c138
        0x55843530c138
        0x55843530c138
        0x55843530c138
        0x55843530c138
        0x55843530c138
        0x55843530c138
        0x55843530c138
        0x55843530c138
        0x55843530c138
        0x55843530c138
        0x55843530c138
        0x55843530c138
        0x55843530c138
        0x55843530c138
        0x55843530c138
        0x55843530c138
        0x55843530c138
        0x55843530c138
        0x55843530c138
        0x55843530c138
        0x55843530c138
        0x55843530c138
        0x55843530c138
]: 1
@preempt_stack[
        0x7f953dd1fe6f
        0x3f80000000010000
        0x7f9501caceb0
        0x58
]: 1
@preempt_stack[
        __pthread_mutex_unlock+7
]: 1
@preempt_stack[
        0x7f953d905cd5
        0
]: 1
@preempt_stack[
        0x40cac1c5
        0x40cabc4c
        0x40cab139
        0x40ca6ac7
        0x40407e56
        0x40403d24
        0x7f949c846428
        0x7f949c9e578f
        0x558431b82490
]: 1
@preempt_stack[
        0x40cac565
        0
        0x2000000000000001
        0x558432740e50
        0x558432740e50
        0x558432740e50
        0x558432740e50
        0x558432740e50
        0x558432740e50
        0x558432740e50
        0x558432740e50
        0x558432740e50
        0x558432740e50
        0x558432740e50
        0x558432740e50
        0x558432740e50
        0x558432740e50
        0x558432740e50
        0x558432740e50
        0x558432740e50
        0x558432740e50
        0x558432740e50
        0x558432740e50
        0x558432740e50
        0x558432740e50
        0x558432740e50
        0x558432740e50
        0x558432740e50
        0x558432740e50
        0x558432740e50
        0x558432740e50
        0x558432740e50
        0x558432740e50
        0x558432740e50
        0x558432740e50
        0x558432740e50
        0x558432740e50
        0x558432740e50
        0x558432740e50
        0x558432740e50
        0x558432740e50
        0x558432740e50
        0x558432740e50
        0x558432740e50
        0x558432740e50
        0x558432740e50
        0x558432740e50
        0x558432740e50
        0x558432740e50
        0x558432740e50
        0x558432740e50
        0x558432740e50
        0x558432740e50
        0x558432740e50
        0x558432740e50
        0x558432740e50
        0x558432740e50
        0x558432740e50
        0x558432740e50
        0x558432740e50
        0x558432740e50
        0x558432740e50
        0x558432740e50
        0x558432740e50
        0x558432740e50
        0x558432740e50
        0x558432740e50
        0x558432740e50
        0x558432740e50
        0x558432740e50
        0x558432740e50
        0x558432740e50
        0x558432740e50
        0x558432740e50
        0x558432740e50
        0x558432740e50
        0x558432740e50
        0x558432740e50
        0x558432740e50
        0x558432740e50
        0x558432740e50
        0x558432740e50
        0x558432740e50
        0x558432740e50
        0x558432740e50
        0x558432740e50
        0x558432740e50
        0x558432740e50
        0x558432740e50
        0x558432740e50
        0x558432740e50
        0x558432740e50
        0x558432740e50
        0x558432740e50
        0x558432740e50
        0x558432740e50
        0x558432740e50
        0x558432740e50
        0x558432740e50
        0x558432740e50
        0x558432740e50
        0x558432740e50
        0x558432740e50
        0x558432740e50
        0x558432740e50
        0x558432740e50
        0x558432740e50
        0x558432740e50
        0x558432740e50
        0x558432740e50
        0x558432740e50
        0x558432740e50
        0x558432740e50
        0x558432740e50
        0x558432740e50
        0x558432740e50
        0x558432740e50
        0x558432740e50
        0x558432740e50
        0x558432740e50
        0x558432740e50
        0x558432740e50
        0x558432740e50
        0x558432740e50
        0x558432740e50
        0x558432740e50
        0x558432740e50
]: 1
@preempt_stack[
        mono_metadata_type_hash+106
        0x120000
        0x558432ea1a70
        0x558432ea1a70
        0x558432ea1a70
        0x558432ea1a70
        0x558432ea1a70
        0x558432ea1a70
        0x558432ea1a70
        0x558432ea1a70
        0x558432ea1a70
        0x558432ea1a70
        0x558432ea1a70
        0x558432ea1a70
        0x558432ea1a70
        0x558432ea1a70
        0x558432ea1a70
        0x558432ea1a70
        0x558432ea1a70
        0x558432ea1a70
        0x558432ea1a70
        0x558432ea1a70
        0x558432ea1a70
        0x558432ea1a70
        0x558432ea1a70
        0x558432ea1a70
        0x558432ea1a70
        0x558432ea1a70
        0x558432ea1a70
        0x558432ea1a70
        0x558432ea1a70
        0x558432ea1a70
        0x558432ea1a70
        0x558432ea1a70
        0x558432ea1a70
        0x558432ea1a70
        0x558432ea1a70
        0x558432ea1a70
        0x558432ea1a70
        0x558432ea1a70
        0x558432ea1a70
        0x558432ea1a70
        0x558432ea1a70
        0x558432ea1a70
        0x558432ea1a70
        0x558432ea1a70
        0x558432ea1a70
        0x558432ea1a70
        0x558432ea1a70
        0x558432ea1a70
        0x558432ea1a70
        0x558432ea1a70
        0x558432ea1a70
        0x558432ea1a70
        0x558432ea1a70
        0x558432ea1a70
        0x558432ea1a70
        0x558432ea1a70
        0x558432ea1a70
        0x558432ea1a70
        0x558432ea1a70
        0x558432ea1a70
        0x558432ea1a70
        0x558432ea1a70
        0x558432ea1a70
        0x558432ea1a70
        0x558432ea1a70
        0x558432ea1a70
        0x558432ea1a70
        0x558432ea1a70
        0x558432ea1a70
        0x558432ea1a70
        0x558432ea1a70
        0x558432ea1a70
        0x558432ea1a70
        0x558432ea1a70
        0x558432ea1a70
        0x558432ea1a70
        0x558432ea1a70
        0x558432ea1a70
        0x558432ea1a70
        0x558432ea1a70
        0x558432ea1a70
        0x558432ea1a70
        0x558432ea1a70
        0x558432ea1a70
        0x558432ea1a70
        0x558432ea1a70
        0x558432ea1a70
        0x558432ea1a70
        0x558432ea1a70
        0x558432ea1a70
        0x558432ea1a70
        0x558432ea1a70
        0x558432ea1a70
        0x558432ea1a70
        0x558432ea1a70
        0x558432ea1a70
        0x558432ea1a70
        0x558432ea1a70
        0x558432ea1a70
        0x558432ea1a70
        0x558432ea1a70
        0x558432ea1a70
        0x558432ea1a70
        0x558432ea1a70
        0x558432ea1a70
        0x558432ea1a70
        0x558432ea1a70
        0x558432ea1a70
        0x558432ea1a70
        0x558432ea1a70
        0x558432ea1a70
        0x558432ea1a70
        0x558432ea1a70
        0x558432ea1a70
        0x558432ea1a70
        0x558432ea1a70
        0x558432ea1a70
        0x558432ea1a70
        0x558432ea1a70
        0x558432ea1a70
        0x558432ea1a70
        0x558432ea1a70
        0x558432ea1a70
        0x558432ea1a70
        0x558432ea1a70
]: 1
@preempt_stack[
        0x40d050b1
        0x40d04f78
        0x40d0350d
        0x40a8b124
        0x40407e56
        0x40403d24
        0x7f949c846428
        0x7f949c9e578f
        0x558431b82490
]: 1
@preempt_stack[
        0x40af82ba
]: 1
@preempt_stack[
        0x40caf1cc
]: 1
@preempt_stack[
        0x7f953eea2bcb
        __clock_gettime+29
        0x78000880402c0000
]: 1
@preempt_stack[
        0x40c0cf8c
        0x40c0d864
        0x4077cadf
        0x7f949c846428
        0x7f949c9e578f
        0x558431b82490
]: 1
@preempt_stack[
        0x7f953d9077dd
        0
]: 1
@preempt_stack[
        0x7f949c9ce4d8
        0x558434835db0
        0x558434835db0
        0x558434835db0
        0x558434835db0
        0x558434835db0
        0x558434835db0
        0x558434835db0
        0x558434835db0
        0x558434835db0
        0x558434835db0
        0x558434835db0
        0x558434835db0
        0x558434835db0
        0x558434835db0
        0x558434835db0
        0x558434835db0
        0x558434835db0
        0x558434835db0
        0x558434835db0
        0x558434835db0
        0x558434835db0
        0x558434835db0
        0x558434835db0
        0x558434835db0
        0x558434835db0
        0x558434835db0
        0x558434835db0
        0x558434835db0
        0x558434835db0
        0x558434835db0
        0x558434835db0
        0x558434835db0
        0x558434835db0
        0x558434835db0
        0x558434835db0
        0x558434835db0
        0x558434835db0
        0x558434835db0
        0x558434835db0
        0x558434835db0
        0x558434835db0
        0x558434835db0
        0x558434835db0
        0x558434835db0
        0x558434835db0
        0x558434835db0
        0x558434835db0
        0x558434835db0
        0x558434835db0
        0x558434835db0
        0x558434835db0
        0x558434835db0
        0x558434835db0
        0x558434835db0
        0x558434835db0
        0x558434835db0
        0x558434835db0
        0x558434835db0
        0x558434835db0
        0x558434835db0
        0x558434835db0
        0x558434835db0
        0x558434835db0
        0x558434835db0
        0x558434835db0
        0x558434835db0
        0x558434835db0
        0x558434835db0
        0x558434835db0
        0x558434835db0
        0x558434835db0
        0x558434835db0
        0x558434835db0
        0x558434835db0
        0x558434835db0
        0x558434835db0
        0x558434835db0
        0x558434835db0
        0x558434835db0
        0x558434835db0
        0x558434835db0
        0x558434835db0
        0x558434835db0
        0x558434835db0
        0x558434835db0
        0x558434835db0
        0x558434835db0
        0x558434835db0
        0x558434835db0
        0x558434835db0
        0x558434835db0
        0x558434835db0
        0x558434835db0
        0x558434835db0
        0x558434835db0
        0x558434835db0
        0x558434835db0
        0x558434835db0
        0x558434835db0
        0x558434835db0
        0x558434835db0
        0x558434835db0
        0x558434835db0
        0x558434835db0
        0x558434835db0
        0x558434835db0
        0x558434835db0
        0x558434835db0
        0x558434835db0
        0x558434835db0
        0x558434835db0
        0x558434835db0
        0x558434835db0
        0x558434835db0
        0x558434835db0
        0x558434835db0
        0x558434835db0
        0x558434835db0
        0x558434835db0
        0x558434835db0
        0x558434835db0
        0x558434835db0
        0x558434835db0
        0x558434835db0
        0x558434835db0
        0x558434835db0
]: 1
@preempt_stack[
        0x7f953dd123ae
        0x481674003a80f689
]: 1
@preempt_stack[
        0x40cad8bd
        0x40cabc4c
        0x40cab139
        0x40ca6ac7
        0x40407e56
        0x40403d24
        0x7f949c846428
        0x7f949c9e578f
        0x558431b82490
]: 1
@preempt_stack[
        0x401940d9
]: 1
@preempt_stack[
        0x7f953cab61f2
        0x217
]: 1
@preempt_stack[
        0x7f953dd1a4d1
        0x7f9500000003
        0
]: 1
@preempt_stack[
        0x7f949c9dcfc3
]: 1
@preempt_stack[
        0x40231a1b
        0x40c0d864
        0x4077cadf
        0x7f949c846428
        0x7f949c9e578f
        0x558431b82490
]: 1
@preempt_stack[
        0x7f949c9dcfa3
        0x120000
        0x55843538a5b8
        0x55843538a5b8
        0x55843538a5b8
        0x55843538a5b8
        0x55843538a5b8
        0x55843538a5b8
        0x55843538a5b8
        0x55843538a5b8
        0x55843538a5b8
        0x55843538a5b8
        0x55843538a5b8
        0x55843538a5b8
        0x55843538a5b8
        0x55843538a5b8
        0x55843538a5b8
        0x55843538a5b8
        0x55843538a5b8
        0x55843538a5b8
        0x55843538a5b8
        0x55843538a5b8
        0x55843538a5b8
        0x55843538a5b8
        0x55843538a5b8
        0x55843538a5b8
        0x55843538a5b8
        0x55843538a5b8
        0x55843538a5b8
        0x55843538a5b8
        0x55843538a5b8
        0x55843538a5b8
        0x55843538a5b8
        0x55843538a5b8
        0x55843538a5b8
        0x55843538a5b8
        0x55843538a5b8
        0x55843538a5b8
        0x55843538a5b8
        0x55843538a5b8
        0x55843538a5b8
        0x55843538a5b8
        0x55843538a5b8
        0x55843538a5b8
        0x55843538a5b8
        0x55843538a5b8
        0x55843538a5b8
        0x55843538a5b8
        0x55843538a5b8
        0x55843538a5b8
        0x55843538a5b8
        0x55843538a5b8
        0x55843538a5b8
        0x55843538a5b8
        0x55843538a5b8
        0x55843538a5b8
        0x55843538a5b8
        0x55843538a5b8
        0x55843538a5b8
        0x55843538a5b8
        0x55843538a5b8
        0x55843538a5b8
        0x55843538a5b8
        0x55843538a5b8
        0x55843538a5b8
        0x55843538a5b8
        0x55843538a5b8
        0x55843538a5b8
        0x55843538a5b8
        0x55843538a5b8
        0x55843538a5b8
        0x55843538a5b8
        0x55843538a5b8
        0x55843538a5b8
        0x55843538a5b8
        0x55843538a5b8
        0x55843538a5b8
        0x55843538a5b8
        0x55843538a5b8
        0x55843538a5b8
        0x55843538a5b8
        0x55843538a5b8
        0x55843538a5b8
        0x55843538a5b8
        0x55843538a5b8
        0x55843538a5b8
        0x55843538a5b8
        0x55843538a5b8
        0x55843538a5b8
        0x55843538a5b8
        0x55843538a5b8
        0x55843538a5b8
        0x55843538a5b8
        0x55843538a5b8
        0x55843538a5b8
        0x55843538a5b8
        0x55843538a5b8
        0x55843538a5b8
        0x55843538a5b8
        0x55843538a5b8
        0x55843538a5b8
        0x55843538a5b8
        0x55843538a5b8
        0x55843538a5b8
        0x55843538a5b8
        0x55843538a5b8
        0x55843538a5b8
        0x55843538a5b8
        0x55843538a5b8
        0x55843538a5b8
        0x55843538a5b8
        0x55843538a5b8
        0x55843538a5b8
        0x55843538a5b8
        0x55843538a5b8
        0x55843538a5b8
        0x55843538a5b8
        0x55843538a5b8
        0x55843538a5b8
        0x55843538a5b8
        0x55843538a5b8
        0x55843538a5b8
        0x55843538a5b8
        0x55843538a5b8
        0x55843538a5b8
        0x55843538a5b8
        0x55843538a5b8
]: 1
@preempt_stack[
        0x7f949ca0f60f
]: 1
@preempt_stack[
        0x7f949c9acbd0
        0
]: 1
@preempt_stack[
        0x40cac3c4
]: 1
@preempt_stack[
        0x7f953dd4b244
        0x3f8000003f800000
]: 1
@preempt_stack[
        0x7f953dcd7bfa
        0x88108840882
]: 1
@preempt_stack[
        0x7f949ca0f693
        0x130000
        0
        0
        0x558434ab5010
]: 1
@preempt_stack[
        0x7f953d8ee995
]: 1
@preempt_stack[
        0x7f953e5a5962
]: 1
@preempt_stack[
        0x7f953e4a69b0
]: 1
@preempt_stack[
        0x7f953e572002
]: 1
@preempt_stack[
        0x7f9333157156
]: 1
@preempt_stack[
        mono_g_hash_table_lookup+14
        0x120000
        0x558433517d70
        0x558433517d70
        0x558433517d70
        0x558433517d70
        0x558433517d70
        0x558433517d70
        0x558433517d70
        0x558433517d70
        0x558433517d70
        0x558433517d70
        0x558433517d70
        0x558433517d70
        0x558433517d70
        0x558433517d70
        0x558433517d70
        0x558433517d70
        0x558433517d70
        0x558433517d70
        0x558433517d70
        0x558433517d70
        0x558433517d70
        0x558433517d70
        0x558433517d70
        0x558433517d70
        0x558433517d70
        0x558433517d70
        0x558433517d70
        0x558433517d70
        0x558433517d70
        0x558433517d70
        0x558433517d70
        0x558433517d70
        0x558433517d70
        0x558433517d70
        0x558433517d70
        0x558433517d70
        0x558433517d70
        0x558433517d70
        0x558433517d70
        0x558433517d70
        0x558433517d70
        0x558433517d70
        0x558433517d70
        0x558433517d70
        0x558433517d70
        0x558433517d70
        0x558433517d70
        0x558433517d70
        0x558433517d70
        0x558433517d70
        0x558433517d70
        0x558433517d70
        0x558433517d70
        0x558433517d70
        0x558433517d70
        0x558433517d70
        0x558433517d70
        0x558433517d70
        0x558433517d70
        0x558433517d70
        0x558433517d70
        0x558433517d70
        0x558433517d70
        0x558433517d70
        0x558433517d70
        0x558433517d70
        0x558433517d70
        0x558433517d70
        0x558433517d70
        0x558433517d70
        0x558433517d70
        0x558433517d70
        0x558433517d70
        0x558433517d70
        0x558433517d70
        0x558433517d70
        0x558433517d70
        0x558433517d70
        0x558433517d70
        0x558433517d70
        0x558433517d70
        0x558433517d70
        0x558433517d70
        0x558433517d70
        0x558433517d70
        0x558433517d70
        0x558433517d70
        0x558433517d70
        0x558433517d70
        0x558433517d70
        0x558433517d70
        0x558433517d70
        0x558433517d70
        0x558433517d70
        0x558433517d70
        0x558433517d70
        0x558433517d70
        0x558433517d70
        0x558433517d70
        0x558433517d70
        0x558433517d70
        0x558433517d70
        0x558433517d70
        0x558433517d70
        0x558433517d70
        0x558433517d70
        0x558433517d70
        0x558433517d70
        0x558433517d70
        0x558433517d70
        0x558433517d70
        0x558433517d70
        0x558433517d70
        0x558433517d70
        0x558433517d70
        0x558433517d70
        0x558433517d70
        0x558433517d70
        0x558433517d70
        0x558433517d70
        0x558433517d70
        0x558433517d70
        0x558433517d70
        0x558433517d70
        0x558433517d70
]: 1
@preempt_stack[
        0x7f949c9ce4d8
        0x558431b42e78
        0x558431b42e78
        0x558431b42e78
        0x558431b42e78
        0x558431b42e78
        0x558431b42e78
        0x558431b42e78
        0x558431b42e78
        0x558431b42e78
        0x558431b42e78
        0x558431b42e78
        0x558431b42e78
        0x558431b42e78
        0x558431b42e78
        0x558431b42e78
        0x558431b42e78
        0x558431b42e78
        0x558431b42e78
        0x558431b42e78
        0x558431b42e78
        0x558431b42e78
        0x558431b42e78
        0x558431b42e78
        0x558431b42e78
        0x558431b42e78
        0x558431b42e78
        0x558431b42e78
        0x558431b42e78
        0x558431b42e78
        0x558431b42e78
        0x558431b42e78
        0x558431b42e78
        0x558431b42e78
        0x558431b42e78
        0x558431b42e78
        0x558431b42e78
        0x558431b42e78
        0x558431b42e78
        0x558431b42e78
        0x558431b42e78
        0x558431b42e78
        0x558431b42e78
        0x558431b42e78
        0x558431b42e78
        0x558431b42e78
        0x558431b42e78
        0x558431b42e78
        0x558431b42e78
        0x558431b42e78
        0x558431b42e78
        0x558431b42e78
        0x558431b42e78
        0x558431b42e78
        0x558431b42e78
        0x558431b42e78
        0x558431b42e78
        0x558431b42e78
        0x558431b42e78
        0x558431b42e78
        0x558431b42e78
        0x558431b42e78
        0x558431b42e78
        0x558431b42e78
        0x558431b42e78
        0x558431b42e78
        0x558431b42e78
        0x558431b42e78
        0x558431b42e78
        0x558431b42e78
        0x558431b42e78
        0x558431b42e78
        0x558431b42e78
        0x558431b42e78
        0x558431b42e78
        0x558431b42e78
        0x558431b42e78
        0x558431b42e78
        0x558431b42e78
        0x558431b42e78
        0x558431b42e78
        0x558431b42e78
        0x558431b42e78
        0x558431b42e78
        0x558431b42e78
        0x558431b42e78
        0x558431b42e78
        0x558431b42e78
        0x558431b42e78
        0x558431b42e78
        0x558431b42e78
        0x558431b42e78
        0x558431b42e78
        0x558431b42e78
        0x558431b42e78
        0x558431b42e78
        0x558431b42e78
        0x558431b42e78
        0x558431b42e78
        0x558431b42e78
        0x558431b42e78
        0x558431b42e78
        0x558431b42e78
        0x558431b42e78
        0x558431b42e78
        0x558431b42e78
        0x558431b42e78
        0x558431b42e78
        0x558431b42e78
        0x558431b42e78
        0x558431b42e78
        0x558431b42e78
        0x558431b42e78
        0x558431b42e78
        0x558431b42e78
        0x558431b42e78
        0x558431b42e78
        0x558431b42e78
        0x558431b42e78
        0x558431b42e78
        0x558431b42e78
        0x558431b42e78
        0x558431b42e78
        0x558431b42e78
        0x558431b42e78
        0x558431b42e78
        0x558431b42e78
]: 1
@preempt_stack[
        0x7f949ca0d530
]: 1
@preempt_stack[
        0x7f953d905b7a
]: 2
@preempt_stack[
        0x401b6bba
        0x405cb0e8
        0x407b122c
        0x401c67a6
        0x7f949c846428
        0x7f949c9e578f
        0x558431b82490
]: 2
@preempt_stack[
        0x7f949ca3fa47
]: 2
@preempt_stack[
        0x40cad6ae
        0x40cabc4c
        0x40cab139
        0x40ca6ac7
        0x40407e56
        0x40403d24
        0x7f949c846428
        0x7f949c9e578f
        0x558431b82490
]: 2
@preempt_stack[
        0x40caef50
        0
        0x2000000000000001
        0x558432740e50
        0x558432740e50
        0x558432740e50
        0x558432740e50
        0x558432740e50
        0x558432740e50
        0x558432740e50
        0x558432740e50
        0x558432740e50
        0x558432740e50
        0x558432740e50
        0x558432740e50
        0x558432740e50
        0x558432740e50
        0x558432740e50
        0x558432740e50
        0x558432740e50
        0x558432740e50
        0x558432740e50
        0x558432740e50
        0x558432740e50
        0x558432740e50
        0x558432740e50
        0x558432740e50
        0x558432740e50
        0x558432740e50
        0x558432740e50
        0x558432740e50
        0x558432740e50
        0x558432740e50
        0x558432740e50
        0x558432740e50
        0x558432740e50
        0x558432740e50
        0x558432740e50
        0x558432740e50
        0x558432740e50
        0x558432740e50
        0x558432740e50
        0x558432740e50
        0x558432740e50
        0x558432740e50
        0x558432740e50
        0x558432740e50
        0x558432740e50
        0x558432740e50
        0x558432740e50
        0x558432740e50
        0x558432740e50
        0x558432740e50
        0x558432740e50
        0x558432740e50
        0x558432740e50
        0x558432740e50
        0x558432740e50
        0x558432740e50
        0x558432740e50
        0x558432740e50
        0x558432740e50
        0x558432740e50
        0x558432740e50
        0x558432740e50
        0x558432740e50
        0x558432740e50
        0x558432740e50
        0x558432740e50
        0x558432740e50
        0x558432740e50
        0x558432740e50
        0x558432740e50
        0x558432740e50
        0x558432740e50
        0x558432740e50
        0x558432740e50
        0x558432740e50
        0x558432740e50
        0x558432740e50
        0x558432740e50
        0x558432740e50
        0x558432740e50
        0x558432740e50
        0x558432740e50
        0x558432740e50
        0x558432740e50
        0x558432740e50
        0x558432740e50
        0x558432740e50
        0x558432740e50
        0x558432740e50
        0x558432740e50
        0x558432740e50
        0x558432740e50
        0x558432740e50
        0x558432740e50
        0x558432740e50
        0x558432740e50
        0x558432740e50
        0x558432740e50
        0x558432740e50
        0x558432740e50
        0x558432740e50
        0x558432740e50
        0x558432740e50
        0x558432740e50
        0x558432740e50
        0x558432740e50
        0x558432740e50
        0x558432740e50
        0x558432740e50
        0x558432740e50
        0x558432740e50
        0x558432740e50
        0x558432740e50
        0x558432740e50
        0x558432740e50
        0x558432740e50
        0x558432740e50
        0x558432740e50
        0x558432740e50
        0x558432740e50
        0x558432740e50
        0x558432740e50
        0x558432740e50
        0x558432740e50
]: 2
@preempt_stack[
        0x7f949c99d308
]: 2
@preempt_stack[
        0x7f949c9ace91
        0
]: 2
@preempt_stack[
        0x7f949c9cb8e4
]: 2
@preempt_stack[
        0x401a5746
        0x401a5590
        0x40212f04
        0x40a8a7df
        0x40407e56
        0x40403d24
        0x7f949c846428
        0x7f949c9e578f
        0x558431b82490
]: 2
@preempt_stack[
        0x40c0dbe3
        0x40c0d864
        0x4077cadf
        0x7f949c846428
        0x7f949c9e578f
        0x558431b82490
]: 2
@preempt_stack[
        0x7f949c9ac963
]: 2
@preempt_stack[
        0x40cac88a
        0x40cabc4c
        0x40cab139
        0x40ca6ac7
        0x40407e56
        0x40403d24
        0x7f949c846428
        0x7f949c9e578f
        0x558431b82490
]: 2
@preempt_stack[
        0x7f949ca3c40f
        0
        0x3000000000000001
        0x558432ba2c40
        0x558432ba2c40
        0x558432ba2c40
        0x558432ba2c40
        0x558432ba2c40
        0x558432ba2c40
        0x558432ba2c40
        0x558432ba2c40
        0x558432ba2c40
        0x558432ba2c40
        0x558432ba2c40
        0x558432ba2c40
        0x558432ba2c40
        0x558432ba2c40
        0x558432ba2c40
        0x558432ba2c40
        0x558432ba2c40
        0x558432ba2c40
        0x558432ba2c40
        0x558432ba2c40
        0x558432ba2c40
        0x558432ba2c40
        0x558432ba2c40
        0x558432ba2c40
        0x558432ba2c40
        0x558432ba2c40
        0x558432ba2c40
        0x558432ba2c40
        0x558432ba2c40
        0x558432ba2c40
        0x558432ba2c40
        0x558432ba2c40
        0x558432ba2c40
        0x558432ba2c40
        0x558432ba2c40
        0x558432ba2c40
        0x558432ba2c40
        0x558432ba2c40
        0x558432ba2c40
        0x558432ba2c40
        0x558432ba2c40
        0x558432ba2c40
        0x558432ba2c40
        0x558432ba2c40
        0x558432ba2c40
        0x558432ba2c40
        0x558432ba2c40
        0x558432ba2c40
        0x558432ba2c40
        0x558432ba2c40
        0x558432ba2c40
        0x558432ba2c40
        0x558432ba2c40
        0x558432ba2c40
        0x558432ba2c40
        0x558432ba2c40
        0x558432ba2c40
        0x558432ba2c40
        0x558432ba2c40
        0x558432ba2c40
        0x558432ba2c40
        0x558432ba2c40
        0x558432ba2c40
        0x558432ba2c40
        0x558432ba2c40
        0x558432ba2c40
        0x558432ba2c40
        0x558432ba2c40
        0x558432ba2c40
        0x558432ba2c40
        0x558432ba2c40
        0x558432ba2c40
        0x558432ba2c40
        0x558432ba2c40
        0x558432ba2c40
        0x558432ba2c40
        0x558432ba2c40
        0x558432ba2c40
        0x558432ba2c40
        0x558432ba2c40
        0x558432ba2c40
        0x558432ba2c40
        0x558432ba2c40
        0x558432ba2c40
        0x558432ba2c40
        0x558432ba2c40
        0x558432ba2c40
        0x558432ba2c40
        0x558432ba2c40
        0x558432ba2c40
        0x558432ba2c40
        0x558432ba2c40
        0x558432ba2c40
        0x558432ba2c40
        0x558432ba2c40
        0x558432ba2c40
        0x558432ba2c40
        0x558432ba2c40
        0x558432ba2c40
        0x558432ba2c40
        0x558432ba2c40
        0x558432ba2c40
        0x558432ba2c40
        0x558432ba2c40
        0x558432ba2c40
        0x558432ba2c40
        0x558432ba2c40
        0x558432ba2c40
        0x558432ba2c40
        0x558432ba2c40
        0x558432ba2c40
        0x558432ba2c40
        0x558432ba2c40
        0x558432ba2c40
        0x558432ba2c40
        0x558432ba2c40
        0x558432ba2c40
        0x558432ba2c40
        0x558432ba2c40
        0x558432ba2c40
        0x558432ba2c40
        0x558432ba2c40
        0x558432ba2c40
        0x558432ba2c40
]: 2
@preempt_stack[
        0x40caf0d7
        0x40cabc4c
        0x40cab139
        0x40ca6ac7
        0x40407e56
        0x40403d24
        0x7f949c846428
        0x7f949c9e578f
        0x558431b82490
]: 2
@preempt_stack[
        0x40441d0d
]: 2
@preempt_stack[
        0x40c0de02
        0x40c0d864
        0x4077cadf
        0x7f949c846428
        0x7f949c9e578f
        0x558431b82490
]: 2
@preempt_stack[
        0x7f953d905cfb
        0
]: 2
@preempt_stack[
        0x40441cdf
]: 2
@preempt_stack[
        0x40cabc83
        0x40cab139
        0x40ca6ac7
        0x40407e56
        0x40403d24
        0x7f949c846428
        0x7f949c9e578f
        0x558431b82490
]: 2
@preempt_stack[
        0x7f953caa95cd
]: 2
@preempt_stack[
        0x7f953d9077de
        0
]: 2
@preempt_stack[
        0x40d0681e
        0
        0x2000000000000001
        0x558432740e50
        0x558432740e50
        0x558432740e50
        0x558432740e50
        0x558432740e50
        0x558432740e50
        0x558432740e50
        0x558432740e50
        0x558432740e50
        0x558432740e50
        0x558432740e50
        0x558432740e50
        0x558432740e50
        0x558432740e50
        0x558432740e50
        0x558432740e50
        0x558432740e50
        0x558432740e50
        0x558432740e50
        0x558432740e50
        0x558432740e50
        0x558432740e50
        0x558432740e50
        0x558432740e50
        0x558432740e50
        0x558432740e50
        0x558432740e50
        0x558432740e50
        0x558432740e50
        0x558432740e50
        0x558432740e50
        0x558432740e50
        0x558432740e50
        0x558432740e50
        0x558432740e50
        0x558432740e50
        0x558432740e50
        0x558432740e50
        0x558432740e50
        0x558432740e50
        0x558432740e50
        0x558432740e50
        0x558432740e50
        0x558432740e50
        0x558432740e50
        0x558432740e50
        0x558432740e50
        0x558432740e50
        0x558432740e50
        0x558432740e50
        0x558432740e50
        0x558432740e50
        0x558432740e50
        0x558432740e50
        0x558432740e50
        0x558432740e50
        0x558432740e50
        0x558432740e50
        0x558432740e50
        0x558432740e50
        0x558432740e50
        0x558432740e50
        0x558432740e50
        0x558432740e50
        0x558432740e50
        0x558432740e50
        0x558432740e50
        0x558432740e50
        0x558432740e50
        0x558432740e50
        0x558432740e50
        0x558432740e50
        0x558432740e50
        0x558432740e50
        0x558432740e50
        0x558432740e50
        0x558432740e50
        0x558432740e50
        0x558432740e50
        0x558432740e50
        0x558432740e50
        0x558432740e50
        0x558432740e50
        0x558432740e50
        0x558432740e50
        0x558432740e50
        0x558432740e50
        0x558432740e50
        0x558432740e50
        0x558432740e50
        0x558432740e50
        0x558432740e50
        0x558432740e50
        0x558432740e50
        0x558432740e50
        0x558432740e50
        0x558432740e50
        0x558432740e50
        0x558432740e50
        0x558432740e50
        0x558432740e50
        0x558432740e50
        0x558432740e50
        0x558432740e50
        0x558432740e50
        0x558432740e50
        0x558432740e50
        0x558432740e50
        0x558432740e50
        0x558432740e50
        0x558432740e50
        0x558432740e50
        0x558432740e50
        0x558432740e50
        0x558432740e50
        0x558432740e50
        0x558432740e50
        0x558432740e50
        0x558432740e50
        0x558432740e50
        0x558432740e50
        0x558432740e50
        0x558432740e50
        0x558432740e50
]: 2
@preempt_stack[
        mono_thread_info_uninstall_interrupt+37
]: 2
@preempt_stack[
        0x7f953dd3d001
]: 2
@preempt_stack[
        0x7f949ca0c35d
]: 2
@preempt_stack[
        mono_metadata_type_equal+2
]: 2
@preempt_stack[
        0x40441c53
]: 2
@preempt_stack[
        0x7f953e6fdafe
]: 2
@preempt_stack[
        0x7f953dd3cfaf
]: 2
@preempt_stack[
        0x40cadc55
        0x40ce0114
]: 2
@preempt_stack[
        0x7f949c9ade41
]: 2
@preempt_stack[
        0x40caef03
        0
        0
        0x5584326a9a10
        0x5584326a9a10
        0x5584326a9a10
        0x5584326a9a10
        0x5584326a9a10
        0x5584326a9a10
        0x5584326a9a10
        0x5584326a9a10
        0x5584326a9a10
        0x5584326a9a10
        0x5584326a9a10
        0x5584326a9a10
        0x5584326a9a10
        0x5584326a9a10
        0x5584326a9a10
        0x5584326a9a10
        0x5584326a9a10
        0x5584326a9a10
        0x5584326a9a10
        0x5584326a9a10
        0x5584326a9a10
        0x5584326a9a10
        0x5584326a9a10
        0x5584326a9a10
        0x5584326a9a10
        0x5584326a9a10
        0x5584326a9a10
        0x5584326a9a10
        0x5584326a9a10
        0x5584326a9a10
        0x5584326a9a10
        0x5584326a9a10
        0x5584326a9a10
        0x5584326a9a10
        0x5584326a9a10
        0x5584326a9a10
        0x5584326a9a10
        0x5584326a9a10
        0x5584326a9a10
        0x5584326a9a10
        0x5584326a9a10
        0x5584326a9a10
        0x5584326a9a10
        0x5584326a9a10
        0x5584326a9a10
        0x5584326a9a10
        0x5584326a9a10
        0x5584326a9a10
        0x5584326a9a10
        0x5584326a9a10
        0x5584326a9a10
        0x5584326a9a10
        0x5584326a9a10
        0x5584326a9a10
        0x5584326a9a10
        0x5584326a9a10
        0x5584326a9a10
        0x5584326a9a10
        0x5584326a9a10
        0x5584326a9a10
        0x5584326a9a10
        0x5584326a9a10
        0x5584326a9a10
        0x5584326a9a10
        0x5584326a9a10
        0x5584326a9a10
        0x5584326a9a10
        0x5584326a9a10
        0x5584326a9a10
        0x5584326a9a10
        0x5584326a9a10
        0x5584326a9a10
        0x5584326a9a10
        0x5584326a9a10
        0x5584326a9a10
        0x5584326a9a10
        0x5584326a9a10
        0x5584326a9a10
        0x5584326a9a10
        0x5584326a9a10
        0x5584326a9a10
        0x5584326a9a10
        0x5584326a9a10
        0x5584326a9a10
        0x5584326a9a10
        0x5584326a9a10
        0x5584326a9a10
        0x5584326a9a10
        0x5584326a9a10
        0x5584326a9a10
        0x5584326a9a10
        0x5584326a9a10
        0x5584326a9a10
        0x5584326a9a10
        0x5584326a9a10
        0x5584326a9a10
        0x5584326a9a10
        0x5584326a9a10
        0x5584326a9a10
        0x5584326a9a10
        0x5584326a9a10
        0x5584326a9a10
        0x5584326a9a10
        0x5584326a9a10
        0x5584326a9a10
        0x5584326a9a10
        0x5584326a9a10
        0x5584326a9a10
        0x5584326a9a10
        0x5584326a9a10
        0x5584326a9a10
        0x5584326a9a10
        0x5584326a9a10
        0x5584326a9a10
        0x5584326a9a10
        0x5584326a9a10
        0x5584326a9a10
        0x5584326a9a10
        0x5584326a9a10
        0x5584326a9a10
        0x5584326a9a10
        0x5584326a9a10
        0x5584326a9a10
        0x5584326a9a10
]: 2
@preempt_stack[
        0x40c0d165
        0x40c0d864
        0x4077cadf
        0x7f949c846428
        0x7f949c9e578f
        0x558431b82490
]: 2
@preempt_stack[
        0x401a1917
        0x40cabc4c
        0x40cab139
        0x40ca6ac7
        0x40407e56
        0x40403d24
        0x7f949c846428
        0x7f949c9e578f
        0x558431b82490
]: 2
@preempt_stack[
        0x7f953cab61f2
        0x200000020
        0x7f9332980b20
]: 2
@preempt_stack[
        0x40441b91
]: 2
@preempt_stack[
        0x40cd5f2d
        0
        0
        0x5584326a9a10
        0x5584326a9a10
        0x5584326a9a10
        0x5584326a9a10
        0x5584326a9a10
        0x5584326a9a10
        0x5584326a9a10
        0x5584326a9a10
        0x5584326a9a10
        0x5584326a9a10
        0x5584326a9a10
        0x5584326a9a10
        0x5584326a9a10
        0x5584326a9a10
        0x5584326a9a10
        0x5584326a9a10
        0x5584326a9a10
        0x5584326a9a10
        0x5584326a9a10
        0x5584326a9a10
        0x5584326a9a10
        0x5584326a9a10
        0x5584326a9a10
        0x5584326a9a10
        0x5584326a9a10
        0x5584326a9a10
        0x5584326a9a10
        0x5584326a9a10
        0x5584326a9a10
        0x5584326a9a10
        0x5584326a9a10
        0x5584326a9a10
        0x5584326a9a10
        0x5584326a9a10
        0x5584326a9a10
        0x5584326a9a10
        0x5584326a9a10
        0x5584326a9a10
        0x5584326a9a10
        0x5584326a9a10
        0x5584326a9a10
        0x5584326a9a10
        0x5584326a9a10
        0x5584326a9a10
        0x5584326a9a10
        0x5584326a9a10
        0x5584326a9a10
        0x5584326a9a10
        0x5584326a9a10
        0x5584326a9a10
        0x5584326a9a10
        0x5584326a9a10
        0x5584326a9a10
        0x5584326a9a10
        0x5584326a9a10
        0x5584326a9a10
        0x5584326a9a10
        0x5584326a9a10
        0x5584326a9a10
        0x5584326a9a10
        0x5584326a9a10
        0x5584326a9a10
        0x5584326a9a10
        0x5584326a9a10
        0x5584326a9a10
        0x5584326a9a10
        0x5584326a9a10
        0x5584326a9a10
        0x5584326a9a10
        0x5584326a9a10
        0x5584326a9a10
        0x5584326a9a10
        0x5584326a9a10
        0x5584326a9a10
        0x5584326a9a10
        0x5584326a9a10
        0x5584326a9a10
        0x5584326a9a10
        0x5584326a9a10
        0x5584326a9a10
        0x5584326a9a10
        0x5584326a9a10
        0x5584326a9a10
        0x5584326a9a10
        0x5584326a9a10
        0x5584326a9a10
        0x5584326a9a10
        0x5584326a9a10
        0x5584326a9a10
        0x5584326a9a10
        0x5584326a9a10
        0x5584326a9a10
        0x5584326a9a10
        0x5584326a9a10
        0x5584326a9a10
        0x5584326a9a10
        0x5584326a9a10
        0x5584326a9a10
        0x5584326a9a10
        0x5584326a9a10
        0x5584326a9a10
        0x5584326a9a10
        0x5584326a9a10
        0x5584326a9a10
        0x5584326a9a10
        0x5584326a9a10
        0x5584326a9a10
        0x5584326a9a10
        0x5584326a9a10
        0x5584326a9a10
        0x5584326a9a10
        0x5584326a9a10
        0x5584326a9a10
        0x5584326a9a10
        0x5584326a9a10
        0x5584326a9a10
        0x5584326a9a10
        0x5584326a9a10
        0x5584326a9a10
        0x5584326a9a10
        0x5584326a9a10
        0x5584326a9a10
        0x5584326a9a10
        0x5584326a9a10
]: 2
@preempt_stack[
        0x7f953caa9847
        0x2c00088000007f93
]: 2
@preempt_stack[
        0x7f953e5a5426
]: 2
@preempt_stack[
        0x7f949c9cb61b
]: 2
@preempt_stack[
        0x7f949ca56dfc
        0x4046dfb8
        0x40785934
        0x401c67a6
        0x7f949c846428
        0x7f949c9e578f
        0x558431b82490
]: 2
@preempt_stack[
        0x7f949c9cb63c
]: 2
@preempt_stack[
        0x7f949ca4d762
]: 2
@preempt_stack[
        0x7f953d9075ef
        0
]: 2
@preempt_stack[
        0x40cad51c
        0x40cabc4c
        0x40cab139
        0x40ca6ac7
        0x40407e56
        0x40403d24
        0x7f949c846428
        0x7f949c9e578f
        0x558431b82490
]: 2
@preempt_stack[
        0x7f953dd517f5
]: 2
@preempt_stack[
        0x7f953d9075f4
        0
]: 2
@preempt_stack[
        mono_metadata_type_hash+80
        0x110000
        0x558431ff7dd0
        0x558431ff7dd0
        0x558431ff7dd0
        0x558431ff7dd0
        0x558431ff7dd0
        0x558431ff7dd0
        0x558431ff7dd0
        0x558431ff7dd0
        0x558431ff7dd0
        0x558431ff7dd0
        0x558431ff7dd0
        0x558431ff7dd0
        0x558431ff7dd0
        0x558431ff7dd0
        0x558431ff7dd0
        0x558431ff7dd0
        0x558431ff7dd0
        0x558431ff7dd0
        0x558431ff7dd0
        0x558431ff7dd0
        0x558431ff7dd0
        0x558431ff7dd0
        0x558431ff7dd0
        0x558431ff7dd0
        0x558431ff7dd0
        0x558431ff7dd0
        0x558431ff7dd0
        0x558431ff7dd0
        0x558431ff7dd0
        0x558431ff7dd0
        0x558431ff7dd0
        0x558431ff7dd0
        0x558431ff7dd0
        0x558431ff7dd0
        0x558431ff7dd0
        0x558431ff7dd0
        0x558431ff7dd0
        0x558431ff7dd0
        0x558431ff7dd0
        0x558431ff7dd0
        0x558431ff7dd0
        0x558431ff7dd0
        0x558431ff7dd0
        0x558431ff7dd0
        0x558431ff7dd0
        0x558431ff7dd0
        0x558431ff7dd0
        0x558431ff7dd0
        0x558431ff7dd0
        0x558431ff7dd0
        0x558431ff7dd0
        0x558431ff7dd0
        0x558431ff7dd0
        0x558431ff7dd0
        0x558431ff7dd0
        0x558431ff7dd0
        0x558431ff7dd0
        0x558431ff7dd0
        0x558431ff7dd0
        0x558431ff7dd0
        0x558431ff7dd0
        0x558431ff7dd0
        0x558431ff7dd0
        0x558431ff7dd0
        0x558431ff7dd0
        0x558431ff7dd0
        0x558431ff7dd0
        0x558431ff7dd0
        0x558431ff7dd0
        0x558431ff7dd0
        0x558431ff7dd0
        0x558431ff7dd0
        0x558431ff7dd0
        0x558431ff7dd0
        0x558431ff7dd0
        0x558431ff7dd0
        0x558431ff7dd0
        0x558431ff7dd0
        0x558431ff7dd0
        0x558431ff7dd0
        0x558431ff7dd0
        0x558431ff7dd0
        0x558431ff7dd0
        0x558431ff7dd0
        0x558431ff7dd0
        0x558431ff7dd0
        0x558431ff7dd0
        0x558431ff7dd0
        0x558431ff7dd0
        0x558431ff7dd0
        0x558431ff7dd0
        0x558431ff7dd0
        0x558431ff7dd0
        0x558431ff7dd0
        0x558431ff7dd0
        0x558431ff7dd0
        0x558431ff7dd0
        0x558431ff7dd0
        0x558431ff7dd0
        0x558431ff7dd0
        0x558431ff7dd0
        0x558431ff7dd0
        0x558431ff7dd0
        0x558431ff7dd0
        0x558431ff7dd0
        0x558431ff7dd0
        0x558431ff7dd0
        0x558431ff7dd0
        0x558431ff7dd0
        0x558431ff7dd0
        0x558431ff7dd0
        0x558431ff7dd0
        0x558431ff7dd0
        0x558431ff7dd0
        0x558431ff7dd0
        0x558431ff7dd0
        0x558431ff7dd0
        0x558431ff7dd0
        0x558431ff7dd0
        0x558431ff7dd0
        0x558431ff7dd0
        0x558431ff7dd0
        0x558431ff7dd0
        0x558431ff7dd0
        0x558431ff7dd0
]: 2
@preempt_stack[
        0x7f953d905c76
]: 2
@preempt_stack[
        0x7f953caa95d4
]: 2
@preempt_stack[
        0x7f953dd3fc3f
]: 2
@preempt_stack[
        0x7f949c9dcfc6
]: 2
@preempt_stack[
        0x7f953e6fda6f
]: 2
@preempt_stack[
        0x7f953caa95c8
]: 2
@preempt_stack[
        0x7f949ca3c423
        0x10000
        0
        0x558431b25c18
        0x558431b25c18
        0x558431b25c18
        0x558431b25c18
        0x558431b25c18
        0x558431b25c18
        0x558431b25c18
        0x558431b25c18
        0x558431b25c18
        0x558431b25c18
        0x558431b25c18
        0x558431b25c18
        0x558431b25c18
        0x558431b25c18
        0x558431b25c18
        0x558431b25c18
        0x558431b25c18
        0x558431b25c18
        0x558431b25c18
        0x558431b25c18
        0x558431b25c18
        0x558431b25c18
        0x558431b25c18
        0x558431b25c18
        0x558431b25c18
        0x558431b25c18
        0x558431b25c18
        0x558431b25c18
        0x558431b25c18
        0x558431b25c18
        0x558431b25c18
        0x558431b25c18
        0x558431b25c18
        0x558431b25c18
        0x558431b25c18
        0x558431b25c18
        0x558431b25c18
        0x558431b25c18
        0x558431b25c18
        0x558431b25c18
        0x558431b25c18
        0x558431b25c18
        0x558431b25c18
        0x558431b25c18
        0x558431b25c18
        0x558431b25c18
        0x558431b25c18
        0x558431b25c18
        0x558431b25c18
        0x558431b25c18
        0x558431b25c18
        0x558431b25c18
        0x558431b25c18
        0x558431b25c18
        0x558431b25c18
        0x558431b25c18
        0x558431b25c18
        0x558431b25c18
        0x558431b25c18
        0x558431b25c18
        0x558431b25c18
        0x558431b25c18
        0x558431b25c18
        0x558431b25c18
        0x558431b25c18
        0x558431b25c18
        0x558431b25c18
        0x558431b25c18
        0x558431b25c18
        0x558431b25c18
        0x558431b25c18
        0x558431b25c18
        0x558431b25c18
        0x558431b25c18
        0x558431b25c18
        0x558431b25c18
        0x558431b25c18
        0x558431b25c18
        0x558431b25c18
        0x558431b25c18
        0x558431b25c18
        0x558431b25c18
        0x558431b25c18
        0x558431b25c18
        0x558431b25c18
        0x558431b25c18
        0x558431b25c18
        0x558431b25c18
        0x558431b25c18
        0x558431b25c18
        0x558431b25c18
        0x558431b25c18
        0x558431b25c18
        0x558431b25c18
        0x558431b25c18
        0x558431b25c18
        0x558431b25c18
        0x558431b25c18
        0x558431b25c18
        0x558431b25c18
        0x558431b25c18
        0x558431b25c18
        0x558431b25c18
        0x558431b25c18
        0x558431b25c18
        0x558431b25c18
        0x558431b25c18
        0x558431b25c18
        0x558431b25c18
        0x558431b25c18
        0x558431b25c18
        0x558431b25c18
        0x558431b25c18
        0x558431b25c18
        0x558431b25c18
        0x558431b25c18
        0x558431b25c18
        0x558431b25c18
        0x558431b25c18
        0x558431b25c18
        0x558431b25c18
        0x558431b25c18
        0x558431b25c18
        0x558431b25c18
]: 2
@preempt_stack[
        0x7f953d905cf6
        0
]: 2
@preempt_stack[
        0x40d5bad2
]: 2
@preempt_stack[
        0x4023194a
        0x40c0d864
        0x4077cadf
        0x7f949c846428
        0x7f949c9e578f
        0x558431b82490
]: 2
@preempt_stack[
        0x7f953dcd7ad1
        0xf010f040f01
]: 2
@preempt_stack[
        0x7f953dd1be59
]: 2
@preempt_stack[
        0x40441d27
]: 2
@preempt_stack[
        0x401b5f18
        0x4046dfb8
        0x40785934
        0x401c67a6
        0x7f949c846428
        0x7f949c9e578f
        0x558431b82490
]: 2
@preempt_stack[
        0x7f949c9cb61d
]: 2
@preempt_stack[
        0x40c0dbf8
        0x40c0d864
        0x4077cadf
        0x7f949c846428
        0x7f949c9e578f
        0x558431b82490
]: 2
@preempt_stack[
        0x7f953d9075e1
        0
]: 2
@preempt_stack[
        0x7f953d907341
]: 2
@preempt_stack[
        0x7f953e5b6680
]: 2
@preempt_stack[
        0x7f949c9cb631
]: 2
@preempt_stack[
        0x7f953e5af94c
]: 2
@preempt_stack[
        0x40441b79
]: 3
@preempt_stack[
        0x401b5d33
        0x4046dfb8
        0x40785934
        0x401c67a6
        0x7f949c846428
        0x7f949c9e578f
        0x558431b82490
]: 3
@preempt_stack[
        0x7f953dcbe710
]: 3
@preempt_stack[
        0x7f949ca4d77d
]: 3
@preempt_stack[
        mono_metadata_type_hash+80
        0x110000
        0x558431b42e78
        0x558431b42e78
        0x558431b42e78
        0x558431b42e78
        0x558431b42e78
        0x558431b42e78
        0x558431b42e78
        0x558431b42e78
        0x558431b42e78
        0x558431b42e78
        0x558431b42e78
        0x558431b42e78
        0x558431b42e78
        0x558431b42e78
        0x558431b42e78
        0x558431b42e78
        0x558431b42e78
        0x558431b42e78
        0x558431b42e78
        0x558431b42e78
        0x558431b42e78
        0x558431b42e78
        0x558431b42e78
        0x558431b42e78
        0x558431b42e78
        0x558431b42e78
        0x558431b42e78
        0x558431b42e78
        0x558431b42e78
        0x558431b42e78
        0x558431b42e78
        0x558431b42e78
        0x558431b42e78
        0x558431b42e78
        0x558431b42e78
        0x558431b42e78
        0x558431b42e78
        0x558431b42e78
        0x558431b42e78
        0x558431b42e78
        0x558431b42e78
        0x558431b42e78
        0x558431b42e78
        0x558431b42e78
        0x558431b42e78
        0x558431b42e78
        0x558431b42e78
        0x558431b42e78
        0x558431b42e78
        0x558431b42e78
        0x558431b42e78
        0x558431b42e78
        0x558431b42e78
        0x558431b42e78
        0x558431b42e78
        0x558431b42e78
        0x558431b42e78
        0x558431b42e78
        0x558431b42e78
        0x558431b42e78
        0x558431b42e78
        0x558431b42e78
        0x558431b42e78
        0x558431b42e78
        0x558431b42e78
        0x558431b42e78
        0x558431b42e78
        0x558431b42e78
        0x558431b42e78
        0x558431b42e78
        0x558431b42e78
        0x558431b42e78
        0x558431b42e78
        0x558431b42e78
        0x558431b42e78
        0x558431b42e78
        0x558431b42e78
        0x558431b42e78
        0x558431b42e78
        0x558431b42e78
        0x558431b42e78
        0x558431b42e78
        0x558431b42e78
        0x558431b42e78
        0x558431b42e78
        0x558431b42e78
        0x558431b42e78
        0x558431b42e78
        0x558431b42e78
        0x558431b42e78
        0x558431b42e78
        0x558431b42e78
        0x558431b42e78
        0x558431b42e78
        0x558431b42e78
        0x558431b42e78
        0x558431b42e78
        0x558431b42e78
        0x558431b42e78
        0x558431b42e78
        0x558431b42e78
        0x558431b42e78
        0x558431b42e78
        0x558431b42e78
        0x558431b42e78
        0x558431b42e78
        0x558431b42e78
        0x558431b42e78
        0x558431b42e78
        0x558431b42e78
        0x558431b42e78
        0x558431b42e78
        0x558431b42e78
        0x558431b42e78
        0x558431b42e78
        0x558431b42e78
        0x558431b42e78
        0x558431b42e78
        0x558431b42e78
        0x558431b42e78
        0x558431b42e78
        0x558431b42e78
        0x558431b42e78
        0x558431b42e78
        0x558431b42e78
]: 3
@preempt_stack[
        0x7f953d905cc9
        0
]: 3
@preempt_stack[
        0x40ce0167
]: 3
@preempt_stack[
        __pthread_mutex_lock+315
]: 3
@preempt_stack[
        0x40cac8c0
        0x40cabc4c
        0x40cab139
        0x40ca6ac7
        0x40407e56
        0x40403d24
        0x7f949c846428
        0x7f949c9e578f
        0x558431b82490
]: 3
@preempt_stack[
        0x7f953db08129
]: 3
@preempt_stack[
        0x7f949c9cb8e5
]: 3
@preempt_stack[
        0x40c0cf69
        0x40c0d864
        0x4077cadf
        0x7f949c846428
        0x7f949c9e578f
        0x558431b82490
]: 3
@preempt_stack[
        0x7f949c99de95
]: 3
@preempt_stack[
        0x7f953d9077d2
        0
]: 3
@preempt_stack[
        0x7f953db0813a
]: 3
@preempt_stack[
        __pthread_mutex_unlock+68
        0
        0x1c00000000000001
        0x558431b48de8
        0x558431b48de8
        0x558431b48de8
        0x558431b48de8
        0x558431b48de8
        0x558431b48de8
        0x558431b48de8
        0x558431b48de8
        0x558431b48de8
        0x558431b48de8
        0x558431b48de8
        0x558431b48de8
        0x558431b48de8
        0x558431b48de8
        0x558431b48de8
        0x558431b48de8
        0x558431b48de8
        0x558431b48de8
        0x558431b48de8
        0x558431b48de8
        0x558431b48de8
        0x558431b48de8
        0x558431b48de8
        0x558431b48de8
        0x558431b48de8
        0x558431b48de8
        0x558431b48de8
        0x558431b48de8
        0x558431b48de8
        0x558431b48de8
        0x558431b48de8
        0x558431b48de8
        0x558431b48de8
        0x558431b48de8
        0x558431b48de8
        0x558431b48de8
        0x558431b48de8
        0x558431b48de8
        0x558431b48de8
        0x558431b48de8
        0x558431b48de8
        0x558431b48de8
        0x558431b48de8
        0x558431b48de8
        0x558431b48de8
        0x558431b48de8
        0x558431b48de8
        0x558431b48de8
        0x558431b48de8
        0x558431b48de8
        0x558431b48de8
        0x558431b48de8
        0x558431b48de8
        0x558431b48de8
        0x558431b48de8
        0x558431b48de8
        0x558431b48de8
        0x558431b48de8
        0x558431b48de8
        0x558431b48de8
        0x558431b48de8
        0x558431b48de8
        0x558431b48de8
        0x558431b48de8
        0x558431b48de8
        0x558431b48de8
        0x558431b48de8
        0x558431b48de8
        0x558431b48de8
        0x558431b48de8
        0x558431b48de8
        0x558431b48de8
        0x558431b48de8
        0x558431b48de8
        0x558431b48de8
        0x558431b48de8
        0x558431b48de8
        0x558431b48de8
        0x558431b48de8
        0x558431b48de8
        0x558431b48de8
        0x558431b48de8
        0x558431b48de8
        0x558431b48de8
        0x558431b48de8
        0x558431b48de8
        0x558431b48de8
        0x558431b48de8
        0x558431b48de8
        0x558431b48de8
        0x558431b48de8
        0x558431b48de8
        0x558431b48de8
        0x558431b48de8
        0x558431b48de8
        0x558431b48de8
        0x558431b48de8
        0x558431b48de8
        0x558431b48de8
        0x558431b48de8
        0x558431b48de8
        0x558431b48de8
        0x558431b48de8
        0x558431b48de8
        0x558431b48de8
        0x558431b48de8
        0x558431b48de8
        0x558431b48de8
        0x558431b48de8
        0x558431b48de8
        0x558431b48de8
        0x558431b48de8
        0x558431b48de8
        0x558431b48de8
        0x558431b48de8
        0x558431b48de8
        0x558431b48de8
        0x558431b48de8
        0x558431b48de8
        0x558431b48de8
        0x558431b48de8
        0x558431b48de8
        0x558431b48de8
        0x558431b48de8
]: 3
@preempt_stack[
        0x7f949c9ac925
        0x4046dfb8
        0x40785934
        0x401c67a6
        0x7f949c846428
        0x7f949c9e578f
        0x558431b82490
]: 3
@preempt_stack[
        0x7f949c9cb621
]: 3
@preempt_stack[
        0x40ce4256
        0x40ce4040
        0x40b43cf8
        0x40a8b118
        0x40407e56
        0x40403d24
        0x7f949c846428
        0x7f949c9e578f
        0x558431b82490
]: 3
@preempt_stack[
        0x40441b80
]: 3
@preempt_stack[
        0x40cadc60
        0x40d9cb64
        0x40d57d0c
        0x40d56d80
        0x40d53864
        0
        0
        0x558432736408
        0x558432736408
        0x558432736408
        0x558432736408
        0x558432736408
        0x558432736408
        0x558432736408
        0x558432736408
        0x558432736408
        0x558432736408
        0x558432736408
        0x558432736408
        0x558432736408
        0x558432736408
        0x558432736408
        0x558432736408
        0x558432736408
        0x558432736408
        0x558432736408
        0x558432736408
        0x558432736408
        0x558432736408
        0x558432736408
        0x558432736408
        0x558432736408
        0x558432736408
        0x558432736408
        0x558432736408
        0x558432736408
        0x558432736408
        0x558432736408
        0x558432736408
        0x558432736408
        0x558432736408
        0x558432736408
        0x558432736408
        0x558432736408
        0x558432736408
        0x558432736408
        0x558432736408
        0x558432736408
        0x558432736408
        0x558432736408
        0x558432736408
        0x558432736408
        0x558432736408
        0x558432736408
        0x558432736408
        0x558432736408
        0x558432736408
        0x558432736408
        0x558432736408
        0x558432736408
        0x558432736408
        0x558432736408
        0x558432736408
        0x558432736408
        0x558432736408
        0x558432736408
        0x558432736408
        0x558432736408
        0x558432736408
        0x558432736408
        0x558432736408
        0x558432736408
        0x558432736408
        0x558432736408
        0x558432736408
        0x558432736408
        0x558432736408
        0x558432736408
        0x558432736408
        0x558432736408
        0x558432736408
        0x558432736408
        0x558432736408
        0x558432736408
        0x558432736408
        0x558432736408
        0x558432736408
        0x558432736408
        0x558432736408
        0x558432736408
        0x558432736408
        0x558432736408
        0x558432736408
        0x558432736408
        0x558432736408
        0x558432736408
        0x558432736408
        0x558432736408
        0x558432736408
        0x558432736408
        0x558432736408
        0x558432736408
        0x558432736408
        0x558432736408
        0x558432736408
        0x558432736408
        0x558432736408
        0x558432736408
        0x558432736408
        0x558432736408
        0x558432736408
        0x558432736408
        0x558432736408
        0x558432736408
        0x558432736408
        0x558432736408
        0x558432736408
        0x558432736408
        0x558432736408
        0x558432736408
        0x558432736408
        0x558432736408
        0x558432736408
        0x558432736408
        0x558432736408
        0x558432736408
        0x558432736408
]: 3
@preempt_stack[
        GC_malloc_kind_global+101
]: 3
@preempt_stack[
        0x40ce0144
]: 3
@preempt_stack[
        GC_dirty_inner+41
        0
        0x2000000000000001
        0x558432740e50
        0x558432740e50
        0x558432740e50
        0x558432740e50
        0x558432740e50
        0x558432740e50
        0x558432740e50
        0x558432740e50
        0x558432740e50
        0x558432740e50
        0x558432740e50
        0x558432740e50
        0x558432740e50
        0x558432740e50
        0x558432740e50
        0x558432740e50
        0x558432740e50
        0x558432740e50
        0x558432740e50
        0x558432740e50
        0x558432740e50
        0x558432740e50
        0x558432740e50
        0x558432740e50
        0x558432740e50
        0x558432740e50
        0x558432740e50
        0x558432740e50
        0x558432740e50
        0x558432740e50
        0x558432740e50
        0x558432740e50
        0x558432740e50
        0x558432740e50
        0x558432740e50
        0x558432740e50
        0x558432740e50
        0x558432740e50
        0x558432740e50
        0x558432740e50
        0x558432740e50
        0x558432740e50
        0x558432740e50
        0x558432740e50
        0x558432740e50
        0x558432740e50
        0x558432740e50
        0x558432740e50
        0x558432740e50
        0x558432740e50
        0x558432740e50
        0x558432740e50
        0x558432740e50
        0x558432740e50
        0x558432740e50
        0x558432740e50
        0x558432740e50
        0x558432740e50
        0x558432740e50
        0x558432740e50
        0x558432740e50
        0x558432740e50
        0x558432740e50
        0x558432740e50
        0x558432740e50
        0x558432740e50
        0x558432740e50
        0x558432740e50
        0x558432740e50
        0x558432740e50
        0x558432740e50
        0x558432740e50
        0x558432740e50
        0x558432740e50
        0x558432740e50
        0x558432740e50
        0x558432740e50
        0x558432740e50
        0x558432740e50
        0x558432740e50
        0x558432740e50
        0x558432740e50
        0x558432740e50
        0x558432740e50
        0x558432740e50
        0x558432740e50
        0x558432740e50
        0x558432740e50
        0x558432740e50
        0x558432740e50
        0x558432740e50
        0x558432740e50
        0x558432740e50
        0x558432740e50
        0x558432740e50
        0x558432740e50
        0x558432740e50
        0x558432740e50
        0x558432740e50
        0x558432740e50
        0x558432740e50
        0x558432740e50
        0x558432740e50
        0x558432740e50
        0x558432740e50
        0x558432740e50
        0x558432740e50
        0x558432740e50
        0x558432740e50
        0x558432740e50
        0x558432740e50
        0x558432740e50
        0x558432740e50
        0x558432740e50
        0x558432740e50
        0x558432740e50
        0x558432740e50
        0x558432740e50
        0x558432740e50
        0x558432740e50
        0x558432740e50
        0x558432740e50
        0x558432740e50
        0x558432740e50
]: 3
@preempt_stack[
        0x7f953e5b2be1
]: 3
@preempt_stack[
        GC_continue_reclaim+141
        0
]: 3
@preempt_stack[
        mono_metadata_type_equal+0
]: 3
@preempt_stack[
        sched_yield+11
]: 3
@preempt_stack[
        0x7f949c9cb629
]: 3
@preempt_stack[
        GC_dirty_inner+41
        0
        0
        0x558432736408
        0x558432736408
        0x558432736408
        0x558432736408
        0x558432736408
        0x558432736408
        0x558432736408
        0x558432736408
        0x558432736408
        0x558432736408
        0x558432736408
        0x558432736408
        0x558432736408
        0x558432736408
        0x558432736408
        0x558432736408
        0x558432736408
        0x558432736408
        0x558432736408
        0x558432736408
        0x558432736408
        0x558432736408
        0x558432736408
        0x558432736408
        0x558432736408
        0x558432736408
        0x558432736408
        0x558432736408
        0x558432736408
        0x558432736408
        0x558432736408
        0x558432736408
        0x558432736408
        0x558432736408
        0x558432736408
        0x558432736408
        0x558432736408
        0x558432736408
        0x558432736408
        0x558432736408
        0x558432736408
        0x558432736408
        0x558432736408
        0x558432736408
        0x558432736408
        0x558432736408
        0x558432736408
        0x558432736408
        0x558432736408
        0x558432736408
        0x558432736408
        0x558432736408
        0x558432736408
        0x558432736408
        0x558432736408
        0x558432736408
        0x558432736408
        0x558432736408
        0x558432736408
        0x558432736408
        0x558432736408
        0x558432736408
        0x558432736408
        0x558432736408
        0x558432736408
        0x558432736408
        0x558432736408
        0x558432736408
        0x558432736408
        0x558432736408
        0x558432736408
        0x558432736408
        0x558432736408
        0x558432736408
        0x558432736408
        0x558432736408
        0x558432736408
        0x558432736408
        0x558432736408
        0x558432736408
        0x558432736408
        0x558432736408
        0x558432736408
        0x558432736408
        0x558432736408
        0x558432736408
        0x558432736408
        0x558432736408
        0x558432736408
        0x558432736408
        0x558432736408
        0x558432736408
        0x558432736408
        0x558432736408
        0x558432736408
        0x558432736408
        0x558432736408
        0x558432736408
        0x558432736408
        0x558432736408
        0x558432736408
        0x558432736408
        0x558432736408
        0x558432736408
        0x558432736408
        0x558432736408
        0x558432736408
        0x558432736408
        0x558432736408
        0x558432736408
        0x558432736408
        0x558432736408
        0x558432736408
        0x558432736408
        0x558432736408
        0x558432736408
        0x558432736408
        0x558432736408
        0x558432736408
        0x558432736408
        0x558432736408
        0x558432736408
        0x558432736408
        0x558432736408
]: 3
@preempt_stack[
        0x7f953cbb884a
]: 3
@preempt_stack[
        0x7f953d905d05
        0
]: 3
@preempt_stack[
        0x40caf0d7
        0x40cad7b4
        0x40cabc4c
        0x40cab139
        0x40ca6ac7
        0x40407e56
        0x40403d24
        0x7f949c846428
        0x7f949c9e578f
        0x558431b82490
]: 3
@preempt_stack[
        0x7f949c9cb626
]: 4
@preempt_stack[
        0x7f953eea2bdd
        __clock_gettime+29
]: 4
@preempt_stack[
        0x40d5bb46
        0x40d56ef8
        0x40d56d80
        0x40d53864
        0
        0
        0x558432736408
        0x558432736408
        0x558432736408
        0x558432736408
        0x558432736408
        0x558432736408
        0x558432736408
        0x558432736408
        0x558432736408
        0x558432736408
        0x558432736408
        0x558432736408
        0x558432736408
        0x558432736408
        0x558432736408
        0x558432736408
        0x558432736408
        0x558432736408
        0x558432736408
        0x558432736408
        0x558432736408
        0x558432736408
        0x558432736408
        0x558432736408
        0x558432736408
        0x558432736408
        0x558432736408
        0x558432736408
        0x558432736408
        0x558432736408
        0x558432736408
        0x558432736408
        0x558432736408
        0x558432736408
        0x558432736408
        0x558432736408
        0x558432736408
        0x558432736408
        0x558432736408
        0x558432736408
        0x558432736408
        0x558432736408
        0x558432736408
        0x558432736408
        0x558432736408
        0x558432736408
        0x558432736408
        0x558432736408
        0x558432736408
        0x558432736408
        0x558432736408
        0x558432736408
        0x558432736408
        0x558432736408
        0x558432736408
        0x558432736408
        0x558432736408
        0x558432736408
        0x558432736408
        0x558432736408
        0x558432736408
        0x558432736408
        0x558432736408
        0x558432736408
        0x558432736408
        0x558432736408
        0x558432736408
        0x558432736408
        0x558432736408
        0x558432736408
        0x558432736408
        0x558432736408
        0x558432736408
        0x558432736408
        0x558432736408
        0x558432736408
        0x558432736408
        0x558432736408
        0x558432736408
        0x558432736408
        0x558432736408
        0x558432736408
        0x558432736408
        0x558432736408
        0x558432736408
        0x558432736408
        0x558432736408
        0x558432736408
        0x558432736408
        0x558432736408
        0x558432736408
        0x558432736408
        0x558432736408
        0x558432736408
        0x558432736408
        0x558432736408
        0x558432736408
        0x558432736408
        0x558432736408
        0x558432736408
        0x558432736408
        0x558432736408
        0x558432736408
        0x558432736408
        0x558432736408
        0x558432736408
        0x558432736408
        0x558432736408
        0x558432736408
        0x558432736408
        0x558432736408
        0x558432736408
        0x558432736408
        0x558432736408
        0x558432736408
        0x558432736408
        0x558432736408
        0x558432736408
        0x558432736408
        0x558432736408
        0x558432736408
]: 4
@preempt_stack[
        __pthread_getspecific+29
        0x4046dfb8
        0x40785934
        0x401c67a6
        0x7f949c846428
        0x7f949c9e578f
        0x558431b82490
]: 4
@preempt_stack[
        0x7f953e4a6a38
]: 4
@preempt_stack[
        0x402d68c2
]: 4
@preempt_stack[
        0x7f949c9a23b6
        0
]: 4
@preempt_stack[
        0x7f953e4a6919
]: 4
@preempt_stack[
        0x7f953e5a5508
]: 4
@preempt_stack[
        0x7f953d907326
]: 4
@preempt_stack[
        0x7f953d9077d9
        0
]: 4
@preempt_stack[
        0x7f949ca0c355
        0
]: 4
@preempt_stack[
        0x40c0cf76
        0x40c0d864
        0x4077cadf
        0x7f949c846428
        0x7f949c9e578f
        0x558431b82490
]: 4
@preempt_stack[
        0x7f949c9ace53
        0
]: 4
@preempt_stack[
        0x40441b60
]: 4
@preempt_stack[
        0x7f949c9cb8e0
]: 4
@preempt_stack[
        0x7f949c9dcfcf
]: 4
@preempt_stack[
        0x7f953caabeb0
]: 4
@preempt_stack[
        0x7f953d905d9b
]: 5
@preempt_stack[
        0x4045e941
        0x4046dfb8
        0x40785934
        0x401c67a6
        0x7f949c846428
        0x7f949c9e578f
        0x558431b82490
]: 5
@preempt_stack[
        0x7f953d9073d1
]: 5
@preempt_stack[
        0x7f953d905cdb
        0
]: 5
@preempt_stack[
        0x7f949c9ac960
]: 5
@preempt_stack[
        sched_yield+11
        0x40477191
        0x4048a76c
        0
        0
        0x558431b45208
        0x558431b45208
        0x558431b45208
        0x558431b45208
        0x558431b45208
        0x558431b45208
        0x558431b45208
        0x558431b45208
        0x558431b45208
        0x558431b45208
        0x558431b45208
        0x558431b45208
        0x558431b45208
        0x558431b45208
        0x558431b45208
        0x558431b45208
        0x558431b45208
        0x558431b45208
        0x558431b45208
        0x558431b45208
        0x558431b45208
        0x558431b45208
        0x558431b45208
        0x558431b45208
        0x558431b45208
        0x558431b45208
        0x558431b45208
        0x558431b45208
        0x558431b45208
        0x558431b45208
        0x558431b45208
        0x558431b45208
        0x558431b45208
        0x558431b45208
        0x558431b45208
        0x558431b45208
        0x558431b45208
        0x558431b45208
        0x558431b45208
        0x558431b45208
        0x558431b45208
        0x558431b45208
        0x558431b45208
        0x558431b45208
        0x558431b45208
        0x558431b45208
        0x558431b45208
        0x558431b45208
        0x558431b45208
        0x558431b45208
        0x558431b45208
        0x558431b45208
        0x558431b45208
        0x558431b45208
        0x558431b45208
        0x558431b45208
        0x558431b45208
        0x558431b45208
        0x558431b45208
        0x558431b45208
        0x558431b45208
        0x558431b45208
        0x558431b45208
        0x558431b45208
        0x558431b45208
        0x558431b45208
        0x558431b45208
        0x558431b45208
        0x558431b45208
        0x558431b45208
        0x558431b45208
        0x558431b45208
        0x558431b45208
        0x558431b45208
        0x558431b45208
        0x558431b45208
        0x558431b45208
        0x558431b45208
        0x558431b45208
        0x558431b45208
        0x558431b45208
        0x558431b45208
        0x558431b45208
        0x558431b45208
        0x558431b45208
        0x558431b45208
        0x558431b45208
        0x558431b45208
        0x558431b45208
        0x558431b45208
        0x558431b45208
        0x558431b45208
        0x558431b45208
        0x558431b45208
        0x558431b45208
        0x558431b45208
        0x558431b45208
        0x558431b45208
        0x558431b45208
        0x558431b45208
        0x558431b45208
        0x558431b45208
        0x558431b45208
        0x558431b45208
        0x558431b45208
        0x558431b45208
        0x558431b45208
        0x558431b45208
        0x558431b45208
        0x558431b45208
        0x558431b45208
        0x558431b45208
        0x558431b45208
        0x558431b45208
        0x558431b45208
        0x558431b45208
        0x558431b45208
        0x558431b45208
        0x558431b45208
        0x558431b45208
        0x558431b45208
        0x558431b45208
]: 5
@preempt_stack[
        0x40caf0d7
        0x40ce0114
]: 6
@preempt_stack[
        0x7f953d9073e3
]: 6
@preempt_stack[
        0x7f953d9075ea
        0
]: 6
@preempt_stack[
        0x7f949c99843e
        0
]: 6
@preempt_stack[
        GC_dirty_inner+41
        0x4046dfb8
        0x40785934
        0x401c67a6
        0x7f949c846428
        0x7f949c9e578f
        0x558431b82490
]: 6
@preempt_stack[
        0x7f949c9cb619
]: 6
@preempt_stack[
        0x7f953dd3cf9c
]: 7
@preempt_stack[
        GC_dirty_inner+41
]: 7
@preempt_stack[
        0x7f949c9ade3e
]: 7
@preempt_stack[
        0x7f953e4a6c42
]: 7
@preempt_stack[
        0x7f953d907601
        0
]: 7
@preempt_stack[
        0x7f949ca0c357
]: 8
@preempt_stack[
        0x7f949c97b240
]: 8
@preempt_stack[
        0x40cadc60
        0x40ce0114
]: 8
@preempt_stack[
        pthread_mutex_trylock+909
]: 8
@preempt_stack[
        0x7f953d905cb7
        0
]: 9
@preempt_stack[
        0x7f949c9dcfa3
        0x110000
        0x558431b42e78
        0x558431b42e78
        0x558431b42e78
        0x558431b42e78
        0x558431b42e78
        0x558431b42e78
        0x558431b42e78
        0x558431b42e78
        0x558431b42e78
        0x558431b42e78
        0x558431b42e78
        0x558431b42e78
        0x558431b42e78
        0x558431b42e78
        0x558431b42e78
        0x558431b42e78
        0x558431b42e78
        0x558431b42e78
        0x558431b42e78
        0x558431b42e78
        0x558431b42e78
        0x558431b42e78
        0x558431b42e78
        0x558431b42e78
        0x558431b42e78
        0x558431b42e78
        0x558431b42e78
        0x558431b42e78
        0x558431b42e78
        0x558431b42e78
        0x558431b42e78
        0x558431b42e78
        0x558431b42e78
        0x558431b42e78
        0x558431b42e78
        0x558431b42e78
        0x558431b42e78
        0x558431b42e78
        0x558431b42e78
        0x558431b42e78
        0x558431b42e78
        0x558431b42e78
        0x558431b42e78
        0x558431b42e78
        0x558431b42e78
        0x558431b42e78
        0x558431b42e78
        0x558431b42e78
        0x558431b42e78
        0x558431b42e78
        0x558431b42e78
        0x558431b42e78
        0x558431b42e78
        0x558431b42e78
        0x558431b42e78
        0x558431b42e78
        0x558431b42e78
        0x558431b42e78
        0x558431b42e78
        0x558431b42e78
        0x558431b42e78
        0x558431b42e78
        0x558431b42e78
        0x558431b42e78
        0x558431b42e78
        0x558431b42e78
        0x558431b42e78
        0x558431b42e78
        0x558431b42e78
        0x558431b42e78
        0x558431b42e78
        0x558431b42e78
        0x558431b42e78
        0x558431b42e78
        0x558431b42e78
        0x558431b42e78
        0x558431b42e78
        0x558431b42e78
        0x558431b42e78
        0x558431b42e78
        0x558431b42e78
        0x558431b42e78
        0x558431b42e78
        0x558431b42e78
        0x558431b42e78
        0x558431b42e78
        0x558431b42e78
        0x558431b42e78
        0x558431b42e78
        0x558431b42e78
        0x558431b42e78
        0x558431b42e78
        0x558431b42e78
        0x558431b42e78
        0x558431b42e78
        0x558431b42e78
        0x558431b42e78
        0x558431b42e78
        0x558431b42e78
        0x558431b42e78
        0x558431b42e78
        0x558431b42e78
        0x558431b42e78
        0x558431b42e78
        0x558431b42e78
        0x558431b42e78
        0x558431b42e78
        0x558431b42e78
        0x558431b42e78
        0x558431b42e78
        0x558431b42e78
        0x558431b42e78
        0x558431b42e78
        0x558431b42e78
        0x558431b42e78
        0x558431b42e78
        0x558431b42e78
        0x558431b42e78
        0x558431b42e78
        0x558431b42e78
        0x558431b42e78
        0x558431b42e78
        0x558431b42e78
        0x558431b42e78
        0x558431b42e78
]: 9
@preempt_stack[
        __pthread_mutex_unlock+68
]: 9
@preempt_stack[
        0x7f953d9075bb
]: 11
@preempt_stack[
        0x7f949ca0c35a
]: 11
@preempt_stack[
        0x7f953d907607
        0
]: 11
@preempt_stack[
        0x7f953d905b28
]: 11
@preempt_stack[
        0x7f953d905ccc
        0
]: 11
@preempt_stack[
        0x7f949c99de92
]: 11
@preempt_stack[
        0x7f953d9077d5
        0
]: 12
@preempt_stack[
        0x4019be20
        0x4046dfb8
        0x40785934
        0x401c67a6
        0x7f949c846428
        0x7f949c9e578f
        0x558431b82490
]: 15
@preempt_stack[
        0x7f953d9077d0
        0
]: 15
@preempt_stack[
        0x7f949c9acc12
        0
]: 17
@preempt_stack[
        0x7f953caa9847
]: 18
@preempt_stack[
        0x7f949ca0f6a9
        0
        0x1c00000000000001
        0x558431b48de8
        0x558431b48de8
        0x558431b48de8
        0x558431b48de8
        0x558431b48de8
        0x558431b48de8
        0x558431b48de8
        0x558431b48de8
        0x558431b48de8
        0x558431b48de8
        0x558431b48de8
        0x558431b48de8
        0x558431b48de8
        0x558431b48de8
        0x558431b48de8
        0x558431b48de8
        0x558431b48de8
        0x558431b48de8
        0x558431b48de8
        0x558431b48de8
        0x558431b48de8
        0x558431b48de8
        0x558431b48de8
        0x558431b48de8
        0x558431b48de8
        0x558431b48de8
        0x558431b48de8
        0x558431b48de8
        0x558431b48de8
        0x558431b48de8
        0x558431b48de8
        0x558431b48de8
        0x558431b48de8
        0x558431b48de8
        0x558431b48de8
        0x558431b48de8
        0x558431b48de8
        0x558431b48de8
        0x558431b48de8
        0x558431b48de8
        0x558431b48de8
        0x558431b48de8
        0x558431b48de8
        0x558431b48de8
        0x558431b48de8
        0x558431b48de8
        0x558431b48de8
        0x558431b48de8
        0x558431b48de8
        0x558431b48de8
        0x558431b48de8
        0x558431b48de8
        0x558431b48de8
        0x558431b48de8
        0x558431b48de8
        0x558431b48de8
        0x558431b48de8
        0x558431b48de8
        0x558431b48de8
        0x558431b48de8
        0x558431b48de8
        0x558431b48de8
        0x558431b48de8
        0x558431b48de8
        0x558431b48de8
        0x558431b48de8
        0x558431b48de8
        0x558431b48de8
        0x558431b48de8
        0x558431b48de8
        0x558431b48de8
        0x558431b48de8
        0x558431b48de8
        0x558431b48de8
        0x558431b48de8
        0x558431b48de8
        0x558431b48de8
        0x558431b48de8
        0x558431b48de8
        0x558431b48de8
        0x558431b48de8
        0x558431b48de8
        0x558431b48de8
        0x558431b48de8
        0x558431b48de8
        0x558431b48de8
        0x558431b48de8
        0x558431b48de8
        0x558431b48de8
        0x558431b48de8
        0x558431b48de8
        0x558431b48de8
        0x558431b48de8
        0x558431b48de8
        0x558431b48de8
        0x558431b48de8
        0x558431b48de8
        0x558431b48de8
        0x558431b48de8
        0x558431b48de8
        0x558431b48de8
        0x558431b48de8
        0x558431b48de8
        0x558431b48de8
        0x558431b48de8
        0x558431b48de8
        0x558431b48de8
        0x558431b48de8
        0x558431b48de8
        0x558431b48de8
        0x558431b48de8
        0x558431b48de8
        0x558431b48de8
        0x558431b48de8
        0x558431b48de8
        0x558431b48de8
        0x558431b48de8
        0x558431b48de8
        0x558431b48de8
        0x558431b48de8
        0x558431b48de8
        0x558431b48de8
        0x558431b48de8
        0x558431b48de8
]: 24
@preempt_stack[
        0x7f953cab61f2
]: 25
@preempt_stack[
        0x7f949ca0c355
]: 26
@preempt_stack[
        0x7f949c9b2517
]: 32
@preempt_stack[
        0x7f953caa97de
]: 35
@preempt_stack[
        0x7f949c9cb62c
]: 45
@preempt_stack[
        0x7f949c9ace8e
        0
]: 46
@preempt_stack[
        0x7f953d9075f7
        0
]: 65
@preempt_stack[
        0x7f953d9073e0
]: 69
@preempt_stack[
        0x7f953d9075fe
        0
]: 264
@preempt_stack[
        syscall+29
]: 365
@preempt_stack[
        0x7f953d9075fa
        0
]: 535
@preempted: 3063
@prev_state[16]: 17
@prev_state[2]: 841
@prev_state[256]: 1532
@prev_state[0]: 3063
@prev_state[1]: 217854
