/home/maci/Desktop/7dtd/7dtd-loadgen/workspace/bench/lap2/probe-15s/apm/session_20260822_090235_pid887601/bt/states.bt:35:20-25: WARNING: Expression of type: uint64 being cast to type: int64. This may cause unexpected results. Use an explicit cast to suppress this warning.
    $us = (uint64)(nsecs - @main_wake) / 1000;
                   ~~~~~
/home/maci/Desktop/7dtd/7dtd-loadgen/workspace/bench/lap2/probe-15s/apm/session_20260822_090235_pid887601/bt/states.bt:35:28-38: WARNING: Expression of type: uint64 being cast to type: int64. This may cause unexpected results. Use an explicit cast to suppress this warning.
    $us = (uint64)(nsecs - @main_wake) / 1000;
                           ~~~~~~~~~~
/home/maci/Desktop/7dtd/7dtd-loadgen/workspace/bench/lap2/probe-15s/apm/session_20260822_090235_pid887601/bt/states.bt:36:5-24: WARNING: Return value discarded.
    delete(@main_wake);
    ~~~~~~~~~~~~~~~~~~~
MAIN_RUNQ_STALL 6629 us (ready, not scheduled)
MAIN_RUNQ_STALL 18413 us (ready, not scheduled)
MAIN_RUNQ_STALL 12852 us (ready, not scheduled)
MAIN_RUNQ_STALL 9710 us (ready, not scheduled)
MAIN_RUNQ_STALL 9709 us (ready, not scheduled)
MAIN_RUNQ_STALL 6352 us (ready, not scheduled)
MAIN_RUNQ_STALL 8124 us (ready, not scheduled)
MAIN_RUNQ_STALL 8066 us (ready, not scheduled)
MAIN_RUNQ_STALL 9694 us (ready, not scheduled)
MAIN_RUNQ_STALL 6492 us (ready, not scheduled)
MAIN_RUNQ_STALL 6422 us (ready, not scheduled)
MAIN_RUNQ_STALL 9467 us (ready, not scheduled)

=== switch-out prev_state counts (0=R preempt) ===
@prev_state[16]: 8
@prev_state[2]: 947
@prev_state[256]: 2026
@prev_state[0]: 3128
@prev_state[1]: 165508

=== preemption count ===
@preempted: 3128

=== main-thread run-queue latency us (wake -> scheduled) ===
@main_runqlat_us:
[0]                 4757 |@@@@@@@@@@@@@@@@@@@@@@@@@@@@@@@@@@@@@@@@@@@@@@@@@@@@|
[1]                 1013 |@@@@@@@@@@@                                         |
[2, 4)               591 |@@@@@@                                              |
[4, 8)                90 |                                                    |
[8, 16)               98 |@                                                   |
[16, 32)              29 |                                                    |
[32, 64)              19 |                                                    |
[64, 128)             10 |                                                    |
[128, 256)            14 |                                                    |
[256, 512)            17 |                                                    |
[512, 1K)             19 |                                                    |
[1K, 2K)              22 |                                                    |
[2K, 4K)              10 |                                                    |
[4K, 8K)              10 |                                                    |
[8K, 16K)              5 |                                                    |
[16K, 32K)             1 |                                                    |


=== main-thread runq stall (>=1ms) total us + count ===
@main_runq_stall_us: 193260
@main_runq_stall_n: 49

=== preempt stacks (top) ===
@preempt_stack[
        0x7fef9c907601
        0
]: 9
@preempt_stack[
        0x7fef9c4f9549
        0x411407a6
        0x7feefb846428
        0x7feefb9e578f
        0x5582be808500
]: 9
@preempt_stack[
        0x7fef9c905b28
]: 9
@preempt_stack[
        0x7feefba4d77d
]: 9
@preempt_stack[
        0x415452f2
        0x415450e8
        0x4172b22c
        0x411407a6
        0x7feefb846428
        0x7feefb9e578f
        0x5582be808500
]: 9
@preempt_stack[
        0x7fef9cb2b624
        mono_runtime_invoke_array+0
        0xd6894910ec834853
]: 9
@preempt_stack[
        0x7fef9de72bdd
        __clock_gettime+29
]: 10
@preempt_stack[
        0x7feefb99de92
]: 10
@preempt_stack[
        0x7feefb9ac960
]: 12
@preempt_stack[
        0x7fef9c4f955d
        0x411407a6
        0x7feefb846428
        0x7feefb9e578f
        0x5582be808500
]: 12
@preempt_stack[
        0x7fef9c907607
        0
]: 12
@preempt_stack[
        __pthread_mutex_unlock+68
]: 13
@preempt_stack[
        0x7fef9c4f9545
        0x411407a6
        0x7feefb846428
        0x7feefb9e578f
        0x5582be808500
]: 14
@preempt_stack[
        0x7feefb9acc12
        0
]: 14
@preempt_stack[
        0x7fef9c905ccc
        0
]: 14
@preempt_stack[
        0x7feefb99843e
        0
]: 17
@preempt_stack[
        GC_dirty_inner+41
        0x411407a6
        0x7feefb846428
        0x7feefb9e578f
        0x5582be808500
]: 17
@preempt_stack[
        0x41115e20
        0x413e8368
        0x416ff934
        0x411407a6
        0x7feefb846428
        0x7feefb9e578f
        0x5582be808500
]: 20
@preempt_stack[
        0x7feefba0f6a9
        0
        0x1c00000000000001
        0x5582be7cede8
        0x5582be7cede8
        0x5582be7cede8
        0x5582be7cede8
        0x5582be7cede8
        0x5582be7cede8
        0x5582be7cede8
        0x5582be7cede8
        0x5582be7cede8
        0x5582be7cede8
        0x5582be7cede8
        0x5582be7cede8
        0x5582be7cede8
        0x5582be7cede8
        0x5582be7cede8
        0x5582be7cede8
        0x5582be7cede8
        0x5582be7cede8
        0x5582be7cede8
        0x5582be7cede8
        0x5582be7cede8
        0x5582be7cede8
        0x5582be7cede8
        0x5582be7cede8
        0x5582be7cede8
        0x5582be7cede8
        0x5582be7cede8
        0x5582be7cede8
        0x5582be7cede8
        0x5582be7cede8
        0x5582be7cede8
        0x5582be7cede8
        0x5582be7cede8
        0x5582be7cede8
        0x5582be7cede8
        0x5582be7cede8
        0x5582be7cede8
        0x5582be7cede8
        0x5582be7cede8
        0x5582be7cede8
        0x5582be7cede8
        0x5582be7cede8
        0x5582be7cede8
        0x5582be7cede8
        0x5582be7cede8
        0x5582be7cede8
        0x5582be7cede8
        0x5582be7cede8
        0x5582be7cede8
        0x5582be7cede8
        0x5582be7cede8
        0x5582be7cede8
        0x5582be7cede8
        0x5582be7cede8
        0x5582be7cede8
        0x5582be7cede8
        0x5582be7cede8
        0x5582be7cede8
        0x5582be7cede8
        0x5582be7cede8
        0x5582be7cede8
        0x5582be7cede8
        0x5582be7cede8
        0x5582be7cede8
        0x5582be7cede8
        0x5582be7cede8
        0x5582be7cede8
        0x5582be7cede8
        0x5582be7cede8
        0x5582be7cede8
        0x5582be7cede8
        0x5582be7cede8
        0x5582be7cede8
        0x5582be7cede8
        0x5582be7cede8
        0x5582be7cede8
        0x5582be7cede8
        0x5582be7cede8
        0x5582be7cede8
        0x5582be7cede8
        0x5582be7cede8
        0x5582be7cede8
        0x5582be7cede8
        0x5582be7cede8
        0x5582be7cede8
        0x5582be7cede8
        0x5582be7cede8
        0x5582be7cede8
        0x5582be7cede8
        0x5582be7cede8
        0x5582be7cede8
        0x5582be7cede8
        0x5582be7cede8
        0x5582be7cede8
        0x5582be7cede8
        0x5582be7cede8
        0x5582be7cede8
        0x5582be7cede8
        0x5582be7cede8
        0x5582be7cede8
        0x5582be7cede8
        0x5582be7cede8
        0x5582be7cede8
        0x5582be7cede8
        0x5582be7cede8
        0x5582be7cede8
        0x5582be7cede8
        0x5582be7cede8
        0x5582be7cede8
        0x5582be7cede8
        0x5582be7cede8
        0x5582be7cede8
        0x5582be7cede8
        0x5582be7cede8
        0x5582be7cede8
        0x5582be7cede8
        0x5582be7cede8
        0x5582be7cede8
        0x5582be7cede8
        0x5582be7cede8
        0x5582be7cede8
        0x5582be7cede8
        0x5582be7cede8
        0x5582be7cede8
]: 21
@preempt_stack[
        0x7fef9c9075f7
        0
]: 24
@preempt_stack[
        0x7feefba0c355
]: 26
@preempt_stack[
        0x41240b92
]: 26
@preempt_stack[
        0x7fef9bab61f2
]: 46
@preempt_stack[
        0x7feefb9cb62c
]: 61
@preempt_stack[
        0x7fef9c9073e0
]: 69
@preempt_stack[
        0x7feefb9ace8e
        0
]: 71
@preempt_stack[
        0x7feefb9b2517
]: 85
@preempt_stack[
        0x7fef9c9075fe
        0
]: 206
@preempt_stack[
        syscall+29
]: 333
@preempt_stack[
        0x7fef9c9075fa
        0
]: 449


@main_runq_stall_n: 49
@main_runq_stall_us: 193260
@main_runqlat_sum_us: 221026
@main_runqlat_us:
[0]                 4757 |@@@@@@@@@@@@@@@@@@@@@@@@@@@@@@@@@@@@@@@@@@@@@@@@@@@@|
[1]                 1013 |@@@@@@@@@@@                                         |
[2, 4)               591 |@@@@@@                                              |
[4, 8)                90 |                                                    |
[8, 16)               98 |@                                                   |
[16, 32)              29 |                                                    |
[32, 64)              19 |                                                    |
[64, 128)             10 |                                                    |
[128, 256)            14 |                                                    |
[256, 512)            17 |                                                    |
[512, 1K)             19 |                                                    |
[1K, 2K)              22 |                                                    |
[2K, 4K)              10 |                                                    |
[4K, 8K)              10 |                                                    |
[8K, 16K)              5 |                                                    |
[16K, 32K)             1 |                                                    |

@preempt_stack[
        0x7fef9c9f559d
        0xea00038ffffe626
        0x7fef9ca02410
        0x8348078948011124
]: 1
@preempt_stack[
        0x7fef9d89cb4e
        0
]: 1
@preempt_stack[
        GC_finalize+153
        0x40000
]: 1
@preempt_stack[
        0x41c59189
]: 1
@preempt_stack[
        0x7fef9ccd3082
        0x2c1
]: 1
@preempt_stack[
        0x7fef9cba8973
]: 1
@preempt_stack[
        0x7fef9baa9847
        0xd8000880402c0000
]: 1
@preempt_stack[
        0x7feefb9dcfd2
]: 1
@preempt_stack[
        0x7feefb9dcfa3
        0x120000
        0x5582bff69998
        0x5582bff69998
        0x5582bff69998
        0x5582bff69998
        0x5582bff69998
        0x5582bff69998
        0x5582bff69998
        0x5582bff69998
        0x5582bff69998
        0x5582bff69998
        0x5582bff69998
        0x5582bff69998
        0x5582bff69998
        0x5582bff69998
        0x5582bff69998
        0x5582bff69998
        0x5582bff69998
        0x5582bff69998
        0x5582bff69998
        0x5582bff69998
        0x5582bff69998
        0x5582bff69998
        0x5582bff69998
        0x5582bff69998
        0x5582bff69998
        0x5582bff69998
        0x5582bff69998
        0x5582bff69998
        0x5582bff69998
        0x5582bff69998
        0x5582bff69998
        0x5582bff69998
        0x5582bff69998
        0x5582bff69998
        0x5582bff69998
        0x5582bff69998
        0x5582bff69998
        0x5582bff69998
        0x5582bff69998
        0x5582bff69998
        0x5582bff69998
        0x5582bff69998
        0x5582bff69998
        0x5582bff69998
        0x5582bff69998
        0x5582bff69998
        0x5582bff69998
        0x5582bff69998
        0x5582bff69998
        0x5582bff69998
        0x5582bff69998
        0x5582bff69998
        0x5582bff69998
        0x5582bff69998
        0x5582bff69998
        0x5582bff69998
        0x5582bff69998
        0x5582bff69998
        0x5582bff69998
        0x5582bff69998
        0x5582bff69998
        0x5582bff69998
        0x5582bff69998
        0x5582bff69998
        0x5582bff69998
        0x5582bff69998
        0x5582bff69998
        0x5582bff69998
        0x5582bff69998
        0x5582bff69998
        0x5582bff69998
        0x5582bff69998
        0x5582bff69998
        0x5582bff69998
        0x5582bff69998
        0x5582bff69998
        0x5582bff69998
        0x5582bff69998
        0x5582bff69998
        0x5582bff69998
        0x5582bff69998
        0x5582bff69998
        0x5582bff69998
        0x5582bff69998
        0x5582bff69998
        0x5582bff69998
        0x5582bff69998
        0x5582bff69998
        0x5582bff69998
        0x5582bff69998
        0x5582bff69998
        0x5582bff69998
        0x5582bff69998
        0x5582bff69998
        0x5582bff69998
        0x5582bff69998
        0x5582bff69998
        0x5582bff69998
        0x5582bff69998
        0x5582bff69998
        0x5582bff69998
        0x5582bff69998
        0x5582bff69998
        0x5582bff69998
        0x5582bff69998
        0x5582bff69998
        0x5582bff69998
        0x5582bff69998
        0x5582bff69998
        0x5582bff69998
        0x5582bff69998
        0x5582bff69998
        0x5582bff69998
        0x5582bff69998
        0x5582bff69998
        0x5582bff69998
        0x5582bff69998
        0x5582bff69998
        0x5582bff69998
        0x5582bff69998
        0x5582bff69998
        0x5582bff69998
        0x5582bff69998
        0x5582bff69998
        0x5582bff69998
]: 1
@preempt_stack[
        0x41ce9407
        0x41ce7970
        0x41cff950
        0x41cff8d3
        0x41cd926e
        0x41cd5458
        0x41cd52e0
        0x41ccfb84
        0
        0
        0x5582bf3bc3a8
        0x5582bf3bc3a8
        0x5582bf3bc3a8
        0x5582bf3bc3a8
        0x5582bf3bc3a8
        0x5582bf3bc3a8
        0x5582bf3bc3a8
        0x5582bf3bc3a8
        0x5582bf3bc3a8
        0x5582bf3bc3a8
        0x5582bf3bc3a8
        0x5582bf3bc3a8
        0x5582bf3bc3a8
        0x5582bf3bc3a8
        0x5582bf3bc3a8
        0x5582bf3bc3a8
        0x5582bf3bc3a8
        0x5582bf3bc3a8
        0x5582bf3bc3a8
        0x5582bf3bc3a8
        0x5582bf3bc3a8
        0x5582bf3bc3a8
        0x5582bf3bc3a8
        0x5582bf3bc3a8
        0x5582bf3bc3a8
        0x5582bf3bc3a8
        0x5582bf3bc3a8
        0x5582bf3bc3a8
        0x5582bf3bc3a8
        0x5582bf3bc3a8
        0x5582bf3bc3a8
        0x5582bf3bc3a8
        0x5582bf3bc3a8
        0x5582bf3bc3a8
        0x5582bf3bc3a8
        0x5582bf3bc3a8
        0x5582bf3bc3a8
        0x5582bf3bc3a8
        0x5582bf3bc3a8
        0x5582bf3bc3a8
        0x5582bf3bc3a8
        0x5582bf3bc3a8
        0x5582bf3bc3a8
        0x5582bf3bc3a8
        0x5582bf3bc3a8
        0x5582bf3bc3a8
        0x5582bf3bc3a8
        0x5582bf3bc3a8
        0x5582bf3bc3a8
        0x5582bf3bc3a8
        0x5582bf3bc3a8
        0x5582bf3bc3a8
        0x5582bf3bc3a8
        0x5582bf3bc3a8
        0x5582bf3bc3a8
        0x5582bf3bc3a8
        0x5582bf3bc3a8
        0x5582bf3bc3a8
        0x5582bf3bc3a8
        0x5582bf3bc3a8
        0x5582bf3bc3a8
        0x5582bf3bc3a8
        0x5582bf3bc3a8
        0x5582bf3bc3a8
        0x5582bf3bc3a8
        0x5582bf3bc3a8
        0x5582bf3bc3a8
        0x5582bf3bc3a8
        0x5582bf3bc3a8
        0x5582bf3bc3a8
        0x5582bf3bc3a8
        0x5582bf3bc3a8
        0x5582bf3bc3a8
        0x5582bf3bc3a8
        0x5582bf3bc3a8
        0x5582bf3bc3a8
        0x5582bf3bc3a8
        0x5582bf3bc3a8
        0x5582bf3bc3a8
        0x5582bf3bc3a8
        0x5582bf3bc3a8
        0x5582bf3bc3a8
        0x5582bf3bc3a8
        0x5582bf3bc3a8
        0x5582bf3bc3a8
        0x5582bf3bc3a8
        0x5582bf3bc3a8
        0x5582bf3bc3a8
        0x5582bf3bc3a8
        0x5582bf3bc3a8
        0x5582bf3bc3a8
        0x5582bf3bc3a8
        0x5582bf3bc3a8
        0x5582bf3bc3a8
        0x5582bf3bc3a8
        0x5582bf3bc3a8
        0x5582bf3bc3a8
        0x5582bf3bc3a8
        0x5582bf3bc3a8
        0x5582bf3bc3a8
        0x5582bf3bc3a8
        0x5582bf3bc3a8
        0x5582bf3bc3a8
        0x5582bf3bc3a8
        0x5582bf3bc3a8
        0x5582bf3bc3a8
        0x5582bf3bc3a8
        0x5582bf3bc3a8
        0x5582bf3bc3a8
        0x5582bf3bc3a8
        0x5582bf3bc3a8
        0x5582bf3bc3a8
        0x5582bf3bc3a8
        0x5582bf3bc3a8
        0x5582bf3bc3a8
        0x5582bf3bc3a8
        0x5582bf3bc3a8
]: 1
@preempt_stack[
        0x7fef9ccd309e
        0xc100c400c1
]: 1
@preempt_stack[
        0x7feed026fd6a
        0x7fef9000ffab
        0x7fef9000ec2b
        0x7fef9000fdab
        0x41cc9124
        0x416f6adf
        0x7feefb846428
        0x7feefb9e578f
        0x5582be808500
]: 1
@preempt_stack[
        0x7feefb9ce4d8
        0x7fee60038c80
        0x7fee60038c80
        0x7fee60038c80
        0x7fee60038c80
        0x7fee60038c80
        0x7fee60038c80
        0x7fee60038c80
        0x7fee60038c80
        0x7fee60038c80
        0x7fee60038c80
        0x7fee60038c80
        0x7fee60038c80
        0x7fee60038c80
        0x7fee60038c80
        0x7fee60038c80
        0x7fee60038c80
        0x7fee60038c80
        0x7fee60038c80
        0x7fee60038c80
        0x7fee60038c80
        0x7fee60038c80
        0x7fee60038c80
        0x7fee60038c80
        0x7fee60038c80
        0x7fee60038c80
        0x7fee60038c80
        0x7fee60038c80
        0x7fee60038c80
        0x7fee60038c80
        0x7fee60038c80
        0x7fee60038c80
        0x7fee60038c80
        0x7fee60038c80
        0x7fee60038c80
        0x7fee60038c80
        0x7fee60038c80
        0x7fee60038c80
        0x7fee60038c80
        0x7fee60038c80
        0x7fee60038c80
        0x7fee60038c80
        0x7fee60038c80
        0x7fee60038c80
        0x7fee60038c80
        0x7fee60038c80
        0x7fee60038c80
        0x7fee60038c80
        0x7fee60038c80
        0x7fee60038c80
        0x7fee60038c80
        0x7fee60038c80
        0x7fee60038c80
        0x7fee60038c80
        0x7fee60038c80
        0x7fee60038c80
        0x7fee60038c80
        0x7fee60038c80
        0x7fee60038c80
        0x7fee60038c80
        0x7fee60038c80
        0x7fee60038c80
        0x7fee60038c80
        0x7fee60038c80
        0x7fee60038c80
        0x7fee60038c80
        0x7fee60038c80
        0x7fee60038c80
        0x7fee60038c80
        0x7fee60038c80
        0x7fee60038c80
        0x7fee60038c80
        0x7fee60038c80
        0x7fee60038c80
        0x7fee60038c80
        0x7fee60038c80
        0x7fee60038c80
        0x7fee60038c80
        0x7fee60038c80
        0x7fee60038c80
        0x7fee60038c80
        0x7fee60038c80
        0x7fee60038c80
        0x7fee60038c80
        0x7fee60038c80
        0x7fee60038c80
        0x7fee60038c80
        0x7fee60038c80
        0x7fee60038c80
        0x7fee60038c80
        0x7fee60038c80
        0x7fee60038c80
        0x7fee60038c80
        0x7fee60038c80
        0x7fee60038c80
        0x7fee60038c80
        0x7fee60038c80
        0x7fee60038c80
        0x7fee60038c80
        0x7fee60038c80
        0x7fee60038c80
        0x7fee60038c80
        0x7fee60038c80
        0x7fee60038c80
        0x7fee60038c80
        0x7fee60038c80
        0x7fee60038c80
        0x7fee60038c80
        0x7fee60038c80
        0x7fee60038c80
        0x7fee60038c80
        0x7fee60038c80
        0x7fee60038c80
        0x7fee60038c80
        0x7fee60038c80
        0x7fee60038c80
        0x7fee60038c80
        0x7fee60038c80
        0x7fee60038c80
        0x7fee60038c80
        0x7fee60038c80
        0x7fee60038c80
        0x7fee60038c80
        0x7fee60038c80
        0x7fee60038c80
        0x7fee60038c80
        0x7fee60038c80
]: 1
@preempt_stack[
        0x7fef9d5a5438
]: 1
@preempt_stack[
        GC_dirty_inner+41
        0
        0
        0x5582bf3bc3a8
        0x5582bf3bc3a8
        0x5582bf3bc3a8
        0x5582bf3bc3a8
        0x5582bf3bc3a8
        0x5582bf3bc3a8
        0x5582bf3bc3a8
        0x5582bf3bc3a8
        0x5582bf3bc3a8
        0x5582bf3bc3a8
        0x5582bf3bc3a8
        0x5582bf3bc3a8
        0x5582bf3bc3a8
        0x5582bf3bc3a8
        0x5582bf3bc3a8
        0x5582bf3bc3a8
        0x5582bf3bc3a8
        0x5582bf3bc3a8
        0x5582bf3bc3a8
        0x5582bf3bc3a8
        0x5582bf3bc3a8
        0x5582bf3bc3a8
        0x5582bf3bc3a8
        0x5582bf3bc3a8
        0x5582bf3bc3a8
        0x5582bf3bc3a8
        0x5582bf3bc3a8
        0x5582bf3bc3a8
        0x5582bf3bc3a8
        0x5582bf3bc3a8
        0x5582bf3bc3a8
        0x5582bf3bc3a8
        0x5582bf3bc3a8
        0x5582bf3bc3a8
        0x5582bf3bc3a8
        0x5582bf3bc3a8
        0x5582bf3bc3a8
        0x5582bf3bc3a8
        0x5582bf3bc3a8
        0x5582bf3bc3a8
        0x5582bf3bc3a8
        0x5582bf3bc3a8
        0x5582bf3bc3a8
        0x5582bf3bc3a8
        0x5582bf3bc3a8
        0x5582bf3bc3a8
        0x5582bf3bc3a8
        0x5582bf3bc3a8
        0x5582bf3bc3a8
        0x5582bf3bc3a8
        0x5582bf3bc3a8
        0x5582bf3bc3a8
        0x5582bf3bc3a8
        0x5582bf3bc3a8
        0x5582bf3bc3a8
        0x5582bf3bc3a8
        0x5582bf3bc3a8
        0x5582bf3bc3a8
        0x5582bf3bc3a8
        0x5582bf3bc3a8
        0x5582bf3bc3a8
        0x5582bf3bc3a8
        0x5582bf3bc3a8
        0x5582bf3bc3a8
        0x5582bf3bc3a8
        0x5582bf3bc3a8
        0x5582bf3bc3a8
        0x5582bf3bc3a8
        0x5582bf3bc3a8
        0x5582bf3bc3a8
        0x5582bf3bc3a8
        0x5582bf3bc3a8
        0x5582bf3bc3a8
        0x5582bf3bc3a8
        0x5582bf3bc3a8
        0x5582bf3bc3a8
        0x5582bf3bc3a8
        0x5582bf3bc3a8
        0x5582bf3bc3a8
        0x5582bf3bc3a8
        0x5582bf3bc3a8
        0x5582bf3bc3a8
        0x5582bf3bc3a8
        0x5582bf3bc3a8
        0x5582bf3bc3a8
        0x5582bf3bc3a8
        0x5582bf3bc3a8
        0x5582bf3bc3a8
        0x5582bf3bc3a8
        0x5582bf3bc3a8
        0x5582bf3bc3a8
        0x5582bf3bc3a8
        0x5582bf3bc3a8
        0x5582bf3bc3a8
        0x5582bf3bc3a8
        0x5582bf3bc3a8
        0x5582bf3bc3a8
        0x5582bf3bc3a8
        0x5582bf3bc3a8
        0x5582bf3bc3a8
        0x5582bf3bc3a8
        0x5582bf3bc3a8
        0x5582bf3bc3a8
        0x5582bf3bc3a8
        0x5582bf3bc3a8
        0x5582bf3bc3a8
        0x5582bf3bc3a8
        0x5582bf3bc3a8
        0x5582bf3bc3a8
        0x5582bf3bc3a8
        0x5582bf3bc3a8
        0x5582bf3bc3a8
        0x5582bf3bc3a8
        0x5582bf3bc3a8
        0x5582bf3bc3a8
        0x5582bf3bc3a8
        0x5582bf3bc3a8
        0x5582bf3bc3a8
        0x5582bf3bc3a8
        0x5582bf3bc3a8
        0x5582bf3bc3a8
        0x5582bf3bc3a8
        0x5582bf3bc3a8
        0x5582bf3bc3a8
]: 1
@preempt_stack[
        0x41484942
        0x413e8368
        0x416ff934
        0x411407a6
        0x7feefb846428
        0x7feefb9e578f
        0x5582be808500
]: 1
@preempt_stack[
        0x7fef9cd51b19
]: 1
@preempt_stack[
        0x7fef9ccd7af7
        0x181
]: 1
@preempt_stack[
        mono_mempool_alloc+32
        0x1c0000
        0x5582be7abc18
        0x5582be7abc18
        0x5582be7abc18
        0x5582be7abc18
        0x5582be7abc18
        0x5582be7abc18
        0x5582be7abc18
        0x5582be7abc18
        0x5582be7abc18
        0x5582be7abc18
        0x5582be7abc18
        0x5582be7abc18
        0x5582be7abc18
        0x5582be7abc18
        0x5582be7abc18
        0x5582be7abc18
        0x5582be7abc18
        0x5582be7abc18
        0x5582be7abc18
        0x5582be7abc18
        0x5582be7abc18
        0x5582be7abc18
        0x5582be7abc18
        0x5582be7abc18
        0x5582be7abc18
        0x5582be7abc18
        0x5582be7abc18
        0x5582be7abc18
        0x5582be7abc18
        0x5582be7abc18
        0x5582be7abc18
        0x5582be7abc18
        0x5582be7abc18
        0x5582be7abc18
        0x5582be7abc18
        0x5582be7abc18
        0x5582be7abc18
        0x5582be7abc18
        0x5582be7abc18
        0x5582be7abc18
        0x5582be7abc18
        0x5582be7abc18
        0x5582be7abc18
        0x5582be7abc18
        0x5582be7abc18
        0x5582be7abc18
        0x5582be7abc18
        0x5582be7abc18
        0x5582be7abc18
        0x5582be7abc18
        0x5582be7abc18
        0x5582be7abc18
        0x5582be7abc18
        0x5582be7abc18
        0x5582be7abc18
        0x5582be7abc18
        0x5582be7abc18
        0x5582be7abc18
        0x5582be7abc18
        0x5582be7abc18
        0x5582be7abc18
        0x5582be7abc18
        0x5582be7abc18
        0x5582be7abc18
        0x5582be7abc18
        0x5582be7abc18
        0x5582be7abc18
        0x5582be7abc18
        0x5582be7abc18
        0x5582be7abc18
        0x5582be7abc18
        0x5582be7abc18
        0x5582be7abc18
        0x5582be7abc18
        0x5582be7abc18
        0x5582be7abc18
        0x5582be7abc18
        0x5582be7abc18
        0x5582be7abc18
        0x5582be7abc18
        0x5582be7abc18
        0x5582be7abc18
        0x5582be7abc18
        0x5582be7abc18
        0x5582be7abc18
        0x5582be7abc18
        0x5582be7abc18
        0x5582be7abc18
        0x5582be7abc18
        0x5582be7abc18
        0x5582be7abc18
        0x5582be7abc18
        0x5582be7abc18
        0x5582be7abc18
        0x5582be7abc18
        0x5582be7abc18
        0x5582be7abc18
        0x5582be7abc18
        0x5582be7abc18
        0x5582be7abc18
        0x5582be7abc18
        0x5582be7abc18
        0x5582be7abc18
        0x5582be7abc18
        0x5582be7abc18
        0x5582be7abc18
        0x5582be7abc18
        0x5582be7abc18
        0x5582be7abc18
        0x5582be7abc18
        0x5582be7abc18
        0x5582be7abc18
        0x5582be7abc18
        0x5582be7abc18
        0x5582be7abc18
        0x5582be7abc18
        0x5582be7abc18
        0x5582be7abc18
        0x5582be7abc18
        0x5582be7abc18
        0x5582be7abc18
        0x5582be7abc18
        0x5582be7abc18
        0x5582be7abc18
        0x5582be7abc18
]: 1
@preempt_stack[
        0x4112fd33
        0x413e8368
        0x416ff934
        0x411407a6
        0x7feefb846428
        0x7feefb9e578f
        0x5582be808500
]: 1
@preempt_stack[
        __pthread_getspecific+36
        0x413e8368
        0x416ff934
        0x411407a6
        0x7feefb846428
        0x7feefb9e578f
        0x5582be808500
]: 1
@preempt_stack[
        0x7feefb9ce4d8
        0x5582c203e710
        0x5582c203e710
        0x5582c203e710
        0x5582c203e710
        0x5582c203e710
        0x5582c203e710
        0x5582c203e710
        0x5582c203e710
        0x5582c203e710
        0x5582c203e710
        0x5582c203e710
        0x5582c203e710
        0x5582c203e710
        0x5582c203e710
        0x5582c203e710
        0x5582c203e710
        0x5582c203e710
        0x5582c203e710
        0x5582c203e710
        0x5582c203e710
        0x5582c203e710
        0x5582c203e710
        0x5582c203e710
        0x5582c203e710
        0x5582c203e710
        0x5582c203e710
        0x5582c203e710
        0x5582c203e710
        0x5582c203e710
        0x5582c203e710
        0x5582c203e710
        0x5582c203e710
        0x5582c203e710
        0x5582c203e710
        0x5582c203e710
        0x5582c203e710
        0x5582c203e710
        0x5582c203e710
        0x5582c203e710
        0x5582c203e710
        0x5582c203e710
        0x5582c203e710
        0x5582c203e710
        0x5582c203e710
        0x5582c203e710
        0x5582c203e710
        0x5582c203e710
        0x5582c203e710
        0x5582c203e710
        0x5582c203e710
        0x5582c203e710
        0x5582c203e710
        0x5582c203e710
        0x5582c203e710
        0x5582c203e710
        0x5582c203e710
        0x5582c203e710
        0x5582c203e710
        0x5582c203e710
        0x5582c203e710
        0x5582c203e710
        0x5582c203e710
        0x5582c203e710
        0x5582c203e710
        0x5582c203e710
        0x5582c203e710
        0x5582c203e710
        0x5582c203e710
        0x5582c203e710
        0x5582c203e710
        0x5582c203e710
        0x5582c203e710
        0x5582c203e710
        0x5582c203e710
        0x5582c203e710
        0x5582c203e710
        0x5582c203e710
        0x5582c203e710
        0x5582c203e710
        0x5582c203e710
        0x5582c203e710
        0x5582c203e710
        0x5582c203e710
        0x5582c203e710
        0x5582c203e710
        0x5582c203e710
        0x5582c203e710
        0x5582c203e710
        0x5582c203e710
        0x5582c203e710
        0x5582c203e710
        0x5582c203e710
        0x5582c203e710
        0x5582c203e710
        0x5582c203e710
        0x5582c203e710
        0x5582c203e710
        0x5582c203e710
        0x5582c203e710
        0x5582c203e710
        0x5582c203e710
        0x5582c203e710
        0x5582c203e710
        0x5582c203e710
        0x5582c203e710
        0x5582c203e710
        0x5582c203e710
        0x5582c203e710
        0x5582c203e710
        0x5582c203e710
        0x5582c203e710
        0x5582c203e710
        0x5582c203e710
        0x5582c203e710
        0x5582c203e710
        0x5582c203e710
        0x5582c203e710
        0x5582c203e710
        0x5582c203e710
        0x5582c203e710
        0x5582c203e710
        0x5582c203e710
        0x5582c203e710
        0x5582c203e710
        0x5582c203e710
        0x5582c203e710
]: 1
@preempt_stack[
        0x7fef9cd40271
        0x7fef0000008d
        0x558200000000
]: 1
@preempt_stack[
        0x41d18016
]: 1
@preempt_stack[
        0x7fef9c924441
        0x7feefb846428
        0x7feefb9e578f
        0x5582be808500
]: 1
@preempt_stack[
        0x7fef9d6fdabf
]: 1
@preempt_stack[
        0x7fed9f0dd7b4
        0x14909052
]: 1
@preempt_stack[
        0x41c55f70
]: 1
@preempt_stack[
        0x7fef9baafcb7
]: 1
@preempt_stack[
        0x7feefb9ce4d8
        0x5582bf3d9710
        0x5582bf3d9710
        0x5582bf3d9710
        0x5582bf3d9710
        0x5582bf3d9710
        0x5582bf3d9710
        0x5582bf3d9710
        0x5582bf3d9710
        0x5582bf3d9710
        0x5582bf3d9710
        0x5582bf3d9710
        0x5582bf3d9710
        0x5582bf3d9710
        0x5582bf3d9710
        0x5582bf3d9710
        0x5582bf3d9710
        0x5582bf3d9710
        0x5582bf3d9710
        0x5582bf3d9710
        0x5582bf3d9710
        0x5582bf3d9710
        0x5582bf3d9710
        0x5582bf3d9710
        0x5582bf3d9710
        0x5582bf3d9710
        0x5582bf3d9710
        0x5582bf3d9710
        0x5582bf3d9710
        0x5582bf3d9710
        0x5582bf3d9710
        0x5582bf3d9710
        0x5582bf3d9710
        0x5582bf3d9710
        0x5582bf3d9710
        0x5582bf3d9710
        0x5582bf3d9710
        0x5582bf3d9710
        0x5582bf3d9710
        0x5582bf3d9710
        0x5582bf3d9710
        0x5582bf3d9710
        0x5582bf3d9710
        0x5582bf3d9710
        0x5582bf3d9710
        0x5582bf3d9710
        0x5582bf3d9710
        0x5582bf3d9710
        0x5582bf3d9710
        0x5582bf3d9710
        0x5582bf3d9710
        0x5582bf3d9710
        0x5582bf3d9710
        0x5582bf3d9710
        0x5582bf3d9710
        0x5582bf3d9710
        0x5582bf3d9710
        0x5582bf3d9710
        0x5582bf3d9710
        0x5582bf3d9710
        0x5582bf3d9710
        0x5582bf3d9710
        0x5582bf3d9710
        0x5582bf3d9710
        0x5582bf3d9710
        0x5582bf3d9710
        0x5582bf3d9710
        0x5582bf3d9710
        0x5582bf3d9710
        0x5582bf3d9710
        0x5582bf3d9710
        0x5582bf3d9710
        0x5582bf3d9710
        0x5582bf3d9710
        0x5582bf3d9710
        0x5582bf3d9710
        0x5582bf3d9710
        0x5582bf3d9710
        0x5582bf3d9710
        0x5582bf3d9710
        0x5582bf3d9710
        0x5582bf3d9710
        0x5582bf3d9710
        0x5582bf3d9710
        0x5582bf3d9710
        0x5582bf3d9710
        0x5582bf3d9710
        0x5582bf3d9710
        0x5582bf3d9710
        0x5582bf3d9710
        0x5582bf3d9710
        0x5582bf3d9710
        0x5582bf3d9710
        0x5582bf3d9710
        0x5582bf3d9710
        0x5582bf3d9710
        0x5582bf3d9710
        0x5582bf3d9710
        0x5582bf3d9710
        0x5582bf3d9710
        0x5582bf3d9710
        0x5582bf3d9710
        0x5582bf3d9710
        0x5582bf3d9710
        0x5582bf3d9710
        0x5582bf3d9710
        0x5582bf3d9710
        0x5582bf3d9710
        0x5582bf3d9710
        0x5582bf3d9710
        0x5582bf3d9710
        0x5582bf3d9710
        0x5582bf3d9710
        0x5582bf3d9710
        0x5582bf3d9710
        0x5582bf3d9710
        0x5582bf3d9710
        0x5582bf3d9710
        0x5582bf3d9710
        0x5582bf3d9710
        0x5582bf3d9710
        0x5582bf3d9710
        0x5582bf3d9710
        0x5582bf3d9710
        0x5582bf3d9710
        0x5582bf3d9710
        0x5582bf3d9710
]: 1
@preempt_stack[
        0x7fef9c6c61f9
]: 1
@preempt_stack[
        0x7fef9d4a6ab8
]: 1
@preempt_stack[
        0x7feefb9cb75e
        0x130000
        0x1
        0
        0x5582bee6ccd0
]: 1
@preempt_stack[
        0x41c54278
        0x41c53f68
        0x41c52e38
        0x41c2bbad
        0x41c2b928
        0
        0
        0x5582bf3bc3a8
        0x5582bf3bc3a8
        0x5582bf3bc3a8
        0x5582bf3bc3a8
        0x5582bf3bc3a8
        0x5582bf3bc3a8
        0x5582bf3bc3a8
        0x5582bf3bc3a8
        0x5582bf3bc3a8
        0x5582bf3bc3a8
        0x5582bf3bc3a8
        0x5582bf3bc3a8
        0x5582bf3bc3a8
        0x5582bf3bc3a8
        0x5582bf3bc3a8
        0x5582bf3bc3a8
        0x5582bf3bc3a8
        0x5582bf3bc3a8
        0x5582bf3bc3a8
        0x5582bf3bc3a8
        0x5582bf3bc3a8
        0x5582bf3bc3a8
        0x5582bf3bc3a8
        0x5582bf3bc3a8
        0x5582bf3bc3a8
        0x5582bf3bc3a8
        0x5582bf3bc3a8
        0x5582bf3bc3a8
        0x5582bf3bc3a8
        0x5582bf3bc3a8
        0x5582bf3bc3a8
        0x5582bf3bc3a8
        0x5582bf3bc3a8
        0x5582bf3bc3a8
        0x5582bf3bc3a8
        0x5582bf3bc3a8
        0x5582bf3bc3a8
        0x5582bf3bc3a8
        0x5582bf3bc3a8
        0x5582bf3bc3a8
        0x5582bf3bc3a8
        0x5582bf3bc3a8
        0x5582bf3bc3a8
        0x5582bf3bc3a8
        0x5582bf3bc3a8
        0x5582bf3bc3a8
        0x5582bf3bc3a8
        0x5582bf3bc3a8
        0x5582bf3bc3a8
        0x5582bf3bc3a8
        0x5582bf3bc3a8
        0x5582bf3bc3a8
        0x5582bf3bc3a8
        0x5582bf3bc3a8
        0x5582bf3bc3a8
        0x5582bf3bc3a8
        0x5582bf3bc3a8
        0x5582bf3bc3a8
        0x5582bf3bc3a8
        0x5582bf3bc3a8
        0x5582bf3bc3a8
        0x5582bf3bc3a8
        0x5582bf3bc3a8
        0x5582bf3bc3a8
        0x5582bf3bc3a8
        0x5582bf3bc3a8
        0x5582bf3bc3a8
        0x5582bf3bc3a8
        0x5582bf3bc3a8
        0x5582bf3bc3a8
        0x5582bf3bc3a8
        0x5582bf3bc3a8
        0x5582bf3bc3a8
        0x5582bf3bc3a8
        0x5582bf3bc3a8
        0x5582bf3bc3a8
        0x5582bf3bc3a8
        0x5582bf3bc3a8
        0x5582bf3bc3a8
        0x5582bf3bc3a8
        0x5582bf3bc3a8
        0x5582bf3bc3a8
        0x5582bf3bc3a8
        0x5582bf3bc3a8
        0x5582bf3bc3a8
        0x5582bf3bc3a8
        0x5582bf3bc3a8
        0x5582bf3bc3a8
        0x5582bf3bc3a8
        0x5582bf3bc3a8
        0x5582bf3bc3a8
        0x5582bf3bc3a8
        0x5582bf3bc3a8
        0x5582bf3bc3a8
        0x5582bf3bc3a8
        0x5582bf3bc3a8
        0x5582bf3bc3a8
        0x5582bf3bc3a8
        0x5582bf3bc3a8
        0x5582bf3bc3a8
        0x5582bf3bc3a8
        0x5582bf3bc3a8
        0x5582bf3bc3a8
        0x5582bf3bc3a8
        0x5582bf3bc3a8
        0x5582bf3bc3a8
        0x5582bf3bc3a8
        0x5582bf3bc3a8
        0x5582bf3bc3a8
        0x5582bf3bc3a8
        0x5582bf3bc3a8
        0x5582bf3bc3a8
        0x5582bf3bc3a8
        0x5582bf3bc3a8
        0x5582bf3bc3a8
        0x5582bf3bc3a8
        0x5582bf3bc3a8
        0x5582bf3bc3a8
        0x5582bf3bc3a8
        0x5582bf3bc3a8
]: 1
@preempt_stack[
        0x7feefba4d762
]: 1
@preempt_stack[
        0x4111ff64
        0x411407a6
        0x7feefb846428
        0x7feefb9e578f
        0x5582be808500
]: 1
@preempt_stack[
        0x7feefb9ce4d8
        0x5582c1da2e30
        0x5582c1da2e30
        0x5582c1da2e30
        0x5582c1da2e30
        0x5582c1da2e30
        0x5582c1da2e30
        0x5582c1da2e30
        0x5582c1da2e30
        0x5582c1da2e30
        0x5582c1da2e30
        0x5582c1da2e30
        0x5582c1da2e30
        0x5582c1da2e30
        0x5582c1da2e30
        0x5582c1da2e30
        0x5582c1da2e30
        0x5582c1da2e30
        0x5582c1da2e30
        0x5582c1da2e30
        0x5582c1da2e30
        0x5582c1da2e30
        0x5582c1da2e30
        0x5582c1da2e30
        0x5582c1da2e30
        0x5582c1da2e30
        0x5582c1da2e30
        0x5582c1da2e30
        0x5582c1da2e30
        0x5582c1da2e30
        0x5582c1da2e30
        0x5582c1da2e30
        0x5582c1da2e30
        0x5582c1da2e30
        0x5582c1da2e30
        0x5582c1da2e30
        0x5582c1da2e30
        0x5582c1da2e30
        0x5582c1da2e30
        0x5582c1da2e30
        0x5582c1da2e30
        0x5582c1da2e30
        0x5582c1da2e30
        0x5582c1da2e30
        0x5582c1da2e30
        0x5582c1da2e30
        0x5582c1da2e30
        0x5582c1da2e30
        0x5582c1da2e30
        0x5582c1da2e30
        0x5582c1da2e30
        0x5582c1da2e30
        0x5582c1da2e30
        0x5582c1da2e30
        0x5582c1da2e30
        0x5582c1da2e30
        0x5582c1da2e30
        0x5582c1da2e30
        0x5582c1da2e30
        0x5582c1da2e30
        0x5582c1da2e30
        0x5582c1da2e30
        0x5582c1da2e30
        0x5582c1da2e30
        0x5582c1da2e30
        0x5582c1da2e30
        0x5582c1da2e30
        0x5582c1da2e30
        0x5582c1da2e30
        0x5582c1da2e30
        0x5582c1da2e30
        0x5582c1da2e30
        0x5582c1da2e30
        0x5582c1da2e30
        0x5582c1da2e30
        0x5582c1da2e30
        0x5582c1da2e30
        0x5582c1da2e30
        0x5582c1da2e30
        0x5582c1da2e30
        0x5582c1da2e30
        0x5582c1da2e30
        0x5582c1da2e30
        0x5582c1da2e30
        0x5582c1da2e30
        0x5582c1da2e30
        0x5582c1da2e30
        0x5582c1da2e30
        0x5582c1da2e30
        0x5582c1da2e30
        0x5582c1da2e30
        0x5582c1da2e30
        0x5582c1da2e30
        0x5582c1da2e30
        0x5582c1da2e30
        0x5582c1da2e30
        0x5582c1da2e30
        0x5582c1da2e30
        0x5582c1da2e30
        0x5582c1da2e30
        0x5582c1da2e30
        0x5582c1da2e30
        0x5582c1da2e30
        0x5582c1da2e30
        0x5582c1da2e30
        0x5582c1da2e30
        0x5582c1da2e30
        0x5582c1da2e30
        0x5582c1da2e30
        0x5582c1da2e30
        0x5582c1da2e30
        0x5582c1da2e30
        0x5582c1da2e30
        0x5582c1da2e30
        0x5582c1da2e30
        0x5582c1da2e30
        0x5582c1da2e30
        0x5582c1da2e30
        0x5582c1da2e30
        0x5582c1da2e30
        0x5582c1da2e30
        0x5582c1da2e30
        0x5582c1da2e30
        0x5582c1da2e30
        0x5582c1da2e30
        0x5582c1da2e30
        0x5582c1da2e30
]: 1
@preempt_stack[
        0x4111eda8
        0x4120859c
        0x4120850c
        0x41cb84bf
        0x41cb49a5
        0x41cb48f8
        0x41cb43c8
        0
        0x3c00000000000001
        0x5582bf9b3d20
        0x5582bf9b3d20
        0x5582bf9b3d20
        0x5582bf9b3d20
        0x5582bf9b3d20
        0x5582bf9b3d20
        0x5582bf9b3d20
        0x5582bf9b3d20
        0x5582bf9b3d20
        0x5582bf9b3d20
        0x5582bf9b3d20
        0x5582bf9b3d20
        0x5582bf9b3d20
        0x5582bf9b3d20
        0x5582bf9b3d20
        0x5582bf9b3d20
        0x5582bf9b3d20
        0x5582bf9b3d20
        0x5582bf9b3d20
        0x5582bf9b3d20
        0x5582bf9b3d20
        0x5582bf9b3d20
        0x5582bf9b3d20
        0x5582bf9b3d20
        0x5582bf9b3d20
        0x5582bf9b3d20
        0x5582bf9b3d20
        0x5582bf9b3d20
        0x5582bf9b3d20
        0x5582bf9b3d20
        0x5582bf9b3d20
        0x5582bf9b3d20
        0x5582bf9b3d20
        0x5582bf9b3d20
        0x5582bf9b3d20
        0x5582bf9b3d20
        0x5582bf9b3d20
        0x5582bf9b3d20
        0x5582bf9b3d20
        0x5582bf9b3d20
        0x5582bf9b3d20
        0x5582bf9b3d20
        0x5582bf9b3d20
        0x5582bf9b3d20
        0x5582bf9b3d20
        0x5582bf9b3d20
        0x5582bf9b3d20
        0x5582bf9b3d20
        0x5582bf9b3d20
        0x5582bf9b3d20
        0x5582bf9b3d20
        0x5582bf9b3d20
        0x5582bf9b3d20
        0x5582bf9b3d20
        0x5582bf9b3d20
        0x5582bf9b3d20
        0x5582bf9b3d20
        0x5582bf9b3d20
        0x5582bf9b3d20
        0x5582bf9b3d20
        0x5582bf9b3d20
        0x5582bf9b3d20
        0x5582bf9b3d20
        0x5582bf9b3d20
        0x5582bf9b3d20
        0x5582bf9b3d20
        0x5582bf9b3d20
        0x5582bf9b3d20
        0x5582bf9b3d20
        0x5582bf9b3d20
        0x5582bf9b3d20
        0x5582bf9b3d20
        0x5582bf9b3d20
        0x5582bf9b3d20
        0x5582bf9b3d20
        0x5582bf9b3d20
        0x5582bf9b3d20
        0x5582bf9b3d20
        0x5582bf9b3d20
        0x5582bf9b3d20
        0x5582bf9b3d20
        0x5582bf9b3d20
        0x5582bf9b3d20
        0x5582bf9b3d20
        0x5582bf9b3d20
        0x5582bf9b3d20
        0x5582bf9b3d20
        0x5582bf9b3d20
        0x5582bf9b3d20
        0x5582bf9b3d20
        0x5582bf9b3d20
        0x5582bf9b3d20
        0x5582bf9b3d20
        0x5582bf9b3d20
        0x5582bf9b3d20
        0x5582bf9b3d20
        0x5582bf9b3d20
        0x5582bf9b3d20
        0x5582bf9b3d20
        0x5582bf9b3d20
        0x5582bf9b3d20
        0x5582bf9b3d20
        0x5582bf9b3d20
        0x5582bf9b3d20
        0x5582bf9b3d20
        0x5582bf9b3d20
        0x5582bf9b3d20
        0x5582bf9b3d20
        0x5582bf9b3d20
        0x5582bf9b3d20
        0x5582bf9b3d20
        0x5582bf9b3d20
        0x5582bf9b3d20
        0x5582bf9b3d20
        0x5582bf9b3d20
        0x5582bf9b3d20
        0x5582bf9b3d20
        0x5582bf9b3d20
]: 1
@preempt_stack[
        0x7fef9c905d8e
]: 1
@preempt_stack[
        0x7feefb9dcfa3
        0x110000
        0x5582c014da20
        0x5582c014da20
        0x5582c014da20
        0x5582c014da20
        0x5582c014da20
        0x5582c014da20
        0x5582c014da20
        0x5582c014da20
        0x5582c014da20
        0x5582c014da20
        0x5582c014da20
        0x5582c014da20
        0x5582c014da20
        0x5582c014da20
        0x5582c014da20
        0x5582c014da20
        0x5582c014da20
        0x5582c014da20
        0x5582c014da20
        0x5582c014da20
        0x5582c014da20
        0x5582c014da20
        0x5582c014da20
        0x5582c014da20
        0x5582c014da20
        0x5582c014da20
        0x5582c014da20
        0x5582c014da20
        0x5582c014da20
        0x5582c014da20
        0x5582c014da20
        0x5582c014da20
        0x5582c014da20
        0x5582c014da20
        0x5582c014da20
        0x5582c014da20
        0x5582c014da20
        0x5582c014da20
        0x5582c014da20
        0x5582c014da20
        0x5582c014da20
        0x5582c014da20
        0x5582c014da20
        0x5582c014da20
        0x5582c014da20
        0x5582c014da20
        0x5582c014da20
        0x5582c014da20
        0x5582c014da20
        0x5582c014da20
        0x5582c014da20
        0x5582c014da20
        0x5582c014da20
        0x5582c014da20
        0x5582c014da20
        0x5582c014da20
        0x5582c014da20
        0x5582c014da20
        0x5582c014da20
        0x5582c014da20
        0x5582c014da20
        0x5582c014da20
        0x5582c014da20
        0x5582c014da20
        0x5582c014da20
        0x5582c014da20
        0x5582c014da20
        0x5582c014da20
        0x5582c014da20
        0x5582c014da20
        0x5582c014da20
        0x5582c014da20
        0x5582c014da20
        0x5582c014da20
        0x5582c014da20
        0x5582c014da20
        0x5582c014da20
        0x5582c014da20
        0x5582c014da20
        0x5582c014da20
        0x5582c014da20
        0x5582c014da20
        0x5582c014da20
        0x5582c014da20
        0x5582c014da20
        0x5582c014da20
        0x5582c014da20
        0x5582c014da20
        0x5582c014da20
        0x5582c014da20
        0x5582c014da20
        0x5582c014da20
        0x5582c014da20
        0x5582c014da20
        0x5582c014da20
        0x5582c014da20
        0x5582c014da20
        0x5582c014da20
        0x5582c014da20
        0x5582c014da20
        0x5582c014da20
        0x5582c014da20
        0x5582c014da20
        0x5582c014da20
        0x5582c014da20
        0x5582c014da20
        0x5582c014da20
        0x5582c014da20
        0x5582c014da20
        0x5582c014da20
        0x5582c014da20
        0x5582c014da20
        0x5582c014da20
        0x5582c014da20
        0x5582c014da20
        0x5582c014da20
        0x5582c014da20
        0x5582c014da20
        0x5582c014da20
        0x5582c014da20
        0x5582c014da20
        0x5582c014da20
        0x5582c014da20
        0x5582c014da20
        0x5582c014da20
]: 1
@preempt_stack[
        0x7fef9ccd373c
        0x2f004700240022
]: 1
@preempt_stack[
        0x4114358b
        0x41b87864
        0x416f6adf
        0x7feefb846428
        0x7feefb9e578f
        0x5582be808500
]: 1
@preempt_stack[
        0x7feefb9cb5c4
        0
        0
        0x5582c1e0a940
]: 1
@preempt_stack[
        0x7feefb9cb64f
        0x130000
        0x1
        0
        0x5582c173b770
]: 1
@preempt_stack[
        mono_g_hash_table_lookup+21
        0x130000
        0
        0
        0x5582c1b0a360
]: 1
@preempt_stack[
        0x7fef9cd316c4
        0xffffffff
]: 1
@preempt_stack[
        0x7fef9d5b628c
]: 1
@preempt_stack[
        0x7feefb9dcfa3
        0x120000
        0x5582c199c7a0
        0x5582c199c7a0
        0x5582c199c7a0
        0x5582c199c7a0
        0x5582c199c7a0
        0x5582c199c7a0
        0x5582c199c7a0
        0x5582c199c7a0
        0x5582c199c7a0
        0x5582c199c7a0
        0x5582c199c7a0
        0x5582c199c7a0
        0x5582c199c7a0
        0x5582c199c7a0
        0x5582c199c7a0
        0x5582c199c7a0
        0x5582c199c7a0
        0x5582c199c7a0
        0x5582c199c7a0
        0x5582c199c7a0
        0x5582c199c7a0
        0x5582c199c7a0
        0x5582c199c7a0
        0x5582c199c7a0
        0x5582c199c7a0
        0x5582c199c7a0
        0x5582c199c7a0
        0x5582c199c7a0
        0x5582c199c7a0
        0x5582c199c7a0
        0x5582c199c7a0
        0x5582c199c7a0
        0x5582c199c7a0
        0x5582c199c7a0
        0x5582c199c7a0
        0x5582c199c7a0
        0x5582c199c7a0
        0x5582c199c7a0
        0x5582c199c7a0
        0x5582c199c7a0
        0x5582c199c7a0
        0x5582c199c7a0
        0x5582c199c7a0
        0x5582c199c7a0
        0x5582c199c7a0
        0x5582c199c7a0
        0x5582c199c7a0
        0x5582c199c7a0
        0x5582c199c7a0
        0x5582c199c7a0
        0x5582c199c7a0
        0x5582c199c7a0
        0x5582c199c7a0
        0x5582c199c7a0
        0x5582c199c7a0
        0x5582c199c7a0
        0x5582c199c7a0
        0x5582c199c7a0
        0x5582c199c7a0
        0x5582c199c7a0
        0x5582c199c7a0
        0x5582c199c7a0
        0x5582c199c7a0
        0x5582c199c7a0
        0x5582c199c7a0
        0x5582c199c7a0
        0x5582c199c7a0
        0x5582c199c7a0
        0x5582c199c7a0
        0x5582c199c7a0
        0x5582c199c7a0
        0x5582c199c7a0
        0x5582c199c7a0
        0x5582c199c7a0
        0x5582c199c7a0
        0x5582c199c7a0
        0x5582c199c7a0
        0x5582c199c7a0
        0x5582c199c7a0
        0x5582c199c7a0
        0x5582c199c7a0
        0x5582c199c7a0
        0x5582c199c7a0
        0x5582c199c7a0
        0x5582c199c7a0
        0x5582c199c7a0
        0x5582c199c7a0
        0x5582c199c7a0
        0x5582c199c7a0
        0x5582c199c7a0
        0x5582c199c7a0
        0x5582c199c7a0
        0x5582c199c7a0
        0x5582c199c7a0
        0x5582c199c7a0
        0x5582c199c7a0
        0x5582c199c7a0
        0x5582c199c7a0
        0x5582c199c7a0
        0x5582c199c7a0
        0x5582c199c7a0
        0x5582c199c7a0
        0x5582c199c7a0
        0x5582c199c7a0
        0x5582c199c7a0
        0x5582c199c7a0
        0x5582c199c7a0
        0x5582c199c7a0
        0x5582c199c7a0
        0x5582c199c7a0
        0x5582c199c7a0
        0x5582c199c7a0
        0x5582c199c7a0
        0x5582c199c7a0
        0x5582c199c7a0
        0x5582c199c7a0
        0x5582c199c7a0
        0x5582c199c7a0
        0x5582c199c7a0
        0x5582c199c7a0
        0x5582c199c7a0
        0x5582c199c7a0
        0x5582c199c7a0
        0x5582c199c7a0
        0x5582c199c7a0
]: 1
@preempt_stack[
        0x7feefb9cb76a
        0x130000
        0
        0
        0x5582c1950bc0
]: 1
@preempt_stack[
        0x7feefb9ce4d8
        0x5582c1cc8e88
        0x5582c1cc8e88
        0x5582c1cc8e88
        0x5582c1cc8e88
        0x5582c1cc8e88
        0x5582c1cc8e88
        0x5582c1cc8e88
        0x5582c1cc8e88
        0x5582c1cc8e88
        0x5582c1cc8e88
        0x5582c1cc8e88
        0x5582c1cc8e88
        0x5582c1cc8e88
        0x5582c1cc8e88
        0x5582c1cc8e88
        0x5582c1cc8e88
        0x5582c1cc8e88
        0x5582c1cc8e88
        0x5582c1cc8e88
        0x5582c1cc8e88
        0x5582c1cc8e88
        0x5582c1cc8e88
        0x5582c1cc8e88
        0x5582c1cc8e88
        0x5582c1cc8e88
        0x5582c1cc8e88
        0x5582c1cc8e88
        0x5582c1cc8e88
        0x5582c1cc8e88
        0x5582c1cc8e88
        0x5582c1cc8e88
        0x5582c1cc8e88
        0x5582c1cc8e88
        0x5582c1cc8e88
        0x5582c1cc8e88
        0x5582c1cc8e88
        0x5582c1cc8e88
        0x5582c1cc8e88
        0x5582c1cc8e88
        0x5582c1cc8e88
        0x5582c1cc8e88
        0x5582c1cc8e88
        0x5582c1cc8e88
        0x5582c1cc8e88
        0x5582c1cc8e88
        0x5582c1cc8e88
        0x5582c1cc8e88
        0x5582c1cc8e88
        0x5582c1cc8e88
        0x5582c1cc8e88
        0x5582c1cc8e88
        0x5582c1cc8e88
        0x5582c1cc8e88
        0x5582c1cc8e88
        0x5582c1cc8e88
        0x5582c1cc8e88
        0x5582c1cc8e88
        0x5582c1cc8e88
        0x5582c1cc8e88
        0x5582c1cc8e88
        0x5582c1cc8e88
        0x5582c1cc8e88
        0x5582c1cc8e88
        0x5582c1cc8e88
        0x5582c1cc8e88
        0x5582c1cc8e88
        0x5582c1cc8e88
        0x5582c1cc8e88
        0x5582c1cc8e88
        0x5582c1cc8e88
        0x5582c1cc8e88
        0x5582c1cc8e88
        0x5582c1cc8e88
        0x5582c1cc8e88
        0x5582c1cc8e88
        0x5582c1cc8e88
        0x5582c1cc8e88
        0x5582c1cc8e88
        0x5582c1cc8e88
        0x5582c1cc8e88
        0x5582c1cc8e88
        0x5582c1cc8e88
        0x5582c1cc8e88
        0x5582c1cc8e88
        0x5582c1cc8e88
        0x5582c1cc8e88
        0x5582c1cc8e88
        0x5582c1cc8e88
        0x5582c1cc8e88
        0x5582c1cc8e88
        0x5582c1cc8e88
        0x5582c1cc8e88
        0x5582c1cc8e88
        0x5582c1cc8e88
        0x5582c1cc8e88
        0x5582c1cc8e88
        0x5582c1cc8e88
        0x5582c1cc8e88
        0x5582c1cc8e88
        0x5582c1cc8e88
        0x5582c1cc8e88
        0x5582c1cc8e88
        0x5582c1cc8e88
        0x5582c1cc8e88
        0x5582c1cc8e88
        0x5582c1cc8e88
        0x5582c1cc8e88
        0x5582c1cc8e88
        0x5582c1cc8e88
        0x5582c1cc8e88
        0x5582c1cc8e88
        0x5582c1cc8e88
        0x5582c1cc8e88
        0x5582c1cc8e88
        0x5582c1cc8e88
        0x5582c1cc8e88
        0x5582c1cc8e88
        0x5582c1cc8e88
        0x5582c1cc8e88
        0x5582c1cc8e88
        0x5582c1cc8e88
        0x5582c1cc8e88
        0x5582c1cc8e88
        0x5582c1cc8e88
        0x5582c1cc8e88
        0x5582c1cc8e88
]: 1
@preempt_stack[
        mono_metadata_type_hash+80
        0x120000
        0x5582c203f4a8
        0x5582c203f4a8
        0x5582c203f4a8
        0x5582c203f4a8
        0x5582c203f4a8
        0x5582c203f4a8
        0x5582c203f4a8
        0x5582c203f4a8
        0x5582c203f4a8
        0x5582c203f4a8
        0x5582c203f4a8
        0x5582c203f4a8
        0x5582c203f4a8
        0x5582c203f4a8
        0x5582c203f4a8
        0x5582c203f4a8
        0x5582c203f4a8
        0x5582c203f4a8
        0x5582c203f4a8
        0x5582c203f4a8
        0x5582c203f4a8
        0x5582c203f4a8
        0x5582c203f4a8
        0x5582c203f4a8
        0x5582c203f4a8
        0x5582c203f4a8
        0x5582c203f4a8
        0x5582c203f4a8
        0x5582c203f4a8
        0x5582c203f4a8
        0x5582c203f4a8
        0x5582c203f4a8
        0x5582c203f4a8
        0x5582c203f4a8
        0x5582c203f4a8
        0x5582c203f4a8
        0x5582c203f4a8
        0x5582c203f4a8
        0x5582c203f4a8
        0x5582c203f4a8
        0x5582c203f4a8
        0x5582c203f4a8
        0x5582c203f4a8
        0x5582c203f4a8
        0x5582c203f4a8
        0x5582c203f4a8
        0x5582c203f4a8
        0x5582c203f4a8
        0x5582c203f4a8
        0x5582c203f4a8
        0x5582c203f4a8
        0x5582c203f4a8
        0x5582c203f4a8
        0x5582c203f4a8
        0x5582c203f4a8
        0x5582c203f4a8
        0x5582c203f4a8
        0x5582c203f4a8
        0x5582c203f4a8
        0x5582c203f4a8
        0x5582c203f4a8
        0x5582c203f4a8
        0x5582c203f4a8
        0x5582c203f4a8
        0x5582c203f4a8
        0x5582c203f4a8
        0x5582c203f4a8
        0x5582c203f4a8
        0x5582c203f4a8
        0x5582c203f4a8
        0x5582c203f4a8
        0x5582c203f4a8
        0x5582c203f4a8
        0x5582c203f4a8
        0x5582c203f4a8
        0x5582c203f4a8
        0x5582c203f4a8
        0x5582c203f4a8
        0x5582c203f4a8
        0x5582c203f4a8
        0x5582c203f4a8
        0x5582c203f4a8
        0x5582c203f4a8
        0x5582c203f4a8
        0x5582c203f4a8
        0x5582c203f4a8
        0x5582c203f4a8
        0x5582c203f4a8
        0x5582c203f4a8
        0x5582c203f4a8
        0x5582c203f4a8
        0x5582c203f4a8
        0x5582c203f4a8
        0x5582c203f4a8
        0x5582c203f4a8
        0x5582c203f4a8
        0x5582c203f4a8
        0x5582c203f4a8
        0x5582c203f4a8
        0x5582c203f4a8
        0x5582c203f4a8
        0x5582c203f4a8
        0x5582c203f4a8
        0x5582c203f4a8
        0x5582c203f4a8
        0x5582c203f4a8
        0x5582c203f4a8
        0x5582c203f4a8
        0x5582c203f4a8
        0x5582c203f4a8
        0x5582c203f4a8
        0x5582c203f4a8
        0x5582c203f4a8
        0x5582c203f4a8
        0x5582c203f4a8
        0x5582c203f4a8
        0x5582c203f4a8
        0x5582c203f4a8
        0x5582c203f4a8
        0x5582c203f4a8
        0x5582c203f4a8
        0x5582c203f4a8
        0x5582c203f4a8
        0x5582c203f4a8
        0x5582c203f4a8
]: 1
@preempt_stack[
        0x7feefb9cb64f
        0x130000
        0
        0
        0x5582c16c21c0
]: 1
@preempt_stack[
        0x41a06c00
        0x413821e6
        0x4137da64
        0x7feefb846428
        0x7feefb9e578f
        0x5582be808500
]: 1
@preempt_stack[
        GC_dirty_inner+41
        0x7fef9000395b
        0x7feed0081abb
        0x411407a6
        0x7feefb846428
        0x7feefb9e578f
        0x5582be808500
]: 1
@preempt_stack[
        0x7feefb9ce4d8
        0x5582c1a93df0
        0x5582c1a93df0
        0x5582c1a93df0
        0x5582c1a93df0
        0x5582c1a93df0
        0x5582c1a93df0
        0x5582c1a93df0
        0x5582c1a93df0
        0x5582c1a93df0
        0x5582c1a93df0
        0x5582c1a93df0
        0x5582c1a93df0
        0x5582c1a93df0
        0x5582c1a93df0
        0x5582c1a93df0
        0x5582c1a93df0
        0x5582c1a93df0
        0x5582c1a93df0
        0x5582c1a93df0
        0x5582c1a93df0
        0x5582c1a93df0
        0x5582c1a93df0
        0x5582c1a93df0
        0x5582c1a93df0
        0x5582c1a93df0
        0x5582c1a93df0
        0x5582c1a93df0
        0x5582c1a93df0
        0x5582c1a93df0
        0x5582c1a93df0
        0x5582c1a93df0
        0x5582c1a93df0
        0x5582c1a93df0
        0x5582c1a93df0
        0x5582c1a93df0
        0x5582c1a93df0
        0x5582c1a93df0
        0x5582c1a93df0
        0x5582c1a93df0
        0x5582c1a93df0
        0x5582c1a93df0
        0x5582c1a93df0
        0x5582c1a93df0
        0x5582c1a93df0
        0x5582c1a93df0
        0x5582c1a93df0
        0x5582c1a93df0
        0x5582c1a93df0
        0x5582c1a93df0
        0x5582c1a93df0
        0x5582c1a93df0
        0x5582c1a93df0
        0x5582c1a93df0
        0x5582c1a93df0
        0x5582c1a93df0
        0x5582c1a93df0
        0x5582c1a93df0
        0x5582c1a93df0
        0x5582c1a93df0
        0x5582c1a93df0
        0x5582c1a93df0
        0x5582c1a93df0
        0x5582c1a93df0
        0x5582c1a93df0
        0x5582c1a93df0
        0x5582c1a93df0
        0x5582c1a93df0
        0x5582c1a93df0
        0x5582c1a93df0
        0x5582c1a93df0
        0x5582c1a93df0
        0x5582c1a93df0
        0x5582c1a93df0
        0x5582c1a93df0
        0x5582c1a93df0
        0x5582c1a93df0
        0x5582c1a93df0
        0x5582c1a93df0
        0x5582c1a93df0
        0x5582c1a93df0
        0x5582c1a93df0
        0x5582c1a93df0
        0x5582c1a93df0
        0x5582c1a93df0
        0x5582c1a93df0
        0x5582c1a93df0
        0x5582c1a93df0
        0x5582c1a93df0
        0x5582c1a93df0
        0x5582c1a93df0
        0x5582c1a93df0
        0x5582c1a93df0
        0x5582c1a93df0
        0x5582c1a93df0
        0x5582c1a93df0
        0x5582c1a93df0
        0x5582c1a93df0
        0x5582c1a93df0
        0x5582c1a93df0
        0x5582c1a93df0
        0x5582c1a93df0
        0x5582c1a93df0
        0x5582c1a93df0
        0x5582c1a93df0
        0x5582c1a93df0
        0x5582c1a93df0
        0x5582c1a93df0
        0x5582c1a93df0
        0x5582c1a93df0
        0x5582c1a93df0
        0x5582c1a93df0
        0x5582c1a93df0
        0x5582c1a93df0
        0x5582c1a93df0
        0x5582c1a93df0
        0x5582c1a93df0
        0x5582c1a93df0
        0x5582c1a93df0
        0x5582c1a93df0
        0x5582c1a93df0
        0x5582c1a93df0
        0x5582c1a93df0
        0x5582c1a93df0
        0x5582c1a93df0
        0x5582c1a93df0
        0x5582c1a93df0
]: 1
@preempt_stack[
        0x7fef9cd512d0
]: 1
@preempt_stack[
        0x7fef9d5b2bb9
]: 1
@preempt_stack[
        0x7fef9cd55a95
        0xffffffff00000002
]: 1
@preempt_stack[
        0x7fef9c504eec
        0x7fef9000395b
        0x7feed0081abb
        0x411407a6
        0x7feefb846428
        0x7feefb9e578f
        0x5582be808500
]: 1
@preempt_stack[
        0x7fef9cd5103e
]: 1
@preempt_stack[
        0x7fef9cd4e96a
        0x50f050605040501
]: 1
@preempt_stack[
        pthread_cond_wait+169
        0xc7
]: 1
@preempt_stack[
        0x7fef9cd4e96f
        0x2eaf0cdb28aa9316
]: 1
@preempt_stack[
        0x407311d4
        0x411407a6
        0x7feefb846428
        0x7feefb9e578f
        0x5582be808500
]: 1
@preempt_stack[
        0x7feefb9cb5b8
        0
        0
        0x5582c1eab550
]: 1
@preempt_stack[
        0x4172a8cc
        0x411407a6
        0x7feefb846428
        0x7feefb9e578f
        0x5582be808500
]: 1
@preempt_stack[
        0x7fef9cd431d3
        0x10000
        0x7fef61f5d9b0
        0x58
]: 1
@preempt_stack[
        0x7feefb9e37f9
        0
]: 1
@preempt_stack[
        0x7fef9d5b4a13
]: 1
@preempt_stack[
        0x7feefb9e44f9
        0x120000
        0x5582c1f97440
        0x5582c1f97440
        0x5582c1f97440
        0x5582c1f97440
        0x5582c1f97440
        0x5582c1f97440
        0x5582c1f97440
        0x5582c1f97440
        0x5582c1f97440
        0x5582c1f97440
        0x5582c1f97440
        0x5582c1f97440
        0x5582c1f97440
        0x5582c1f97440
        0x5582c1f97440
        0x5582c1f97440
        0x5582c1f97440
        0x5582c1f97440
        0x5582c1f97440
        0x5582c1f97440
        0x5582c1f97440
        0x5582c1f97440
        0x5582c1f97440
        0x5582c1f97440
        0x5582c1f97440
        0x5582c1f97440
        0x5582c1f97440
        0x5582c1f97440
        0x5582c1f97440
        0x5582c1f97440
        0x5582c1f97440
        0x5582c1f97440
        0x5582c1f97440
        0x5582c1f97440
        0x5582c1f97440
        0x5582c1f97440
        0x5582c1f97440
        0x5582c1f97440
        0x5582c1f97440
        0x5582c1f97440
        0x5582c1f97440
        0x5582c1f97440
        0x5582c1f97440
        0x5582c1f97440
        0x5582c1f97440
        0x5582c1f97440
        0x5582c1f97440
        0x5582c1f97440
        0x5582c1f97440
        0x5582c1f97440
        0x5582c1f97440
        0x5582c1f97440
        0x5582c1f97440
        0x5582c1f97440
        0x5582c1f97440
        0x5582c1f97440
        0x5582c1f97440
        0x5582c1f97440
        0x5582c1f97440
        0x5582c1f97440
        0x5582c1f97440
        0x5582c1f97440
        0x5582c1f97440
        0x5582c1f97440
        0x5582c1f97440
        0x5582c1f97440
        0x5582c1f97440
        0x5582c1f97440
        0x5582c1f97440
        0x5582c1f97440
        0x5582c1f97440
        0x5582c1f97440
        0x5582c1f97440
        0x5582c1f97440
        0x5582c1f97440
        0x5582c1f97440
        0x5582c1f97440
        0x5582c1f97440
        0x5582c1f97440
        0x5582c1f97440
        0x5582c1f97440
        0x5582c1f97440
        0x5582c1f97440
        0x5582c1f97440
        0x5582c1f97440
        0x5582c1f97440
        0x5582c1f97440
        0x5582c1f97440
        0x5582c1f97440
        0x5582c1f97440
        0x5582c1f97440
        0x5582c1f97440
        0x5582c1f97440
        0x5582c1f97440
        0x5582c1f97440
        0x5582c1f97440
        0x5582c1f97440
        0x5582c1f97440
        0x5582c1f97440
        0x5582c1f97440
        0x5582c1f97440
        0x5582c1f97440
        0x5582c1f97440
        0x5582c1f97440
        0x5582c1f97440
        0x5582c1f97440
        0x5582c1f97440
        0x5582c1f97440
        0x5582c1f97440
        0x5582c1f97440
        0x5582c1f97440
        0x5582c1f97440
        0x5582c1f97440
        0x5582c1f97440
        0x5582c1f97440
        0x5582c1f97440
        0x5582c1f97440
        0x5582c1f97440
        0x5582c1f97440
        0x5582c1f97440
        0x5582c1f97440
        0x5582c1f97440
        0x5582c1f97440
        0x5582c1f97440
        0x5582c1f97440
]: 1
@preempt_stack[
        0x7fef9d5b2971
]: 1
@preempt_stack[
        0x7fef9c506cb2
        0
        0x1ffc7ff000000001
        0x5582bf38eef0
        0x5582bf38eef0
        0x5582bf38eef0
        0x5582bf38eef0
        0x5582bf38eef0
        0x5582bf38eef0
        0x5582bf38eef0
        0x5582bf38eef0
        0x5582bf38eef0
        0x5582bf38eef0
        0x5582bf38eef0
        0x5582bf38eef0
        0x5582bf38eef0
        0x5582bf38eef0
        0x5582bf38eef0
        0x5582bf38eef0
        0x5582bf38eef0
        0x5582bf38eef0
        0x5582bf38eef0
        0x5582bf38eef0
        0x5582bf38eef0
        0x5582bf38eef0
        0x5582bf38eef0
        0x5582bf38eef0
        0x5582bf38eef0
        0x5582bf38eef0
        0x5582bf38eef0
        0x5582bf38eef0
        0x5582bf38eef0
        0x5582bf38eef0
        0x5582bf38eef0
        0x5582bf38eef0
        0x5582bf38eef0
        0x5582bf38eef0
        0x5582bf38eef0
        0x5582bf38eef0
        0x5582bf38eef0
        0x5582bf38eef0
        0x5582bf38eef0
        0x5582bf38eef0
        0x5582bf38eef0
        0x5582bf38eef0
        0x5582bf38eef0
        0x5582bf38eef0
        0x5582bf38eef0
        0x5582bf38eef0
        0x5582bf38eef0
        0x5582bf38eef0
        0x5582bf38eef0
        0x5582bf38eef0
        0x5582bf38eef0
        0x5582bf38eef0
        0x5582bf38eef0
        0x5582bf38eef0
        0x5582bf38eef0
        0x5582bf38eef0
        0x5582bf38eef0
        0x5582bf38eef0
        0x5582bf38eef0
        0x5582bf38eef0
        0x5582bf38eef0
        0x5582bf38eef0
        0x5582bf38eef0
        0x5582bf38eef0
        0x5582bf38eef0
        0x5582bf38eef0
        0x5582bf38eef0
        0x5582bf38eef0
        0x5582bf38eef0
        0x5582bf38eef0
        0x5582bf38eef0
        0x5582bf38eef0
        0x5582bf38eef0
        0x5582bf38eef0
        0x5582bf38eef0
        0x5582bf38eef0
        0x5582bf38eef0
        0x5582bf38eef0
        0x5582bf38eef0
        0x5582bf38eef0
        0x5582bf38eef0
        0x5582bf38eef0
        0x5582bf38eef0
        0x5582bf38eef0
        0x5582bf38eef0
        0x5582bf38eef0
        0x5582bf38eef0
        0x5582bf38eef0
        0x5582bf38eef0
        0x5582bf38eef0
        0x5582bf38eef0
        0x5582bf38eef0
        0x5582bf38eef0
        0x5582bf38eef0
        0x5582bf38eef0
        0x5582bf38eef0
        0x5582bf38eef0
        0x5582bf38eef0
        0x5582bf38eef0
        0x5582bf38eef0
        0x5582bf38eef0
        0x5582bf38eef0
        0x5582bf38eef0
        0x5582bf38eef0
        0x5582bf38eef0
        0x5582bf38eef0
        0x5582bf38eef0
        0x5582bf38eef0
        0x5582bf38eef0
        0x5582bf38eef0
        0x5582bf38eef0
        0x5582bf38eef0
        0x5582bf38eef0
        0x5582bf38eef0
        0x5582bf38eef0
        0x5582bf38eef0
        0x5582bf38eef0
        0x5582bf38eef0
        0x5582bf38eef0
        0x5582bf38eef0
        0x5582bf38eef0
        0x5582bf38eef0
        0x5582bf38eef0
        0x5582bf38eef0
]: 1
@preempt_stack[
        mono_g_hash_table_lookup_extended+66
        0x120000
        0x5582c1478a20
        0x5582c1478a20
        0x5582c1478a20
        0x5582c1478a20
        0x5582c1478a20
        0x5582c1478a20
        0x5582c1478a20
        0x5582c1478a20
        0x5582c1478a20
        0x5582c1478a20
        0x5582c1478a20
        0x5582c1478a20
        0x5582c1478a20
        0x5582c1478a20
        0x5582c1478a20
        0x5582c1478a20
        0x5582c1478a20
        0x5582c1478a20
        0x5582c1478a20
        0x5582c1478a20
        0x5582c1478a20
        0x5582c1478a20
        0x5582c1478a20
        0x5582c1478a20
        0x5582c1478a20
        0x5582c1478a20
        0x5582c1478a20
        0x5582c1478a20
        0x5582c1478a20
        0x5582c1478a20
        0x5582c1478a20
        0x5582c1478a20
        0x5582c1478a20
        0x5582c1478a20
        0x5582c1478a20
        0x5582c1478a20
        0x5582c1478a20
        0x5582c1478a20
        0x5582c1478a20
        0x5582c1478a20
        0x5582c1478a20
        0x5582c1478a20
        0x5582c1478a20
        0x5582c1478a20
        0x5582c1478a20
        0x5582c1478a20
        0x5582c1478a20
        0x5582c1478a20
        0x5582c1478a20
        0x5582c1478a20
        0x5582c1478a20
        0x5582c1478a20
        0x5582c1478a20
        0x5582c1478a20
        0x5582c1478a20
        0x5582c1478a20
        0x5582c1478a20
        0x5582c1478a20
        0x5582c1478a20
        0x5582c1478a20
        0x5582c1478a20
        0x5582c1478a20
        0x5582c1478a20
        0x5582c1478a20
        0x5582c1478a20
        0x5582c1478a20
        0x5582c1478a20
        0x5582c1478a20
        0x5582c1478a20
        0x5582c1478a20
        0x5582c1478a20
        0x5582c1478a20
        0x5582c1478a20
        0x5582c1478a20
        0x5582c1478a20
        0x5582c1478a20
        0x5582c1478a20
        0x5582c1478a20
        0x5582c1478a20
        0x5582c1478a20
        0x5582c1478a20
        0x5582c1478a20
        0x5582c1478a20
        0x5582c1478a20
        0x5582c1478a20
        0x5582c1478a20
        0x5582c1478a20
        0x5582c1478a20
        0x5582c1478a20
        0x5582c1478a20
        0x5582c1478a20
        0x5582c1478a20
        0x5582c1478a20
        0x5582c1478a20
        0x5582c1478a20
        0x5582c1478a20
        0x5582c1478a20
        0x5582c1478a20
        0x5582c1478a20
        0x5582c1478a20
        0x5582c1478a20
        0x5582c1478a20
        0x5582c1478a20
        0x5582c1478a20
        0x5582c1478a20
        0x5582c1478a20
        0x5582c1478a20
        0x5582c1478a20
        0x5582c1478a20
        0x5582c1478a20
        0x5582c1478a20
        0x5582c1478a20
        0x5582c1478a20
        0x5582c1478a20
        0x5582c1478a20
        0x5582c1478a20
        0x5582c1478a20
        0x5582c1478a20
        0x5582c1478a20
        0x5582c1478a20
        0x5582c1478a20
        0x5582c1478a20
        0x5582c1478a20
        0x5582c1478a20
        0x5582c1478a20
]: 1
@preempt_stack[
        0x7feefb9cb775
        0x120000
        0x5582c255ea28
        0x5582c255ea28
        0x5582c255ea28
        0x5582c255ea28
        0x5582c255ea28
        0x5582c255ea28
        0x5582c255ea28
        0x5582c255ea28
        0x5582c255ea28
        0x5582c255ea28
        0x5582c255ea28
        0x5582c255ea28
        0x5582c255ea28
        0x5582c255ea28
        0x5582c255ea28
        0x5582c255ea28
        0x5582c255ea28
        0x5582c255ea28
        0x5582c255ea28
        0x5582c255ea28
        0x5582c255ea28
        0x5582c255ea28
        0x5582c255ea28
        0x5582c255ea28
        0x5582c255ea28
        0x5582c255ea28
        0x5582c255ea28
        0x5582c255ea28
        0x5582c255ea28
        0x5582c255ea28
        0x5582c255ea28
        0x5582c255ea28
        0x5582c255ea28
        0x5582c255ea28
        0x5582c255ea28
        0x5582c255ea28
        0x5582c255ea28
        0x5582c255ea28
        0x5582c255ea28
        0x5582c255ea28
        0x5582c255ea28
        0x5582c255ea28
        0x5582c255ea28
        0x5582c255ea28
        0x5582c255ea28
        0x5582c255ea28
        0x5582c255ea28
        0x5582c255ea28
        0x5582c255ea28
        0x5582c255ea28
        0x5582c255ea28
        0x5582c255ea28
        0x5582c255ea28
        0x5582c255ea28
        0x5582c255ea28
        0x5582c255ea28
        0x5582c255ea28
        0x5582c255ea28
        0x5582c255ea28
        0x5582c255ea28
        0x5582c255ea28
        0x5582c255ea28
        0x5582c255ea28
        0x5582c255ea28
        0x5582c255ea28
        0x5582c255ea28
        0x5582c255ea28
        0x5582c255ea28
        0x5582c255ea28
        0x5582c255ea28
        0x5582c255ea28
        0x5582c255ea28
        0x5582c255ea28
        0x5582c255ea28
        0x5582c255ea28
        0x5582c255ea28
        0x5582c255ea28
        0x5582c255ea28
        0x5582c255ea28
        0x5582c255ea28
        0x5582c255ea28
        0x5582c255ea28
        0x5582c255ea28
        0x5582c255ea28
        0x5582c255ea28
        0x5582c255ea28
        0x5582c255ea28
        0x5582c255ea28
        0x5582c255ea28
        0x5582c255ea28
        0x5582c255ea28
        0x5582c255ea28
        0x5582c255ea28
        0x5582c255ea28
        0x5582c255ea28
        0x5582c255ea28
        0x5582c255ea28
        0x5582c255ea28
        0x5582c255ea28
        0x5582c255ea28
        0x5582c255ea28
        0x5582c255ea28
        0x5582c255ea28
        0x5582c255ea28
        0x5582c255ea28
        0x5582c255ea28
        0x5582c255ea28
        0x5582c255ea28
        0x5582c255ea28
        0x5582c255ea28
        0x5582c255ea28
        0x5582c255ea28
        0x5582c255ea28
        0x5582c255ea28
        0x5582c255ea28
        0x5582c255ea28
        0x5582c255ea28
        0x5582c255ea28
        0x5582c255ea28
        0x5582c255ea28
        0x5582c255ea28
        0x5582c255ea28
        0x5582c255ea28
        0x5582c255ea28
        0x5582c255ea28
]: 1
@preempt_stack[
        0x7feefba0c2fc
]: 1
@preempt_stack[
        0x411ab0fa
        0x41b87864
        0x416f6adf
        0x7feefb846428
        0x7feefb9e578f
        0x5582be808500
]: 1
@preempt_stack[
        0x41ac6462
        0x41ac6368
        0x41ac6273
        0x7feed0095bab
        0x7fef9000395b
        0x7feed0081abb
        0x411407a6
        0x7feefb846428
        0x7feefb9e578f
        0x5582be808500
]: 1
@preempt_stack[
        0x7fef9cd1a3e8
        0x7fef00000423
        0x558200000000
]: 1
@preempt_stack[
        0x41c55be7
]: 1
@preempt_stack[
        GC_dirty_inner+29
        0x411407a6
        0x7feefb846428
        0x7feefb9e578f
        0x5582be808500
]: 1
@preempt_stack[
        0x7fef9dabc9aa
        0x7fef10db70f0
]: 1
@preempt_stack[
        0x7fef9d5a533b
]: 1
@preempt_stack[
        0x7fef9cd43186
        0x7fef9d010000
        0x7fef61f5d9b0
        0x58
]: 1
@preempt_stack[
        0x7feefb9ce4d8
        0x5582c1c99db8
        0x5582c1c99db8
        0x5582c1c99db8
        0x5582c1c99db8
        0x5582c1c99db8
        0x5582c1c99db8
        0x5582c1c99db8
        0x5582c1c99db8
        0x5582c1c99db8
        0x5582c1c99db8
        0x5582c1c99db8
        0x5582c1c99db8
        0x5582c1c99db8
        0x5582c1c99db8
        0x5582c1c99db8
        0x5582c1c99db8
        0x5582c1c99db8
        0x5582c1c99db8
        0x5582c1c99db8
        0x5582c1c99db8
        0x5582c1c99db8
        0x5582c1c99db8
        0x5582c1c99db8
        0x5582c1c99db8
        0x5582c1c99db8
        0x5582c1c99db8
        0x5582c1c99db8
        0x5582c1c99db8
        0x5582c1c99db8
        0x5582c1c99db8
        0x5582c1c99db8
        0x5582c1c99db8
        0x5582c1c99db8
        0x5582c1c99db8
        0x5582c1c99db8
        0x5582c1c99db8
        0x5582c1c99db8
        0x5582c1c99db8
        0x5582c1c99db8
        0x5582c1c99db8
        0x5582c1c99db8
        0x5582c1c99db8
        0x5582c1c99db8
        0x5582c1c99db8
        0x5582c1c99db8
        0x5582c1c99db8
        0x5582c1c99db8
        0x5582c1c99db8
        0x5582c1c99db8
        0x5582c1c99db8
        0x5582c1c99db8
        0x5582c1c99db8
        0x5582c1c99db8
        0x5582c1c99db8
        0x5582c1c99db8
        0x5582c1c99db8
        0x5582c1c99db8
        0x5582c1c99db8
        0x5582c1c99db8
        0x5582c1c99db8
        0x5582c1c99db8
        0x5582c1c99db8
        0x5582c1c99db8
        0x5582c1c99db8
        0x5582c1c99db8
        0x5582c1c99db8
        0x5582c1c99db8
        0x5582c1c99db8
        0x5582c1c99db8
        0x5582c1c99db8
        0x5582c1c99db8
        0x5582c1c99db8
        0x5582c1c99db8
        0x5582c1c99db8
        0x5582c1c99db8
        0x5582c1c99db8
        0x5582c1c99db8
        0x5582c1c99db8
        0x5582c1c99db8
        0x5582c1c99db8
        0x5582c1c99db8
        0x5582c1c99db8
        0x5582c1c99db8
        0x5582c1c99db8
        0x5582c1c99db8
        0x5582c1c99db8
        0x5582c1c99db8
        0x5582c1c99db8
        0x5582c1c99db8
        0x5582c1c99db8
        0x5582c1c99db8
        0x5582c1c99db8
        0x5582c1c99db8
        0x5582c1c99db8
        0x5582c1c99db8
        0x5582c1c99db8
        0x5582c1c99db8
        0x5582c1c99db8
        0x5582c1c99db8
        0x5582c1c99db8
        0x5582c1c99db8
        0x5582c1c99db8
        0x5582c1c99db8
        0x5582c1c99db8
        0x5582c1c99db8
        0x5582c1c99db8
        0x5582c1c99db8
        0x5582c1c99db8
        0x5582c1c99db8
        0x5582c1c99db8
        0x5582c1c99db8
        0x5582c1c99db8
        0x5582c1c99db8
        0x5582c1c99db8
        0x5582c1c99db8
        0x5582c1c99db8
        0x5582c1c99db8
        0x5582c1c99db8
        0x5582c1c99db8
        0x5582c1c99db8
        0x5582c1c99db8
        0x5582c1c99db8
        0x5582c1c99db8
        0x5582c1c99db8
        0x5582c1c99db8
        0x5582c1c99db8
]: 1
@preempt_stack[
        0x7fef9bbb17dc
        0x5582be7acee0
        0x6f6c470030303030
]: 1
@preempt_stack[
        0x7fef9d5a015e
]: 1
@preempt_stack[
        0x415b9b10
        0x413e8368
        0x416ff934
        0x411407a6
        0x7feefb846428
        0x7feefb9e578f
        0x5582be808500
]: 1
@preempt_stack[
        0x7fed9e183aaa
        0x200000020
        0x7fed9e180b20
        0x79ff85087f8b0789
]: 1
@preempt_stack[
        0x7fef9ccd7c07
        0
]: 1
@preempt_stack[
        mono_g_hash_table_lookup_extended+66
        0x120000
        0x5582beedf620
        0x5582beedf620
        0x5582beedf620
        0x5582beedf620
        0x5582beedf620
        0x5582beedf620
        0x5582beedf620
        0x5582beedf620
        0x5582beedf620
        0x5582beedf620
        0x5582beedf620
        0x5582beedf620
        0x5582beedf620
        0x5582beedf620
        0x5582beedf620
        0x5582beedf620
        0x5582beedf620
        0x5582beedf620
        0x5582beedf620
        0x5582beedf620
        0x5582beedf620
        0x5582beedf620
        0x5582beedf620
        0x5582beedf620
        0x5582beedf620
        0x5582beedf620
        0x5582beedf620
        0x5582beedf620
        0x5582beedf620
        0x5582beedf620
        0x5582beedf620
        0x5582beedf620
        0x5582beedf620
        0x5582beedf620
        0x5582beedf620
        0x5582beedf620
        0x5582beedf620
        0x5582beedf620
        0x5582beedf620
        0x5582beedf620
        0x5582beedf620
        0x5582beedf620
        0x5582beedf620
        0x5582beedf620
        0x5582beedf620
        0x5582beedf620
        0x5582beedf620
        0x5582beedf620
        0x5582beedf620
        0x5582beedf620
        0x5582beedf620
        0x5582beedf620
        0x5582beedf620
        0x5582beedf620
        0x5582beedf620
        0x5582beedf620
        0x5582beedf620
        0x5582beedf620
        0x5582beedf620
        0x5582beedf620
        0x5582beedf620
        0x5582beedf620
        0x5582beedf620
        0x5582beedf620
        0x5582beedf620
        0x5582beedf620
        0x5582beedf620
        0x5582beedf620
        0x5582beedf620
        0x5582beedf620
        0x5582beedf620
        0x5582beedf620
        0x5582beedf620
        0x5582beedf620
        0x5582beedf620
        0x5582beedf620
        0x5582beedf620
        0x5582beedf620
        0x5582beedf620
        0x5582beedf620
        0x5582beedf620
        0x5582beedf620
        0x5582beedf620
        0x5582beedf620
        0x5582beedf620
        0x5582beedf620
        0x5582beedf620
        0x5582beedf620
        0x5582beedf620
        0x5582beedf620
        0x5582beedf620
        0x5582beedf620
        0x5582beedf620
        0x5582beedf620
        0x5582beedf620
        0x5582beedf620
        0x5582beedf620
        0x5582beedf620
        0x5582beedf620
        0x5582beedf620
        0x5582beedf620
        0x5582beedf620
        0x5582beedf620
        0x5582beedf620
        0x5582beedf620
        0x5582beedf620
        0x5582beedf620
        0x5582beedf620
        0x5582beedf620
        0x5582beedf620
        0x5582beedf620
        0x5582beedf620
        0x5582beedf620
        0x5582beedf620
        0x5582beedf620
        0x5582beedf620
        0x5582beedf620
        0x5582beedf620
        0x5582beedf620
        0x5582beedf620
        0x5582beedf620
        0x5582beedf620
        0x5582beedf620
        0x5582beedf620
        0x5582beedf620
]: 1
@preempt_stack[
        0x7feefb9e44f9
        0x120000
        0x5582bfa8b9f8
        0x5582bfa8b9f8
        0x5582bfa8b9f8
        0x5582bfa8b9f8
        0x5582bfa8b9f8
        0x5582bfa8b9f8
        0x5582bfa8b9f8
        0x5582bfa8b9f8
        0x5582bfa8b9f8
        0x5582bfa8b9f8
        0x5582bfa8b9f8
        0x5582bfa8b9f8
        0x5582bfa8b9f8
        0x5582bfa8b9f8
        0x5582bfa8b9f8
        0x5582bfa8b9f8
        0x5582bfa8b9f8
        0x5582bfa8b9f8
        0x5582bfa8b9f8
        0x5582bfa8b9f8
        0x5582bfa8b9f8
        0x5582bfa8b9f8
        0x5582bfa8b9f8
        0x5582bfa8b9f8
        0x5582bfa8b9f8
        0x5582bfa8b9f8
        0x5582bfa8b9f8
        0x5582bfa8b9f8
        0x5582bfa8b9f8
        0x5582bfa8b9f8
        0x5582bfa8b9f8
        0x5582bfa8b9f8
        0x5582bfa8b9f8
        0x5582bfa8b9f8
        0x5582bfa8b9f8
        0x5582bfa8b9f8
        0x5582bfa8b9f8
        0x5582bfa8b9f8
        0x5582bfa8b9f8
        0x5582bfa8b9f8
        0x5582bfa8b9f8
        0x5582bfa8b9f8
        0x5582bfa8b9f8
        0x5582bfa8b9f8
        0x5582bfa8b9f8
        0x5582bfa8b9f8
        0x5582bfa8b9f8
        0x5582bfa8b9f8
        0x5582bfa8b9f8
        0x5582bfa8b9f8
        0x5582bfa8b9f8
        0x5582bfa8b9f8
        0x5582bfa8b9f8
        0x5582bfa8b9f8
        0x5582bfa8b9f8
        0x5582bfa8b9f8
        0x5582bfa8b9f8
        0x5582bfa8b9f8
        0x5582bfa8b9f8
        0x5582bfa8b9f8
        0x5582bfa8b9f8
        0x5582bfa8b9f8
        0x5582bfa8b9f8
        0x5582bfa8b9f8
        0x5582bfa8b9f8
        0x5582bfa8b9f8
        0x5582bfa8b9f8
        0x5582bfa8b9f8
        0x5582bfa8b9f8
        0x5582bfa8b9f8
        0x5582bfa8b9f8
        0x5582bfa8b9f8
        0x5582bfa8b9f8
        0x5582bfa8b9f8
        0x5582bfa8b9f8
        0x5582bfa8b9f8
        0x5582bfa8b9f8
        0x5582bfa8b9f8
        0x5582bfa8b9f8
        0x5582bfa8b9f8
        0x5582bfa8b9f8
        0x5582bfa8b9f8
        0x5582bfa8b9f8
        0x5582bfa8b9f8
        0x5582bfa8b9f8
        0x5582bfa8b9f8
        0x5582bfa8b9f8
        0x5582bfa8b9f8
        0x5582bfa8b9f8
        0x5582bfa8b9f8
        0x5582bfa8b9f8
        0x5582bfa8b9f8
        0x5582bfa8b9f8
        0x5582bfa8b9f8
        0x5582bfa8b9f8
        0x5582bfa8b9f8
        0x5582bfa8b9f8
        0x5582bfa8b9f8
        0x5582bfa8b9f8
        0x5582bfa8b9f8
        0x5582bfa8b9f8
        0x5582bfa8b9f8
        0x5582bfa8b9f8
        0x5582bfa8b9f8
        0x5582bfa8b9f8
        0x5582bfa8b9f8
        0x5582bfa8b9f8
        0x5582bfa8b9f8
        0x5582bfa8b9f8
        0x5582bfa8b9f8
        0x5582bfa8b9f8
        0x5582bfa8b9f8
        0x5582bfa8b9f8
        0x5582bfa8b9f8
        0x5582bfa8b9f8
        0x5582bfa8b9f8
        0x5582bfa8b9f8
        0x5582bfa8b9f8
        0x5582bfa8b9f8
        0x5582bfa8b9f8
        0x5582bfa8b9f8
        0x5582bfa8b9f8
        0x5582bfa8b9f8
        0x5582bfa8b9f8
        0x5582bfa8b9f8
]: 1
@preempt_stack[
        mono_metadata_type_hash+106
        0x120000
        0x5582bf67d938
        0x5582bf67d938
        0x5582bf67d938
        0x5582bf67d938
        0x5582bf67d938
        0x5582bf67d938
        0x5582bf67d938
        0x5582bf67d938
        0x5582bf67d938
        0x5582bf67d938
        0x5582bf67d938
        0x5582bf67d938
        0x5582bf67d938
        0x5582bf67d938
        0x5582bf67d938
        0x5582bf67d938
        0x5582bf67d938
        0x5582bf67d938
        0x5582bf67d938
        0x5582bf67d938
        0x5582bf67d938
        0x5582bf67d938
        0x5582bf67d938
        0x5582bf67d938
        0x5582bf67d938
        0x5582bf67d938
        0x5582bf67d938
        0x5582bf67d938
        0x5582bf67d938
        0x5582bf67d938
        0x5582bf67d938
        0x5582bf67d938
        0x5582bf67d938
        0x5582bf67d938
        0x5582bf67d938
        0x5582bf67d938
        0x5582bf67d938
        0x5582bf67d938
        0x5582bf67d938
        0x5582bf67d938
        0x5582bf67d938
        0x5582bf67d938
        0x5582bf67d938
        0x5582bf67d938
        0x5582bf67d938
        0x5582bf67d938
        0x5582bf67d938
        0x5582bf67d938
        0x5582bf67d938
        0x5582bf67d938
        0x5582bf67d938
        0x5582bf67d938
        0x5582bf67d938
        0x5582bf67d938
        0x5582bf67d938
        0x5582bf67d938
        0x5582bf67d938
        0x5582bf67d938
        0x5582bf67d938
        0x5582bf67d938
        0x5582bf67d938
        0x5582bf67d938
        0x5582bf67d938
        0x5582bf67d938
        0x5582bf67d938
        0x5582bf67d938
        0x5582bf67d938
        0x5582bf67d938
        0x5582bf67d938
        0x5582bf67d938
        0x5582bf67d938
        0x5582bf67d938
        0x5582bf67d938
        0x5582bf67d938
        0x5582bf67d938
        0x5582bf67d938
        0x5582bf67d938
        0x5582bf67d938
        0x5582bf67d938
        0x5582bf67d938
        0x5582bf67d938
        0x5582bf67d938
        0x5582bf67d938
        0x5582bf67d938
        0x5582bf67d938
        0x5582bf67d938
        0x5582bf67d938
        0x5582bf67d938
        0x5582bf67d938
        0x5582bf67d938
        0x5582bf67d938
        0x5582bf67d938
        0x5582bf67d938
        0x5582bf67d938
        0x5582bf67d938
        0x5582bf67d938
        0x5582bf67d938
        0x5582bf67d938
        0x5582bf67d938
        0x5582bf67d938
        0x5582bf67d938
        0x5582bf67d938
        0x5582bf67d938
        0x5582bf67d938
        0x5582bf67d938
        0x5582bf67d938
        0x5582bf67d938
        0x5582bf67d938
        0x5582bf67d938
        0x5582bf67d938
        0x5582bf67d938
        0x5582bf67d938
        0x5582bf67d938
        0x5582bf67d938
        0x5582bf67d938
        0x5582bf67d938
        0x5582bf67d938
        0x5582bf67d938
        0x5582bf67d938
        0x5582bf67d938
        0x5582bf67d938
        0x5582bf67d938
        0x5582bf67d938
        0x5582bf67d938
        0x5582bf67d938
]: 1
@preempt_stack[
        0x413bca52
]: 1
@preempt_stack[
        0x7fef9ca7b29f
        0xe400038ffff69da
        0x7fef9ca9dd80
        0x4810c08348010bfa
]: 1
@preempt_stack[
        0x7fef9d6b1e88
]: 1
@preempt_stack[
        0x7fef9c6cd183
]: 1
@preempt_stack[
        0x41629c96
]: 1
@preempt_stack[
        mono_metadata_type_hash+80
        0x110000
        0x5582bf7bd000
        0x5582bf7bd000
        0x5582bf7bd000
        0x5582bf7bd000
        0x5582bf7bd000
        0x5582bf7bd000
        0x5582bf7bd000
        0x5582bf7bd000
        0x5582bf7bd000
        0x5582bf7bd000
        0x5582bf7bd000
        0x5582bf7bd000
        0x5582bf7bd000
        0x5582bf7bd000
        0x5582bf7bd000
        0x5582bf7bd000
        0x5582bf7bd000
        0x5582bf7bd000
        0x5582bf7bd000
        0x5582bf7bd000
        0x5582bf7bd000
        0x5582bf7bd000
        0x5582bf7bd000
        0x5582bf7bd000
        0x5582bf7bd000
        0x5582bf7bd000
        0x5582bf7bd000
        0x5582bf7bd000
        0x5582bf7bd000
        0x5582bf7bd000
        0x5582bf7bd000
        0x5582bf7bd000
        0x5582bf7bd000
        0x5582bf7bd000
        0x5582bf7bd000
        0x5582bf7bd000
        0x5582bf7bd000
        0x5582bf7bd000
        0x5582bf7bd000
        0x5582bf7bd000
        0x5582bf7bd000
        0x5582bf7bd000
        0x5582bf7bd000
        0x5582bf7bd000
        0x5582bf7bd000
        0x5582bf7bd000
        0x5582bf7bd000
        0x5582bf7bd000
        0x5582bf7bd000
        0x5582bf7bd000
        0x5582bf7bd000
        0x5582bf7bd000
        0x5582bf7bd000
        0x5582bf7bd000
        0x5582bf7bd000
        0x5582bf7bd000
        0x5582bf7bd000
        0x5582bf7bd000
        0x5582bf7bd000
        0x5582bf7bd000
        0x5582bf7bd000
        0x5582bf7bd000
        0x5582bf7bd000
        0x5582bf7bd000
        0x5582bf7bd000
        0x5582bf7bd000
        0x5582bf7bd000
        0x5582bf7bd000
        0x5582bf7bd000
        0x5582bf7bd000
        0x5582bf7bd000
        0x5582bf7bd000
        0x5582bf7bd000
        0x5582bf7bd000
        0x5582bf7bd000
        0x5582bf7bd000
        0x5582bf7bd000
        0x5582bf7bd000
        0x5582bf7bd000
        0x5582bf7bd000
        0x5582bf7bd000
        0x5582bf7bd000
        0x5582bf7bd000
        0x5582bf7bd000
        0x5582bf7bd000
        0x5582bf7bd000
        0x5582bf7bd000
        0x5582bf7bd000
        0x5582bf7bd000
        0x5582bf7bd000
        0x5582bf7bd000
        0x5582bf7bd000
        0x5582bf7bd000
        0x5582bf7bd000
        0x5582bf7bd000
        0x5582bf7bd000
        0x5582bf7bd000
        0x5582bf7bd000
        0x5582bf7bd000
        0x5582bf7bd000
        0x5582bf7bd000
        0x5582bf7bd000
        0x5582bf7bd000
        0x5582bf7bd000
        0x5582bf7bd000
        0x5582bf7bd000
        0x5582bf7bd000
        0x5582bf7bd000
        0x5582bf7bd000
        0x5582bf7bd000
        0x5582bf7bd000
        0x5582bf7bd000
        0x5582bf7bd000
        0x5582bf7bd000
        0x5582bf7bd000
        0x5582bf7bd000
        0x5582bf7bd000
        0x5582bf7bd000
        0x5582bf7bd000
        0x5582bf7bd000
        0x5582bf7bd000
        0x5582bf7bd000
        0x5582bf7bd000
        0x5582bf7bd000
        0x5582bf7bd000
]: 1
@preempt_stack[
        0x7fef9c905911
        0
]: 1
@preempt_stack[
        0x7fef9d5b6314
]: 1
@preempt_stack[
        0x7fef9baa9847
        0x7800088000007fed
]: 1
@preempt_stack[
        0x7feefb9ce4d8
        0x5582bec99df0
        0x5582bec99df0
        0x5582bec99df0
        0x5582bec99df0
        0x5582bec99df0
        0x5582bec99df0
        0x5582bec99df0
        0x5582bec99df0
        0x5582bec99df0
        0x5582bec99df0
        0x5582bec99df0
        0x5582bec99df0
        0x5582bec99df0
        0x5582bec99df0
        0x5582bec99df0
        0x5582bec99df0
        0x5582bec99df0
        0x5582bec99df0
        0x5582bec99df0
        0x5582bec99df0
        0x5582bec99df0
        0x5582bec99df0
        0x5582bec99df0
        0x5582bec99df0
        0x5582bec99df0
        0x5582bec99df0
        0x5582bec99df0
        0x5582bec99df0
        0x5582bec99df0
        0x5582bec99df0
        0x5582bec99df0
        0x5582bec99df0
        0x5582bec99df0
        0x5582bec99df0
        0x5582bec99df0
        0x5582bec99df0
        0x5582bec99df0
        0x5582bec99df0
        0x5582bec99df0
        0x5582bec99df0
        0x5582bec99df0
        0x5582bec99df0
        0x5582bec99df0
        0x5582bec99df0
        0x5582bec99df0
        0x5582bec99df0
        0x5582bec99df0
        0x5582bec99df0
        0x5582bec99df0
        0x5582bec99df0
        0x5582bec99df0
        0x5582bec99df0
        0x5582bec99df0
        0x5582bec99df0
        0x5582bec99df0
        0x5582bec99df0
        0x5582bec99df0
        0x5582bec99df0
        0x5582bec99df0
        0x5582bec99df0
        0x5582bec99df0
        0x5582bec99df0
        0x5582bec99df0
        0x5582bec99df0
        0x5582bec99df0
        0x5582bec99df0
        0x5582bec99df0
        0x5582bec99df0
        0x5582bec99df0
        0x5582bec99df0
        0x5582bec99df0
        0x5582bec99df0
        0x5582bec99df0
        0x5582bec99df0
        0x5582bec99df0
        0x5582bec99df0
        0x5582bec99df0
        0x5582bec99df0
        0x5582bec99df0
        0x5582bec99df0
        0x5582bec99df0
        0x5582bec99df0
        0x5582bec99df0
        0x5582bec99df0
        0x5582bec99df0
        0x5582bec99df0
        0x5582bec99df0
        0x5582bec99df0
        0x5582bec99df0
        0x5582bec99df0
        0x5582bec99df0
        0x5582bec99df0
        0x5582bec99df0
        0x5582bec99df0
        0x5582bec99df0
        0x5582bec99df0
        0x5582bec99df0
        0x5582bec99df0
        0x5582bec99df0
        0x5582bec99df0
        0x5582bec99df0
        0x5582bec99df0
        0x5582bec99df0
        0x5582bec99df0
        0x5582bec99df0
        0x5582bec99df0
        0x5582bec99df0
        0x5582bec99df0
        0x5582bec99df0
        0x5582bec99df0
        0x5582bec99df0
        0x5582bec99df0
        0x5582bec99df0
        0x5582bec99df0
        0x5582bec99df0
        0x5582bec99df0
        0x5582bec99df0
        0x5582bec99df0
        0x5582bec99df0
        0x5582bec99df0
        0x5582bec99df0
        0x5582bec99df0
        0x5582bec99df0
        0x5582bec99df0
        0x5582bec99df0
        0x5582bec99df0
]: 1
@preempt_stack[
        0x7feefba0f68f
        0x110000
        0x7feeb0320e40
        0x7feeb0320e40
        0x7feeb0320e40
        0x7feeb0320e40
        0x7feeb0320e40
        0x7feeb0320e40
        0x7feeb0320e40
        0x7feeb0320e40
        0x7feeb0320e40
        0x7feeb0320e40
        0x7feeb0320e40
        0x7feeb0320e40
        0x7feeb0320e40
        0x7feeb0320e40
        0x7feeb0320e40
        0x7feeb0320e40
        0x7feeb0320e40
        0x7feeb0320e40
        0x7feeb0320e40
        0x7feeb0320e40
        0x7feeb0320e40
        0x7feeb0320e40
        0x7feeb0320e40
        0x7feeb0320e40
        0x7feeb0320e40
        0x7feeb0320e40
        0x7feeb0320e40
        0x7feeb0320e40
        0x7feeb0320e40
        0x7feeb0320e40
        0x7feeb0320e40
        0x7feeb0320e40
        0x7feeb0320e40
        0x7feeb0320e40
        0x7feeb0320e40
        0x7feeb0320e40
        0x7feeb0320e40
        0x7feeb0320e40
        0x7feeb0320e40
        0x7feeb0320e40
        0x7feeb0320e40
        0x7feeb0320e40
        0x7feeb0320e40
        0x7feeb0320e40
        0x7feeb0320e40
        0x7feeb0320e40
        0x7feeb0320e40
        0x7feeb0320e40
        0x7feeb0320e40
        0x7feeb0320e40
        0x7feeb0320e40
        0x7feeb0320e40
        0x7feeb0320e40
        0x7feeb0320e40
        0x7feeb0320e40
        0x7feeb0320e40
        0x7feeb0320e40
        0x7feeb0320e40
        0x7feeb0320e40
        0x7feeb0320e40
        0x7feeb0320e40
        0x7feeb0320e40
        0x7feeb0320e40
        0x7feeb0320e40
        0x7feeb0320e40
        0x7feeb0320e40
        0x7feeb0320e40
        0x7feeb0320e40
        0x7feeb0320e40
        0x7feeb0320e40
        0x7feeb0320e40
        0x7feeb0320e40
        0x7feeb0320e40
        0x7feeb0320e40
        0x7feeb0320e40
        0x7feeb0320e40
        0x7feeb0320e40
        0x7feeb0320e40
        0x7feeb0320e40
        0x7feeb0320e40
        0x7feeb0320e40
        0x7feeb0320e40
        0x7feeb0320e40
        0x7feeb0320e40
        0x7feeb0320e40
        0x7feeb0320e40
        0x7feeb0320e40
        0x7feeb0320e40
        0x7feeb0320e40
        0x7feeb0320e40
        0x7feeb0320e40
        0x7feeb0320e40
        0x7feeb0320e40
        0x7feeb0320e40
        0x7feeb0320e40
        0x7feeb0320e40
        0x7feeb0320e40
        0x7feeb0320e40
        0x7feeb0320e40
        0x7feeb0320e40
        0x7feeb0320e40
        0x7feeb0320e40
        0x7feeb0320e40
        0x7feeb0320e40
        0x7feeb0320e40
        0x7feeb0320e40
        0x7feeb0320e40
        0x7feeb0320e40
        0x7feeb0320e40
        0x7feeb0320e40
        0x7feeb0320e40
        0x7feeb0320e40
        0x7feeb0320e40
        0x7feeb0320e40
        0x7feeb0320e40
        0x7feeb0320e40
        0x7feeb0320e40
        0x7feeb0320e40
        0x7feeb0320e40
        0x7feeb0320e40
        0x7feeb0320e40
        0x7feeb0320e40
        0x7feeb0320e40
        0x7feeb0320e40
        0x7feeb0320e40
]: 1
@preempt_stack[
        0x41110618
        0x41e66b1c
        0x41e6691c
        0x41e667e8
        0x7feed0095573
        0x7fef9000395b
        0x7feed0081abb
        0x411407a6
        0x7feefb846428
        0x7feefb9e578f
        0x5582be808500
]: 1
@preempt_stack[
        0x7fef9cb062b1
]: 1
@preempt_stack[
        0x7feefb9dcfa3
        0x120000
        0x5582bf5e9ed8
        0x5582bf5e9ed8
        0x5582bf5e9ed8
        0x5582bf5e9ed8
        0x5582bf5e9ed8
        0x5582bf5e9ed8
        0x5582bf5e9ed8
        0x5582bf5e9ed8
        0x5582bf5e9ed8
        0x5582bf5e9ed8
        0x5582bf5e9ed8
        0x5582bf5e9ed8
        0x5582bf5e9ed8
        0x5582bf5e9ed8
        0x5582bf5e9ed8
        0x5582bf5e9ed8
        0x5582bf5e9ed8
        0x5582bf5e9ed8
        0x5582bf5e9ed8
        0x5582bf5e9ed8
        0x5582bf5e9ed8
        0x5582bf5e9ed8
        0x5582bf5e9ed8
        0x5582bf5e9ed8
        0x5582bf5e9ed8
        0x5582bf5e9ed8
        0x5582bf5e9ed8
        0x5582bf5e9ed8
        0x5582bf5e9ed8
        0x5582bf5e9ed8
        0x5582bf5e9ed8
        0x5582bf5e9ed8
        0x5582bf5e9ed8
        0x5582bf5e9ed8
        0x5582bf5e9ed8
        0x5582bf5e9ed8
        0x5582bf5e9ed8
        0x5582bf5e9ed8
        0x5582bf5e9ed8
        0x5582bf5e9ed8
        0x5582bf5e9ed8
        0x5582bf5e9ed8
        0x5582bf5e9ed8
        0x5582bf5e9ed8
        0x5582bf5e9ed8
        0x5582bf5e9ed8
        0x5582bf5e9ed8
        0x5582bf5e9ed8
        0x5582bf5e9ed8
        0x5582bf5e9ed8
        0x5582bf5e9ed8
        0x5582bf5e9ed8
        0x5582bf5e9ed8
        0x5582bf5e9ed8
        0x5582bf5e9ed8
        0x5582bf5e9ed8
        0x5582bf5e9ed8
        0x5582bf5e9ed8
        0x5582bf5e9ed8
        0x5582bf5e9ed8
        0x5582bf5e9ed8
        0x5582bf5e9ed8
        0x5582bf5e9ed8
        0x5582bf5e9ed8
        0x5582bf5e9ed8
        0x5582bf5e9ed8
        0x5582bf5e9ed8
        0x5582bf5e9ed8
        0x5582bf5e9ed8
        0x5582bf5e9ed8
        0x5582bf5e9ed8
        0x5582bf5e9ed8
        0x5582bf5e9ed8
        0x5582bf5e9ed8
        0x5582bf5e9ed8
        0x5582bf5e9ed8
        0x5582bf5e9ed8
        0x5582bf5e9ed8
        0x5582bf5e9ed8
        0x5582bf5e9ed8
        0x5582bf5e9ed8
        0x5582bf5e9ed8
        0x5582bf5e9ed8
        0x5582bf5e9ed8
        0x5582bf5e9ed8
        0x5582bf5e9ed8
        0x5582bf5e9ed8
        0x5582bf5e9ed8
        0x5582bf5e9ed8
        0x5582bf5e9ed8
        0x5582bf5e9ed8
        0x5582bf5e9ed8
        0x5582bf5e9ed8
        0x5582bf5e9ed8
        0x5582bf5e9ed8
        0x5582bf5e9ed8
        0x5582bf5e9ed8
        0x5582bf5e9ed8
        0x5582bf5e9ed8
        0x5582bf5e9ed8
        0x5582bf5e9ed8
        0x5582bf5e9ed8
        0x5582bf5e9ed8
        0x5582bf5e9ed8
        0x5582bf5e9ed8
        0x5582bf5e9ed8
        0x5582bf5e9ed8
        0x5582bf5e9ed8
        0x5582bf5e9ed8
        0x5582bf5e9ed8
        0x5582bf5e9ed8
        0x5582bf5e9ed8
        0x5582bf5e9ed8
        0x5582bf5e9ed8
        0x5582bf5e9ed8
        0x5582bf5e9ed8
        0x5582bf5e9ed8
        0x5582bf5e9ed8
        0x5582bf5e9ed8
        0x5582bf5e9ed8
        0x5582bf5e9ed8
        0x5582bf5e9ed8
        0x5582bf5e9ed8
        0x5582bf5e9ed8
        0x5582bf5e9ed8
]: 1
@preempt_stack[
        0x7fef9d329536
        0x7fef62c49e00
]: 1
@preempt_stack[
        0x7feefb9cb8d8
        0x120000
        0x5582c2000290
        0x5582c2000290
        0x5582c2000290
        0x5582c2000290
        0x5582c2000290
        0x5582c2000290
        0x5582c2000290
        0x5582c2000290
        0x5582c2000290
        0x5582c2000290
        0x5582c2000290
        0x5582c2000290
        0x5582c2000290
        0x5582c2000290
        0x5582c2000290
        0x5582c2000290
        0x5582c2000290
        0x5582c2000290
        0x5582c2000290
        0x5582c2000290
        0x5582c2000290
        0x5582c2000290
        0x5582c2000290
        0x5582c2000290
        0x5582c2000290
        0x5582c2000290
        0x5582c2000290
        0x5582c2000290
        0x5582c2000290
        0x5582c2000290
        0x5582c2000290
        0x5582c2000290
        0x5582c2000290
        0x5582c2000290
        0x5582c2000290
        0x5582c2000290
        0x5582c2000290
        0x5582c2000290
        0x5582c2000290
        0x5582c2000290
        0x5582c2000290
        0x5582c2000290
        0x5582c2000290
        0x5582c2000290
        0x5582c2000290
        0x5582c2000290
        0x5582c2000290
        0x5582c2000290
        0x5582c2000290
        0x5582c2000290
        0x5582c2000290
        0x5582c2000290
        0x5582c2000290
        0x5582c2000290
        0x5582c2000290
        0x5582c2000290
        0x5582c2000290
        0x5582c2000290
        0x5582c2000290
        0x5582c2000290
        0x5582c2000290
        0x5582c2000290
        0x5582c2000290
        0x5582c2000290
        0x5582c2000290
        0x5582c2000290
        0x5582c2000290
        0x5582c2000290
        0x5582c2000290
        0x5582c2000290
        0x5582c2000290
        0x5582c2000290
        0x5582c2000290
        0x5582c2000290
        0x5582c2000290
        0x5582c2000290
        0x5582c2000290
        0x5582c2000290
        0x5582c2000290
        0x5582c2000290
        0x5582c2000290
        0x5582c2000290
        0x5582c2000290
        0x5582c2000290
        0x5582c2000290
        0x5582c2000290
        0x5582c2000290
        0x5582c2000290
        0x5582c2000290
        0x5582c2000290
        0x5582c2000290
        0x5582c2000290
        0x5582c2000290
        0x5582c2000290
        0x5582c2000290
        0x5582c2000290
        0x5582c2000290
        0x5582c2000290
        0x5582c2000290
        0x5582c2000290
        0x5582c2000290
        0x5582c2000290
        0x5582c2000290
        0x5582c2000290
        0x5582c2000290
        0x5582c2000290
        0x5582c2000290
        0x5582c2000290
        0x5582c2000290
        0x5582c2000290
        0x5582c2000290
        0x5582c2000290
        0x5582c2000290
        0x5582c2000290
        0x5582c2000290
        0x5582c2000290
        0x5582c2000290
        0x5582c2000290
        0x5582c2000290
        0x5582c2000290
        0x5582c2000290
        0x5582c2000290
        0x5582c2000290
        0x5582c2000290
        0x5582c2000290
]: 1
@preempt_stack[
        0x7fef9c6ba920
]: 1
@preempt_stack[
        0x7fef9c99abd3
        mono_runtime_invoke_array+0
        0xd6894910ec834853
]: 1
@preempt_stack[
        0x7feefb8519c6
        0x7feefb83c8bd
        0x152f000000000
]: 1
@preempt_stack[
        mono_thread_info_uninstall_interrupt+37
]: 1
@preempt_stack[
        0x7feefb9ce4d8
        0x5582c1d39538
        0x5582c1d39538
        0x5582c1d39538
        0x5582c1d39538
        0x5582c1d39538
        0x5582c1d39538
        0x5582c1d39538
        0x5582c1d39538
        0x5582c1d39538
        0x5582c1d39538
        0x5582c1d39538
        0x5582c1d39538
        0x5582c1d39538
        0x5582c1d39538
        0x5582c1d39538
        0x5582c1d39538
        0x5582c1d39538
        0x5582c1d39538
        0x5582c1d39538
        0x5582c1d39538
        0x5582c1d39538
        0x5582c1d39538
        0x5582c1d39538
        0x5582c1d39538
        0x5582c1d39538
        0x5582c1d39538
        0x5582c1d39538
        0x5582c1d39538
        0x5582c1d39538
        0x5582c1d39538
        0x5582c1d39538
        0x5582c1d39538
        0x5582c1d39538
        0x5582c1d39538
        0x5582c1d39538
        0x5582c1d39538
        0x5582c1d39538
        0x5582c1d39538
        0x5582c1d39538
        0x5582c1d39538
        0x5582c1d39538
        0x5582c1d39538
        0x5582c1d39538
        0x5582c1d39538
        0x5582c1d39538
        0x5582c1d39538
        0x5582c1d39538
        0x5582c1d39538
        0x5582c1d39538
        0x5582c1d39538
        0x5582c1d39538
        0x5582c1d39538
        0x5582c1d39538
        0x5582c1d39538
        0x5582c1d39538
        0x5582c1d39538
        0x5582c1d39538
        0x5582c1d39538
        0x5582c1d39538
        0x5582c1d39538
        0x5582c1d39538
        0x5582c1d39538
        0x5582c1d39538
        0x5582c1d39538
        0x5582c1d39538
        0x5582c1d39538
        0x5582c1d39538
        0x5582c1d39538
        0x5582c1d39538
        0x5582c1d39538
        0x5582c1d39538
        0x5582c1d39538
        0x5582c1d39538
        0x5582c1d39538
        0x5582c1d39538
        0x5582c1d39538
        0x5582c1d39538
        0x5582c1d39538
        0x5582c1d39538
        0x5582c1d39538
        0x5582c1d39538
        0x5582c1d39538
        0x5582c1d39538
        0x5582c1d39538
        0x5582c1d39538
        0x5582c1d39538
        0x5582c1d39538
        0x5582c1d39538
        0x5582c1d39538
        0x5582c1d39538
        0x5582c1d39538
        0x5582c1d39538
        0x5582c1d39538
        0x5582c1d39538
        0x5582c1d39538
        0x5582c1d39538
        0x5582c1d39538
        0x5582c1d39538
        0x5582c1d39538
        0x5582c1d39538
        0x5582c1d39538
        0x5582c1d39538
        0x5582c1d39538
        0x5582c1d39538
        0x5582c1d39538
        0x5582c1d39538
        0x5582c1d39538
        0x5582c1d39538
        0x5582c1d39538
        0x5582c1d39538
        0x5582c1d39538
        0x5582c1d39538
        0x5582c1d39538
        0x5582c1d39538
        0x5582c1d39538
        0x5582c1d39538
        0x5582c1d39538
        0x5582c1d39538
        0x5582c1d39538
        0x5582c1d39538
        0x5582c1d39538
        0x5582c1d39538
        0x5582c1d39538
        0x5582c1d39538
        0x5582c1d39538
        0x5582c1d39538
]: 1
@preempt_stack[
        mono_metadata_type_hash+106
        0x110000
        0x5582be7c8e78
        0x5582be7c8e78
        0x5582be7c8e78
        0x5582be7c8e78
        0x5582be7c8e78
        0x5582be7c8e78
        0x5582be7c8e78
        0x5582be7c8e78
        0x5582be7c8e78
        0x5582be7c8e78
        0x5582be7c8e78
        0x5582be7c8e78
        0x5582be7c8e78
        0x5582be7c8e78
        0x5582be7c8e78
        0x5582be7c8e78
        0x5582be7c8e78
        0x5582be7c8e78
        0x5582be7c8e78
        0x5582be7c8e78
        0x5582be7c8e78
        0x5582be7c8e78
        0x5582be7c8e78
        0x5582be7c8e78
        0x5582be7c8e78
        0x5582be7c8e78
        0x5582be7c8e78
        0x5582be7c8e78
        0x5582be7c8e78
        0x5582be7c8e78
        0x5582be7c8e78
        0x5582be7c8e78
        0x5582be7c8e78
        0x5582be7c8e78
        0x5582be7c8e78
        0x5582be7c8e78
        0x5582be7c8e78
        0x5582be7c8e78
        0x5582be7c8e78
        0x5582be7c8e78
        0x5582be7c8e78
        0x5582be7c8e78
        0x5582be7c8e78
        0x5582be7c8e78
        0x5582be7c8e78
        0x5582be7c8e78
        0x5582be7c8e78
        0x5582be7c8e78
        0x5582be7c8e78
        0x5582be7c8e78
        0x5582be7c8e78
        0x5582be7c8e78
        0x5582be7c8e78
        0x5582be7c8e78
        0x5582be7c8e78
        0x5582be7c8e78
        0x5582be7c8e78
        0x5582be7c8e78
        0x5582be7c8e78
        0x5582be7c8e78
        0x5582be7c8e78
        0x5582be7c8e78
        0x5582be7c8e78
        0x5582be7c8e78
        0x5582be7c8e78
        0x5582be7c8e78
        0x5582be7c8e78
        0x5582be7c8e78
        0x5582be7c8e78
        0x5582be7c8e78
        0x5582be7c8e78
        0x5582be7c8e78
        0x5582be7c8e78
        0x5582be7c8e78
        0x5582be7c8e78
        0x5582be7c8e78
        0x5582be7c8e78
        0x5582be7c8e78
        0x5582be7c8e78
        0x5582be7c8e78
        0x5582be7c8e78
        0x5582be7c8e78
        0x5582be7c8e78
        0x5582be7c8e78
        0x5582be7c8e78
        0x5582be7c8e78
        0x5582be7c8e78
        0x5582be7c8e78
        0x5582be7c8e78
        0x5582be7c8e78
        0x5582be7c8e78
        0x5582be7c8e78
        0x5582be7c8e78
        0x5582be7c8e78
        0x5582be7c8e78
        0x5582be7c8e78
        0x5582be7c8e78
        0x5582be7c8e78
        0x5582be7c8e78
        0x5582be7c8e78
        0x5582be7c8e78
        0x5582be7c8e78
        0x5582be7c8e78
        0x5582be7c8e78
        0x5582be7c8e78
        0x5582be7c8e78
        0x5582be7c8e78
        0x5582be7c8e78
        0x5582be7c8e78
        0x5582be7c8e78
        0x5582be7c8e78
        0x5582be7c8e78
        0x5582be7c8e78
        0x5582be7c8e78
        0x5582be7c8e78
        0x5582be7c8e78
        0x5582be7c8e78
        0x5582be7c8e78
        0x5582be7c8e78
        0x5582be7c8e78
        0x5582be7c8e78
        0x5582be7c8e78
        0x5582be7c8e78
        0x5582be7c8e78
        0x5582be7c8e78
]: 1
@preempt_stack[
        0x7feefb9acc1d
        0
]: 1
@preempt_stack[
        0x7feefb9ac96a
]: 1
@preempt_stack[
        0x4172a39d
        0x411407a6
        0x7feefb846428
        0x7feefb9e578f
        0x5582be808500
]: 1
@preempt_stack[
        0x4172c4ca
        0x411407a6
        0x7feefb846428
        0x7feefb9e578f
        0x5582be808500
]: 1
@preempt_stack[
        0x7fef9d5b212b
        0x7fef9bc3f288
]: 1
@preempt_stack[
        0x7feefb9dcfa3
        0x120000
        0x5582bf3a5490
        0x5582bf3a5490
        0x5582bf3a5490
        0x5582bf3a5490
        0x5582bf3a5490
        0x5582bf3a5490
        0x5582bf3a5490
        0x5582bf3a5490
        0x5582bf3a5490
        0x5582bf3a5490
        0x5582bf3a5490
        0x5582bf3a5490
        0x5582bf3a5490
        0x5582bf3a5490
        0x5582bf3a5490
        0x5582bf3a5490
        0x5582bf3a5490
        0x5582bf3a5490
        0x5582bf3a5490
        0x5582bf3a5490
        0x5582bf3a5490
        0x5582bf3a5490
        0x5582bf3a5490
        0x5582bf3a5490
        0x5582bf3a5490
        0x5582bf3a5490
        0x5582bf3a5490
        0x5582bf3a5490
        0x5582bf3a5490
        0x5582bf3a5490
        0x5582bf3a5490
        0x5582bf3a5490
        0x5582bf3a5490
        0x5582bf3a5490
        0x5582bf3a5490
        0x5582bf3a5490
        0x5582bf3a5490
        0x5582bf3a5490
        0x5582bf3a5490
        0x5582bf3a5490
        0x5582bf3a5490
        0x5582bf3a5490
        0x5582bf3a5490
        0x5582bf3a5490
        0x5582bf3a5490
        0x5582bf3a5490
        0x5582bf3a5490
        0x5582bf3a5490
        0x5582bf3a5490
        0x5582bf3a5490
        0x5582bf3a5490
        0x5582bf3a5490
        0x5582bf3a5490
        0x5582bf3a5490
        0x5582bf3a5490
        0x5582bf3a5490
        0x5582bf3a5490
        0x5582bf3a5490
        0x5582bf3a5490
        0x5582bf3a5490
        0x5582bf3a5490
        0x5582bf3a5490
        0x5582bf3a5490
        0x5582bf3a5490
        0x5582bf3a5490
        0x5582bf3a5490
        0x5582bf3a5490
        0x5582bf3a5490
        0x5582bf3a5490
        0x5582bf3a5490
        0x5582bf3a5490
        0x5582bf3a5490
        0x5582bf3a5490
        0x5582bf3a5490
        0x5582bf3a5490
        0x5582bf3a5490
        0x5582bf3a5490
        0x5582bf3a5490
        0x5582bf3a5490
        0x5582bf3a5490
        0x5582bf3a5490
        0x5582bf3a5490
        0x5582bf3a5490
        0x5582bf3a5490
        0x5582bf3a5490
        0x5582bf3a5490
        0x5582bf3a5490
        0x5582bf3a5490
        0x5582bf3a5490
        0x5582bf3a5490
        0x5582bf3a5490
        0x5582bf3a5490
        0x5582bf3a5490
        0x5582bf3a5490
        0x5582bf3a5490
        0x5582bf3a5490
        0x5582bf3a5490
        0x5582bf3a5490
        0x5582bf3a5490
        0x5582bf3a5490
        0x5582bf3a5490
        0x5582bf3a5490
        0x5582bf3a5490
        0x5582bf3a5490
        0x5582bf3a5490
        0x5582bf3a5490
        0x5582bf3a5490
        0x5582bf3a5490
        0x5582bf3a5490
        0x5582bf3a5490
        0x5582bf3a5490
        0x5582bf3a5490
        0x5582bf3a5490
        0x5582bf3a5490
        0x5582bf3a5490
        0x5582bf3a5490
        0x5582bf3a5490
        0x5582bf3a5490
        0x5582bf3a5490
        0x5582bf3a5490
        0x5582bf3a5490
        0x5582bf3a5490
        0x5582bf3a5490
        0x5582bf3a5490
        0x5582bf3a5490
]: 1
@preempt_stack[
        0x41a918f9
        0x7feefb846428
        0x7feefb9e578f
        0x5582be808500
]: 1
@preempt_stack[
        0x41629d0f
]: 1
@preempt_stack[
        pthread_mutex_trylock+926
        0x110000
        0x5582c1f1db40
        0x5582c1f1db40
        0x5582c1f1db40
        0x5582c1f1db40
        0x5582c1f1db40
        0x5582c1f1db40
        0x5582c1f1db40
        0x5582c1f1db40
        0x5582c1f1db40
        0x5582c1f1db40
        0x5582c1f1db40
        0x5582c1f1db40
        0x5582c1f1db40
        0x5582c1f1db40
        0x5582c1f1db40
        0x5582c1f1db40
        0x5582c1f1db40
        0x5582c1f1db40
        0x5582c1f1db40
        0x5582c1f1db40
        0x5582c1f1db40
        0x5582c1f1db40
        0x5582c1f1db40
        0x5582c1f1db40
        0x5582c1f1db40
        0x5582c1f1db40
        0x5582c1f1db40
        0x5582c1f1db40
        0x5582c1f1db40
        0x5582c1f1db40
        0x5582c1f1db40
        0x5582c1f1db40
        0x5582c1f1db40
        0x5582c1f1db40
        0x5582c1f1db40
        0x5582c1f1db40
        0x5582c1f1db40
        0x5582c1f1db40
        0x5582c1f1db40
        0x5582c1f1db40
        0x5582c1f1db40
        0x5582c1f1db40
        0x5582c1f1db40
        0x5582c1f1db40
        0x5582c1f1db40
        0x5582c1f1db40
        0x5582c1f1db40
        0x5582c1f1db40
        0x5582c1f1db40
        0x5582c1f1db40
        0x5582c1f1db40
        0x5582c1f1db40
        0x5582c1f1db40
        0x5582c1f1db40
        0x5582c1f1db40
        0x5582c1f1db40
        0x5582c1f1db40
        0x5582c1f1db40
        0x5582c1f1db40
        0x5582c1f1db40
        0x5582c1f1db40
        0x5582c1f1db40
        0x5582c1f1db40
        0x5582c1f1db40
        0x5582c1f1db40
        0x5582c1f1db40
        0x5582c1f1db40
        0x5582c1f1db40
        0x5582c1f1db40
        0x5582c1f1db40
        0x5582c1f1db40
        0x5582c1f1db40
        0x5582c1f1db40
        0x5582c1f1db40
        0x5582c1f1db40
        0x5582c1f1db40
        0x5582c1f1db40
        0x5582c1f1db40
        0x5582c1f1db40
        0x5582c1f1db40
        0x5582c1f1db40
        0x5582c1f1db40
        0x5582c1f1db40
        0x5582c1f1db40
        0x5582c1f1db40
        0x5582c1f1db40
        0x5582c1f1db40
        0x5582c1f1db40
        0x5582c1f1db40
        0x5582c1f1db40
        0x5582c1f1db40
        0x5582c1f1db40
        0x5582c1f1db40
        0x5582c1f1db40
        0x5582c1f1db40
        0x5582c1f1db40
        0x5582c1f1db40
        0x5582c1f1db40
        0x5582c1f1db40
        0x5582c1f1db40
        0x5582c1f1db40
        0x5582c1f1db40
        0x5582c1f1db40
        0x5582c1f1db40
        0x5582c1f1db40
        0x5582c1f1db40
        0x5582c1f1db40
        0x5582c1f1db40
        0x5582c1f1db40
        0x5582c1f1db40
        0x5582c1f1db40
        0x5582c1f1db40
        0x5582c1f1db40
        0x5582c1f1db40
        0x5582c1f1db40
        0x5582c1f1db40
        0x5582c1f1db40
        0x5582c1f1db40
        0x5582c1f1db40
        0x5582c1f1db40
        0x5582c1f1db40
        0x5582c1f1db40
        0x5582c1f1db40
        0x5582c1f1db40
        0x5582c1f1db40
]: 1
@preempt_stack[
        mono_metadata_type_hash+80
        0x120000
        0x5582c1ff1d78
        0x5582c1ff1d78
        0x5582c1ff1d78
        0x5582c1ff1d78
        0x5582c1ff1d78
        0x5582c1ff1d78
        0x5582c1ff1d78
        0x5582c1ff1d78
        0x5582c1ff1d78
        0x5582c1ff1d78
        0x5582c1ff1d78
        0x5582c1ff1d78
        0x5582c1ff1d78
        0x5582c1ff1d78
        0x5582c1ff1d78
        0x5582c1ff1d78
        0x5582c1ff1d78
        0x5582c1ff1d78
        0x5582c1ff1d78
        0x5582c1ff1d78
        0x5582c1ff1d78
        0x5582c1ff1d78
        0x5582c1ff1d78
        0x5582c1ff1d78
        0x5582c1ff1d78
        0x5582c1ff1d78
        0x5582c1ff1d78
        0x5582c1ff1d78
        0x5582c1ff1d78
        0x5582c1ff1d78
        0x5582c1ff1d78
        0x5582c1ff1d78
        0x5582c1ff1d78
        0x5582c1ff1d78
        0x5582c1ff1d78
        0x5582c1ff1d78
        0x5582c1ff1d78
        0x5582c1ff1d78
        0x5582c1ff1d78
        0x5582c1ff1d78
        0x5582c1ff1d78
        0x5582c1ff1d78
        0x5582c1ff1d78
        0x5582c1ff1d78
        0x5582c1ff1d78
        0x5582c1ff1d78
        0x5582c1ff1d78
        0x5582c1ff1d78
        0x5582c1ff1d78
        0x5582c1ff1d78
        0x5582c1ff1d78
        0x5582c1ff1d78
        0x5582c1ff1d78
        0x5582c1ff1d78
        0x5582c1ff1d78
        0x5582c1ff1d78
        0x5582c1ff1d78
        0x5582c1ff1d78
        0x5582c1ff1d78
        0x5582c1ff1d78
        0x5582c1ff1d78
        0x5582c1ff1d78
        0x5582c1ff1d78
        0x5582c1ff1d78
        0x5582c1ff1d78
        0x5582c1ff1d78
        0x5582c1ff1d78
        0x5582c1ff1d78
        0x5582c1ff1d78
        0x5582c1ff1d78
        0x5582c1ff1d78
        0x5582c1ff1d78
        0x5582c1ff1d78
        0x5582c1ff1d78
        0x5582c1ff1d78
        0x5582c1ff1d78
        0x5582c1ff1d78
        0x5582c1ff1d78
        0x5582c1ff1d78
        0x5582c1ff1d78
        0x5582c1ff1d78
        0x5582c1ff1d78
        0x5582c1ff1d78
        0x5582c1ff1d78
        0x5582c1ff1d78
        0x5582c1ff1d78
        0x5582c1ff1d78
        0x5582c1ff1d78
        0x5582c1ff1d78
        0x5582c1ff1d78
        0x5582c1ff1d78
        0x5582c1ff1d78
        0x5582c1ff1d78
        0x5582c1ff1d78
        0x5582c1ff1d78
        0x5582c1ff1d78
        0x5582c1ff1d78
        0x5582c1ff1d78
        0x5582c1ff1d78
        0x5582c1ff1d78
        0x5582c1ff1d78
        0x5582c1ff1d78
        0x5582c1ff1d78
        0x5582c1ff1d78
        0x5582c1ff1d78
        0x5582c1ff1d78
        0x5582c1ff1d78
        0x5582c1ff1d78
        0x5582c1ff1d78
        0x5582c1ff1d78
        0x5582c1ff1d78
        0x5582c1ff1d78
        0x5582c1ff1d78
        0x5582c1ff1d78
        0x5582c1ff1d78
        0x5582c1ff1d78
        0x5582c1ff1d78
        0x5582c1ff1d78
        0x5582c1ff1d78
        0x5582c1ff1d78
        0x5582c1ff1d78
        0x5582c1ff1d78
        0x5582c1ff1d78
        0x5582c1ff1d78
        0x5582c1ff1d78
]: 1
@preempt_stack[
        0x7fef9ccd7ed8
        0x9c109c109c409c2
]: 1
@preempt_stack[
        __pthread_getspecific+29
        0x411407a6
        0x7feefb846428
        0x7feefb9e578f
        0x5582be808500
]: 1
@preempt_stack[
        0x4162993b
]: 1
@preempt_stack[
        0x7fef9cd40723
        0x7fef62c49e00
]: 1
@preempt_stack[
        0x41b86f94
        0x41b87864
        0x416f6adf
        0x7feefb846428
        0x7feefb9e578f
        0x5582be808500
]: 1
@preempt_stack[
        0x7feefb9e44f9
        0x120000
        0x5582bf3b6f28
        0x5582bf3b6f28
        0x5582bf3b6f28
        0x5582bf3b6f28
        0x5582bf3b6f28
        0x5582bf3b6f28
        0x5582bf3b6f28
        0x5582bf3b6f28
        0x5582bf3b6f28
        0x5582bf3b6f28
        0x5582bf3b6f28
        0x5582bf3b6f28
        0x5582bf3b6f28
        0x5582bf3b6f28
        0x5582bf3b6f28
        0x5582bf3b6f28
        0x5582bf3b6f28
        0x5582bf3b6f28
        0x5582bf3b6f28
        0x5582bf3b6f28
        0x5582bf3b6f28
        0x5582bf3b6f28
        0x5582bf3b6f28
        0x5582bf3b6f28
        0x5582bf3b6f28
        0x5582bf3b6f28
        0x5582bf3b6f28
        0x5582bf3b6f28
        0x5582bf3b6f28
        0x5582bf3b6f28
        0x5582bf3b6f28
        0x5582bf3b6f28
        0x5582bf3b6f28
        0x5582bf3b6f28
        0x5582bf3b6f28
        0x5582bf3b6f28
        0x5582bf3b6f28
        0x5582bf3b6f28
        0x5582bf3b6f28
        0x5582bf3b6f28
        0x5582bf3b6f28
        0x5582bf3b6f28
        0x5582bf3b6f28
        0x5582bf3b6f28
        0x5582bf3b6f28
        0x5582bf3b6f28
        0x5582bf3b6f28
        0x5582bf3b6f28
        0x5582bf3b6f28
        0x5582bf3b6f28
        0x5582bf3b6f28
        0x5582bf3b6f28
        0x5582bf3b6f28
        0x5582bf3b6f28
        0x5582bf3b6f28
        0x5582bf3b6f28
        0x5582bf3b6f28
        0x5582bf3b6f28
        0x5582bf3b6f28
        0x5582bf3b6f28
        0x5582bf3b6f28
        0x5582bf3b6f28
        0x5582bf3b6f28
        0x5582bf3b6f28
        0x5582bf3b6f28
        0x5582bf3b6f28
        0x5582bf3b6f28
        0x5582bf3b6f28
        0x5582bf3b6f28
        0x5582bf3b6f28
        0x5582bf3b6f28
        0x5582bf3b6f28
        0x5582bf3b6f28
        0x5582bf3b6f28
        0x5582bf3b6f28
        0x5582bf3b6f28
        0x5582bf3b6f28
        0x5582bf3b6f28
        0x5582bf3b6f28
        0x5582bf3b6f28
        0x5582bf3b6f28
        0x5582bf3b6f28
        0x5582bf3b6f28
        0x5582bf3b6f28
        0x5582bf3b6f28
        0x5582bf3b6f28
        0x5582bf3b6f28
        0x5582bf3b6f28
        0x5582bf3b6f28
        0x5582bf3b6f28
        0x5582bf3b6f28
        0x5582bf3b6f28
        0x5582bf3b6f28
        0x5582bf3b6f28
        0x5582bf3b6f28
        0x5582bf3b6f28
        0x5582bf3b6f28
        0x5582bf3b6f28
        0x5582bf3b6f28
        0x5582bf3b6f28
        0x5582bf3b6f28
        0x5582bf3b6f28
        0x5582bf3b6f28
        0x5582bf3b6f28
        0x5582bf3b6f28
        0x5582bf3b6f28
        0x5582bf3b6f28
        0x5582bf3b6f28
        0x5582bf3b6f28
        0x5582bf3b6f28
        0x5582bf3b6f28
        0x5582bf3b6f28
        0x5582bf3b6f28
        0x5582bf3b6f28
        0x5582bf3b6f28
        0x5582bf3b6f28
        0x5582bf3b6f28
        0x5582bf3b6f28
        0x5582bf3b6f28
        0x5582bf3b6f28
        0x5582bf3b6f28
        0x5582bf3b6f28
        0x5582bf3b6f28
        0x5582bf3b6f28
        0x5582bf3b6f28
]: 1
@preempt_stack[
        0x7fef9d690a2c
        0x7fef6140ecd0
        0x7fef9d690660
        0x8b48098b48004e3a
]: 1
@preempt_stack[
        0x41a05bf0
        0x41a043ff
        0x413821e6
        0x4137da64
        0x7feefb846428
        0x7feefb9e578f
        0x5582be808500
]: 1
@preempt_stack[
        0x7fef9c9073e0
        0x33207265
]: 1
@preempt_stack[
        0x7feefb9cb75b
        0x120000
        0x5582c1ac2620
        0x5582c1ac2620
        0x5582c1ac2620
        0x5582c1ac2620
        0x5582c1ac2620
        0x5582c1ac2620
        0x5582c1ac2620
        0x5582c1ac2620
        0x5582c1ac2620
        0x5582c1ac2620
        0x5582c1ac2620
        0x5582c1ac2620
        0x5582c1ac2620
        0x5582c1ac2620
        0x5582c1ac2620
        0x5582c1ac2620
        0x5582c1ac2620
        0x5582c1ac2620
        0x5582c1ac2620
        0x5582c1ac2620
        0x5582c1ac2620
        0x5582c1ac2620
        0x5582c1ac2620
        0x5582c1ac2620
        0x5582c1ac2620
        0x5582c1ac2620
        0x5582c1ac2620
        0x5582c1ac2620
        0x5582c1ac2620
        0x5582c1ac2620
        0x5582c1ac2620
        0x5582c1ac2620
        0x5582c1ac2620
        0x5582c1ac2620
        0x5582c1ac2620
        0x5582c1ac2620
        0x5582c1ac2620
        0x5582c1ac2620
        0x5582c1ac2620
        0x5582c1ac2620
        0x5582c1ac2620
        0x5582c1ac2620
        0x5582c1ac2620
        0x5582c1ac2620
        0x5582c1ac2620
        0x5582c1ac2620
        0x5582c1ac2620
        0x5582c1ac2620
        0x5582c1ac2620
        0x5582c1ac2620
        0x5582c1ac2620
        0x5582c1ac2620
        0x5582c1ac2620
        0x5582c1ac2620
        0x5582c1ac2620
        0x5582c1ac2620
        0x5582c1ac2620
        0x5582c1ac2620
        0x5582c1ac2620
        0x5582c1ac2620
        0x5582c1ac2620
        0x5582c1ac2620
        0x5582c1ac2620
        0x5582c1ac2620
        0x5582c1ac2620
        0x5582c1ac2620
        0x5582c1ac2620
        0x5582c1ac2620
        0x5582c1ac2620
        0x5582c1ac2620
        0x5582c1ac2620
        0x5582c1ac2620
        0x5582c1ac2620
        0x5582c1ac2620
        0x5582c1ac2620
        0x5582c1ac2620
        0x5582c1ac2620
        0x5582c1ac2620
        0x5582c1ac2620
        0x5582c1ac2620
        0x5582c1ac2620
        0x5582c1ac2620
        0x5582c1ac2620
        0x5582c1ac2620
        0x5582c1ac2620
        0x5582c1ac2620
        0x5582c1ac2620
        0x5582c1ac2620
        0x5582c1ac2620
        0x5582c1ac2620
        0x5582c1ac2620
        0x5582c1ac2620
        0x5582c1ac2620
        0x5582c1ac2620
        0x5582c1ac2620
        0x5582c1ac2620
        0x5582c1ac2620
        0x5582c1ac2620
        0x5582c1ac2620
        0x5582c1ac2620
        0x5582c1ac2620
        0x5582c1ac2620
        0x5582c1ac2620
        0x5582c1ac2620
        0x5582c1ac2620
        0x5582c1ac2620
        0x5582c1ac2620
        0x5582c1ac2620
        0x5582c1ac2620
        0x5582c1ac2620
        0x5582c1ac2620
        0x5582c1ac2620
        0x5582c1ac2620
        0x5582c1ac2620
        0x5582c1ac2620
        0x5582c1ac2620
        0x5582c1ac2620
        0x5582c1ac2620
        0x5582c1ac2620
        0x5582c1ac2620
        0x5582c1ac2620
        0x5582c1ac2620
        0x5582c1ac2620
        0x5582c1ac2620
        0x5582c1ac2620
]: 1
@preempt_stack[
        0x4143c58e
        0x411407a6
        0x7feefb846428
        0x7feefb9e578f
        0x5582be808500
]: 1
@preempt_stack[
        mono_class_from_mono_type_internal+13
        0x120000
        0x5582bf7c8708
        0x5582bf7c8708
        0x5582bf7c8708
        0x5582bf7c8708
        0x5582bf7c8708
        0x5582bf7c8708
        0x5582bf7c8708
        0x5582bf7c8708
        0x5582bf7c8708
        0x5582bf7c8708
        0x5582bf7c8708
        0x5582bf7c8708
        0x5582bf7c8708
        0x5582bf7c8708
        0x5582bf7c8708
        0x5582bf7c8708
        0x5582bf7c8708
        0x5582bf7c8708
        0x5582bf7c8708
        0x5582bf7c8708
        0x5582bf7c8708
        0x5582bf7c8708
        0x5582bf7c8708
        0x5582bf7c8708
        0x5582bf7c8708
        0x5582bf7c8708
        0x5582bf7c8708
        0x5582bf7c8708
        0x5582bf7c8708
        0x5582bf7c8708
        0x5582bf7c8708
        0x5582bf7c8708
        0x5582bf7c8708
        0x5582bf7c8708
        0x5582bf7c8708
        0x5582bf7c8708
        0x5582bf7c8708
        0x5582bf7c8708
        0x5582bf7c8708
        0x5582bf7c8708
        0x5582bf7c8708
        0x5582bf7c8708
        0x5582bf7c8708
        0x5582bf7c8708
        0x5582bf7c8708
        0x5582bf7c8708
        0x5582bf7c8708
        0x5582bf7c8708
        0x5582bf7c8708
        0x5582bf7c8708
        0x5582bf7c8708
        0x5582bf7c8708
        0x5582bf7c8708
        0x5582bf7c8708
        0x5582bf7c8708
        0x5582bf7c8708
        0x5582bf7c8708
        0x5582bf7c8708
        0x5582bf7c8708
        0x5582bf7c8708
        0x5582bf7c8708
        0x5582bf7c8708
        0x5582bf7c8708
        0x5582bf7c8708
        0x5582bf7c8708
        0x5582bf7c8708
        0x5582bf7c8708
        0x5582bf7c8708
        0x5582bf7c8708
        0x5582bf7c8708
        0x5582bf7c8708
        0x5582bf7c8708
        0x5582bf7c8708
        0x5582bf7c8708
        0x5582bf7c8708
        0x5582bf7c8708
        0x5582bf7c8708
        0x5582bf7c8708
        0x5582bf7c8708
        0x5582bf7c8708
        0x5582bf7c8708
        0x5582bf7c8708
        0x5582bf7c8708
        0x5582bf7c8708
        0x5582bf7c8708
        0x5582bf7c8708
        0x5582bf7c8708
        0x5582bf7c8708
        0x5582bf7c8708
        0x5582bf7c8708
        0x5582bf7c8708
        0x5582bf7c8708
        0x5582bf7c8708
        0x5582bf7c8708
        0x5582bf7c8708
        0x5582bf7c8708
        0x5582bf7c8708
        0x5582bf7c8708
        0x5582bf7c8708
        0x5582bf7c8708
        0x5582bf7c8708
        0x5582bf7c8708
        0x5582bf7c8708
        0x5582bf7c8708
        0x5582bf7c8708
        0x5582bf7c8708
        0x5582bf7c8708
        0x5582bf7c8708
        0x5582bf7c8708
        0x5582bf7c8708
        0x5582bf7c8708
        0x5582bf7c8708
        0x5582bf7c8708
        0x5582bf7c8708
        0x5582bf7c8708
        0x5582bf7c8708
        0x5582bf7c8708
        0x5582bf7c8708
        0x5582bf7c8708
        0x5582bf7c8708
        0x5582bf7c8708
        0x5582bf7c8708
        0x5582bf7c8708
        0x5582bf7c8708
        0x5582bf7c8708
]: 1
@preempt_stack[
        0x7fef9cd4ec84
]: 1
@preempt_stack[
        0x7feefb9a23b6
        0
]: 1
@preempt_stack[
        syscall+0
]: 1
@preempt_stack[
        0x7feefb9ce4f8
        0x5582c049da60
        0x5582c049da60
        0x5582c049da60
        0x5582c049da60
        0x5582c049da60
        0x5582c049da60
        0x5582c049da60
        0x5582c049da60
        0x5582c049da60
        0x5582c049da60
        0x5582c049da60
        0x5582c049da60
        0x5582c049da60
        0x5582c049da60
        0x5582c049da60
        0x5582c049da60
        0x5582c049da60
        0x5582c049da60
        0x5582c049da60
        0x5582c049da60
        0x5582c049da60
        0x5582c049da60
        0x5582c049da60
        0x5582c049da60
        0x5582c049da60
        0x5582c049da60
        0x5582c049da60
        0x5582c049da60
        0x5582c049da60
        0x5582c049da60
        0x5582c049da60
        0x5582c049da60
        0x5582c049da60
        0x5582c049da60
        0x5582c049da60
        0x5582c049da60
        0x5582c049da60
        0x5582c049da60
        0x5582c049da60
        0x5582c049da60
        0x5582c049da60
        0x5582c049da60
        0x5582c049da60
        0x5582c049da60
        0x5582c049da60
        0x5582c049da60
        0x5582c049da60
        0x5582c049da60
        0x5582c049da60
        0x5582c049da60
        0x5582c049da60
        0x5582c049da60
        0x5582c049da60
        0x5582c049da60
        0x5582c049da60
        0x5582c049da60
        0x5582c049da60
        0x5582c049da60
        0x5582c049da60
        0x5582c049da60
        0x5582c049da60
        0x5582c049da60
        0x5582c049da60
        0x5582c049da60
        0x5582c049da60
        0x5582c049da60
        0x5582c049da60
        0x5582c049da60
        0x5582c049da60
        0x5582c049da60
        0x5582c049da60
        0x5582c049da60
        0x5582c049da60
        0x5582c049da60
        0x5582c049da60
        0x5582c049da60
        0x5582c049da60
        0x5582c049da60
        0x5582c049da60
        0x5582c049da60
        0x5582c049da60
        0x5582c049da60
        0x5582c049da60
        0x5582c049da60
        0x5582c049da60
        0x5582c049da60
        0x5582c049da60
        0x5582c049da60
        0x5582c049da60
        0x5582c049da60
        0x5582c049da60
        0x5582c049da60
        0x5582c049da60
        0x5582c049da60
        0x5582c049da60
        0x5582c049da60
        0x5582c049da60
        0x5582c049da60
        0x5582c049da60
        0x5582c049da60
        0x5582c049da60
        0x5582c049da60
        0x5582c049da60
        0x5582c049da60
        0x5582c049da60
        0x5582c049da60
        0x5582c049da60
        0x5582c049da60
        0x5582c049da60
        0x5582c049da60
        0x5582c049da60
        0x5582c049da60
        0x5582c049da60
        0x5582c049da60
        0x5582c049da60
        0x5582c049da60
        0x5582c049da60
        0x5582c049da60
        0x5582c049da60
        0x5582c049da60
        0x5582c049da60
        0x5582c049da60
        0x5582c049da60
        0x5582c049da60
        0x5582c049da60
        0x5582c049da60
]: 1
@preempt_stack[
        0x7fef9d5a5940
]: 1
@preempt_stack[
        0x7fef9c905ce7
        0
]: 1
@preempt_stack[
        0x7feefb9dcfb5
]: 1
@preempt_stack[
        0x7fef9d6b36c3
]: 1
@preempt_stack[
        0x7feefb9cb8e0
        0x130000
        0
        0
        0x5582c1ff41c0
]: 1
@preempt_stack[
        monoeg_g_hash_table_lookup_extended+66
        0x5582c12cde08
        0x5582be7e1a40
        0x5582be7e1a40
        0x5582be7e1a40
        0x5582be7e1a40
        0x5582be7e1a40
        0x5582be7e1a40
        0x5582be7e1a40
        0x5582be7e1a40
        0x5582be7e1a40
        0x5582be7e1a40
        0x5582be7e1a40
        0x5582be7e1a40
        0x5582be7e1a40
        0x5582be7e1a40
        0x5582be7e1a40
        0x5582be7e1a40
        0x5582be7e1a40
        0x5582be7e1a40
        0x5582be7e1a40
        0x5582be7e1a40
        0x5582be7e1a40
        0x5582be7e1a40
        0x5582be7e1a40
        0x5582be7e1a40
        0x5582be7e1a40
        0x5582be7e1a40
        0x5582be7e1a40
        0x5582be7e1a40
        0x5582be7e1a40
        0x5582be7e1a40
        0x5582be7e1a40
        0x5582be7e1a40
        0x5582be7e1a40
        0x5582be7e1a40
        0x5582be7e1a40
        0x5582be7e1a40
        0x5582be7e1a40
        0x5582be7e1a40
        0x5582be7e1a40
        0x5582be7e1a40
        0x5582be7e1a40
        0x5582be7e1a40
        0x5582be7e1a40
        0x5582be7e1a40
        0x5582be7e1a40
        0x5582be7e1a40
        0x5582be7e1a40
        0x5582be7e1a40
        0x5582be7e1a40
        0x5582be7e1a40
        0x5582be7e1a40
        0x5582be7e1a40
        0x5582be7e1a40
        0x5582be7e1a40
        0x5582be7e1a40
        0x5582be7e1a40
        0x5582be7e1a40
        0x5582be7e1a40
        0x5582be7e1a40
        0x5582be7e1a40
        0x5582be7e1a40
        0x5582be7e1a40
        0x5582be7e1a40
        0x5582be7e1a40
        0x5582be7e1a40
        0x5582be7e1a40
        0x5582be7e1a40
        0x5582be7e1a40
        0x5582be7e1a40
        0x5582be7e1a40
        0x5582be7e1a40
        0x5582be7e1a40
        0x5582be7e1a40
        0x5582be7e1a40
        0x5582be7e1a40
        0x5582be7e1a40
        0x5582be7e1a40
        0x5582be7e1a40
        0x5582be7e1a40
        0x5582be7e1a40
        0x5582be7e1a40
        0x5582be7e1a40
        0x5582be7e1a40
        0x5582be7e1a40
        0x5582be7e1a40
        0x5582be7e1a40
        0x5582be7e1a40
        0x5582be7e1a40
        0x5582be7e1a40
        0x5582be7e1a40
        0x5582be7e1a40
        0x5582be7e1a40
        0x5582be7e1a40
        0x5582be7e1a40
        0x5582be7e1a40
        0x5582be7e1a40
        0x5582be7e1a40
        0x5582be7e1a40
        0x5582be7e1a40
        0x5582be7e1a40
        0x5582be7e1a40
        0x5582be7e1a40
        0x5582be7e1a40
        0x5582be7e1a40
        0x5582be7e1a40
        0x5582be7e1a40
        0x5582be7e1a40
        0x5582be7e1a40
        0x5582be7e1a40
        0x5582be7e1a40
        0x5582be7e1a40
        0x5582be7e1a40
        0x5582be7e1a40
        0x5582be7e1a40
        0x5582be7e1a40
        0x5582be7e1a40
        0x5582be7e1a40
        0x5582be7e1a40
        0x5582be7e1a40
        0x5582be7e1a40
        0x5582be7e1a40
        0x5582be7e1a40
        0x5582be7e1a40
        0x5582be7e1a40
        0x5582be7e1a40
]: 1
@preempt_stack[
        0x7fef9cb8aa47
]: 1
@preempt_stack[
        0x7feefba5b26e
        0x411407a6
        0x7feefb846428
        0x7feefb9e578f
        0x5582be808500
]: 1
@preempt_stack[
        mono_metadata_type_hash+80
        0x120000
        0x5582bec52790
        0x5582bec52790
        0x5582bec52790
        0x5582bec52790
        0x5582bec52790
        0x5582bec52790
        0x5582bec52790
        0x5582bec52790
        0x5582bec52790
        0x5582bec52790
        0x5582bec52790
        0x5582bec52790
        0x5582bec52790
        0x5582bec52790
        0x5582bec52790
        0x5582bec52790
        0x5582bec52790
        0x5582bec52790
        0x5582bec52790
        0x5582bec52790
        0x5582bec52790
        0x5582bec52790
        0x5582bec52790
        0x5582bec52790
        0x5582bec52790
        0x5582bec52790
        0x5582bec52790
        0x5582bec52790
        0x5582bec52790
        0x5582bec52790
        0x5582bec52790
        0x5582bec52790
        0x5582bec52790
        0x5582bec52790
        0x5582bec52790
        0x5582bec52790
        0x5582bec52790
        0x5582bec52790
        0x5582bec52790
        0x5582bec52790
        0x5582bec52790
        0x5582bec52790
        0x5582bec52790
        0x5582bec52790
        0x5582bec52790
        0x5582bec52790
        0x5582bec52790
        0x5582bec52790
        0x5582bec52790
        0x5582bec52790
        0x5582bec52790
        0x5582bec52790
        0x5582bec52790
        0x5582bec52790
        0x5582bec52790
        0x5582bec52790
        0x5582bec52790
        0x5582bec52790
        0x5582bec52790
        0x5582bec52790
        0x5582bec52790
        0x5582bec52790
        0x5582bec52790
        0x5582bec52790
        0x5582bec52790
        0x5582bec52790
        0x5582bec52790
        0x5582bec52790
        0x5582bec52790
        0x5582bec52790
        0x5582bec52790
        0x5582bec52790
        0x5582bec52790
        0x5582bec52790
        0x5582bec52790
        0x5582bec52790
        0x5582bec52790
        0x5582bec52790
        0x5582bec52790
        0x5582bec52790
        0x5582bec52790
        0x5582bec52790
        0x5582bec52790
        0x5582bec52790
        0x5582bec52790
        0x5582bec52790
        0x5582bec52790
        0x5582bec52790
        0x5582bec52790
        0x5582bec52790
        0x5582bec52790
        0x5582bec52790
        0x5582bec52790
        0x5582bec52790
        0x5582bec52790
        0x5582bec52790
        0x5582bec52790
        0x5582bec52790
        0x5582bec52790
        0x5582bec52790
        0x5582bec52790
        0x5582bec52790
        0x5582bec52790
        0x5582bec52790
        0x5582bec52790
        0x5582bec52790
        0x5582bec52790
        0x5582bec52790
        0x5582bec52790
        0x5582bec52790
        0x5582bec52790
        0x5582bec52790
        0x5582bec52790
        0x5582bec52790
        0x5582bec52790
        0x5582bec52790
        0x5582bec52790
        0x5582bec52790
        0x5582bec52790
        0x5582bec52790
        0x5582bec52790
        0x5582bec52790
        0x5582bec52790
        0x5582bec52790
        0x5582bec52790
]: 1
@preempt_stack[
        0x7feefb9cb775
        0x130000
        0
        0
        0x5582c1dc5890
]: 1
@preempt_stack[
        0x7feefb9ddb59
        0x5582c284d380
]: 1
@preempt_stack[
        0x41cda1b4
]: 1
@preempt_stack[
        0x7fef9de728fe
        0x7fef9d6fda62
]: 1
@preempt_stack[
        0x7fef9d2fa684
        0
]: 1
@preempt_stack[
        0x7feefba5b265
        0x411407a6
        0x7feefb846428
        0x7feefb9e578f
        0x5582be808500
]: 1
@preempt_stack[
        0x7fef9c905d00
        0
]: 1
@preempt_stack[
        0x7feefb9ce4d8
        0x5582c17afab8
        0x5582c17afab8
        0x5582c17afab8
        0x5582c17afab8
        0x5582c17afab8
        0x5582c17afab8
        0x5582c17afab8
        0x5582c17afab8
        0x5582c17afab8
        0x5582c17afab8
        0x5582c17afab8
        0x5582c17afab8
        0x5582c17afab8
        0x5582c17afab8
        0x5582c17afab8
        0x5582c17afab8
        0x5582c17afab8
        0x5582c17afab8
        0x5582c17afab8
        0x5582c17afab8
        0x5582c17afab8
        0x5582c17afab8
        0x5582c17afab8
        0x5582c17afab8
        0x5582c17afab8
        0x5582c17afab8
        0x5582c17afab8
        0x5582c17afab8
        0x5582c17afab8
        0x5582c17afab8
        0x5582c17afab8
        0x5582c17afab8
        0x5582c17afab8
        0x5582c17afab8
        0x5582c17afab8
        0x5582c17afab8
        0x5582c17afab8
        0x5582c17afab8
        0x5582c17afab8
        0x5582c17afab8
        0x5582c17afab8
        0x5582c17afab8
        0x5582c17afab8
        0x5582c17afab8
        0x5582c17afab8
        0x5582c17afab8
        0x5582c17afab8
        0x5582c17afab8
        0x5582c17afab8
        0x5582c17afab8
        0x5582c17afab8
        0x5582c17afab8
        0x5582c17afab8
        0x5582c17afab8
        0x5582c17afab8
        0x5582c17afab8
        0x5582c17afab8
        0x5582c17afab8
        0x5582c17afab8
        0x5582c17afab8
        0x5582c17afab8
        0x5582c17afab8
        0x5582c17afab8
        0x5582c17afab8
        0x5582c17afab8
        0x5582c17afab8
        0x5582c17afab8
        0x5582c17afab8
        0x5582c17afab8
        0x5582c17afab8
        0x5582c17afab8
        0x5582c17afab8
        0x5582c17afab8
        0x5582c17afab8
        0x5582c17afab8
        0x5582c17afab8
        0x5582c17afab8
        0x5582c17afab8
        0x5582c17afab8
        0x5582c17afab8
        0x5582c17afab8
        0x5582c17afab8
        0x5582c17afab8
        0x5582c17afab8
        0x5582c17afab8
        0x5582c17afab8
        0x5582c17afab8
        0x5582c17afab8
        0x5582c17afab8
        0x5582c17afab8
        0x5582c17afab8
        0x5582c17afab8
        0x5582c17afab8
        0x5582c17afab8
        0x5582c17afab8
        0x5582c17afab8
        0x5582c17afab8
        0x5582c17afab8
        0x5582c17afab8
        0x5582c17afab8
        0x5582c17afab8
        0x5582c17afab8
        0x5582c17afab8
        0x5582c17afab8
        0x5582c17afab8
        0x5582c17afab8
        0x5582c17afab8
        0x5582c17afab8
        0x5582c17afab8
        0x5582c17afab8
        0x5582c17afab8
        0x5582c17afab8
        0x5582c17afab8
        0x5582c17afab8
        0x5582c17afab8
        0x5582c17afab8
        0x5582c17afab8
        0x5582c17afab8
        0x5582c17afab8
        0x5582c17afab8
        0x5582c17afab8
        0x5582c17afab8
        0x5582c17afab8
        0x5582c17afab8
        0x5582c17afab8
        0x5582c17afab8
]: 1
@preempt_stack[
        0x415ba5ca
        0x413e8368
        0x416ff934
        0x411407a6
        0x7feefb846428
        0x7feefb9e578f
        0x5582be808500
]: 1
@preempt_stack[
        0x7feefb9ce4d8
        0x5582c17ae738
        0x5582c17ae738
        0x5582c17ae738
        0x5582c17ae738
        0x5582c17ae738
        0x5582c17ae738
        0x5582c17ae738
        0x5582c17ae738
        0x5582c17ae738
        0x5582c17ae738
        0x5582c17ae738
        0x5582c17ae738
        0x5582c17ae738
        0x5582c17ae738
        0x5582c17ae738
        0x5582c17ae738
        0x5582c17ae738
        0x5582c17ae738
        0x5582c17ae738
        0x5582c17ae738
        0x5582c17ae738
        0x5582c17ae738
        0x5582c17ae738
        0x5582c17ae738
        0x5582c17ae738
        0x5582c17ae738
        0x5582c17ae738
        0x5582c17ae738
        0x5582c17ae738
        0x5582c17ae738
        0x5582c17ae738
        0x5582c17ae738
        0x5582c17ae738
        0x5582c17ae738
        0x5582c17ae738
        0x5582c17ae738
        0x5582c17ae738
        0x5582c17ae738
        0x5582c17ae738
        0x5582c17ae738
        0x5582c17ae738
        0x5582c17ae738
        0x5582c17ae738
        0x5582c17ae738
        0x5582c17ae738
        0x5582c17ae738
        0x5582c17ae738
        0x5582c17ae738
        0x5582c17ae738
        0x5582c17ae738
        0x5582c17ae738
        0x5582c17ae738
        0x5582c17ae738
        0x5582c17ae738
        0x5582c17ae738
        0x5582c17ae738
        0x5582c17ae738
        0x5582c17ae738
        0x5582c17ae738
        0x5582c17ae738
        0x5582c17ae738
        0x5582c17ae738
        0x5582c17ae738
        0x5582c17ae738
        0x5582c17ae738
        0x5582c17ae738
        0x5582c17ae738
        0x5582c17ae738
        0x5582c17ae738
        0x5582c17ae738
        0x5582c17ae738
        0x5582c17ae738
        0x5582c17ae738
        0x5582c17ae738
        0x5582c17ae738
        0x5582c17ae738
        0x5582c17ae738
        0x5582c17ae738
        0x5582c17ae738
        0x5582c17ae738
        0x5582c17ae738
        0x5582c17ae738
        0x5582c17ae738
        0x5582c17ae738
        0x5582c17ae738
        0x5582c17ae738
        0x5582c17ae738
        0x5582c17ae738
        0x5582c17ae738
        0x5582c17ae738
        0x5582c17ae738
        0x5582c17ae738
        0x5582c17ae738
        0x5582c17ae738
        0x5582c17ae738
        0x5582c17ae738
        0x5582c17ae738
        0x5582c17ae738
        0x5582c17ae738
        0x5582c17ae738
        0x5582c17ae738
        0x5582c17ae738
        0x5582c17ae738
        0x5582c17ae738
        0x5582c17ae738
        0x5582c17ae738
        0x5582c17ae738
        0x5582c17ae738
        0x5582c17ae738
        0x5582c17ae738
        0x5582c17ae738
        0x5582c17ae738
        0x5582c17ae738
        0x5582c17ae738
        0x5582c17ae738
        0x5582c17ae738
        0x5582c17ae738
        0x5582c17ae738
        0x5582c17ae738
        0x5582c17ae738
        0x5582c17ae738
        0x5582c17ae738
        0x5582c17ae738
        0x5582c17ae738
        0x5582c17ae738
        0x5582c17ae738
]: 1
@preempt_stack[
        0x7fef9bbb802c
]: 1
@preempt_stack[
        0x415ba5c0
        0x413e8368
        0x416ff934
        0x411407a6
        0x7feefb846428
        0x7feefb9e578f
        0x5582be808500
]: 1
@preempt_stack[
        0x41c2855a
        0
        0x2000000000000001
        0x5582bf3c6df0
        0x5582bf3c6df0
        0x5582bf3c6df0
        0x5582bf3c6df0
        0x5582bf3c6df0
        0x5582bf3c6df0
        0x5582bf3c6df0
        0x5582bf3c6df0
        0x5582bf3c6df0
        0x5582bf3c6df0
        0x5582bf3c6df0
        0x5582bf3c6df0
        0x5582bf3c6df0
        0x5582bf3c6df0
        0x5582bf3c6df0
        0x5582bf3c6df0
        0x5582bf3c6df0
        0x5582bf3c6df0
        0x5582bf3c6df0
        0x5582bf3c6df0
        0x5582bf3c6df0
        0x5582bf3c6df0
        0x5582bf3c6df0
        0x5582bf3c6df0
        0x5582bf3c6df0
        0x5582bf3c6df0
        0x5582bf3c6df0
        0x5582bf3c6df0
        0x5582bf3c6df0
        0x5582bf3c6df0
        0x5582bf3c6df0
        0x5582bf3c6df0
        0x5582bf3c6df0
        0x5582bf3c6df0
        0x5582bf3c6df0
        0x5582bf3c6df0
        0x5582bf3c6df0
        0x5582bf3c6df0
        0x5582bf3c6df0
        0x5582bf3c6df0
        0x5582bf3c6df0
        0x5582bf3c6df0
        0x5582bf3c6df0
        0x5582bf3c6df0
        0x5582bf3c6df0
        0x5582bf3c6df0
        0x5582bf3c6df0
        0x5582bf3c6df0
        0x5582bf3c6df0
        0x5582bf3c6df0
        0x5582bf3c6df0
        0x5582bf3c6df0
        0x5582bf3c6df0
        0x5582bf3c6df0
        0x5582bf3c6df0
        0x5582bf3c6df0
        0x5582bf3c6df0
        0x5582bf3c6df0
        0x5582bf3c6df0
        0x5582bf3c6df0
        0x5582bf3c6df0
        0x5582bf3c6df0
        0x5582bf3c6df0
        0x5582bf3c6df0
        0x5582bf3c6df0
        0x5582bf3c6df0
        0x5582bf3c6df0
        0x5582bf3c6df0
        0x5582bf3c6df0
        0x5582bf3c6df0
        0x5582bf3c6df0
        0x5582bf3c6df0
        0x5582bf3c6df0
        0x5582bf3c6df0
        0x5582bf3c6df0
        0x5582bf3c6df0
        0x5582bf3c6df0
        0x5582bf3c6df0
        0x5582bf3c6df0
        0x5582bf3c6df0
        0x5582bf3c6df0
        0x5582bf3c6df0
        0x5582bf3c6df0
        0x5582bf3c6df0
        0x5582bf3c6df0
        0x5582bf3c6df0
        0x5582bf3c6df0
        0x5582bf3c6df0
        0x5582bf3c6df0
        0x5582bf3c6df0
        0x5582bf3c6df0
        0x5582bf3c6df0
        0x5582bf3c6df0
        0x5582bf3c6df0
        0x5582bf3c6df0
        0x5582bf3c6df0
        0x5582bf3c6df0
        0x5582bf3c6df0
        0x5582bf3c6df0
        0x5582bf3c6df0
        0x5582bf3c6df0
        0x5582bf3c6df0
        0x5582bf3c6df0
        0x5582bf3c6df0
        0x5582bf3c6df0
        0x5582bf3c6df0
        0x5582bf3c6df0
        0x5582bf3c6df0
        0x5582bf3c6df0
        0x5582bf3c6df0
        0x5582bf3c6df0
        0x5582bf3c6df0
        0x5582bf3c6df0
        0x5582bf3c6df0
        0x5582bf3c6df0
        0x5582bf3c6df0
        0x5582bf3c6df0
        0x5582bf3c6df0
        0x5582bf3c6df0
        0x5582bf3c6df0
        0x5582bf3c6df0
        0x5582bf3c6df0
        0x5582bf3c6df0
        0x5582bf3c6df0
]: 1
@preempt_stack[
        0x7feefb9cb5b8
        0
        0
        0x5582c083f6a0
]: 1
@preempt_stack[
        0x7feefb845ec7
        0x7feefb9e578f
        0x5582be808500
]: 1
@preempt_stack[
        0x7feefba0f68f
        0x120000
        0x5582c1da1ab0
        0x5582c1da1ab0
        0x5582c1da1ab0
        0x5582c1da1ab0
        0x5582c1da1ab0
        0x5582c1da1ab0
        0x5582c1da1ab0
        0x5582c1da1ab0
        0x5582c1da1ab0
        0x5582c1da1ab0
        0x5582c1da1ab0
        0x5582c1da1ab0
        0x5582c1da1ab0
        0x5582c1da1ab0
        0x5582c1da1ab0
        0x5582c1da1ab0
        0x5582c1da1ab0
        0x5582c1da1ab0
        0x5582c1da1ab0
        0x5582c1da1ab0
        0x5582c1da1ab0
        0x5582c1da1ab0
        0x5582c1da1ab0
        0x5582c1da1ab0
        0x5582c1da1ab0
        0x5582c1da1ab0
        0x5582c1da1ab0
        0x5582c1da1ab0
        0x5582c1da1ab0
        0x5582c1da1ab0
        0x5582c1da1ab0
        0x5582c1da1ab0
        0x5582c1da1ab0
        0x5582c1da1ab0
        0x5582c1da1ab0
        0x5582c1da1ab0
        0x5582c1da1ab0
        0x5582c1da1ab0
        0x5582c1da1ab0
        0x5582c1da1ab0
        0x5582c1da1ab0
        0x5582c1da1ab0
        0x5582c1da1ab0
        0x5582c1da1ab0
        0x5582c1da1ab0
        0x5582c1da1ab0
        0x5582c1da1ab0
        0x5582c1da1ab0
        0x5582c1da1ab0
        0x5582c1da1ab0
        0x5582c1da1ab0
        0x5582c1da1ab0
        0x5582c1da1ab0
        0x5582c1da1ab0
        0x5582c1da1ab0
        0x5582c1da1ab0
        0x5582c1da1ab0
        0x5582c1da1ab0
        0x5582c1da1ab0
        0x5582c1da1ab0
        0x5582c1da1ab0
        0x5582c1da1ab0
        0x5582c1da1ab0
        0x5582c1da1ab0
        0x5582c1da1ab0
        0x5582c1da1ab0
        0x5582c1da1ab0
        0x5582c1da1ab0
        0x5582c1da1ab0
        0x5582c1da1ab0
        0x5582c1da1ab0
        0x5582c1da1ab0
        0x5582c1da1ab0
        0x5582c1da1ab0
        0x5582c1da1ab0
        0x5582c1da1ab0
        0x5582c1da1ab0
        0x5582c1da1ab0
        0x5582c1da1ab0
        0x5582c1da1ab0
        0x5582c1da1ab0
        0x5582c1da1ab0
        0x5582c1da1ab0
        0x5582c1da1ab0
        0x5582c1da1ab0
        0x5582c1da1ab0
        0x5582c1da1ab0
        0x5582c1da1ab0
        0x5582c1da1ab0
        0x5582c1da1ab0
        0x5582c1da1ab0
        0x5582c1da1ab0
        0x5582c1da1ab0
        0x5582c1da1ab0
        0x5582c1da1ab0
        0x5582c1da1ab0
        0x5582c1da1ab0
        0x5582c1da1ab0
        0x5582c1da1ab0
        0x5582c1da1ab0
        0x5582c1da1ab0
        0x5582c1da1ab0
        0x5582c1da1ab0
        0x5582c1da1ab0
        0x5582c1da1ab0
        0x5582c1da1ab0
        0x5582c1da1ab0
        0x5582c1da1ab0
        0x5582c1da1ab0
        0x5582c1da1ab0
        0x5582c1da1ab0
        0x5582c1da1ab0
        0x5582c1da1ab0
        0x5582c1da1ab0
        0x5582c1da1ab0
        0x5582c1da1ab0
        0x5582c1da1ab0
        0x5582c1da1ab0
        0x5582c1da1ab0
        0x5582c1da1ab0
        0x5582c1da1ab0
        0x5582c1da1ab0
        0x5582c1da1ab0
        0x5582c1da1ab0
        0x5582c1da1ab0
]: 1
@preempt_stack[
        0x7fef9d5af7f5
        0x7fef9ce986f5
]: 1
@preempt_stack[
        mono_class_from_mono_type_internal+13
        0x120000
        0x5582c1da6378
        0x5582c1da6378
        0x5582c1da6378
        0x5582c1da6378
        0x5582c1da6378
        0x5582c1da6378
        0x5582c1da6378
        0x5582c1da6378
        0x5582c1da6378
        0x5582c1da6378
        0x5582c1da6378
        0x5582c1da6378
        0x5582c1da6378
        0x5582c1da6378
        0x5582c1da6378
        0x5582c1da6378
        0x5582c1da6378
        0x5582c1da6378
        0x5582c1da6378
        0x5582c1da6378
        0x5582c1da6378
        0x5582c1da6378
        0x5582c1da6378
        0x5582c1da6378
        0x5582c1da6378
        0x5582c1da6378
        0x5582c1da6378
        0x5582c1da6378
        0x5582c1da6378
        0x5582c1da6378
        0x5582c1da6378
        0x5582c1da6378
        0x5582c1da6378
        0x5582c1da6378
        0x5582c1da6378
        0x5582c1da6378
        0x5582c1da6378
        0x5582c1da6378
        0x5582c1da6378
        0x5582c1da6378
        0x5582c1da6378
        0x5582c1da6378
        0x5582c1da6378
        0x5582c1da6378
        0x5582c1da6378
        0x5582c1da6378
        0x5582c1da6378
        0x5582c1da6378
        0x5582c1da6378
        0x5582c1da6378
        0x5582c1da6378
        0x5582c1da6378
        0x5582c1da6378
        0x5582c1da6378
        0x5582c1da6378
        0x5582c1da6378
        0x5582c1da6378
        0x5582c1da6378
        0x5582c1da6378
        0x5582c1da6378
        0x5582c1da6378
        0x5582c1da6378
        0x5582c1da6378
        0x5582c1da6378
        0x5582c1da6378
        0x5582c1da6378
        0x5582c1da6378
        0x5582c1da6378
        0x5582c1da6378
        0x5582c1da6378
        0x5582c1da6378
        0x5582c1da6378
        0x5582c1da6378
        0x5582c1da6378
        0x5582c1da6378
        0x5582c1da6378
        0x5582c1da6378
        0x5582c1da6378
        0x5582c1da6378
        0x5582c1da6378
        0x5582c1da6378
        0x5582c1da6378
        0x5582c1da6378
        0x5582c1da6378
        0x5582c1da6378
        0x5582c1da6378
        0x5582c1da6378
        0x5582c1da6378
        0x5582c1da6378
        0x5582c1da6378
        0x5582c1da6378
        0x5582c1da6378
        0x5582c1da6378
        0x5582c1da6378
        0x5582c1da6378
        0x5582c1da6378
        0x5582c1da6378
        0x5582c1da6378
        0x5582c1da6378
        0x5582c1da6378
        0x5582c1da6378
        0x5582c1da6378
        0x5582c1da6378
        0x5582c1da6378
        0x5582c1da6378
        0x5582c1da6378
        0x5582c1da6378
        0x5582c1da6378
        0x5582c1da6378
        0x5582c1da6378
        0x5582c1da6378
        0x5582c1da6378
        0x5582c1da6378
        0x5582c1da6378
        0x5582c1da6378
        0x5582c1da6378
        0x5582c1da6378
        0x5582c1da6378
        0x5582c1da6378
        0x5582c1da6378
        0x5582c1da6378
        0x5582c1da6378
        0x5582c1da6378
        0x5582c1da6378
        0x5582c1da6378
]: 1
@preempt_stack[
        GC_gcj_vector_mark_proc+870
]: 1
@preempt_stack[
        0x7fef9ccd309e
        0x7c007840782
]: 1
@preempt_stack[
        0x7fef9cd2b3a1
]: 1
@preempt_stack[
        mono_metadata_type_hash+106
        0x120000
        0x5582c19a2240
        0x5582c19a2240
        0x5582c19a2240
        0x5582c19a2240
        0x5582c19a2240
        0x5582c19a2240
        0x5582c19a2240
        0x5582c19a2240
        0x5582c19a2240
        0x5582c19a2240
        0x5582c19a2240
        0x5582c19a2240
        0x5582c19a2240
        0x5582c19a2240
        0x5582c19a2240
        0x5582c19a2240
        0x5582c19a2240
        0x5582c19a2240
        0x5582c19a2240
        0x5582c19a2240
        0x5582c19a2240
        0x5582c19a2240
        0x5582c19a2240
        0x5582c19a2240
        0x5582c19a2240
        0x5582c19a2240
        0x5582c19a2240
        0x5582c19a2240
        0x5582c19a2240
        0x5582c19a2240
        0x5582c19a2240
        0x5582c19a2240
        0x5582c19a2240
        0x5582c19a2240
        0x5582c19a2240
        0x5582c19a2240
        0x5582c19a2240
        0x5582c19a2240
        0x5582c19a2240
        0x5582c19a2240
        0x5582c19a2240
        0x5582c19a2240
        0x5582c19a2240
        0x5582c19a2240
        0x5582c19a2240
        0x5582c19a2240
        0x5582c19a2240
        0x5582c19a2240
        0x5582c19a2240
        0x5582c19a2240
        0x5582c19a2240
        0x5582c19a2240
        0x5582c19a2240
        0x5582c19a2240
        0x5582c19a2240
        0x5582c19a2240
        0x5582c19a2240
        0x5582c19a2240
        0x5582c19a2240
        0x5582c19a2240
        0x5582c19a2240
        0x5582c19a2240
        0x5582c19a2240
        0x5582c19a2240
        0x5582c19a2240
        0x5582c19a2240
        0x5582c19a2240
        0x5582c19a2240
        0x5582c19a2240
        0x5582c19a2240
        0x5582c19a2240
        0x5582c19a2240
        0x5582c19a2240
        0x5582c19a2240
        0x5582c19a2240
        0x5582c19a2240
        0x5582c19a2240
        0x5582c19a2240
        0x5582c19a2240
        0x5582c19a2240
        0x5582c19a2240
        0x5582c19a2240
        0x5582c19a2240
        0x5582c19a2240
        0x5582c19a2240
        0x5582c19a2240
        0x5582c19a2240
        0x5582c19a2240
        0x5582c19a2240
        0x5582c19a2240
        0x5582c19a2240
        0x5582c19a2240
        0x5582c19a2240
        0x5582c19a2240
        0x5582c19a2240
        0x5582c19a2240
        0x5582c19a2240
        0x5582c19a2240
        0x5582c19a2240
        0x5582c19a2240
        0x5582c19a2240
        0x5582c19a2240
        0x5582c19a2240
        0x5582c19a2240
        0x5582c19a2240
        0x5582c19a2240
        0x5582c19a2240
        0x5582c19a2240
        0x5582c19a2240
        0x5582c19a2240
        0x5582c19a2240
        0x5582c19a2240
        0x5582c19a2240
        0x5582c19a2240
        0x5582c19a2240
        0x5582c19a2240
        0x5582c19a2240
        0x5582c19a2240
        0x5582c19a2240
        0x5582c19a2240
        0x5582c19a2240
        0x5582c19a2240
        0x5582c19a2240
        0x5582c19a2240
        0x5582c19a2240
]: 1
@preempt_stack[
        mono_g_hash_table_lookup_extended+66
        0x120000
        0x5582c01a8d18
        0x5582c01a8d18
        0x5582c01a8d18
        0x5582c01a8d18
        0x5582c01a8d18
        0x5582c01a8d18
        0x5582c01a8d18
        0x5582c01a8d18
        0x5582c01a8d18
        0x5582c01a8d18
        0x5582c01a8d18
        0x5582c01a8d18
        0x5582c01a8d18
        0x5582c01a8d18
        0x5582c01a8d18
        0x5582c01a8d18
        0x5582c01a8d18
        0x5582c01a8d18
        0x5582c01a8d18
        0x5582c01a8d18
        0x5582c01a8d18
        0x5582c01a8d18
        0x5582c01a8d18
        0x5582c01a8d18
        0x5582c01a8d18
        0x5582c01a8d18
        0x5582c01a8d18
        0x5582c01a8d18
        0x5582c01a8d18
        0x5582c01a8d18
        0x5582c01a8d18
        0x5582c01a8d18
        0x5582c01a8d18
        0x5582c01a8d18
        0x5582c01a8d18
        0x5582c01a8d18
        0x5582c01a8d18
        0x5582c01a8d18
        0x5582c01a8d18
        0x5582c01a8d18
        0x5582c01a8d18
        0x5582c01a8d18
        0x5582c01a8d18
        0x5582c01a8d18
        0x5582c01a8d18
        0x5582c01a8d18
        0x5582c01a8d18
        0x5582c01a8d18
        0x5582c01a8d18
        0x5582c01a8d18
        0x5582c01a8d18
        0x5582c01a8d18
        0x5582c01a8d18
        0x5582c01a8d18
        0x5582c01a8d18
        0x5582c01a8d18
        0x5582c01a8d18
        0x5582c01a8d18
        0x5582c01a8d18
        0x5582c01a8d18
        0x5582c01a8d18
        0x5582c01a8d18
        0x5582c01a8d18
        0x5582c01a8d18
        0x5582c01a8d18
        0x5582c01a8d18
        0x5582c01a8d18
        0x5582c01a8d18
        0x5582c01a8d18
        0x5582c01a8d18
        0x5582c01a8d18
        0x5582c01a8d18
        0x5582c01a8d18
        0x5582c01a8d18
        0x5582c01a8d18
        0x5582c01a8d18
        0x5582c01a8d18
        0x5582c01a8d18
        0x5582c01a8d18
        0x5582c01a8d18
        0x5582c01a8d18
        0x5582c01a8d18
        0x5582c01a8d18
        0x5582c01a8d18
        0x5582c01a8d18
        0x5582c01a8d18
        0x5582c01a8d18
        0x5582c01a8d18
        0x5582c01a8d18
        0x5582c01a8d18
        0x5582c01a8d18
        0x5582c01a8d18
        0x5582c01a8d18
        0x5582c01a8d18
        0x5582c01a8d18
        0x5582c01a8d18
        0x5582c01a8d18
        0x5582c01a8d18
        0x5582c01a8d18
        0x5582c01a8d18
        0x5582c01a8d18
        0x5582c01a8d18
        0x5582c01a8d18
        0x5582c01a8d18
        0x5582c01a8d18
        0x5582c01a8d18
        0x5582c01a8d18
        0x5582c01a8d18
        0x5582c01a8d18
        0x5582c01a8d18
        0x5582c01a8d18
        0x5582c01a8d18
        0x5582c01a8d18
        0x5582c01a8d18
        0x5582c01a8d18
        0x5582c01a8d18
        0x5582c01a8d18
        0x5582c01a8d18
        0x5582c01a8d18
        0x5582c01a8d18
        0x5582c01a8d18
        0x5582c01a8d18
        0x5582c01a8d18
        0x5582c01a8d18
        0x5582c01a8d18
]: 1
@preempt_stack[
        0x413c5aef
        0x413c520c
]: 1
@preempt_stack[
        0x7fef9cc08711
]: 1
@preempt_stack[
        mono_metadata_type_hash+106
        0x120000
        0x5582c1d4c938
        0x5582c1d4c938
        0x5582c1d4c938
        0x5582c1d4c938
        0x5582c1d4c938
        0x5582c1d4c938
        0x5582c1d4c938
        0x5582c1d4c938
        0x5582c1d4c938
        0x5582c1d4c938
        0x5582c1d4c938
        0x5582c1d4c938
        0x5582c1d4c938
        0x5582c1d4c938
        0x5582c1d4c938
        0x5582c1d4c938
        0x5582c1d4c938
        0x5582c1d4c938
        0x5582c1d4c938
        0x5582c1d4c938
        0x5582c1d4c938
        0x5582c1d4c938
        0x5582c1d4c938
        0x5582c1d4c938
        0x5582c1d4c938
        0x5582c1d4c938
        0x5582c1d4c938
        0x5582c1d4c938
        0x5582c1d4c938
        0x5582c1d4c938
        0x5582c1d4c938
        0x5582c1d4c938
        0x5582c1d4c938
        0x5582c1d4c938
        0x5582c1d4c938
        0x5582c1d4c938
        0x5582c1d4c938
        0x5582c1d4c938
        0x5582c1d4c938
        0x5582c1d4c938
        0x5582c1d4c938
        0x5582c1d4c938
        0x5582c1d4c938
        0x5582c1d4c938
        0x5582c1d4c938
        0x5582c1d4c938
        0x5582c1d4c938
        0x5582c1d4c938
        0x5582c1d4c938
        0x5582c1d4c938
        0x5582c1d4c938
        0x5582c1d4c938
        0x5582c1d4c938
        0x5582c1d4c938
        0x5582c1d4c938
        0x5582c1d4c938
        0x5582c1d4c938
        0x5582c1d4c938
        0x5582c1d4c938
        0x5582c1d4c938
        0x5582c1d4c938
        0x5582c1d4c938
        0x5582c1d4c938
        0x5582c1d4c938
        0x5582c1d4c938
        0x5582c1d4c938
        0x5582c1d4c938
        0x5582c1d4c938
        0x5582c1d4c938
        0x5582c1d4c938
        0x5582c1d4c938
        0x5582c1d4c938
        0x5582c1d4c938
        0x5582c1d4c938
        0x5582c1d4c938
        0x5582c1d4c938
        0x5582c1d4c938
        0x5582c1d4c938
        0x5582c1d4c938
        0x5582c1d4c938
        0x5582c1d4c938
        0x5582c1d4c938
        0x5582c1d4c938
        0x5582c1d4c938
        0x5582c1d4c938
        0x5582c1d4c938
        0x5582c1d4c938
        0x5582c1d4c938
        0x5582c1d4c938
        0x5582c1d4c938
        0x5582c1d4c938
        0x5582c1d4c938
        0x5582c1d4c938
        0x5582c1d4c938
        0x5582c1d4c938
        0x5582c1d4c938
        0x5582c1d4c938
        0x5582c1d4c938
        0x5582c1d4c938
        0x5582c1d4c938
        0x5582c1d4c938
        0x5582c1d4c938
        0x5582c1d4c938
        0x5582c1d4c938
        0x5582c1d4c938
        0x5582c1d4c938
        0x5582c1d4c938
        0x5582c1d4c938
        0x5582c1d4c938
        0x5582c1d4c938
        0x5582c1d4c938
        0x5582c1d4c938
        0x5582c1d4c938
        0x5582c1d4c938
        0x5582c1d4c938
        0x5582c1d4c938
        0x5582c1d4c938
        0x5582c1d4c938
        0x5582c1d4c938
        0x5582c1d4c938
        0x5582c1d4c938
        0x5582c1d4c938
        0x5582c1d4c938
        0x5582c1d4c938
        0x5582c1d4c938
]: 1
@preempt_stack[
        0x7fef9ccd7ad1
        0xf670f440f42
]: 1
@preempt_stack[
        0x7feefb9ce4d8
        0x5582bec62490
        0x5582bec62490
        0x5582bec62490
        0x5582bec62490
        0x5582bec62490
        0x5582bec62490
        0x5582bec62490
        0x5582bec62490
        0x5582bec62490
        0x5582bec62490
        0x5582bec62490
        0x5582bec62490
        0x5582bec62490
        0x5582bec62490
        0x5582bec62490
        0x5582bec62490
        0x5582bec62490
        0x5582bec62490
        0x5582bec62490
        0x5582bec62490
        0x5582bec62490
        0x5582bec62490
        0x5582bec62490
        0x5582bec62490
        0x5582bec62490
        0x5582bec62490
        0x5582bec62490
        0x5582bec62490
        0x5582bec62490
        0x5582bec62490
        0x5582bec62490
        0x5582bec62490
        0x5582bec62490
        0x5582bec62490
        0x5582bec62490
        0x5582bec62490
        0x5582bec62490
        0x5582bec62490
        0x5582bec62490
        0x5582bec62490
        0x5582bec62490
        0x5582bec62490
        0x5582bec62490
        0x5582bec62490
        0x5582bec62490
        0x5582bec62490
        0x5582bec62490
        0x5582bec62490
        0x5582bec62490
        0x5582bec62490
        0x5582bec62490
        0x5582bec62490
        0x5582bec62490
        0x5582bec62490
        0x5582bec62490
        0x5582bec62490
        0x5582bec62490
        0x5582bec62490
        0x5582bec62490
        0x5582bec62490
        0x5582bec62490
        0x5582bec62490
        0x5582bec62490
        0x5582bec62490
        0x5582bec62490
        0x5582bec62490
        0x5582bec62490
        0x5582bec62490
        0x5582bec62490
        0x5582bec62490
        0x5582bec62490
        0x5582bec62490
        0x5582bec62490
        0x5582bec62490
        0x5582bec62490
        0x5582bec62490
        0x5582bec62490
        0x5582bec62490
        0x5582bec62490
        0x5582bec62490
        0x5582bec62490
        0x5582bec62490
        0x5582bec62490
        0x5582bec62490
        0x5582bec62490
        0x5582bec62490
        0x5582bec62490
        0x5582bec62490
        0x5582bec62490
        0x5582bec62490
        0x5582bec62490
        0x5582bec62490
        0x5582bec62490
        0x5582bec62490
        0x5582bec62490
        0x5582bec62490
        0x5582bec62490
        0x5582bec62490
        0x5582bec62490
        0x5582bec62490
        0x5582bec62490
        0x5582bec62490
        0x5582bec62490
        0x5582bec62490
        0x5582bec62490
        0x5582bec62490
        0x5582bec62490
        0x5582bec62490
        0x5582bec62490
        0x5582bec62490
        0x5582bec62490
        0x5582bec62490
        0x5582bec62490
        0x5582bec62490
        0x5582bec62490
        0x5582bec62490
        0x5582bec62490
        0x5582bec62490
        0x5582bec62490
        0x5582bec62490
        0x5582bec62490
        0x5582bec62490
        0x5582bec62490
        0x5582bec62490
        0x5582bec62490
        0x5582bec62490
]: 1
@preempt_stack[
        0x7feefb9cb609
        0x1
        0
        0x5582c17ca130
]: 1
@preempt_stack[
        mono_metadata_type_hash+80
        0x120000
        0x5582bf4b30d8
        0x5582bf4b30d8
        0x5582bf4b30d8
        0x5582bf4b30d8
        0x5582bf4b30d8
        0x5582bf4b30d8
        0x5582bf4b30d8
        0x5582bf4b30d8
        0x5582bf4b30d8
        0x5582bf4b30d8
        0x5582bf4b30d8
        0x5582bf4b30d8
        0x5582bf4b30d8
        0x5582bf4b30d8
        0x5582bf4b30d8
        0x5582bf4b30d8
        0x5582bf4b30d8
        0x5582bf4b30d8
        0x5582bf4b30d8
        0x5582bf4b30d8
        0x5582bf4b30d8
        0x5582bf4b30d8
        0x5582bf4b30d8
        0x5582bf4b30d8
        0x5582bf4b30d8
        0x5582bf4b30d8
        0x5582bf4b30d8
        0x5582bf4b30d8
        0x5582bf4b30d8
        0x5582bf4b30d8
        0x5582bf4b30d8
        0x5582bf4b30d8
        0x5582bf4b30d8
        0x5582bf4b30d8
        0x5582bf4b30d8
        0x5582bf4b30d8
        0x5582bf4b30d8
        0x5582bf4b30d8
        0x5582bf4b30d8
        0x5582bf4b30d8
        0x5582bf4b30d8
        0x5582bf4b30d8
        0x5582bf4b30d8
        0x5582bf4b30d8
        0x5582bf4b30d8
        0x5582bf4b30d8
        0x5582bf4b30d8
        0x5582bf4b30d8
        0x5582bf4b30d8
        0x5582bf4b30d8
        0x5582bf4b30d8
        0x5582bf4b30d8
        0x5582bf4b30d8
        0x5582bf4b30d8
        0x5582bf4b30d8
        0x5582bf4b30d8
        0x5582bf4b30d8
        0x5582bf4b30d8
        0x5582bf4b30d8
        0x5582bf4b30d8
        0x5582bf4b30d8
        0x5582bf4b30d8
        0x5582bf4b30d8
        0x5582bf4b30d8
        0x5582bf4b30d8
        0x5582bf4b30d8
        0x5582bf4b30d8
        0x5582bf4b30d8
        0x5582bf4b30d8
        0x5582bf4b30d8
        0x5582bf4b30d8
        0x5582bf4b30d8
        0x5582bf4b30d8
        0x5582bf4b30d8
        0x5582bf4b30d8
        0x5582bf4b30d8
        0x5582bf4b30d8
        0x5582bf4b30d8
        0x5582bf4b30d8
        0x5582bf4b30d8
        0x5582bf4b30d8
        0x5582bf4b30d8
        0x5582bf4b30d8
        0x5582bf4b30d8
        0x5582bf4b30d8
        0x5582bf4b30d8
        0x5582bf4b30d8
        0x5582bf4b30d8
        0x5582bf4b30d8
        0x5582bf4b30d8
        0x5582bf4b30d8
        0x5582bf4b30d8
        0x5582bf4b30d8
        0x5582bf4b30d8
        0x5582bf4b30d8
        0x5582bf4b30d8
        0x5582bf4b30d8
        0x5582bf4b30d8
        0x5582bf4b30d8
        0x5582bf4b30d8
        0x5582bf4b30d8
        0x5582bf4b30d8
        0x5582bf4b30d8
        0x5582bf4b30d8
        0x5582bf4b30d8
        0x5582bf4b30d8
        0x5582bf4b30d8
        0x5582bf4b30d8
        0x5582bf4b30d8
        0x5582bf4b30d8
        0x5582bf4b30d8
        0x5582bf4b30d8
        0x5582bf4b30d8
        0x5582bf4b30d8
        0x5582bf4b30d8
        0x5582bf4b30d8
        0x5582bf4b30d8
        0x5582bf4b30d8
        0x5582bf4b30d8
        0x5582bf4b30d8
        0x5582bf4b30d8
        0x5582bf4b30d8
        0x5582bf4b30d8
        0x5582bf4b30d8
        0x5582bf4b30d8
]: 1
@preempt_stack[
        0x7fef9cd4233b
]: 1
@preempt_stack[
        0x4112fd84
        0x413e8368
        0x416ff934
        0x411407a6
        0x7feefb846428
        0x7feefb9e578f
        0x5582be808500
]: 1
@preempt_stack[
        __tls_get_addr+4
]: 1
@preempt_stack[
        mono_metadata_type_hash+80
        0x110000
        0x5582c1447278
        0x5582c1447278
        0x5582c1447278
        0x5582c1447278
        0x5582c1447278
        0x5582c1447278
        0x5582c1447278
        0x5582c1447278
        0x5582c1447278
        0x5582c1447278
        0x5582c1447278
        0x5582c1447278
        0x5582c1447278
        0x5582c1447278
        0x5582c1447278
        0x5582c1447278
        0x5582c1447278
        0x5582c1447278
        0x5582c1447278
        0x5582c1447278
        0x5582c1447278
        0x5582c1447278
        0x5582c1447278
        0x5582c1447278
        0x5582c1447278
        0x5582c1447278
        0x5582c1447278
        0x5582c1447278
        0x5582c1447278
        0x5582c1447278
        0x5582c1447278
        0x5582c1447278
        0x5582c1447278
        0x5582c1447278
        0x5582c1447278
        0x5582c1447278
        0x5582c1447278
        0x5582c1447278
        0x5582c1447278
        0x5582c1447278
        0x5582c1447278
        0x5582c1447278
        0x5582c1447278
        0x5582c1447278
        0x5582c1447278
        0x5582c1447278
        0x5582c1447278
        0x5582c1447278
        0x5582c1447278
        0x5582c1447278
        0x5582c1447278
        0x5582c1447278
        0x5582c1447278
        0x5582c1447278
        0x5582c1447278
        0x5582c1447278
        0x5582c1447278
        0x5582c1447278
        0x5582c1447278
        0x5582c1447278
        0x5582c1447278
        0x5582c1447278
        0x5582c1447278
        0x5582c1447278
        0x5582c1447278
        0x5582c1447278
        0x5582c1447278
        0x5582c1447278
        0x5582c1447278
        0x5582c1447278
        0x5582c1447278
        0x5582c1447278
        0x5582c1447278
        0x5582c1447278
        0x5582c1447278
        0x5582c1447278
        0x5582c1447278
        0x5582c1447278
        0x5582c1447278
        0x5582c1447278
        0x5582c1447278
        0x5582c1447278
        0x5582c1447278
        0x5582c1447278
        0x5582c1447278
        0x5582c1447278
        0x5582c1447278
        0x5582c1447278
        0x5582c1447278
        0x5582c1447278
        0x5582c1447278
        0x5582c1447278
        0x5582c1447278
        0x5582c1447278
        0x5582c1447278
        0x5582c1447278
        0x5582c1447278
        0x5582c1447278
        0x5582c1447278
        0x5582c1447278
        0x5582c1447278
        0x5582c1447278
        0x5582c1447278
        0x5582c1447278
        0x5582c1447278
        0x5582c1447278
        0x5582c1447278
        0x5582c1447278
        0x5582c1447278
        0x5582c1447278
        0x5582c1447278
        0x5582c1447278
        0x5582c1447278
        0x5582c1447278
        0x5582c1447278
        0x5582c1447278
        0x5582c1447278
        0x5582c1447278
        0x5582c1447278
        0x5582c1447278
        0x5582c1447278
        0x5582c1447278
        0x5582c1447278
        0x5582c1447278
        0x5582c1447278
]: 1
@preempt_stack[
        0x7fef9c530cd2
        0
        0
        0
        0x5582bec530f8
        0x5582bec530f8
        0x5582bec530f8
        0x5582bec530f8
        0x5582bec530f8
        0x5582bec530f8
        0x5582bec530f8
        0x5582bec530f8
        0x5582bec530f8
        0x5582bec530f8
        0x5582bec530f8
        0x5582bec530f8
        0x5582bec530f8
        0x5582bec530f8
        0x5582bec530f8
        0x5582bec530f8
        0x5582bec530f8
        0x5582bec530f8
        0x5582bec530f8
        0x5582bec530f8
        0x5582bec530f8
        0x5582bec530f8
        0x5582bec530f8
        0x5582bec530f8
        0x5582bec530f8
        0x5582bec530f8
        0x5582bec530f8
        0x5582bec530f8
        0x5582bec530f8
        0x5582bec530f8
        0x5582bec530f8
        0x5582bec530f8
        0x5582bec530f8
        0x5582bec530f8
        0x5582bec530f8
        0x5582bec530f8
        0x5582bec530f8
        0x5582bec530f8
        0x5582bec530f8
        0x5582bec530f8
        0x5582bec530f8
        0x5582bec530f8
        0x5582bec530f8
        0x5582bec530f8
        0x5582bec530f8
        0x5582bec530f8
        0x5582bec530f8
        0x5582bec530f8
        0x5582bec530f8
        0x5582bec530f8
        0x5582bec530f8
        0x5582bec530f8
        0x5582bec530f8
        0x5582bec530f8
        0x5582bec530f8
        0x5582bec530f8
        0x5582bec530f8
        0x5582bec530f8
        0x5582bec530f8
        0x5582bec530f8
        0x5582bec530f8
        0x5582bec530f8
        0x5582bec530f8
        0x5582bec530f8
        0x5582bec530f8
        0x5582bec530f8
        0x5582bec530f8
        0x5582bec530f8
        0x5582bec530f8
        0x5582bec530f8
        0x5582bec530f8
        0x5582bec530f8
        0x5582bec530f8
        0x5582bec530f8
        0x5582bec530f8
        0x5582bec530f8
        0x5582bec530f8
        0x5582bec530f8
        0x5582bec530f8
        0x5582bec530f8
        0x5582bec530f8
        0x5582bec530f8
        0x5582bec530f8
        0x5582bec530f8
        0x5582bec530f8
        0x5582bec530f8
        0x5582bec530f8
        0x5582bec530f8
        0x5582bec530f8
        0x5582bec530f8
        0x5582bec530f8
        0x5582bec530f8
        0x5582bec530f8
        0x5582bec530f8
        0x5582bec530f8
        0x5582bec530f8
        0x5582bec530f8
        0x5582bec530f8
        0x5582bec530f8
        0x5582bec530f8
        0x5582bec530f8
        0x5582bec530f8
        0x5582bec530f8
        0x5582bec530f8
        0x5582bec530f8
        0x5582bec530f8
        0x5582bec530f8
        0x5582bec530f8
        0x5582bec530f8
        0x5582bec530f8
        0x5582bec530f8
        0x5582bec530f8
        0x5582bec530f8
        0x5582bec530f8
        0x5582bec530f8
        0x5582bec530f8
        0x5582bec530f8
        0x5582bec530f8
        0x5582bec530f8
        0x5582bec530f8
        0x5582bec530f8
        0x5582bec530f8
        0x5582bec530f8
]: 1
@preempt_stack[
        mono_metadata_type_hash+80
        0x120000
        0x5582bea66778
        0x5582bea66778
        0x5582bea66778
        0x5582bea66778
        0x5582bea66778
        0x5582bea66778
        0x5582bea66778
        0x5582bea66778
        0x5582bea66778
        0x5582bea66778
        0x5582bea66778
        0x5582bea66778
        0x5582bea66778
        0x5582bea66778
        0x5582bea66778
        0x5582bea66778
        0x5582bea66778
        0x5582bea66778
        0x5582bea66778
        0x5582bea66778
        0x5582bea66778
        0x5582bea66778
        0x5582bea66778
        0x5582bea66778
        0x5582bea66778
        0x5582bea66778
        0x5582bea66778
        0x5582bea66778
        0x5582bea66778
        0x5582bea66778
        0x5582bea66778
        0x5582bea66778
        0x5582bea66778
        0x5582bea66778
        0x5582bea66778
        0x5582bea66778
        0x5582bea66778
        0x5582bea66778
        0x5582bea66778
        0x5582bea66778
        0x5582bea66778
        0x5582bea66778
        0x5582bea66778
        0x5582bea66778
        0x5582bea66778
        0x5582bea66778
        0x5582bea66778
        0x5582bea66778
        0x5582bea66778
        0x5582bea66778
        0x5582bea66778
        0x5582bea66778
        0x5582bea66778
        0x5582bea66778
        0x5582bea66778
        0x5582bea66778
        0x5582bea66778
        0x5582bea66778
        0x5582bea66778
        0x5582bea66778
        0x5582bea66778
        0x5582bea66778
        0x5582bea66778
        0x5582bea66778
        0x5582bea66778
        0x5582bea66778
        0x5582bea66778
        0x5582bea66778
        0x5582bea66778
        0x5582bea66778
        0x5582bea66778
        0x5582bea66778
        0x5582bea66778
        0x5582bea66778
        0x5582bea66778
        0x5582bea66778
        0x5582bea66778
        0x5582bea66778
        0x5582bea66778
        0x5582bea66778
        0x5582bea66778
        0x5582bea66778
        0x5582bea66778
        0x5582bea66778
        0x5582bea66778
        0x5582bea66778
        0x5582bea66778
        0x5582bea66778
        0x5582bea66778
        0x5582bea66778
        0x5582bea66778
        0x5582bea66778
        0x5582bea66778
        0x5582bea66778
        0x5582bea66778
        0x5582bea66778
        0x5582bea66778
        0x5582bea66778
        0x5582bea66778
        0x5582bea66778
        0x5582bea66778
        0x5582bea66778
        0x5582bea66778
        0x5582bea66778
        0x5582bea66778
        0x5582bea66778
        0x5582bea66778
        0x5582bea66778
        0x5582bea66778
        0x5582bea66778
        0x5582bea66778
        0x5582bea66778
        0x5582bea66778
        0x5582bea66778
        0x5582bea66778
        0x5582bea66778
        0x5582bea66778
        0x5582bea66778
        0x5582bea66778
        0x5582bea66778
        0x5582bea66778
        0x5582bea66778
        0x5582bea66778
        0x5582bea66778
        0x5582bea66778
]: 1
@preempt_stack[
        0x7feefb9e44f4
        0x120000
        0x5582c1932800
        0x5582c1932800
        0x5582c1932800
        0x5582c1932800
        0x5582c1932800
        0x5582c1932800
        0x5582c1932800
        0x5582c1932800
        0x5582c1932800
        0x5582c1932800
        0x5582c1932800
        0x5582c1932800
        0x5582c1932800
        0x5582c1932800
        0x5582c1932800
        0x5582c1932800
        0x5582c1932800
        0x5582c1932800
        0x5582c1932800
        0x5582c1932800
        0x5582c1932800
        0x5582c1932800
        0x5582c1932800
        0x5582c1932800
        0x5582c1932800
        0x5582c1932800
        0x5582c1932800
        0x5582c1932800
        0x5582c1932800
        0x5582c1932800
        0x5582c1932800
        0x5582c1932800
        0x5582c1932800
        0x5582c1932800
        0x5582c1932800
        0x5582c1932800
        0x5582c1932800
        0x5582c1932800
        0x5582c1932800
        0x5582c1932800
        0x5582c1932800
        0x5582c1932800
        0x5582c1932800
        0x5582c1932800
        0x5582c1932800
        0x5582c1932800
        0x5582c1932800
        0x5582c1932800
        0x5582c1932800
        0x5582c1932800
        0x5582c1932800
        0x5582c1932800
        0x5582c1932800
        0x5582c1932800
        0x5582c1932800
        0x5582c1932800
        0x5582c1932800
        0x5582c1932800
        0x5582c1932800
        0x5582c1932800
        0x5582c1932800
        0x5582c1932800
        0x5582c1932800
        0x5582c1932800
        0x5582c1932800
        0x5582c1932800
        0x5582c1932800
        0x5582c1932800
        0x5582c1932800
        0x5582c1932800
        0x5582c1932800
        0x5582c1932800
        0x5582c1932800
        0x5582c1932800
        0x5582c1932800
        0x5582c1932800
        0x5582c1932800
        0x5582c1932800
        0x5582c1932800
        0x5582c1932800
        0x5582c1932800
        0x5582c1932800
        0x5582c1932800
        0x5582c1932800
        0x5582c1932800
        0x5582c1932800
        0x5582c1932800
        0x5582c1932800
        0x5582c1932800
        0x5582c1932800
        0x5582c1932800
        0x5582c1932800
        0x5582c1932800
        0x5582c1932800
        0x5582c1932800
        0x5582c1932800
        0x5582c1932800
        0x5582c1932800
        0x5582c1932800
        0x5582c1932800
        0x5582c1932800
        0x5582c1932800
        0x5582c1932800
        0x5582c1932800
        0x5582c1932800
        0x5582c1932800
        0x5582c1932800
        0x5582c1932800
        0x5582c1932800
        0x5582c1932800
        0x5582c1932800
        0x5582c1932800
        0x5582c1932800
        0x5582c1932800
        0x5582c1932800
        0x5582c1932800
        0x5582c1932800
        0x5582c1932800
        0x5582c1932800
        0x5582c1932800
        0x5582c1932800
        0x5582c1932800
        0x5582c1932800
        0x5582c1932800
        0x5582c1932800
]: 1
@preempt_stack[
        0x7fef9c9f5510
        0xea00038ffffe89c
        0x7fef9ca02410
        0x8348078948011124
]: 1
@preempt_stack[
        0x7fef9c960f2b
        0x413f1501
        0x4140756c
        0
        0
        0x5582be7cb208
        0x5582be7cb208
        0x5582be7cb208
        0x5582be7cb208
        0x5582be7cb208
        0x5582be7cb208
        0x5582be7cb208
        0x5582be7cb208
        0x5582be7cb208
        0x5582be7cb208
        0x5582be7cb208
        0x5582be7cb208
        0x5582be7cb208
        0x5582be7cb208
        0x5582be7cb208
        0x5582be7cb208
        0x5582be7cb208
        0x5582be7cb208
        0x5582be7cb208
        0x5582be7cb208
        0x5582be7cb208
        0x5582be7cb208
        0x5582be7cb208
        0x5582be7cb208
        0x5582be7cb208
        0x5582be7cb208
        0x5582be7cb208
        0x5582be7cb208
        0x5582be7cb208
        0x5582be7cb208
        0x5582be7cb208
        0x5582be7cb208
        0x5582be7cb208
        0x5582be7cb208
        0x5582be7cb208
        0x5582be7cb208
        0x5582be7cb208
        0x5582be7cb208
        0x5582be7cb208
        0x5582be7cb208
        0x5582be7cb208
        0x5582be7cb208
        0x5582be7cb208
        0x5582be7cb208
        0x5582be7cb208
        0x5582be7cb208
        0x5582be7cb208
        0x5582be7cb208
        0x5582be7cb208
        0x5582be7cb208
        0x5582be7cb208
        0x5582be7cb208
        0x5582be7cb208
        0x5582be7cb208
        0x5582be7cb208
        0x5582be7cb208
        0x5582be7cb208
        0x5582be7cb208
        0x5582be7cb208
        0x5582be7cb208
        0x5582be7cb208
        0x5582be7cb208
        0x5582be7cb208
        0x5582be7cb208
        0x5582be7cb208
        0x5582be7cb208
        0x5582be7cb208
        0x5582be7cb208
        0x5582be7cb208
        0x5582be7cb208
        0x5582be7cb208
        0x5582be7cb208
        0x5582be7cb208
        0x5582be7cb208
        0x5582be7cb208
        0x5582be7cb208
        0x5582be7cb208
        0x5582be7cb208
        0x5582be7cb208
        0x5582be7cb208
        0x5582be7cb208
        0x5582be7cb208
        0x5582be7cb208
        0x5582be7cb208
        0x5582be7cb208
        0x5582be7cb208
        0x5582be7cb208
        0x5582be7cb208
        0x5582be7cb208
        0x5582be7cb208
        0x5582be7cb208
        0x5582be7cb208
        0x5582be7cb208
        0x5582be7cb208
        0x5582be7cb208
        0x5582be7cb208
        0x5582be7cb208
        0x5582be7cb208
        0x5582be7cb208
        0x5582be7cb208
        0x5582be7cb208
        0x5582be7cb208
        0x5582be7cb208
        0x5582be7cb208
        0x5582be7cb208
        0x5582be7cb208
        0x5582be7cb208
        0x5582be7cb208
        0x5582be7cb208
        0x5582be7cb208
        0x5582be7cb208
        0x5582be7cb208
        0x5582be7cb208
        0x5582be7cb208
        0x5582be7cb208
        0x5582be7cb208
        0x5582be7cb208
        0x5582be7cb208
        0x5582be7cb208
        0x5582be7cb208
        0x5582be7cb208
        0x5582be7cb208
]: 1
@preempt_stack[
        0x41c591c7
]: 1
@preempt_stack[
        0x7fef9d964778
        0x4178000000030004
        0x7fef9d9bf8e0
        0x74c085ffe07003e8
]: 1
@preempt_stack[
        0x7fef9c9ff962
        0x411407a6
        0x7feefb846428
        0x7feefb9e578f
        0x5582be808500
]: 1
@preempt_stack[
        0x7feefb9cb5b8
        0x1
        0
        0x5582c2002ba0
]: 1
@preempt_stack[
        0x7feefb9cb8e0
        0x130000
        0
        0
        0x5582c04b83f0
]: 1
@preempt_stack[
        0x7feefba0f68f
        0x130000
        0
        0
        0x5582c16c0a70
]: 1
@preempt_stack[
        0x7feefb9ff987
        0x851cd
        0
        0x7fee001c2120
]: 1
@preempt_stack[
        0x7fef9ca51a74
]: 1
@preempt_stack[
        0x7fef9c9fb4cb
        0x7feefb846428
        0x7feefb9e578f
        0x5582be808500
]: 1
@preempt_stack[
        0x7feefb9dcfa3
        0x110000
        0x5582c203b830
        0x5582c203b830
        0x5582c203b830
        0x5582c203b830
        0x5582c203b830
        0x5582c203b830
        0x5582c203b830
        0x5582c203b830
        0x5582c203b830
        0x5582c203b830
        0x5582c203b830
        0x5582c203b830
        0x5582c203b830
        0x5582c203b830
        0x5582c203b830
        0x5582c203b830
        0x5582c203b830
        0x5582c203b830
        0x5582c203b830
        0x5582c203b830
        0x5582c203b830
        0x5582c203b830
        0x5582c203b830
        0x5582c203b830
        0x5582c203b830
        0x5582c203b830
        0x5582c203b830
        0x5582c203b830
        0x5582c203b830
        0x5582c203b830
        0x5582c203b830
        0x5582c203b830
        0x5582c203b830
        0x5582c203b830
        0x5582c203b830
        0x5582c203b830
        0x5582c203b830
        0x5582c203b830
        0x5582c203b830
        0x5582c203b830
        0x5582c203b830
        0x5582c203b830
        0x5582c203b830
        0x5582c203b830
        0x5582c203b830
        0x5582c203b830
        0x5582c203b830
        0x5582c203b830
        0x5582c203b830
        0x5582c203b830
        0x5582c203b830
        0x5582c203b830
        0x5582c203b830
        0x5582c203b830
        0x5582c203b830
        0x5582c203b830
        0x5582c203b830
        0x5582c203b830
        0x5582c203b830
        0x5582c203b830
        0x5582c203b830
        0x5582c203b830
        0x5582c203b830
        0x5582c203b830
        0x5582c203b830
        0x5582c203b830
        0x5582c203b830
        0x5582c203b830
        0x5582c203b830
        0x5582c203b830
        0x5582c203b830
        0x5582c203b830
        0x5582c203b830
        0x5582c203b830
        0x5582c203b830
        0x5582c203b830
        0x5582c203b830
        0x5582c203b830
        0x5582c203b830
        0x5582c203b830
        0x5582c203b830
        0x5582c203b830
        0x5582c203b830
        0x5582c203b830
        0x5582c203b830
        0x5582c203b830
        0x5582c203b830
        0x5582c203b830
        0x5582c203b830
        0x5582c203b830
        0x5582c203b830
        0x5582c203b830
        0x5582c203b830
        0x5582c203b830
        0x5582c203b830
        0x5582c203b830
        0x5582c203b830
        0x5582c203b830
        0x5582c203b830
        0x5582c203b830
        0x5582c203b830
        0x5582c203b830
        0x5582c203b830
        0x5582c203b830
        0x5582c203b830
        0x5582c203b830
        0x5582c203b830
        0x5582c203b830
        0x5582c203b830
        0x5582c203b830
        0x5582c203b830
        0x5582c203b830
        0x5582c203b830
        0x5582c203b830
        0x5582c203b830
        0x5582c203b830
        0x5582c203b830
        0x5582c203b830
        0x5582c203b830
        0x5582c203b830
        0x5582c203b830
        0x5582c203b830
        0x5582c203b830
        0x5582c203b830
        0x5582c203b830
]: 1
@preempt_stack[
        0x7fef9cd5176b
]: 1
@preempt_stack[
        0x7fef9c905b7a
]: 1
@preempt_stack[
        0x7feefb9ce4d8
        0x5582c1a64c28
        0x5582c1a64c28
        0x5582c1a64c28
        0x5582c1a64c28
        0x5582c1a64c28
        0x5582c1a64c28
        0x5582c1a64c28
        0x5582c1a64c28
        0x5582c1a64c28
        0x5582c1a64c28
        0x5582c1a64c28
        0x5582c1a64c28
        0x5582c1a64c28
        0x5582c1a64c28
        0x5582c1a64c28
        0x5582c1a64c28
        0x5582c1a64c28
        0x5582c1a64c28
        0x5582c1a64c28
        0x5582c1a64c28
        0x5582c1a64c28
        0x5582c1a64c28
        0x5582c1a64c28
        0x5582c1a64c28
        0x5582c1a64c28
        0x5582c1a64c28
        0x5582c1a64c28
        0x5582c1a64c28
        0x5582c1a64c28
        0x5582c1a64c28
        0x5582c1a64c28
        0x5582c1a64c28
        0x5582c1a64c28
        0x5582c1a64c28
        0x5582c1a64c28
        0x5582c1a64c28
        0x5582c1a64c28
        0x5582c1a64c28
        0x5582c1a64c28
        0x5582c1a64c28
        0x5582c1a64c28
        0x5582c1a64c28
        0x5582c1a64c28
        0x5582c1a64c28
        0x5582c1a64c28
        0x5582c1a64c28
        0x5582c1a64c28
        0x5582c1a64c28
        0x5582c1a64c28
        0x5582c1a64c28
        0x5582c1a64c28
        0x5582c1a64c28
        0x5582c1a64c28
        0x5582c1a64c28
        0x5582c1a64c28
        0x5582c1a64c28
        0x5582c1a64c28
        0x5582c1a64c28
        0x5582c1a64c28
        0x5582c1a64c28
        0x5582c1a64c28
        0x5582c1a64c28
        0x5582c1a64c28
        0x5582c1a64c28
        0x5582c1a64c28
        0x5582c1a64c28
        0x5582c1a64c28
        0x5582c1a64c28
        0x5582c1a64c28
        0x5582c1a64c28
        0x5582c1a64c28
        0x5582c1a64c28
        0x5582c1a64c28
        0x5582c1a64c28
        0x5582c1a64c28
        0x5582c1a64c28
        0x5582c1a64c28
        0x5582c1a64c28
        0x5582c1a64c28
        0x5582c1a64c28
        0x5582c1a64c28
        0x5582c1a64c28
        0x5582c1a64c28
        0x5582c1a64c28
        0x5582c1a64c28
        0x5582c1a64c28
        0x5582c1a64c28
        0x5582c1a64c28
        0x5582c1a64c28
        0x5582c1a64c28
        0x5582c1a64c28
        0x5582c1a64c28
        0x5582c1a64c28
        0x5582c1a64c28
        0x5582c1a64c28
        0x5582c1a64c28
        0x5582c1a64c28
        0x5582c1a64c28
        0x5582c1a64c28
        0x5582c1a64c28
        0x5582c1a64c28
        0x5582c1a64c28
        0x5582c1a64c28
        0x5582c1a64c28
        0x5582c1a64c28
        0x5582c1a64c28
        0x5582c1a64c28
        0x5582c1a64c28
        0x5582c1a64c28
        0x5582c1a64c28
        0x5582c1a64c28
        0x5582c1a64c28
        0x5582c1a64c28
        0x5582c1a64c28
        0x5582c1a64c28
        0x5582c1a64c28
        0x5582c1a64c28
        0x5582c1a64c28
        0x5582c1a64c28
        0x5582c1a64c28
        0x5582c1a64c28
        0x5582c1a64c28
        0x5582c1a64c28
        0x5582c1a64c28
        0x5582c1a64c28
        0x5582c1a64c28
]: 1
@preempt_stack[
        0x7fef9c907678
        0x7fef606b9440
]: 1
@preempt_stack[
        0x7feefb9cb64a
        0x130000
        0
        0
        0x5582c1ed18f0
]: 1
@preempt_stack[
        0x4112fd56
        0x413e8368
        0x416ff934
        0x411407a6
        0x7feefb846428
        0x7feefb9e578f
        0x5582be808500
]: 1
@preempt_stack[
        0x418b2e13
        0x41b438c0
        0x418b1da0
        0x41d9d2d0
        0x41d9bd30
        0x7feed00e24fb
        0x7feed00de65b
        0x41d9ae98
        0x41d281e2
]: 1
@preempt_stack[
        0x7feefb9ce4f8
        0x5582c1cc4bc8
        0x5582c1cc4bc8
        0x5582c1cc4bc8
        0x5582c1cc4bc8
        0x5582c1cc4bc8
        0x5582c1cc4bc8
        0x5582c1cc4bc8
        0x5582c1cc4bc8
        0x5582c1cc4bc8
        0x5582c1cc4bc8
        0x5582c1cc4bc8
        0x5582c1cc4bc8
        0x5582c1cc4bc8
        0x5582c1cc4bc8
        0x5582c1cc4bc8
        0x5582c1cc4bc8
        0x5582c1cc4bc8
        0x5582c1cc4bc8
        0x5582c1cc4bc8
        0x5582c1cc4bc8
        0x5582c1cc4bc8
        0x5582c1cc4bc8
        0x5582c1cc4bc8
        0x5582c1cc4bc8
        0x5582c1cc4bc8
        0x5582c1cc4bc8
        0x5582c1cc4bc8
        0x5582c1cc4bc8
        0x5582c1cc4bc8
        0x5582c1cc4bc8
        0x5582c1cc4bc8
        0x5582c1cc4bc8
        0x5582c1cc4bc8
        0x5582c1cc4bc8
        0x5582c1cc4bc8
        0x5582c1cc4bc8
        0x5582c1cc4bc8
        0x5582c1cc4bc8
        0x5582c1cc4bc8
        0x5582c1cc4bc8
        0x5582c1cc4bc8
        0x5582c1cc4bc8
        0x5582c1cc4bc8
        0x5582c1cc4bc8
        0x5582c1cc4bc8
        0x5582c1cc4bc8
        0x5582c1cc4bc8
        0x5582c1cc4bc8
        0x5582c1cc4bc8
        0x5582c1cc4bc8
        0x5582c1cc4bc8
        0x5582c1cc4bc8
        0x5582c1cc4bc8
        0x5582c1cc4bc8
        0x5582c1cc4bc8
        0x5582c1cc4bc8
        0x5582c1cc4bc8
        0x5582c1cc4bc8
        0x5582c1cc4bc8
        0x5582c1cc4bc8
        0x5582c1cc4bc8
        0x5582c1cc4bc8
        0x5582c1cc4bc8
        0x5582c1cc4bc8
        0x5582c1cc4bc8
        0x5582c1cc4bc8
        0x5582c1cc4bc8
        0x5582c1cc4bc8
        0x5582c1cc4bc8
        0x5582c1cc4bc8
        0x5582c1cc4bc8
        0x5582c1cc4bc8
        0x5582c1cc4bc8
        0x5582c1cc4bc8
        0x5582c1cc4bc8
        0x5582c1cc4bc8
        0x5582c1cc4bc8
        0x5582c1cc4bc8
        0x5582c1cc4bc8
        0x5582c1cc4bc8
        0x5582c1cc4bc8
        0x5582c1cc4bc8
        0x5582c1cc4bc8
        0x5582c1cc4bc8
        0x5582c1cc4bc8
        0x5582c1cc4bc8
        0x5582c1cc4bc8
        0x5582c1cc4bc8
        0x5582c1cc4bc8
        0x5582c1cc4bc8
        0x5582c1cc4bc8
        0x5582c1cc4bc8
        0x5582c1cc4bc8
        0x5582c1cc4bc8
        0x5582c1cc4bc8
        0x5582c1cc4bc8
        0x5582c1cc4bc8
        0x5582c1cc4bc8
        0x5582c1cc4bc8
        0x5582c1cc4bc8
        0x5582c1cc4bc8
        0x5582c1cc4bc8
        0x5582c1cc4bc8
        0x5582c1cc4bc8
        0x5582c1cc4bc8
        0x5582c1cc4bc8
        0x5582c1cc4bc8
        0x5582c1cc4bc8
        0x5582c1cc4bc8
        0x5582c1cc4bc8
        0x5582c1cc4bc8
        0x5582c1cc4bc8
        0x5582c1cc4bc8
        0x5582c1cc4bc8
        0x5582c1cc4bc8
        0x5582c1cc4bc8
        0x5582c1cc4bc8
        0x5582c1cc4bc8
        0x5582c1cc4bc8
        0x5582c1cc4bc8
        0x5582c1cc4bc8
        0x5582c1cc4bc8
        0x5582c1cc4bc8
        0x5582c1cc4bc8
        0x5582c1cc4bc8
        0x5582c1cc4bc8
]: 1
@preempt_stack[
        0x7fef9cd1a444
        0x7fef00000003
        0x558200000000
]: 1
@preempt_stack[
        0x7feefb9ce502
        0x5582bf9c96e8
        0x5582bf9c96e8
        0x5582bf9c96e8
        0x5582bf9c96e8
        0x5582bf9c96e8
        0x5582bf9c96e8
        0x5582bf9c96e8
        0x5582bf9c96e8
        0x5582bf9c96e8
        0x5582bf9c96e8
        0x5582bf9c96e8
        0x5582bf9c96e8
        0x5582bf9c96e8
        0x5582bf9c96e8
        0x5582bf9c96e8
        0x5582bf9c96e8
        0x5582bf9c96e8
        0x5582bf9c96e8
        0x5582bf9c96e8
        0x5582bf9c96e8
        0x5582bf9c96e8
        0x5582bf9c96e8
        0x5582bf9c96e8
        0x5582bf9c96e8
        0x5582bf9c96e8
        0x5582bf9c96e8
        0x5582bf9c96e8
        0x5582bf9c96e8
        0x5582bf9c96e8
        0x5582bf9c96e8
        0x5582bf9c96e8
        0x5582bf9c96e8
        0x5582bf9c96e8
        0x5582bf9c96e8
        0x5582bf9c96e8
        0x5582bf9c96e8
        0x5582bf9c96e8
        0x5582bf9c96e8
        0x5582bf9c96e8
        0x5582bf9c96e8
        0x5582bf9c96e8
        0x5582bf9c96e8
        0x5582bf9c96e8
        0x5582bf9c96e8
        0x5582bf9c96e8
        0x5582bf9c96e8
        0x5582bf9c96e8
        0x5582bf9c96e8
        0x5582bf9c96e8
        0x5582bf9c96e8
        0x5582bf9c96e8
        0x5582bf9c96e8
        0x5582bf9c96e8
        0x5582bf9c96e8
        0x5582bf9c96e8
        0x5582bf9c96e8
        0x5582bf9c96e8
        0x5582bf9c96e8
        0x5582bf9c96e8
        0x5582bf9c96e8
        0x5582bf9c96e8
        0x5582bf9c96e8
        0x5582bf9c96e8
        0x5582bf9c96e8
        0x5582bf9c96e8
        0x5582bf9c96e8
        0x5582bf9c96e8
        0x5582bf9c96e8
        0x5582bf9c96e8
        0x5582bf9c96e8
        0x5582bf9c96e8
        0x5582bf9c96e8
        0x5582bf9c96e8
        0x5582bf9c96e8
        0x5582bf9c96e8
        0x5582bf9c96e8
        0x5582bf9c96e8
        0x5582bf9c96e8
        0x5582bf9c96e8
        0x5582bf9c96e8
        0x5582bf9c96e8
        0x5582bf9c96e8
        0x5582bf9c96e8
        0x5582bf9c96e8
        0x5582bf9c96e8
        0x5582bf9c96e8
        0x5582bf9c96e8
        0x5582bf9c96e8
        0x5582bf9c96e8
        0x5582bf9c96e8
        0x5582bf9c96e8
        0x5582bf9c96e8
        0x5582bf9c96e8
        0x5582bf9c96e8
        0x5582bf9c96e8
        0x5582bf9c96e8
        0x5582bf9c96e8
        0x5582bf9c96e8
        0x5582bf9c96e8
        0x5582bf9c96e8
        0x5582bf9c96e8
        0x5582bf9c96e8
        0x5582bf9c96e8
        0x5582bf9c96e8
        0x5582bf9c96e8
        0x5582bf9c96e8
        0x5582bf9c96e8
        0x5582bf9c96e8
        0x5582bf9c96e8
        0x5582bf9c96e8
        0x5582bf9c96e8
        0x5582bf9c96e8
        0x5582bf9c96e8
        0x5582bf9c96e8
        0x5582bf9c96e8
        0x5582bf9c96e8
        0x5582bf9c96e8
        0x5582bf9c96e8
        0x5582bf9c96e8
        0x5582bf9c96e8
        0x5582bf9c96e8
        0x5582bf9c96e8
        0x5582bf9c96e8
        0x5582bf9c96e8
        0x5582bf9c96e8
        0x5582bf9c96e8
]: 1
@preempt_stack[
        0x7feefba0f68f
        0x120000
        0x5582be7d2600
        0x5582be7d2600
        0x5582be7d2600
        0x5582be7d2600
        0x5582be7d2600
        0x5582be7d2600
        0x5582be7d2600
        0x5582be7d2600
        0x5582be7d2600
        0x5582be7d2600
        0x5582be7d2600
        0x5582be7d2600
        0x5582be7d2600
        0x5582be7d2600
        0x5582be7d2600
        0x5582be7d2600
        0x5582be7d2600
        0x5582be7d2600
        0x5582be7d2600
        0x5582be7d2600
        0x5582be7d2600
        0x5582be7d2600
        0x5582be7d2600
        0x5582be7d2600
        0x5582be7d2600
        0x5582be7d2600
        0x5582be7d2600
        0x5582be7d2600
        0x5582be7d2600
        0x5582be7d2600
        0x5582be7d2600
        0x5582be7d2600
        0x5582be7d2600
        0x5582be7d2600
        0x5582be7d2600
        0x5582be7d2600
        0x5582be7d2600
        0x5582be7d2600
        0x5582be7d2600
        0x5582be7d2600
        0x5582be7d2600
        0x5582be7d2600
        0x5582be7d2600
        0x5582be7d2600
        0x5582be7d2600
        0x5582be7d2600
        0x5582be7d2600
        0x5582be7d2600
        0x5582be7d2600
        0x5582be7d2600
        0x5582be7d2600
        0x5582be7d2600
        0x5582be7d2600
        0x5582be7d2600
        0x5582be7d2600
        0x5582be7d2600
        0x5582be7d2600
        0x5582be7d2600
        0x5582be7d2600
        0x5582be7d2600
        0x5582be7d2600
        0x5582be7d2600
        0x5582be7d2600
        0x5582be7d2600
        0x5582be7d2600
        0x5582be7d2600
        0x5582be7d2600
        0x5582be7d2600
        0x5582be7d2600
        0x5582be7d2600
        0x5582be7d2600
        0x5582be7d2600
        0x5582be7d2600
        0x5582be7d2600
        0x5582be7d2600
        0x5582be7d2600
        0x5582be7d2600
        0x5582be7d2600
        0x5582be7d2600
        0x5582be7d2600
        0x5582be7d2600
        0x5582be7d2600
        0x5582be7d2600
        0x5582be7d2600
        0x5582be7d2600
        0x5582be7d2600
        0x5582be7d2600
        0x5582be7d2600
        0x5582be7d2600
        0x5582be7d2600
        0x5582be7d2600
        0x5582be7d2600
        0x5582be7d2600
        0x5582be7d2600
        0x5582be7d2600
        0x5582be7d2600
        0x5582be7d2600
        0x5582be7d2600
        0x5582be7d2600
        0x5582be7d2600
        0x5582be7d2600
        0x5582be7d2600
        0x5582be7d2600
        0x5582be7d2600
        0x5582be7d2600
        0x5582be7d2600
        0x5582be7d2600
        0x5582be7d2600
        0x5582be7d2600
        0x5582be7d2600
        0x5582be7d2600
        0x5582be7d2600
        0x5582be7d2600
        0x5582be7d2600
        0x5582be7d2600
        0x5582be7d2600
        0x5582be7d2600
        0x5582be7d2600
        0x5582be7d2600
        0x5582be7d2600
        0x5582be7d2600
        0x5582be7d2600
        0x5582be7d2600
        0x5582be7d2600
        0x5582be7d2600
]: 1
@preempt_stack[
        0x7fef9cd4f383
]: 1
@preempt_stack[
        0x7fef9d89fa9b
        <unwind failure>
]: 1
@preempt_stack[
        0x7feefb9e44f9
        0x120000
        0x5582bfb42ba0
        0x5582bfb42ba0
        0x5582bfb42ba0
        0x5582bfb42ba0
        0x5582bfb42ba0
        0x5582bfb42ba0
        0x5582bfb42ba0
        0x5582bfb42ba0
        0x5582bfb42ba0
        0x5582bfb42ba0
        0x5582bfb42ba0
        0x5582bfb42ba0
        0x5582bfb42ba0
        0x5582bfb42ba0
        0x5582bfb42ba0
        0x5582bfb42ba0
        0x5582bfb42ba0
        0x5582bfb42ba0
        0x5582bfb42ba0
        0x5582bfb42ba0
        0x5582bfb42ba0
        0x5582bfb42ba0
        0x5582bfb42ba0
        0x5582bfb42ba0
        0x5582bfb42ba0
        0x5582bfb42ba0
        0x5582bfb42ba0
        0x5582bfb42ba0
        0x5582bfb42ba0
        0x5582bfb42ba0
        0x5582bfb42ba0
        0x5582bfb42ba0
        0x5582bfb42ba0
        0x5582bfb42ba0
        0x5582bfb42ba0
        0x5582bfb42ba0
        0x5582bfb42ba0
        0x5582bfb42ba0
        0x5582bfb42ba0
        0x5582bfb42ba0
        0x5582bfb42ba0
        0x5582bfb42ba0
        0x5582bfb42ba0
        0x5582bfb42ba0
        0x5582bfb42ba0
        0x5582bfb42ba0
        0x5582bfb42ba0
        0x5582bfb42ba0
        0x5582bfb42ba0
        0x5582bfb42ba0
        0x5582bfb42ba0
        0x5582bfb42ba0
        0x5582bfb42ba0
        0x5582bfb42ba0
        0x5582bfb42ba0
        0x5582bfb42ba0
        0x5582bfb42ba0
        0x5582bfb42ba0
        0x5582bfb42ba0
        0x5582bfb42ba0
        0x5582bfb42ba0
        0x5582bfb42ba0
        0x5582bfb42ba0
        0x5582bfb42ba0
        0x5582bfb42ba0
        0x5582bfb42ba0
        0x5582bfb42ba0
        0x5582bfb42ba0
        0x5582bfb42ba0
        0x5582bfb42ba0
        0x5582bfb42ba0
        0x5582bfb42ba0
        0x5582bfb42ba0
        0x5582bfb42ba0
        0x5582bfb42ba0
        0x5582bfb42ba0
        0x5582bfb42ba0
        0x5582bfb42ba0
        0x5582bfb42ba0
        0x5582bfb42ba0
        0x5582bfb42ba0
        0x5582bfb42ba0
        0x5582bfb42ba0
        0x5582bfb42ba0
        0x5582bfb42ba0
        0x5582bfb42ba0
        0x5582bfb42ba0
        0x5582bfb42ba0
        0x5582bfb42ba0
        0x5582bfb42ba0
        0x5582bfb42ba0
        0x5582bfb42ba0
        0x5582bfb42ba0
        0x5582bfb42ba0
        0x5582bfb42ba0
        0x5582bfb42ba0
        0x5582bfb42ba0
        0x5582bfb42ba0
        0x5582bfb42ba0
        0x5582bfb42ba0
        0x5582bfb42ba0
        0x5582bfb42ba0
        0x5582bfb42ba0
        0x5582bfb42ba0
        0x5582bfb42ba0
        0x5582bfb42ba0
        0x5582bfb42ba0
        0x5582bfb42ba0
        0x5582bfb42ba0
        0x5582bfb42ba0
        0x5582bfb42ba0
        0x5582bfb42ba0
        0x5582bfb42ba0
        0x5582bfb42ba0
        0x5582bfb42ba0
        0x5582bfb42ba0
        0x5582bfb42ba0
        0x5582bfb42ba0
        0x5582bfb42ba0
        0x5582bfb42ba0
        0x5582bfb42ba0
        0x5582bfb42ba0
        0x5582bfb42ba0
        0x5582bfb42ba0
        0x5582bfb42ba0
]: 1
@preempt_stack[
        0x7fef9cb8d048
        0
]: 1
@preempt_stack[
        0x7feefb88dd6d
        0x102020202010200
]: 1
@preempt_stack[
        0x7fef9baabed1
]: 1
@preempt_stack[
        0x4112ff4b
        0x413e8368
        0x416ff934
        0x411407a6
        0x7feefb846428
        0x7feefb9e578f
        0x5582be808500
]: 1
@preempt_stack[
        0x7fef9cd2c851
        0x7fef61c5f690
]: 1
@preempt_stack[
        0x7fef9d4a64a9
]: 1
@preempt_stack[
        0x7feefb9dcfa3
        0x120000
        0x5582c14905a0
        0x5582c14905a0
        0x5582c14905a0
        0x5582c14905a0
        0x5582c14905a0
        0x5582c14905a0
        0x5582c14905a0
        0x5582c14905a0
        0x5582c14905a0
        0x5582c14905a0
        0x5582c14905a0
        0x5582c14905a0
        0x5582c14905a0
        0x5582c14905a0
        0x5582c14905a0
        0x5582c14905a0
        0x5582c14905a0
        0x5582c14905a0
        0x5582c14905a0
        0x5582c14905a0
        0x5582c14905a0
        0x5582c14905a0
        0x5582c14905a0
        0x5582c14905a0
        0x5582c14905a0
        0x5582c14905a0
        0x5582c14905a0
        0x5582c14905a0
        0x5582c14905a0
        0x5582c14905a0
        0x5582c14905a0
        0x5582c14905a0
        0x5582c14905a0
        0x5582c14905a0
        0x5582c14905a0
        0x5582c14905a0
        0x5582c14905a0
        0x5582c14905a0
        0x5582c14905a0
        0x5582c14905a0
        0x5582c14905a0
        0x5582c14905a0
        0x5582c14905a0
        0x5582c14905a0
        0x5582c14905a0
        0x5582c14905a0
        0x5582c14905a0
        0x5582c14905a0
        0x5582c14905a0
        0x5582c14905a0
        0x5582c14905a0
        0x5582c14905a0
        0x5582c14905a0
        0x5582c14905a0
        0x5582c14905a0
        0x5582c14905a0
        0x5582c14905a0
        0x5582c14905a0
        0x5582c14905a0
        0x5582c14905a0
        0x5582c14905a0
        0x5582c14905a0
        0x5582c14905a0
        0x5582c14905a0
        0x5582c14905a0
        0x5582c14905a0
        0x5582c14905a0
        0x5582c14905a0
        0x5582c14905a0
        0x5582c14905a0
        0x5582c14905a0
        0x5582c14905a0
        0x5582c14905a0
        0x5582c14905a0
        0x5582c14905a0
        0x5582c14905a0
        0x5582c14905a0
        0x5582c14905a0
        0x5582c14905a0
        0x5582c14905a0
        0x5582c14905a0
        0x5582c14905a0
        0x5582c14905a0
        0x5582c14905a0
        0x5582c14905a0
        0x5582c14905a0
        0x5582c14905a0
        0x5582c14905a0
        0x5582c14905a0
        0x5582c14905a0
        0x5582c14905a0
        0x5582c14905a0
        0x5582c14905a0
        0x5582c14905a0
        0x5582c14905a0
        0x5582c14905a0
        0x5582c14905a0
        0x5582c14905a0
        0x5582c14905a0
        0x5582c14905a0
        0x5582c14905a0
        0x5582c14905a0
        0x5582c14905a0
        0x5582c14905a0
        0x5582c14905a0
        0x5582c14905a0
        0x5582c14905a0
        0x5582c14905a0
        0x5582c14905a0
        0x5582c14905a0
        0x5582c14905a0
        0x5582c14905a0
        0x5582c14905a0
        0x5582c14905a0
        0x5582c14905a0
        0x5582c14905a0
        0x5582c14905a0
        0x5582c14905a0
        0x5582c14905a0
        0x5582c14905a0
        0x5582c14905a0
        0x5582c14905a0
        0x5582c14905a0
        0x5582c14905a0
        0x5582c14905a0
]: 1
@preempt_stack[
        0x4126c550
        0x41b87864
        0x416f6adf
        0x7feefb846428
        0x7feefb9e578f
        0x5582be808500
]: 1
@preempt_stack[
        0x7fef9bbb88fd
        0x10000
        0x7fef62bf6170
        0x58
]: 1
@preempt_stack[
        0x7feefb845f4b
        0x7feefb9e578f
        0x5582be808500
]: 1
@preempt_stack[
        0x7feefb9dcfa3
        0x120000
        0x5582be80f378
        0x5582be80f378
        0x5582be80f378
        0x5582be80f378
        0x5582be80f378
        0x5582be80f378
        0x5582be80f378
        0x5582be80f378
        0x5582be80f378
        0x5582be80f378
        0x5582be80f378
        0x5582be80f378
        0x5582be80f378
        0x5582be80f378
        0x5582be80f378
        0x5582be80f378
        0x5582be80f378
        0x5582be80f378
        0x5582be80f378
        0x5582be80f378
        0x5582be80f378
        0x5582be80f378
        0x5582be80f378
        0x5582be80f378
        0x5582be80f378
        0x5582be80f378
        0x5582be80f378
        0x5582be80f378
        0x5582be80f378
        0x5582be80f378
        0x5582be80f378
        0x5582be80f378
        0x5582be80f378
        0x5582be80f378
        0x5582be80f378
        0x5582be80f378
        0x5582be80f378
        0x5582be80f378
        0x5582be80f378
        0x5582be80f378
        0x5582be80f378
        0x5582be80f378
        0x5582be80f378
        0x5582be80f378
        0x5582be80f378
        0x5582be80f378
        0x5582be80f378
        0x5582be80f378
        0x5582be80f378
        0x5582be80f378
        0x5582be80f378
        0x5582be80f378
        0x5582be80f378
        0x5582be80f378
        0x5582be80f378
        0x5582be80f378
        0x5582be80f378
        0x5582be80f378
        0x5582be80f378
        0x5582be80f378
        0x5582be80f378
        0x5582be80f378
        0x5582be80f378
        0x5582be80f378
        0x5582be80f378
        0x5582be80f378
        0x5582be80f378
        0x5582be80f378
        0x5582be80f378
        0x5582be80f378
        0x5582be80f378
        0x5582be80f378
        0x5582be80f378
        0x5582be80f378
        0x5582be80f378
        0x5582be80f378
        0x5582be80f378
        0x5582be80f378
        0x5582be80f378
        0x5582be80f378
        0x5582be80f378
        0x5582be80f378
        0x5582be80f378
        0x5582be80f378
        0x5582be80f378
        0x5582be80f378
        0x5582be80f378
        0x5582be80f378
        0x5582be80f378
        0x5582be80f378
        0x5582be80f378
        0x5582be80f378
        0x5582be80f378
        0x5582be80f378
        0x5582be80f378
        0x5582be80f378
        0x5582be80f378
        0x5582be80f378
        0x5582be80f378
        0x5582be80f378
        0x5582be80f378
        0x5582be80f378
        0x5582be80f378
        0x5582be80f378
        0x5582be80f378
        0x5582be80f378
        0x5582be80f378
        0x5582be80f378
        0x5582be80f378
        0x5582be80f378
        0x5582be80f378
        0x5582be80f378
        0x5582be80f378
        0x5582be80f378
        0x5582be80f378
        0x5582be80f378
        0x5582be80f378
        0x5582be80f378
        0x5582be80f378
        0x5582be80f378
        0x5582be80f378
        0x5582be80f378
        0x5582be80f378
        0x5582be80f378
        0x5582be80f378
]: 1
@preempt_stack[
        0x7fef9c694f66
        0x7feea04f1830
        0xd187f563
]: 1
@preempt_stack[
        0x7fef9c90777f
        0x7fef606b12c0
        0x10101040102
]: 1
@preempt_stack[
        GC_push_next_marked_dirty+134
        GC_collect_a_little_inner+202
]: 1
@preempt_stack[
        0x7feefb9cb5bf
        0
        0
        0x5582bfe9d3e0
]: 1
@preempt_stack[
        0x4172ba09
        0x411407a6
        0x7feefb846428
        0x7feefb9e578f
        0x5582be808500
]: 1
@preempt_stack[
        0x7fef9d5b2e20
]: 1
@preempt_stack[
        0x7feefb9dcfa3
        0x120000
        0x5582c195d9c0
        0x5582c195d9c0
        0x5582c195d9c0
        0x5582c195d9c0
        0x5582c195d9c0
        0x5582c195d9c0
        0x5582c195d9c0
        0x5582c195d9c0
        0x5582c195d9c0
        0x5582c195d9c0
        0x5582c195d9c0
        0x5582c195d9c0
        0x5582c195d9c0
        0x5582c195d9c0
        0x5582c195d9c0
        0x5582c195d9c0
        0x5582c195d9c0
        0x5582c195d9c0
        0x5582c195d9c0
        0x5582c195d9c0
        0x5582c195d9c0
        0x5582c195d9c0
        0x5582c195d9c0
        0x5582c195d9c0
        0x5582c195d9c0
        0x5582c195d9c0
        0x5582c195d9c0
        0x5582c195d9c0
        0x5582c195d9c0
        0x5582c195d9c0
        0x5582c195d9c0
        0x5582c195d9c0
        0x5582c195d9c0
        0x5582c195d9c0
        0x5582c195d9c0
        0x5582c195d9c0
        0x5582c195d9c0
        0x5582c195d9c0
        0x5582c195d9c0
        0x5582c195d9c0
        0x5582c195d9c0
        0x5582c195d9c0
        0x5582c195d9c0
        0x5582c195d9c0
        0x5582c195d9c0
        0x5582c195d9c0
        0x5582c195d9c0
        0x5582c195d9c0
        0x5582c195d9c0
        0x5582c195d9c0
        0x5582c195d9c0
        0x5582c195d9c0
        0x5582c195d9c0
        0x5582c195d9c0
        0x5582c195d9c0
        0x5582c195d9c0
        0x5582c195d9c0
        0x5582c195d9c0
        0x5582c195d9c0
        0x5582c195d9c0
        0x5582c195d9c0
        0x5582c195d9c0
        0x5582c195d9c0
        0x5582c195d9c0
        0x5582c195d9c0
        0x5582c195d9c0
        0x5582c195d9c0
        0x5582c195d9c0
        0x5582c195d9c0
        0x5582c195d9c0
        0x5582c195d9c0
        0x5582c195d9c0
        0x5582c195d9c0
        0x5582c195d9c0
        0x5582c195d9c0
        0x5582c195d9c0
        0x5582c195d9c0
        0x5582c195d9c0
        0x5582c195d9c0
        0x5582c195d9c0
        0x5582c195d9c0
        0x5582c195d9c0
        0x5582c195d9c0
        0x5582c195d9c0
        0x5582c195d9c0
        0x5582c195d9c0
        0x5582c195d9c0
        0x5582c195d9c0
        0x5582c195d9c0
        0x5582c195d9c0
        0x5582c195d9c0
        0x5582c195d9c0
        0x5582c195d9c0
        0x5582c195d9c0
        0x5582c195d9c0
        0x5582c195d9c0
        0x5582c195d9c0
        0x5582c195d9c0
        0x5582c195d9c0
        0x5582c195d9c0
        0x5582c195d9c0
        0x5582c195d9c0
        0x5582c195d9c0
        0x5582c195d9c0
        0x5582c195d9c0
        0x5582c195d9c0
        0x5582c195d9c0
        0x5582c195d9c0
        0x5582c195d9c0
        0x5582c195d9c0
        0x5582c195d9c0
        0x5582c195d9c0
        0x5582c195d9c0
        0x5582c195d9c0
        0x5582c195d9c0
        0x5582c195d9c0
        0x5582c195d9c0
        0x5582c195d9c0
        0x5582c195d9c0
        0x5582c195d9c0
        0x5582c195d9c0
        0x5582c195d9c0
        0x5582c195d9c0
        0x5582c195d9c0
        0x5582c195d9c0
]: 1
@preempt_stack[
        mono_thread_info_uninstall_interrupt+37
        0x7800088000007fed
]: 1
@preempt_stack[
        0x7feefba3fac3
        0x411d9ef4
        0x41a0438e
        0x413821e6
        0x4137da64
        0x7feefb846428
        0x7feefb9e578f
        0x5582be808500
]: 1
@preempt_stack[
        0x7feefba3cfb0
        0
]: 1
@preempt_stack[
        0x7feefb9cb8ee
]: 1
@preempt_stack[
        mono_class_from_mono_type_internal+13
        0x110000
        0x5582be7c8d20
        0x5582be7c8bc8
        0x5582be7c8bc8
        0x5582be7c8bc8
        0x5582be7c8bc8
        0x5582be7c8bc8
        0x5582be7c8bc8
        0x5582be7c8bc8
        0x5582be7c8bc8
        0x5582be7c8bc8
        0x5582be7c8bc8
        0x5582be7c8bc8
        0x5582be7c8bc8
        0x5582be7c8bc8
        0x5582be7c8bc8
        0x5582be7c8bc8
        0x5582be7c8bc8
        0x5582be7c8bc8
        0x5582be7c8bc8
        0x5582be7c8bc8
        0x5582be7c8bc8
        0x5582be7c8bc8
        0x5582be7c8bc8
        0x5582be7c8bc8
        0x5582be7c8bc8
        0x5582be7c8bc8
        0x5582be7c8bc8
        0x5582be7c8bc8
        0x5582be7c8bc8
        0x5582be7c8bc8
        0x5582be7c8bc8
        0x5582be7c8bc8
        0x5582be7c8bc8
        0x5582be7c8bc8
        0x5582be7c8bc8
        0x5582be7c8bc8
        0x5582be7c8bc8
        0x5582be7c8bc8
        0x5582be7c8bc8
        0x5582be7c8bc8
        0x5582be7c8bc8
        0x5582be7c8bc8
        0x5582be7c8bc8
        0x5582be7c8bc8
        0x5582be7c8bc8
        0x5582be7c8bc8
        0x5582be7c8bc8
        0x5582be7c8bc8
        0x5582be7c8bc8
        0x5582be7c8bc8
        0x5582be7c8bc8
        0x5582be7c8bc8
        0x5582be7c8bc8
        0x5582be7c8bc8
        0x5582be7c8bc8
        0x5582be7c8bc8
        0x5582be7c8bc8
        0x5582be7c8bc8
        0x5582be7c8bc8
        0x5582be7c8bc8
        0x5582be7c8bc8
        0x5582be7c8bc8
        0x5582be7c8bc8
        0x5582be7c8bc8
        0x5582be7c8bc8
        0x5582be7c8bc8
        0x5582be7c8bc8
        0x5582be7c8bc8
        0x5582be7c8bc8
        0x5582be7c8bc8
        0x5582be7c8bc8
        0x5582be7c8bc8
        0x5582be7c8bc8
        0x5582be7c8bc8
        0x5582be7c8bc8
        0x5582be7c8bc8
        0x5582be7c8bc8
        0x5582be7c8bc8
        0x5582be7c8bc8
        0x5582be7c8bc8
        0x5582be7c8bc8
        0x5582be7c8bc8
        0x5582be7c8bc8
        0x5582be7c8bc8
        0x5582be7c8bc8
        0x5582be7c8bc8
        0x5582be7c8bc8
        0x5582be7c8bc8
        0x5582be7c8bc8
        0x5582be7c8bc8
        0x5582be7c8bc8
        0x5582be7c8bc8
        0x5582be7c8bc8
        0x5582be7c8bc8
        0x5582be7c8bc8
        0x5582be7c8bc8
        0x5582be7c8bc8
        0x5582be7c8bc8
        0x5582be7c8bc8
        0x5582be7c8bc8
        0x5582be7c8bc8
        0x5582be7c8bc8
        0x5582be7c8bc8
        0x5582be7c8bc8
        0x5582be7c8bc8
        0x5582be7c8bc8
        0x5582be7c8bc8
        0x5582be7c8bc8
        0x5582be7c8bc8
        0x5582be7c8bc8
        0x5582be7c8bc8
        0x5582be7c8bc8
        0x5582be7c8bc8
        0x5582be7c8bc8
        0x5582be7c8bc8
        0x5582be7c8bc8
        0x5582be7c8bc8
        0x5582be7c8bc8
        0x5582be7c8bc8
        0x5582be7c8bc8
        0x5582be7c8bc8
        0x5582be7c8bc8
        0x5582be7c8bc8
        0x5582be7c8bc8
        0x5582be7c8bc8
]: 1
@preempt_stack[
        0x7fef9d69078c
        0x3f80000000000000
]: 1
@preempt_stack[
        0x4124f1a1
]: 1
@preempt_stack[
        0x7feefb9fd63e
        0
        0x83800000000001
        0x5582be7cf658
        0x5582be7cf658
        0x5582be7cf658
        0x5582be7cf658
        0x5582be7cf658
        0x5582be7cf658
        0x5582be7cf658
        0x5582be7cf658
        0x5582be7cf658
        0x5582be7cf658
        0x5582be7cf658
        0x5582be7cf658
        0x5582be7cf658
        0x5582be7cf658
        0x5582be7cf658
        0x5582be7cf658
        0x5582be7cf658
        0x5582be7cf658
        0x5582be7cf658
        0x5582be7cf658
        0x5582be7cf658
        0x5582be7cf658
        0x5582be7cf658
        0x5582be7cf658
        0x5582be7cf658
        0x5582be7cf658
        0x5582be7cf658
        0x5582be7cf658
        0x5582be7cf658
        0x5582be7cf658
        0x5582be7cf658
        0x5582be7cf658
        0x5582be7cf658
        0x5582be7cf658
        0x5582be7cf658
        0x5582be7cf658
        0x5582be7cf658
        0x5582be7cf658
        0x5582be7cf658
        0x5582be7cf658
        0x5582be7cf658
        0x5582be7cf658
        0x5582be7cf658
        0x5582be7cf658
        0x5582be7cf658
        0x5582be7cf658
        0x5582be7cf658
        0x5582be7cf658
        0x5582be7cf658
        0x5582be7cf658
        0x5582be7cf658
        0x5582be7cf658
        0x5582be7cf658
        0x5582be7cf658
        0x5582be7cf658
        0x5582be7cf658
        0x5582be7cf658
        0x5582be7cf658
        0x5582be7cf658
        0x5582be7cf658
        0x5582be7cf658
        0x5582be7cf658
        0x5582be7cf658
        0x5582be7cf658
        0x5582be7cf658
        0x5582be7cf658
        0x5582be7cf658
        0x5582be7cf658
        0x5582be7cf658
        0x5582be7cf658
        0x5582be7cf658
        0x5582be7cf658
        0x5582be7cf658
        0x5582be7cf658
        0x5582be7cf658
        0x5582be7cf658
        0x5582be7cf658
        0x5582be7cf658
        0x5582be7cf658
        0x5582be7cf658
        0x5582be7cf658
        0x5582be7cf658
        0x5582be7cf658
        0x5582be7cf658
        0x5582be7cf658
        0x5582be7cf658
        0x5582be7cf658
        0x5582be7cf658
        0x5582be7cf658
        0x5582be7cf658
        0x5582be7cf658
        0x5582be7cf658
        0x5582be7cf658
        0x5582be7cf658
        0x5582be7cf658
        0x5582be7cf658
        0x5582be7cf658
        0x5582be7cf658
        0x5582be7cf658
        0x5582be7cf658
        0x5582be7cf658
        0x5582be7cf658
        0x5582be7cf658
        0x5582be7cf658
        0x5582be7cf658
        0x5582be7cf658
        0x5582be7cf658
        0x5582be7cf658
        0x5582be7cf658
        0x5582be7cf658
        0x5582be7cf658
        0x5582be7cf658
        0x5582be7cf658
        0x5582be7cf658
        0x5582be7cf658
        0x5582be7cf658
        0x5582be7cf658
        0x5582be7cf658
        0x5582be7cf658
        0x5582be7cf658
        0x5582be7cf658
        0x5582be7cf658
        0x5582be7cf658
        0x5582be7cf658
]: 1
@preempt_stack[
        0x7fef9d8420c1
        0x7fef60c608d0
]: 1
@preempt_stack[
        0x7feefb9cb75b
        0x120000
        0x5582c1feb920
        0x5582c1feb920
        0x5582c1feb920
        0x5582c1feb920
        0x5582c1feb920
        0x5582c1feb920
        0x5582c1feb920
        0x5582c1feb920
        0x5582c1feb920
        0x5582c1feb920
        0x5582c1feb920
        0x5582c1feb920
        0x5582c1feb920
        0x5582c1feb920
        0x5582c1feb920
        0x5582c1feb920
        0x5582c1feb920
        0x5582c1feb920
        0x5582c1feb920
        0x5582c1feb920
        0x5582c1feb920
        0x5582c1feb920
        0x5582c1feb920
        0x5582c1feb920
        0x5582c1feb920
        0x5582c1feb920
        0x5582c1feb920
        0x5582c1feb920
        0x5582c1feb920
        0x5582c1feb920
        0x5582c1feb920
        0x5582c1feb920
        0x5582c1feb920
        0x5582c1feb920
        0x5582c1feb920
        0x5582c1feb920
        0x5582c1feb920
        0x5582c1feb920
        0x5582c1feb920
        0x5582c1feb920
        0x5582c1feb920
        0x5582c1feb920
        0x5582c1feb920
        0x5582c1feb920
        0x5582c1feb920
        0x5582c1feb920
        0x5582c1feb920
        0x5582c1feb920
        0x5582c1feb920
        0x5582c1feb920
        0x5582c1feb920
        0x5582c1feb920
        0x5582c1feb920
        0x5582c1feb920
        0x5582c1feb920
        0x5582c1feb920
        0x5582c1feb920
        0x5582c1feb920
        0x5582c1feb920
        0x5582c1feb920
        0x5582c1feb920
        0x5582c1feb920
        0x5582c1feb920
        0x5582c1feb920
        0x5582c1feb920
        0x5582c1feb920
        0x5582c1feb920
        0x5582c1feb920
        0x5582c1feb920
        0x5582c1feb920
        0x5582c1feb920
        0x5582c1feb920
        0x5582c1feb920
        0x5582c1feb920
        0x5582c1feb920
        0x5582c1feb920
        0x5582c1feb920
        0x5582c1feb920
        0x5582c1feb920
        0x5582c1feb920
        0x5582c1feb920
        0x5582c1feb920
        0x5582c1feb920
        0x5582c1feb920
        0x5582c1feb920
        0x5582c1feb920
        0x5582c1feb920
        0x5582c1feb920
        0x5582c1feb920
        0x5582c1feb920
        0x5582c1feb920
        0x5582c1feb920
        0x5582c1feb920
        0x5582c1feb920
        0x5582c1feb920
        0x5582c1feb920
        0x5582c1feb920
        0x5582c1feb920
        0x5582c1feb920
        0x5582c1feb920
        0x5582c1feb920
        0x5582c1feb920
        0x5582c1feb920
        0x5582c1feb920
        0x5582c1feb920
        0x5582c1feb920
        0x5582c1feb920
        0x5582c1feb920
        0x5582c1feb920
        0x5582c1feb920
        0x5582c1feb920
        0x5582c1feb920
        0x5582c1feb920
        0x5582c1feb920
        0x5582c1feb920
        0x5582c1feb920
        0x5582c1feb920
        0x5582c1feb920
        0x5582c1feb920
        0x5582c1feb920
        0x5582c1feb920
        0x5582c1feb920
        0x5582c1feb920
        0x5582c1feb920
        0x5582c1feb920
]: 1
@preempt_stack[
        mono_metadata_type_hash+99
        0x120000
        0x5582bfa0bfd0
        0x5582bfa0bfd0
        0x5582bfa0bfd0
        0x5582bfa0bfd0
        0x5582bfa0bfd0
        0x5582bfa0bfd0
        0x5582bfa0bfd0
        0x5582bfa0bfd0
        0x5582bfa0bfd0
        0x5582bfa0bfd0
        0x5582bfa0bfd0
        0x5582bfa0bfd0
        0x5582bfa0bfd0
        0x5582bfa0bfd0
        0x5582bfa0bfd0
        0x5582bfa0bfd0
        0x5582bfa0bfd0
        0x5582bfa0bfd0
        0x5582bfa0bfd0
        0x5582bfa0bfd0
        0x5582bfa0bfd0
        0x5582bfa0bfd0
        0x5582bfa0bfd0
        0x5582bfa0bfd0
        0x5582bfa0bfd0
        0x5582bfa0bfd0
        0x5582bfa0bfd0
        0x5582bfa0bfd0
        0x5582bfa0bfd0
        0x5582bfa0bfd0
        0x5582bfa0bfd0
        0x5582bfa0bfd0
        0x5582bfa0bfd0
        0x5582bfa0bfd0
        0x5582bfa0bfd0
        0x5582bfa0bfd0
        0x5582bfa0bfd0
        0x5582bfa0bfd0
        0x5582bfa0bfd0
        0x5582bfa0bfd0
        0x5582bfa0bfd0
        0x5582bfa0bfd0
        0x5582bfa0bfd0
        0x5582bfa0bfd0
        0x5582bfa0bfd0
        0x5582bfa0bfd0
        0x5582bfa0bfd0
        0x5582bfa0bfd0
        0x5582bfa0bfd0
        0x5582bfa0bfd0
        0x5582bfa0bfd0
        0x5582bfa0bfd0
        0x5582bfa0bfd0
        0x5582bfa0bfd0
        0x5582bfa0bfd0
        0x5582bfa0bfd0
        0x5582bfa0bfd0
        0x5582bfa0bfd0
        0x5582bfa0bfd0
        0x5582bfa0bfd0
        0x5582bfa0bfd0
        0x5582bfa0bfd0
        0x5582bfa0bfd0
        0x5582bfa0bfd0
        0x5582bfa0bfd0
        0x5582bfa0bfd0
        0x5582bfa0bfd0
        0x5582bfa0bfd0
        0x5582bfa0bfd0
        0x5582bfa0bfd0
        0x5582bfa0bfd0
        0x5582bfa0bfd0
        0x5582bfa0bfd0
        0x5582bfa0bfd0
        0x5582bfa0bfd0
        0x5582bfa0bfd0
        0x5582bfa0bfd0
        0x5582bfa0bfd0
        0x5582bfa0bfd0
        0x5582bfa0bfd0
        0x5582bfa0bfd0
        0x5582bfa0bfd0
        0x5582bfa0bfd0
        0x5582bfa0bfd0
        0x5582bfa0bfd0
        0x5582bfa0bfd0
        0x5582bfa0bfd0
        0x5582bfa0bfd0
        0x5582bfa0bfd0
        0x5582bfa0bfd0
        0x5582bfa0bfd0
        0x5582bfa0bfd0
        0x5582bfa0bfd0
        0x5582bfa0bfd0
        0x5582bfa0bfd0
        0x5582bfa0bfd0
        0x5582bfa0bfd0
        0x5582bfa0bfd0
        0x5582bfa0bfd0
        0x5582bfa0bfd0
        0x5582bfa0bfd0
        0x5582bfa0bfd0
        0x5582bfa0bfd0
        0x5582bfa0bfd0
        0x5582bfa0bfd0
        0x5582bfa0bfd0
        0x5582bfa0bfd0
        0x5582bfa0bfd0
        0x5582bfa0bfd0
        0x5582bfa0bfd0
        0x5582bfa0bfd0
        0x5582bfa0bfd0
        0x5582bfa0bfd0
        0x5582bfa0bfd0
        0x5582bfa0bfd0
        0x5582bfa0bfd0
        0x5582bfa0bfd0
        0x5582bfa0bfd0
        0x5582bfa0bfd0
        0x5582bfa0bfd0
        0x5582bfa0bfd0
        0x5582bfa0bfd0
        0x5582bfa0bfd0
        0x5582bfa0bfd0
        0x5582bfa0bfd0
]: 1
@preempt_stack[
        0x7fef9ccd309a
        0x2c1
]: 1
@preempt_stack[
        0x7feefb9cb5b1
        0x130000
        0
        0
        0x5582bed6b0b0
]: 1
@preempt_stack[
        0x7fef9ccd3667
        0x7c007840782
]: 1
@preempt_stack[
        0x7fef9d5b39db
]: 1
@preempt_stack[
        0x7feefb9cb610
        0
        0
        0x5582c1ba9070
]: 1
@preempt_stack[
        0x7feefb9dcfa3
        0x110000
        0x5582c1726520
        0x5582c1726520
        0x5582c1726520
        0x5582c1726520
        0x5582c1726520
        0x5582c1726520
        0x5582c1726520
        0x5582c1726520
        0x5582c1726520
        0x5582c1726520
        0x5582c1726520
        0x5582c1726520
        0x5582c1726520
        0x5582c1726520
        0x5582c1726520
        0x5582c1726520
        0x5582c1726520
        0x5582c1726520
        0x5582c1726520
        0x5582c1726520
        0x5582c1726520
        0x5582c1726520
        0x5582c1726520
        0x5582c1726520
        0x5582c1726520
        0x5582c1726520
        0x5582c1726520
        0x5582c1726520
        0x5582c1726520
        0x5582c1726520
        0x5582c1726520
        0x5582c1726520
        0x5582c1726520
        0x5582c1726520
        0x5582c1726520
        0x5582c1726520
        0x5582c1726520
        0x5582c1726520
        0x5582c1726520
        0x5582c1726520
        0x5582c1726520
        0x5582c1726520
        0x5582c1726520
        0x5582c1726520
        0x5582c1726520
        0x5582c1726520
        0x5582c1726520
        0x5582c1726520
        0x5582c1726520
        0x5582c1726520
        0x5582c1726520
        0x5582c1726520
        0x5582c1726520
        0x5582c1726520
        0x5582c1726520
        0x5582c1726520
        0x5582c1726520
        0x5582c1726520
        0x5582c1726520
        0x5582c1726520
        0x5582c1726520
        0x5582c1726520
        0x5582c1726520
        0x5582c1726520
        0x5582c1726520
        0x5582c1726520
        0x5582c1726520
        0x5582c1726520
        0x5582c1726520
        0x5582c1726520
        0x5582c1726520
        0x5582c1726520
        0x5582c1726520
        0x5582c1726520
        0x5582c1726520
        0x5582c1726520
        0x5582c1726520
        0x5582c1726520
        0x5582c1726520
        0x5582c1726520
        0x5582c1726520
        0x5582c1726520
        0x5582c1726520
        0x5582c1726520
        0x5582c1726520
        0x5582c1726520
        0x5582c1726520
        0x5582c1726520
        0x5582c1726520
        0x5582c1726520
        0x5582c1726520
        0x5582c1726520
        0x5582c1726520
        0x5582c1726520
        0x5582c1726520
        0x5582c1726520
        0x5582c1726520
        0x5582c1726520
        0x5582c1726520
        0x5582c1726520
        0x5582c1726520
        0x5582c1726520
        0x5582c1726520
        0x5582c1726520
        0x5582c1726520
        0x5582c1726520
        0x5582c1726520
        0x5582c1726520
        0x5582c1726520
        0x5582c1726520
        0x5582c1726520
        0x5582c1726520
        0x5582c1726520
        0x5582c1726520
        0x5582c1726520
        0x5582c1726520
        0x5582c1726520
        0x5582c1726520
        0x5582c1726520
        0x5582c1726520
        0x5582c1726520
        0x5582c1726520
        0x5582c1726520
        0x5582c1726520
        0x5582c1726520
]: 1
@preempt_stack[
        mono_threads_exit_gc_safe_region_internal+8
]: 1
@preempt_stack[
        0x4113a143
        0x412058c4
        0x4120581c
        0x41205638
        0x412054d4
        0x413e8368
        0x416ff934
        0x411407a6
        0x7feefb846428
        0x7feefb9e578f
        0x5582be808500
]: 1
@preempt_stack[
        0x7feefb982dec
]: 1
@preempt_stack[
        0x7feefb9ce4d8
        0x5582c1cc4568
        0x5582c1cc4568
        0x5582c1cc4568
        0x5582c1cc4568
        0x5582c1cc4568
        0x5582c1cc4568
        0x5582c1cc4568
        0x5582c1cc4568
        0x5582c1cc4568
        0x5582c1cc4568
        0x5582c1cc4568
        0x5582c1cc4568
        0x5582c1cc4568
        0x5582c1cc4568
        0x5582c1cc4568
        0x5582c1cc4568
        0x5582c1cc4568
        0x5582c1cc4568
        0x5582c1cc4568
        0x5582c1cc4568
        0x5582c1cc4568
        0x5582c1cc4568
        0x5582c1cc4568
        0x5582c1cc4568
        0x5582c1cc4568
        0x5582c1cc4568
        0x5582c1cc4568
        0x5582c1cc4568
        0x5582c1cc4568
        0x5582c1cc4568
        0x5582c1cc4568
        0x5582c1cc4568
        0x5582c1cc4568
        0x5582c1cc4568
        0x5582c1cc4568
        0x5582c1cc4568
        0x5582c1cc4568
        0x5582c1cc4568
        0x5582c1cc4568
        0x5582c1cc4568
        0x5582c1cc4568
        0x5582c1cc4568
        0x5582c1cc4568
        0x5582c1cc4568
        0x5582c1cc4568
        0x5582c1cc4568
        0x5582c1cc4568
        0x5582c1cc4568
        0x5582c1cc4568
        0x5582c1cc4568
        0x5582c1cc4568
        0x5582c1cc4568
        0x5582c1cc4568
        0x5582c1cc4568
        0x5582c1cc4568
        0x5582c1cc4568
        0x5582c1cc4568
        0x5582c1cc4568
        0x5582c1cc4568
        0x5582c1cc4568
        0x5582c1cc4568
        0x5582c1cc4568
        0x5582c1cc4568
        0x5582c1cc4568
        0x5582c1cc4568
        0x5582c1cc4568
        0x5582c1cc4568
        0x5582c1cc4568
        0x5582c1cc4568
        0x5582c1cc4568
        0x5582c1cc4568
        0x5582c1cc4568
        0x5582c1cc4568
        0x5582c1cc4568
        0x5582c1cc4568
        0x5582c1cc4568
        0x5582c1cc4568
        0x5582c1cc4568
        0x5582c1cc4568
        0x5582c1cc4568
        0x5582c1cc4568
        0x5582c1cc4568
        0x5582c1cc4568
        0x5582c1cc4568
        0x5582c1cc4568
        0x5582c1cc4568
        0x5582c1cc4568
        0x5582c1cc4568
        0x5582c1cc4568
        0x5582c1cc4568
        0x5582c1cc4568
        0x5582c1cc4568
        0x5582c1cc4568
        0x5582c1cc4568
        0x5582c1cc4568
        0x5582c1cc4568
        0x5582c1cc4568
        0x5582c1cc4568
        0x5582c1cc4568
        0x5582c1cc4568
        0x5582c1cc4568
        0x5582c1cc4568
        0x5582c1cc4568
        0x5582c1cc4568
        0x5582c1cc4568
        0x5582c1cc4568
        0x5582c1cc4568
        0x5582c1cc4568
        0x5582c1cc4568
        0x5582c1cc4568
        0x5582c1cc4568
        0x5582c1cc4568
        0x5582c1cc4568
        0x5582c1cc4568
        0x5582c1cc4568
        0x5582c1cc4568
        0x5582c1cc4568
        0x5582c1cc4568
        0x5582c1cc4568
        0x5582c1cc4568
        0x5582c1cc4568
        0x5582c1cc4568
        0x5582c1cc4568
        0x5582c1cc4568
        0x5582c1cc4568
        0x5582c1cc4568
]: 1
@preempt_stack[
        0x7feefb9dcfa3
        0x120000
        0x5582bffae260
        0x5582bffae260
        0x5582bffae260
        0x5582bffae260
        0x5582bffae260
        0x5582bffae260
        0x5582bffae260
        0x5582bffae260
        0x5582bffae260
        0x5582bffae260
        0x5582bffae260
        0x5582bffae260
        0x5582bffae260
        0x5582bffae260
        0x5582bffae260
        0x5582bffae260
        0x5582bffae260
        0x5582bffae260
        0x5582bffae260
        0x5582bffae260
        0x5582bffae260
        0x5582bffae260
        0x5582bffae260
        0x5582bffae260
        0x5582bffae260
        0x5582bffae260
        0x5582bffae260
        0x5582bffae260
        0x5582bffae260
        0x5582bffae260
        0x5582bffae260
        0x5582bffae260
        0x5582bffae260
        0x5582bffae260
        0x5582bffae260
        0x5582bffae260
        0x5582bffae260
        0x5582bffae260
        0x5582bffae260
        0x5582bffae260
        0x5582bffae260
        0x5582bffae260
        0x5582bffae260
        0x5582bffae260
        0x5582bffae260
        0x5582bffae260
        0x5582bffae260
        0x5582bffae260
        0x5582bffae260
        0x5582bffae260
        0x5582bffae260
        0x5582bffae260
        0x5582bffae260
        0x5582bffae260
        0x5582bffae260
        0x5582bffae260
        0x5582bffae260
        0x5582bffae260
        0x5582bffae260
        0x5582bffae260
        0x5582bffae260
        0x5582bffae260
        0x5582bffae260
        0x5582bffae260
        0x5582bffae260
        0x5582bffae260
        0x5582bffae260
        0x5582bffae260
        0x5582bffae260
        0x5582bffae260
        0x5582bffae260
        0x5582bffae260
        0x5582bffae260
        0x5582bffae260
        0x5582bffae260
        0x5582bffae260
        0x5582bffae260
        0x5582bffae260
        0x5582bffae260
        0x5582bffae260
        0x5582bffae260
        0x5582bffae260
        0x5582bffae260
        0x5582bffae260
        0x5582bffae260
        0x5582bffae260
        0x5582bffae260
        0x5582bffae260
        0x5582bffae260
        0x5582bffae260
        0x5582bffae260
        0x5582bffae260
        0x5582bffae260
        0x5582bffae260
        0x5582bffae260
        0x5582bffae260
        0x5582bffae260
        0x5582bffae260
        0x5582bffae260
        0x5582bffae260
        0x5582bffae260
        0x5582bffae260
        0x5582bffae260
        0x5582bffae260
        0x5582bffae260
        0x5582bffae260
        0x5582bffae260
        0x5582bffae260
        0x5582bffae260
        0x5582bffae260
        0x5582bffae260
        0x5582bffae260
        0x5582bffae260
        0x5582bffae260
        0x5582bffae260
        0x5582bffae260
        0x5582bffae260
        0x5582bffae260
        0x5582bffae260
        0x5582bffae260
        0x5582bffae260
        0x5582bffae260
        0x5582bffae260
        0x5582bffae260
        0x5582bffae260
]: 1
@preempt_stack[
        mono_metadata_type_hash+82
        0x120000
        0x5582bec8c498
        0x5582bec8c498
        0x5582bec8c498
        0x5582bec8c498
        0x5582bec8c498
        0x5582bec8c498
        0x5582bec8c498
        0x5582bec8c498
        0x5582bec8c498
        0x5582bec8c498
        0x5582bec8c498
        0x5582bec8c498
        0x5582bec8c498
        0x5582bec8c498
        0x5582bec8c498
        0x5582bec8c498
        0x5582bec8c498
        0x5582bec8c498
        0x5582bec8c498
        0x5582bec8c498
        0x5582bec8c498
        0x5582bec8c498
        0x5582bec8c498
        0x5582bec8c498
        0x5582bec8c498
        0x5582bec8c498
        0x5582bec8c498
        0x5582bec8c498
        0x5582bec8c498
        0x5582bec8c498
        0x5582bec8c498
        0x5582bec8c498
        0x5582bec8c498
        0x5582bec8c498
        0x5582bec8c498
        0x5582bec8c498
        0x5582bec8c498
        0x5582bec8c498
        0x5582bec8c498
        0x5582bec8c498
        0x5582bec8c498
        0x5582bec8c498
        0x5582bec8c498
        0x5582bec8c498
        0x5582bec8c498
        0x5582bec8c498
        0x5582bec8c498
        0x5582bec8c498
        0x5582bec8c498
        0x5582bec8c498
        0x5582bec8c498
        0x5582bec8c498
        0x5582bec8c498
        0x5582bec8c498
        0x5582bec8c498
        0x5582bec8c498
        0x5582bec8c498
        0x5582bec8c498
        0x5582bec8c498
        0x5582bec8c498
        0x5582bec8c498
        0x5582bec8c498
        0x5582bec8c498
        0x5582bec8c498
        0x5582bec8c498
        0x5582bec8c498
        0x5582bec8c498
        0x5582bec8c498
        0x5582bec8c498
        0x5582bec8c498
        0x5582bec8c498
        0x5582bec8c498
        0x5582bec8c498
        0x5582bec8c498
        0x5582bec8c498
        0x5582bec8c498
        0x5582bec8c498
        0x5582bec8c498
        0x5582bec8c498
        0x5582bec8c498
        0x5582bec8c498
        0x5582bec8c498
        0x5582bec8c498
        0x5582bec8c498
        0x5582bec8c498
        0x5582bec8c498
        0x5582bec8c498
        0x5582bec8c498
        0x5582bec8c498
        0x5582bec8c498
        0x5582bec8c498
        0x5582bec8c498
        0x5582bec8c498
        0x5582bec8c498
        0x5582bec8c498
        0x5582bec8c498
        0x5582bec8c498
        0x5582bec8c498
        0x5582bec8c498
        0x5582bec8c498
        0x5582bec8c498
        0x5582bec8c498
        0x5582bec8c498
        0x5582bec8c498
        0x5582bec8c498
        0x5582bec8c498
        0x5582bec8c498
        0x5582bec8c498
        0x5582bec8c498
        0x5582bec8c498
        0x5582bec8c498
        0x5582bec8c498
        0x5582bec8c498
        0x5582bec8c498
        0x5582bec8c498
        0x5582bec8c498
        0x5582bec8c498
        0x5582bec8c498
        0x5582bec8c498
        0x5582bec8c498
        0x5582bec8c498
        0x5582bec8c498
        0x5582bec8c498
        0x5582bec8c498
        0x5582bec8c498
]: 1
@preempt_stack[
        0x7fef9d57408a
]: 1
@preempt_stack[
        0x41c75f3b
        0
        0x2000000000000001
        0x5582bf3c6df0
        0x5582bf3c6df0
        0x5582bf3c6df0
        0x5582bf3c6df0
        0x5582bf3c6df0
        0x5582bf3c6df0
        0x5582bf3c6df0
        0x5582bf3c6df0
        0x5582bf3c6df0
        0x5582bf3c6df0
        0x5582bf3c6df0
        0x5582bf3c6df0
        0x5582bf3c6df0
        0x5582bf3c6df0
        0x5582bf3c6df0
        0x5582bf3c6df0
        0x5582bf3c6df0
        0x5582bf3c6df0
        0x5582bf3c6df0
        0x5582bf3c6df0
        0x5582bf3c6df0
        0x5582bf3c6df0
        0x5582bf3c6df0
        0x5582bf3c6df0
        0x5582bf3c6df0
        0x5582bf3c6df0
        0x5582bf3c6df0
        0x5582bf3c6df0
        0x5582bf3c6df0
        0x5582bf3c6df0
        0x5582bf3c6df0
        0x5582bf3c6df0
        0x5582bf3c6df0
        0x5582bf3c6df0
        0x5582bf3c6df0
        0x5582bf3c6df0
        0x5582bf3c6df0
        0x5582bf3c6df0
        0x5582bf3c6df0
        0x5582bf3c6df0
        0x5582bf3c6df0
        0x5582bf3c6df0
        0x5582bf3c6df0
        0x5582bf3c6df0
        0x5582bf3c6df0
        0x5582bf3c6df0
        0x5582bf3c6df0
        0x5582bf3c6df0
        0x5582bf3c6df0
        0x5582bf3c6df0
        0x5582bf3c6df0
        0x5582bf3c6df0
        0x5582bf3c6df0
        0x5582bf3c6df0
        0x5582bf3c6df0
        0x5582bf3c6df0
        0x5582bf3c6df0
        0x5582bf3c6df0
        0x5582bf3c6df0
        0x5582bf3c6df0
        0x5582bf3c6df0
        0x5582bf3c6df0
        0x5582bf3c6df0
        0x5582bf3c6df0
        0x5582bf3c6df0
        0x5582bf3c6df0
        0x5582bf3c6df0
        0x5582bf3c6df0
        0x5582bf3c6df0
        0x5582bf3c6df0
        0x5582bf3c6df0
        0x5582bf3c6df0
        0x5582bf3c6df0
        0x5582bf3c6df0
        0x5582bf3c6df0
        0x5582bf3c6df0
        0x5582bf3c6df0
        0x5582bf3c6df0
        0x5582bf3c6df0
        0x5582bf3c6df0
        0x5582bf3c6df0
        0x5582bf3c6df0
        0x5582bf3c6df0
        0x5582bf3c6df0
        0x5582bf3c6df0
        0x5582bf3c6df0
        0x5582bf3c6df0
        0x5582bf3c6df0
        0x5582bf3c6df0
        0x5582bf3c6df0
        0x5582bf3c6df0
        0x5582bf3c6df0
        0x5582bf3c6df0
        0x5582bf3c6df0
        0x5582bf3c6df0
        0x5582bf3c6df0
        0x5582bf3c6df0
        0x5582bf3c6df0
        0x5582bf3c6df0
        0x5582bf3c6df0
        0x5582bf3c6df0
        0x5582bf3c6df0
        0x5582bf3c6df0
        0x5582bf3c6df0
        0x5582bf3c6df0
        0x5582bf3c6df0
        0x5582bf3c6df0
        0x5582bf3c6df0
        0x5582bf3c6df0
        0x5582bf3c6df0
        0x5582bf3c6df0
        0x5582bf3c6df0
        0x5582bf3c6df0
        0x5582bf3c6df0
        0x5582bf3c6df0
        0x5582bf3c6df0
        0x5582bf3c6df0
        0x5582bf3c6df0
        0x5582bf3c6df0
        0x5582bf3c6df0
        0x5582bf3c6df0
        0x5582bf3c6df0
        0x5582bf3c6df0
        0x5582bf3c6df0
]: 1
@preempt_stack[
        mono_metadata_type_hash+106
        0x120000
        0x5582bff1d748
        0x5582bff1d748
        0x5582bff1d748
        0x5582bff1d748
        0x5582bff1d748
        0x5582bff1d748
        0x5582bff1d748
        0x5582bff1d748
        0x5582bff1d748
        0x5582bff1d748
        0x5582bff1d748
        0x5582bff1d748
        0x5582bff1d748
        0x5582bff1d748
        0x5582bff1d748
        0x5582bff1d748
        0x5582bff1d748
        0x5582bff1d748
        0x5582bff1d748
        0x5582bff1d748
        0x5582bff1d748
        0x5582bff1d748
        0x5582bff1d748
        0x5582bff1d748
        0x5582bff1d748
        0x5582bff1d748
        0x5582bff1d748
        0x5582bff1d748
        0x5582bff1d748
        0x5582bff1d748
        0x5582bff1d748
        0x5582bff1d748
        0x5582bff1d748
        0x5582bff1d748
        0x5582bff1d748
        0x5582bff1d748
        0x5582bff1d748
        0x5582bff1d748
        0x5582bff1d748
        0x5582bff1d748
        0x5582bff1d748
        0x5582bff1d748
        0x5582bff1d748
        0x5582bff1d748
        0x5582bff1d748
        0x5582bff1d748
        0x5582bff1d748
        0x5582bff1d748
        0x5582bff1d748
        0x5582bff1d748
        0x5582bff1d748
        0x5582bff1d748
        0x5582bff1d748
        0x5582bff1d748
        0x5582bff1d748
        0x5582bff1d748
        0x5582bff1d748
        0x5582bff1d748
        0x5582bff1d748
        0x5582bff1d748
        0x5582bff1d748
        0x5582bff1d748
        0x5582bff1d748
        0x5582bff1d748
        0x5582bff1d748
        0x5582bff1d748
        0x5582bff1d748
        0x5582bff1d748
        0x5582bff1d748
        0x5582bff1d748
        0x5582bff1d748
        0x5582bff1d748
        0x5582bff1d748
        0x5582bff1d748
        0x5582bff1d748
        0x5582bff1d748
        0x5582bff1d748
        0x5582bff1d748
        0x5582bff1d748
        0x5582bff1d748
        0x5582bff1d748
        0x5582bff1d748
        0x5582bff1d748
        0x5582bff1d748
        0x5582bff1d748
        0x5582bff1d748
        0x5582bff1d748
        0x5582bff1d748
        0x5582bff1d748
        0x5582bff1d748
        0x5582bff1d748
        0x5582bff1d748
        0x5582bff1d748
        0x5582bff1d748
        0x5582bff1d748
        0x5582bff1d748
        0x5582bff1d748
        0x5582bff1d748
        0x5582bff1d748
        0x5582bff1d748
        0x5582bff1d748
        0x5582bff1d748
        0x5582bff1d748
        0x5582bff1d748
        0x5582bff1d748
        0x5582bff1d748
        0x5582bff1d748
        0x5582bff1d748
        0x5582bff1d748
        0x5582bff1d748
        0x5582bff1d748
        0x5582bff1d748
        0x5582bff1d748
        0x5582bff1d748
        0x5582bff1d748
        0x5582bff1d748
        0x5582bff1d748
        0x5582bff1d748
        0x5582bff1d748
        0x5582bff1d748
        0x5582bff1d748
        0x5582bff1d748
        0x5582bff1d748
        0x5582bff1d748
        0x5582bff1d748
]: 1
@preempt_stack[
        0x7fef9cba8994
]: 1
@preempt_stack[
        epoll_wait+98
        0x200000020
        0x7fed9e180b20
        0x79ff85087f8b0789
]: 1
@preempt_stack[
        0x415ff042
        0x7feed0262c5b
        0x7feed026327b
        0x7feed0094c4b
        0x7fef9000395b
        0x7feed0081abb
        0x411407a6
        0x7feefb846428
        0x7feefb9e578f
        0x5582be808500
]: 1
@preempt_stack[
        0x7fef9cd511f4
]: 1
@preempt_stack[
        0x415b9d7f
        0x4148481c
        0x413e8368
        0x416ff934
        0x411407a6
        0x7feefb846428
        0x7feefb9e578f
        0x5582be808500
]: 1
@preempt_stack[
        0x7feefb9dcfa3
        0x120000
        0x5582bf353b98
        0x5582bf353b98
        0x5582bf353b98
        0x5582bf353b98
        0x5582bf353b98
        0x5582bf353b98
        0x5582bf353b98
        0x5582bf353b98
        0x5582bf353b98
        0x5582bf353b98
        0x5582bf353b98
        0x5582bf353b98
        0x5582bf353b98
        0x5582bf353b98
        0x5582bf353b98
        0x5582bf353b98
        0x5582bf353b98
        0x5582bf353b98
        0x5582bf353b98
        0x5582bf353b98
        0x5582bf353b98
        0x5582bf353b98
        0x5582bf353b98
        0x5582bf353b98
        0x5582bf353b98
        0x5582bf353b98
        0x5582bf353b98
        0x5582bf353b98
        0x5582bf353b98
        0x5582bf353b98
        0x5582bf353b98
        0x5582bf353b98
        0x5582bf353b98
        0x5582bf353b98
        0x5582bf353b98
        0x5582bf353b98
        0x5582bf353b98
        0x5582bf353b98
        0x5582bf353b98
        0x5582bf353b98
        0x5582bf353b98
        0x5582bf353b98
        0x5582bf353b98
        0x5582bf353b98
        0x5582bf353b98
        0x5582bf353b98
        0x5582bf353b98
        0x5582bf353b98
        0x5582bf353b98
        0x5582bf353b98
        0x5582bf353b98
        0x5582bf353b98
        0x5582bf353b98
        0x5582bf353b98
        0x5582bf353b98
        0x5582bf353b98
        0x5582bf353b98
        0x5582bf353b98
        0x5582bf353b98
        0x5582bf353b98
        0x5582bf353b98
        0x5582bf353b98
        0x5582bf353b98
        0x5582bf353b98
        0x5582bf353b98
        0x5582bf353b98
        0x5582bf353b98
        0x5582bf353b98
        0x5582bf353b98
        0x5582bf353b98
        0x5582bf353b98
        0x5582bf353b98
        0x5582bf353b98
        0x5582bf353b98
        0x5582bf353b98
        0x5582bf353b98
        0x5582bf353b98
        0x5582bf353b98
        0x5582bf353b98
        0x5582bf353b98
        0x5582bf353b98
        0x5582bf353b98
        0x5582bf353b98
        0x5582bf353b98
        0x5582bf353b98
        0x5582bf353b98
        0x5582bf353b98
        0x5582bf353b98
        0x5582bf353b98
        0x5582bf353b98
        0x5582bf353b98
        0x5582bf353b98
        0x5582bf353b98
        0x5582bf353b98
        0x5582bf353b98
        0x5582bf353b98
        0x5582bf353b98
        0x5582bf353b98
        0x5582bf353b98
        0x5582bf353b98
        0x5582bf353b98
        0x5582bf353b98
        0x5582bf353b98
        0x5582bf353b98
        0x5582bf353b98
        0x5582bf353b98
        0x5582bf353b98
        0x5582bf353b98
        0x5582bf353b98
        0x5582bf353b98
        0x5582bf353b98
        0x5582bf353b98
        0x5582bf353b98
        0x5582bf353b98
        0x5582bf353b98
        0x5582bf353b98
        0x5582bf353b98
        0x5582bf353b98
        0x5582bf353b98
        0x5582bf353b98
        0x5582bf353b98
        0x5582bf353b98
        0x5582bf353b98
        0x5582bf353b98
        0x5582bf353b98
]: 1
@preempt_stack[
        0x7fef9ca7ae8e
        0x7fef61c188f8
        0x7fef60c307a8
        0x7fef6288d548
        0x7fef62efd1a8
        0x7fef62ebec68
        0x7fef62c9f7f8
        0x7fef62aee4a8
        0x7fef62b92d98
        0x7fef615759d8
        0x7fef62be0cc8
        0x7fef61576ac8
        0x7fef61f0d178
        0x7fef61f487a8
        0x7fef61f0e268
        0x7fef62024368
        0x7fef61cc2908
        0x7fef61d11258
        0x7fef61c17808
        0x7fef61c294f8
        0x7fef61c188f8
        0x7fef60c307a8
        0x7fef6288d548
        0x7fef62efd1a8
        0x7fef62ebec68
        0x7fef62c9f7f8
        0x7fef62aee4a8
        0x7fef62b92d98
        0x7fef615759d8
        0x7fef62be0cc8
        0x7fef61576ac8
        0x7fef61f0d178
        0x7fef61f487a8
        0x7fef61f0e268
        0x7fef62024368
        0x7fef61cc2908
        0x7fef61d11258
        0x7fef61c17808
        0x7fef61c294f8
        0x7fef61c188f8
        0x7fef60c307a8
        0x7fef6288d548
        0x7fef62efd1a8
        0x7fef62ebec68
        0x7fef62c9f7f8
        0x7fef62aee4a8
        0x7fef62b92d98
        0x7fef615759d8
        0x7fef62be0cc8
        0x7fef61576ac8
        0x7fef61f0d178
        0x7fef61f487a8
        0x7fef61f0e268
        0x7fef62024368
        0x7fef61cc2908
        0x7fef61d11258
        0x7fef61c17808
        0x7fef61c294f8
        0x7fef61c188f8
        0x7fef60c307a8
        0x7fef6288d548
        0x7fef62efd1a8
        0x7fef62ebec68
        0x7fef62c9f7f8
        0x7fef62aee4a8
        0x7fef62b92d98
        0x7fef615759d8
        0x7fef62be0cc8
        0x7fef61576ac8
        0x7fef61f0d178
        0x7fef61f487a8
        0x7fef61f0e268
        0x7fef62024368
        0x7fef61cc2908
        0x7fef61d11258
        0x7fef61c17808
        0x7fef61c294f8
        0x7fef61c188f8
        0x7fef60c307a8
        0x7fef6288d548
        0x7fef62efd1a8
        0x7fef62ebec68
        0x7fef62c9f7f8
        0x7fef62aee4a8
        0x7fef62b92d98
        0x7fef615759d8
        0x7fef62be0cc8
        0x7fef61576ac8
        0x7fef61f0d178
        0x7fef61f487a8
        0x7fef61f0e268
        0x7fef62024368
        0x7fef61cc2908
        0x7fef61d11258
        0x7fef61c17808
        0x7fef61c294f8
        0x7fef61c188f8
        0x7fef60c307a8
        0x7fef6288d548
        0x7fef62efd1a8
        0x7fef62ebec68
        0x7fef62c9f7f8
        0x7fef62aee4a8
        0x7fef62b92d98
        0x7fef615759d8
        0x7fef62be0cc8
        0x7fef61576ac8
        0x7fef61f0d178
        0x7fef61f487a8
        0x7fef61f0e268
        0x7fef62024368
        0x7fef61cc2908
        0x7fef61d11258
        0x7fef61c17808
        0x7fef61c294f8
        0x7fef61c188f8
        0x7fef60c307a8
        0x7fef6288d548
        0x7fef62efd1a8
        0x7fef62ebec68
        0x7fef62c9f7f8
        0x7fef62aee4a8
        0x7fef62b92d98
        0x7fef615759d8
        0x7fef62be0cc8
        0x7fef61576ac8
        0x7fef61f0d178
]: 1
@preempt_stack[
        0x7feefba4d75e
]: 1
@preempt_stack[
        0x7feefb9ddad4
        0x5582c284d380
]: 1
@preempt_stack[
        0x41c2880a
        0
        0x2000000000000001
        0x5582bf3c6df0
        0x5582bf3c6df0
        0x5582bf3c6df0
        0x5582bf3c6df0
        0x5582bf3c6df0
        0x5582bf3c6df0
        0x5582bf3c6df0
        0x5582bf3c6df0
        0x5582bf3c6df0
        0x5582bf3c6df0
        0x5582bf3c6df0
        0x5582bf3c6df0
        0x5582bf3c6df0
        0x5582bf3c6df0
        0x5582bf3c6df0
        0x5582bf3c6df0
        0x5582bf3c6df0
        0x5582bf3c6df0
        0x5582bf3c6df0
        0x5582bf3c6df0
        0x5582bf3c6df0
        0x5582bf3c6df0
        0x5582bf3c6df0
        0x5582bf3c6df0
        0x5582bf3c6df0
        0x5582bf3c6df0
        0x5582bf3c6df0
        0x5582bf3c6df0
        0x5582bf3c6df0
        0x5582bf3c6df0
        0x5582bf3c6df0
        0x5582bf3c6df0
        0x5582bf3c6df0
        0x5582bf3c6df0
        0x5582bf3c6df0
        0x5582bf3c6df0
        0x5582bf3c6df0
        0x5582bf3c6df0
        0x5582bf3c6df0
        0x5582bf3c6df0
        0x5582bf3c6df0
        0x5582bf3c6df0
        0x5582bf3c6df0
        0x5582bf3c6df0
        0x5582bf3c6df0
        0x5582bf3c6df0
        0x5582bf3c6df0
        0x5582bf3c6df0
        0x5582bf3c6df0
        0x5582bf3c6df0
        0x5582bf3c6df0
        0x5582bf3c6df0
        0x5582bf3c6df0
        0x5582bf3c6df0
        0x5582bf3c6df0
        0x5582bf3c6df0
        0x5582bf3c6df0
        0x5582bf3c6df0
        0x5582bf3c6df0
        0x5582bf3c6df0
        0x5582bf3c6df0
        0x5582bf3c6df0
        0x5582bf3c6df0
        0x5582bf3c6df0
        0x5582bf3c6df0
        0x5582bf3c6df0
        0x5582bf3c6df0
        0x5582bf3c6df0
        0x5582bf3c6df0
        0x5582bf3c6df0
        0x5582bf3c6df0
        0x5582bf3c6df0
        0x5582bf3c6df0
        0x5582bf3c6df0
        0x5582bf3c6df0
        0x5582bf3c6df0
        0x5582bf3c6df0
        0x5582bf3c6df0
        0x5582bf3c6df0
        0x5582bf3c6df0
        0x5582bf3c6df0
        0x5582bf3c6df0
        0x5582bf3c6df0
        0x5582bf3c6df0
        0x5582bf3c6df0
        0x5582bf3c6df0
        0x5582bf3c6df0
        0x5582bf3c6df0
        0x5582bf3c6df0
        0x5582bf3c6df0
        0x5582bf3c6df0
        0x5582bf3c6df0
        0x5582bf3c6df0
        0x5582bf3c6df0
        0x5582bf3c6df0
        0x5582bf3c6df0
        0x5582bf3c6df0
        0x5582bf3c6df0
        0x5582bf3c6df0
        0x5582bf3c6df0
        0x5582bf3c6df0
        0x5582bf3c6df0
        0x5582bf3c6df0
        0x5582bf3c6df0
        0x5582bf3c6df0
        0x5582bf3c6df0
        0x5582bf3c6df0
        0x5582bf3c6df0
        0x5582bf3c6df0
        0x5582bf3c6df0
        0x5582bf3c6df0
        0x5582bf3c6df0
        0x5582bf3c6df0
        0x5582bf3c6df0
        0x5582bf3c6df0
        0x5582bf3c6df0
        0x5582bf3c6df0
        0x5582bf3c6df0
        0x5582bf3c6df0
        0x5582bf3c6df0
        0x5582bf3c6df0
        0x5582bf3c6df0
        0x5582bf3c6df0
        0x5582bf3c6df0
]: 1
@preempt_stack[
        0x41bc6d40
        0x41a0438e
        0x413821e6
        0x4137da64
        0x7feefb846428
        0x7feefb9e578f
        0x5582be808500
]: 1
@preempt_stack[
        0x411acf9e
        0x411d9ef4
        0x41a043ff
        0x413821e6
        0x4137da64
        0x7feefb846428
        0x7feefb9e578f
        0x5582be808500
]: 1
@preempt_stack[
        0x7feefb9ce579
        0x120000
        0x5582c203e818
        0x5582c203e818
        0x5582c203e818
        0x5582c203e818
        0x5582c203e818
        0x5582c203e818
        0x5582c203e818
        0x5582c203e818
        0x5582c203e818
        0x5582c203e818
        0x5582c203e818
        0x5582c203e818
        0x5582c203e818
        0x5582c203e818
        0x5582c203e818
        0x5582c203e818
        0x5582c203e818
        0x5582c203e818
        0x5582c203e818
        0x5582c203e818
        0x5582c203e818
        0x5582c203e818
        0x5582c203e818
        0x5582c203e818
        0x5582c203e818
        0x5582c203e818
        0x5582c203e818
        0x5582c203e818
        0x5582c203e818
        0x5582c203e818
        0x5582c203e818
        0x5582c203e818
        0x5582c203e818
        0x5582c203e818
        0x5582c203e818
        0x5582c203e818
        0x5582c203e818
        0x5582c203e818
        0x5582c203e818
        0x5582c203e818
        0x5582c203e818
        0x5582c203e818
        0x5582c203e818
        0x5582c203e818
        0x5582c203e818
        0x5582c203e818
        0x5582c203e818
        0x5582c203e818
        0x5582c203e818
        0x5582c203e818
        0x5582c203e818
        0x5582c203e818
        0x5582c203e818
        0x5582c203e818
        0x5582c203e818
        0x5582c203e818
        0x5582c203e818
        0x5582c203e818
        0x5582c203e818
        0x5582c203e818
        0x5582c203e818
        0x5582c203e818
        0x5582c203e818
        0x5582c203e818
        0x5582c203e818
        0x5582c203e818
        0x5582c203e818
        0x5582c203e818
        0x5582c203e818
        0x5582c203e818
        0x5582c203e818
        0x5582c203e818
        0x5582c203e818
        0x5582c203e818
        0x5582c203e818
        0x5582c203e818
        0x5582c203e818
        0x5582c203e818
        0x5582c203e818
        0x5582c203e818
        0x5582c203e818
        0x5582c203e818
        0x5582c203e818
        0x5582c203e818
        0x5582c203e818
        0x5582c203e818
        0x5582c203e818
        0x5582c203e818
        0x5582c203e818
        0x5582c203e818
        0x5582c203e818
        0x5582c203e818
        0x5582c203e818
        0x5582c203e818
        0x5582c203e818
        0x5582c203e818
        0x5582c203e818
        0x5582c203e818
        0x5582c203e818
        0x5582c203e818
        0x5582c203e818
        0x5582c203e818
        0x5582c203e818
        0x5582c203e818
        0x5582c203e818
        0x5582c203e818
        0x5582c203e818
        0x5582c203e818
        0x5582c203e818
        0x5582c203e818
        0x5582c203e818
        0x5582c203e818
        0x5582c203e818
        0x5582c203e818
        0x5582c203e818
        0x5582c203e818
        0x5582c203e818
        0x5582c203e818
        0x5582c203e818
        0x5582c203e818
        0x5582c203e818
        0x5582c203e818
        0x5582c203e818
        0x5582c203e818
        0x5582c203e818
]: 1
@preempt_stack[
        0x7feefb9cb77e
        0x110000
        0x5582beeded88
        0x5582beeded88
        0x5582beeded88
        0x5582beeded88
        0x5582beeded88
        0x5582beeded88
        0x5582beeded88
        0x5582beeded88
        0x5582beeded88
        0x5582beeded88
        0x5582beeded88
        0x5582beeded88
        0x5582beeded88
        0x5582beeded88
        0x5582beeded88
        0x5582beeded88
        0x5582beeded88
        0x5582beeded88
        0x5582beeded88
        0x5582beeded88
        0x5582beeded88
        0x5582beeded88
        0x5582beeded88
        0x5582beeded88
        0x5582beeded88
        0x5582beeded88
        0x5582beeded88
        0x5582beeded88
        0x5582beeded88
        0x5582beeded88
        0x5582beeded88
        0x5582beeded88
        0x5582beeded88
        0x5582beeded88
        0x5582beeded88
        0x5582beeded88
        0x5582beeded88
        0x5582beeded88
        0x5582beeded88
        0x5582beeded88
        0x5582beeded88
        0x5582beeded88
        0x5582beeded88
        0x5582beeded88
        0x5582beeded88
        0x5582beeded88
        0x5582beeded88
        0x5582beeded88
        0x5582beeded88
        0x5582beeded88
        0x5582beeded88
        0x5582beeded88
        0x5582beeded88
        0x5582beeded88
        0x5582beeded88
        0x5582beeded88
        0x5582beeded88
        0x5582beeded88
        0x5582beeded88
        0x5582beeded88
        0x5582beeded88
        0x5582beeded88
        0x5582beeded88
        0x5582beeded88
        0x5582beeded88
        0x5582beeded88
        0x5582beeded88
        0x5582beeded88
        0x5582beeded88
        0x5582beeded88
        0x5582beeded88
        0x5582beeded88
        0x5582beeded88
        0x5582beeded88
        0x5582beeded88
        0x5582beeded88
        0x5582beeded88
        0x5582beeded88
        0x5582beeded88
        0x5582beeded88
        0x5582beeded88
        0x5582beeded88
        0x5582beeded88
        0x5582beeded88
        0x5582beeded88
        0x5582beeded88
        0x5582beeded88
        0x5582beeded88
        0x5582beeded88
        0x5582beeded88
        0x5582beeded88
        0x5582beeded88
        0x5582beeded88
        0x5582beeded88
        0x5582beeded88
        0x5582beeded88
        0x5582beeded88
        0x5582beeded88
        0x5582beeded88
        0x5582beeded88
        0x5582beeded88
        0x5582beeded88
        0x5582beeded88
        0x5582beeded88
        0x5582beeded88
        0x5582beeded88
        0x5582beeded88
        0x5582beeded88
        0x5582beeded88
        0x5582beeded88
        0x5582beeded88
        0x5582beeded88
        0x5582beeded88
        0x5582beeded88
        0x5582beeded88
        0x5582beeded88
        0x5582beeded88
        0x5582beeded88
        0x5582beeded88
        0x5582beeded88
        0x5582beeded88
        0x5582beeded88
        0x5582beeded88
        0x5582beeded88
        0x5582beeded88
]: 1
@preempt_stack[
        0x415f8d18
        0x41c2bfc8
        0x41c29574
        0x41c2930c
        0x413821e6
        0x4137da64
        0x7feefb846428
        0x7feefb9e578f
        0x5582be808500
]: 1
@preempt_stack[
        0x7fef9cd1a3c3
        0x7fef00000003
        0x558200000000
]: 1
@preempt_stack[
        mono_class_get_checked+1
]: 1
@preempt_stack[
        0x7fef9cd51ad8
]: 1
@preempt_stack[
        0x7fef9cd203c6
        0x10000
        0x7fef62cafdf0
        0x58
]: 1
@preempt_stack[
        0x7feefb9dcfa3
        0x120000
        0x5582beeb4c98
        0x5582beeb4c98
        0x5582beeb4c98
        0x5582beeb4c98
        0x5582beeb4c98
        0x5582beeb4c98
        0x5582beeb4c98
        0x5582beeb4c98
        0x5582beeb4c98
        0x5582beeb4c98
        0x5582beeb4c98
        0x5582beeb4c98
        0x5582beeb4c98
        0x5582beeb4c98
        0x5582beeb4c98
        0x5582beeb4c98
        0x5582beeb4c98
        0x5582beeb4c98
        0x5582beeb4c98
        0x5582beeb4c98
        0x5582beeb4c98
        0x5582beeb4c98
        0x5582beeb4c98
        0x5582beeb4c98
        0x5582beeb4c98
        0x5582beeb4c98
        0x5582beeb4c98
        0x5582beeb4c98
        0x5582beeb4c98
        0x5582beeb4c98
        0x5582beeb4c98
        0x5582beeb4c98
        0x5582beeb4c98
        0x5582beeb4c98
        0x5582beeb4c98
        0x5582beeb4c98
        0x5582beeb4c98
        0x5582beeb4c98
        0x5582beeb4c98
        0x5582beeb4c98
        0x5582beeb4c98
        0x5582beeb4c98
        0x5582beeb4c98
        0x5582beeb4c98
        0x5582beeb4c98
        0x5582beeb4c98
        0x5582beeb4c98
        0x5582beeb4c98
        0x5582beeb4c98
        0x5582beeb4c98
        0x5582beeb4c98
        0x5582beeb4c98
        0x5582beeb4c98
        0x5582beeb4c98
        0x5582beeb4c98
        0x5582beeb4c98
        0x5582beeb4c98
        0x5582beeb4c98
        0x5582beeb4c98
        0x5582beeb4c98
        0x5582beeb4c98
        0x5582beeb4c98
        0x5582beeb4c98
        0x5582beeb4c98
        0x5582beeb4c98
        0x5582beeb4c98
        0x5582beeb4c98
        0x5582beeb4c98
        0x5582beeb4c98
        0x5582beeb4c98
        0x5582beeb4c98
        0x5582beeb4c98
        0x5582beeb4c98
        0x5582beeb4c98
        0x5582beeb4c98
        0x5582beeb4c98
        0x5582beeb4c98
        0x5582beeb4c98
        0x5582beeb4c98
        0x5582beeb4c98
        0x5582beeb4c98
        0x5582beeb4c98
        0x5582beeb4c98
        0x5582beeb4c98
        0x5582beeb4c98
        0x5582beeb4c98
        0x5582beeb4c98
        0x5582beeb4c98
        0x5582beeb4c98
        0x5582beeb4c98
        0x5582beeb4c98
        0x5582beeb4c98
        0x5582beeb4c98
        0x5582beeb4c98
        0x5582beeb4c98
        0x5582beeb4c98
        0x5582beeb4c98
        0x5582beeb4c98
        0x5582beeb4c98
        0x5582beeb4c98
        0x5582beeb4c98
        0x5582beeb4c98
        0x5582beeb4c98
        0x5582beeb4c98
        0x5582beeb4c98
        0x5582beeb4c98
        0x5582beeb4c98
        0x5582beeb4c98
        0x5582beeb4c98
        0x5582beeb4c98
        0x5582beeb4c98
        0x5582beeb4c98
        0x5582beeb4c98
        0x5582beeb4c98
        0x5582beeb4c98
        0x5582beeb4c98
        0x5582beeb4c98
        0x5582beeb4c98
        0x5582beeb4c98
        0x5582beeb4c98
        0x5582beeb4c98
        0x5582beeb4c98
        0x5582beeb4c98
        0x5582beeb4c98
        0x5582beeb4c98
]: 1
@preempt_stack[
        0x415b970b
        0x416ff934
        0x411407a6
        0x7feefb846428
        0x7feefb9e578f
        0x5582be808500
]: 1
@preempt_stack[
        0x7feefb9e44f9
        0x120000
        0x5582bff15d48
        0x5582bff15d48
        0x5582bff15d48
        0x5582bff15d48
        0x5582bff15d48
        0x5582bff15d48
        0x5582bff15d48
        0x5582bff15d48
        0x5582bff15d48
        0x5582bff15d48
        0x5582bff15d48
        0x5582bff15d48
        0x5582bff15d48
        0x5582bff15d48
        0x5582bff15d48
        0x5582bff15d48
        0x5582bff15d48
        0x5582bff15d48
        0x5582bff15d48
        0x5582bff15d48
        0x5582bff15d48
        0x5582bff15d48
        0x5582bff15d48
        0x5582bff15d48
        0x5582bff15d48
        0x5582bff15d48
        0x5582bff15d48
        0x5582bff15d48
        0x5582bff15d48
        0x5582bff15d48
        0x5582bff15d48
        0x5582bff15d48
        0x5582bff15d48
        0x5582bff15d48
        0x5582bff15d48
        0x5582bff15d48
        0x5582bff15d48
        0x5582bff15d48
        0x5582bff15d48
        0x5582bff15d48
        0x5582bff15d48
        0x5582bff15d48
        0x5582bff15d48
        0x5582bff15d48
        0x5582bff15d48
        0x5582bff15d48
        0x5582bff15d48
        0x5582bff15d48
        0x5582bff15d48
        0x5582bff15d48
        0x5582bff15d48
        0x5582bff15d48
        0x5582bff15d48
        0x5582bff15d48
        0x5582bff15d48
        0x5582bff15d48
        0x5582bff15d48
        0x5582bff15d48
        0x5582bff15d48
        0x5582bff15d48
        0x5582bff15d48
        0x5582bff15d48
        0x5582bff15d48
        0x5582bff15d48
        0x5582bff15d48
        0x5582bff15d48
        0x5582bff15d48
        0x5582bff15d48
        0x5582bff15d48
        0x5582bff15d48
        0x5582bff15d48
        0x5582bff15d48
        0x5582bff15d48
        0x5582bff15d48
        0x5582bff15d48
        0x5582bff15d48
        0x5582bff15d48
        0x5582bff15d48
        0x5582bff15d48
        0x5582bff15d48
        0x5582bff15d48
        0x5582bff15d48
        0x5582bff15d48
        0x5582bff15d48
        0x5582bff15d48
        0x5582bff15d48
        0x5582bff15d48
        0x5582bff15d48
        0x5582bff15d48
        0x5582bff15d48
        0x5582bff15d48
        0x5582bff15d48
        0x5582bff15d48
        0x5582bff15d48
        0x5582bff15d48
        0x5582bff15d48
        0x5582bff15d48
        0x5582bff15d48
        0x5582bff15d48
        0x5582bff15d48
        0x5582bff15d48
        0x5582bff15d48
        0x5582bff15d48
        0x5582bff15d48
        0x5582bff15d48
        0x5582bff15d48
        0x5582bff15d48
        0x5582bff15d48
        0x5582bff15d48
        0x5582bff15d48
        0x5582bff15d48
        0x5582bff15d48
        0x5582bff15d48
        0x5582bff15d48
        0x5582bff15d48
        0x5582bff15d48
        0x5582bff15d48
        0x5582bff15d48
        0x5582bff15d48
        0x5582bff15d48
        0x5582bff15d48
        0x5582bff15d48
        0x5582bff15d48
        0x5582bff15d48
        0x5582bff15d48
]: 1
@preempt_stack[
        0x4111061b
        0x411407a6
        0x7feefb846428
        0x7feefb9e578f
        0x5582be808500
]: 1
@preempt_stack[
        GC_mark_from+455
]: 1
@preempt_stack[
        GC_malloc_kind_global+42
]: 1
@preempt_stack[
        0x41b87e9d
        0x41b87864
        0x416f6adf
        0x7feefb846428
        0x7feefb9e578f
        0x5582be808500
]: 1
@preempt_stack[
        0x7feefb9cb8d8
        0x120000
        0x5582bec7bb18
        0x5582bec7bb18
        0x5582bec7bb18
        0x5582bec7bb18
        0x5582bec7bb18
        0x5582bec7bb18
        0x5582bec7bb18
        0x5582bec7bb18
        0x5582bec7bb18
        0x5582bec7bb18
        0x5582bec7bb18
        0x5582bec7bb18
        0x5582bec7bb18
        0x5582bec7bb18
        0x5582bec7bb18
        0x5582bec7bb18
        0x5582bec7bb18
        0x5582bec7bb18
        0x5582bec7bb18
        0x5582bec7bb18
        0x5582bec7bb18
        0x5582bec7bb18
        0x5582bec7bb18
        0x5582bec7bb18
        0x5582bec7bb18
        0x5582bec7bb18
        0x5582bec7bb18
        0x5582bec7bb18
        0x5582bec7bb18
        0x5582bec7bb18
        0x5582bec7bb18
        0x5582bec7bb18
        0x5582bec7bb18
        0x5582bec7bb18
        0x5582bec7bb18
        0x5582bec7bb18
        0x5582bec7bb18
        0x5582bec7bb18
        0x5582bec7bb18
        0x5582bec7bb18
        0x5582bec7bb18
        0x5582bec7bb18
        0x5582bec7bb18
        0x5582bec7bb18
        0x5582bec7bb18
        0x5582bec7bb18
        0x5582bec7bb18
        0x5582bec7bb18
        0x5582bec7bb18
        0x5582bec7bb18
        0x5582bec7bb18
        0x5582bec7bb18
        0x5582bec7bb18
        0x5582bec7bb18
        0x5582bec7bb18
        0x5582bec7bb18
        0x5582bec7bb18
        0x5582bec7bb18
        0x5582bec7bb18
        0x5582bec7bb18
        0x5582bec7bb18
        0x5582bec7bb18
        0x5582bec7bb18
        0x5582bec7bb18
        0x5582bec7bb18
        0x5582bec7bb18
        0x5582bec7bb18
        0x5582bec7bb18
        0x5582bec7bb18
        0x5582bec7bb18
        0x5582bec7bb18
        0x5582bec7bb18
        0x5582bec7bb18
        0x5582bec7bb18
        0x5582bec7bb18
        0x5582bec7bb18
        0x5582bec7bb18
        0x5582bec7bb18
        0x5582bec7bb18
        0x5582bec7bb18
        0x5582bec7bb18
        0x5582bec7bb18
        0x5582bec7bb18
        0x5582bec7bb18
        0x5582bec7bb18
        0x5582bec7bb18
        0x5582bec7bb18
        0x5582bec7bb18
        0x5582bec7bb18
        0x5582bec7bb18
        0x5582bec7bb18
        0x5582bec7bb18
        0x5582bec7bb18
        0x5582bec7bb18
        0x5582bec7bb18
        0x5582bec7bb18
        0x5582bec7bb18
        0x5582bec7bb18
        0x5582bec7bb18
        0x5582bec7bb18
        0x5582bec7bb18
        0x5582bec7bb18
        0x5582bec7bb18
        0x5582bec7bb18
        0x5582bec7bb18
        0x5582bec7bb18
        0x5582bec7bb18
        0x5582bec7bb18
        0x5582bec7bb18
        0x5582bec7bb18
        0x5582bec7bb18
        0x5582bec7bb18
        0x5582bec7bb18
        0x5582bec7bb18
        0x5582bec7bb18
        0x5582bec7bb18
        0x5582bec7bb18
        0x5582bec7bb18
        0x5582bec7bb18
        0x5582bec7bb18
        0x5582bec7bb18
        0x5582bec7bb18
        0x5582bec7bb18
        0x5582bec7bb18
        0x5582bec7bb18
]: 1
@preempt_stack[
        0x7feefb9cb609
        0x2
        0
        0x5582c1665cb0
]: 1
@preempt_stack[
        0x7fef9d5b6558
]: 1
@preempt_stack[
        0x41cda057
]: 1
@preempt_stack[
        0x7feefb9ce4d8
        0x5582c20297a0
        0x5582c20297a0
        0x5582c20297a0
        0x5582c20297a0
        0x5582c20297a0
        0x5582c20297a0
        0x5582c20297a0
        0x5582c20297a0
        0x5582c20297a0
        0x5582c20297a0
        0x5582c20297a0
        0x5582c20297a0
        0x5582c20297a0
        0x5582c20297a0
        0x5582c20297a0
        0x5582c20297a0
        0x5582c20297a0
        0x5582c20297a0
        0x5582c20297a0
        0x5582c20297a0
        0x5582c20297a0
        0x5582c20297a0
        0x5582c20297a0
        0x5582c20297a0
        0x5582c20297a0
        0x5582c20297a0
        0x5582c20297a0
        0x5582c20297a0
        0x5582c20297a0
        0x5582c20297a0
        0x5582c20297a0
        0x5582c20297a0
        0x5582c20297a0
        0x5582c20297a0
        0x5582c20297a0
        0x5582c20297a0
        0x5582c20297a0
        0x5582c20297a0
        0x5582c20297a0
        0x5582c20297a0
        0x5582c20297a0
        0x5582c20297a0
        0x5582c20297a0
        0x5582c20297a0
        0x5582c20297a0
        0x5582c20297a0
        0x5582c20297a0
        0x5582c20297a0
        0x5582c20297a0
        0x5582c20297a0
        0x5582c20297a0
        0x5582c20297a0
        0x5582c20297a0
        0x5582c20297a0
        0x5582c20297a0
        0x5582c20297a0
        0x5582c20297a0
        0x5582c20297a0
        0x5582c20297a0
        0x5582c20297a0
        0x5582c20297a0
        0x5582c20297a0
        0x5582c20297a0
        0x5582c20297a0
        0x5582c20297a0
        0x5582c20297a0
        0x5582c20297a0
        0x5582c20297a0
        0x5582c20297a0
        0x5582c20297a0
        0x5582c20297a0
        0x5582c20297a0
        0x5582c20297a0
        0x5582c20297a0
        0x5582c20297a0
        0x5582c20297a0
        0x5582c20297a0
        0x5582c20297a0
        0x5582c20297a0
        0x5582c20297a0
        0x5582c20297a0
        0x5582c20297a0
        0x5582c20297a0
        0x5582c20297a0
        0x5582c20297a0
        0x5582c20297a0
        0x5582c20297a0
        0x5582c20297a0
        0x5582c20297a0
        0x5582c20297a0
        0x5582c20297a0
        0x5582c20297a0
        0x5582c20297a0
        0x5582c20297a0
        0x5582c20297a0
        0x5582c20297a0
        0x5582c20297a0
        0x5582c20297a0
        0x5582c20297a0
        0x5582c20297a0
        0x5582c20297a0
        0x5582c20297a0
        0x5582c20297a0
        0x5582c20297a0
        0x5582c20297a0
        0x5582c20297a0
        0x5582c20297a0
        0x5582c20297a0
        0x5582c20297a0
        0x5582c20297a0
        0x5582c20297a0
        0x5582c20297a0
        0x5582c20297a0
        0x5582c20297a0
        0x5582c20297a0
        0x5582c20297a0
        0x5582c20297a0
        0x5582c20297a0
        0x5582c20297a0
        0x5582c20297a0
        0x5582c20297a0
        0x5582c20297a0
        0x5582c20297a0
        0x5582c20297a0
        0x5582c20297a0
        0x5582c20297a0
]: 1
@preempt_stack[
        0x7fef9d6b23a7
]: 1
@preempt_stack[
        0x7fef9d5b2c03
]: 1
@preempt_stack[
        0x7fef9c905ccf
        0
]: 1
@preempt_stack[
        0x7fef9ccdfb03
        0x1
]: 1
@preempt_stack[
        0x7feefb9cb5b8
        0
        0
        0x5582c18fd4d0
]: 1
@preempt_stack[
        0x7fef9ccc6a13
        0x7fef00000003
        0x558200000000
]: 1
@preempt_stack[
        0x7feefba3fa47
]: 1
@preempt_stack[
        0x7feefb9cb75e
        0x120000
        0x5582bff59cc8
        0x5582bff59cc8
        0x5582bff59cc8
        0x5582bff59cc8
        0x5582bff59cc8
        0x5582bff59cc8
        0x5582bff59cc8
        0x5582bff59cc8
        0x5582bff59cc8
        0x5582bff59cc8
        0x5582bff59cc8
        0x5582bff59cc8
        0x5582bff59cc8
        0x5582bff59cc8
        0x5582bff59cc8
        0x5582bff59cc8
        0x5582bff59cc8
        0x5582bff59cc8
        0x5582bff59cc8
        0x5582bff59cc8
        0x5582bff59cc8
        0x5582bff59cc8
        0x5582bff59cc8
        0x5582bff59cc8
        0x5582bff59cc8
        0x5582bff59cc8
        0x5582bff59cc8
        0x5582bff59cc8
        0x5582bff59cc8
        0x5582bff59cc8
        0x5582bff59cc8
        0x5582bff59cc8
        0x5582bff59cc8
        0x5582bff59cc8
        0x5582bff59cc8
        0x5582bff59cc8
        0x5582bff59cc8
        0x5582bff59cc8
        0x5582bff59cc8
        0x5582bff59cc8
        0x5582bff59cc8
        0x5582bff59cc8
        0x5582bff59cc8
        0x5582bff59cc8
        0x5582bff59cc8
        0x5582bff59cc8
        0x5582bff59cc8
        0x5582bff59cc8
        0x5582bff59cc8
        0x5582bff59cc8
        0x5582bff59cc8
        0x5582bff59cc8
        0x5582bff59cc8
        0x5582bff59cc8
        0x5582bff59cc8
        0x5582bff59cc8
        0x5582bff59cc8
        0x5582bff59cc8
        0x5582bff59cc8
        0x5582bff59cc8
        0x5582bff59cc8
        0x5582bff59cc8
        0x5582bff59cc8
        0x5582bff59cc8
        0x5582bff59cc8
        0x5582bff59cc8
        0x5582bff59cc8
        0x5582bff59cc8
        0x5582bff59cc8
        0x5582bff59cc8
        0x5582bff59cc8
        0x5582bff59cc8
        0x5582bff59cc8
        0x5582bff59cc8
        0x5582bff59cc8
        0x5582bff59cc8
        0x5582bff59cc8
        0x5582bff59cc8
        0x5582bff59cc8
        0x5582bff59cc8
        0x5582bff59cc8
        0x5582bff59cc8
        0x5582bff59cc8
        0x5582bff59cc8
        0x5582bff59cc8
        0x5582bff59cc8
        0x5582bff59cc8
        0x5582bff59cc8
        0x5582bff59cc8
        0x5582bff59cc8
        0x5582bff59cc8
        0x5582bff59cc8
        0x5582bff59cc8
        0x5582bff59cc8
        0x5582bff59cc8
        0x5582bff59cc8
        0x5582bff59cc8
        0x5582bff59cc8
        0x5582bff59cc8
        0x5582bff59cc8
        0x5582bff59cc8
        0x5582bff59cc8
        0x5582bff59cc8
        0x5582bff59cc8
        0x5582bff59cc8
        0x5582bff59cc8
        0x5582bff59cc8
        0x5582bff59cc8
        0x5582bff59cc8
        0x5582bff59cc8
        0x5582bff59cc8
        0x5582bff59cc8
        0x5582bff59cc8
        0x5582bff59cc8
        0x5582bff59cc8
        0x5582bff59cc8
        0x5582bff59cc8
        0x5582bff59cc8
        0x5582bff59cc8
        0x5582bff59cc8
        0x5582bff59cc8
        0x5582bff59cc8
        0x5582bff59cc8
        0x5582bff59cc8
        0x5582bff59cc8
]: 1
@preempt_stack[
        0x7fef9c9073e9
]: 1
@preempt_stack[
        0x7fef9c9f5510
        0xea00038ffff6ba2
        0x7fef9ca02410
        0x8348078948011124
]: 1
@preempt_stack[
        0x7fef9babc5d0
        0x7fedb015fef0
]: 1
@preempt_stack[
        0x7fef9c5096aa
        0
        0x1ffc7ff000000001
        0x5582bf38eef0
        0x5582bf38eef0
        0x5582bf38eef0
        0x5582bf38eef0
        0x5582bf38eef0
        0x5582bf38eef0
        0x5582bf38eef0
        0x5582bf38eef0
        0x5582bf38eef0
        0x5582bf38eef0
        0x5582bf38eef0
        0x5582bf38eef0
        0x5582bf38eef0
        0x5582bf38eef0
        0x5582bf38eef0
        0x5582bf38eef0
        0x5582bf38eef0
        0x5582bf38eef0
        0x5582bf38eef0
        0x5582bf38eef0
        0x5582bf38eef0
        0x5582bf38eef0
        0x5582bf38eef0
        0x5582bf38eef0
        0x5582bf38eef0
        0x5582bf38eef0
        0x5582bf38eef0
        0x5582bf38eef0
        0x5582bf38eef0
        0x5582bf38eef0
        0x5582bf38eef0
        0x5582bf38eef0
        0x5582bf38eef0
        0x5582bf38eef0
        0x5582bf38eef0
        0x5582bf38eef0
        0x5582bf38eef0
        0x5582bf38eef0
        0x5582bf38eef0
        0x5582bf38eef0
        0x5582bf38eef0
        0x5582bf38eef0
        0x5582bf38eef0
        0x5582bf38eef0
        0x5582bf38eef0
        0x5582bf38eef0
        0x5582bf38eef0
        0x5582bf38eef0
        0x5582bf38eef0
        0x5582bf38eef0
        0x5582bf38eef0
        0x5582bf38eef0
        0x5582bf38eef0
        0x5582bf38eef0
        0x5582bf38eef0
        0x5582bf38eef0
        0x5582bf38eef0
        0x5582bf38eef0
        0x5582bf38eef0
        0x5582bf38eef0
        0x5582bf38eef0
        0x5582bf38eef0
        0x5582bf38eef0
        0x5582bf38eef0
        0x5582bf38eef0
        0x5582bf38eef0
        0x5582bf38eef0
        0x5582bf38eef0
        0x5582bf38eef0
        0x5582bf38eef0
        0x5582bf38eef0
        0x5582bf38eef0
        0x5582bf38eef0
        0x5582bf38eef0
        0x5582bf38eef0
        0x5582bf38eef0
        0x5582bf38eef0
        0x5582bf38eef0
        0x5582bf38eef0
        0x5582bf38eef0
        0x5582bf38eef0
        0x5582bf38eef0
        0x5582bf38eef0
        0x5582bf38eef0
        0x5582bf38eef0
        0x5582bf38eef0
        0x5582bf38eef0
        0x5582bf38eef0
        0x5582bf38eef0
        0x5582bf38eef0
        0x5582bf38eef0
        0x5582bf38eef0
        0x5582bf38eef0
        0x5582bf38eef0
        0x5582bf38eef0
        0x5582bf38eef0
        0x5582bf38eef0
        0x5582bf38eef0
        0x5582bf38eef0
        0x5582bf38eef0
        0x5582bf38eef0
        0x5582bf38eef0
        0x5582bf38eef0
        0x5582bf38eef0
        0x5582bf38eef0
        0x5582bf38eef0
        0x5582bf38eef0
        0x5582bf38eef0
        0x5582bf38eef0
        0x5582bf38eef0
        0x5582bf38eef0
        0x5582bf38eef0
        0x5582bf38eef0
        0x5582bf38eef0
        0x5582bf38eef0
        0x5582bf38eef0
        0x5582bf38eef0
        0x5582bf38eef0
        0x5582bf38eef0
        0x5582bf38eef0
        0x5582bf38eef0
        0x5582bf38eef0
        0x5582bf38eef0
        0x5582bf38eef0
]: 1
@preempt_stack[
        0x7fef9ccd7b4b
]: 1
@preempt_stack[
        0x41b87bc4
        0x41b87864
        0x416f6adf
        0x7feefb846428
        0x7feefb9e578f
        0x5582be808500
]: 1
@preempt_stack[
        0x7fef9c6d5d3e
]: 1
@preempt_stack[
        0x7feefba0c357
        0
        0
        0x1c00000000000001
        0x5582be7cede8
        0x5582be7cede8
        0x5582be7cede8
        0x5582be7cede8
        0x5582be7cede8
        0x5582be7cede8
        0x5582be7cede8
        0x5582be7cede8
        0x5582be7cede8
        0x5582be7cede8
        0x5582be7cede8
        0x5582be7cede8
        0x5582be7cede8
        0x5582be7cede8
        0x5582be7cede8
        0x5582be7cede8
        0x5582be7cede8
        0x5582be7cede8
        0x5582be7cede8
        0x5582be7cede8
        0x5582be7cede8
        0x5582be7cede8
        0x5582be7cede8
        0x5582be7cede8
        0x5582be7cede8
        0x5582be7cede8
        0x5582be7cede8
        0x5582be7cede8
        0x5582be7cede8
        0x5582be7cede8
        0x5582be7cede8
        0x5582be7cede8
        0x5582be7cede8
        0x5582be7cede8
        0x5582be7cede8
        0x5582be7cede8
        0x5582be7cede8
        0x5582be7cede8
        0x5582be7cede8
        0x5582be7cede8
        0x5582be7cede8
        0x5582be7cede8
        0x5582be7cede8
        0x5582be7cede8
        0x5582be7cede8
        0x5582be7cede8
        0x5582be7cede8
        0x5582be7cede8
        0x5582be7cede8
        0x5582be7cede8
        0x5582be7cede8
        0x5582be7cede8
        0x5582be7cede8
        0x5582be7cede8
        0x5582be7cede8
        0x5582be7cede8
        0x5582be7cede8
        0x5582be7cede8
        0x5582be7cede8
        0x5582be7cede8
        0x5582be7cede8
        0x5582be7cede8
        0x5582be7cede8
        0x5582be7cede8
        0x5582be7cede8
        0x5582be7cede8
        0x5582be7cede8
        0x5582be7cede8
        0x5582be7cede8
        0x5582be7cede8
        0x5582be7cede8
        0x5582be7cede8
        0x5582be7cede8
        0x5582be7cede8
        0x5582be7cede8
        0x5582be7cede8
        0x5582be7cede8
        0x5582be7cede8
        0x5582be7cede8
        0x5582be7cede8
        0x5582be7cede8
        0x5582be7cede8
        0x5582be7cede8
        0x5582be7cede8
        0x5582be7cede8
        0x5582be7cede8
        0x5582be7cede8
        0x5582be7cede8
        0x5582be7cede8
        0x5582be7cede8
        0x5582be7cede8
        0x5582be7cede8
        0x5582be7cede8
        0x5582be7cede8
        0x5582be7cede8
        0x5582be7cede8
        0x5582be7cede8
        0x5582be7cede8
        0x5582be7cede8
        0x5582be7cede8
        0x5582be7cede8
        0x5582be7cede8
        0x5582be7cede8
        0x5582be7cede8
        0x5582be7cede8
        0x5582be7cede8
        0x5582be7cede8
        0x5582be7cede8
        0x5582be7cede8
        0x5582be7cede8
        0x5582be7cede8
        0x5582be7cede8
        0x5582be7cede8
        0x5582be7cede8
        0x5582be7cede8
        0x5582be7cede8
        0x5582be7cede8
        0x5582be7cede8
        0x5582be7cede8
        0x5582be7cede8
        0x5582be7cede8
        0x5582be7cede8
        0x5582be7cede8
]: 1
@preempt_stack[
        0x7fef9cd5178c
]: 1
@preempt_stack[
        0x413bca33
]: 1
@preempt_stack[
        0x7fef9cdcb020
        0x7fef60c608d0
]: 1
@preempt_stack[
        0x7feefb8b5f10
]: 1
@preempt_stack[
        mono_metadata_type_hash+106
        0x120000
        0x5582bf3b7790
        0x5582bf3b7790
        0x5582bf3b7790
        0x5582bf3b7790
        0x5582bf3b7790
        0x5582bf3b7790
        0x5582bf3b7790
        0x5582bf3b7790
        0x5582bf3b7790
        0x5582bf3b7790
        0x5582bf3b7790
        0x5582bf3b7790
        0x5582bf3b7790
        0x5582bf3b7790
        0x5582bf3b7790
        0x5582bf3b7790
        0x5582bf3b7790
        0x5582bf3b7790
        0x5582bf3b7790
        0x5582bf3b7790
        0x5582bf3b7790
        0x5582bf3b7790
        0x5582bf3b7790
        0x5582bf3b7790
        0x5582bf3b7790
        0x5582bf3b7790
        0x5582bf3b7790
        0x5582bf3b7790
        0x5582bf3b7790
        0x5582bf3b7790
        0x5582bf3b7790
        0x5582bf3b7790
        0x5582bf3b7790
        0x5582bf3b7790
        0x5582bf3b7790
        0x5582bf3b7790
        0x5582bf3b7790
        0x5582bf3b7790
        0x5582bf3b7790
        0x5582bf3b7790
        0x5582bf3b7790
        0x5582bf3b7790
        0x5582bf3b7790
        0x5582bf3b7790
        0x5582bf3b7790
        0x5582bf3b7790
        0x5582bf3b7790
        0x5582bf3b7790
        0x5582bf3b7790
        0x5582bf3b7790
        0x5582bf3b7790
        0x5582bf3b7790
        0x5582bf3b7790
        0x5582bf3b7790
        0x5582bf3b7790
        0x5582bf3b7790
        0x5582bf3b7790
        0x5582bf3b7790
        0x5582bf3b7790
        0x5582bf3b7790
        0x5582bf3b7790
        0x5582bf3b7790
        0x5582bf3b7790
        0x5582bf3b7790
        0x5582bf3b7790
        0x5582bf3b7790
        0x5582bf3b7790
        0x5582bf3b7790
        0x5582bf3b7790
        0x5582bf3b7790
        0x5582bf3b7790
        0x5582bf3b7790
        0x5582bf3b7790
        0x5582bf3b7790
        0x5582bf3b7790
        0x5582bf3b7790
        0x5582bf3b7790
        0x5582bf3b7790
        0x5582bf3b7790
        0x5582bf3b7790
        0x5582bf3b7790
        0x5582bf3b7790
        0x5582bf3b7790
        0x5582bf3b7790
        0x5582bf3b7790
        0x5582bf3b7790
        0x5582bf3b7790
        0x5582bf3b7790
        0x5582bf3b7790
        0x5582bf3b7790
        0x5582bf3b7790
        0x5582bf3b7790
        0x5582bf3b7790
        0x5582bf3b7790
        0x5582bf3b7790
        0x5582bf3b7790
        0x5582bf3b7790
        0x5582bf3b7790
        0x5582bf3b7790
        0x5582bf3b7790
        0x5582bf3b7790
        0x5582bf3b7790
        0x5582bf3b7790
        0x5582bf3b7790
        0x5582bf3b7790
        0x5582bf3b7790
        0x5582bf3b7790
        0x5582bf3b7790
        0x5582bf3b7790
        0x5582bf3b7790
        0x5582bf3b7790
        0x5582bf3b7790
        0x5582bf3b7790
        0x5582bf3b7790
        0x5582bf3b7790
        0x5582bf3b7790
        0x5582bf3b7790
        0x5582bf3b7790
        0x5582bf3b7790
        0x5582bf3b7790
        0x5582bf3b7790
        0x5582bf3b7790
        0x5582bf3b7790
        0x5582bf3b7790
        0x5582bf3b7790
]: 1
@preempt_stack[
        0x7feefb9e44f9
        0x120000
        0x5582c13d57a8
        0x5582c13d57a8
        0x5582c13d57a8
        0x5582c13d57a8
        0x5582c13d57a8
        0x5582c13d57a8
        0x5582c13d57a8
        0x5582c13d57a8
        0x5582c13d57a8
        0x5582c13d57a8
        0x5582c13d57a8
        0x5582c13d57a8
        0x5582c13d57a8
        0x5582c13d57a8
        0x5582c13d57a8
        0x5582c13d57a8
        0x5582c13d57a8
        0x5582c13d57a8
        0x5582c13d57a8
        0x5582c13d57a8
        0x5582c13d57a8
        0x5582c13d57a8
        0x5582c13d57a8
        0x5582c13d57a8
        0x5582c13d57a8
        0x5582c13d57a8
        0x5582c13d57a8
        0x5582c13d57a8
        0x5582c13d57a8
        0x5582c13d57a8
        0x5582c13d57a8
        0x5582c13d57a8
        0x5582c13d57a8
        0x5582c13d57a8
        0x5582c13d57a8
        0x5582c13d57a8
        0x5582c13d57a8
        0x5582c13d57a8
        0x5582c13d57a8
        0x5582c13d57a8
        0x5582c13d57a8
        0x5582c13d57a8
        0x5582c13d57a8
        0x5582c13d57a8
        0x5582c13d57a8
        0x5582c13d57a8
        0x5582c13d57a8
        0x5582c13d57a8
        0x5582c13d57a8
        0x5582c13d57a8
        0x5582c13d57a8
        0x5582c13d57a8
        0x5582c13d57a8
        0x5582c13d57a8
        0x5582c13d57a8
        0x5582c13d57a8
        0x5582c13d57a8
        0x5582c13d57a8
        0x5582c13d57a8
        0x5582c13d57a8
        0x5582c13d57a8
        0x5582c13d57a8
        0x5582c13d57a8
        0x5582c13d57a8
        0x5582c13d57a8
        0x5582c13d57a8
        0x5582c13d57a8
        0x5582c13d57a8
        0x5582c13d57a8
        0x5582c13d57a8
        0x5582c13d57a8
        0x5582c13d57a8
        0x5582c13d57a8
        0x5582c13d57a8
        0x5582c13d57a8
        0x5582c13d57a8
        0x5582c13d57a8
        0x5582c13d57a8
        0x5582c13d57a8
        0x5582c13d57a8
        0x5582c13d57a8
        0x5582c13d57a8
        0x5582c13d57a8
        0x5582c13d57a8
        0x5582c13d57a8
        0x5582c13d57a8
        0x5582c13d57a8
        0x5582c13d57a8
        0x5582c13d57a8
        0x5582c13d57a8
        0x5582c13d57a8
        0x5582c13d57a8
        0x5582c13d57a8
        0x5582c13d57a8
        0x5582c13d57a8
        0x5582c13d57a8
        0x5582c13d57a8
        0x5582c13d57a8
        0x5582c13d57a8
        0x5582c13d57a8
        0x5582c13d57a8
        0x5582c13d57a8
        0x5582c13d57a8
        0x5582c13d57a8
        0x5582c13d57a8
        0x5582c13d57a8
        0x5582c13d57a8
        0x5582c13d57a8
        0x5582c13d57a8
        0x5582c13d57a8
        0x5582c13d57a8
        0x5582c13d57a8
        0x5582c13d57a8
        0x5582c13d57a8
        0x5582c13d57a8
        0x5582c13d57a8
        0x5582c13d57a8
        0x5582c13d57a8
        0x5582c13d57a8
        0x5582c13d57a8
        0x5582c13d57a8
        0x5582c13d57a8
        0x5582c13d57a8
        0x5582c13d57a8
        0x5582c13d57a8
]: 1
@preempt_stack[
        0x7fef9c9075e0
        0
]: 1
@preempt_stack[
        0x7feefb9cb5b8
        0
        0
        0x5582c0ae5d40
]: 1
@preempt_stack[
        __pthread_mutex_unlock+7
        0
        0x1c00000000000001
        0x5582be7cede8
        0x5582be7cede8
        0x5582be7cede8
        0x5582be7cede8
        0x5582be7cede8
        0x5582be7cede8
        0x5582be7cede8
        0x5582be7cede8
        0x5582be7cede8
        0x5582be7cede8
        0x5582be7cede8
        0x5582be7cede8
        0x5582be7cede8
        0x5582be7cede8
        0x5582be7cede8
        0x5582be7cede8
        0x5582be7cede8
        0x5582be7cede8
        0x5582be7cede8
        0x5582be7cede8
        0x5582be7cede8
        0x5582be7cede8
        0x5582be7cede8
        0x5582be7cede8
        0x5582be7cede8
        0x5582be7cede8
        0x5582be7cede8
        0x5582be7cede8
        0x5582be7cede8
        0x5582be7cede8
        0x5582be7cede8
        0x5582be7cede8
        0x5582be7cede8
        0x5582be7cede8
        0x5582be7cede8
        0x5582be7cede8
        0x5582be7cede8
        0x5582be7cede8
        0x5582be7cede8
        0x5582be7cede8
        0x5582be7cede8
        0x5582be7cede8
        0x5582be7cede8
        0x5582be7cede8
        0x5582be7cede8
        0x5582be7cede8
        0x5582be7cede8
        0x5582be7cede8
        0x5582be7cede8
        0x5582be7cede8
        0x5582be7cede8
        0x5582be7cede8
        0x5582be7cede8
        0x5582be7cede8
        0x5582be7cede8
        0x5582be7cede8
        0x5582be7cede8
        0x5582be7cede8
        0x5582be7cede8
        0x5582be7cede8
        0x5582be7cede8
        0x5582be7cede8
        0x5582be7cede8
        0x5582be7cede8
        0x5582be7cede8
        0x5582be7cede8
        0x5582be7cede8
        0x5582be7cede8
        0x5582be7cede8
        0x5582be7cede8
        0x5582be7cede8
        0x5582be7cede8
        0x5582be7cede8
        0x5582be7cede8
        0x5582be7cede8
        0x5582be7cede8
        0x5582be7cede8
        0x5582be7cede8
        0x5582be7cede8
        0x5582be7cede8
        0x5582be7cede8
        0x5582be7cede8
        0x5582be7cede8
        0x5582be7cede8
        0x5582be7cede8
        0x5582be7cede8
        0x5582be7cede8
        0x5582be7cede8
        0x5582be7cede8
        0x5582be7cede8
        0x5582be7cede8
        0x5582be7cede8
        0x5582be7cede8
        0x5582be7cede8
        0x5582be7cede8
        0x5582be7cede8
        0x5582be7cede8
        0x5582be7cede8
        0x5582be7cede8
        0x5582be7cede8
        0x5582be7cede8
        0x5582be7cede8
        0x5582be7cede8
        0x5582be7cede8
        0x5582be7cede8
        0x5582be7cede8
        0x5582be7cede8
        0x5582be7cede8
        0x5582be7cede8
        0x5582be7cede8
        0x5582be7cede8
        0x5582be7cede8
        0x5582be7cede8
        0x5582be7cede8
        0x5582be7cede8
        0x5582be7cede8
        0x5582be7cede8
        0x5582be7cede8
        0x5582be7cede8
        0x5582be7cede8
        0x5582be7cede8
        0x5582be7cede8
        0x5582be7cede8
        0x5582be7cede8
]: 1
@preempt_stack[
        0x7feefb9acbcc
        0
]: 1
@preempt_stack[
        0x41240dda
        0x411407a6
        0x7feefb846428
        0x7feefb9e578f
        0x5582be808500
]: 1
@preempt_stack[
        0x7fef9ccd7a7e
        0xd010d040d02
]: 1
@preempt_stack[
        0x7fef9cba8984
]: 1
@preempt_stack[
        0x41cda085
]: 1
@preempt_stack[
        0x415b9d8d
        0x4148481c
        0x413e8368
        0x416ff934
        0x411407a6
        0x7feefb846428
        0x7feefb9e578f
        0x5582be808500
]: 1
@preempt_stack[
        0x7feefb9cb78e
        0x130000
        0
        0
        0x5582be7ae040
]: 1
@preempt_stack[
        0x7feefb9cb64f
        0x130000
        0x1
        0
        0x5582c1950bc0
]: 1
@preempt_stack[
        0x7fef9cd4ed1b
]: 1
@preempt_stack[
        mono_class_from_mono_type_internal+13
        0x120000
        0x5582bffc6b88
        0x5582bffc6b88
        0x5582bffc6b88
        0x5582bffc6b88
        0x5582bffc6b88
        0x5582bffc6b88
        0x5582bffc6b88
        0x5582bffc6b88
        0x5582bffc6b88
        0x5582bffc6b88
        0x5582bffc6b88
        0x5582bffc6b88
        0x5582bffc6b88
        0x5582bffc6b88
        0x5582bffc6b88
        0x5582bffc6b88
        0x5582bffc6b88
        0x5582bffc6b88
        0x5582bffc6b88
        0x5582bffc6b88
        0x5582bffc6b88
        0x5582bffc6b88
        0x5582bffc6b88
        0x5582bffc6b88
        0x5582bffc6b88
        0x5582bffc6b88
        0x5582bffc6b88
        0x5582bffc6b88
        0x5582bffc6b88
        0x5582bffc6b88
        0x5582bffc6b88
        0x5582bffc6b88
        0x5582bffc6b88
        0x5582bffc6b88
        0x5582bffc6b88
        0x5582bffc6b88
        0x5582bffc6b88
        0x5582bffc6b88
        0x5582bffc6b88
        0x5582bffc6b88
        0x5582bffc6b88
        0x5582bffc6b88
        0x5582bffc6b88
        0x5582bffc6b88
        0x5582bffc6b88
        0x5582bffc6b88
        0x5582bffc6b88
        0x5582bffc6b88
        0x5582bffc6b88
        0x5582bffc6b88
        0x5582bffc6b88
        0x5582bffc6b88
        0x5582bffc6b88
        0x5582bffc6b88
        0x5582bffc6b88
        0x5582bffc6b88
        0x5582bffc6b88
        0x5582bffc6b88
        0x5582bffc6b88
        0x5582bffc6b88
        0x5582bffc6b88
        0x5582bffc6b88
        0x5582bffc6b88
        0x5582bffc6b88
        0x5582bffc6b88
        0x5582bffc6b88
        0x5582bffc6b88
        0x5582bffc6b88
        0x5582bffc6b88
        0x5582bffc6b88
        0x5582bffc6b88
        0x5582bffc6b88
        0x5582bffc6b88
        0x5582bffc6b88
        0x5582bffc6b88
        0x5582bffc6b88
        0x5582bffc6b88
        0x5582bffc6b88
        0x5582bffc6b88
        0x5582bffc6b88
        0x5582bffc6b88
        0x5582bffc6b88
        0x5582bffc6b88
        0x5582bffc6b88
        0x5582bffc6b88
        0x5582bffc6b88
        0x5582bffc6b88
        0x5582bffc6b88
        0x5582bffc6b88
        0x5582bffc6b88
        0x5582bffc6b88
        0x5582bffc6b88
        0x5582bffc6b88
        0x5582bffc6b88
        0x5582bffc6b88
        0x5582bffc6b88
        0x5582bffc6b88
        0x5582bffc6b88
        0x5582bffc6b88
        0x5582bffc6b88
        0x5582bffc6b88
        0x5582bffc6b88
        0x5582bffc6b88
        0x5582bffc6b88
        0x5582bffc6b88
        0x5582bffc6b88
        0x5582bffc6b88
        0x5582bffc6b88
        0x5582bffc6b88
        0x5582bffc6b88
        0x5582bffc6b88
        0x5582bffc6b88
        0x5582bffc6b88
        0x5582bffc6b88
        0x5582bffc6b88
        0x5582bffc6b88
        0x5582bffc6b88
        0x5582bffc6b88
        0x5582bffc6b88
        0x5582bffc6b88
        0x5582bffc6b88
        0x5582bffc6b88
        0x5582bffc6b88
        0x5582bffc6b88
        0x5582bffc6b88
]: 1
@preempt_stack[
        0x41c25a50
]: 1
@preempt_stack[
        0x7feefb9cb8e4
        0x130000
        0x1
        0
        0x5582c1f1c9e0
]: 1
@preempt_stack[
        mono_class_get_checked+31
]: 1
@preempt_stack[
        0x7fef9d5b21cf
        0
]: 1
@preempt_stack[
        0x7fef9c4f6a04
]: 1
@preempt_stack[
        0x41cd73ec
        0x41cd5458
        0x41cd52e0
        0x41ccfb84
        0
        0
        0x5582bf3bc3a8
        0x5582bf3bc3a8
        0x5582bf3bc3a8
        0x5582bf3bc3a8
        0x5582bf3bc3a8
        0x5582bf3bc3a8
        0x5582bf3bc3a8
        0x5582bf3bc3a8
        0x5582bf3bc3a8
        0x5582bf3bc3a8
        0x5582bf3bc3a8
        0x5582bf3bc3a8
        0x5582bf3bc3a8
        0x5582bf3bc3a8
        0x5582bf3bc3a8
        0x5582bf3bc3a8
        0x5582bf3bc3a8
        0x5582bf3bc3a8
        0x5582bf3bc3a8
        0x5582bf3bc3a8
        0x5582bf3bc3a8
        0x5582bf3bc3a8
        0x5582bf3bc3a8
        0x5582bf3bc3a8
        0x5582bf3bc3a8
        0x5582bf3bc3a8
        0x5582bf3bc3a8
        0x5582bf3bc3a8
        0x5582bf3bc3a8
        0x5582bf3bc3a8
        0x5582bf3bc3a8
        0x5582bf3bc3a8
        0x5582bf3bc3a8
        0x5582bf3bc3a8
        0x5582bf3bc3a8
        0x5582bf3bc3a8
        0x5582bf3bc3a8
        0x5582bf3bc3a8
        0x5582bf3bc3a8
        0x5582bf3bc3a8
        0x5582bf3bc3a8
        0x5582bf3bc3a8
        0x5582bf3bc3a8
        0x5582bf3bc3a8
        0x5582bf3bc3a8
        0x5582bf3bc3a8
        0x5582bf3bc3a8
        0x5582bf3bc3a8
        0x5582bf3bc3a8
        0x5582bf3bc3a8
        0x5582bf3bc3a8
        0x5582bf3bc3a8
        0x5582bf3bc3a8
        0x5582bf3bc3a8
        0x5582bf3bc3a8
        0x5582bf3bc3a8
        0x5582bf3bc3a8
        0x5582bf3bc3a8
        0x5582bf3bc3a8
        0x5582bf3bc3a8
        0x5582bf3bc3a8
        0x5582bf3bc3a8
        0x5582bf3bc3a8
        0x5582bf3bc3a8
        0x5582bf3bc3a8
        0x5582bf3bc3a8
        0x5582bf3bc3a8
        0x5582bf3bc3a8
        0x5582bf3bc3a8
        0x5582bf3bc3a8
        0x5582bf3bc3a8
        0x5582bf3bc3a8
        0x5582bf3bc3a8
        0x5582bf3bc3a8
        0x5582bf3bc3a8
        0x5582bf3bc3a8
        0x5582bf3bc3a8
        0x5582bf3bc3a8
        0x5582bf3bc3a8
        0x5582bf3bc3a8
        0x5582bf3bc3a8
        0x5582bf3bc3a8
        0x5582bf3bc3a8
        0x5582bf3bc3a8
        0x5582bf3bc3a8
        0x5582bf3bc3a8
        0x5582bf3bc3a8
        0x5582bf3bc3a8
        0x5582bf3bc3a8
        0x5582bf3bc3a8
        0x5582bf3bc3a8
        0x5582bf3bc3a8
        0x5582bf3bc3a8
        0x5582bf3bc3a8
        0x5582bf3bc3a8
        0x5582bf3bc3a8
        0x5582bf3bc3a8
        0x5582bf3bc3a8
        0x5582bf3bc3a8
        0x5582bf3bc3a8
        0x5582bf3bc3a8
        0x5582bf3bc3a8
        0x5582bf3bc3a8
        0x5582bf3bc3a8
        0x5582bf3bc3a8
        0x5582bf3bc3a8
        0x5582bf3bc3a8
        0x5582bf3bc3a8
        0x5582bf3bc3a8
        0x5582bf3bc3a8
        0x5582bf3bc3a8
        0x5582bf3bc3a8
        0x5582bf3bc3a8
        0x5582bf3bc3a8
        0x5582bf3bc3a8
        0x5582bf3bc3a8
        0x5582bf3bc3a8
        0x5582bf3bc3a8
        0x5582bf3bc3a8
        0x5582bf3bc3a8
        0x5582bf3bc3a8
]: 1
@preempt_stack[
        0x7feefb9ce4d8
        0x5582c1fc0bc0
        0x5582c1fc0bc0
        0x5582c1fc0bc0
        0x5582c1fc0bc0
        0x5582c1fc0bc0
        0x5582c1fc0bc0
        0x5582c1fc0bc0
        0x5582c1fc0bc0
        0x5582c1fc0bc0
        0x5582c1fc0bc0
        0x5582c1fc0bc0
        0x5582c1fc0bc0
        0x5582c1fc0bc0
        0x5582c1fc0bc0
        0x5582c1fc0bc0
        0x5582c1fc0bc0
        0x5582c1fc0bc0
        0x5582c1fc0bc0
        0x5582c1fc0bc0
        0x5582c1fc0bc0
        0x5582c1fc0bc0
        0x5582c1fc0bc0
        0x5582c1fc0bc0
        0x5582c1fc0bc0
        0x5582c1fc0bc0
        0x5582c1fc0bc0
        0x5582c1fc0bc0
        0x5582c1fc0bc0
        0x5582c1fc0bc0
        0x5582c1fc0bc0
        0x5582c1fc0bc0
        0x5582c1fc0bc0
        0x5582c1fc0bc0
        0x5582c1fc0bc0
        0x5582c1fc0bc0
        0x5582c1fc0bc0
        0x5582c1fc0bc0
        0x5582c1fc0bc0
        0x5582c1fc0bc0
        0x5582c1fc0bc0
        0x5582c1fc0bc0
        0x5582c1fc0bc0
        0x5582c1fc0bc0
        0x5582c1fc0bc0
        0x5582c1fc0bc0
        0x5582c1fc0bc0
        0x5582c1fc0bc0
        0x5582c1fc0bc0
        0x5582c1fc0bc0
        0x5582c1fc0bc0
        0x5582c1fc0bc0
        0x5582c1fc0bc0
        0x5582c1fc0bc0
        0x5582c1fc0bc0
        0x5582c1fc0bc0
        0x5582c1fc0bc0
        0x5582c1fc0bc0
        0x5582c1fc0bc0
        0x5582c1fc0bc0
        0x5582c1fc0bc0
        0x5582c1fc0bc0
        0x5582c1fc0bc0
        0x5582c1fc0bc0
        0x5582c1fc0bc0
        0x5582c1fc0bc0
        0x5582c1fc0bc0
        0x5582c1fc0bc0
        0x5582c1fc0bc0
        0x5582c1fc0bc0
        0x5582c1fc0bc0
        0x5582c1fc0bc0
        0x5582c1fc0bc0
        0x5582c1fc0bc0
        0x5582c1fc0bc0
        0x5582c1fc0bc0
        0x5582c1fc0bc0
        0x5582c1fc0bc0
        0x5582c1fc0bc0
        0x5582c1fc0bc0
        0x5582c1fc0bc0
        0x5582c1fc0bc0
        0x5582c1fc0bc0
        0x5582c1fc0bc0
        0x5582c1fc0bc0
        0x5582c1fc0bc0
        0x5582c1fc0bc0
        0x5582c1fc0bc0
        0x5582c1fc0bc0
        0x5582c1fc0bc0
        0x5582c1fc0bc0
        0x5582c1fc0bc0
        0x5582c1fc0bc0
        0x5582c1fc0bc0
        0x5582c1fc0bc0
        0x5582c1fc0bc0
        0x5582c1fc0bc0
        0x5582c1fc0bc0
        0x5582c1fc0bc0
        0x5582c1fc0bc0
        0x5582c1fc0bc0
        0x5582c1fc0bc0
        0x5582c1fc0bc0
        0x5582c1fc0bc0
        0x5582c1fc0bc0
        0x5582c1fc0bc0
        0x5582c1fc0bc0
        0x5582c1fc0bc0
        0x5582c1fc0bc0
        0x5582c1fc0bc0
        0x5582c1fc0bc0
        0x5582c1fc0bc0
        0x5582c1fc0bc0
        0x5582c1fc0bc0
        0x5582c1fc0bc0
        0x5582c1fc0bc0
        0x5582c1fc0bc0
        0x5582c1fc0bc0
        0x5582c1fc0bc0
        0x5582c1fc0bc0
        0x5582c1fc0bc0
        0x5582c1fc0bc0
        0x5582c1fc0bc0
        0x5582c1fc0bc0
        0x5582c1fc0bc0
        0x5582c1fc0bc0
        0x5582c1fc0bc0
]: 1
@preempt_stack[
        0x7fef9cd2061c
        0x7fef0000008d
        0x558200000000
]: 1
@preempt_stack[
        0x41b87117
        0x41b87864
        0x416f6adf
        0x7feefb846428
        0x7feefb9e578f
        0x5582be808500
]: 1
@preempt_stack[
        mono_class_from_mono_type_internal+13
        0x120000
        0x5582bf5f4ff8
        0x5582bf5f4ff8
        0x5582bf5f4ff8
        0x5582bf5f4ff8
        0x5582bf5f4ff8
        0x5582bf5f4ff8
        0x5582bf5f4ff8
        0x5582bf5f4ff8
        0x5582bf5f4ff8
        0x5582bf5f4ff8
        0x5582bf5f4ff8
        0x5582bf5f4ff8
        0x5582bf5f4ff8
        0x5582bf5f4ff8
        0x5582bf5f4ff8
        0x5582bf5f4ff8
        0x5582bf5f4ff8
        0x5582bf5f4ff8
        0x5582bf5f4ff8
        0x5582bf5f4ff8
        0x5582bf5f4ff8
        0x5582bf5f4ff8
        0x5582bf5f4ff8
        0x5582bf5f4ff8
        0x5582bf5f4ff8
        0x5582bf5f4ff8
        0x5582bf5f4ff8
        0x5582bf5f4ff8
        0x5582bf5f4ff8
        0x5582bf5f4ff8
        0x5582bf5f4ff8
        0x5582bf5f4ff8
        0x5582bf5f4ff8
        0x5582bf5f4ff8
        0x5582bf5f4ff8
        0x5582bf5f4ff8
        0x5582bf5f4ff8
        0x5582bf5f4ff8
        0x5582bf5f4ff8
        0x5582bf5f4ff8
        0x5582bf5f4ff8
        0x5582bf5f4ff8
        0x5582bf5f4ff8
        0x5582bf5f4ff8
        0x5582bf5f4ff8
        0x5582bf5f4ff8
        0x5582bf5f4ff8
        0x5582bf5f4ff8
        0x5582bf5f4ff8
        0x5582bf5f4ff8
        0x5582bf5f4ff8
        0x5582bf5f4ff8
        0x5582bf5f4ff8
        0x5582bf5f4ff8
        0x5582bf5f4ff8
        0x5582bf5f4ff8
        0x5582bf5f4ff8
        0x5582bf5f4ff8
        0x5582bf5f4ff8
        0x5582bf5f4ff8
        0x5582bf5f4ff8
        0x5582bf5f4ff8
        0x5582bf5f4ff8
        0x5582bf5f4ff8
        0x5582bf5f4ff8
        0x5582bf5f4ff8
        0x5582bf5f4ff8
        0x5582bf5f4ff8
        0x5582bf5f4ff8
        0x5582bf5f4ff8
        0x5582bf5f4ff8
        0x5582bf5f4ff8
        0x5582bf5f4ff8
        0x5582bf5f4ff8
        0x5582bf5f4ff8
        0x5582bf5f4ff8
        0x5582bf5f4ff8
        0x5582bf5f4ff8
        0x5582bf5f4ff8
        0x5582bf5f4ff8
        0x5582bf5f4ff8
        0x5582bf5f4ff8
        0x5582bf5f4ff8
        0x5582bf5f4ff8
        0x5582bf5f4ff8
        0x5582bf5f4ff8
        0x5582bf5f4ff8
        0x5582bf5f4ff8
        0x5582bf5f4ff8
        0x5582bf5f4ff8
        0x5582bf5f4ff8
        0x5582bf5f4ff8
        0x5582bf5f4ff8
        0x5582bf5f4ff8
        0x5582bf5f4ff8
        0x5582bf5f4ff8
        0x5582bf5f4ff8
        0x5582bf5f4ff8
        0x5582bf5f4ff8
        0x5582bf5f4ff8
        0x5582bf5f4ff8
        0x5582bf5f4ff8
        0x5582bf5f4ff8
        0x5582bf5f4ff8
        0x5582bf5f4ff8
        0x5582bf5f4ff8
        0x5582bf5f4ff8
        0x5582bf5f4ff8
        0x5582bf5f4ff8
        0x5582bf5f4ff8
        0x5582bf5f4ff8
        0x5582bf5f4ff8
        0x5582bf5f4ff8
        0x5582bf5f4ff8
        0x5582bf5f4ff8
        0x5582bf5f4ff8
        0x5582bf5f4ff8
        0x5582bf5f4ff8
        0x5582bf5f4ff8
        0x5582bf5f4ff8
        0x5582bf5f4ff8
        0x5582bf5f4ff8
        0x5582bf5f4ff8
        0x5582bf5f4ff8
        0x5582bf5f4ff8
]: 1
@preempt_stack[
        0x7feefb9ce4f8
        0x5582bffc7598
        0x5582bffc7598
        0x5582bffc7598
        0x5582bffc7598
        0x5582bffc7598
        0x5582bffc7598
        0x5582bffc7598
        0x5582bffc7598
        0x5582bffc7598
        0x5582bffc7598
        0x5582bffc7598
        0x5582bffc7598
        0x5582bffc7598
        0x5582bffc7598
        0x5582bffc7598
        0x5582bffc7598
        0x5582bffc7598
        0x5582bffc7598
        0x5582bffc7598
        0x5582bffc7598
        0x5582bffc7598
        0x5582bffc7598
        0x5582bffc7598
        0x5582bffc7598
        0x5582bffc7598
        0x5582bffc7598
        0x5582bffc7598
        0x5582bffc7598
        0x5582bffc7598
        0x5582bffc7598
        0x5582bffc7598
        0x5582bffc7598
        0x5582bffc7598
        0x5582bffc7598
        0x5582bffc7598
        0x5582bffc7598
        0x5582bffc7598
        0x5582bffc7598
        0x5582bffc7598
        0x5582bffc7598
        0x5582bffc7598
        0x5582bffc7598
        0x5582bffc7598
        0x5582bffc7598
        0x5582bffc7598
        0x5582bffc7598
        0x5582bffc7598
        0x5582bffc7598
        0x5582bffc7598
        0x5582bffc7598
        0x5582bffc7598
        0x5582bffc7598
        0x5582bffc7598
        0x5582bffc7598
        0x5582bffc7598
        0x5582bffc7598
        0x5582bffc7598
        0x5582bffc7598
        0x5582bffc7598
        0x5582bffc7598
        0x5582bffc7598
        0x5582bffc7598
        0x5582bffc7598
        0x5582bffc7598
        0x5582bffc7598
        0x5582bffc7598
        0x5582bffc7598
        0x5582bffc7598
        0x5582bffc7598
        0x5582bffc7598
        0x5582bffc7598
        0x5582bffc7598
        0x5582bffc7598
        0x5582bffc7598
        0x5582bffc7598
        0x5582bffc7598
        0x5582bffc7598
        0x5582bffc7598
        0x5582bffc7598
        0x5582bffc7598
        0x5582bffc7598
        0x5582bffc7598
        0x5582bffc7598
        0x5582bffc7598
        0x5582bffc7598
        0x5582bffc7598
        0x5582bffc7598
        0x5582bffc7598
        0x5582bffc7598
        0x5582bffc7598
        0x5582bffc7598
        0x5582bffc7598
        0x5582bffc7598
        0x5582bffc7598
        0x5582bffc7598
        0x5582bffc7598
        0x5582bffc7598
        0x5582bffc7598
        0x5582bffc7598
        0x5582bffc7598
        0x5582bffc7598
        0x5582bffc7598
        0x5582bffc7598
        0x5582bffc7598
        0x5582bffc7598
        0x5582bffc7598
        0x5582bffc7598
        0x5582bffc7598
        0x5582bffc7598
        0x5582bffc7598
        0x5582bffc7598
        0x5582bffc7598
        0x5582bffc7598
        0x5582bffc7598
        0x5582bffc7598
        0x5582bffc7598
        0x5582bffc7598
        0x5582bffc7598
        0x5582bffc7598
        0x5582bffc7598
        0x5582bffc7598
        0x5582bffc7598
        0x5582bffc7598
        0x5582bffc7598
        0x5582bffc7598
        0x5582bffc7598
]: 1
@preempt_stack[
        0x7feefb9dcfa3
        0x120000
        0x5582c1ece158
        0x5582c1ece158
        0x5582c1ece158
        0x5582c1ece158
        0x5582c1ece158
        0x5582c1ece158
        0x5582c1ece158
        0x5582c1ece158
        0x5582c1ece158
        0x5582c1ece158
        0x5582c1ece158
        0x5582c1ece158
        0x5582c1ece158
        0x5582c1ece158
        0x5582c1ece158
        0x5582c1ece158
        0x5582c1ece158
        0x5582c1ece158
        0x5582c1ece158
        0x5582c1ece158
        0x5582c1ece158
        0x5582c1ece158
        0x5582c1ece158
        0x5582c1ece158
        0x5582c1ece158
        0x5582c1ece158
        0x5582c1ece158
        0x5582c1ece158
        0x5582c1ece158
        0x5582c1ece158
        0x5582c1ece158
        0x5582c1ece158
        0x5582c1ece158
        0x5582c1ece158
        0x5582c1ece158
        0x5582c1ece158
        0x5582c1ece158
        0x5582c1ece158
        0x5582c1ece158
        0x5582c1ece158
        0x5582c1ece158
        0x5582c1ece158
        0x5582c1ece158
        0x5582c1ece158
        0x5582c1ece158
        0x5582c1ece158
        0x5582c1ece158
        0x5582c1ece158
        0x5582c1ece158
        0x5582c1ece158
        0x5582c1ece158
        0x5582c1ece158
        0x5582c1ece158
        0x5582c1ece158
        0x5582c1ece158
        0x5582c1ece158
        0x5582c1ece158
        0x5582c1ece158
        0x5582c1ece158
        0x5582c1ece158
        0x5582c1ece158
        0x5582c1ece158
        0x5582c1ece158
        0x5582c1ece158
        0x5582c1ece158
        0x5582c1ece158
        0x5582c1ece158
        0x5582c1ece158
        0x5582c1ece158
        0x5582c1ece158
        0x5582c1ece158
        0x5582c1ece158
        0x5582c1ece158
        0x5582c1ece158
        0x5582c1ece158
        0x5582c1ece158
        0x5582c1ece158
        0x5582c1ece158
        0x5582c1ece158
        0x5582c1ece158
        0x5582c1ece158
        0x5582c1ece158
        0x5582c1ece158
        0x5582c1ece158
        0x5582c1ece158
        0x5582c1ece158
        0x5582c1ece158
        0x5582c1ece158
        0x5582c1ece158
        0x5582c1ece158
        0x5582c1ece158
        0x5582c1ece158
        0x5582c1ece158
        0x5582c1ece158
        0x5582c1ece158
        0x5582c1ece158
        0x5582c1ece158
        0x5582c1ece158
        0x5582c1ece158
        0x5582c1ece158
        0x5582c1ece158
        0x5582c1ece158
        0x5582c1ece158
        0x5582c1ece158
        0x5582c1ece158
        0x5582c1ece158
        0x5582c1ece158
        0x5582c1ece158
        0x5582c1ece158
        0x5582c1ece158
        0x5582c1ece158
        0x5582c1ece158
        0x5582c1ece158
        0x5582c1ece158
        0x5582c1ece158
        0x5582c1ece158
        0x5582c1ece158
        0x5582c1ece158
        0x5582c1ece158
        0x5582c1ece158
        0x5582c1ece158
        0x5582c1ece158
        0x5582c1ece158
        0x5582c1ece158
        0x5582c1ece158
]: 1
@preempt_stack[
        0x7fef9cd325b8
        0x7fef62cafe90
]: 1
@preempt_stack[
        0x7fef9d5b2d49
]: 1
@preempt_stack[
        0x7fef9c905a50
        0x2c1
]: 1
@preempt_stack[
        0x7fef9cd47826
]: 1
@preempt_stack[
        0x7fef9c90594c
        0x84008300820081
]: 1
@preempt_stack[
        0x7feefba4d740
]: 1
@preempt_stack[
        0x7fef9d4a6a1d
]: 1
@preempt_stack[
        0x7fef9c905a50
        0x8d2
]: 1
@preempt_stack[
        mono_metadata_type_hash+80
        0x110000
        0x7feeb0140988
        0x7feeb0140988
        0x7feeb0140988
        0x7feeb0140988
        0x7feeb0140988
        0x7feeb0140988
        0x7feeb0140988
        0x7feeb0140988
        0x7feeb0140988
        0x7feeb0140988
        0x7feeb0140988
        0x7feeb0140988
        0x7feeb0140988
        0x7feeb0140988
        0x7feeb0140988
        0x7feeb0140988
        0x7feeb0140988
        0x7feeb0140988
        0x7feeb0140988
        0x7feeb0140988
        0x7feeb0140988
        0x7feeb0140988
        0x7feeb0140988
        0x7feeb0140988
        0x7feeb0140988
        0x7feeb0140988
        0x7feeb0140988
        0x7feeb0140988
        0x7feeb0140988
        0x7feeb0140988
        0x7feeb0140988
        0x7feeb0140988
        0x7feeb0140988
        0x7feeb0140988
        0x7feeb0140988
        0x7feeb0140988
        0x7feeb0140988
        0x7feeb0140988
        0x7feeb0140988
        0x7feeb0140988
        0x7feeb0140988
        0x7feeb0140988
        0x7feeb0140988
        0x7feeb0140988
        0x7feeb0140988
        0x7feeb0140988
        0x7feeb0140988
        0x7feeb0140988
        0x7feeb0140988
        0x7feeb0140988
        0x7feeb0140988
        0x7feeb0140988
        0x7feeb0140988
        0x7feeb0140988
        0x7feeb0140988
        0x7feeb0140988
        0x7feeb0140988
        0x7feeb0140988
        0x7feeb0140988
        0x7feeb0140988
        0x7feeb0140988
        0x7feeb0140988
        0x7feeb0140988
        0x7feeb0140988
        0x7feeb0140988
        0x7feeb0140988
        0x7feeb0140988
        0x7feeb0140988
        0x7feeb0140988
        0x7feeb0140988
        0x7feeb0140988
        0x7feeb0140988
        0x7feeb0140988
        0x7feeb0140988
        0x7feeb0140988
        0x7feeb0140988
        0x7feeb0140988
        0x7feeb0140988
        0x7feeb0140988
        0x7feeb0140988
        0x7feeb0140988
        0x7feeb0140988
        0x7feeb0140988
        0x7feeb0140988
        0x7feeb0140988
        0x7feeb0140988
        0x7feeb0140988
        0x7feeb0140988
        0x7feeb0140988
        0x7feeb0140988
        0x7feeb0140988
        0x7feeb0140988
        0x7feeb0140988
        0x7feeb0140988
        0x7feeb0140988
        0x7feeb0140988
        0x7feeb0140988
        0x7feeb0140988
        0x7feeb0140988
        0x7feeb0140988
        0x7feeb0140988
        0x7feeb0140988
        0x7feeb0140988
        0x7feeb0140988
        0x7feeb0140988
        0x7feeb0140988
        0x7feeb0140988
        0x7feeb0140988
        0x7feeb0140988
        0x7feeb0140988
        0x7feeb0140988
        0x7feeb0140988
        0x7feeb0140988
        0x7feeb0140988
        0x7feeb0140988
        0x7feeb0140988
        0x7feeb0140988
        0x7feeb0140988
        0x7feeb0140988
        0x7feeb0140988
        0x7feeb0140988
        0x7feeb0140988
        0x7feeb0140988
        0x7feeb0140988
        0x7feeb0140988
]: 1
@preempt_stack[
        0x7feefb9cb8dd
        0x130000
        0x1
        0
        0x5582c1f1c9e0
]: 1
@preempt_stack[
        0x7feefb9cb76a
        0x130000
        0x2
        0
        0x5582c1a36f90
]: 1
@preempt_stack[
        0x7fef9cd4e96f
        0x581
]: 1
@preempt_stack[
        0x7feefb9e44f9
        0x120000
        0x5582bf51f148
        0x5582bf51f148
        0x5582bf51f148
        0x5582bf51f148
        0x5582bf51f148
        0x5582bf51f148
        0x5582bf51f148
        0x5582bf51f148
        0x5582bf51f148
        0x5582bf51f148
        0x5582bf51f148
        0x5582bf51f148
        0x5582bf51f148
        0x5582bf51f148
        0x5582bf51f148
        0x5582bf51f148
        0x5582bf51f148
        0x5582bf51f148
        0x5582bf51f148
        0x5582bf51f148
        0x5582bf51f148
        0x5582bf51f148
        0x5582bf51f148
        0x5582bf51f148
        0x5582bf51f148
        0x5582bf51f148
        0x5582bf51f148
        0x5582bf51f148
        0x5582bf51f148
        0x5582bf51f148
        0x5582bf51f148
        0x5582bf51f148
        0x5582bf51f148
        0x5582bf51f148
        0x5582bf51f148
        0x5582bf51f148
        0x5582bf51f148
        0x5582bf51f148
        0x5582bf51f148
        0x5582bf51f148
        0x5582bf51f148
        0x5582bf51f148
        0x5582bf51f148
        0x5582bf51f148
        0x5582bf51f148
        0x5582bf51f148
        0x5582bf51f148
        0x5582bf51f148
        0x5582bf51f148
        0x5582bf51f148
        0x5582bf51f148
        0x5582bf51f148
        0x5582bf51f148
        0x5582bf51f148
        0x5582bf51f148
        0x5582bf51f148
        0x5582bf51f148
        0x5582bf51f148
        0x5582bf51f148
        0x5582bf51f148
        0x5582bf51f148
        0x5582bf51f148
        0x5582bf51f148
        0x5582bf51f148
        0x5582bf51f148
        0x5582bf51f148
        0x5582bf51f148
        0x5582bf51f148
        0x5582bf51f148
        0x5582bf51f148
        0x5582bf51f148
        0x5582bf51f148
        0x5582bf51f148
        0x5582bf51f148
        0x5582bf51f148
        0x5582bf51f148
        0x5582bf51f148
        0x5582bf51f148
        0x5582bf51f148
        0x5582bf51f148
        0x5582bf51f148
        0x5582bf51f148
        0x5582bf51f148
        0x5582bf51f148
        0x5582bf51f148
        0x5582bf51f148
        0x5582bf51f148
        0x5582bf51f148
        0x5582bf51f148
        0x5582bf51f148
        0x5582bf51f148
        0x5582bf51f148
        0x5582bf51f148
        0x5582bf51f148
        0x5582bf51f148
        0x5582bf51f148
        0x5582bf51f148
        0x5582bf51f148
        0x5582bf51f148
        0x5582bf51f148
        0x5582bf51f148
        0x5582bf51f148
        0x5582bf51f148
        0x5582bf51f148
        0x5582bf51f148
        0x5582bf51f148
        0x5582bf51f148
        0x5582bf51f148
        0x5582bf51f148
        0x5582bf51f148
        0x5582bf51f148
        0x5582bf51f148
        0x5582bf51f148
        0x5582bf51f148
        0x5582bf51f148
        0x5582bf51f148
        0x5582bf51f148
        0x5582bf51f148
        0x5582bf51f148
        0x5582bf51f148
        0x5582bf51f148
        0x5582bf51f148
        0x5582bf51f148
        0x5582bf51f148
        0x5582bf51f148
]: 1
@preempt_stack[
        0x7feefb9ce4d8
        0x5582be7e17a0
        0x5582be7e17a0
        0x5582be7e17a0
        0x5582be7e17a0
        0x5582be7e17a0
        0x5582be7e17a0
        0x5582be7e17a0
        0x5582be7e17a0
        0x5582be7e17a0
        0x5582be7e17a0
        0x5582be7e17a0
        0x5582be7e17a0
        0x5582be7e17a0
        0x5582be7e17a0
        0x5582be7e17a0
        0x5582be7e17a0
        0x5582be7e17a0
        0x5582be7e17a0
        0x5582be7e17a0
        0x5582be7e17a0
        0x5582be7e17a0
        0x5582be7e17a0
        0x5582be7e17a0
        0x5582be7e17a0
        0x5582be7e17a0
        0x5582be7e17a0
        0x5582be7e17a0
        0x5582be7e17a0
        0x5582be7e17a0
        0x5582be7e17a0
        0x5582be7e17a0
        0x5582be7e17a0
        0x5582be7e17a0
        0x5582be7e17a0
        0x5582be7e17a0
        0x5582be7e17a0
        0x5582be7e17a0
        0x5582be7e17a0
        0x5582be7e17a0
        0x5582be7e17a0
        0x5582be7e17a0
        0x5582be7e17a0
        0x5582be7e17a0
        0x5582be7e17a0
        0x5582be7e17a0
        0x5582be7e17a0
        0x5582be7e17a0
        0x5582be7e17a0
        0x5582be7e17a0
        0x5582be7e17a0
        0x5582be7e17a0
        0x5582be7e17a0
        0x5582be7e17a0
        0x5582be7e17a0
        0x5582be7e17a0
        0x5582be7e17a0
        0x5582be7e17a0
        0x5582be7e17a0
        0x5582be7e17a0
        0x5582be7e17a0
        0x5582be7e17a0
        0x5582be7e17a0
        0x5582be7e17a0
        0x5582be7e17a0
        0x5582be7e17a0
        0x5582be7e17a0
        0x5582be7e17a0
        0x5582be7e17a0
        0x5582be7e17a0
        0x5582be7e17a0
        0x5582be7e17a0
        0x5582be7e17a0
        0x5582be7e17a0
        0x5582be7e17a0
        0x5582be7e17a0
        0x5582be7e17a0
        0x5582be7e17a0
        0x5582be7e17a0
        0x5582be7e17a0
        0x5582be7e17a0
        0x5582be7e17a0
        0x5582be7e17a0
        0x5582be7e17a0
        0x5582be7e17a0
        0x5582be7e17a0
        0x5582be7e17a0
        0x5582be7e17a0
        0x5582be7e17a0
        0x5582be7e17a0
        0x5582be7e17a0
        0x5582be7e17a0
        0x5582be7e17a0
        0x5582be7e17a0
        0x5582be7e17a0
        0x5582be7e17a0
        0x5582be7e17a0
        0x5582be7e17a0
        0x5582be7e17a0
        0x5582be7e17a0
        0x5582be7e17a0
        0x5582be7e17a0
        0x5582be7e17a0
        0x5582be7e17a0
        0x5582be7e17a0
        0x5582be7e17a0
        0x5582be7e17a0
        0x5582be7e17a0
        0x5582be7e17a0
        0x5582be7e17a0
        0x5582be7e17a0
        0x5582be7e17a0
        0x5582be7e17a0
        0x5582be7e17a0
        0x5582be7e17a0
        0x5582be7e17a0
        0x5582be7e17a0
        0x5582be7e17a0
        0x5582be7e17a0
        0x5582be7e17a0
        0x5582be7e17a0
        0x5582be7e17a0
        0x5582be7e17a0
        0x5582be7e17a0
        0x5582be7e17a0
        0x5582be7e17a0
        0x5582be7e17a0
]: 1
@preempt_stack[
        0x7fef9cd512c9
]: 1
@preempt_stack[
        GC_mark_from+931
]: 1
@preempt_stack[
        0x41629d99
]: 1
@preempt_stack[
        mono_metadata_type_hash+80
        0x120000
        0x5582c201d630
        0x5582c201d630
        0x5582c201d630
        0x5582c201d630
        0x5582c201d630
        0x5582c201d630
        0x5582c201d630
        0x5582c201d630
        0x5582c201d630
        0x5582c201d630
        0x5582c201d630
        0x5582c201d630
        0x5582c201d630
        0x5582c201d630
        0x5582c201d630
        0x5582c201d630
        0x5582c201d630
        0x5582c201d630
        0x5582c201d630
        0x5582c201d630
        0x5582c201d630
        0x5582c201d630
        0x5582c201d630
        0x5582c201d630
        0x5582c201d630
        0x5582c201d630
        0x5582c201d630
        0x5582c201d630
        0x5582c201d630
        0x5582c201d630
        0x5582c201d630
        0x5582c201d630
        0x5582c201d630
        0x5582c201d630
        0x5582c201d630
        0x5582c201d630
        0x5582c201d630
        0x5582c201d630
        0x5582c201d630
        0x5582c201d630
        0x5582c201d630
        0x5582c201d630
        0x5582c201d630
        0x5582c201d630
        0x5582c201d630
        0x5582c201d630
        0x5582c201d630
        0x5582c201d630
        0x5582c201d630
        0x5582c201d630
        0x5582c201d630
        0x5582c201d630
        0x5582c201d630
        0x5582c201d630
        0x5582c201d630
        0x5582c201d630
        0x5582c201d630
        0x5582c201d630
        0x5582c201d630
        0x5582c201d630
        0x5582c201d630
        0x5582c201d630
        0x5582c201d630
        0x5582c201d630
        0x5582c201d630
        0x5582c201d630
        0x5582c201d630
        0x5582c201d630
        0x5582c201d630
        0x5582c201d630
        0x5582c201d630
        0x5582c201d630
        0x5582c201d630
        0x5582c201d630
        0x5582c201d630
        0x5582c201d630
        0x5582c201d630
        0x5582c201d630
        0x5582c201d630
        0x5582c201d630
        0x5582c201d630
        0x5582c201d630
        0x5582c201d630
        0x5582c201d630
        0x5582c201d630
        0x5582c201d630
        0x5582c201d630
        0x5582c201d630
        0x5582c201d630
        0x5582c201d630
        0x5582c201d630
        0x5582c201d630
        0x5582c201d630
        0x5582c201d630
        0x5582c201d630
        0x5582c201d630
        0x5582c201d630
        0x5582c201d630
        0x5582c201d630
        0x5582c201d630
        0x5582c201d630
        0x5582c201d630
        0x5582c201d630
        0x5582c201d630
        0x5582c201d630
        0x5582c201d630
        0x5582c201d630
        0x5582c201d630
        0x5582c201d630
        0x5582c201d630
        0x5582c201d630
        0x5582c201d630
        0x5582c201d630
        0x5582c201d630
        0x5582c201d630
        0x5582c201d630
        0x5582c201d630
        0x5582c201d630
        0x5582c201d630
        0x5582c201d630
        0x5582c201d630
        0x5582c201d630
        0x5582c201d630
        0x5582c201d630
        0x5582c201d630
]: 1
@preempt_stack[
        __tls_get_addr+20
        0x7feefb9e578f
        0x5582be808500
]: 1
@preempt_stack[
        0x7feefb9dcfa3
        0x120000
        0x5582c1e08cf8
        0x5582c1e08cf8
        0x5582c1e08cf8
        0x5582c1e08cf8
        0x5582c1e08cf8
        0x5582c1e08cf8
        0x5582c1e08cf8
        0x5582c1e08cf8
        0x5582c1e08cf8
        0x5582c1e08cf8
        0x5582c1e08cf8
        0x5582c1e08cf8
        0x5582c1e08cf8
        0x5582c1e08cf8
        0x5582c1e08cf8
        0x5582c1e08cf8
        0x5582c1e08cf8
        0x5582c1e08cf8
        0x5582c1e08cf8
        0x5582c1e08cf8
        0x5582c1e08cf8
        0x5582c1e08cf8
        0x5582c1e08cf8
        0x5582c1e08cf8
        0x5582c1e08cf8
        0x5582c1e08cf8
        0x5582c1e08cf8
        0x5582c1e08cf8
        0x5582c1e08cf8
        0x5582c1e08cf8
        0x5582c1e08cf8
        0x5582c1e08cf8
        0x5582c1e08cf8
        0x5582c1e08cf8
        0x5582c1e08cf8
        0x5582c1e08cf8
        0x5582c1e08cf8
        0x5582c1e08cf8
        0x5582c1e08cf8
        0x5582c1e08cf8
        0x5582c1e08cf8
        0x5582c1e08cf8
        0x5582c1e08cf8
        0x5582c1e08cf8
        0x5582c1e08cf8
        0x5582c1e08cf8
        0x5582c1e08cf8
        0x5582c1e08cf8
        0x5582c1e08cf8
        0x5582c1e08cf8
        0x5582c1e08cf8
        0x5582c1e08cf8
        0x5582c1e08cf8
        0x5582c1e08cf8
        0x5582c1e08cf8
        0x5582c1e08cf8
        0x5582c1e08cf8
        0x5582c1e08cf8
        0x5582c1e08cf8
        0x5582c1e08cf8
        0x5582c1e08cf8
        0x5582c1e08cf8
        0x5582c1e08cf8
        0x5582c1e08cf8
        0x5582c1e08cf8
        0x5582c1e08cf8
        0x5582c1e08cf8
        0x5582c1e08cf8
        0x5582c1e08cf8
        0x5582c1e08cf8
        0x5582c1e08cf8
        0x5582c1e08cf8
        0x5582c1e08cf8
        0x5582c1e08cf8
        0x5582c1e08cf8
        0x5582c1e08cf8
        0x5582c1e08cf8
        0x5582c1e08cf8
        0x5582c1e08cf8
        0x5582c1e08cf8
        0x5582c1e08cf8
        0x5582c1e08cf8
        0x5582c1e08cf8
        0x5582c1e08cf8
        0x5582c1e08cf8
        0x5582c1e08cf8
        0x5582c1e08cf8
        0x5582c1e08cf8
        0x5582c1e08cf8
        0x5582c1e08cf8
        0x5582c1e08cf8
        0x5582c1e08cf8
        0x5582c1e08cf8
        0x5582c1e08cf8
        0x5582c1e08cf8
        0x5582c1e08cf8
        0x5582c1e08cf8
        0x5582c1e08cf8
        0x5582c1e08cf8
        0x5582c1e08cf8
        0x5582c1e08cf8
        0x5582c1e08cf8
        0x5582c1e08cf8
        0x5582c1e08cf8
        0x5582c1e08cf8
        0x5582c1e08cf8
        0x5582c1e08cf8
        0x5582c1e08cf8
        0x5582c1e08cf8
        0x5582c1e08cf8
        0x5582c1e08cf8
        0x5582c1e08cf8
        0x5582c1e08cf8
        0x5582c1e08cf8
        0x5582c1e08cf8
        0x5582c1e08cf8
        0x5582c1e08cf8
        0x5582c1e08cf8
        0x5582c1e08cf8
        0x5582c1e08cf8
        0x5582c1e08cf8
        0x5582c1e08cf8
        0x5582c1e08cf8
        0x5582c1e08cf8
        0x5582c1e08cf8
]: 1
@preempt_stack[
        0x41a5cc75
        0
        0
        0x5582be7c7458
        0x5582be7c7458
        0x5582be7c7458
        0x5582be7c7458
        0x5582be7c7458
        0x5582be7c7458
        0x5582be7c7458
        0x5582be7c7458
        0x5582be7c7458
        0x5582be7c7458
        0x5582be7c7458
        0x5582be7c7458
        0x5582be7c7458
        0x5582be7c7458
        0x5582be7c7458
        0x5582be7c7458
        0x5582be7c7458
        0x5582be7c7458
        0x5582be7c7458
        0x5582be7c7458
        0x5582be7c7458
        0x5582be7c7458
        0x5582be7c7458
        0x5582be7c7458
        0x5582be7c7458
        0x5582be7c7458
        0x5582be7c7458
        0x5582be7c7458
        0x5582be7c7458
        0x5582be7c7458
        0x5582be7c7458
        0x5582be7c7458
        0x5582be7c7458
        0x5582be7c7458
        0x5582be7c7458
        0x5582be7c7458
        0x5582be7c7458
        0x5582be7c7458
        0x5582be7c7458
        0x5582be7c7458
        0x5582be7c7458
        0x5582be7c7458
        0x5582be7c7458
        0x5582be7c7458
        0x5582be7c7458
        0x5582be7c7458
        0x5582be7c7458
        0x5582be7c7458
        0x5582be7c7458
        0x5582be7c7458
        0x5582be7c7458
        0x5582be7c7458
        0x5582be7c7458
        0x5582be7c7458
        0x5582be7c7458
        0x5582be7c7458
        0x5582be7c7458
        0x5582be7c7458
        0x5582be7c7458
        0x5582be7c7458
        0x5582be7c7458
        0x5582be7c7458
        0x5582be7c7458
        0x5582be7c7458
        0x5582be7c7458
        0x5582be7c7458
        0x5582be7c7458
        0x5582be7c7458
        0x5582be7c7458
        0x5582be7c7458
        0x5582be7c7458
        0x5582be7c7458
        0x5582be7c7458
        0x5582be7c7458
        0x5582be7c7458
        0x5582be7c7458
        0x5582be7c7458
        0x5582be7c7458
        0x5582be7c7458
        0x5582be7c7458
        0x5582be7c7458
        0x5582be7c7458
        0x5582be7c7458
        0x5582be7c7458
        0x5582be7c7458
        0x5582be7c7458
        0x5582be7c7458
        0x5582be7c7458
        0x5582be7c7458
        0x5582be7c7458
        0x5582be7c7458
        0x5582be7c7458
        0x5582be7c7458
        0x5582be7c7458
        0x5582be7c7458
        0x5582be7c7458
        0x5582be7c7458
        0x5582be7c7458
        0x5582be7c7458
        0x5582be7c7458
        0x5582be7c7458
        0x5582be7c7458
        0x5582be7c7458
        0x5582be7c7458
        0x5582be7c7458
        0x5582be7c7458
        0x5582be7c7458
        0x5582be7c7458
        0x5582be7c7458
        0x5582be7c7458
        0x5582be7c7458
        0x5582be7c7458
        0x5582be7c7458
        0x5582be7c7458
        0x5582be7c7458
        0x5582be7c7458
        0x5582be7c7458
        0x5582be7c7458
        0x5582be7c7458
        0x5582be7c7458
        0x5582be7c7458
        0x5582be7c7458
        0x5582be7c7458
        0x5582be7c7458
]: 1
@preempt_stack[
        0x4110e054
        0
        0
        0x5582bf3bc3a8
        0x5582bf3bc3a8
        0x5582bf3bc3a8
        0x5582bf3bc3a8
        0x5582bf3bc3a8
        0x5582bf3bc3a8
        0x5582bf3bc3a8
        0x5582bf3bc3a8
        0x5582bf3bc3a8
        0x5582bf3bc3a8
        0x5582bf3bc3a8
        0x5582bf3bc3a8
        0x5582bf3bc3a8
        0x5582bf3bc3a8
        0x5582bf3bc3a8
        0x5582bf3bc3a8
        0x5582bf3bc3a8
        0x5582bf3bc3a8
        0x5582bf3bc3a8
        0x5582bf3bc3a8
        0x5582bf3bc3a8
        0x5582bf3bc3a8
        0x5582bf3bc3a8
        0x5582bf3bc3a8
        0x5582bf3bc3a8
        0x5582bf3bc3a8
        0x5582bf3bc3a8
        0x5582bf3bc3a8
        0x5582bf3bc3a8
        0x5582bf3bc3a8
        0x5582bf3bc3a8
        0x5582bf3bc3a8
        0x5582bf3bc3a8
        0x5582bf3bc3a8
        0x5582bf3bc3a8
        0x5582bf3bc3a8
        0x5582bf3bc3a8
        0x5582bf3bc3a8
        0x5582bf3bc3a8
        0x5582bf3bc3a8
        0x5582bf3bc3a8
        0x5582bf3bc3a8
        0x5582bf3bc3a8
        0x5582bf3bc3a8
        0x5582bf3bc3a8
        0x5582bf3bc3a8
        0x5582bf3bc3a8
        0x5582bf3bc3a8
        0x5582bf3bc3a8
        0x5582bf3bc3a8
        0x5582bf3bc3a8
        0x5582bf3bc3a8
        0x5582bf3bc3a8
        0x5582bf3bc3a8
        0x5582bf3bc3a8
        0x5582bf3bc3a8
        0x5582bf3bc3a8
        0x5582bf3bc3a8
        0x5582bf3bc3a8
        0x5582bf3bc3a8
        0x5582bf3bc3a8
        0x5582bf3bc3a8
        0x5582bf3bc3a8
        0x5582bf3bc3a8
        0x5582bf3bc3a8
        0x5582bf3bc3a8
        0x5582bf3bc3a8
        0x5582bf3bc3a8
        0x5582bf3bc3a8
        0x5582bf3bc3a8
        0x5582bf3bc3a8
        0x5582bf3bc3a8
        0x5582bf3bc3a8
        0x5582bf3bc3a8
        0x5582bf3bc3a8
        0x5582bf3bc3a8
        0x5582bf3bc3a8
        0x5582bf3bc3a8
        0x5582bf3bc3a8
        0x5582bf3bc3a8
        0x5582bf3bc3a8
        0x5582bf3bc3a8
        0x5582bf3bc3a8
        0x5582bf3bc3a8
        0x5582bf3bc3a8
        0x5582bf3bc3a8
        0x5582bf3bc3a8
        0x5582bf3bc3a8
        0x5582bf3bc3a8
        0x5582bf3bc3a8
        0x5582bf3bc3a8
        0x5582bf3bc3a8
        0x5582bf3bc3a8
        0x5582bf3bc3a8
        0x5582bf3bc3a8
        0x5582bf3bc3a8
        0x5582bf3bc3a8
        0x5582bf3bc3a8
        0x5582bf3bc3a8
        0x5582bf3bc3a8
        0x5582bf3bc3a8
        0x5582bf3bc3a8
        0x5582bf3bc3a8
        0x5582bf3bc3a8
        0x5582bf3bc3a8
        0x5582bf3bc3a8
        0x5582bf3bc3a8
        0x5582bf3bc3a8
        0x5582bf3bc3a8
        0x5582bf3bc3a8
        0x5582bf3bc3a8
        0x5582bf3bc3a8
        0x5582bf3bc3a8
        0x5582bf3bc3a8
        0x5582bf3bc3a8
        0x5582bf3bc3a8
        0x5582bf3bc3a8
        0x5582bf3bc3a8
        0x5582bf3bc3a8
        0x5582bf3bc3a8
        0x5582bf3bc3a8
        0x5582bf3bc3a8
        0x5582bf3bc3a8
        0x5582bf3bc3a8
]: 1
@preempt_stack[
        0x41c26eba
        0x41c252bc
        0x41c24529
        0x41c1c3f7
        0x413821e6
        0x4137da64
        0x7feefb846428
        0x7feefb9e578f
        0x5582be808500
]: 1
@preempt_stack[
        0x416ff5c0
        0x411407a6
        0x7feefb846428
        0x7feefb9e578f
        0x5582be808500
]: 1
@preempt_stack[
        0x7fef9c805c50
]: 1
@preempt_stack[
        0x7fef9c961570
        0x413f1501
        0x4140756c
        0
        0
        0x5582be7cb208
        0x5582be7cb208
        0x5582be7cb208
        0x5582be7cb208
        0x5582be7cb208
        0x5582be7cb208
        0x5582be7cb208
        0x5582be7cb208
        0x5582be7cb208
        0x5582be7cb208
        0x5582be7cb208
        0x5582be7cb208
        0x5582be7cb208
        0x5582be7cb208
        0x5582be7cb208
        0x5582be7cb208
        0x5582be7cb208
        0x5582be7cb208
        0x5582be7cb208
        0x5582be7cb208
        0x5582be7cb208
        0x5582be7cb208
        0x5582be7cb208
        0x5582be7cb208
        0x5582be7cb208
        0x5582be7cb208
        0x5582be7cb208
        0x5582be7cb208
        0x5582be7cb208
        0x5582be7cb208
        0x5582be7cb208
        0x5582be7cb208
        0x5582be7cb208
        0x5582be7cb208
        0x5582be7cb208
        0x5582be7cb208
        0x5582be7cb208
        0x5582be7cb208
        0x5582be7cb208
        0x5582be7cb208
        0x5582be7cb208
        0x5582be7cb208
        0x5582be7cb208
        0x5582be7cb208
        0x5582be7cb208
        0x5582be7cb208
        0x5582be7cb208
        0x5582be7cb208
        0x5582be7cb208
        0x5582be7cb208
        0x5582be7cb208
        0x5582be7cb208
        0x5582be7cb208
        0x5582be7cb208
        0x5582be7cb208
        0x5582be7cb208
        0x5582be7cb208
        0x5582be7cb208
        0x5582be7cb208
        0x5582be7cb208
        0x5582be7cb208
        0x5582be7cb208
        0x5582be7cb208
        0x5582be7cb208
        0x5582be7cb208
        0x5582be7cb208
        0x5582be7cb208
        0x5582be7cb208
        0x5582be7cb208
        0x5582be7cb208
        0x5582be7cb208
        0x5582be7cb208
        0x5582be7cb208
        0x5582be7cb208
        0x5582be7cb208
        0x5582be7cb208
        0x5582be7cb208
        0x5582be7cb208
        0x5582be7cb208
        0x5582be7cb208
        0x5582be7cb208
        0x5582be7cb208
        0x5582be7cb208
        0x5582be7cb208
        0x5582be7cb208
        0x5582be7cb208
        0x5582be7cb208
        0x5582be7cb208
        0x5582be7cb208
        0x5582be7cb208
        0x5582be7cb208
        0x5582be7cb208
        0x5582be7cb208
        0x5582be7cb208
        0x5582be7cb208
        0x5582be7cb208
        0x5582be7cb208
        0x5582be7cb208
        0x5582be7cb208
        0x5582be7cb208
        0x5582be7cb208
        0x5582be7cb208
        0x5582be7cb208
        0x5582be7cb208
        0x5582be7cb208
        0x5582be7cb208
        0x5582be7cb208
        0x5582be7cb208
        0x5582be7cb208
        0x5582be7cb208
        0x5582be7cb208
        0x5582be7cb208
        0x5582be7cb208
        0x5582be7cb208
        0x5582be7cb208
        0x5582be7cb208
        0x5582be7cb208
        0x5582be7cb208
        0x5582be7cb208
        0x5582be7cb208
        0x5582be7cb208
        0x5582be7cb208
]: 1
@preempt_stack[
        0x7feefb9cb8e0
        0x130000
        0x2
        0
        0x5582c2002ba0
]: 1
@preempt_stack[
        0x7fef9c6db06c
        0x8200038ffff20a0
        0x7fef9cb26bb0
        0x4800ff2f91058d48
]: 1
@preempt_stack[
        0x7feefb9acbc9
        0x413e8368
        0x416ff934
        0x411407a6
        0x7feefb846428
        0x7feefb9e578f
        0x5582be808500
]: 1
@preempt_stack[
        0x7feefb9ee507
        0x4175ff6c
        0x413821a7
        0x4137da64
        0x7feefb846428
        0x7feefb9e578f
        0x5582be808500
]: 1
@preempt_stack[
        0x7fef9c943f68
        0xb1221fc8
]: 1
@preempt_stack[
        __pthread_mutex_unlock+20
        0
        0x83800000000001
        0x5582be7cf658
        0x5582be7cf658
        0x5582be7cf658
        0x5582be7cf658
        0x5582be7cf658
        0x5582be7cf658
        0x5582be7cf658
        0x5582be7cf658
        0x5582be7cf658
        0x5582be7cf658
        0x5582be7cf658
        0x5582be7cf658
        0x5582be7cf658
        0x5582be7cf658
        0x5582be7cf658
        0x5582be7cf658
        0x5582be7cf658
        0x5582be7cf658
        0x5582be7cf658
        0x5582be7cf658
        0x5582be7cf658
        0x5582be7cf658
        0x5582be7cf658
        0x5582be7cf658
        0x5582be7cf658
        0x5582be7cf658
        0x5582be7cf658
        0x5582be7cf658
        0x5582be7cf658
        0x5582be7cf658
        0x5582be7cf658
        0x5582be7cf658
        0x5582be7cf658
        0x5582be7cf658
        0x5582be7cf658
        0x5582be7cf658
        0x5582be7cf658
        0x5582be7cf658
        0x5582be7cf658
        0x5582be7cf658
        0x5582be7cf658
        0x5582be7cf658
        0x5582be7cf658
        0x5582be7cf658
        0x5582be7cf658
        0x5582be7cf658
        0x5582be7cf658
        0x5582be7cf658
        0x5582be7cf658
        0x5582be7cf658
        0x5582be7cf658
        0x5582be7cf658
        0x5582be7cf658
        0x5582be7cf658
        0x5582be7cf658
        0x5582be7cf658
        0x5582be7cf658
        0x5582be7cf658
        0x5582be7cf658
        0x5582be7cf658
        0x5582be7cf658
        0x5582be7cf658
        0x5582be7cf658
        0x5582be7cf658
        0x5582be7cf658
        0x5582be7cf658
        0x5582be7cf658
        0x5582be7cf658
        0x5582be7cf658
        0x5582be7cf658
        0x5582be7cf658
        0x5582be7cf658
        0x5582be7cf658
        0x5582be7cf658
        0x5582be7cf658
        0x5582be7cf658
        0x5582be7cf658
        0x5582be7cf658
        0x5582be7cf658
        0x5582be7cf658
        0x5582be7cf658
        0x5582be7cf658
        0x5582be7cf658
        0x5582be7cf658
        0x5582be7cf658
        0x5582be7cf658
        0x5582be7cf658
        0x5582be7cf658
        0x5582be7cf658
        0x5582be7cf658
        0x5582be7cf658
        0x5582be7cf658
        0x5582be7cf658
        0x5582be7cf658
        0x5582be7cf658
        0x5582be7cf658
        0x5582be7cf658
        0x5582be7cf658
        0x5582be7cf658
        0x5582be7cf658
        0x5582be7cf658
        0x5582be7cf658
        0x5582be7cf658
        0x5582be7cf658
        0x5582be7cf658
        0x5582be7cf658
        0x5582be7cf658
        0x5582be7cf658
        0x5582be7cf658
        0x5582be7cf658
        0x5582be7cf658
        0x5582be7cf658
        0x5582be7cf658
        0x5582be7cf658
        0x5582be7cf658
        0x5582be7cf658
        0x5582be7cf658
        0x5582be7cf658
        0x5582be7cf658
        0x5582be7cf658
        0x5582be7cf658
        0x5582be7cf658
        0x5582be7cf658
        0x5582be7cf658
]: 1
@preempt_stack[
        0x7fef9ca75612
        0xe400038fffff064
        0x7fef9ca9dd80
        0x4810c08348010bfa
]: 1
@preempt_stack[
        0x41c37143
        0x41c2d0a4
        0x41c2bfc8
        0x41c29574
        0x41c2930c
        0x413821e6
        0x4137da64
        0x7feefb846428
        0x7feefb9e578f
        0x5582be808500
]: 1
@preempt_stack[
        0x7fef9c7ac4fb
        0x7feea0423030
        0xf96e66d7
]: 1
@preempt_stack[
        0x41c2861f
        0x41cdc22e
        0x41cda45e
        0x41cd7cb4
        0x41cd5458
        0x41cd52e0
        0x41ccfb84
        0
        0
        0x5582bf3bc3a8
        0x5582bf3bc3a8
        0x5582bf3bc3a8
        0x5582bf3bc3a8
        0x5582bf3bc3a8
        0x5582bf3bc3a8
        0x5582bf3bc3a8
        0x5582bf3bc3a8
        0x5582bf3bc3a8
        0x5582bf3bc3a8
        0x5582bf3bc3a8
        0x5582bf3bc3a8
        0x5582bf3bc3a8
        0x5582bf3bc3a8
        0x5582bf3bc3a8
        0x5582bf3bc3a8
        0x5582bf3bc3a8
        0x5582bf3bc3a8
        0x5582bf3bc3a8
        0x5582bf3bc3a8
        0x5582bf3bc3a8
        0x5582bf3bc3a8
        0x5582bf3bc3a8
        0x5582bf3bc3a8
        0x5582bf3bc3a8
        0x5582bf3bc3a8
        0x5582bf3bc3a8
        0x5582bf3bc3a8
        0x5582bf3bc3a8
        0x5582bf3bc3a8
        0x5582bf3bc3a8
        0x5582bf3bc3a8
        0x5582bf3bc3a8
        0x5582bf3bc3a8
        0x5582bf3bc3a8
        0x5582bf3bc3a8
        0x5582bf3bc3a8
        0x5582bf3bc3a8
        0x5582bf3bc3a8
        0x5582bf3bc3a8
        0x5582bf3bc3a8
        0x5582bf3bc3a8
        0x5582bf3bc3a8
        0x5582bf3bc3a8
        0x5582bf3bc3a8
        0x5582bf3bc3a8
        0x5582bf3bc3a8
        0x5582bf3bc3a8
        0x5582bf3bc3a8
        0x5582bf3bc3a8
        0x5582bf3bc3a8
        0x5582bf3bc3a8
        0x5582bf3bc3a8
        0x5582bf3bc3a8
        0x5582bf3bc3a8
        0x5582bf3bc3a8
        0x5582bf3bc3a8
        0x5582bf3bc3a8
        0x5582bf3bc3a8
        0x5582bf3bc3a8
        0x5582bf3bc3a8
        0x5582bf3bc3a8
        0x5582bf3bc3a8
        0x5582bf3bc3a8
        0x5582bf3bc3a8
        0x5582bf3bc3a8
        0x5582bf3bc3a8
        0x5582bf3bc3a8
        0x5582bf3bc3a8
        0x5582bf3bc3a8
        0x5582bf3bc3a8
        0x5582bf3bc3a8
        0x5582bf3bc3a8
        0x5582bf3bc3a8
        0x5582bf3bc3a8
        0x5582bf3bc3a8
        0x5582bf3bc3a8
        0x5582bf3bc3a8
        0x5582bf3bc3a8
        0x5582bf3bc3a8
        0x5582bf3bc3a8
        0x5582bf3bc3a8
        0x5582bf3bc3a8
        0x5582bf3bc3a8
        0x5582bf3bc3a8
        0x5582bf3bc3a8
        0x5582bf3bc3a8
        0x5582bf3bc3a8
        0x5582bf3bc3a8
        0x5582bf3bc3a8
        0x5582bf3bc3a8
        0x5582bf3bc3a8
        0x5582bf3bc3a8
        0x5582bf3bc3a8
        0x5582bf3bc3a8
        0x5582bf3bc3a8
        0x5582bf3bc3a8
        0x5582bf3bc3a8
        0x5582bf3bc3a8
        0x5582bf3bc3a8
        0x5582bf3bc3a8
        0x5582bf3bc3a8
        0x5582bf3bc3a8
        0x5582bf3bc3a8
        0x5582bf3bc3a8
        0x5582bf3bc3a8
        0x5582bf3bc3a8
        0x5582bf3bc3a8
        0x5582bf3bc3a8
        0x5582bf3bc3a8
        0x5582bf3bc3a8
        0x5582bf3bc3a8
        0x5582bf3bc3a8
        0x5582bf3bc3a8
        0x5582bf3bc3a8
        0x5582bf3bc3a8
        0x5582bf3bc3a8
        0x5582bf3bc3a8
]: 1
@preempt_stack[
        0x7feefb9cb61d
]: 1
@preempt_stack[
        0x7fef9ccc5fcb
        0xb91
]: 1
@preempt_stack[
        0x7feefb998099
        0
]: 1
@preempt_stack[
        0x7fef9cdc8206
        0x7fef60c608d0
]: 1
@preempt_stack[
        mono_metadata_type_hash+80
        0x120000
        0x5582beeaed70
        0x5582beeaed70
        0x5582beeaed70
        0x5582beeaed70
        0x5582beeaed70
        0x5582beeaed70
        0x5582beeaed70
        0x5582beeaed70
        0x5582beeaed70
        0x5582beeaed70
        0x5582beeaed70
        0x5582beeaed70
        0x5582beeaed70
        0x5582beeaed70
        0x5582beeaed70
        0x5582beeaed70
        0x5582beeaed70
        0x5582beeaed70
        0x5582beeaed70
        0x5582beeaed70
        0x5582beeaed70
        0x5582beeaed70
        0x5582beeaed70
        0x5582beeaed70
        0x5582beeaed70
        0x5582beeaed70
        0x5582beeaed70
        0x5582beeaed70
        0x5582beeaed70
        0x5582beeaed70
        0x5582beeaed70
        0x5582beeaed70
        0x5582beeaed70
        0x5582beeaed70
        0x5582beeaed70
        0x5582beeaed70
        0x5582beeaed70
        0x5582beeaed70
        0x5582beeaed70
        0x5582beeaed70
        0x5582beeaed70
        0x5582beeaed70
        0x5582beeaed70
        0x5582beeaed70
        0x5582beeaed70
        0x5582beeaed70
        0x5582beeaed70
        0x5582beeaed70
        0x5582beeaed70
        0x5582beeaed70
        0x5582beeaed70
        0x5582beeaed70
        0x5582beeaed70
        0x5582beeaed70
        0x5582beeaed70
        0x5582beeaed70
        0x5582beeaed70
        0x5582beeaed70
        0x5582beeaed70
        0x5582beeaed70
        0x5582beeaed70
        0x5582beeaed70
        0x5582beeaed70
        0x5582beeaed70
        0x5582beeaed70
        0x5582beeaed70
        0x5582beeaed70
        0x5582beeaed70
        0x5582beeaed70
        0x5582beeaed70
        0x5582beeaed70
        0x5582beeaed70
        0x5582beeaed70
        0x5582beeaed70
        0x5582beeaed70
        0x5582beeaed70
        0x5582beeaed70
        0x5582beeaed70
        0x5582beeaed70
        0x5582beeaed70
        0x5582beeaed70
        0x5582beeaed70
        0x5582beeaed70
        0x5582beeaed70
        0x5582beeaed70
        0x5582beeaed70
        0x5582beeaed70
        0x5582beeaed70
        0x5582beeaed70
        0x5582beeaed70
        0x5582beeaed70
        0x5582beeaed70
        0x5582beeaed70
        0x5582beeaed70
        0x5582beeaed70
        0x5582beeaed70
        0x5582beeaed70
        0x5582beeaed70
        0x5582beeaed70
        0x5582beeaed70
        0x5582beeaed70
        0x5582beeaed70
        0x5582beeaed70
        0x5582beeaed70
        0x5582beeaed70
        0x5582beeaed70
        0x5582beeaed70
        0x5582beeaed70
        0x5582beeaed70
        0x5582beeaed70
        0x5582beeaed70
        0x5582beeaed70
        0x5582beeaed70
        0x5582beeaed70
        0x5582beeaed70
        0x5582beeaed70
        0x5582beeaed70
        0x5582beeaed70
        0x5582beeaed70
        0x5582beeaed70
        0x5582beeaed70
        0x5582beeaed70
        0x5582beeaed70
        0x5582beeaed70
        0x5582beeaed70
]: 1
@preempt_stack[
        0x7fef9d89e786
]: 1
@preempt_stack[
        0x7feefb9ce4d8
        0x5582c13e8838
        0x5582c13e8838
        0x5582c13e8838
        0x5582c13e8838
        0x5582c13e8838
        0x5582c13e8838
        0x5582c13e8838
        0x5582c13e8838
        0x5582c13e8838
        0x5582c13e8838
        0x5582c13e8838
        0x5582c13e8838
        0x5582c13e8838
        0x5582c13e8838
        0x5582c13e8838
        0x5582c13e8838
        0x5582c13e8838
        0x5582c13e8838
        0x5582c13e8838
        0x5582c13e8838
        0x5582c13e8838
        0x5582c13e8838
        0x5582c13e8838
        0x5582c13e8838
        0x5582c13e8838
        0x5582c13e8838
        0x5582c13e8838
        0x5582c13e8838
        0x5582c13e8838
        0x5582c13e8838
        0x5582c13e8838
        0x5582c13e8838
        0x5582c13e8838
        0x5582c13e8838
        0x5582c13e8838
        0x5582c13e8838
        0x5582c13e8838
        0x5582c13e8838
        0x5582c13e8838
        0x5582c13e8838
        0x5582c13e8838
        0x5582c13e8838
        0x5582c13e8838
        0x5582c13e8838
        0x5582c13e8838
        0x5582c13e8838
        0x5582c13e8838
        0x5582c13e8838
        0x5582c13e8838
        0x5582c13e8838
        0x5582c13e8838
        0x5582c13e8838
        0x5582c13e8838
        0x5582c13e8838
        0x5582c13e8838
        0x5582c13e8838
        0x5582c13e8838
        0x5582c13e8838
        0x5582c13e8838
        0x5582c13e8838
        0x5582c13e8838
        0x5582c13e8838
        0x5582c13e8838
        0x5582c13e8838
        0x5582c13e8838
        0x5582c13e8838
        0x5582c13e8838
        0x5582c13e8838
        0x5582c13e8838
        0x5582c13e8838
        0x5582c13e8838
        0x5582c13e8838
        0x5582c13e8838
        0x5582c13e8838
        0x5582c13e8838
        0x5582c13e8838
        0x5582c13e8838
        0x5582c13e8838
        0x5582c13e8838
        0x5582c13e8838
        0x5582c13e8838
        0x5582c13e8838
        0x5582c13e8838
        0x5582c13e8838
        0x5582c13e8838
        0x5582c13e8838
        0x5582c13e8838
        0x5582c13e8838
        0x5582c13e8838
        0x5582c13e8838
        0x5582c13e8838
        0x5582c13e8838
        0x5582c13e8838
        0x5582c13e8838
        0x5582c13e8838
        0x5582c13e8838
        0x5582c13e8838
        0x5582c13e8838
        0x5582c13e8838
        0x5582c13e8838
        0x5582c13e8838
        0x5582c13e8838
        0x5582c13e8838
        0x5582c13e8838
        0x5582c13e8838
        0x5582c13e8838
        0x5582c13e8838
        0x5582c13e8838
        0x5582c13e8838
        0x5582c13e8838
        0x5582c13e8838
        0x5582c13e8838
        0x5582c13e8838
        0x5582c13e8838
        0x5582c13e8838
        0x5582c13e8838
        0x5582c13e8838
        0x5582c13e8838
        0x5582c13e8838
        0x5582c13e8838
        0x5582c13e8838
        0x5582c13e8838
        0x5582c13e8838
        0x5582c13e8838
        0x5582c13e8838
        0x5582c13e8838
]: 1
@preempt_stack[
        0x7fef9cd4322e
        0x10000
        0x7fef62cafdf0
        0x58
]: 1
@preempt_stack[
        0x7fef9c7de9c7
        0x2d2e
]: 1
@preempt_stack[
        0x7fef9ccc6057
        0x7fef61ce9ac0
]: 1
@preempt_stack[
        0x411d9e94
        0x413821a7
        0x4137da64
        0x7feefb846428
        0x7feefb9e578f
        0x5582be808500
]: 1
@preempt_stack[
        0x7feefb9e44f9
        0x120000
        0x5582bff202d8
        0x5582bff202d8
        0x5582bff202d8
        0x5582bff202d8
        0x5582bff202d8
        0x5582bff202d8
        0x5582bff202d8
        0x5582bff202d8
        0x5582bff202d8
        0x5582bff202d8
        0x5582bff202d8
        0x5582bff202d8
        0x5582bff202d8
        0x5582bff202d8
        0x5582bff202d8
        0x5582bff202d8
        0x5582bff202d8
        0x5582bff202d8
        0x5582bff202d8
        0x5582bff202d8
        0x5582bff202d8
        0x5582bff202d8
        0x5582bff202d8
        0x5582bff202d8
        0x5582bff202d8
        0x5582bff202d8
        0x5582bff202d8
        0x5582bff202d8
        0x5582bff202d8
        0x5582bff202d8
        0x5582bff202d8
        0x5582bff202d8
        0x5582bff202d8
        0x5582bff202d8
        0x5582bff202d8
        0x5582bff202d8
        0x5582bff202d8
        0x5582bff202d8
        0x5582bff202d8
        0x5582bff202d8
        0x5582bff202d8
        0x5582bff202d8
        0x5582bff202d8
        0x5582bff202d8
        0x5582bff202d8
        0x5582bff202d8
        0x5582bff202d8
        0x5582bff202d8
        0x5582bff202d8
        0x5582bff202d8
        0x5582bff202d8
        0x5582bff202d8
        0x5582bff202d8
        0x5582bff202d8
        0x5582bff202d8
        0x5582bff202d8
        0x5582bff202d8
        0x5582bff202d8
        0x5582bff202d8
        0x5582bff202d8
        0x5582bff202d8
        0x5582bff202d8
        0x5582bff202d8
        0x5582bff202d8
        0x5582bff202d8
        0x5582bff202d8
        0x5582bff202d8
        0x5582bff202d8
        0x5582bff202d8
        0x5582bff202d8
        0x5582bff202d8
        0x5582bff202d8
        0x5582bff202d8
        0x5582bff202d8
        0x5582bff202d8
        0x5582bff202d8
        0x5582bff202d8
        0x5582bff202d8
        0x5582bff202d8
        0x5582bff202d8
        0x5582bff202d8
        0x5582bff202d8
        0x5582bff202d8
        0x5582bff202d8
        0x5582bff202d8
        0x5582bff202d8
        0x5582bff202d8
        0x5582bff202d8
        0x5582bff202d8
        0x5582bff202d8
        0x5582bff202d8
        0x5582bff202d8
        0x5582bff202d8
        0x5582bff202d8
        0x5582bff202d8
        0x5582bff202d8
        0x5582bff202d8
        0x5582bff202d8
        0x5582bff202d8
        0x5582bff202d8
        0x5582bff202d8
        0x5582bff202d8
        0x5582bff202d8
        0x5582bff202d8
        0x5582bff202d8
        0x5582bff202d8
        0x5582bff202d8
        0x5582bff202d8
        0x5582bff202d8
        0x5582bff202d8
        0x5582bff202d8
        0x5582bff202d8
        0x5582bff202d8
        0x5582bff202d8
        0x5582bff202d8
        0x5582bff202d8
        0x5582bff202d8
        0x5582bff202d8
        0x5582bff202d8
        0x5582bff202d8
        0x5582bff202d8
        0x5582bff202d8
        0x5582bff202d8
        0x5582bff202d8
        0x5582bff202d8
]: 1
@preempt_stack[
        0x7feed026fe19
        0x7fef9000ffab
        0x7fef9000ec2b
        0x7fef9000fdab
        0x41cc9124
        0x416f6adf
        0x7feefb846428
        0x7feefb9e578f
        0x5582be808500
]: 1
@preempt_stack[
        0x7feefba3c40f
        0
        0
        0x5582be7abc18
        0x5582be7abc18
        0x5582be7abc18
        0x5582be7abc18
        0x5582be7abc18
        0x5582be7abc18
        0x5582be7abc18
        0x5582be7abc18
        0x5582be7abc18
        0x5582be7abc18
        0x5582be7abc18
        0x5582be7abc18
        0x5582be7abc18
        0x5582be7abc18
        0x5582be7abc18
        0x5582be7abc18
        0x5582be7abc18
        0x5582be7abc18
        0x5582be7abc18
        0x5582be7abc18
        0x5582be7abc18
        0x5582be7abc18
        0x5582be7abc18
        0x5582be7abc18
        0x5582be7abc18
        0x5582be7abc18
        0x5582be7abc18
        0x5582be7abc18
        0x5582be7abc18
        0x5582be7abc18
        0x5582be7abc18
        0x5582be7abc18
        0x5582be7abc18
        0x5582be7abc18
        0x5582be7abc18
        0x5582be7abc18
        0x5582be7abc18
        0x5582be7abc18
        0x5582be7abc18
        0x5582be7abc18
        0x5582be7abc18
        0x5582be7abc18
        0x5582be7abc18
        0x5582be7abc18
        0x5582be7abc18
        0x5582be7abc18
        0x5582be7abc18
        0x5582be7abc18
        0x5582be7abc18
        0x5582be7abc18
        0x5582be7abc18
        0x5582be7abc18
        0x5582be7abc18
        0x5582be7abc18
        0x5582be7abc18
        0x5582be7abc18
        0x5582be7abc18
        0x5582be7abc18
        0x5582be7abc18
        0x5582be7abc18
        0x5582be7abc18
        0x5582be7abc18
        0x5582be7abc18
        0x5582be7abc18
        0x5582be7abc18
        0x5582be7abc18
        0x5582be7abc18
        0x5582be7abc18
        0x5582be7abc18
        0x5582be7abc18
        0x5582be7abc18
        0x5582be7abc18
        0x5582be7abc18
        0x5582be7abc18
        0x5582be7abc18
        0x5582be7abc18
        0x5582be7abc18
        0x5582be7abc18
        0x5582be7abc18
        0x5582be7abc18
        0x5582be7abc18
        0x5582be7abc18
        0x5582be7abc18
        0x5582be7abc18
        0x5582be7abc18
        0x5582be7abc18
        0x5582be7abc18
        0x5582be7abc18
        0x5582be7abc18
        0x5582be7abc18
        0x5582be7abc18
        0x5582be7abc18
        0x5582be7abc18
        0x5582be7abc18
        0x5582be7abc18
        0x5582be7abc18
        0x5582be7abc18
        0x5582be7abc18
        0x5582be7abc18
        0x5582be7abc18
        0x5582be7abc18
        0x5582be7abc18
        0x5582be7abc18
        0x5582be7abc18
        0x5582be7abc18
        0x5582be7abc18
        0x5582be7abc18
        0x5582be7abc18
        0x5582be7abc18
        0x5582be7abc18
        0x5582be7abc18
        0x5582be7abc18
        0x5582be7abc18
        0x5582be7abc18
        0x5582be7abc18
        0x5582be7abc18
        0x5582be7abc18
        0x5582be7abc18
        0x5582be7abc18
        0x5582be7abc18
        0x5582be7abc18
        0x5582be7abc18
        0x5582be7abc18
        0x5582be7abc18
]: 1
@preempt_stack[
        0x7fef9c6bb322
]: 1
@preempt_stack[
        0x7fef9d57819d
        0x87935f000c7c1f35
]: 1
@preempt_stack[
        0x7feefb9cb5bf
        0
        0
        0x5582c1448910
]: 1
@preempt_stack[
        0x7fef9cb0813a
]: 1
@preempt_stack[
        0x4144ee60
        0x7feed0094b73
        0x7fef9000395b
        0x7feed0081abb
        0x411407a6
        0x7feefb846428
        0x7feefb9e578f
        0x5582be808500
]: 1
@preempt_stack[
        0x7feefb9ce4d8
        0x5582bf9766d8
        0x5582bf9766d8
        0x5582bf9766d8
        0x5582bf9766d8
        0x5582bf9766d8
        0x5582bf9766d8
        0x5582bf9766d8
        0x5582bf9766d8
        0x5582bf9766d8
        0x5582bf9766d8
        0x5582bf9766d8
        0x5582bf9766d8
        0x5582bf9766d8
        0x5582bf9766d8
        0x5582bf9766d8
        0x5582bf9766d8
        0x5582bf9766d8
        0x5582bf9766d8
        0x5582bf9766d8
        0x5582bf9766d8
        0x5582bf9766d8
        0x5582bf9766d8
        0x5582bf9766d8
        0x5582bf9766d8
        0x5582bf9766d8
        0x5582bf9766d8
        0x5582bf9766d8
        0x5582bf9766d8
        0x5582bf9766d8
        0x5582bf9766d8
        0x5582bf9766d8
        0x5582bf9766d8
        0x5582bf9766d8
        0x5582bf9766d8
        0x5582bf9766d8
        0x5582bf9766d8
        0x5582bf9766d8
        0x5582bf9766d8
        0x5582bf9766d8
        0x5582bf9766d8
        0x5582bf9766d8
        0x5582bf9766d8
        0x5582bf9766d8
        0x5582bf9766d8
        0x5582bf9766d8
        0x5582bf9766d8
        0x5582bf9766d8
        0x5582bf9766d8
        0x5582bf9766d8
        0x5582bf9766d8
        0x5582bf9766d8
        0x5582bf9766d8
        0x5582bf9766d8
        0x5582bf9766d8
        0x5582bf9766d8
        0x5582bf9766d8
        0x5582bf9766d8
        0x5582bf9766d8
        0x5582bf9766d8
        0x5582bf9766d8
        0x5582bf9766d8
        0x5582bf9766d8
        0x5582bf9766d8
        0x5582bf9766d8
        0x5582bf9766d8
        0x5582bf9766d8
        0x5582bf9766d8
        0x5582bf9766d8
        0x5582bf9766d8
        0x5582bf9766d8
        0x5582bf9766d8
        0x5582bf9766d8
        0x5582bf9766d8
        0x5582bf9766d8
        0x5582bf9766d8
        0x5582bf9766d8
        0x5582bf9766d8
        0x5582bf9766d8
        0x5582bf9766d8
        0x5582bf9766d8
        0x5582bf9766d8
        0x5582bf9766d8
        0x5582bf9766d8
        0x5582bf9766d8
        0x5582bf9766d8
        0x5582bf9766d8
        0x5582bf9766d8
        0x5582bf9766d8
        0x5582bf9766d8
        0x5582bf9766d8
        0x5582bf9766d8
        0x5582bf9766d8
        0x5582bf9766d8
        0x5582bf9766d8
        0x5582bf9766d8
        0x5582bf9766d8
        0x5582bf9766d8
        0x5582bf9766d8
        0x5582bf9766d8
        0x5582bf9766d8
        0x5582bf9766d8
        0x5582bf9766d8
        0x5582bf9766d8
        0x5582bf9766d8
        0x5582bf9766d8
        0x5582bf9766d8
        0x5582bf9766d8
        0x5582bf9766d8
        0x5582bf9766d8
        0x5582bf9766d8
        0x5582bf9766d8
        0x5582bf9766d8
        0x5582bf9766d8
        0x5582bf9766d8
        0x5582bf9766d8
        0x5582bf9766d8
        0x5582bf9766d8
        0x5582bf9766d8
        0x5582bf9766d8
        0x5582bf9766d8
        0x5582bf9766d8
        0x5582bf9766d8
        0x5582bf9766d8
        0x5582bf9766d8
        0x5582bf9766d8
        0x5582bf9766d8
]: 1
@preempt_stack[
        mono_g_hash_table_lookup_extended+66
        0x120000
        0x5582c1480bc0
        0x5582c1480bc0
        0x5582c1480bc0
        0x5582c1480bc0
        0x5582c1480bc0
        0x5582c1480bc0
        0x5582c1480bc0
        0x5582c1480bc0
        0x5582c1480bc0
        0x5582c1480bc0
        0x5582c1480bc0
        0x5582c1480bc0
        0x5582c1480bc0
        0x5582c1480bc0
        0x5582c1480bc0
        0x5582c1480bc0
        0x5582c1480bc0
        0x5582c1480bc0
        0x5582c1480bc0
        0x5582c1480bc0
        0x5582c1480bc0
        0x5582c1480bc0
        0x5582c1480bc0
        0x5582c1480bc0
        0x5582c1480bc0
        0x5582c1480bc0
        0x5582c1480bc0
        0x5582c1480bc0
        0x5582c1480bc0
        0x5582c1480bc0
        0x5582c1480bc0
        0x5582c1480bc0
        0x5582c1480bc0
        0x5582c1480bc0
        0x5582c1480bc0
        0x5582c1480bc0
        0x5582c1480bc0
        0x5582c1480bc0
        0x5582c1480bc0
        0x5582c1480bc0
        0x5582c1480bc0
        0x5582c1480bc0
        0x5582c1480bc0
        0x5582c1480bc0
        0x5582c1480bc0
        0x5582c1480bc0
        0x5582c1480bc0
        0x5582c1480bc0
        0x5582c1480bc0
        0x5582c1480bc0
        0x5582c1480bc0
        0x5582c1480bc0
        0x5582c1480bc0
        0x5582c1480bc0
        0x5582c1480bc0
        0x5582c1480bc0
        0x5582c1480bc0
        0x5582c1480bc0
        0x5582c1480bc0
        0x5582c1480bc0
        0x5582c1480bc0
        0x5582c1480bc0
        0x5582c1480bc0
        0x5582c1480bc0
        0x5582c1480bc0
        0x5582c1480bc0
        0x5582c1480bc0
        0x5582c1480bc0
        0x5582c1480bc0
        0x5582c1480bc0
        0x5582c1480bc0
        0x5582c1480bc0
        0x5582c1480bc0
        0x5582c1480bc0
        0x5582c1480bc0
        0x5582c1480bc0
        0x5582c1480bc0
        0x5582c1480bc0
        0x5582c1480bc0
        0x5582c1480bc0
        0x5582c1480bc0
        0x5582c1480bc0
        0x5582c1480bc0
        0x5582c1480bc0
        0x5582c1480bc0
        0x5582c1480bc0
        0x5582c1480bc0
        0x5582c1480bc0
        0x5582c1480bc0
        0x5582c1480bc0
        0x5582c1480bc0
        0x5582c1480bc0
        0x5582c1480bc0
        0x5582c1480bc0
        0x5582c1480bc0
        0x5582c1480bc0
        0x5582c1480bc0
        0x5582c1480bc0
        0x5582c1480bc0
        0x5582c1480bc0
        0x5582c1480bc0
        0x5582c1480bc0
        0x5582c1480bc0
        0x5582c1480bc0
        0x5582c1480bc0
        0x5582c1480bc0
        0x5582c1480bc0
        0x5582c1480bc0
        0x5582c1480bc0
        0x5582c1480bc0
        0x5582c1480bc0
        0x5582c1480bc0
        0x5582c1480bc0
        0x5582c1480bc0
        0x5582c1480bc0
        0x5582c1480bc0
        0x5582c1480bc0
        0x5582c1480bc0
        0x5582c1480bc0
        0x5582c1480bc0
        0x5582c1480bc0
        0x5582c1480bc0
        0x5582c1480bc0
        0x5582c1480bc0
        0x5582c1480bc0
]: 1
@preempt_stack[
        0x7feefba0c2e3
]: 1
@preempt_stack[
        monoeg_g_hash_table_remove_all+65
        0x14b5900000000
]: 1
@preempt_stack[
        0x7feefb9dcfa3
        0x120000
        0x5582bf5d3ab8
        0x5582bf5d3ab8
        0x5582bf5d3ab8
        0x5582bf5d3ab8
        0x5582bf5d3ab8
        0x5582bf5d3ab8
        0x5582bf5d3ab8
        0x5582bf5d3ab8
        0x5582bf5d3ab8
        0x5582bf5d3ab8
        0x5582bf5d3ab8
        0x5582bf5d3ab8
        0x5582bf5d3ab8
        0x5582bf5d3ab8
        0x5582bf5d3ab8
        0x5582bf5d3ab8
        0x5582bf5d3ab8
        0x5582bf5d3ab8
        0x5582bf5d3ab8
        0x5582bf5d3ab8
        0x5582bf5d3ab8
        0x5582bf5d3ab8
        0x5582bf5d3ab8
        0x5582bf5d3ab8
        0x5582bf5d3ab8
        0x5582bf5d3ab8
        0x5582bf5d3ab8
        0x5582bf5d3ab8
        0x5582bf5d3ab8
        0x5582bf5d3ab8
        0x5582bf5d3ab8
        0x5582bf5d3ab8
        0x5582bf5d3ab8
        0x5582bf5d3ab8
        0x5582bf5d3ab8
        0x5582bf5d3ab8
        0x5582bf5d3ab8
        0x5582bf5d3ab8
        0x5582bf5d3ab8
        0x5582bf5d3ab8
        0x5582bf5d3ab8
        0x5582bf5d3ab8
        0x5582bf5d3ab8
        0x5582bf5d3ab8
        0x5582bf5d3ab8
        0x5582bf5d3ab8
        0x5582bf5d3ab8
        0x5582bf5d3ab8
        0x5582bf5d3ab8
        0x5582bf5d3ab8
        0x5582bf5d3ab8
        0x5582bf5d3ab8
        0x5582bf5d3ab8
        0x5582bf5d3ab8
        0x5582bf5d3ab8
        0x5582bf5d3ab8
        0x5582bf5d3ab8
        0x5582bf5d3ab8
        0x5582bf5d3ab8
        0x5582bf5d3ab8
        0x5582bf5d3ab8
        0x5582bf5d3ab8
        0x5582bf5d3ab8
        0x5582bf5d3ab8
        0x5582bf5d3ab8
        0x5582bf5d3ab8
        0x5582bf5d3ab8
        0x5582bf5d3ab8
        0x5582bf5d3ab8
        0x5582bf5d3ab8
        0x5582bf5d3ab8
        0x5582bf5d3ab8
        0x5582bf5d3ab8
        0x5582bf5d3ab8
        0x5582bf5d3ab8
        0x5582bf5d3ab8
        0x5582bf5d3ab8
        0x5582bf5d3ab8
        0x5582bf5d3ab8
        0x5582bf5d3ab8
        0x5582bf5d3ab8
        0x5582bf5d3ab8
        0x5582bf5d3ab8
        0x5582bf5d3ab8
        0x5582bf5d3ab8
        0x5582bf5d3ab8
        0x5582bf5d3ab8
        0x5582bf5d3ab8
        0x5582bf5d3ab8
        0x5582bf5d3ab8
        0x5582bf5d3ab8
        0x5582bf5d3ab8
        0x5582bf5d3ab8
        0x5582bf5d3ab8
        0x5582bf5d3ab8
        0x5582bf5d3ab8
        0x5582bf5d3ab8
        0x5582bf5d3ab8
        0x5582bf5d3ab8
        0x5582bf5d3ab8
        0x5582bf5d3ab8
        0x5582bf5d3ab8
        0x5582bf5d3ab8
        0x5582bf5d3ab8
        0x5582bf5d3ab8
        0x5582bf5d3ab8
        0x5582bf5d3ab8
        0x5582bf5d3ab8
        0x5582bf5d3ab8
        0x5582bf5d3ab8
        0x5582bf5d3ab8
        0x5582bf5d3ab8
        0x5582bf5d3ab8
        0x5582bf5d3ab8
        0x5582bf5d3ab8
        0x5582bf5d3ab8
        0x5582bf5d3ab8
        0x5582bf5d3ab8
        0x5582bf5d3ab8
        0x5582bf5d3ab8
        0x5582bf5d3ab8
        0x5582bf5d3ab8
        0x5582bf5d3ab8
        0x5582bf5d3ab8
        0x5582bf5d3ab8
]: 1
@preempt_stack[
        0x7feefb9cb5b8
        0
        0
        0x5582be7e3900
]: 1
@preempt_stack[
        0x4172c52c
        0x411407a6
        0x7feefb846428
        0x7feefb9e578f
        0x5582be808500
]: 1
@preempt_stack[
        0x7fef9caa7a51
        0x7fef402a9800
]: 1
@preempt_stack[
        0x7feefb9dcfa3
        0x120000
        0x5582c1ae5050
        0x5582c1ae5050
        0x5582c1ae5050
        0x5582c1ae5050
        0x5582c1ae5050
        0x5582c1ae5050
        0x5582c1ae5050
        0x5582c1ae5050
        0x5582c1ae5050
        0x5582c1ae5050
        0x5582c1ae5050
        0x5582c1ae5050
        0x5582c1ae5050
        0x5582c1ae5050
        0x5582c1ae5050
        0x5582c1ae5050
        0x5582c1ae5050
        0x5582c1ae5050
        0x5582c1ae5050
        0x5582c1ae5050
        0x5582c1ae5050
        0x5582c1ae5050
        0x5582c1ae5050
        0x5582c1ae5050
        0x5582c1ae5050
        0x5582c1ae5050
        0x5582c1ae5050
        0x5582c1ae5050
        0x5582c1ae5050
        0x5582c1ae5050
        0x5582c1ae5050
        0x5582c1ae5050
        0x5582c1ae5050
        0x5582c1ae5050
        0x5582c1ae5050
        0x5582c1ae5050
        0x5582c1ae5050
        0x5582c1ae5050
        0x5582c1ae5050
        0x5582c1ae5050
        0x5582c1ae5050
        0x5582c1ae5050
        0x5582c1ae5050
        0x5582c1ae5050
        0x5582c1ae5050
        0x5582c1ae5050
        0x5582c1ae5050
        0x5582c1ae5050
        0x5582c1ae5050
        0x5582c1ae5050
        0x5582c1ae5050
        0x5582c1ae5050
        0x5582c1ae5050
        0x5582c1ae5050
        0x5582c1ae5050
        0x5582c1ae5050
        0x5582c1ae5050
        0x5582c1ae5050
        0x5582c1ae5050
        0x5582c1ae5050
        0x5582c1ae5050
        0x5582c1ae5050
        0x5582c1ae5050
        0x5582c1ae5050
        0x5582c1ae5050
        0x5582c1ae5050
        0x5582c1ae5050
        0x5582c1ae5050
        0x5582c1ae5050
        0x5582c1ae5050
        0x5582c1ae5050
        0x5582c1ae5050
        0x5582c1ae5050
        0x5582c1ae5050
        0x5582c1ae5050
        0x5582c1ae5050
        0x5582c1ae5050
        0x5582c1ae5050
        0x5582c1ae5050
        0x5582c1ae5050
        0x5582c1ae5050
        0x5582c1ae5050
        0x5582c1ae5050
        0x5582c1ae5050
        0x5582c1ae5050
        0x5582c1ae5050
        0x5582c1ae5050
        0x5582c1ae5050
        0x5582c1ae5050
        0x5582c1ae5050
        0x5582c1ae5050
        0x5582c1ae5050
        0x5582c1ae5050
        0x5582c1ae5050
        0x5582c1ae5050
        0x5582c1ae5050
        0x5582c1ae5050
        0x5582c1ae5050
        0x5582c1ae5050
        0x5582c1ae5050
        0x5582c1ae5050
        0x5582c1ae5050
        0x5582c1ae5050
        0x5582c1ae5050
        0x5582c1ae5050
        0x5582c1ae5050
        0x5582c1ae5050
        0x5582c1ae5050
        0x5582c1ae5050
        0x5582c1ae5050
        0x5582c1ae5050
        0x5582c1ae5050
        0x5582c1ae5050
        0x5582c1ae5050
        0x5582c1ae5050
        0x5582c1ae5050
        0x5582c1ae5050
        0x5582c1ae5050
        0x5582c1ae5050
        0x5582c1ae5050
        0x5582c1ae5050
        0x5582c1ae5050
        0x5582c1ae5050
        0x5582c1ae5050
        0x5582c1ae5050
]: 1
@preempt_stack[
        0x7feefb9ce4d8
        0x5582c17c8f28
        0x5582c17c8f28
        0x5582c17c8f28
        0x5582c17c8f28
        0x5582c17c8f28
        0x5582c17c8f28
        0x5582c17c8f28
        0x5582c17c8f28
        0x5582c17c8f28
        0x5582c17c8f28
        0x5582c17c8f28
        0x5582c17c8f28
        0x5582c17c8f28
        0x5582c17c8f28
        0x5582c17c8f28
        0x5582c17c8f28
        0x5582c17c8f28
        0x5582c17c8f28
        0x5582c17c8f28
        0x5582c17c8f28
        0x5582c17c8f28
        0x5582c17c8f28
        0x5582c17c8f28
        0x5582c17c8f28
        0x5582c17c8f28
        0x5582c17c8f28
        0x5582c17c8f28
        0x5582c17c8f28
        0x5582c17c8f28
        0x5582c17c8f28
        0x5582c17c8f28
        0x5582c17c8f28
        0x5582c17c8f28
        0x5582c17c8f28
        0x5582c17c8f28
        0x5582c17c8f28
        0x5582c17c8f28
        0x5582c17c8f28
        0x5582c17c8f28
        0x5582c17c8f28
        0x5582c17c8f28
        0x5582c17c8f28
        0x5582c17c8f28
        0x5582c17c8f28
        0x5582c17c8f28
        0x5582c17c8f28
        0x5582c17c8f28
        0x5582c17c8f28
        0x5582c17c8f28
        0x5582c17c8f28
        0x5582c17c8f28
        0x5582c17c8f28
        0x5582c17c8f28
        0x5582c17c8f28
        0x5582c17c8f28
        0x5582c17c8f28
        0x5582c17c8f28
        0x5582c17c8f28
        0x5582c17c8f28
        0x5582c17c8f28
        0x5582c17c8f28
        0x5582c17c8f28
        0x5582c17c8f28
        0x5582c17c8f28
        0x5582c17c8f28
        0x5582c17c8f28
        0x5582c17c8f28
        0x5582c17c8f28
        0x5582c17c8f28
        0x5582c17c8f28
        0x5582c17c8f28
        0x5582c17c8f28
        0x5582c17c8f28
        0x5582c17c8f28
        0x5582c17c8f28
        0x5582c17c8f28
        0x5582c17c8f28
        0x5582c17c8f28
        0x5582c17c8f28
        0x5582c17c8f28
        0x5582c17c8f28
        0x5582c17c8f28
        0x5582c17c8f28
        0x5582c17c8f28
        0x5582c17c8f28
        0x5582c17c8f28
        0x5582c17c8f28
        0x5582c17c8f28
        0x5582c17c8f28
        0x5582c17c8f28
        0x5582c17c8f28
        0x5582c17c8f28
        0x5582c17c8f28
        0x5582c17c8f28
        0x5582c17c8f28
        0x5582c17c8f28
        0x5582c17c8f28
        0x5582c17c8f28
        0x5582c17c8f28
        0x5582c17c8f28
        0x5582c17c8f28
        0x5582c17c8f28
        0x5582c17c8f28
        0x5582c17c8f28
        0x5582c17c8f28
        0x5582c17c8f28
        0x5582c17c8f28
        0x5582c17c8f28
        0x5582c17c8f28
        0x5582c17c8f28
        0x5582c17c8f28
        0x5582c17c8f28
        0x5582c17c8f28
        0x5582c17c8f28
        0x5582c17c8f28
        0x5582c17c8f28
        0x5582c17c8f28
        0x5582c17c8f28
        0x5582c17c8f28
        0x5582c17c8f28
        0x5582c17c8f28
        0x5582c17c8f28
        0x5582c17c8f28
        0x5582c17c8f28
        0x5582c17c8f28
        0x5582c17c8f28
]: 1
@preempt_stack[
        0x7feefba0f68f
        0x120000
        0x5582bec73240
        0x5582bec73240
        0x5582bec73240
        0x5582bec73240
        0x5582bec73240
        0x5582bec73240
        0x5582bec73240
        0x5582bec73240
        0x5582bec73240
        0x5582bec73240
        0x5582bec73240
        0x5582bec73240
        0x5582bec73240
        0x5582bec73240
        0x5582bec73240
        0x5582bec73240
        0x5582bec73240
        0x5582bec73240
        0x5582bec73240
        0x5582bec73240
        0x5582bec73240
        0x5582bec73240
        0x5582bec73240
        0x5582bec73240
        0x5582bec73240
        0x5582bec73240
        0x5582bec73240
        0x5582bec73240
        0x5582bec73240
        0x5582bec73240
        0x5582bec73240
        0x5582bec73240
        0x5582bec73240
        0x5582bec73240
        0x5582bec73240
        0x5582bec73240
        0x5582bec73240
        0x5582bec73240
        0x5582bec73240
        0x5582bec73240
        0x5582bec73240
        0x5582bec73240
        0x5582bec73240
        0x5582bec73240
        0x5582bec73240
        0x5582bec73240
        0x5582bec73240
        0x5582bec73240
        0x5582bec73240
        0x5582bec73240
        0x5582bec73240
        0x5582bec73240
        0x5582bec73240
        0x5582bec73240
        0x5582bec73240
        0x5582bec73240
        0x5582bec73240
        0x5582bec73240
        0x5582bec73240
        0x5582bec73240
        0x5582bec73240
        0x5582bec73240
        0x5582bec73240
        0x5582bec73240
        0x5582bec73240
        0x5582bec73240
        0x5582bec73240
        0x5582bec73240
        0x5582bec73240
        0x5582bec73240
        0x5582bec73240
        0x5582bec73240
        0x5582bec73240
        0x5582bec73240
        0x5582bec73240
        0x5582bec73240
        0x5582bec73240
        0x5582bec73240
        0x5582bec73240
        0x5582bec73240
        0x5582bec73240
        0x5582bec73240
        0x5582bec73240
        0x5582bec73240
        0x5582bec73240
        0x5582bec73240
        0x5582bec73240
        0x5582bec73240
        0x5582bec73240
        0x5582bec73240
        0x5582bec73240
        0x5582bec73240
        0x5582bec73240
        0x5582bec73240
        0x5582bec73240
        0x5582bec73240
        0x5582bec73240
        0x5582bec73240
        0x5582bec73240
        0x5582bec73240
        0x5582bec73240
        0x5582bec73240
        0x5582bec73240
        0x5582bec73240
        0x5582bec73240
        0x5582bec73240
        0x5582bec73240
        0x5582bec73240
        0x5582bec73240
        0x5582bec73240
        0x5582bec73240
        0x5582bec73240
        0x5582bec73240
        0x5582bec73240
        0x5582bec73240
        0x5582bec73240
        0x5582bec73240
        0x5582bec73240
        0x5582bec73240
        0x5582bec73240
        0x5582bec73240
        0x5582bec73240
        0x5582bec73240
        0x5582bec73240
        0x5582bec73240
]: 1
@preempt_stack[
        mono_metadata_type_hash+106
        0x110000
        0x5582c1371d90
        0x5582c1371d90
        0x5582c1371d90
        0x5582c1371d90
        0x5582c1371d90
        0x5582c1371d90
        0x5582c1371d90
        0x5582c1371d90
        0x5582c1371d90
        0x5582c1371d90
        0x5582c1371d90
        0x5582c1371d90
        0x5582c1371d90
        0x5582c1371d90
        0x5582c1371d90
        0x5582c1371d90
        0x5582c1371d90
        0x5582c1371d90
        0x5582c1371d90
        0x5582c1371d90
        0x5582c1371d90
        0x5582c1371d90
        0x5582c1371d90
        0x5582c1371d90
        0x5582c1371d90
        0x5582c1371d90
        0x5582c1371d90
        0x5582c1371d90
        0x5582c1371d90
        0x5582c1371d90
        0x5582c1371d90
        0x5582c1371d90
        0x5582c1371d90
        0x5582c1371d90
        0x5582c1371d90
        0x5582c1371d90
        0x5582c1371d90
        0x5582c1371d90
        0x5582c1371d90
        0x5582c1371d90
        0x5582c1371d90
        0x5582c1371d90
        0x5582c1371d90
        0x5582c1371d90
        0x5582c1371d90
        0x5582c1371d90
        0x5582c1371d90
        0x5582c1371d90
        0x5582c1371d90
        0x5582c1371d90
        0x5582c1371d90
        0x5582c1371d90
        0x5582c1371d90
        0x5582c1371d90
        0x5582c1371d90
        0x5582c1371d90
        0x5582c1371d90
        0x5582c1371d90
        0x5582c1371d90
        0x5582c1371d90
        0x5582c1371d90
        0x5582c1371d90
        0x5582c1371d90
        0x5582c1371d90
        0x5582c1371d90
        0x5582c1371d90
        0x5582c1371d90
        0x5582c1371d90
        0x5582c1371d90
        0x5582c1371d90
        0x5582c1371d90
        0x5582c1371d90
        0x5582c1371d90
        0x5582c1371d90
        0x5582c1371d90
        0x5582c1371d90
        0x5582c1371d90
        0x5582c1371d90
        0x5582c1371d90
        0x5582c1371d90
        0x5582c1371d90
        0x5582c1371d90
        0x5582c1371d90
        0x5582c1371d90
        0x5582c1371d90
        0x5582c1371d90
        0x5582c1371d90
        0x5582c1371d90
        0x5582c1371d90
        0x5582c1371d90
        0x5582c1371d90
        0x5582c1371d90
        0x5582c1371d90
        0x5582c1371d90
        0x5582c1371d90
        0x5582c1371d90
        0x5582c1371d90
        0x5582c1371d90
        0x5582c1371d90
        0x5582c1371d90
        0x5582c1371d90
        0x5582c1371d90
        0x5582c1371d90
        0x5582c1371d90
        0x5582c1371d90
        0x5582c1371d90
        0x5582c1371d90
        0x5582c1371d90
        0x5582c1371d90
        0x5582c1371d90
        0x5582c1371d90
        0x5582c1371d90
        0x5582c1371d90
        0x5582c1371d90
        0x5582c1371d90
        0x5582c1371d90
        0x5582c1371d90
        0x5582c1371d90
        0x5582c1371d90
        0x5582c1371d90
        0x5582c1371d90
        0x5582c1371d90
        0x5582c1371d90
        0x5582c1371d90
        0x5582c1371d90
]: 1
@preempt_stack[
        0x7fef9bbb8823
]: 1
@preempt_stack[
        0x7feefb9e44f9
        0x120000
        0x5582bfafdff0
        0x5582bfafdff0
        0x5582bfafdff0
        0x5582bfafdff0
        0x5582bfafdff0
        0x5582bfafdff0
        0x5582bfafdff0
        0x5582bfafdff0
        0x5582bfafdff0
        0x5582bfafdff0
        0x5582bfafdff0
        0x5582bfafdff0
        0x5582bfafdff0
        0x5582bfafdff0
        0x5582bfafdff0
        0x5582bfafdff0
        0x5582bfafdff0
        0x5582bfafdff0
        0x5582bfafdff0
        0x5582bfafdff0
        0x5582bfafdff0
        0x5582bfafdff0
        0x5582bfafdff0
        0x5582bfafdff0
        0x5582bfafdff0
        0x5582bfafdff0
        0x5582bfafdff0
        0x5582bfafdff0
        0x5582bfafdff0
        0x5582bfafdff0
        0x5582bfafdff0
        0x5582bfafdff0
        0x5582bfafdff0
        0x5582bfafdff0
        0x5582bfafdff0
        0x5582bfafdff0
        0x5582bfafdff0
        0x5582bfafdff0
        0x5582bfafdff0
        0x5582bfafdff0
        0x5582bfafdff0
        0x5582bfafdff0
        0x5582bfafdff0
        0x5582bfafdff0
        0x5582bfafdff0
        0x5582bfafdff0
        0x5582bfafdff0
        0x5582bfafdff0
        0x5582bfafdff0
        0x5582bfafdff0
        0x5582bfafdff0
        0x5582bfafdff0
        0x5582bfafdff0
        0x5582bfafdff0
        0x5582bfafdff0
        0x5582bfafdff0
        0x5582bfafdff0
        0x5582bfafdff0
        0x5582bfafdff0
        0x5582bfafdff0
        0x5582bfafdff0
        0x5582bfafdff0
        0x5582bfafdff0
        0x5582bfafdff0
        0x5582bfafdff0
        0x5582bfafdff0
        0x5582bfafdff0
        0x5582bfafdff0
        0x5582bfafdff0
        0x5582bfafdff0
        0x5582bfafdff0
        0x5582bfafdff0
        0x5582bfafdff0
        0x5582bfafdff0
        0x5582bfafdff0
        0x5582bfafdff0
        0x5582bfafdff0
        0x5582bfafdff0
        0x5582bfafdff0
        0x5582bfafdff0
        0x5582bfafdff0
        0x5582bfafdff0
        0x5582bfafdff0
        0x5582bfafdff0
        0x5582bfafdff0
        0x5582bfafdff0
        0x5582bfafdff0
        0x5582bfafdff0
        0x5582bfafdff0
        0x5582bfafdff0
        0x5582bfafdff0
        0x5582bfafdff0
        0x5582bfafdff0
        0x5582bfafdff0
        0x5582bfafdff0
        0x5582bfafdff0
        0x5582bfafdff0
        0x5582bfafdff0
        0x5582bfafdff0
        0x5582bfafdff0
        0x5582bfafdff0
        0x5582bfafdff0
        0x5582bfafdff0
        0x5582bfafdff0
        0x5582bfafdff0
        0x5582bfafdff0
        0x5582bfafdff0
        0x5582bfafdff0
        0x5582bfafdff0
        0x5582bfafdff0
        0x5582bfafdff0
        0x5582bfafdff0
        0x5582bfafdff0
        0x5582bfafdff0
        0x5582bfafdff0
        0x5582bfafdff0
        0x5582bfafdff0
        0x5582bfafdff0
        0x5582bfafdff0
        0x5582bfafdff0
        0x5582bfafdff0
        0x5582bfafdff0
        0x5582bfafdff0
        0x5582bfafdff0
        0x5582bfafdff0
]: 1
@preempt_stack[
        0x7feefba0d520
]: 1
@preempt_stack[
        0x7feefb9dcfa3
        0x120000
        0x5582c17afcc8
        0x5582c17afcc8
        0x5582c17afcc8
        0x5582c17afcc8
        0x5582c17afcc8
        0x5582c17afcc8
        0x5582c17afcc8
        0x5582c17afcc8
        0x5582c17afcc8
        0x5582c17afcc8
        0x5582c17afcc8
        0x5582c17afcc8
        0x5582c17afcc8
        0x5582c17afcc8
        0x5582c17afcc8
        0x5582c17afcc8
        0x5582c17afcc8
        0x5582c17afcc8
        0x5582c17afcc8
        0x5582c17afcc8
        0x5582c17afcc8
        0x5582c17afcc8
        0x5582c17afcc8
        0x5582c17afcc8
        0x5582c17afcc8
        0x5582c17afcc8
        0x5582c17afcc8
        0x5582c17afcc8
        0x5582c17afcc8
        0x5582c17afcc8
        0x5582c17afcc8
        0x5582c17afcc8
        0x5582c17afcc8
        0x5582c17afcc8
        0x5582c17afcc8
        0x5582c17afcc8
        0x5582c17afcc8
        0x5582c17afcc8
        0x5582c17afcc8
        0x5582c17afcc8
        0x5582c17afcc8
        0x5582c17afcc8
        0x5582c17afcc8
        0x5582c17afcc8
        0x5582c17afcc8
        0x5582c17afcc8
        0x5582c17afcc8
        0x5582c17afcc8
        0x5582c17afcc8
        0x5582c17afcc8
        0x5582c17afcc8
        0x5582c17afcc8
        0x5582c17afcc8
        0x5582c17afcc8
        0x5582c17afcc8
        0x5582c17afcc8
        0x5582c17afcc8
        0x5582c17afcc8
        0x5582c17afcc8
        0x5582c17afcc8
        0x5582c17afcc8
        0x5582c17afcc8
        0x5582c17afcc8
        0x5582c17afcc8
        0x5582c17afcc8
        0x5582c17afcc8
        0x5582c17afcc8
        0x5582c17afcc8
        0x5582c17afcc8
        0x5582c17afcc8
        0x5582c17afcc8
        0x5582c17afcc8
        0x5582c17afcc8
        0x5582c17afcc8
        0x5582c17afcc8
        0x5582c17afcc8
        0x5582c17afcc8
        0x5582c17afcc8
        0x5582c17afcc8
        0x5582c17afcc8
        0x5582c17afcc8
        0x5582c17afcc8
        0x5582c17afcc8
        0x5582c17afcc8
        0x5582c17afcc8
        0x5582c17afcc8
        0x5582c17afcc8
        0x5582c17afcc8
        0x5582c17afcc8
        0x5582c17afcc8
        0x5582c17afcc8
        0x5582c17afcc8
        0x5582c17afcc8
        0x5582c17afcc8
        0x5582c17afcc8
        0x5582c17afcc8
        0x5582c17afcc8
        0x5582c17afcc8
        0x5582c17afcc8
        0x5582c17afcc8
        0x5582c17afcc8
        0x5582c17afcc8
        0x5582c17afcc8
        0x5582c17afcc8
        0x5582c17afcc8
        0x5582c17afcc8
        0x5582c17afcc8
        0x5582c17afcc8
        0x5582c17afcc8
        0x5582c17afcc8
        0x5582c17afcc8
        0x5582c17afcc8
        0x5582c17afcc8
        0x5582c17afcc8
        0x5582c17afcc8
        0x5582c17afcc8
        0x5582c17afcc8
        0x5582c17afcc8
        0x5582c17afcc8
        0x5582c17afcc8
        0x5582c17afcc8
        0x5582c17afcc8
        0x5582c17afcc8
        0x5582c17afcc8
        0x5582c17afcc8
]: 1
@preempt_stack[
        0x7fef9d853acb
        0xea00038ffffe890
        0x7fef9ca02410
        0x8348078948011124
]: 1
@preempt_stack[
        mono_metadata_type_hash+80
        0x120000
        0x5582c19a42b0
        0x5582c19a42b0
        0x5582c19a42b0
        0x5582c19a42b0
        0x5582c19a42b0
        0x5582c19a42b0
        0x5582c19a42b0
        0x5582c19a42b0
        0x5582c19a42b0
        0x5582c19a42b0
        0x5582c19a42b0
        0x5582c19a42b0
        0x5582c19a42b0
        0x5582c19a42b0
        0x5582c19a42b0
        0x5582c19a42b0
        0x5582c19a42b0
        0x5582c19a42b0
        0x5582c19a42b0
        0x5582c19a42b0
        0x5582c19a42b0
        0x5582c19a42b0
        0x5582c19a42b0
        0x5582c19a42b0
        0x5582c19a42b0
        0x5582c19a42b0
        0x5582c19a42b0
        0x5582c19a42b0
        0x5582c19a42b0
        0x5582c19a42b0
        0x5582c19a42b0
        0x5582c19a42b0
        0x5582c19a42b0
        0x5582c19a42b0
        0x5582c19a42b0
        0x5582c19a42b0
        0x5582c19a42b0
        0x5582c19a42b0
        0x5582c19a42b0
        0x5582c19a42b0
        0x5582c19a42b0
        0x5582c19a42b0
        0x5582c19a42b0
        0x5582c19a42b0
        0x5582c19a42b0
        0x5582c19a42b0
        0x5582c19a42b0
        0x5582c19a42b0
        0x5582c19a42b0
        0x5582c19a42b0
        0x5582c19a42b0
        0x5582c19a42b0
        0x5582c19a42b0
        0x5582c19a42b0
        0x5582c19a42b0
        0x5582c19a42b0
        0x5582c19a42b0
        0x5582c19a42b0
        0x5582c19a42b0
        0x5582c19a42b0
        0x5582c19a42b0
        0x5582c19a42b0
        0x5582c19a42b0
        0x5582c19a42b0
        0x5582c19a42b0
        0x5582c19a42b0
        0x5582c19a42b0
        0x5582c19a42b0
        0x5582c19a42b0
        0x5582c19a42b0
        0x5582c19a42b0
        0x5582c19a42b0
        0x5582c19a42b0
        0x5582c19a42b0
        0x5582c19a42b0
        0x5582c19a42b0
        0x5582c19a42b0
        0x5582c19a42b0
        0x5582c19a42b0
        0x5582c19a42b0
        0x5582c19a42b0
        0x5582c19a42b0
        0x5582c19a42b0
        0x5582c19a42b0
        0x5582c19a42b0
        0x5582c19a42b0
        0x5582c19a42b0
        0x5582c19a42b0
        0x5582c19a42b0
        0x5582c19a42b0
        0x5582c19a42b0
        0x5582c19a42b0
        0x5582c19a42b0
        0x5582c19a42b0
        0x5582c19a42b0
        0x5582c19a42b0
        0x5582c19a42b0
        0x5582c19a42b0
        0x5582c19a42b0
        0x5582c19a42b0
        0x5582c19a42b0
        0x5582c19a42b0
        0x5582c19a42b0
        0x5582c19a42b0
        0x5582c19a42b0
        0x5582c19a42b0
        0x5582c19a42b0
        0x5582c19a42b0
        0x5582c19a42b0
        0x5582c19a42b0
        0x5582c19a42b0
        0x5582c19a42b0
        0x5582c19a42b0
        0x5582c19a42b0
        0x5582c19a42b0
        0x5582c19a42b0
        0x5582c19a42b0
        0x5582c19a42b0
        0x5582c19a42b0
        0x5582c19a42b0
        0x5582c19a42b0
        0x5582c19a42b0
        0x5582c19a42b0
        0x5582c19a42b0
        0x5582c19a42b0
]: 1
@preempt_stack[
        0x41a72c00
        0x41c24529
        0x41c1c3f7
        0x413821e6
        0x4137da64
        0x7feefb846428
        0x7feefb9e578f
        0x5582be808500
]: 1
@preempt_stack[
        0x7feefba0f68f
        0x130000
        0x1
        0
        0x5582c0232350
]: 1
@preempt_stack[
        0x41b870c8
        0x41b87864
        0x416f6adf
        0x7feefb846428
        0x7feefb9e578f
        0x5582be808500
]: 1
@preempt_stack[
        0x7feefb972c35
        0x5582bf1633d0
        0x5582bf156880
]: 1
@preempt_stack[
        0x41cd7d81
        0x41cd5458
        0x41cd52e0
        0x41ccfb84
        0
        0
        0x5582bf3bc3a8
        0x5582bf3bc3a8
        0x5582bf3bc3a8
        0x5582bf3bc3a8
        0x5582bf3bc3a8
        0x5582bf3bc3a8
        0x5582bf3bc3a8
        0x5582bf3bc3a8
        0x5582bf3bc3a8
        0x5582bf3bc3a8
        0x5582bf3bc3a8
        0x5582bf3bc3a8
        0x5582bf3bc3a8
        0x5582bf3bc3a8
        0x5582bf3bc3a8
        0x5582bf3bc3a8
        0x5582bf3bc3a8
        0x5582bf3bc3a8
        0x5582bf3bc3a8
        0x5582bf3bc3a8
        0x5582bf3bc3a8
        0x5582bf3bc3a8
        0x5582bf3bc3a8
        0x5582bf3bc3a8
        0x5582bf3bc3a8
        0x5582bf3bc3a8
        0x5582bf3bc3a8
        0x5582bf3bc3a8
        0x5582bf3bc3a8
        0x5582bf3bc3a8
        0x5582bf3bc3a8
        0x5582bf3bc3a8
        0x5582bf3bc3a8
        0x5582bf3bc3a8
        0x5582bf3bc3a8
        0x5582bf3bc3a8
        0x5582bf3bc3a8
        0x5582bf3bc3a8
        0x5582bf3bc3a8
        0x5582bf3bc3a8
        0x5582bf3bc3a8
        0x5582bf3bc3a8
        0x5582bf3bc3a8
        0x5582bf3bc3a8
        0x5582bf3bc3a8
        0x5582bf3bc3a8
        0x5582bf3bc3a8
        0x5582bf3bc3a8
        0x5582bf3bc3a8
        0x5582bf3bc3a8
        0x5582bf3bc3a8
        0x5582bf3bc3a8
        0x5582bf3bc3a8
        0x5582bf3bc3a8
        0x5582bf3bc3a8
        0x5582bf3bc3a8
        0x5582bf3bc3a8
        0x5582bf3bc3a8
        0x5582bf3bc3a8
        0x5582bf3bc3a8
        0x5582bf3bc3a8
        0x5582bf3bc3a8
        0x5582bf3bc3a8
        0x5582bf3bc3a8
        0x5582bf3bc3a8
        0x5582bf3bc3a8
        0x5582bf3bc3a8
        0x5582bf3bc3a8
        0x5582bf3bc3a8
        0x5582bf3bc3a8
        0x5582bf3bc3a8
        0x5582bf3bc3a8
        0x5582bf3bc3a8
        0x5582bf3bc3a8
        0x5582bf3bc3a8
        0x5582bf3bc3a8
        0x5582bf3bc3a8
        0x5582bf3bc3a8
        0x5582bf3bc3a8
        0x5582bf3bc3a8
        0x5582bf3bc3a8
        0x5582bf3bc3a8
        0x5582bf3bc3a8
        0x5582bf3bc3a8
        0x5582bf3bc3a8
        0x5582bf3bc3a8
        0x5582bf3bc3a8
        0x5582bf3bc3a8
        0x5582bf3bc3a8
        0x5582bf3bc3a8
        0x5582bf3bc3a8
        0x5582bf3bc3a8
        0x5582bf3bc3a8
        0x5582bf3bc3a8
        0x5582bf3bc3a8
        0x5582bf3bc3a8
        0x5582bf3bc3a8
        0x5582bf3bc3a8
        0x5582bf3bc3a8
        0x5582bf3bc3a8
        0x5582bf3bc3a8
        0x5582bf3bc3a8
        0x5582bf3bc3a8
        0x5582bf3bc3a8
        0x5582bf3bc3a8
        0x5582bf3bc3a8
        0x5582bf3bc3a8
        0x5582bf3bc3a8
        0x5582bf3bc3a8
        0x5582bf3bc3a8
        0x5582bf3bc3a8
        0x5582bf3bc3a8
        0x5582bf3bc3a8
        0x5582bf3bc3a8
        0x5582bf3bc3a8
        0x5582bf3bc3a8
        0x5582bf3bc3a8
        0x5582bf3bc3a8
        0x5582bf3bc3a8
        0x5582bf3bc3a8
        0x5582bf3bc3a8
]: 1
@preempt_stack[
        mono_domain_get+1
]: 1
@preempt_stack[
        mono_class_from_mono_type_internal+13
        0x120000
        0x5582bfb4cda8
        0x5582bfb4cda8
        0x5582bfb4cda8
        0x5582bfb4cda8
        0x5582bfb4cda8
        0x5582bfb4cda8
        0x5582bfb4cda8
        0x5582bfb4cda8
        0x5582bfb4cda8
        0x5582bfb4cda8
        0x5582bfb4cda8
        0x5582bfb4cda8
        0x5582bfb4cda8
        0x5582bfb4cda8
        0x5582bfb4cda8
        0x5582bfb4cda8
        0x5582bfb4cda8
        0x5582bfb4cda8
        0x5582bfb4cda8
        0x5582bfb4cda8
        0x5582bfb4cda8
        0x5582bfb4cda8
        0x5582bfb4cda8
        0x5582bfb4cda8
        0x5582bfb4cda8
        0x5582bfb4cda8
        0x5582bfb4cda8
        0x5582bfb4cda8
        0x5582bfb4cda8
        0x5582bfb4cda8
        0x5582bfb4cda8
        0x5582bfb4cda8
        0x5582bfb4cda8
        0x5582bfb4cda8
        0x5582bfb4cda8
        0x5582bfb4cda8
        0x5582bfb4cda8
        0x5582bfb4cda8
        0x5582bfb4cda8
        0x5582bfb4cda8
        0x5582bfb4cda8
        0x5582bfb4cda8
        0x5582bfb4cda8
        0x5582bfb4cda8
        0x5582bfb4cda8
        0x5582bfb4cda8
        0x5582bfb4cda8
        0x5582bfb4cda8
        0x5582bfb4cda8
        0x5582bfb4cda8
        0x5582bfb4cda8
        0x5582bfb4cda8
        0x5582bfb4cda8
        0x5582bfb4cda8
        0x5582bfb4cda8
        0x5582bfb4cda8
        0x5582bfb4cda8
        0x5582bfb4cda8
        0x5582bfb4cda8
        0x5582bfb4cda8
        0x5582bfb4cda8
        0x5582bfb4cda8
        0x5582bfb4cda8
        0x5582bfb4cda8
        0x5582bfb4cda8
        0x5582bfb4cda8
        0x5582bfb4cda8
        0x5582bfb4cda8
        0x5582bfb4cda8
        0x5582bfb4cda8
        0x5582bfb4cda8
        0x5582bfb4cda8
        0x5582bfb4cda8
        0x5582bfb4cda8
        0x5582bfb4cda8
        0x5582bfb4cda8
        0x5582bfb4cda8
        0x5582bfb4cda8
        0x5582bfb4cda8
        0x5582bfb4cda8
        0x5582bfb4cda8
        0x5582bfb4cda8
        0x5582bfb4cda8
        0x5582bfb4cda8
        0x5582bfb4cda8
        0x5582bfb4cda8
        0x5582bfb4cda8
        0x5582bfb4cda8
        0x5582bfb4cda8
        0x5582bfb4cda8
        0x5582bfb4cda8
        0x5582bfb4cda8
        0x5582bfb4cda8
        0x5582bfb4cda8
        0x5582bfb4cda8
        0x5582bfb4cda8
        0x5582bfb4cda8
        0x5582bfb4cda8
        0x5582bfb4cda8
        0x5582bfb4cda8
        0x5582bfb4cda8
        0x5582bfb4cda8
        0x5582bfb4cda8
        0x5582bfb4cda8
        0x5582bfb4cda8
        0x5582bfb4cda8
        0x5582bfb4cda8
        0x5582bfb4cda8
        0x5582bfb4cda8
        0x5582bfb4cda8
        0x5582bfb4cda8
        0x5582bfb4cda8
        0x5582bfb4cda8
        0x5582bfb4cda8
        0x5582bfb4cda8
        0x5582bfb4cda8
        0x5582bfb4cda8
        0x5582bfb4cda8
        0x5582bfb4cda8
        0x5582bfb4cda8
        0x5582bfb4cda8
        0x5582bfb4cda8
        0x5582bfb4cda8
        0x5582bfb4cda8
        0x5582bfb4cda8
]: 1
@preempt_stack[
        0x41c5919a
]: 1
@preempt_stack[
        0x7fef9cd3d001
]: 1
@preempt_stack[
        0x41b87e06
        0x41b87864
        0x416f6adf
        0x7feefb846428
        0x7feefb9e578f
        0x5582be808500
]: 1
@preempt_stack[
        0x7fef9cd4af07
        0x3f8000003f800000
]: 1
@preempt_stack[
        0x41138d6e
        0x412058c4
        0x4120581c
        0x41205638
        0x412054d4
        0x413e8368
        0x416ff934
        0x411407a6
        0x7feefb846428
        0x7feefb9e578f
        0x5582be808500
]: 1
@preempt_stack[
        0x7fef9ccbe710
]: 1
@preempt_stack[
        __pthread_getspecific+29
        0x7fef60c608d0
        0x7fef9d8a3f60
        0x1047c7480789
]: 1
@preempt_stack[
        GC_push_next_marked_dirty+134
        GC_maybe_gc+277
        0
]: 1
@preempt_stack[
        0x7fef9bbb8840
]: 1
@preempt_stack[
        0x7fef9cd2dd92
        0xbd343f63
]: 1
@preempt_stack[
        0x7fef9c907604
        0
]: 1
@preempt_stack[
        0x7fef9cd2ae11
        0
]: 1
@preempt_stack[
        0x7fef9d81b570
        0x7fef60c608d0
]: 1
@preempt_stack[
        0x7fef9de72860
]: 1
@preempt_stack[
        0x7fef9cd4ed84
        0x1735a78
]: 1
@preempt_stack[
        0x7feefb9cb5b8
        0
        0
        0x5582bed6b0b0
]: 1
@preempt_stack[
        0x7fef9d6dbdd4
]: 1
@preempt_stack[
        0x7feefb9dcf92
        0x120000
        0x5582c1e40f38
        0x5582c1e40f38
        0x5582c1e40f38
        0x5582c1e40f38
        0x5582c1e40f38
        0x5582c1e40f38
        0x5582c1e40f38
        0x5582c1e40f38
        0x5582c1e40f38
        0x5582c1e40f38
        0x5582c1e40f38
        0x5582c1e40f38
        0x5582c1e40f38
        0x5582c1e40f38
        0x5582c1e40f38
        0x5582c1e40f38
        0x5582c1e40f38
        0x5582c1e40f38
        0x5582c1e40f38
        0x5582c1e40f38
        0x5582c1e40f38
        0x5582c1e40f38
        0x5582c1e40f38
        0x5582c1e40f38
        0x5582c1e40f38
        0x5582c1e40f38
        0x5582c1e40f38
        0x5582c1e40f38
        0x5582c1e40f38
        0x5582c1e40f38
        0x5582c1e40f38
        0x5582c1e40f38
        0x5582c1e40f38
        0x5582c1e40f38
        0x5582c1e40f38
        0x5582c1e40f38
        0x5582c1e40f38
        0x5582c1e40f38
        0x5582c1e40f38
        0x5582c1e40f38
        0x5582c1e40f38
        0x5582c1e40f38
        0x5582c1e40f38
        0x5582c1e40f38
        0x5582c1e40f38
        0x5582c1e40f38
        0x5582c1e40f38
        0x5582c1e40f38
        0x5582c1e40f38
        0x5582c1e40f38
        0x5582c1e40f38
        0x5582c1e40f38
        0x5582c1e40f38
        0x5582c1e40f38
        0x5582c1e40f38
        0x5582c1e40f38
        0x5582c1e40f38
        0x5582c1e40f38
        0x5582c1e40f38
        0x5582c1e40f38
        0x5582c1e40f38
        0x5582c1e40f38
        0x5582c1e40f38
        0x5582c1e40f38
        0x5582c1e40f38
        0x5582c1e40f38
        0x5582c1e40f38
        0x5582c1e40f38
        0x5582c1e40f38
        0x5582c1e40f38
        0x5582c1e40f38
        0x5582c1e40f38
        0x5582c1e40f38
        0x5582c1e40f38
        0x5582c1e40f38
        0x5582c1e40f38
        0x5582c1e40f38
        0x5582c1e40f38
        0x5582c1e40f38
        0x5582c1e40f38
        0x5582c1e40f38
        0x5582c1e40f38
        0x5582c1e40f38
        0x5582c1e40f38
        0x5582c1e40f38
        0x5582c1e40f38
        0x5582c1e40f38
        0x5582c1e40f38
        0x5582c1e40f38
        0x5582c1e40f38
        0x5582c1e40f38
        0x5582c1e40f38
        0x5582c1e40f38
        0x5582c1e40f38
        0x5582c1e40f38
        0x5582c1e40f38
        0x5582c1e40f38
        0x5582c1e40f38
        0x5582c1e40f38
        0x5582c1e40f38
        0x5582c1e40f38
        0x5582c1e40f38
        0x5582c1e40f38
        0x5582c1e40f38
        0x5582c1e40f38
        0x5582c1e40f38
        0x5582c1e40f38
        0x5582c1e40f38
        0x5582c1e40f38
        0x5582c1e40f38
        0x5582c1e40f38
        0x5582c1e40f38
        0x5582c1e40f38
        0x5582c1e40f38
        0x5582c1e40f38
        0x5582c1e40f38
        0x5582c1e40f38
        0x5582c1e40f38
        0x5582c1e40f38
        0x5582c1e40f38
        0x5582c1e40f38
        0x5582c1e40f38
        0x5582c1e40f38
        0x5582c1e40f38
        0x5582c1e40f38
]: 1
@preempt_stack[
        0x7feefb88ffac
        0xffffffff00000023
]: 1
@preempt_stack[
        mono_class_get_checked+0
]: 1
@preempt_stack[
        0x7fef9ccd7ca8
        0x681
]: 1
@preempt_stack[
        0x7fef9cd40445
        0
]: 1
@preempt_stack[
        GC_continue_reclaim+141
        0
]: 1
@preempt_stack[
        0x7feefb9b2518
]: 1
@preempt_stack[
        0x7fef9bbb8166
        0x3f80000000010000
        0x7fef61dcd510
        0x58
]: 1
@preempt_stack[
        0x7feefb9cb75e
        0x130000
        0
        0
        0x5582c1490770
]: 1
@preempt_stack[
        0x7fef9cd4eca7
]: 1
@preempt_stack[
        GC_gcj_malloc+99
        0x7fef9000c483
        0x7fef90004e7b
        0x7feed007fd4b
        0x7feed0095573
        0x7fef9000395b
        0x7feed0081abb
        0x411407a6
        0x7feefb846428
        0x7feefb9e578f
        0x5582be808500
]: 1
@preempt_stack[
        0x7fed9e197081
]: 1
@preempt_stack[
        0x7fef9d5b33f2
]: 1
@preempt_stack[
        0x41c26fbb
        0x41c59184
]: 1
@preempt_stack[
        0x7fef9c9076a5
        0x7fef60688b40
        0x24102440242
]: 1
@preempt_stack[
        0x7fef9c7a8a0c
]: 1
@preempt_stack[
        0x7fef9cd5178f
]: 1
@preempt_stack[
        0x411ab09a
        0x41b87864
        0x416f6adf
        0x7feefb846428
        0x7feefb9e578f
        0x5582be808500
]: 1
@preempt_stack[
        0x411105f0
]: 1
@preempt_stack[
        0x7fed9f0e2db6
        0
]: 1
@preempt_stack[
        mono_metadata_type_hash+80
        0x120000
        0x5582c1a38a90
        0x5582c1a38a90
        0x5582c1a38a90
        0x5582c1a38a90
        0x5582c1a38a90
        0x5582c1a38a90
        0x5582c1a38a90
        0x5582c1a38a90
        0x5582c1a38a90
        0x5582c1a38a90
        0x5582c1a38a90
        0x5582c1a38a90
        0x5582c1a38a90
        0x5582c1a38a90
        0x5582c1a38a90
        0x5582c1a38a90
        0x5582c1a38a90
        0x5582c1a38a90
        0x5582c1a38a90
        0x5582c1a38a90
        0x5582c1a38a90
        0x5582c1a38a90
        0x5582c1a38a90
        0x5582c1a38a90
        0x5582c1a38a90
        0x5582c1a38a90
        0x5582c1a38a90
        0x5582c1a38a90
        0x5582c1a38a90
        0x5582c1a38a90
        0x5582c1a38a90
        0x5582c1a38a90
        0x5582c1a38a90
        0x5582c1a38a90
        0x5582c1a38a90
        0x5582c1a38a90
        0x5582c1a38a90
        0x5582c1a38a90
        0x5582c1a38a90
        0x5582c1a38a90
        0x5582c1a38a90
        0x5582c1a38a90
        0x5582c1a38a90
        0x5582c1a38a90
        0x5582c1a38a90
        0x5582c1a38a90
        0x5582c1a38a90
        0x5582c1a38a90
        0x5582c1a38a90
        0x5582c1a38a90
        0x5582c1a38a90
        0x5582c1a38a90
        0x5582c1a38a90
        0x5582c1a38a90
        0x5582c1a38a90
        0x5582c1a38a90
        0x5582c1a38a90
        0x5582c1a38a90
        0x5582c1a38a90
        0x5582c1a38a90
        0x5582c1a38a90
        0x5582c1a38a90
        0x5582c1a38a90
        0x5582c1a38a90
        0x5582c1a38a90
        0x5582c1a38a90
        0x5582c1a38a90
        0x5582c1a38a90
        0x5582c1a38a90
        0x5582c1a38a90
        0x5582c1a38a90
        0x5582c1a38a90
        0x5582c1a38a90
        0x5582c1a38a90
        0x5582c1a38a90
        0x5582c1a38a90
        0x5582c1a38a90
        0x5582c1a38a90
        0x5582c1a38a90
        0x5582c1a38a90
        0x5582c1a38a90
        0x5582c1a38a90
        0x5582c1a38a90
        0x5582c1a38a90
        0x5582c1a38a90
        0x5582c1a38a90
        0x5582c1a38a90
        0x5582c1a38a90
        0x5582c1a38a90
        0x5582c1a38a90
        0x5582c1a38a90
        0x5582c1a38a90
        0x5582c1a38a90
        0x5582c1a38a90
        0x5582c1a38a90
        0x5582c1a38a90
        0x5582c1a38a90
        0x5582c1a38a90
        0x5582c1a38a90
        0x5582c1a38a90
        0x5582c1a38a90
        0x5582c1a38a90
        0x5582c1a38a90
        0x5582c1a38a90
        0x5582c1a38a90
        0x5582c1a38a90
        0x5582c1a38a90
        0x5582c1a38a90
        0x5582c1a38a90
        0x5582c1a38a90
        0x5582c1a38a90
        0x5582c1a38a90
        0x5582c1a38a90
        0x5582c1a38a90
        0x5582c1a38a90
        0x5582c1a38a90
        0x5582c1a38a90
        0x5582c1a38a90
        0x5582c1a38a90
        0x5582c1a38a90
        0x5582c1a38a90
        0x5582c1a38a90
        0x5582c1a38a90
        0x5582c1a38a90
        0x5582c1a38a90
]: 1
@preempt_stack[
        0x7feefb9cb8d8
        0x120000
        0x5582c0c41d00
        0x5582c0c41d00
        0x5582c0c41d00
        0x5582c0c41d00
        0x5582c0c41d00
        0x5582c0c41d00
        0x5582c0c41d00
        0x5582c0c41d00
        0x5582c0c41d00
        0x5582c0c41d00
        0x5582c0c41d00
        0x5582c0c41d00
        0x5582c0c41d00
        0x5582c0c41d00
        0x5582c0c41d00
        0x5582c0c41d00
        0x5582c0c41d00
        0x5582c0c41d00
        0x5582c0c41d00
        0x5582c0c41d00
        0x5582c0c41d00
        0x5582c0c41d00
        0x5582c0c41d00
        0x5582c0c41d00
        0x5582c0c41d00
        0x5582c0c41d00
        0x5582c0c41d00
        0x5582c0c41d00
        0x5582c0c41d00
        0x5582c0c41d00
        0x5582c0c41d00
        0x5582c0c41d00
        0x5582c0c41d00
        0x5582c0c41d00
        0x5582c0c41d00
        0x5582c0c41d00
        0x5582c0c41d00
        0x5582c0c41d00
        0x5582c0c41d00
        0x5582c0c41d00
        0x5582c0c41d00
        0x5582c0c41d00
        0x5582c0c41d00
        0x5582c0c41d00
        0x5582c0c41d00
        0x5582c0c41d00
        0x5582c0c41d00
        0x5582c0c41d00
        0x5582c0c41d00
        0x5582c0c41d00
        0x5582c0c41d00
        0x5582c0c41d00
        0x5582c0c41d00
        0x5582c0c41d00
        0x5582c0c41d00
        0x5582c0c41d00
        0x5582c0c41d00
        0x5582c0c41d00
        0x5582c0c41d00
        0x5582c0c41d00
        0x5582c0c41d00
        0x5582c0c41d00
        0x5582c0c41d00
        0x5582c0c41d00
        0x5582c0c41d00
        0x5582c0c41d00
        0x5582c0c41d00
        0x5582c0c41d00
        0x5582c0c41d00
        0x5582c0c41d00
        0x5582c0c41d00
        0x5582c0c41d00
        0x5582c0c41d00
        0x5582c0c41d00
        0x5582c0c41d00
        0x5582c0c41d00
        0x5582c0c41d00
        0x5582c0c41d00
        0x5582c0c41d00
        0x5582c0c41d00
        0x5582c0c41d00
        0x5582c0c41d00
        0x5582c0c41d00
        0x5582c0c41d00
        0x5582c0c41d00
        0x5582c0c41d00
        0x5582c0c41d00
        0x5582c0c41d00
        0x5582c0c41d00
        0x5582c0c41d00
        0x5582c0c41d00
        0x5582c0c41d00
        0x5582c0c41d00
        0x5582c0c41d00
        0x5582c0c41d00
        0x5582c0c41d00
        0x5582c0c41d00
        0x5582c0c41d00
        0x5582c0c41d00
        0x5582c0c41d00
        0x5582c0c41d00
        0x5582c0c41d00
        0x5582c0c41d00
        0x5582c0c41d00
        0x5582c0c41d00
        0x5582c0c41d00
        0x5582c0c41d00
        0x5582c0c41d00
        0x5582c0c41d00
        0x5582c0c41d00
        0x5582c0c41d00
        0x5582c0c41d00
        0x5582c0c41d00
        0x5582c0c41d00
        0x5582c0c41d00
        0x5582c0c41d00
        0x5582c0c41d00
        0x5582c0c41d00
        0x5582c0c41d00
        0x5582c0c41d00
        0x5582c0c41d00
        0x5582c0c41d00
        0x5582c0c41d00
        0x5582c0c41d00
        0x5582c0c41d00
]: 1
@preempt_stack[
        0x4111b91b
        0x41c252bc
        0x41c24529
        0x41c1c3f7
        0x413821e6
        0x4137da64
        0x7feefb846428
        0x7feefb9e578f
        0x5582be808500
]: 1
@preempt_stack[
        0x41cd99c4
        0x41cd8346
        0x41cd5458
        0x41cd52e0
        0x41ccfb84
        0
        0
        0x5582bf3bc3a8
        0x5582bf3bc3a8
        0x5582bf3bc3a8
        0x5582bf3bc3a8
        0x5582bf3bc3a8
        0x5582bf3bc3a8
        0x5582bf3bc3a8
        0x5582bf3bc3a8
        0x5582bf3bc3a8
        0x5582bf3bc3a8
        0x5582bf3bc3a8
        0x5582bf3bc3a8
        0x5582bf3bc3a8
        0x5582bf3bc3a8
        0x5582bf3bc3a8
        0x5582bf3bc3a8
        0x5582bf3bc3a8
        0x5582bf3bc3a8
        0x5582bf3bc3a8
        0x5582bf3bc3a8
        0x5582bf3bc3a8
        0x5582bf3bc3a8
        0x5582bf3bc3a8
        0x5582bf3bc3a8
        0x5582bf3bc3a8
        0x5582bf3bc3a8
        0x5582bf3bc3a8
        0x5582bf3bc3a8
        0x5582bf3bc3a8
        0x5582bf3bc3a8
        0x5582bf3bc3a8
        0x5582bf3bc3a8
        0x5582bf3bc3a8
        0x5582bf3bc3a8
        0x5582bf3bc3a8
        0x5582bf3bc3a8
        0x5582bf3bc3a8
        0x5582bf3bc3a8
        0x5582bf3bc3a8
        0x5582bf3bc3a8
        0x5582bf3bc3a8
        0x5582bf3bc3a8
        0x5582bf3bc3a8
        0x5582bf3bc3a8
        0x5582bf3bc3a8
        0x5582bf3bc3a8
        0x5582bf3bc3a8
        0x5582bf3bc3a8
        0x5582bf3bc3a8
        0x5582bf3bc3a8
        0x5582bf3bc3a8
        0x5582bf3bc3a8
        0x5582bf3bc3a8
        0x5582bf3bc3a8
        0x5582bf3bc3a8
        0x5582bf3bc3a8
        0x5582bf3bc3a8
        0x5582bf3bc3a8
        0x5582bf3bc3a8
        0x5582bf3bc3a8
        0x5582bf3bc3a8
        0x5582bf3bc3a8
        0x5582bf3bc3a8
        0x5582bf3bc3a8
        0x5582bf3bc3a8
        0x5582bf3bc3a8
        0x5582bf3bc3a8
        0x5582bf3bc3a8
        0x5582bf3bc3a8
        0x5582bf3bc3a8
        0x5582bf3bc3a8
        0x5582bf3bc3a8
        0x5582bf3bc3a8
        0x5582bf3bc3a8
        0x5582bf3bc3a8
        0x5582bf3bc3a8
        0x5582bf3bc3a8
        0x5582bf3bc3a8
        0x5582bf3bc3a8
        0x5582bf3bc3a8
        0x5582bf3bc3a8
        0x5582bf3bc3a8
        0x5582bf3bc3a8
        0x5582bf3bc3a8
        0x5582bf3bc3a8
        0x5582bf3bc3a8
        0x5582bf3bc3a8
        0x5582bf3bc3a8
        0x5582bf3bc3a8
        0x5582bf3bc3a8
        0x5582bf3bc3a8
        0x5582bf3bc3a8
        0x5582bf3bc3a8
        0x5582bf3bc3a8
        0x5582bf3bc3a8
        0x5582bf3bc3a8
        0x5582bf3bc3a8
        0x5582bf3bc3a8
        0x5582bf3bc3a8
        0x5582bf3bc3a8
        0x5582bf3bc3a8
        0x5582bf3bc3a8
        0x5582bf3bc3a8
        0x5582bf3bc3a8
        0x5582bf3bc3a8
        0x5582bf3bc3a8
        0x5582bf3bc3a8
        0x5582bf3bc3a8
        0x5582bf3bc3a8
        0x5582bf3bc3a8
        0x5582bf3bc3a8
        0x5582bf3bc3a8
        0x5582bf3bc3a8
        0x5582bf3bc3a8
        0x5582bf3bc3a8
        0x5582bf3bc3a8
        0x5582bf3bc3a8
        0x5582bf3bc3a8
        0x5582bf3bc3a8
        0x5582bf3bc3a8
]: 1
@preempt_stack[
        0x7fef9cd55b44
        0x21
]: 1
@preempt_stack[
        0x7fef9d5b64ff
]: 1
@preempt_stack[
        0x7fef9ccd7aa8
        0xcc10ca60c8e
]: 1
@preempt_stack[
        0x7feefb9cb5b8
        0
        0
        0x5582c066a9b0
]: 1
@preempt_stack[
        0x7feefb9cb5b8
        0
        0
        0x5582c1ecf340
]: 1
@preempt_stack[
        0x7fef9d5a54f7
]: 1
@preempt_stack[
        0x7fef9cb0c5a1
        0xd51
]: 1
@preempt_stack[
        0x7fef9cd4296f
]: 1
@preempt_stack[
        0x41412f8b
        0x413e8368
        0x416ff934
        0x411407a6
        0x7feefb846428
        0x7feefb9e578f
        0x5582be808500
]: 1
@preempt_stack[
        0x7feefb9dcfa3
        0x110000
        0x5582bf638cb8
        0x5582bf638cb8
        0x5582bf638cb8
        0x5582bf638cb8
        0x5582bf638cb8
        0x5582bf638cb8
        0x5582bf638cb8
        0x5582bf638cb8
        0x5582bf638cb8
        0x5582bf638cb8
        0x5582bf638cb8
        0x5582bf638cb8
        0x5582bf638cb8
        0x5582bf638cb8
        0x5582bf638cb8
        0x5582bf638cb8
        0x5582bf638cb8
        0x5582bf638cb8
        0x5582bf638cb8
        0x5582bf638cb8
        0x5582bf638cb8
        0x5582bf638cb8
        0x5582bf638cb8
        0x5582bf638cb8
        0x5582bf638cb8
        0x5582bf638cb8
        0x5582bf638cb8
        0x5582bf638cb8
        0x5582bf638cb8
        0x5582bf638cb8
        0x5582bf638cb8
        0x5582bf638cb8
        0x5582bf638cb8
        0x5582bf638cb8
        0x5582bf638cb8
        0x5582bf638cb8
        0x5582bf638cb8
        0x5582bf638cb8
        0x5582bf638cb8
        0x5582bf638cb8
        0x5582bf638cb8
        0x5582bf638cb8
        0x5582bf638cb8
        0x5582bf638cb8
        0x5582bf638cb8
        0x5582bf638cb8
        0x5582bf638cb8
        0x5582bf638cb8
        0x5582bf638cb8
        0x5582bf638cb8
        0x5582bf638cb8
        0x5582bf638cb8
        0x5582bf638cb8
        0x5582bf638cb8
        0x5582bf638cb8
        0x5582bf638cb8
        0x5582bf638cb8
        0x5582bf638cb8
        0x5582bf638cb8
        0x5582bf638cb8
        0x5582bf638cb8
        0x5582bf638cb8
        0x5582bf638cb8
        0x5582bf638cb8
        0x5582bf638cb8
        0x5582bf638cb8
        0x5582bf638cb8
        0x5582bf638cb8
        0x5582bf638cb8
        0x5582bf638cb8
        0x5582bf638cb8
        0x5582bf638cb8
        0x5582bf638cb8
        0x5582bf638cb8
        0x5582bf638cb8
        0x5582bf638cb8
        0x5582bf638cb8
        0x5582bf638cb8
        0x5582bf638cb8
        0x5582bf638cb8
        0x5582bf638cb8
        0x5582bf638cb8
        0x5582bf638cb8
        0x5582bf638cb8
        0x5582bf638cb8
        0x5582bf638cb8
        0x5582bf638cb8
        0x5582bf638cb8
        0x5582bf638cb8
        0x5582bf638cb8
        0x5582bf638cb8
        0x5582bf638cb8
        0x5582bf638cb8
        0x5582bf638cb8
        0x5582bf638cb8
        0x5582bf638cb8
        0x5582bf638cb8
        0x5582bf638cb8
        0x5582bf638cb8
        0x5582bf638cb8
        0x5582bf638cb8
        0x5582bf638cb8
        0x5582bf638cb8
        0x5582bf638cb8
        0x5582bf638cb8
        0x5582bf638cb8
        0x5582bf638cb8
        0x5582bf638cb8
        0x5582bf638cb8
        0x5582bf638cb8
        0x5582bf638cb8
        0x5582bf638cb8
        0x5582bf638cb8
        0x5582bf638cb8
        0x5582bf638cb8
        0x5582bf638cb8
        0x5582bf638cb8
        0x5582bf638cb8
        0x5582bf638cb8
        0x5582bf638cb8
        0x5582bf638cb8
        0x5582bf638cb8
        0x5582bf638cb8
        0x5582bf638cb8
        0x5582bf638cb8
]: 1
@preempt_stack[
        0x7fef9cb8d186
        0
]: 1
@preempt_stack[
        0x413e847f
        0x413e8368
        0x416ff934
        0x411407a6
        0x7feefb846428
        0x7feefb9e578f
        0x5582be808500
]: 1
@preempt_stack[
        0x7feefb99dca0
        0x5582bea55d10
]: 1
@preempt_stack[
        epoll_wait+103
]: 1
@preempt_stack[
        0x7feefb9cb76a
        0x130000
        0
        0
        0x5582be7e3900
]: 1
@preempt_stack[
        0x7feefb9dcfa3
        0x120000
        0x5582bff1df08
        0x5582bff1df08
        0x5582bff1df08
        0x5582bff1df08
        0x5582bff1df08
        0x5582bff1df08
        0x5582bff1df08
        0x5582bff1df08
        0x5582bff1df08
        0x5582bff1df08
        0x5582bff1df08
        0x5582bff1df08
        0x5582bff1df08
        0x5582bff1df08
        0x5582bff1df08
        0x5582bff1df08
        0x5582bff1df08
        0x5582bff1df08
        0x5582bff1df08
        0x5582bff1df08
        0x5582bff1df08
        0x5582bff1df08
        0x5582bff1df08
        0x5582bff1df08
        0x5582bff1df08
        0x5582bff1df08
        0x5582bff1df08
        0x5582bff1df08
        0x5582bff1df08
        0x5582bff1df08
        0x5582bff1df08
        0x5582bff1df08
        0x5582bff1df08
        0x5582bff1df08
        0x5582bff1df08
        0x5582bff1df08
        0x5582bff1df08
        0x5582bff1df08
        0x5582bff1df08
        0x5582bff1df08
        0x5582bff1df08
        0x5582bff1df08
        0x5582bff1df08
        0x5582bff1df08
        0x5582bff1df08
        0x5582bff1df08
        0x5582bff1df08
        0x5582bff1df08
        0x5582bff1df08
        0x5582bff1df08
        0x5582bff1df08
        0x5582bff1df08
        0x5582bff1df08
        0x5582bff1df08
        0x5582bff1df08
        0x5582bff1df08
        0x5582bff1df08
        0x5582bff1df08
        0x5582bff1df08
        0x5582bff1df08
        0x5582bff1df08
        0x5582bff1df08
        0x5582bff1df08
        0x5582bff1df08
        0x5582bff1df08
        0x5582bff1df08
        0x5582bff1df08
        0x5582bff1df08
        0x5582bff1df08
        0x5582bff1df08
        0x5582bff1df08
        0x5582bff1df08
        0x5582bff1df08
        0x5582bff1df08
        0x5582bff1df08
        0x5582bff1df08
        0x5582bff1df08
        0x5582bff1df08
        0x5582bff1df08
        0x5582bff1df08
        0x5582bff1df08
        0x5582bff1df08
        0x5582bff1df08
        0x5582bff1df08
        0x5582bff1df08
        0x5582bff1df08
        0x5582bff1df08
        0x5582bff1df08
        0x5582bff1df08
        0x5582bff1df08
        0x5582bff1df08
        0x5582bff1df08
        0x5582bff1df08
        0x5582bff1df08
        0x5582bff1df08
        0x5582bff1df08
        0x5582bff1df08
        0x5582bff1df08
        0x5582bff1df08
        0x5582bff1df08
        0x5582bff1df08
        0x5582bff1df08
        0x5582bff1df08
        0x5582bff1df08
        0x5582bff1df08
        0x5582bff1df08
        0x5582bff1df08
        0x5582bff1df08
        0x5582bff1df08
        0x5582bff1df08
        0x5582bff1df08
        0x5582bff1df08
        0x5582bff1df08
        0x5582bff1df08
        0x5582bff1df08
        0x5582bff1df08
        0x5582bff1df08
        0x5582bff1df08
        0x5582bff1df08
        0x5582bff1df08
        0x5582bff1df08
        0x5582bff1df08
        0x5582bff1df08
        0x5582bff1df08
        0x5582bff1df08
]: 1
@preempt_stack[
        0x41c59a88
]: 1
@preempt_stack[
        0x7fef9c906e8b
]: 1
@preempt_stack[
        0x7fef9cdcb000
        0x7fef60c608d0
        0x7fef9d925980
        0x1047c7480789
]: 1
@preempt_stack[
        0x4172c09c
        0x411407a6
        0x7feefb846428
        0x7feefb9e578f
        0x5582be808500
]: 1
@preempt_stack[
        0x41c25835
        0x41c252bc
        0x41c24529
        0x41c1c3f7
        0x413821e6
        0x4137da64
        0x7feefb846428
        0x7feefb9e578f
        0x5582be808500
]: 1
@preempt_stack[
        0x7fef9ccc6881
        0x7fef61c5f690
]: 1
@preempt_stack[
        0x7feefb9dcfa3
        0x110000
        0x5582c176df00
        0x5582c176df00
        0x5582c176df00
        0x5582c176df00
        0x5582c176df00
        0x5582c176df00
        0x5582c176df00
        0x5582c176df00
        0x5582c176df00
        0x5582c176df00
        0x5582c176df00
        0x5582c176df00
        0x5582c176df00
        0x5582c176df00
        0x5582c176df00
        0x5582c176df00
        0x5582c176df00
        0x5582c176df00
        0x5582c176df00
        0x5582c176df00
        0x5582c176df00
        0x5582c176df00
        0x5582c176df00
        0x5582c176df00
        0x5582c176df00
        0x5582c176df00
        0x5582c176df00
        0x5582c176df00
        0x5582c176df00
        0x5582c176df00
        0x5582c176df00
        0x5582c176df00
        0x5582c176df00
        0x5582c176df00
        0x5582c176df00
        0x5582c176df00
        0x5582c176df00
        0x5582c176df00
        0x5582c176df00
        0x5582c176df00
        0x5582c176df00
        0x5582c176df00
        0x5582c176df00
        0x5582c176df00
        0x5582c176df00
        0x5582c176df00
        0x5582c176df00
        0x5582c176df00
        0x5582c176df00
        0x5582c176df00
        0x5582c176df00
        0x5582c176df00
        0x5582c176df00
        0x5582c176df00
        0x5582c176df00
        0x5582c176df00
        0x5582c176df00
        0x5582c176df00
        0x5582c176df00
        0x5582c176df00
        0x5582c176df00
        0x5582c176df00
        0x5582c176df00
        0x5582c176df00
        0x5582c176df00
        0x5582c176df00
        0x5582c176df00
        0x5582c176df00
        0x5582c176df00
        0x5582c176df00
        0x5582c176df00
        0x5582c176df00
        0x5582c176df00
        0x5582c176df00
        0x5582c176df00
        0x5582c176df00
        0x5582c176df00
        0x5582c176df00
        0x5582c176df00
        0x5582c176df00
        0x5582c176df00
        0x5582c176df00
        0x5582c176df00
        0x5582c176df00
        0x5582c176df00
        0x5582c176df00
        0x5582c176df00
        0x5582c176df00
        0x5582c176df00
        0x5582c176df00
        0x5582c176df00
        0x5582c176df00
        0x5582c176df00
        0x5582c176df00
        0x5582c176df00
        0x5582c176df00
        0x5582c176df00
        0x5582c176df00
        0x5582c176df00
        0x5582c176df00
        0x5582c176df00
        0x5582c176df00
        0x5582c176df00
        0x5582c176df00
        0x5582c176df00
        0x5582c176df00
        0x5582c176df00
        0x5582c176df00
        0x5582c176df00
        0x5582c176df00
        0x5582c176df00
        0x5582c176df00
        0x5582c176df00
        0x5582c176df00
        0x5582c176df00
        0x5582c176df00
        0x5582c176df00
        0x5582c176df00
        0x5582c176df00
        0x5582c176df00
        0x5582c176df00
        0x5582c176df00
        0x5582c176df00
        0x5582c176df00
        0x5582c176df00
]: 1
@preempt_stack[
        0x7feefb984e68
]: 1
@preempt_stack[
        0x41a6a4d1
        0x41a6a300
        0x413821e6
        0x4137da64
        0x7feefb846428
        0x7feefb9e578f
        0x5582be808500
]: 1
@preempt_stack[
        0x7fef9c6c3747
]: 1
@preempt_stack[
        0x7fef9cd316ad
        0xffffffff
]: 1
@preempt_stack[
        0x7fef9c9077d4
        0x7fef606e9d40
        0x84008300820081
]: 1
@preempt_stack[
        0x4112fee0
        0x413e8368
        0x416ff934
        0x411407a6
        0x7feefb846428
        0x7feefb9e578f
        0x5582be808500
]: 1
@preempt_stack[
        0x7feefb9dcfa3
        0x120000
        0x5582bf9f5408
        0x5582bf9f5408
        0x5582bf9f5408
        0x5582bf9f5408
        0x5582bf9f5408
        0x5582bf9f5408
        0x5582bf9f5408
        0x5582bf9f5408
        0x5582bf9f5408
        0x5582bf9f5408
        0x5582bf9f5408
        0x5582bf9f5408
        0x5582bf9f5408
        0x5582bf9f5408
        0x5582bf9f5408
        0x5582bf9f5408
        0x5582bf9f5408
        0x5582bf9f5408
        0x5582bf9f5408
        0x5582bf9f5408
        0x5582bf9f5408
        0x5582bf9f5408
        0x5582bf9f5408
        0x5582bf9f5408
        0x5582bf9f5408
        0x5582bf9f5408
        0x5582bf9f5408
        0x5582bf9f5408
        0x5582bf9f5408
        0x5582bf9f5408
        0x5582bf9f5408
        0x5582bf9f5408
        0x5582bf9f5408
        0x5582bf9f5408
        0x5582bf9f5408
        0x5582bf9f5408
        0x5582bf9f5408
        0x5582bf9f5408
        0x5582bf9f5408
        0x5582bf9f5408
        0x5582bf9f5408
        0x5582bf9f5408
        0x5582bf9f5408
        0x5582bf9f5408
        0x5582bf9f5408
        0x5582bf9f5408
        0x5582bf9f5408
        0x5582bf9f5408
        0x5582bf9f5408
        0x5582bf9f5408
        0x5582bf9f5408
        0x5582bf9f5408
        0x5582bf9f5408
        0x5582bf9f5408
        0x5582bf9f5408
        0x5582bf9f5408
        0x5582bf9f5408
        0x5582bf9f5408
        0x5582bf9f5408
        0x5582bf9f5408
        0x5582bf9f5408
        0x5582bf9f5408
        0x5582bf9f5408
        0x5582bf9f5408
        0x5582bf9f5408
        0x5582bf9f5408
        0x5582bf9f5408
        0x5582bf9f5408
        0x5582bf9f5408
        0x5582bf9f5408
        0x5582bf9f5408
        0x5582bf9f5408
        0x5582bf9f5408
        0x5582bf9f5408
        0x5582bf9f5408
        0x5582bf9f5408
        0x5582bf9f5408
        0x5582bf9f5408
        0x5582bf9f5408
        0x5582bf9f5408
        0x5582bf9f5408
        0x5582bf9f5408
        0x5582bf9f5408
        0x5582bf9f5408
        0x5582bf9f5408
        0x5582bf9f5408
        0x5582bf9f5408
        0x5582bf9f5408
        0x5582bf9f5408
        0x5582bf9f5408
        0x5582bf9f5408
        0x5582bf9f5408
        0x5582bf9f5408
        0x5582bf9f5408
        0x5582bf9f5408
        0x5582bf9f5408
        0x5582bf9f5408
        0x5582bf9f5408
        0x5582bf9f5408
        0x5582bf9f5408
        0x5582bf9f5408
        0x5582bf9f5408
        0x5582bf9f5408
        0x5582bf9f5408
        0x5582bf9f5408
        0x5582bf9f5408
        0x5582bf9f5408
        0x5582bf9f5408
        0x5582bf9f5408
        0x5582bf9f5408
        0x5582bf9f5408
        0x5582bf9f5408
        0x5582bf9f5408
        0x5582bf9f5408
        0x5582bf9f5408
        0x5582bf9f5408
        0x5582bf9f5408
        0x5582bf9f5408
        0x5582bf9f5408
        0x5582bf9f5408
        0x5582bf9f5408
        0x5582bf9f5408
        0x5582bf9f5408
        0x5582bf9f5408
        0x5582bf9f5408
]: 1
@preempt_stack[
        0x7fef9ccd6f80
        0x558200000080
]: 1
@preempt_stack[
        0x7fef9d6ca6ff
]: 1
@preempt_stack[
        0x7feefb9dcfa3
        0x110000
        0x5582bed44df8
        0x5582bed44df8
        0x5582bed44df8
        0x5582bed44df8
        0x5582bed44df8
        0x5582bed44df8
        0x5582bed44df8
        0x5582bed44df8
        0x5582bed44df8
        0x5582bed44df8
        0x5582bed44df8
        0x5582bed44df8
        0x5582bed44df8
        0x5582bed44df8
        0x5582bed44df8
        0x5582bed44df8
        0x5582bed44df8
        0x5582bed44df8
        0x5582bed44df8
        0x5582bed44df8
        0x5582bed44df8
        0x5582bed44df8
        0x5582bed44df8
        0x5582bed44df8
        0x5582bed44df8
        0x5582bed44df8
        0x5582bed44df8
        0x5582bed44df8
        0x5582bed44df8
        0x5582bed44df8
        0x5582bed44df8
        0x5582bed44df8
        0x5582bed44df8
        0x5582bed44df8
        0x5582bed44df8
        0x5582bed44df8
        0x5582bed44df8
        0x5582bed44df8
        0x5582bed44df8
        0x5582bed44df8
        0x5582bed44df8
        0x5582bed44df8
        0x5582bed44df8
        0x5582bed44df8
        0x5582bed44df8
        0x5582bed44df8
        0x5582bed44df8
        0x5582bed44df8
        0x5582bed44df8
        0x5582bed44df8
        0x5582bed44df8
        0x5582bed44df8
        0x5582bed44df8
        0x5582bed44df8
        0x5582bed44df8
        0x5582bed44df8
        0x5582bed44df8
        0x5582bed44df8
        0x5582bed44df8
        0x5582bed44df8
        0x5582bed44df8
        0x5582bed44df8
        0x5582bed44df8
        0x5582bed44df8
        0x5582bed44df8
        0x5582bed44df8
        0x5582bed44df8
        0x5582bed44df8
        0x5582bed44df8
        0x5582bed44df8
        0x5582bed44df8
        0x5582bed44df8
        0x5582bed44df8
        0x5582bed44df8
        0x5582bed44df8
        0x5582bed44df8
        0x5582bed44df8
        0x5582bed44df8
        0x5582bed44df8
        0x5582bed44df8
        0x5582bed44df8
        0x5582bed44df8
        0x5582bed44df8
        0x5582bed44df8
        0x5582bed44df8
        0x5582bed44df8
        0x5582bed44df8
        0x5582bed44df8
        0x5582bed44df8
        0x5582bed44df8
        0x5582bed44df8
        0x5582bed44df8
        0x5582bed44df8
        0x5582bed44df8
        0x5582bed44df8
        0x5582bed44df8
        0x5582bed44df8
        0x5582bed44df8
        0x5582bed44df8
        0x5582bed44df8
        0x5582bed44df8
        0x5582bed44df8
        0x5582bed44df8
        0x5582bed44df8
        0x5582bed44df8
        0x5582bed44df8
        0x5582bed44df8
        0x5582bed44df8
        0x5582bed44df8
        0x5582bed44df8
        0x5582bed44df8
        0x5582bed44df8
        0x5582bed44df8
        0x5582bed44df8
        0x5582bed44df8
        0x5582bed44df8
        0x5582bed44df8
        0x5582bed44df8
        0x5582bed44df8
        0x5582bed44df8
        0x5582bed44df8
        0x5582bed44df8
        0x5582bed44df8
        0x5582bed44df8
        0x5582bed44df8
]: 1
@preempt_stack[
        0x4172b94e
        0x411407a6
        0x7feefb846428
        0x7feefb9e578f
        0x5582be808500
]: 1
@preempt_stack[
        0x7fef9c905e0e
        0
]: 1
@preempt_stack[
        0x7feefba0f68f
        0x120000
        0x5582c1ae6270
        0x5582c1ae6270
        0x5582c1ae6270
        0x5582c1ae6270
        0x5582c1ae6270
        0x5582c1ae6270
        0x5582c1ae6270
        0x5582c1ae6270
        0x5582c1ae6270
        0x5582c1ae6270
        0x5582c1ae6270
        0x5582c1ae6270
        0x5582c1ae6270
        0x5582c1ae6270
        0x5582c1ae6270
        0x5582c1ae6270
        0x5582c1ae6270
        0x5582c1ae6270
        0x5582c1ae6270
        0x5582c1ae6270
        0x5582c1ae6270
        0x5582c1ae6270
        0x5582c1ae6270
        0x5582c1ae6270
        0x5582c1ae6270
        0x5582c1ae6270
        0x5582c1ae6270
        0x5582c1ae6270
        0x5582c1ae6270
        0x5582c1ae6270
        0x5582c1ae6270
        0x5582c1ae6270
        0x5582c1ae6270
        0x5582c1ae6270
        0x5582c1ae6270
        0x5582c1ae6270
        0x5582c1ae6270
        0x5582c1ae6270
        0x5582c1ae6270
        0x5582c1ae6270
        0x5582c1ae6270
        0x5582c1ae6270
        0x5582c1ae6270
        0x5582c1ae6270
        0x5582c1ae6270
        0x5582c1ae6270
        0x5582c1ae6270
        0x5582c1ae6270
        0x5582c1ae6270
        0x5582c1ae6270
        0x5582c1ae6270
        0x5582c1ae6270
        0x5582c1ae6270
        0x5582c1ae6270
        0x5582c1ae6270
        0x5582c1ae6270
        0x5582c1ae6270
        0x5582c1ae6270
        0x5582c1ae6270
        0x5582c1ae6270
        0x5582c1ae6270
        0x5582c1ae6270
        0x5582c1ae6270
        0x5582c1ae6270
        0x5582c1ae6270
        0x5582c1ae6270
        0x5582c1ae6270
        0x5582c1ae6270
        0x5582c1ae6270
        0x5582c1ae6270
        0x5582c1ae6270
        0x5582c1ae6270
        0x5582c1ae6270
        0x5582c1ae6270
        0x5582c1ae6270
        0x5582c1ae6270
        0x5582c1ae6270
        0x5582c1ae6270
        0x5582c1ae6270
        0x5582c1ae6270
        0x5582c1ae6270
        0x5582c1ae6270
        0x5582c1ae6270
        0x5582c1ae6270
        0x5582c1ae6270
        0x5582c1ae6270
        0x5582c1ae6270
        0x5582c1ae6270
        0x5582c1ae6270
        0x5582c1ae6270
        0x5582c1ae6270
        0x5582c1ae6270
        0x5582c1ae6270
        0x5582c1ae6270
        0x5582c1ae6270
        0x5582c1ae6270
        0x5582c1ae6270
        0x5582c1ae6270
        0x5582c1ae6270
        0x5582c1ae6270
        0x5582c1ae6270
        0x5582c1ae6270
        0x5582c1ae6270
        0x5582c1ae6270
        0x5582c1ae6270
        0x5582c1ae6270
        0x5582c1ae6270
        0x5582c1ae6270
        0x5582c1ae6270
        0x5582c1ae6270
        0x5582c1ae6270
        0x5582c1ae6270
        0x5582c1ae6270
        0x5582c1ae6270
        0x5582c1ae6270
        0x5582c1ae6270
        0x5582c1ae6270
        0x5582c1ae6270
        0x5582c1ae6270
        0x5582c1ae6270
        0x5582c1ae6270
        0x5582c1ae6270
        0x5582c1ae6270
        0x5582c1ae6270
        0x5582c1ae6270
]: 1
@preempt_stack[
        0x7fef9cd4ec36
]: 1
@preempt_stack[
        0x7fef9c6c40d7
        0x80000000000
        0x7fef62f24ec0
        0xea0003800000000
        0x7fef9c6a0ae0
        0x4de807894801469c
]: 1
@preempt_stack[
        0x7fef9c9015ec
        0x381
]: 1
@preempt_stack[
        0x7feefba0dc4d
]: 1
@preempt_stack[
        0x7feefb9cb5a7
        0x130000
        0
        0
        0x5582c16b8f50
]: 1
@preempt_stack[
        0x7fef9c6ba188
        0x7fef17c7e1b0
]: 1
@preempt_stack[
        0x7feefb9dcfa3
        0x120000
        0x5582bfa83010
        0x5582bfa83010
        0x5582bfa83010
        0x5582bfa83010
        0x5582bfa83010
        0x5582bfa83010
        0x5582bfa83010
        0x5582bfa83010
        0x5582bfa83010
        0x5582bfa83010
        0x5582bfa83010
        0x5582bfa83010
        0x5582bfa83010
        0x5582bfa83010
        0x5582bfa83010
        0x5582bfa83010
        0x5582bfa83010
        0x5582bfa83010
        0x5582bfa83010
        0x5582bfa83010
        0x5582bfa83010
        0x5582bfa83010
        0x5582bfa83010
        0x5582bfa83010
        0x5582bfa83010
        0x5582bfa83010
        0x5582bfa83010
        0x5582bfa83010
        0x5582bfa83010
        0x5582bfa83010
        0x5582bfa83010
        0x5582bfa83010
        0x5582bfa83010
        0x5582bfa83010
        0x5582bfa83010
        0x5582bfa83010
        0x5582bfa83010
        0x5582bfa83010
        0x5582bfa83010
        0x5582bfa83010
        0x5582bfa83010
        0x5582bfa83010
        0x5582bfa83010
        0x5582bfa83010
        0x5582bfa83010
        0x5582bfa83010
        0x5582bfa83010
        0x5582bfa83010
        0x5582bfa83010
        0x5582bfa83010
        0x5582bfa83010
        0x5582bfa83010
        0x5582bfa83010
        0x5582bfa83010
        0x5582bfa83010
        0x5582bfa83010
        0x5582bfa83010
        0x5582bfa83010
        0x5582bfa83010
        0x5582bfa83010
        0x5582bfa83010
        0x5582bfa83010
        0x5582bfa83010
        0x5582bfa83010
        0x5582bfa83010
        0x5582bfa83010
        0x5582bfa83010
        0x5582bfa83010
        0x5582bfa83010
        0x5582bfa83010
        0x5582bfa83010
        0x5582bfa83010
        0x5582bfa83010
        0x5582bfa83010
        0x5582bfa83010
        0x5582bfa83010
        0x5582bfa83010
        0x5582bfa83010
        0x5582bfa83010
        0x5582bfa83010
        0x5582bfa83010
        0x5582bfa83010
        0x5582bfa83010
        0x5582bfa83010
        0x5582bfa83010
        0x5582bfa83010
        0x5582bfa83010
        0x5582bfa83010
        0x5582bfa83010
        0x5582bfa83010
        0x5582bfa83010
        0x5582bfa83010
        0x5582bfa83010
        0x5582bfa83010
        0x5582bfa83010
        0x5582bfa83010
        0x5582bfa83010
        0x5582bfa83010
        0x5582bfa83010
        0x5582bfa83010
        0x5582bfa83010
        0x5582bfa83010
        0x5582bfa83010
        0x5582bfa83010
        0x5582bfa83010
        0x5582bfa83010
        0x5582bfa83010
        0x5582bfa83010
        0x5582bfa83010
        0x5582bfa83010
        0x5582bfa83010
        0x5582bfa83010
        0x5582bfa83010
        0x5582bfa83010
        0x5582bfa83010
        0x5582bfa83010
        0x5582bfa83010
        0x5582bfa83010
        0x5582bfa83010
        0x5582bfa83010
        0x5582bfa83010
        0x5582bfa83010
        0x5582bfa83010
        0x5582bfa83010
        0x5582bfa83010
]: 1
@preempt_stack[
        0x7fef9dabca37
        0x7fef62984ac0
]: 1
@preempt_stack[
        0x7feefb9cb775
        0x130000
        0
        0
        0x5582c1b0a5c0
]: 1
@preempt_stack[
        0x7fef9d962cb5
]: 1
@preempt_stack[
        0x7fef9cd46e62
]: 1
@preempt_stack[
        0x7feefb9ce4de
        0x5582c1fd8af0
        0x5582c1fd8af0
        0x5582c1fd8af0
        0x5582c1fd8af0
        0x5582c1fd8af0
        0x5582c1fd8af0
        0x5582c1fd8af0
        0x5582c1fd8af0
        0x5582c1fd8af0
        0x5582c1fd8af0
        0x5582c1fd8af0
        0x5582c1fd8af0
        0x5582c1fd8af0
        0x5582c1fd8af0
        0x5582c1fd8af0
        0x5582c1fd8af0
        0x5582c1fd8af0
        0x5582c1fd8af0
        0x5582c1fd8af0
        0x5582c1fd8af0
        0x5582c1fd8af0
        0x5582c1fd8af0
        0x5582c1fd8af0
        0x5582c1fd8af0
        0x5582c1fd8af0
        0x5582c1fd8af0
        0x5582c1fd8af0
        0x5582c1fd8af0
        0x5582c1fd8af0
        0x5582c1fd8af0
        0x5582c1fd8af0
        0x5582c1fd8af0
        0x5582c1fd8af0
        0x5582c1fd8af0
        0x5582c1fd8af0
        0x5582c1fd8af0
        0x5582c1fd8af0
        0x5582c1fd8af0
        0x5582c1fd8af0
        0x5582c1fd8af0
        0x5582c1fd8af0
        0x5582c1fd8af0
        0x5582c1fd8af0
        0x5582c1fd8af0
        0x5582c1fd8af0
        0x5582c1fd8af0
        0x5582c1fd8af0
        0x5582c1fd8af0
        0x5582c1fd8af0
        0x5582c1fd8af0
        0x5582c1fd8af0
        0x5582c1fd8af0
        0x5582c1fd8af0
        0x5582c1fd8af0
        0x5582c1fd8af0
        0x5582c1fd8af0
        0x5582c1fd8af0
        0x5582c1fd8af0
        0x5582c1fd8af0
        0x5582c1fd8af0
        0x5582c1fd8af0
        0x5582c1fd8af0
        0x5582c1fd8af0
        0x5582c1fd8af0
        0x5582c1fd8af0
        0x5582c1fd8af0
        0x5582c1fd8af0
        0x5582c1fd8af0
        0x5582c1fd8af0
        0x5582c1fd8af0
        0x5582c1fd8af0
        0x5582c1fd8af0
        0x5582c1fd8af0
        0x5582c1fd8af0
        0x5582c1fd8af0
        0x5582c1fd8af0
        0x5582c1fd8af0
        0x5582c1fd8af0
        0x5582c1fd8af0
        0x5582c1fd8af0
        0x5582c1fd8af0
        0x5582c1fd8af0
        0x5582c1fd8af0
        0x5582c1fd8af0
        0x5582c1fd8af0
        0x5582c1fd8af0
        0x5582c1fd8af0
        0x5582c1fd8af0
        0x5582c1fd8af0
        0x5582c1fd8af0
        0x5582c1fd8af0
        0x5582c1fd8af0
        0x5582c1fd8af0
        0x5582c1fd8af0
        0x5582c1fd8af0
        0x5582c1fd8af0
        0x5582c1fd8af0
        0x5582c1fd8af0
        0x5582c1fd8af0
        0x5582c1fd8af0
        0x5582c1fd8af0
        0x5582c1fd8af0
        0x5582c1fd8af0
        0x5582c1fd8af0
        0x5582c1fd8af0
        0x5582c1fd8af0
        0x5582c1fd8af0
        0x5582c1fd8af0
        0x5582c1fd8af0
        0x5582c1fd8af0
        0x5582c1fd8af0
        0x5582c1fd8af0
        0x5582c1fd8af0
        0x5582c1fd8af0
        0x5582c1fd8af0
        0x5582c1fd8af0
        0x5582c1fd8af0
        0x5582c1fd8af0
        0x5582c1fd8af0
        0x5582c1fd8af0
        0x5582c1fd8af0
        0x5582c1fd8af0
        0x5582c1fd8af0
        0x5582c1fd8af0
        0x5582c1fd8af0
        0x5582c1fd8af0
]: 1
@preempt_stack[
        GC_header_cache_miss+83
]: 1
@preempt_stack[
        0x7feefb9dcfa3
        0x120000
        0x5582c1f26d58
        0x5582c1f26d58
        0x5582c1f26d58
        0x5582c1f26d58
        0x5582c1f26d58
        0x5582c1f26d58
        0x5582c1f26d58
        0x5582c1f26d58
        0x5582c1f26d58
        0x5582c1f26d58
        0x5582c1f26d58
        0x5582c1f26d58
        0x5582c1f26d58
        0x5582c1f26d58
        0x5582c1f26d58
        0x5582c1f26d58
        0x5582c1f26d58
        0x5582c1f26d58
        0x5582c1f26d58
        0x5582c1f26d58
        0x5582c1f26d58
        0x5582c1f26d58
        0x5582c1f26d58
        0x5582c1f26d58
        0x5582c1f26d58
        0x5582c1f26d58
        0x5582c1f26d58
        0x5582c1f26d58
        0x5582c1f26d58
        0x5582c1f26d58
        0x5582c1f26d58
        0x5582c1f26d58
        0x5582c1f26d58
        0x5582c1f26d58
        0x5582c1f26d58
        0x5582c1f26d58
        0x5582c1f26d58
        0x5582c1f26d58
        0x5582c1f26d58
        0x5582c1f26d58
        0x5582c1f26d58
        0x5582c1f26d58
        0x5582c1f26d58
        0x5582c1f26d58
        0x5582c1f26d58
        0x5582c1f26d58
        0x5582c1f26d58
        0x5582c1f26d58
        0x5582c1f26d58
        0x5582c1f26d58
        0x5582c1f26d58
        0x5582c1f26d58
        0x5582c1f26d58
        0x5582c1f26d58
        0x5582c1f26d58
        0x5582c1f26d58
        0x5582c1f26d58
        0x5582c1f26d58
        0x5582c1f26d58
        0x5582c1f26d58
        0x5582c1f26d58
        0x5582c1f26d58
        0x5582c1f26d58
        0x5582c1f26d58
        0x5582c1f26d58
        0x5582c1f26d58
        0x5582c1f26d58
        0x5582c1f26d58
        0x5582c1f26d58
        0x5582c1f26d58
        0x5582c1f26d58
        0x5582c1f26d58
        0x5582c1f26d58
        0x5582c1f26d58
        0x5582c1f26d58
        0x5582c1f26d58
        0x5582c1f26d58
        0x5582c1f26d58
        0x5582c1f26d58
        0x5582c1f26d58
        0x5582c1f26d58
        0x5582c1f26d58
        0x5582c1f26d58
        0x5582c1f26d58
        0x5582c1f26d58
        0x5582c1f26d58
        0x5582c1f26d58
        0x5582c1f26d58
        0x5582c1f26d58
        0x5582c1f26d58
        0x5582c1f26d58
        0x5582c1f26d58
        0x5582c1f26d58
        0x5582c1f26d58
        0x5582c1f26d58
        0x5582c1f26d58
        0x5582c1f26d58
        0x5582c1f26d58
        0x5582c1f26d58
        0x5582c1f26d58
        0x5582c1f26d58
        0x5582c1f26d58
        0x5582c1f26d58
        0x5582c1f26d58
        0x5582c1f26d58
        0x5582c1f26d58
        0x5582c1f26d58
        0x5582c1f26d58
        0x5582c1f26d58
        0x5582c1f26d58
        0x5582c1f26d58
        0x5582c1f26d58
        0x5582c1f26d58
        0x5582c1f26d58
        0x5582c1f26d58
        0x5582c1f26d58
        0x5582c1f26d58
        0x5582c1f26d58
        0x5582c1f26d58
        0x5582c1f26d58
        0x5582c1f26d58
        0x5582c1f26d58
        0x5582c1f26d58
        0x5582c1f26d58
        0x5582c1f26d58
]: 1
@preempt_stack[
        0x7fef9cd51246
]: 1
@preempt_stack[
        0x7fef9cd43219
        0x7fef00010000
        0x7fef61c5f5f0
        0x58
]: 1
@preempt_stack[
        GC_dirty_inner+3
        0x413e8368
        0x416ff934
        0x411407a6
        0x7feefb846428
        0x7feefb9e578f
        0x5582be808500
]: 1
@preempt_stack[
        0x7fef9ccd31a0
]: 1
@preempt_stack[
        0x4112fee4
        0x413e8368
        0x416ff934
        0x411407a6
        0x7feefb846428
        0x7feefb9e578f
        0x5582be808500
]: 1
@preempt_stack[
        0x7fef9d5b4055
]: 1
@preempt_stack[
        0x7fef9d5af951
]: 1
@preempt_stack[
        0x7feefb9cb5b8
        0x2
        0
        0x5582bed6b270
]: 1
@preempt_stack[
        0x7feefb9e44f9
        0x120000
        0x5582bfcb2ef8
        0x5582bfcb2ef8
        0x5582bfcb2ef8
        0x5582bfcb2ef8
        0x5582bfcb2ef8
        0x5582bfcb2ef8
        0x5582bfcb2ef8
        0x5582bfcb2ef8
        0x5582bfcb2ef8
        0x5582bfcb2ef8
        0x5582bfcb2ef8
        0x5582bfcb2ef8
        0x5582bfcb2ef8
        0x5582bfcb2ef8
        0x5582bfcb2ef8
        0x5582bfcb2ef8
        0x5582bfcb2ef8
        0x5582bfcb2ef8
        0x5582bfcb2ef8
        0x5582bfcb2ef8
        0x5582bfcb2ef8
        0x5582bfcb2ef8
        0x5582bfcb2ef8
        0x5582bfcb2ef8
        0x5582bfcb2ef8
        0x5582bfcb2ef8
        0x5582bfcb2ef8
        0x5582bfcb2ef8
        0x5582bfcb2ef8
        0x5582bfcb2ef8
        0x5582bfcb2ef8
        0x5582bfcb2ef8
        0x5582bfcb2ef8
        0x5582bfcb2ef8
        0x5582bfcb2ef8
        0x5582bfcb2ef8
        0x5582bfcb2ef8
        0x5582bfcb2ef8
        0x5582bfcb2ef8
        0x5582bfcb2ef8
        0x5582bfcb2ef8
        0x5582bfcb2ef8
        0x5582bfcb2ef8
        0x5582bfcb2ef8
        0x5582bfcb2ef8
        0x5582bfcb2ef8
        0x5582bfcb2ef8
        0x5582bfcb2ef8
        0x5582bfcb2ef8
        0x5582bfcb2ef8
        0x5582bfcb2ef8
        0x5582bfcb2ef8
        0x5582bfcb2ef8
        0x5582bfcb2ef8
        0x5582bfcb2ef8
        0x5582bfcb2ef8
        0x5582bfcb2ef8
        0x5582bfcb2ef8
        0x5582bfcb2ef8
        0x5582bfcb2ef8
        0x5582bfcb2ef8
        0x5582bfcb2ef8
        0x5582bfcb2ef8
        0x5582bfcb2ef8
        0x5582bfcb2ef8
        0x5582bfcb2ef8
        0x5582bfcb2ef8
        0x5582bfcb2ef8
        0x5582bfcb2ef8
        0x5582bfcb2ef8
        0x5582bfcb2ef8
        0x5582bfcb2ef8
        0x5582bfcb2ef8
        0x5582bfcb2ef8
        0x5582bfcb2ef8
        0x5582bfcb2ef8
        0x5582bfcb2ef8
        0x5582bfcb2ef8
        0x5582bfcb2ef8
        0x5582bfcb2ef8
        0x5582bfcb2ef8
        0x5582bfcb2ef8
        0x5582bfcb2ef8
        0x5582bfcb2ef8
        0x5582bfcb2ef8
        0x5582bfcb2ef8
        0x5582bfcb2ef8
        0x5582bfcb2ef8
        0x5582bfcb2ef8
        0x5582bfcb2ef8
        0x5582bfcb2ef8
        0x5582bfcb2ef8
        0x5582bfcb2ef8
        0x5582bfcb2ef8
        0x5582bfcb2ef8
        0x5582bfcb2ef8
        0x5582bfcb2ef8
        0x5582bfcb2ef8
        0x5582bfcb2ef8
        0x5582bfcb2ef8
        0x5582bfcb2ef8
        0x5582bfcb2ef8
        0x5582bfcb2ef8
        0x5582bfcb2ef8
        0x5582bfcb2ef8
        0x5582bfcb2ef8
        0x5582bfcb2ef8
        0x5582bfcb2ef8
        0x5582bfcb2ef8
        0x5582bfcb2ef8
        0x5582bfcb2ef8
        0x5582bfcb2ef8
        0x5582bfcb2ef8
        0x5582bfcb2ef8
        0x5582bfcb2ef8
        0x5582bfcb2ef8
        0x5582bfcb2ef8
        0x5582bfcb2ef8
        0x5582bfcb2ef8
        0x5582bfcb2ef8
        0x5582bfcb2ef8
        0x5582bfcb2ef8
        0x5582bfcb2ef8
        0x5582bfcb2ef8
        0x5582bfcb2ef8
]: 1
@preempt_stack[
        __pthread_mutex_unlock+4
        0
        0x1c00000000000001
        0x5582be7cede8
        0x5582be7cede8
        0x5582be7cede8
        0x5582be7cede8
        0x5582be7cede8
        0x5582be7cede8
        0x5582be7cede8
        0x5582be7cede8
        0x5582be7cede8
        0x5582be7cede8
        0x5582be7cede8
        0x5582be7cede8
        0x5582be7cede8
        0x5582be7cede8
        0x5582be7cede8
        0x5582be7cede8
        0x5582be7cede8
        0x5582be7cede8
        0x5582be7cede8
        0x5582be7cede8
        0x5582be7cede8
        0x5582be7cede8
        0x5582be7cede8
        0x5582be7cede8
        0x5582be7cede8
        0x5582be7cede8
        0x5582be7cede8
        0x5582be7cede8
        0x5582be7cede8
        0x5582be7cede8
        0x5582be7cede8
        0x5582be7cede8
        0x5582be7cede8
        0x5582be7cede8
        0x5582be7cede8
        0x5582be7cede8
        0x5582be7cede8
        0x5582be7cede8
        0x5582be7cede8
        0x5582be7cede8
        0x5582be7cede8
        0x5582be7cede8
        0x5582be7cede8
        0x5582be7cede8
        0x5582be7cede8
        0x5582be7cede8
        0x5582be7cede8
        0x5582be7cede8
        0x5582be7cede8
        0x5582be7cede8
        0x5582be7cede8
        0x5582be7cede8
        0x5582be7cede8
        0x5582be7cede8
        0x5582be7cede8
        0x5582be7cede8
        0x5582be7cede8
        0x5582be7cede8
        0x5582be7cede8
        0x5582be7cede8
        0x5582be7cede8
        0x5582be7cede8
        0x5582be7cede8
        0x5582be7cede8
        0x5582be7cede8
        0x5582be7cede8
        0x5582be7cede8
        0x5582be7cede8
        0x5582be7cede8
        0x5582be7cede8
        0x5582be7cede8
        0x5582be7cede8
        0x5582be7cede8
        0x5582be7cede8
        0x5582be7cede8
        0x5582be7cede8
        0x5582be7cede8
        0x5582be7cede8
        0x5582be7cede8
        0x5582be7cede8
        0x5582be7cede8
        0x5582be7cede8
        0x5582be7cede8
        0x5582be7cede8
        0x5582be7cede8
        0x5582be7cede8
        0x5582be7cede8
        0x5582be7cede8
        0x5582be7cede8
        0x5582be7cede8
        0x5582be7cede8
        0x5582be7cede8
        0x5582be7cede8
        0x5582be7cede8
        0x5582be7cede8
        0x5582be7cede8
        0x5582be7cede8
        0x5582be7cede8
        0x5582be7cede8
        0x5582be7cede8
        0x5582be7cede8
        0x5582be7cede8
        0x5582be7cede8
        0x5582be7cede8
        0x5582be7cede8
        0x5582be7cede8
        0x5582be7cede8
        0x5582be7cede8
        0x5582be7cede8
        0x5582be7cede8
        0x5582be7cede8
        0x5582be7cede8
        0x5582be7cede8
        0x5582be7cede8
        0x5582be7cede8
        0x5582be7cede8
        0x5582be7cede8
        0x5582be7cede8
        0x5582be7cede8
        0x5582be7cede8
        0x5582be7cede8
        0x5582be7cede8
        0x5582be7cede8
        0x5582be7cede8
]: 1
@preempt_stack[
        0x7feefb9cb8ed
]: 1
@preempt_stack[
        0x7fef9d5b656f
]: 1
@preempt_stack[
        0x7fef9cd4ec91
]: 1
@preempt_stack[
        0x7fef9c905bfd
        0
]: 1
@preempt_stack[
        mono_conc_hashtable_lookup+83
        0x7feefb9e578f
        0x5582be808500
]: 1
@preempt_stack[
        0x7fef9cd4e965
        0xf41
]: 1
@preempt_stack[
        0x7feefb9dcfa3
        0x120000
        0x5582c1739840
        0x5582c1739840
        0x5582c1739840
        0x5582c1739840
        0x5582c1739840
        0x5582c1739840
        0x5582c1739840
        0x5582c1739840
        0x5582c1739840
        0x5582c1739840
        0x5582c1739840
        0x5582c1739840
        0x5582c1739840
        0x5582c1739840
        0x5582c1739840
        0x5582c1739840
        0x5582c1739840
        0x5582c1739840
        0x5582c1739840
        0x5582c1739840
        0x5582c1739840
        0x5582c1739840
        0x5582c1739840
        0x5582c1739840
        0x5582c1739840
        0x5582c1739840
        0x5582c1739840
        0x5582c1739840
        0x5582c1739840
        0x5582c1739840
        0x5582c1739840
        0x5582c1739840
        0x5582c1739840
        0x5582c1739840
        0x5582c1739840
        0x5582c1739840
        0x5582c1739840
        0x5582c1739840
        0x5582c1739840
        0x5582c1739840
        0x5582c1739840
        0x5582c1739840
        0x5582c1739840
        0x5582c1739840
        0x5582c1739840
        0x5582c1739840
        0x5582c1739840
        0x5582c1739840
        0x5582c1739840
        0x5582c1739840
        0x5582c1739840
        0x5582c1739840
        0x5582c1739840
        0x5582c1739840
        0x5582c1739840
        0x5582c1739840
        0x5582c1739840
        0x5582c1739840
        0x5582c1739840
        0x5582c1739840
        0x5582c1739840
        0x5582c1739840
        0x5582c1739840
        0x5582c1739840
        0x5582c1739840
        0x5582c1739840
        0x5582c1739840
        0x5582c1739840
        0x5582c1739840
        0x5582c1739840
        0x5582c1739840
        0x5582c1739840
        0x5582c1739840
        0x5582c1739840
        0x5582c1739840
        0x5582c1739840
        0x5582c1739840
        0x5582c1739840
        0x5582c1739840
        0x5582c1739840
        0x5582c1739840
        0x5582c1739840
        0x5582c1739840
        0x5582c1739840
        0x5582c1739840
        0x5582c1739840
        0x5582c1739840
        0x5582c1739840
        0x5582c1739840
        0x5582c1739840
        0x5582c1739840
        0x5582c1739840
        0x5582c1739840
        0x5582c1739840
        0x5582c1739840
        0x5582c1739840
        0x5582c1739840
        0x5582c1739840
        0x5582c1739840
        0x5582c1739840
        0x5582c1739840
        0x5582c1739840
        0x5582c1739840
        0x5582c1739840
        0x5582c1739840
        0x5582c1739840
        0x5582c1739840
        0x5582c1739840
        0x5582c1739840
        0x5582c1739840
        0x5582c1739840
        0x5582c1739840
        0x5582c1739840
        0x5582c1739840
        0x5582c1739840
        0x5582c1739840
        0x5582c1739840
        0x5582c1739840
        0x5582c1739840
        0x5582c1739840
        0x5582c1739840
        0x5582c1739840
        0x5582c1739840
        0x5582c1739840
        0x5582c1739840
]: 1
@preempt_stack[
        0x7fed9f4681d7
]: 1
@preempt_stack[
        0x7fef9cd17f60
]: 1
@preempt_stack[
        0x4172ba40
        0x411407a6
        0x7feefb846428
        0x7feefb9e578f
        0x5582be808500
]: 1
@preempt_stack[
        0x7fef9cd55279
]: 1
@preempt_stack[
        0x7fef9d32ad3c
]: 1
@preempt_stack[
        0x7fef9cd41451
]: 1
@preempt_stack[
        atanf32+398
]: 1
@preempt_stack[
        mono_metadata_type_hash+80
        0x120000
        0x5582bff1da60
        0x5582bff1da60
        0x5582bff1da60
        0x5582bff1da60
        0x5582bff1da60
        0x5582bff1da60
        0x5582bff1da60
        0x5582bff1da60
        0x5582bff1da60
        0x5582bff1da60
        0x5582bff1da60
        0x5582bff1da60
        0x5582bff1da60
        0x5582bff1da60
        0x5582bff1da60
        0x5582bff1da60
        0x5582bff1da60
        0x5582bff1da60
        0x5582bff1da60
        0x5582bff1da60
        0x5582bff1da60
        0x5582bff1da60
        0x5582bff1da60
        0x5582bff1da60
        0x5582bff1da60
        0x5582bff1da60
        0x5582bff1da60
        0x5582bff1da60
        0x5582bff1da60
        0x5582bff1da60
        0x5582bff1da60
        0x5582bff1da60
        0x5582bff1da60
        0x5582bff1da60
        0x5582bff1da60
        0x5582bff1da60
        0x5582bff1da60
        0x5582bff1da60
        0x5582bff1da60
        0x5582bff1da60
        0x5582bff1da60
        0x5582bff1da60
        0x5582bff1da60
        0x5582bff1da60
        0x5582bff1da60
        0x5582bff1da60
        0x5582bff1da60
        0x5582bff1da60
        0x5582bff1da60
        0x5582bff1da60
        0x5582bff1da60
        0x5582bff1da60
        0x5582bff1da60
        0x5582bff1da60
        0x5582bff1da60
        0x5582bff1da60
        0x5582bff1da60
        0x5582bff1da60
        0x5582bff1da60
        0x5582bff1da60
        0x5582bff1da60
        0x5582bff1da60
        0x5582bff1da60
        0x5582bff1da60
        0x5582bff1da60
        0x5582bff1da60
        0x5582bff1da60
        0x5582bff1da60
        0x5582bff1da60
        0x5582bff1da60
        0x5582bff1da60
        0x5582bff1da60
        0x5582bff1da60
        0x5582bff1da60
        0x5582bff1da60
        0x5582bff1da60
        0x5582bff1da60
        0x5582bff1da60
        0x5582bff1da60
        0x5582bff1da60
        0x5582bff1da60
        0x5582bff1da60
        0x5582bff1da60
        0x5582bff1da60
        0x5582bff1da60
        0x5582bff1da60
        0x5582bff1da60
        0x5582bff1da60
        0x5582bff1da60
        0x5582bff1da60
        0x5582bff1da60
        0x5582bff1da60
        0x5582bff1da60
        0x5582bff1da60
        0x5582bff1da60
        0x5582bff1da60
        0x5582bff1da60
        0x5582bff1da60
        0x5582bff1da60
        0x5582bff1da60
        0x5582bff1da60
        0x5582bff1da60
        0x5582bff1da60
        0x5582bff1da60
        0x5582bff1da60
        0x5582bff1da60
        0x5582bff1da60
        0x5582bff1da60
        0x5582bff1da60
        0x5582bff1da60
        0x5582bff1da60
        0x5582bff1da60
        0x5582bff1da60
        0x5582bff1da60
        0x5582bff1da60
        0x5582bff1da60
        0x5582bff1da60
        0x5582bff1da60
        0x5582bff1da60
        0x5582bff1da60
        0x5582bff1da60
        0x5582bff1da60
        0x5582bff1da60
        0x5582bff1da60
        0x5582bff1da60
]: 1
@preempt_stack[
        0x7feefb9dcfa3
        0x120000
        0x5582bf80b538
        0x5582bf80b538
        0x5582bf80b538
        0x5582bf80b538
        0x5582bf80b538
        0x5582bf80b538
        0x5582bf80b538
        0x5582bf80b538
        0x5582bf80b538
        0x5582bf80b538
        0x5582bf80b538
        0x5582bf80b538
        0x5582bf80b538
        0x5582bf80b538
        0x5582bf80b538
        0x5582bf80b538
        0x5582bf80b538
        0x5582bf80b538
        0x5582bf80b538
        0x5582bf80b538
        0x5582bf80b538
        0x5582bf80b538
        0x5582bf80b538
        0x5582bf80b538
        0x5582bf80b538
        0x5582bf80b538
        0x5582bf80b538
        0x5582bf80b538
        0x5582bf80b538
        0x5582bf80b538
        0x5582bf80b538
        0x5582bf80b538
        0x5582bf80b538
        0x5582bf80b538
        0x5582bf80b538
        0x5582bf80b538
        0x5582bf80b538
        0x5582bf80b538
        0x5582bf80b538
        0x5582bf80b538
        0x5582bf80b538
        0x5582bf80b538
        0x5582bf80b538
        0x5582bf80b538
        0x5582bf80b538
        0x5582bf80b538
        0x5582bf80b538
        0x5582bf80b538
        0x5582bf80b538
        0x5582bf80b538
        0x5582bf80b538
        0x5582bf80b538
        0x5582bf80b538
        0x5582bf80b538
        0x5582bf80b538
        0x5582bf80b538
        0x5582bf80b538
        0x5582bf80b538
        0x5582bf80b538
        0x5582bf80b538
        0x5582bf80b538
        0x5582bf80b538
        0x5582bf80b538
        0x5582bf80b538
        0x5582bf80b538
        0x5582bf80b538
        0x5582bf80b538
        0x5582bf80b538
        0x5582bf80b538
        0x5582bf80b538
        0x5582bf80b538
        0x5582bf80b538
        0x5582bf80b538
        0x5582bf80b538
        0x5582bf80b538
        0x5582bf80b538
        0x5582bf80b538
        0x5582bf80b538
        0x5582bf80b538
        0x5582bf80b538
        0x5582bf80b538
        0x5582bf80b538
        0x5582bf80b538
        0x5582bf80b538
        0x5582bf80b538
        0x5582bf80b538
        0x5582bf80b538
        0x5582bf80b538
        0x5582bf80b538
        0x5582bf80b538
        0x5582bf80b538
        0x5582bf80b538
        0x5582bf80b538
        0x5582bf80b538
        0x5582bf80b538
        0x5582bf80b538
        0x5582bf80b538
        0x5582bf80b538
        0x5582bf80b538
        0x5582bf80b538
        0x5582bf80b538
        0x5582bf80b538
        0x5582bf80b538
        0x5582bf80b538
        0x5582bf80b538
        0x5582bf80b538
        0x5582bf80b538
        0x5582bf80b538
        0x5582bf80b538
        0x5582bf80b538
        0x5582bf80b538
        0x5582bf80b538
        0x5582bf80b538
        0x5582bf80b538
        0x5582bf80b538
        0x5582bf80b538
        0x5582bf80b538
        0x5582bf80b538
        0x5582bf80b538
        0x5582bf80b538
        0x5582bf80b538
        0x5582bf80b538
        0x5582bf80b538
        0x5582bf80b538
        0x5582bf80b538
]: 1
@preempt_stack[
        mono_metadata_type_hash+80
        0x110000
        0x5582bf586270
        0x5582bf586270
        0x5582bf586270
        0x5582bf586270
        0x5582bf586270
        0x5582bf586270
        0x5582bf586270
        0x5582bf586270
        0x5582bf586270
        0x5582bf586270
        0x5582bf586270
        0x5582bf586270
        0x5582bf586270
        0x5582bf586270
        0x5582bf586270
        0x5582bf586270
        0x5582bf586270
        0x5582bf586270
        0x5582bf586270
        0x5582bf586270
        0x5582bf586270
        0x5582bf586270
        0x5582bf586270
        0x5582bf586270
        0x5582bf586270
        0x5582bf586270
        0x5582bf586270
        0x5582bf586270
        0x5582bf586270
        0x5582bf586270
        0x5582bf586270
        0x5582bf586270
        0x5582bf586270
        0x5582bf586270
        0x5582bf586270
        0x5582bf586270
        0x5582bf586270
        0x5582bf586270
        0x5582bf586270
        0x5582bf586270
        0x5582bf586270
        0x5582bf586270
        0x5582bf586270
        0x5582bf586270
        0x5582bf586270
        0x5582bf586270
        0x5582bf586270
        0x5582bf586270
        0x5582bf586270
        0x5582bf586270
        0x5582bf586270
        0x5582bf586270
        0x5582bf586270
        0x5582bf586270
        0x5582bf586270
        0x5582bf586270
        0x5582bf586270
        0x5582bf586270
        0x5582bf586270
        0x5582bf586270
        0x5582bf586270
        0x5582bf586270
        0x5582bf586270
        0x5582bf586270
        0x5582bf586270
        0x5582bf586270
        0x5582bf586270
        0x5582bf586270
        0x5582bf586270
        0x5582bf586270
        0x5582bf586270
        0x5582bf586270
        0x5582bf586270
        0x5582bf586270
        0x5582bf586270
        0x5582bf586270
        0x5582bf586270
        0x5582bf586270
        0x5582bf586270
        0x5582bf586270
        0x5582bf586270
        0x5582bf586270
        0x5582bf586270
        0x5582bf586270
        0x5582bf586270
        0x5582bf586270
        0x5582bf586270
        0x5582bf586270
        0x5582bf586270
        0x5582bf586270
        0x5582bf586270
        0x5582bf586270
        0x5582bf586270
        0x5582bf586270
        0x5582bf586270
        0x5582bf586270
        0x5582bf586270
        0x5582bf586270
        0x5582bf586270
        0x5582bf586270
        0x5582bf586270
        0x5582bf586270
        0x5582bf586270
        0x5582bf586270
        0x5582bf586270
        0x5582bf586270
        0x5582bf586270
        0x5582bf586270
        0x5582bf586270
        0x5582bf586270
        0x5582bf586270
        0x5582bf586270
        0x5582bf586270
        0x5582bf586270
        0x5582bf586270
        0x5582bf586270
        0x5582bf586270
        0x5582bf586270
        0x5582bf586270
        0x5582bf586270
        0x5582bf586270
        0x5582bf586270
        0x5582bf586270
        0x5582bf586270
        0x5582bf586270
]: 1
@preempt_stack[
        0x7feefb9ce4d8
        0x5582bec5df58
        0x5582bec5df58
        0x5582bec5df58
        0x5582bec5df58
        0x5582bec5df58
        0x5582bec5df58
        0x5582bec5df58
        0x5582bec5df58
        0x5582bec5df58
        0x5582bec5df58
        0x5582bec5df58
        0x5582bec5df58
        0x5582bec5df58
        0x5582bec5df58
        0x5582bec5df58
        0x5582bec5df58
        0x5582bec5df58
        0x5582bec5df58
        0x5582bec5df58
        0x5582bec5df58
        0x5582bec5df58
        0x5582bec5df58
        0x5582bec5df58
        0x5582bec5df58
        0x5582bec5df58
        0x5582bec5df58
        0x5582bec5df58
        0x5582bec5df58
        0x5582bec5df58
        0x5582bec5df58
        0x5582bec5df58
        0x5582bec5df58
        0x5582bec5df58
        0x5582bec5df58
        0x5582bec5df58
        0x5582bec5df58
        0x5582bec5df58
        0x5582bec5df58
        0x5582bec5df58
        0x5582bec5df58
        0x5582bec5df58
        0x5582bec5df58
        0x5582bec5df58
        0x5582bec5df58
        0x5582bec5df58
        0x5582bec5df58
        0x5582bec5df58
        0x5582bec5df58
        0x5582bec5df58
        0x5582bec5df58
        0x5582bec5df58
        0x5582bec5df58
        0x5582bec5df58
        0x5582bec5df58
        0x5582bec5df58
        0x5582bec5df58
        0x5582bec5df58
        0x5582bec5df58
        0x5582bec5df58
        0x5582bec5df58
        0x5582bec5df58
        0x5582bec5df58
        0x5582bec5df58
        0x5582bec5df58
        0x5582bec5df58
        0x5582bec5df58
        0x5582bec5df58
        0x5582bec5df58
        0x5582bec5df58
        0x5582bec5df58
        0x5582bec5df58
        0x5582bec5df58
        0x5582bec5df58
        0x5582bec5df58
        0x5582bec5df58
        0x5582bec5df58
        0x5582bec5df58
        0x5582bec5df58
        0x5582bec5df58
        0x5582bec5df58
        0x5582bec5df58
        0x5582bec5df58
        0x5582bec5df58
        0x5582bec5df58
        0x5582bec5df58
        0x5582bec5df58
        0x5582bec5df58
        0x5582bec5df58
        0x5582bec5df58
        0x5582bec5df58
        0x5582bec5df58
        0x5582bec5df58
        0x5582bec5df58
        0x5582bec5df58
        0x5582bec5df58
        0x5582bec5df58
        0x5582bec5df58
        0x5582bec5df58
        0x5582bec5df58
        0x5582bec5df58
        0x5582bec5df58
        0x5582bec5df58
        0x5582bec5df58
        0x5582bec5df58
        0x5582bec5df58
        0x5582bec5df58
        0x5582bec5df58
        0x5582bec5df58
        0x5582bec5df58
        0x5582bec5df58
        0x5582bec5df58
        0x5582bec5df58
        0x5582bec5df58
        0x5582bec5df58
        0x5582bec5df58
        0x5582bec5df58
        0x5582bec5df58
        0x5582bec5df58
        0x5582bec5df58
        0x5582bec5df58
        0x5582bec5df58
        0x5582bec5df58
        0x5582bec5df58
        0x5582bec5df58
        0x5582bec5df58
        0x5582bec5df58
]: 1
@preempt_stack[
        0x7fef9cd46c91
        0x16701440142
]: 1
@preempt_stack[
        0x7fef9d81cea1
        0x7fef60c608d0
]: 1
@preempt_stack[
        0x7fef9cd42960
]: 1
@preempt_stack[
        mono_metadata_type_hash+80
        0x120000
        0x5582bf9f9ff8
        0x5582bf9f9ff8
        0x5582bf9f9ff8
        0x5582bf9f9ff8
        0x5582bf9f9ff8
        0x5582bf9f9ff8
        0x5582bf9f9ff8
        0x5582bf9f9ff8
        0x5582bf9f9ff8
        0x5582bf9f9ff8
        0x5582bf9f9ff8
        0x5582bf9f9ff8
        0x5582bf9f9ff8
        0x5582bf9f9ff8
        0x5582bf9f9ff8
        0x5582bf9f9ff8
        0x5582bf9f9ff8
        0x5582bf9f9ff8
        0x5582bf9f9ff8
        0x5582bf9f9ff8
        0x5582bf9f9ff8
        0x5582bf9f9ff8
        0x5582bf9f9ff8
        0x5582bf9f9ff8
        0x5582bf9f9ff8
        0x5582bf9f9ff8
        0x5582bf9f9ff8
        0x5582bf9f9ff8
        0x5582bf9f9ff8
        0x5582bf9f9ff8
        0x5582bf9f9ff8
        0x5582bf9f9ff8
        0x5582bf9f9ff8
        0x5582bf9f9ff8
        0x5582bf9f9ff8
        0x5582bf9f9ff8
        0x5582bf9f9ff8
        0x5582bf9f9ff8
        0x5582bf9f9ff8
        0x5582bf9f9ff8
        0x5582bf9f9ff8
        0x5582bf9f9ff8
        0x5582bf9f9ff8
        0x5582bf9f9ff8
        0x5582bf9f9ff8
        0x5582bf9f9ff8
        0x5582bf9f9ff8
        0x5582bf9f9ff8
        0x5582bf9f9ff8
        0x5582bf9f9ff8
        0x5582bf9f9ff8
        0x5582bf9f9ff8
        0x5582bf9f9ff8
        0x5582bf9f9ff8
        0x5582bf9f9ff8
        0x5582bf9f9ff8
        0x5582bf9f9ff8
        0x5582bf9f9ff8
        0x5582bf9f9ff8
        0x5582bf9f9ff8
        0x5582bf9f9ff8
        0x5582bf9f9ff8
        0x5582bf9f9ff8
        0x5582bf9f9ff8
        0x5582bf9f9ff8
        0x5582bf9f9ff8
        0x5582bf9f9ff8
        0x5582bf9f9ff8
        0x5582bf9f9ff8
        0x5582bf9f9ff8
        0x5582bf9f9ff8
        0x5582bf9f9ff8
        0x5582bf9f9ff8
        0x5582bf9f9ff8
        0x5582bf9f9ff8
        0x5582bf9f9ff8
        0x5582bf9f9ff8
        0x5582bf9f9ff8
        0x5582bf9f9ff8
        0x5582bf9f9ff8
        0x5582bf9f9ff8
        0x5582bf9f9ff8
        0x5582bf9f9ff8
        0x5582bf9f9ff8
        0x5582bf9f9ff8
        0x5582bf9f9ff8
        0x5582bf9f9ff8
        0x5582bf9f9ff8
        0x5582bf9f9ff8
        0x5582bf9f9ff8
        0x5582bf9f9ff8
        0x5582bf9f9ff8
        0x5582bf9f9ff8
        0x5582bf9f9ff8
        0x5582bf9f9ff8
        0x5582bf9f9ff8
        0x5582bf9f9ff8
        0x5582bf9f9ff8
        0x5582bf9f9ff8
        0x5582bf9f9ff8
        0x5582bf9f9ff8
        0x5582bf9f9ff8
        0x5582bf9f9ff8
        0x5582bf9f9ff8
        0x5582bf9f9ff8
        0x5582bf9f9ff8
        0x5582bf9f9ff8
        0x5582bf9f9ff8
        0x5582bf9f9ff8
        0x5582bf9f9ff8
        0x5582bf9f9ff8
        0x5582bf9f9ff8
        0x5582bf9f9ff8
        0x5582bf9f9ff8
        0x5582bf9f9ff8
        0x5582bf9f9ff8
        0x5582bf9f9ff8
        0x5582bf9f9ff8
        0x5582bf9f9ff8
        0x5582bf9f9ff8
        0x5582bf9f9ff8
        0x5582bf9f9ff8
        0x5582bf9f9ff8
        0x5582bf9f9ff8
        0x5582bf9f9ff8
]: 1
@preempt_stack[
        0x41c54720
        0x41c5428c
        0x41c53f68
        0x41c52e38
        0x41c2bbad
        0x41c2b928
        0
        0
        0x5582bf3bc3a8
        0x5582bf3bc3a8
        0x5582bf3bc3a8
        0x5582bf3bc3a8
        0x5582bf3bc3a8
        0x5582bf3bc3a8
        0x5582bf3bc3a8
        0x5582bf3bc3a8
        0x5582bf3bc3a8
        0x5582bf3bc3a8
        0x5582bf3bc3a8
        0x5582bf3bc3a8
        0x5582bf3bc3a8
        0x5582bf3bc3a8
        0x5582bf3bc3a8
        0x5582bf3bc3a8
        0x5582bf3bc3a8
        0x5582bf3bc3a8
        0x5582bf3bc3a8
        0x5582bf3bc3a8
        0x5582bf3bc3a8
        0x5582bf3bc3a8
        0x5582bf3bc3a8
        0x5582bf3bc3a8
        0x5582bf3bc3a8
        0x5582bf3bc3a8
        0x5582bf3bc3a8
        0x5582bf3bc3a8
        0x5582bf3bc3a8
        0x5582bf3bc3a8
        0x5582bf3bc3a8
        0x5582bf3bc3a8
        0x5582bf3bc3a8
        0x5582bf3bc3a8
        0x5582bf3bc3a8
        0x5582bf3bc3a8
        0x5582bf3bc3a8
        0x5582bf3bc3a8
        0x5582bf3bc3a8
        0x5582bf3bc3a8
        0x5582bf3bc3a8
        0x5582bf3bc3a8
        0x5582bf3bc3a8
        0x5582bf3bc3a8
        0x5582bf3bc3a8
        0x5582bf3bc3a8
        0x5582bf3bc3a8
        0x5582bf3bc3a8
        0x5582bf3bc3a8
        0x5582bf3bc3a8
        0x5582bf3bc3a8
        0x5582bf3bc3a8
        0x5582bf3bc3a8
        0x5582bf3bc3a8
        0x5582bf3bc3a8
        0x5582bf3bc3a8
        0x5582bf3bc3a8
        0x5582bf3bc3a8
        0x5582bf3bc3a8
        0x5582bf3bc3a8
        0x5582bf3bc3a8
        0x5582bf3bc3a8
        0x5582bf3bc3a8
        0x5582bf3bc3a8
        0x5582bf3bc3a8
        0x5582bf3bc3a8
        0x5582bf3bc3a8
        0x5582bf3bc3a8
        0x5582bf3bc3a8
        0x5582bf3bc3a8
        0x5582bf3bc3a8
        0x5582bf3bc3a8
        0x5582bf3bc3a8
        0x5582bf3bc3a8
        0x5582bf3bc3a8
        0x5582bf3bc3a8
        0x5582bf3bc3a8
        0x5582bf3bc3a8
        0x5582bf3bc3a8
        0x5582bf3bc3a8
        0x5582bf3bc3a8
        0x5582bf3bc3a8
        0x5582bf3bc3a8
        0x5582bf3bc3a8
        0x5582bf3bc3a8
        0x5582bf3bc3a8
        0x5582bf3bc3a8
        0x5582bf3bc3a8
        0x5582bf3bc3a8
        0x5582bf3bc3a8
        0x5582bf3bc3a8
        0x5582bf3bc3a8
        0x5582bf3bc3a8
        0x5582bf3bc3a8
        0x5582bf3bc3a8
        0x5582bf3bc3a8
        0x5582bf3bc3a8
        0x5582bf3bc3a8
        0x5582bf3bc3a8
        0x5582bf3bc3a8
        0x5582bf3bc3a8
        0x5582bf3bc3a8
        0x5582bf3bc3a8
        0x5582bf3bc3a8
        0x5582bf3bc3a8
        0x5582bf3bc3a8
        0x5582bf3bc3a8
        0x5582bf3bc3a8
        0x5582bf3bc3a8
        0x5582bf3bc3a8
        0x5582bf3bc3a8
        0x5582bf3bc3a8
        0x5582bf3bc3a8
        0x5582bf3bc3a8
        0x5582bf3bc3a8
        0x5582bf3bc3a8
        0x5582bf3bc3a8
        0x5582bf3bc3a8
        0x5582bf3bc3a8
]: 1
@preempt_stack[
        0x7feefb9ce4c1
        0x120000
        0x5582bffb6848
        0x5582bffb6848
        0x5582bffb6848
        0x5582bffb6848
        0x5582bffb6848
        0x5582bffb6848
        0x5582bffb6848
        0x5582bffb6848
        0x5582bffb6848
        0x5582bffb6848
        0x5582bffb6848
        0x5582bffb6848
        0x5582bffb6848
        0x5582bffb6848
        0x5582bffb6848
        0x5582bffb6848
        0x5582bffb6848
        0x5582bffb6848
        0x5582bffb6848
        0x5582bffb6848
        0x5582bffb6848
        0x5582bffb6848
        0x5582bffb6848
        0x5582bffb6848
        0x5582bffb6848
        0x5582bffb6848
        0x5582bffb6848
        0x5582bffb6848
        0x5582bffb6848
        0x5582bffb6848
        0x5582bffb6848
        0x5582bffb6848
        0x5582bffb6848
        0x5582bffb6848
        0x5582bffb6848
        0x5582bffb6848
        0x5582bffb6848
        0x5582bffb6848
        0x5582bffb6848
        0x5582bffb6848
        0x5582bffb6848
        0x5582bffb6848
        0x5582bffb6848
        0x5582bffb6848
        0x5582bffb6848
        0x5582bffb6848
        0x5582bffb6848
        0x5582bffb6848
        0x5582bffb6848
        0x5582bffb6848
        0x5582bffb6848
        0x5582bffb6848
        0x5582bffb6848
        0x5582bffb6848
        0x5582bffb6848
        0x5582bffb6848
        0x5582bffb6848
        0x5582bffb6848
        0x5582bffb6848
        0x5582bffb6848
        0x5582bffb6848
        0x5582bffb6848
        0x5582bffb6848
        0x5582bffb6848
        0x5582bffb6848
        0x5582bffb6848
        0x5582bffb6848
        0x5582bffb6848
        0x5582bffb6848
        0x5582bffb6848
        0x5582bffb6848
        0x5582bffb6848
        0x5582bffb6848
        0x5582bffb6848
        0x5582bffb6848
        0x5582bffb6848
        0x5582bffb6848
        0x5582bffb6848
        0x5582bffb6848
        0x5582bffb6848
        0x5582bffb6848
        0x5582bffb6848
        0x5582bffb6848
        0x5582bffb6848
        0x5582bffb6848
        0x5582bffb6848
        0x5582bffb6848
        0x5582bffb6848
        0x5582bffb6848
        0x5582bffb6848
        0x5582bffb6848
        0x5582bffb6848
        0x5582bffb6848
        0x5582bffb6848
        0x5582bffb6848
        0x5582bffb6848
        0x5582bffb6848
        0x5582bffb6848
        0x5582bffb6848
        0x5582bffb6848
        0x5582bffb6848
        0x5582bffb6848
        0x5582bffb6848
        0x5582bffb6848
        0x5582bffb6848
        0x5582bffb6848
        0x5582bffb6848
        0x5582bffb6848
        0x5582bffb6848
        0x5582bffb6848
        0x5582bffb6848
        0x5582bffb6848
        0x5582bffb6848
        0x5582bffb6848
        0x5582bffb6848
        0x5582bffb6848
        0x5582bffb6848
        0x5582bffb6848
        0x5582bffb6848
        0x5582bffb6848
        0x5582bffb6848
        0x5582bffb6848
        0x5582bffb6848
        0x5582bffb6848
        0x5582bffb6848
]: 1
@preempt_stack[
        0x7feefb9cb77e
        0x120000
        0x5582c1e939f0
        0x5582c1e939f0
        0x5582c1e939f0
        0x5582c1e939f0
        0x5582c1e939f0
        0x5582c1e939f0
        0x5582c1e939f0
        0x5582c1e939f0
        0x5582c1e939f0
        0x5582c1e939f0
        0x5582c1e939f0
        0x5582c1e939f0
        0x5582c1e939f0
        0x5582c1e939f0
        0x5582c1e939f0
        0x5582c1e939f0
        0x5582c1e939f0
        0x5582c1e939f0
        0x5582c1e939f0
        0x5582c1e939f0
        0x5582c1e939f0
        0x5582c1e939f0
        0x5582c1e939f0
        0x5582c1e939f0
        0x5582c1e939f0
        0x5582c1e939f0
        0x5582c1e939f0
        0x5582c1e939f0
        0x5582c1e939f0
        0x5582c1e939f0
        0x5582c1e939f0
        0x5582c1e939f0
        0x5582c1e939f0
        0x5582c1e939f0
        0x5582c1e939f0
        0x5582c1e939f0
        0x5582c1e939f0
        0x5582c1e939f0
        0x5582c1e939f0
        0x5582c1e939f0
        0x5582c1e939f0
        0x5582c1e939f0
        0x5582c1e939f0
        0x5582c1e939f0
        0x5582c1e939f0
        0x5582c1e939f0
        0x5582c1e939f0
        0x5582c1e939f0
        0x5582c1e939f0
        0x5582c1e939f0
        0x5582c1e939f0
        0x5582c1e939f0
        0x5582c1e939f0
        0x5582c1e939f0
        0x5582c1e939f0
        0x5582c1e939f0
        0x5582c1e939f0
        0x5582c1e939f0
        0x5582c1e939f0
        0x5582c1e939f0
        0x5582c1e939f0
        0x5582c1e939f0
        0x5582c1e939f0
        0x5582c1e939f0
        0x5582c1e939f0
        0x5582c1e939f0
        0x5582c1e939f0
        0x5582c1e939f0
        0x5582c1e939f0
        0x5582c1e939f0
        0x5582c1e939f0
        0x5582c1e939f0
        0x5582c1e939f0
        0x5582c1e939f0
        0x5582c1e939f0
        0x5582c1e939f0
        0x5582c1e939f0
        0x5582c1e939f0
        0x5582c1e939f0
        0x5582c1e939f0
        0x5582c1e939f0
        0x5582c1e939f0
        0x5582c1e939f0
        0x5582c1e939f0
        0x5582c1e939f0
        0x5582c1e939f0
        0x5582c1e939f0
        0x5582c1e939f0
        0x5582c1e939f0
        0x5582c1e939f0
        0x5582c1e939f0
        0x5582c1e939f0
        0x5582c1e939f0
        0x5582c1e939f0
        0x5582c1e939f0
        0x5582c1e939f0
        0x5582c1e939f0
        0x5582c1e939f0
        0x5582c1e939f0
        0x5582c1e939f0
        0x5582c1e939f0
        0x5582c1e939f0
        0x5582c1e939f0
        0x5582c1e939f0
        0x5582c1e939f0
        0x5582c1e939f0
        0x5582c1e939f0
        0x5582c1e939f0
        0x5582c1e939f0
        0x5582c1e939f0
        0x5582c1e939f0
        0x5582c1e939f0
        0x5582c1e939f0
        0x5582c1e939f0
        0x5582c1e939f0
        0x5582c1e939f0
        0x5582c1e939f0
        0x5582c1e939f0
        0x5582c1e939f0
        0x5582c1e939f0
        0x5582c1e939f0
        0x5582c1e939f0
        0x5582c1e939f0
        0x5582c1e939f0
        0x5582c1e939f0
]: 1
@preempt_stack[
        0x7feefb9ea3e3
]: 1
@preempt_stack[
        0x7fef9c9fb550
        0xea00038ffffe69a
        0x7fef9ca02410
        0x8348078948011124
]: 1
@preempt_stack[
        0x7fef9cd4fac0
]: 1
@preempt_stack[
        mono_g_hash_table_lookup_extended+69
        0x120000
        0x5582beedf620
        0x5582beedf620
        0x5582beedf620
        0x5582beedf620
        0x5582beedf620
        0x5582beedf620
        0x5582beedf620
        0x5582beedf620
        0x5582beedf620
        0x5582beedf620
        0x5582beedf620
        0x5582beedf620
        0x5582beedf620
        0x5582beedf620
        0x5582beedf620
        0x5582beedf620
        0x5582beedf620
        0x5582beedf620
        0x5582beedf620
        0x5582beedf620
        0x5582beedf620
        0x5582beedf620
        0x5582beedf620
        0x5582beedf620
        0x5582beedf620
        0x5582beedf620
        0x5582beedf620
        0x5582beedf620
        0x5582beedf620
        0x5582beedf620
        0x5582beedf620
        0x5582beedf620
        0x5582beedf620
        0x5582beedf620
        0x5582beedf620
        0x5582beedf620
        0x5582beedf620
        0x5582beedf620
        0x5582beedf620
        0x5582beedf620
        0x5582beedf620
        0x5582beedf620
        0x5582beedf620
        0x5582beedf620
        0x5582beedf620
        0x5582beedf620
        0x5582beedf620
        0x5582beedf620
        0x5582beedf620
        0x5582beedf620
        0x5582beedf620
        0x5582beedf620
        0x5582beedf620
        0x5582beedf620
        0x5582beedf620
        0x5582beedf620
        0x5582beedf620
        0x5582beedf620
        0x5582beedf620
        0x5582beedf620
        0x5582beedf620
        0x5582beedf620
        0x5582beedf620
        0x5582beedf620
        0x5582beedf620
        0x5582beedf620
        0x5582beedf620
        0x5582beedf620
        0x5582beedf620
        0x5582beedf620
        0x5582beedf620
        0x5582beedf620
        0x5582beedf620
        0x5582beedf620
        0x5582beedf620
        0x5582beedf620
        0x5582beedf620
        0x5582beedf620
        0x5582beedf620
        0x5582beedf620
        0x5582beedf620
        0x5582beedf620
        0x5582beedf620
        0x5582beedf620
        0x5582beedf620
        0x5582beedf620
        0x5582beedf620
        0x5582beedf620
        0x5582beedf620
        0x5582beedf620
        0x5582beedf620
        0x5582beedf620
        0x5582beedf620
        0x5582beedf620
        0x5582beedf620
        0x5582beedf620
        0x5582beedf620
        0x5582beedf620
        0x5582beedf620
        0x5582beedf620
        0x5582beedf620
        0x5582beedf620
        0x5582beedf620
        0x5582beedf620
        0x5582beedf620
        0x5582beedf620
        0x5582beedf620
        0x5582beedf620
        0x5582beedf620
        0x5582beedf620
        0x5582beedf620
        0x5582beedf620
        0x5582beedf620
        0x5582beedf620
        0x5582beedf620
        0x5582beedf620
        0x5582beedf620
        0x5582beedf620
        0x5582beedf620
        0x5582beedf620
        0x5582beedf620
        0x5582beedf620
        0x5582beedf620
        0x5582beedf620
        0x5582beedf620
]: 1
@preempt_stack[
        0x7fef9ccc6d11
        0x80007c407c2
]: 1
@preempt_stack[
        0x41b7c5b5
        0x7feefb846428
        0x7feefb9e578f
        0x5582be808500
]: 1
@preempt_stack[
        mono_metadata_type_hash+222
        0x120000
        0x5582c01806c0
        0x5582c01806c0
        0x5582c01806c0
        0x5582c01806c0
        0x5582c01806c0
        0x5582c01806c0
        0x5582c01806c0
        0x5582c01806c0
        0x5582c01806c0
        0x5582c01806c0
        0x5582c01806c0
        0x5582c01806c0
        0x5582c01806c0
        0x5582c01806c0
        0x5582c01806c0
        0x5582c01806c0
        0x5582c01806c0
        0x5582c01806c0
        0x5582c01806c0
        0x5582c01806c0
        0x5582c01806c0
        0x5582c01806c0
        0x5582c01806c0
        0x5582c01806c0
        0x5582c01806c0
        0x5582c01806c0
        0x5582c01806c0
        0x5582c01806c0
        0x5582c01806c0
        0x5582c01806c0
        0x5582c01806c0
        0x5582c01806c0
        0x5582c01806c0
        0x5582c01806c0
        0x5582c01806c0
        0x5582c01806c0
        0x5582c01806c0
        0x5582c01806c0
        0x5582c01806c0
        0x5582c01806c0
        0x5582c01806c0
        0x5582c01806c0
        0x5582c01806c0
        0x5582c01806c0
        0x5582c01806c0
        0x5582c01806c0
        0x5582c01806c0
        0x5582c01806c0
        0x5582c01806c0
        0x5582c01806c0
        0x5582c01806c0
        0x5582c01806c0
        0x5582c01806c0
        0x5582c01806c0
        0x5582c01806c0
        0x5582c01806c0
        0x5582c01806c0
        0x5582c01806c0
        0x5582c01806c0
        0x5582c01806c0
        0x5582c01806c0
        0x5582c01806c0
        0x5582c01806c0
        0x5582c01806c0
        0x5582c01806c0
        0x5582c01806c0
        0x5582c01806c0
        0x5582c01806c0
        0x5582c01806c0
        0x5582c01806c0
        0x5582c01806c0
        0x5582c01806c0
        0x5582c01806c0
        0x5582c01806c0
        0x5582c01806c0
        0x5582c01806c0
        0x5582c01806c0
        0x5582c01806c0
        0x5582c01806c0
        0x5582c01806c0
        0x5582c01806c0
        0x5582c01806c0
        0x5582c01806c0
        0x5582c01806c0
        0x5582c01806c0
        0x5582c01806c0
        0x5582c01806c0
        0x5582c01806c0
        0x5582c01806c0
        0x5582c01806c0
        0x5582c01806c0
        0x5582c01806c0
        0x5582c01806c0
        0x5582c01806c0
        0x5582c01806c0
        0x5582c01806c0
        0x5582c01806c0
        0x5582c01806c0
        0x5582c01806c0
        0x5582c01806c0
        0x5582c01806c0
        0x5582c01806c0
        0x5582c01806c0
        0x5582c01806c0
        0x5582c01806c0
        0x5582c01806c0
        0x5582c01806c0
        0x5582c01806c0
        0x5582c01806c0
        0x5582c01806c0
        0x5582c01806c0
        0x5582c01806c0
        0x5582c01806c0
        0x5582c01806c0
        0x5582c01806c0
        0x5582c01806c0
        0x5582c01806c0
        0x5582c01806c0
        0x5582c01806c0
        0x5582c01806c0
        0x5582c01806c0
        0x5582c01806c0
        0x5582c01806c0
        0x5582c01806c0
        0x5582c01806c0
]: 1
@preempt_stack[
        0x7fef9cd51883
]: 1
@preempt_stack[
        0x7feefba0c362
]: 1
@preempt_stack[
        mono_metadata_type_hash+80
        0x120000
        0x5582c0319038
        0x5582c0319038
        0x5582c0319038
        0x5582c0319038
        0x5582c0319038
        0x5582c0319038
        0x5582c0319038
        0x5582c0319038
        0x5582c0319038
        0x5582c0319038
        0x5582c0319038
        0x5582c0319038
        0x5582c0319038
        0x5582c0319038
        0x5582c0319038
        0x5582c0319038
        0x5582c0319038
        0x5582c0319038
        0x5582c0319038
        0x5582c0319038
        0x5582c0319038
        0x5582c0319038
        0x5582c0319038
        0x5582c0319038
        0x5582c0319038
        0x5582c0319038
        0x5582c0319038
        0x5582c0319038
        0x5582c0319038
        0x5582c0319038
        0x5582c0319038
        0x5582c0319038
        0x5582c0319038
        0x5582c0319038
        0x5582c0319038
        0x5582c0319038
        0x5582c0319038
        0x5582c0319038
        0x5582c0319038
        0x5582c0319038
        0x5582c0319038
        0x5582c0319038
        0x5582c0319038
        0x5582c0319038
        0x5582c0319038
        0x5582c0319038
        0x5582c0319038
        0x5582c0319038
        0x5582c0319038
        0x5582c0319038
        0x5582c0319038
        0x5582c0319038
        0x5582c0319038
        0x5582c0319038
        0x5582c0319038
        0x5582c0319038
        0x5582c0319038
        0x5582c0319038
        0x5582c0319038
        0x5582c0319038
        0x5582c0319038
        0x5582c0319038
        0x5582c0319038
        0x5582c0319038
        0x5582c0319038
        0x5582c0319038
        0x5582c0319038
        0x5582c0319038
        0x5582c0319038
        0x5582c0319038
        0x5582c0319038
        0x5582c0319038
        0x5582c0319038
        0x5582c0319038
        0x5582c0319038
        0x5582c0319038
        0x5582c0319038
        0x5582c0319038
        0x5582c0319038
        0x5582c0319038
        0x5582c0319038
        0x5582c0319038
        0x5582c0319038
        0x5582c0319038
        0x5582c0319038
        0x5582c0319038
        0x5582c0319038
        0x5582c0319038
        0x5582c0319038
        0x5582c0319038
        0x5582c0319038
        0x5582c0319038
        0x5582c0319038
        0x5582c0319038
        0x5582c0319038
        0x5582c0319038
        0x5582c0319038
        0x5582c0319038
        0x5582c0319038
        0x5582c0319038
        0x5582c0319038
        0x5582c0319038
        0x5582c0319038
        0x5582c0319038
        0x5582c0319038
        0x5582c0319038
        0x5582c0319038
        0x5582c0319038
        0x5582c0319038
        0x5582c0319038
        0x5582c0319038
        0x5582c0319038
        0x5582c0319038
        0x5582c0319038
        0x5582c0319038
        0x5582c0319038
        0x5582c0319038
        0x5582c0319038
        0x5582c0319038
        0x5582c0319038
        0x5582c0319038
        0x5582c0319038
        0x5582c0319038
        0x5582c0319038
        0x5582c0319038
]: 1
@preempt_stack[
        0x7feefb97ae7a
]: 1
@preempt_stack[
        0x7feefba0cc7d
]: 1
@preempt_stack[
        0x41179d2a
        0x41a043ff
        0x413821e6
        0x4137da64
        0x7feefb846428
        0x7feefb9e578f
        0x5582be808500
]: 1
@preempt_stack[
        0x7fef9c905cd2
        0
]: 1
@preempt_stack[
        0x7fef9d5a5953
]: 1
@preempt_stack[
        pthread_cond_wait+370
        0x2a7
]: 1
@preempt_stack[
        0x7fef9c901593
        0x1c1
]: 1
@preempt_stack[
        0x416feeb4
        0x7feefb846428
        0x7feefb9e578f
        0x5582be808500
]: 1
@preempt_stack[
        __clock_gettime+0
        0x20
        0
        0x7fee001c2120
]: 1
@preempt_stack[
        0x7fef9c9077a1
        0x7fef607124c0
]: 1
@preempt_stack[
        mono_metadata_type_hash+80
        0x120000
        0x5582bff1ddd8
        0x5582bff1ddd8
        0x5582bff1ddd8
        0x5582bff1ddd8
        0x5582bff1ddd8
        0x5582bff1ddd8
        0x5582bff1ddd8
        0x5582bff1ddd8
        0x5582bff1ddd8
        0x5582bff1ddd8
        0x5582bff1ddd8
        0x5582bff1ddd8
        0x5582bff1ddd8
        0x5582bff1ddd8
        0x5582bff1ddd8
        0x5582bff1ddd8
        0x5582bff1ddd8
        0x5582bff1ddd8
        0x5582bff1ddd8
        0x5582bff1ddd8
        0x5582bff1ddd8
        0x5582bff1ddd8
        0x5582bff1ddd8
        0x5582bff1ddd8
        0x5582bff1ddd8
        0x5582bff1ddd8
        0x5582bff1ddd8
        0x5582bff1ddd8
        0x5582bff1ddd8
        0x5582bff1ddd8
        0x5582bff1ddd8
        0x5582bff1ddd8
        0x5582bff1ddd8
        0x5582bff1ddd8
        0x5582bff1ddd8
        0x5582bff1ddd8
        0x5582bff1ddd8
        0x5582bff1ddd8
        0x5582bff1ddd8
        0x5582bff1ddd8
        0x5582bff1ddd8
        0x5582bff1ddd8
        0x5582bff1ddd8
        0x5582bff1ddd8
        0x5582bff1ddd8
        0x5582bff1ddd8
        0x5582bff1ddd8
        0x5582bff1ddd8
        0x5582bff1ddd8
        0x5582bff1ddd8
        0x5582bff1ddd8
        0x5582bff1ddd8
        0x5582bff1ddd8
        0x5582bff1ddd8
        0x5582bff1ddd8
        0x5582bff1ddd8
        0x5582bff1ddd8
        0x5582bff1ddd8
        0x5582bff1ddd8
        0x5582bff1ddd8
        0x5582bff1ddd8
        0x5582bff1ddd8
        0x5582bff1ddd8
        0x5582bff1ddd8
        0x5582bff1ddd8
        0x5582bff1ddd8
        0x5582bff1ddd8
        0x5582bff1ddd8
        0x5582bff1ddd8
        0x5582bff1ddd8
        0x5582bff1ddd8
        0x5582bff1ddd8
        0x5582bff1ddd8
        0x5582bff1ddd8
        0x5582bff1ddd8
        0x5582bff1ddd8
        0x5582bff1ddd8
        0x5582bff1ddd8
        0x5582bff1ddd8
        0x5582bff1ddd8
        0x5582bff1ddd8
        0x5582bff1ddd8
        0x5582bff1ddd8
        0x5582bff1ddd8
        0x5582bff1ddd8
        0x5582bff1ddd8
        0x5582bff1ddd8
        0x5582bff1ddd8
        0x5582bff1ddd8
        0x5582bff1ddd8
        0x5582bff1ddd8
        0x5582bff1ddd8
        0x5582bff1ddd8
        0x5582bff1ddd8
        0x5582bff1ddd8
        0x5582bff1ddd8
        0x5582bff1ddd8
        0x5582bff1ddd8
        0x5582bff1ddd8
        0x5582bff1ddd8
        0x5582bff1ddd8
        0x5582bff1ddd8
        0x5582bff1ddd8
        0x5582bff1ddd8
        0x5582bff1ddd8
        0x5582bff1ddd8
        0x5582bff1ddd8
        0x5582bff1ddd8
        0x5582bff1ddd8
        0x5582bff1ddd8
        0x5582bff1ddd8
        0x5582bff1ddd8
        0x5582bff1ddd8
        0x5582bff1ddd8
        0x5582bff1ddd8
        0x5582bff1ddd8
        0x5582bff1ddd8
        0x5582bff1ddd8
        0x5582bff1ddd8
        0x5582bff1ddd8
        0x5582bff1ddd8
        0x5582bff1ddd8
        0x5582bff1ddd8
        0x5582bff1ddd8
        0x5582bff1ddd8
]: 1
@preempt_stack[
        0x7feefb9dcfa3
        0x120000
        0x5582bf386a58
        0x5582bf386a58
        0x5582bf386a58
        0x5582bf386a58
        0x5582bf386a58
        0x5582bf386a58
        0x5582bf386a58
        0x5582bf386a58
        0x5582bf386a58
        0x5582bf386a58
        0x5582bf386a58
        0x5582bf386a58
        0x5582bf386a58
        0x5582bf386a58
        0x5582bf386a58
        0x5582bf386a58
        0x5582bf386a58
        0x5582bf386a58
        0x5582bf386a58
        0x5582bf386a58
        0x5582bf386a58
        0x5582bf386a58
        0x5582bf386a58
        0x5582bf386a58
        0x5582bf386a58
        0x5582bf386a58
        0x5582bf386a58
        0x5582bf386a58
        0x5582bf386a58
        0x5582bf386a58
        0x5582bf386a58
        0x5582bf386a58
        0x5582bf386a58
        0x5582bf386a58
        0x5582bf386a58
        0x5582bf386a58
        0x5582bf386a58
        0x5582bf386a58
        0x5582bf386a58
        0x5582bf386a58
        0x5582bf386a58
        0x5582bf386a58
        0x5582bf386a58
        0x5582bf386a58
        0x5582bf386a58
        0x5582bf386a58
        0x5582bf386a58
        0x5582bf386a58
        0x5582bf386a58
        0x5582bf386a58
        0x5582bf386a58
        0x5582bf386a58
        0x5582bf386a58
        0x5582bf386a58
        0x5582bf386a58
        0x5582bf386a58
        0x5582bf386a58
        0x5582bf386a58
        0x5582bf386a58
        0x5582bf386a58
        0x5582bf386a58
        0x5582bf386a58
        0x5582bf386a58
        0x5582bf386a58
        0x5582bf386a58
        0x5582bf386a58
        0x5582bf386a58
        0x5582bf386a58
        0x5582bf386a58
        0x5582bf386a58
        0x5582bf386a58
        0x5582bf386a58
        0x5582bf386a58
        0x5582bf386a58
        0x5582bf386a58
        0x5582bf386a58
        0x5582bf386a58
        0x5582bf386a58
        0x5582bf386a58
        0x5582bf386a58
        0x5582bf386a58
        0x5582bf386a58
        0x5582bf386a58
        0x5582bf386a58
        0x5582bf386a58
        0x5582bf386a58
        0x5582bf386a58
        0x5582bf386a58
        0x5582bf386a58
        0x5582bf386a58
        0x5582bf386a58
        0x5582bf386a58
        0x5582bf386a58
        0x5582bf386a58
        0x5582bf386a58
        0x5582bf386a58
        0x5582bf386a58
        0x5582bf386a58
        0x5582bf386a58
        0x5582bf386a58
        0x5582bf386a58
        0x5582bf386a58
        0x5582bf386a58
        0x5582bf386a58
        0x5582bf386a58
        0x5582bf386a58
        0x5582bf386a58
        0x5582bf386a58
        0x5582bf386a58
        0x5582bf386a58
        0x5582bf386a58
        0x5582bf386a58
        0x5582bf386a58
        0x5582bf386a58
        0x5582bf386a58
        0x5582bf386a58
        0x5582bf386a58
        0x5582bf386a58
        0x5582bf386a58
        0x5582bf386a58
        0x5582bf386a58
        0x5582bf386a58
        0x5582bf386a58
        0x5582bf386a58
        0x5582bf386a58
]: 1
@preempt_stack[
        0x7fef9cd51389
]: 1
@preempt_stack[
        0x7fef9d4a6f72
]: 1
@preempt_stack[
        0x41c259bb
]: 1
@preempt_stack[
        0x41b86f7a
        0x41b87864
        0x416f6adf
        0x7feefb846428
        0x7feefb9e578f
        0x5582be808500
]: 1
@preempt_stack[
        0x7fef9bab61f2
        0x35a
]: 1
@preempt_stack[
        0x7fef9cdb334e
        0
        0x7fef6112c7c0
        0x7fef9d690660
        0x8b48098b48004e3a
]: 1
@preempt_stack[
        0x7feefb9dcfa3
        0x110000
        0x5582bec5ecc0
        0x5582bec5ecc0
        0x5582bec5ecc0
        0x5582bec5ecc0
        0x5582bec5ecc0
        0x5582bec5ecc0
        0x5582bec5ecc0
        0x5582bec5ecc0
        0x5582bec5ecc0
        0x5582bec5ecc0
        0x5582bec5ecc0
        0x5582bec5ecc0
        0x5582bec5ecc0
        0x5582bec5ecc0
        0x5582bec5ecc0
        0x5582bec5ecc0
        0x5582bec5ecc0
        0x5582bec5ecc0
        0x5582bec5ecc0
        0x5582bec5ecc0
        0x5582bec5ecc0
        0x5582bec5ecc0
        0x5582bec5ecc0
        0x5582bec5ecc0
        0x5582bec5ecc0
        0x5582bec5ecc0
        0x5582bec5ecc0
        0x5582bec5ecc0
        0x5582bec5ecc0
        0x5582bec5ecc0
        0x5582bec5ecc0
        0x5582bec5ecc0
        0x5582bec5ecc0
        0x5582bec5ecc0
        0x5582bec5ecc0
        0x5582bec5ecc0
        0x5582bec5ecc0
        0x5582bec5ecc0
        0x5582bec5ecc0
        0x5582bec5ecc0
        0x5582bec5ecc0
        0x5582bec5ecc0
        0x5582bec5ecc0
        0x5582bec5ecc0
        0x5582bec5ecc0
        0x5582bec5ecc0
        0x5582bec5ecc0
        0x5582bec5ecc0
        0x5582bec5ecc0
        0x5582bec5ecc0
        0x5582bec5ecc0
        0x5582bec5ecc0
        0x5582bec5ecc0
        0x5582bec5ecc0
        0x5582bec5ecc0
        0x5582bec5ecc0
        0x5582bec5ecc0
        0x5582bec5ecc0
        0x5582bec5ecc0
        0x5582bec5ecc0
        0x5582bec5ecc0
        0x5582bec5ecc0
        0x5582bec5ecc0
        0x5582bec5ecc0
        0x5582bec5ecc0
        0x5582bec5ecc0
        0x5582bec5ecc0
        0x5582bec5ecc0
        0x5582bec5ecc0
        0x5582bec5ecc0
        0x5582bec5ecc0
        0x5582bec5ecc0
        0x5582bec5ecc0
        0x5582bec5ecc0
        0x5582bec5ecc0
        0x5582bec5ecc0
        0x5582bec5ecc0
        0x5582bec5ecc0
        0x5582bec5ecc0
        0x5582bec5ecc0
        0x5582bec5ecc0
        0x5582bec5ecc0
        0x5582bec5ecc0
        0x5582bec5ecc0
        0x5582bec5ecc0
        0x5582bec5ecc0
        0x5582bec5ecc0
        0x5582bec5ecc0
        0x5582bec5ecc0
        0x5582bec5ecc0
        0x5582bec5ecc0
        0x5582bec5ecc0
        0x5582bec5ecc0
        0x5582bec5ecc0
        0x5582bec5ecc0
        0x5582bec5ecc0
        0x5582bec5ecc0
        0x5582bec5ecc0
        0x5582bec5ecc0
        0x5582bec5ecc0
        0x5582bec5ecc0
        0x5582bec5ecc0
        0x5582bec5ecc0
        0x5582bec5ecc0
        0x5582bec5ecc0
        0x5582bec5ecc0
        0x5582bec5ecc0
        0x5582bec5ecc0
        0x5582bec5ecc0
        0x5582bec5ecc0
        0x5582bec5ecc0
        0x5582bec5ecc0
        0x5582bec5ecc0
        0x5582bec5ecc0
        0x5582bec5ecc0
        0x5582bec5ecc0
        0x5582bec5ecc0
        0x5582bec5ecc0
        0x5582bec5ecc0
        0x5582bec5ecc0
        0x5582bec5ecc0
        0x5582bec5ecc0
        0x5582bec5ecc0
        0x5582bec5ecc0
        0x5582bec5ecc0
]: 1
@preempt_stack[
        0x7fef9d15a931
        0x4bf62104
]: 1
@preempt_stack[
        0x7feefb9dcfa3
        0x120000
        0x5582c0a04ea0
        0x5582c0a04ea0
        0x5582c0a04ea0
        0x5582c0a04ea0
        0x5582c0a04ea0
        0x5582c0a04ea0
        0x5582c0a04ea0
        0x5582c0a04ea0
        0x5582c0a04ea0
        0x5582c0a04ea0
        0x5582c0a04ea0
        0x5582c0a04ea0
        0x5582c0a04ea0
        0x5582c0a04ea0
        0x5582c0a04ea0
        0x5582c0a04ea0
        0x5582c0a04ea0
        0x5582c0a04ea0
        0x5582c0a04ea0
        0x5582c0a04ea0
        0x5582c0a04ea0
        0x5582c0a04ea0
        0x5582c0a04ea0
        0x5582c0a04ea0
        0x5582c0a04ea0
        0x5582c0a04ea0
        0x5582c0a04ea0
        0x5582c0a04ea0
        0x5582c0a04ea0
        0x5582c0a04ea0
        0x5582c0a04ea0
        0x5582c0a04ea0
        0x5582c0a04ea0
        0x5582c0a04ea0
        0x5582c0a04ea0
        0x5582c0a04ea0
        0x5582c0a04ea0
        0x5582c0a04ea0
        0x5582c0a04ea0
        0x5582c0a04ea0
        0x5582c0a04ea0
        0x5582c0a04ea0
        0x5582c0a04ea0
        0x5582c0a04ea0
        0x5582c0a04ea0
        0x5582c0a04ea0
        0x5582c0a04ea0
        0x5582c0a04ea0
        0x5582c0a04ea0
        0x5582c0a04ea0
        0x5582c0a04ea0
        0x5582c0a04ea0
        0x5582c0a04ea0
        0x5582c0a04ea0
        0x5582c0a04ea0
        0x5582c0a04ea0
        0x5582c0a04ea0
        0x5582c0a04ea0
        0x5582c0a04ea0
        0x5582c0a04ea0
        0x5582c0a04ea0
        0x5582c0a04ea0
        0x5582c0a04ea0
        0x5582c0a04ea0
        0x5582c0a04ea0
        0x5582c0a04ea0
        0x5582c0a04ea0
        0x5582c0a04ea0
        0x5582c0a04ea0
        0x5582c0a04ea0
        0x5582c0a04ea0
        0x5582c0a04ea0
        0x5582c0a04ea0
        0x5582c0a04ea0
        0x5582c0a04ea0
        0x5582c0a04ea0
        0x5582c0a04ea0
        0x5582c0a04ea0
        0x5582c0a04ea0
        0x5582c0a04ea0
        0x5582c0a04ea0
        0x5582c0a04ea0
        0x5582c0a04ea0
        0x5582c0a04ea0
        0x5582c0a04ea0
        0x5582c0a04ea0
        0x5582c0a04ea0
        0x5582c0a04ea0
        0x5582c0a04ea0
        0x5582c0a04ea0
        0x5582c0a04ea0
        0x5582c0a04ea0
        0x5582c0a04ea0
        0x5582c0a04ea0
        0x5582c0a04ea0
        0x5582c0a04ea0
        0x5582c0a04ea0
        0x5582c0a04ea0
        0x5582c0a04ea0
        0x5582c0a04ea0
        0x5582c0a04ea0
        0x5582c0a04ea0
        0x5582c0a04ea0
        0x5582c0a04ea0
        0x5582c0a04ea0
        0x5582c0a04ea0
        0x5582c0a04ea0
        0x5582c0a04ea0
        0x5582c0a04ea0
        0x5582c0a04ea0
        0x5582c0a04ea0
        0x5582c0a04ea0
        0x5582c0a04ea0
        0x5582c0a04ea0
        0x5582c0a04ea0
        0x5582c0a04ea0
        0x5582c0a04ea0
        0x5582c0a04ea0
        0x5582c0a04ea0
        0x5582c0a04ea0
        0x5582c0a04ea0
        0x5582c0a04ea0
        0x5582c0a04ea0
        0x5582c0a04ea0
        0x5582c0a04ea0
]: 1
@preempt_stack[
        0x7feefb9cb795
        0x130000
        0
        0
        0x7feeb01b94c0
]: 1
@preempt_stack[
        0x7fef9c905932
        0x22702040202
]: 1
@preempt_stack[
        0x7feefb9cb75b
        0x120000
        0x5582bff65aa8
        0x5582bff65aa8
        0x5582bff65aa8
        0x5582bff65aa8
        0x5582bff65aa8
        0x5582bff65aa8
        0x5582bff65aa8
        0x5582bff65aa8
        0x5582bff65aa8
        0x5582bff65aa8
        0x5582bff65aa8
        0x5582bff65aa8
        0x5582bff65aa8
        0x5582bff65aa8
        0x5582bff65aa8
        0x5582bff65aa8
        0x5582bff65aa8
        0x5582bff65aa8
        0x5582bff65aa8
        0x5582bff65aa8
        0x5582bff65aa8
        0x5582bff65aa8
        0x5582bff65aa8
        0x5582bff65aa8
        0x5582bff65aa8
        0x5582bff65aa8
        0x5582bff65aa8
        0x5582bff65aa8
        0x5582bff65aa8
        0x5582bff65aa8
        0x5582bff65aa8
        0x5582bff65aa8
        0x5582bff65aa8
        0x5582bff65aa8
        0x5582bff65aa8
        0x5582bff65aa8
        0x5582bff65aa8
        0x5582bff65aa8
        0x5582bff65aa8
        0x5582bff65aa8
        0x5582bff65aa8
        0x5582bff65aa8
        0x5582bff65aa8
        0x5582bff65aa8
        0x5582bff65aa8
        0x5582bff65aa8
        0x5582bff65aa8
        0x5582bff65aa8
        0x5582bff65aa8
        0x5582bff65aa8
        0x5582bff65aa8
        0x5582bff65aa8
        0x5582bff65aa8
        0x5582bff65aa8
        0x5582bff65aa8
        0x5582bff65aa8
        0x5582bff65aa8
        0x5582bff65aa8
        0x5582bff65aa8
        0x5582bff65aa8
        0x5582bff65aa8
        0x5582bff65aa8
        0x5582bff65aa8
        0x5582bff65aa8
        0x5582bff65aa8
        0x5582bff65aa8
        0x5582bff65aa8
        0x5582bff65aa8
        0x5582bff65aa8
        0x5582bff65aa8
        0x5582bff65aa8
        0x5582bff65aa8
        0x5582bff65aa8
        0x5582bff65aa8
        0x5582bff65aa8
        0x5582bff65aa8
        0x5582bff65aa8
        0x5582bff65aa8
        0x5582bff65aa8
        0x5582bff65aa8
        0x5582bff65aa8
        0x5582bff65aa8
        0x5582bff65aa8
        0x5582bff65aa8
        0x5582bff65aa8
        0x5582bff65aa8
        0x5582bff65aa8
        0x5582bff65aa8
        0x5582bff65aa8
        0x5582bff65aa8
        0x5582bff65aa8
        0x5582bff65aa8
        0x5582bff65aa8
        0x5582bff65aa8
        0x5582bff65aa8
        0x5582bff65aa8
        0x5582bff65aa8
        0x5582bff65aa8
        0x5582bff65aa8
        0x5582bff65aa8
        0x5582bff65aa8
        0x5582bff65aa8
        0x5582bff65aa8
        0x5582bff65aa8
        0x5582bff65aa8
        0x5582bff65aa8
        0x5582bff65aa8
        0x5582bff65aa8
        0x5582bff65aa8
        0x5582bff65aa8
        0x5582bff65aa8
        0x5582bff65aa8
        0x5582bff65aa8
        0x5582bff65aa8
        0x5582bff65aa8
        0x5582bff65aa8
        0x5582bff65aa8
        0x5582bff65aa8
        0x5582bff65aa8
        0x5582bff65aa8
        0x5582bff65aa8
        0x5582bff65aa8
        0x5582bff65aa8
        0x5582bff65aa8
        0x5582bff65aa8
]: 1
@preempt_stack[
        0x41629ddf
]: 1
@preempt_stack[
        mono_metadata_type_hash+80
        0x120000
        0x5582bf8e6d90
        0x5582bf8e6d90
        0x5582bf8e6d90
        0x5582bf8e6d90
        0x5582bf8e6d90
        0x5582bf8e6d90
        0x5582bf8e6d90
        0x5582bf8e6d90
        0x5582bf8e6d90
        0x5582bf8e6d90
        0x5582bf8e6d90
        0x5582bf8e6d90
        0x5582bf8e6d90
        0x5582bf8e6d90
        0x5582bf8e6d90
        0x5582bf8e6d90
        0x5582bf8e6d90
        0x5582bf8e6d90
        0x5582bf8e6d90
        0x5582bf8e6d90
        0x5582bf8e6d90
        0x5582bf8e6d90
        0x5582bf8e6d90
        0x5582bf8e6d90
        0x5582bf8e6d90
        0x5582bf8e6d90
        0x5582bf8e6d90
        0x5582bf8e6d90
        0x5582bf8e6d90
        0x5582bf8e6d90
        0x5582bf8e6d90
        0x5582bf8e6d90
        0x5582bf8e6d90
        0x5582bf8e6d90
        0x5582bf8e6d90
        0x5582bf8e6d90
        0x5582bf8e6d90
        0x5582bf8e6d90
        0x5582bf8e6d90
        0x5582bf8e6d90
        0x5582bf8e6d90
        0x5582bf8e6d90
        0x5582bf8e6d90
        0x5582bf8e6d90
        0x5582bf8e6d90
        0x5582bf8e6d90
        0x5582bf8e6d90
        0x5582bf8e6d90
        0x5582bf8e6d90
        0x5582bf8e6d90
        0x5582bf8e6d90
        0x5582bf8e6d90
        0x5582bf8e6d90
        0x5582bf8e6d90
        0x5582bf8e6d90
        0x5582bf8e6d90
        0x5582bf8e6d90
        0x5582bf8e6d90
        0x5582bf8e6d90
        0x5582bf8e6d90
        0x5582bf8e6d90
        0x5582bf8e6d90
        0x5582bf8e6d90
        0x5582bf8e6d90
        0x5582bf8e6d90
        0x5582bf8e6d90
        0x5582bf8e6d90
        0x5582bf8e6d90
        0x5582bf8e6d90
        0x5582bf8e6d90
        0x5582bf8e6d90
        0x5582bf8e6d90
        0x5582bf8e6d90
        0x5582bf8e6d90
        0x5582bf8e6d90
        0x5582bf8e6d90
        0x5582bf8e6d90
        0x5582bf8e6d90
        0x5582bf8e6d90
        0x5582bf8e6d90
        0x5582bf8e6d90
        0x5582bf8e6d90
        0x5582bf8e6d90
        0x5582bf8e6d90
        0x5582bf8e6d90
        0x5582bf8e6d90
        0x5582bf8e6d90
        0x5582bf8e6d90
        0x5582bf8e6d90
        0x5582bf8e6d90
        0x5582bf8e6d90
        0x5582bf8e6d90
        0x5582bf8e6d90
        0x5582bf8e6d90
        0x5582bf8e6d90
        0x5582bf8e6d90
        0x5582bf8e6d90
        0x5582bf8e6d90
        0x5582bf8e6d90
        0x5582bf8e6d90
        0x5582bf8e6d90
        0x5582bf8e6d90
        0x5582bf8e6d90
        0x5582bf8e6d90
        0x5582bf8e6d90
        0x5582bf8e6d90
        0x5582bf8e6d90
        0x5582bf8e6d90
        0x5582bf8e6d90
        0x5582bf8e6d90
        0x5582bf8e6d90
        0x5582bf8e6d90
        0x5582bf8e6d90
        0x5582bf8e6d90
        0x5582bf8e6d90
        0x5582bf8e6d90
        0x5582bf8e6d90
        0x5582bf8e6d90
        0x5582bf8e6d90
        0x5582bf8e6d90
        0x5582bf8e6d90
        0x5582bf8e6d90
        0x5582bf8e6d90
        0x5582bf8e6d90
        0x5582bf8e6d90
]: 1
@preempt_stack[
        0x7fef9cd4e965
        0x2eaf0cdb28aa9316
]: 1
@preempt_stack[
        0x7feefb9cb789
        0x120000
        0x5582c18f0d68
        0x5582c18f0d68
        0x5582c18f0d68
        0x5582c18f0d68
        0x5582c18f0d68
        0x5582c18f0d68
        0x5582c18f0d68
        0x5582c18f0d68
        0x5582c18f0d68
        0x5582c18f0d68
        0x5582c18f0d68
        0x5582c18f0d68
        0x5582c18f0d68
        0x5582c18f0d68
        0x5582c18f0d68
        0x5582c18f0d68
        0x5582c18f0d68
        0x5582c18f0d68
        0x5582c18f0d68
        0x5582c18f0d68
        0x5582c18f0d68
        0x5582c18f0d68
        0x5582c18f0d68
        0x5582c18f0d68
        0x5582c18f0d68
        0x5582c18f0d68
        0x5582c18f0d68
        0x5582c18f0d68
        0x5582c18f0d68
        0x5582c18f0d68
        0x5582c18f0d68
        0x5582c18f0d68
        0x5582c18f0d68
        0x5582c18f0d68
        0x5582c18f0d68
        0x5582c18f0d68
        0x5582c18f0d68
        0x5582c18f0d68
        0x5582c18f0d68
        0x5582c18f0d68
        0x5582c18f0d68
        0x5582c18f0d68
        0x5582c18f0d68
        0x5582c18f0d68
        0x5582c18f0d68
        0x5582c18f0d68
        0x5582c18f0d68
        0x5582c18f0d68
        0x5582c18f0d68
        0x5582c18f0d68
        0x5582c18f0d68
        0x5582c18f0d68
        0x5582c18f0d68
        0x5582c18f0d68
        0x5582c18f0d68
        0x5582c18f0d68
        0x5582c18f0d68
        0x5582c18f0d68
        0x5582c18f0d68
        0x5582c18f0d68
        0x5582c18f0d68
        0x5582c18f0d68
        0x5582c18f0d68
        0x5582c18f0d68
        0x5582c18f0d68
        0x5582c18f0d68
        0x5582c18f0d68
        0x5582c18f0d68
        0x5582c18f0d68
        0x5582c18f0d68
        0x5582c18f0d68
        0x5582c18f0d68
        0x5582c18f0d68
        0x5582c18f0d68
        0x5582c18f0d68
        0x5582c18f0d68
        0x5582c18f0d68
        0x5582c18f0d68
        0x5582c18f0d68
        0x5582c18f0d68
        0x5582c18f0d68
        0x5582c18f0d68
        0x5582c18f0d68
        0x5582c18f0d68
        0x5582c18f0d68
        0x5582c18f0d68
        0x5582c18f0d68
        0x5582c18f0d68
        0x5582c18f0d68
        0x5582c18f0d68
        0x5582c18f0d68
        0x5582c18f0d68
        0x5582c18f0d68
        0x5582c18f0d68
        0x5582c18f0d68
        0x5582c18f0d68
        0x5582c18f0d68
        0x5582c18f0d68
        0x5582c18f0d68
        0x5582c18f0d68
        0x5582c18f0d68
        0x5582c18f0d68
        0x5582c18f0d68
        0x5582c18f0d68
        0x5582c18f0d68
        0x5582c18f0d68
        0x5582c18f0d68
        0x5582c18f0d68
        0x5582c18f0d68
        0x5582c18f0d68
        0x5582c18f0d68
        0x5582c18f0d68
        0x5582c18f0d68
        0x5582c18f0d68
        0x5582c18f0d68
        0x5582c18f0d68
        0x5582c18f0d68
        0x5582c18f0d68
        0x5582c18f0d68
        0x5582c18f0d68
        0x5582c18f0d68
        0x5582c18f0d68
        0x5582c18f0d68
        0x5582c18f0d68
        0x5582c18f0d68
]: 1
@preempt_stack[
        0x7fef9c905d44
]: 1
@preempt_stack[
        0x7feefb9e44f9
        0x120000
        0x5582c1e695f0
        0x5582c1e695f0
        0x5582c1e695f0
        0x5582c1e695f0
        0x5582c1e695f0
        0x5582c1e695f0
        0x5582c1e695f0
        0x5582c1e695f0
        0x5582c1e695f0
        0x5582c1e695f0
        0x5582c1e695f0
        0x5582c1e695f0
        0x5582c1e695f0
        0x5582c1e695f0
        0x5582c1e695f0
        0x5582c1e695f0
        0x5582c1e695f0
        0x5582c1e695f0
        0x5582c1e695f0
        0x5582c1e695f0
        0x5582c1e695f0
        0x5582c1e695f0
        0x5582c1e695f0
        0x5582c1e695f0
        0x5582c1e695f0
        0x5582c1e695f0
        0x5582c1e695f0
        0x5582c1e695f0
        0x5582c1e695f0
        0x5582c1e695f0
        0x5582c1e695f0
        0x5582c1e695f0
        0x5582c1e695f0
        0x5582c1e695f0
        0x5582c1e695f0
        0x5582c1e695f0
        0x5582c1e695f0
        0x5582c1e695f0
        0x5582c1e695f0
        0x5582c1e695f0
        0x5582c1e695f0
        0x5582c1e695f0
        0x5582c1e695f0
        0x5582c1e695f0
        0x5582c1e695f0
        0x5582c1e695f0
        0x5582c1e695f0
        0x5582c1e695f0
        0x5582c1e695f0
        0x5582c1e695f0
        0x5582c1e695f0
        0x5582c1e695f0
        0x5582c1e695f0
        0x5582c1e695f0
        0x5582c1e695f0
        0x5582c1e695f0
        0x5582c1e695f0
        0x5582c1e695f0
        0x5582c1e695f0
        0x5582c1e695f0
        0x5582c1e695f0
        0x5582c1e695f0
        0x5582c1e695f0
        0x5582c1e695f0
        0x5582c1e695f0
        0x5582c1e695f0
        0x5582c1e695f0
        0x5582c1e695f0
        0x5582c1e695f0
        0x5582c1e695f0
        0x5582c1e695f0
        0x5582c1e695f0
        0x5582c1e695f0
        0x5582c1e695f0
        0x5582c1e695f0
        0x5582c1e695f0
        0x5582c1e695f0
        0x5582c1e695f0
        0x5582c1e695f0
        0x5582c1e695f0
        0x5582c1e695f0
        0x5582c1e695f0
        0x5582c1e695f0
        0x5582c1e695f0
        0x5582c1e695f0
        0x5582c1e695f0
        0x5582c1e695f0
        0x5582c1e695f0
        0x5582c1e695f0
        0x5582c1e695f0
        0x5582c1e695f0
        0x5582c1e695f0
        0x5582c1e695f0
        0x5582c1e695f0
        0x5582c1e695f0
        0x5582c1e695f0
        0x5582c1e695f0
        0x5582c1e695f0
        0x5582c1e695f0
        0x5582c1e695f0
        0x5582c1e695f0
        0x5582c1e695f0
        0x5582c1e695f0
        0x5582c1e695f0
        0x5582c1e695f0
        0x5582c1e695f0
        0x5582c1e695f0
        0x5582c1e695f0
        0x5582c1e695f0
        0x5582c1e695f0
        0x5582c1e695f0
        0x5582c1e695f0
        0x5582c1e695f0
        0x5582c1e695f0
        0x5582c1e695f0
        0x5582c1e695f0
        0x5582c1e695f0
        0x5582c1e695f0
        0x5582c1e695f0
        0x5582c1e695f0
        0x5582c1e695f0
        0x5582c1e695f0
        0x5582c1e695f0
        0x5582c1e695f0
        0x5582c1e695f0
]: 1
@preempt_stack[
        0x7fef9d5af934
]: 1
@preempt_stack[
        0x7feefb9cb5b8
        0x1
        0
        0x5582bff21a90
]: 1
@preempt_stack[
        mono_threads_enter_gc_safe_region_internal+1
        0x100000000
]: 1
@preempt_stack[
        0x7fef9bab61f2
        0x3e5
]: 1
@preempt_stack[
        pthread_cond_timedwait+509
]: 1
@preempt_stack[
        mono_class_from_mono_type_internal+13
        0x120000
        0x5582c091eae0
        0x5582c091eae0
        0x5582c091eae0
        0x5582c091eae0
        0x5582c091eae0
        0x5582c091eae0
        0x5582c091eae0
        0x5582c091eae0
        0x5582c091eae0
        0x5582c091eae0
        0x5582c091eae0
        0x5582c091eae0
        0x5582c091eae0
        0x5582c091eae0
        0x5582c091eae0
        0x5582c091eae0
        0x5582c091eae0
        0x5582c091eae0
        0x5582c091eae0
        0x5582c091eae0
        0x5582c091eae0
        0x5582c091eae0
        0x5582c091eae0
        0x5582c091eae0
        0x5582c091eae0
        0x5582c091eae0
        0x5582c091eae0
        0x5582c091eae0
        0x5582c091eae0
        0x5582c091eae0
        0x5582c091eae0
        0x5582c091eae0
        0x5582c091eae0
        0x5582c091eae0
        0x5582c091eae0
        0x5582c091eae0
        0x5582c091eae0
        0x5582c091eae0
        0x5582c091eae0
        0x5582c091eae0
        0x5582c091eae0
        0x5582c091eae0
        0x5582c091eae0
        0x5582c091eae0
        0x5582c091eae0
        0x5582c091eae0
        0x5582c091eae0
        0x5582c091eae0
        0x5582c091eae0
        0x5582c091eae0
        0x5582c091eae0
        0x5582c091eae0
        0x5582c091eae0
        0x5582c091eae0
        0x5582c091eae0
        0x5582c091eae0
        0x5582c091eae0
        0x5582c091eae0
        0x5582c091eae0
        0x5582c091eae0
        0x5582c091eae0
        0x5582c091eae0
        0x5582c091eae0
        0x5582c091eae0
        0x5582c091eae0
        0x5582c091eae0
        0x5582c091eae0
        0x5582c091eae0
        0x5582c091eae0
        0x5582c091eae0
        0x5582c091eae0
        0x5582c091eae0
        0x5582c091eae0
        0x5582c091eae0
        0x5582c091eae0
        0x5582c091eae0
        0x5582c091eae0
        0x5582c091eae0
        0x5582c091eae0
        0x5582c091eae0
        0x5582c091eae0
        0x5582c091eae0
        0x5582c091eae0
        0x5582c091eae0
        0x5582c091eae0
        0x5582c091eae0
        0x5582c091eae0
        0x5582c091eae0
        0x5582c091eae0
        0x5582c091eae0
        0x5582c091eae0
        0x5582c091eae0
        0x5582c091eae0
        0x5582c091eae0
        0x5582c091eae0
        0x5582c091eae0
        0x5582c091eae0
        0x5582c091eae0
        0x5582c091eae0
        0x5582c091eae0
        0x5582c091eae0
        0x5582c091eae0
        0x5582c091eae0
        0x5582c091eae0
        0x5582c091eae0
        0x5582c091eae0
        0x5582c091eae0
        0x5582c091eae0
        0x5582c091eae0
        0x5582c091eae0
        0x5582c091eae0
        0x5582c091eae0
        0x5582c091eae0
        0x5582c091eae0
        0x5582c091eae0
        0x5582c091eae0
        0x5582c091eae0
        0x5582c091eae0
        0x5582c091eae0
        0x5582c091eae0
        0x5582c091eae0
        0x5582c091eae0
        0x5582c091eae0
        0x5582c091eae0
        0x5582c091eae0
]: 1
@preempt_stack[
        pthread_mutex_trylock+909
        0
        0x83800000000001
        0x5582be7cf658
        0x5582be7cf658
        0x5582be7cf658
        0x5582be7cf658
        0x5582be7cf658
        0x5582be7cf658
        0x5582be7cf658
        0x5582be7cf658
        0x5582be7cf658
        0x5582be7cf658
        0x5582be7cf658
        0x5582be7cf658
        0x5582be7cf658
        0x5582be7cf658
        0x5582be7cf658
        0x5582be7cf658
        0x5582be7cf658
        0x5582be7cf658
        0x5582be7cf658
        0x5582be7cf658
        0x5582be7cf658
        0x5582be7cf658
        0x5582be7cf658
        0x5582be7cf658
        0x5582be7cf658
        0x5582be7cf658
        0x5582be7cf658
        0x5582be7cf658
        0x5582be7cf658
        0x5582be7cf658
        0x5582be7cf658
        0x5582be7cf658
        0x5582be7cf658
        0x5582be7cf658
        0x5582be7cf658
        0x5582be7cf658
        0x5582be7cf658
        0x5582be7cf658
        0x5582be7cf658
        0x5582be7cf658
        0x5582be7cf658
        0x5582be7cf658
        0x5582be7cf658
        0x5582be7cf658
        0x5582be7cf658
        0x5582be7cf658
        0x5582be7cf658
        0x5582be7cf658
        0x5582be7cf658
        0x5582be7cf658
        0x5582be7cf658
        0x5582be7cf658
        0x5582be7cf658
        0x5582be7cf658
        0x5582be7cf658
        0x5582be7cf658
        0x5582be7cf658
        0x5582be7cf658
        0x5582be7cf658
        0x5582be7cf658
        0x5582be7cf658
        0x5582be7cf658
        0x5582be7cf658
        0x5582be7cf658
        0x5582be7cf658
        0x5582be7cf658
        0x5582be7cf658
        0x5582be7cf658
        0x5582be7cf658
        0x5582be7cf658
        0x5582be7cf658
        0x5582be7cf658
        0x5582be7cf658
        0x5582be7cf658
        0x5582be7cf658
        0x5582be7cf658
        0x5582be7cf658
        0x5582be7cf658
        0x5582be7cf658
        0x5582be7cf658
        0x5582be7cf658
        0x5582be7cf658
        0x5582be7cf658
        0x5582be7cf658
        0x5582be7cf658
        0x5582be7cf658
        0x5582be7cf658
        0x5582be7cf658
        0x5582be7cf658
        0x5582be7cf658
        0x5582be7cf658
        0x5582be7cf658
        0x5582be7cf658
        0x5582be7cf658
        0x5582be7cf658
        0x5582be7cf658
        0x5582be7cf658
        0x5582be7cf658
        0x5582be7cf658
        0x5582be7cf658
        0x5582be7cf658
        0x5582be7cf658
        0x5582be7cf658
        0x5582be7cf658
        0x5582be7cf658
        0x5582be7cf658
        0x5582be7cf658
        0x5582be7cf658
        0x5582be7cf658
        0x5582be7cf658
        0x5582be7cf658
        0x5582be7cf658
        0x5582be7cf658
        0x5582be7cf658
        0x5582be7cf658
        0x5582be7cf658
        0x5582be7cf658
        0x5582be7cf658
        0x5582be7cf658
        0x5582be7cf658
        0x5582be7cf658
        0x5582be7cf658
        0x5582be7cf658
        0x5582be7cf658
]: 1
@preempt_stack[
        0x7fef9c9073e3
        0x34207265
]: 1
@preempt_stack[
        0x41143531
        0x41b87864
        0x416f6adf
        0x7feefb846428
        0x7feefb9e578f
        0x5582be808500
]: 1
@preempt_stack[
        0x41179ce8
]: 1
@preempt_stack[
        mono_metadata_type_hash+80
        0x120000
        0x5582c01499f8
        0x5582c01499f8
        0x5582c01499f8
        0x5582c01499f8
        0x5582c01499f8
        0x5582c01499f8
        0x5582c01499f8
        0x5582c01499f8
        0x5582c01499f8
        0x5582c01499f8
        0x5582c01499f8
        0x5582c01499f8
        0x5582c01499f8
        0x5582c01499f8
        0x5582c01499f8
        0x5582c01499f8
        0x5582c01499f8
        0x5582c01499f8
        0x5582c01499f8
        0x5582c01499f8
        0x5582c01499f8
        0x5582c01499f8
        0x5582c01499f8
        0x5582c01499f8
        0x5582c01499f8
        0x5582c01499f8
        0x5582c01499f8
        0x5582c01499f8
        0x5582c01499f8
        0x5582c01499f8
        0x5582c01499f8
        0x5582c01499f8
        0x5582c01499f8
        0x5582c01499f8
        0x5582c01499f8
        0x5582c01499f8
        0x5582c01499f8
        0x5582c01499f8
        0x5582c01499f8
        0x5582c01499f8
        0x5582c01499f8
        0x5582c01499f8
        0x5582c01499f8
        0x5582c01499f8
        0x5582c01499f8
        0x5582c01499f8
        0x5582c01499f8
        0x5582c01499f8
        0x5582c01499f8
        0x5582c01499f8
        0x5582c01499f8
        0x5582c01499f8
        0x5582c01499f8
        0x5582c01499f8
        0x5582c01499f8
        0x5582c01499f8
        0x5582c01499f8
        0x5582c01499f8
        0x5582c01499f8
        0x5582c01499f8
        0x5582c01499f8
        0x5582c01499f8
        0x5582c01499f8
        0x5582c01499f8
        0x5582c01499f8
        0x5582c01499f8
        0x5582c01499f8
        0x5582c01499f8
        0x5582c01499f8
        0x5582c01499f8
        0x5582c01499f8
        0x5582c01499f8
        0x5582c01499f8
        0x5582c01499f8
        0x5582c01499f8
        0x5582c01499f8
        0x5582c01499f8
        0x5582c01499f8
        0x5582c01499f8
        0x5582c01499f8
        0x5582c01499f8
        0x5582c01499f8
        0x5582c01499f8
        0x5582c01499f8
        0x5582c01499f8
        0x5582c01499f8
        0x5582c01499f8
        0x5582c01499f8
        0x5582c01499f8
        0x5582c01499f8
        0x5582c01499f8
        0x5582c01499f8
        0x5582c01499f8
        0x5582c01499f8
        0x5582c01499f8
        0x5582c01499f8
        0x5582c01499f8
        0x5582c01499f8
        0x5582c01499f8
        0x5582c01499f8
        0x5582c01499f8
        0x5582c01499f8
        0x5582c01499f8
        0x5582c01499f8
        0x5582c01499f8
        0x5582c01499f8
        0x5582c01499f8
        0x5582c01499f8
        0x5582c01499f8
        0x5582c01499f8
        0x5582c01499f8
        0x5582c01499f8
        0x5582c01499f8
        0x5582c01499f8
        0x5582c01499f8
        0x5582c01499f8
        0x5582c01499f8
        0x5582c01499f8
        0x5582c01499f8
        0x5582c01499f8
        0x5582c01499f8
        0x5582c01499f8
        0x5582c01499f8
        0x5582c01499f8
        0x5582c01499f8
]: 1
@preempt_stack[
        0x7feefb9cb66b
        0x130000
        0
        0
        0x7feef4011430
]: 1
@preempt_stack[
        0x7fef9d84b4d4
        0x92
]: 1
@preempt_stack[
        0x7fef9d5a2561
        0x7fef9ce986f5
]: 1
@preempt_stack[
        0x7feefb9cb78e
        0x130000
        0
        0
        0x5582c1a75d40
]: 1
@preempt_stack[
        0x7feefb9cb75b
        0x130000
        0x1
        0
        0x5582c1b963c0
]: 1
@preempt_stack[
        0x7feefb9cb5b8
        0
        0
        0x5582bf3ebfb0
]: 1
@preempt_stack[
        0x7fef9cd4b101
        0x3f8000003f800000
]: 1
@preempt_stack[
        0x41384018
        0x41a043ff
        0x413821e6
        0x4137da64
        0x7feefb846428
        0x7feefb9e578f
        0x5582be808500
]: 1
@preempt_stack[
        0x7fef9d5b6680
]: 1
@preempt_stack[
        0x7feefb9cb75e
        0x130000
        0
        0
        0x5582c18fd730
]: 1
@preempt_stack[
        0x7feefb9cb609
        0x1
        0
        0x5582c1900310
]: 1
@preempt_stack[
        0x7fef9cce2d81
        0x7fef9c6c5dfe
]: 1
@preempt_stack[
        0x7fef9ccc69ec
        0x7fef00000003
        0x558200000000
]: 1
@preempt_stack[
        0x7feefb9dcfa3
        0x120000
        0x5582bfb185d8
        0x5582bfb185d8
        0x5582bfb185d8
        0x5582bfb185d8
        0x5582bfb185d8
        0x5582bfb185d8
        0x5582bfb185d8
        0x5582bfb185d8
        0x5582bfb185d8
        0x5582bfb185d8
        0x5582bfb185d8
        0x5582bfb185d8
        0x5582bfb185d8
        0x5582bfb185d8
        0x5582bfb185d8
        0x5582bfb185d8
        0x5582bfb185d8
        0x5582bfb185d8
        0x5582bfb185d8
        0x5582bfb185d8
        0x5582bfb185d8
        0x5582bfb185d8
        0x5582bfb185d8
        0x5582bfb185d8
        0x5582bfb185d8
        0x5582bfb185d8
        0x5582bfb185d8
        0x5582bfb185d8
        0x5582bfb185d8
        0x5582bfb185d8
        0x5582bfb185d8
        0x5582bfb185d8
        0x5582bfb185d8
        0x5582bfb185d8
        0x5582bfb185d8
        0x5582bfb185d8
        0x5582bfb185d8
        0x5582bfb185d8
        0x5582bfb185d8
        0x5582bfb185d8
        0x5582bfb185d8
        0x5582bfb185d8
        0x5582bfb185d8
        0x5582bfb185d8
        0x5582bfb185d8
        0x5582bfb185d8
        0x5582bfb185d8
        0x5582bfb185d8
        0x5582bfb185d8
        0x5582bfb185d8
        0x5582bfb185d8
        0x5582bfb185d8
        0x5582bfb185d8
        0x5582bfb185d8
        0x5582bfb185d8
        0x5582bfb185d8
        0x5582bfb185d8
        0x5582bfb185d8
        0x5582bfb185d8
        0x5582bfb185d8
        0x5582bfb185d8
        0x5582bfb185d8
        0x5582bfb185d8
        0x5582bfb185d8
        0x5582bfb185d8
        0x5582bfb185d8
        0x5582bfb185d8
        0x5582bfb185d8
        0x5582bfb185d8
        0x5582bfb185d8
        0x5582bfb185d8
        0x5582bfb185d8
        0x5582bfb185d8
        0x5582bfb185d8
        0x5582bfb185d8
        0x5582bfb185d8
        0x5582bfb185d8
        0x5582bfb185d8
        0x5582bfb185d8
        0x5582bfb185d8
        0x5582bfb185d8
        0x5582bfb185d8
        0x5582bfb185d8
        0x5582bfb185d8
        0x5582bfb185d8
        0x5582bfb185d8
        0x5582bfb185d8
        0x5582bfb185d8
        0x5582bfb185d8
        0x5582bfb185d8
        0x5582bfb185d8
        0x5582bfb185d8
        0x5582bfb185d8
        0x5582bfb185d8
        0x5582bfb185d8
        0x5582bfb185d8
        0x5582bfb185d8
        0x5582bfb185d8
        0x5582bfb185d8
        0x5582bfb185d8
        0x5582bfb185d8
        0x5582bfb185d8
        0x5582bfb185d8
        0x5582bfb185d8
        0x5582bfb185d8
        0x5582bfb185d8
        0x5582bfb185d8
        0x5582bfb185d8
        0x5582bfb185d8
        0x5582bfb185d8
        0x5582bfb185d8
        0x5582bfb185d8
        0x5582bfb185d8
        0x5582bfb185d8
        0x5582bfb185d8
        0x5582bfb185d8
        0x5582bfb185d8
        0x5582bfb185d8
        0x5582bfb185d8
        0x5582bfb185d8
        0x5582bfb185d8
        0x5582bfb185d8
        0x5582bfb185d8
        0x5582bfb185d8
        0x5582bfb185d8
]: 1
@preempt_stack[
        0x7feefb9ce4d8
        0x5582c134c148
        0x5582c134c148
        0x5582c134c148
        0x5582c134c148
        0x5582c134c148
        0x5582c134c148
        0x5582c134c148
        0x5582c134c148
        0x5582c134c148
        0x5582c134c148
        0x5582c134c148
        0x5582c134c148
        0x5582c134c148
        0x5582c134c148
        0x5582c134c148
        0x5582c134c148
        0x5582c134c148
        0x5582c134c148
        0x5582c134c148
        0x5582c134c148
        0x5582c134c148
        0x5582c134c148
        0x5582c134c148
        0x5582c134c148
        0x5582c134c148
        0x5582c134c148
        0x5582c134c148
        0x5582c134c148
        0x5582c134c148
        0x5582c134c148
        0x5582c134c148
        0x5582c134c148
        0x5582c134c148
        0x5582c134c148
        0x5582c134c148
        0x5582c134c148
        0x5582c134c148
        0x5582c134c148
        0x5582c134c148
        0x5582c134c148
        0x5582c134c148
        0x5582c134c148
        0x5582c134c148
        0x5582c134c148
        0x5582c134c148
        0x5582c134c148
        0x5582c134c148
        0x5582c134c148
        0x5582c134c148
        0x5582c134c148
        0x5582c134c148
        0x5582c134c148
        0x5582c134c148
        0x5582c134c148
        0x5582c134c148
        0x5582c134c148
        0x5582c134c148
        0x5582c134c148
        0x5582c134c148
        0x5582c134c148
        0x5582c134c148
        0x5582c134c148
        0x5582c134c148
        0x5582c134c148
        0x5582c134c148
        0x5582c134c148
        0x5582c134c148
        0x5582c134c148
        0x5582c134c148
        0x5582c134c148
        0x5582c134c148
        0x5582c134c148
        0x5582c134c148
        0x5582c134c148
        0x5582c134c148
        0x5582c134c148
        0x5582c134c148
        0x5582c134c148
        0x5582c134c148
        0x5582c134c148
        0x5582c134c148
        0x5582c134c148
        0x5582c134c148
        0x5582c134c148
        0x5582c134c148
        0x5582c134c148
        0x5582c134c148
        0x5582c134c148
        0x5582c134c148
        0x5582c134c148
        0x5582c134c148
        0x5582c134c148
        0x5582c134c148
        0x5582c134c148
        0x5582c134c148
        0x5582c134c148
        0x5582c134c148
        0x5582c134c148
        0x5582c134c148
        0x5582c134c148
        0x5582c134c148
        0x5582c134c148
        0x5582c134c148
        0x5582c134c148
        0x5582c134c148
        0x5582c134c148
        0x5582c134c148
        0x5582c134c148
        0x5582c134c148
        0x5582c134c148
        0x5582c134c148
        0x5582c134c148
        0x5582c134c148
        0x5582c134c148
        0x5582c134c148
        0x5582c134c148
        0x5582c134c148
        0x5582c134c148
        0x5582c134c148
        0x5582c134c148
        0x5582c134c148
        0x5582c134c148
        0x5582c134c148
        0x5582c134c148
        0x5582c134c148
        0x5582c134c148
]: 1
@preempt_stack[
        0x7feefb9acdca
        0
]: 1
@preempt_stack[
        0x7fef9ca7ae8e
        0x7fef61c28e88
        0x7fef60c30798
        0x7fef62da8918
        0x7fef6166af78
        0x7fef62c9fcb8
        0x7fef62aede58
        0x7fef61575368
        0x7fef62be0658
        0x7fef61f0cb08
        0x7fef61f48138
        0x7fef61cbedf8
        0x7fef61cc2298
        0x7fef61c17198
        0x7fef61c28e88
        0x7fef60c30798
        0x7fef62da8918
        0x7fef6166af78
        0x7fef62c9fcb8
        0x7fef62aede58
        0x7fef61575368
        0x7fef62be0658
        0x7fef61f0cb08
        0x7fef61f48138
        0x7fef61cbedf8
        0x7fef61cc2298
        0x7fef61c17198
        0x7fef61c28e88
        0x7fef60c30798
        0x7fef62da8918
        0x7fef6166af78
        0x7fef62c9fcb8
        0x7fef62aede58
        0x7fef61575368
        0x7fef62be0658
        0x7fef61f0cb08
        0x7fef61f48138
        0x7fef61cbedf8
        0x7fef61cc2298
        0x7fef61c17198
        0x7fef61c28e88
        0x7fef60c30798
        0x7fef62da8918
        0x7fef6166af78
        0x7fef62c9fcb8
        0x7fef62aede58
        0x7fef61575368
        0x7fef62be0658
        0x7fef61f0cb08
        0x7fef61f48138
        0x7fef61cbedf8
        0x7fef61cc2298
        0x7fef61c17198
        0x7fef61c28e88
        0x7fef60c30798
        0x7fef62da8918
        0x7fef6166af78
        0x7fef62c9fcb8
        0x7fef62aede58
        0x7fef61575368
        0x7fef62be0658
        0x7fef61f0cb08
        0x7fef61f48138
        0x7fef61cbedf8
        0x7fef61cc2298
        0x7fef61c17198
        0x7fef61c28e88
        0x7fef60c30798
        0x7fef62da8918
        0x7fef6166af78
        0x7fef62c9fcb8
        0x7fef62aede58
        0x7fef61575368
        0x7fef62be0658
        0x7fef61f0cb08
        0x7fef61f48138
        0x7fef61cbedf8
        0x7fef61cc2298
        0x7fef61c17198
        0x7fef61c28e88
        0x7fef60c30798
        0x7fef62da8918
        0x7fef6166af78
        0x7fef62c9fcb8
        0x7fef62aede58
        0x7fef61575368
        0x7fef62be0658
        0x7fef61f0cb08
        0x7fef61f48138
        0x7fef61cbedf8
        0x7fef61cc2298
        0x7fef61c17198
        0x7fef61c28e88
        0x7fef60c30798
        0x7fef62da8918
        0x7fef6166af78
        0x7fef62c9fcb8
        0x7fef62aede58
        0x7fef61575368
        0x7fef62be0658
        0x7fef61f0cb08
        0x7fef61f48138
        0x7fef61cbedf8
        0x7fef61cc2298
        0x7fef61c17198
        0x7fef61c28e88
        0x7fef60c30798
        0x7fef62da8918
        0x7fef6166af78
        0x7fef62c9fcb8
        0x7fef62aede58
        0x7fef61575368
        0x7fef62be0658
        0x7fef61f0cb08
        0x7fef61f48138
        0x7fef61cbedf8
        0x7fef61cc2298
        0x7fef61c17198
        0x7fef61c28e88
        0x7fef60c30798
        0x7fef62da8918
        0x7fef6166af78
        0x7fef62c9fcb8
        0x7fef62aede58
        0x7fef61575368
        0x7fef62be0658
        0x7fef61f0cb08
]: 1
@preempt_stack[
        0x7feefb9ce4d8
        0x5582c1ae5ab8
        0x5582c1ae5ab8
        0x5582c1ae5ab8
        0x5582c1ae5ab8
        0x5582c1ae5ab8
        0x5582c1ae5ab8
        0x5582c1ae5ab8
        0x5582c1ae5ab8
        0x5582c1ae5ab8
        0x5582c1ae5ab8
        0x5582c1ae5ab8
        0x5582c1ae5ab8
        0x5582c1ae5ab8
        0x5582c1ae5ab8
        0x5582c1ae5ab8
        0x5582c1ae5ab8
        0x5582c1ae5ab8
        0x5582c1ae5ab8
        0x5582c1ae5ab8
        0x5582c1ae5ab8
        0x5582c1ae5ab8
        0x5582c1ae5ab8
        0x5582c1ae5ab8
        0x5582c1ae5ab8
        0x5582c1ae5ab8
        0x5582c1ae5ab8
        0x5582c1ae5ab8
        0x5582c1ae5ab8
        0x5582c1ae5ab8
        0x5582c1ae5ab8
        0x5582c1ae5ab8
        0x5582c1ae5ab8
        0x5582c1ae5ab8
        0x5582c1ae5ab8
        0x5582c1ae5ab8
        0x5582c1ae5ab8
        0x5582c1ae5ab8
        0x5582c1ae5ab8
        0x5582c1ae5ab8
        0x5582c1ae5ab8
        0x5582c1ae5ab8
        0x5582c1ae5ab8
        0x5582c1ae5ab8
        0x5582c1ae5ab8
        0x5582c1ae5ab8
        0x5582c1ae5ab8
        0x5582c1ae5ab8
        0x5582c1ae5ab8
        0x5582c1ae5ab8
        0x5582c1ae5ab8
        0x5582c1ae5ab8
        0x5582c1ae5ab8
        0x5582c1ae5ab8
        0x5582c1ae5ab8
        0x5582c1ae5ab8
        0x5582c1ae5ab8
        0x5582c1ae5ab8
        0x5582c1ae5ab8
        0x5582c1ae5ab8
        0x5582c1ae5ab8
        0x5582c1ae5ab8
        0x5582c1ae5ab8
        0x5582c1ae5ab8
        0x5582c1ae5ab8
        0x5582c1ae5ab8
        0x5582c1ae5ab8
        0x5582c1ae5ab8
        0x5582c1ae5ab8
        0x5582c1ae5ab8
        0x5582c1ae5ab8
        0x5582c1ae5ab8
        0x5582c1ae5ab8
        0x5582c1ae5ab8
        0x5582c1ae5ab8
        0x5582c1ae5ab8
        0x5582c1ae5ab8
        0x5582c1ae5ab8
        0x5582c1ae5ab8
        0x5582c1ae5ab8
        0x5582c1ae5ab8
        0x5582c1ae5ab8
        0x5582c1ae5ab8
        0x5582c1ae5ab8
        0x5582c1ae5ab8
        0x5582c1ae5ab8
        0x5582c1ae5ab8
        0x5582c1ae5ab8
        0x5582c1ae5ab8
        0x5582c1ae5ab8
        0x5582c1ae5ab8
        0x5582c1ae5ab8
        0x5582c1ae5ab8
        0x5582c1ae5ab8
        0x5582c1ae5ab8
        0x5582c1ae5ab8
        0x5582c1ae5ab8
        0x5582c1ae5ab8
        0x5582c1ae5ab8
        0x5582c1ae5ab8
        0x5582c1ae5ab8
        0x5582c1ae5ab8
        0x5582c1ae5ab8
        0x5582c1ae5ab8
        0x5582c1ae5ab8
        0x5582c1ae5ab8
        0x5582c1ae5ab8
        0x5582c1ae5ab8
        0x5582c1ae5ab8
        0x5582c1ae5ab8
        0x5582c1ae5ab8
        0x5582c1ae5ab8
        0x5582c1ae5ab8
        0x5582c1ae5ab8
        0x5582c1ae5ab8
        0x5582c1ae5ab8
        0x5582c1ae5ab8
        0x5582c1ae5ab8
        0x5582c1ae5ab8
        0x5582c1ae5ab8
        0x5582c1ae5ab8
        0x5582c1ae5ab8
        0x5582c1ae5ab8
        0x5582c1ae5ab8
        0x5582c1ae5ab8
        0x5582c1ae5ab8
        0x5582c1ae5ab8
]: 1
@preempt_stack[
        0x4172a3dd
        0x411407a6
        0x7feefb846428
        0x7feefb9e578f
        0x5582be808500
]: 1
@preempt_stack[
        0x7fef9cd3f2ac
        0x7fef61c5fb30
        0x58
]: 1
@preempt_stack[
        0x41b86f7f
        0x41b87864
        0x416f6adf
        0x7feefb846428
        0x7feefb9e578f
        0x5582be808500
]: 1
@preempt_stack[
        GC_mark_from+199
]: 1
@preempt_stack[
        0x41629c4c
]: 1
@preempt_stack[
        0x7fef9cd1fe6f
        0x3f80000000010000
        0x7fef627792b0
        0x58
        0x7fee0000007800
]: 1
@preempt_stack[
        0x7fef9d89fa7e
        <unwind failure>
]: 1
@preempt_stack[
        0x7fef9d895c41
        0x7fef60c608d0
]: 1
@preempt_stack[
        0x4172bbe0
        0x411407a6
        0x7feefb846428
        0x7feefb9e578f
        0x5582be808500
]: 1
@preempt_stack[
        0x7fef9cd1fe6f
        0x7fef9c010000
        0x7fef61c5f5f0
        0x58
]: 1
@preempt_stack[
        0x7fef9cd20261
        0x7fef9cd25ce0
        0xa1d6058d48fc8949
]: 1
@preempt_stack[
        0x7feefb9cb5bf
        0x3
        0
        0x5582c16c14d0
]: 1
@preempt_stack[
        0x41629d44
]: 1
@preempt_stack[
        0x7fef9d5b4893
]: 1
@preempt_stack[
        0x41a05ab9
        0x41a043ff
        0x413821e6
        0x4137da64
        0x7feefb846428
        0x7feefb9e578f
        0x5582be808500
]: 1
@preempt_stack[
        0x41c522f0
        0x41cda45e
        0x41cd7cb4
        0x41cd5458
        0x41cd52e0
        0x41ccfb84
        0
        0
        0x5582bf3bc3a8
        0x5582bf3bc3a8
        0x5582bf3bc3a8
        0x5582bf3bc3a8
        0x5582bf3bc3a8
        0x5582bf3bc3a8
        0x5582bf3bc3a8
        0x5582bf3bc3a8
        0x5582bf3bc3a8
        0x5582bf3bc3a8
        0x5582bf3bc3a8
        0x5582bf3bc3a8
        0x5582bf3bc3a8
        0x5582bf3bc3a8
        0x5582bf3bc3a8
        0x5582bf3bc3a8
        0x5582bf3bc3a8
        0x5582bf3bc3a8
        0x5582bf3bc3a8
        0x5582bf3bc3a8
        0x5582bf3bc3a8
        0x5582bf3bc3a8
        0x5582bf3bc3a8
        0x5582bf3bc3a8
        0x5582bf3bc3a8
        0x5582bf3bc3a8
        0x5582bf3bc3a8
        0x5582bf3bc3a8
        0x5582bf3bc3a8
        0x5582bf3bc3a8
        0x5582bf3bc3a8
        0x5582bf3bc3a8
        0x5582bf3bc3a8
        0x5582bf3bc3a8
        0x5582bf3bc3a8
        0x5582bf3bc3a8
        0x5582bf3bc3a8
        0x5582bf3bc3a8
        0x5582bf3bc3a8
        0x5582bf3bc3a8
        0x5582bf3bc3a8
        0x5582bf3bc3a8
        0x5582bf3bc3a8
        0x5582bf3bc3a8
        0x5582bf3bc3a8
        0x5582bf3bc3a8
        0x5582bf3bc3a8
        0x5582bf3bc3a8
        0x5582bf3bc3a8
        0x5582bf3bc3a8
        0x5582bf3bc3a8
        0x5582bf3bc3a8
        0x5582bf3bc3a8
        0x5582bf3bc3a8
        0x5582bf3bc3a8
        0x5582bf3bc3a8
        0x5582bf3bc3a8
        0x5582bf3bc3a8
        0x5582bf3bc3a8
        0x5582bf3bc3a8
        0x5582bf3bc3a8
        0x5582bf3bc3a8
        0x5582bf3bc3a8
        0x5582bf3bc3a8
        0x5582bf3bc3a8
        0x5582bf3bc3a8
        0x5582bf3bc3a8
        0x5582bf3bc3a8
        0x5582bf3bc3a8
        0x5582bf3bc3a8
        0x5582bf3bc3a8
        0x5582bf3bc3a8
        0x5582bf3bc3a8
        0x5582bf3bc3a8
        0x5582bf3bc3a8
        0x5582bf3bc3a8
        0x5582bf3bc3a8
        0x5582bf3bc3a8
        0x5582bf3bc3a8
        0x5582bf3bc3a8
        0x5582bf3bc3a8
        0x5582bf3bc3a8
        0x5582bf3bc3a8
        0x5582bf3bc3a8
        0x5582bf3bc3a8
        0x5582bf3bc3a8
        0x5582bf3bc3a8
        0x5582bf3bc3a8
        0x5582bf3bc3a8
        0x5582bf3bc3a8
        0x5582bf3bc3a8
        0x5582bf3bc3a8
        0x5582bf3bc3a8
        0x5582bf3bc3a8
        0x5582bf3bc3a8
        0x5582bf3bc3a8
        0x5582bf3bc3a8
        0x5582bf3bc3a8
        0x5582bf3bc3a8
        0x5582bf3bc3a8
        0x5582bf3bc3a8
        0x5582bf3bc3a8
        0x5582bf3bc3a8
        0x5582bf3bc3a8
        0x5582bf3bc3a8
        0x5582bf3bc3a8
        0x5582bf3bc3a8
        0x5582bf3bc3a8
        0x5582bf3bc3a8
        0x5582bf3bc3a8
        0x5582bf3bc3a8
        0x5582bf3bc3a8
        0x5582bf3bc3a8
        0x5582bf3bc3a8
        0x5582bf3bc3a8
        0x5582bf3bc3a8
        0x5582bf3bc3a8
        0x5582bf3bc3a8
        0x5582bf3bc3a8
]: 1
@preempt_stack[
        0x7feefb9cb8d8
        0x120000
        0x5582c1fd8860
        0x5582c1fd8860
        0x5582c1fd8860
        0x5582c1fd8860
        0x5582c1fd8860
        0x5582c1fd8860
        0x5582c1fd8860
        0x5582c1fd8860
        0x5582c1fd8860
        0x5582c1fd8860
        0x5582c1fd8860
        0x5582c1fd8860
        0x5582c1fd8860
        0x5582c1fd8860
        0x5582c1fd8860
        0x5582c1fd8860
        0x5582c1fd8860
        0x5582c1fd8860
        0x5582c1fd8860
        0x5582c1fd8860
        0x5582c1fd8860
        0x5582c1fd8860
        0x5582c1fd8860
        0x5582c1fd8860
        0x5582c1fd8860
        0x5582c1fd8860
        0x5582c1fd8860
        0x5582c1fd8860
        0x5582c1fd8860
        0x5582c1fd8860
        0x5582c1fd8860
        0x5582c1fd8860
        0x5582c1fd8860
        0x5582c1fd8860
        0x5582c1fd8860
        0x5582c1fd8860
        0x5582c1fd8860
        0x5582c1fd8860
        0x5582c1fd8860
        0x5582c1fd8860
        0x5582c1fd8860
        0x5582c1fd8860
        0x5582c1fd8860
        0x5582c1fd8860
        0x5582c1fd8860
        0x5582c1fd8860
        0x5582c1fd8860
        0x5582c1fd8860
        0x5582c1fd8860
        0x5582c1fd8860
        0x5582c1fd8860
        0x5582c1fd8860
        0x5582c1fd8860
        0x5582c1fd8860
        0x5582c1fd8860
        0x5582c1fd8860
        0x5582c1fd8860
        0x5582c1fd8860
        0x5582c1fd8860
        0x5582c1fd8860
        0x5582c1fd8860
        0x5582c1fd8860
        0x5582c1fd8860
        0x5582c1fd8860
        0x5582c1fd8860
        0x5582c1fd8860
        0x5582c1fd8860
        0x5582c1fd8860
        0x5582c1fd8860
        0x5582c1fd8860
        0x5582c1fd8860
        0x5582c1fd8860
        0x5582c1fd8860
        0x5582c1fd8860
        0x5582c1fd8860
        0x5582c1fd8860
        0x5582c1fd8860
        0x5582c1fd8860
        0x5582c1fd8860
        0x5582c1fd8860
        0x5582c1fd8860
        0x5582c1fd8860
        0x5582c1fd8860
        0x5582c1fd8860
        0x5582c1fd8860
        0x5582c1fd8860
        0x5582c1fd8860
        0x5582c1fd8860
        0x5582c1fd8860
        0x5582c1fd8860
        0x5582c1fd8860
        0x5582c1fd8860
        0x5582c1fd8860
        0x5582c1fd8860
        0x5582c1fd8860
        0x5582c1fd8860
        0x5582c1fd8860
        0x5582c1fd8860
        0x5582c1fd8860
        0x5582c1fd8860
        0x5582c1fd8860
        0x5582c1fd8860
        0x5582c1fd8860
        0x5582c1fd8860
        0x5582c1fd8860
        0x5582c1fd8860
        0x5582c1fd8860
        0x5582c1fd8860
        0x5582c1fd8860
        0x5582c1fd8860
        0x5582c1fd8860
        0x5582c1fd8860
        0x5582c1fd8860
        0x5582c1fd8860
        0x5582c1fd8860
        0x5582c1fd8860
        0x5582c1fd8860
        0x5582c1fd8860
        0x5582c1fd8860
        0x5582c1fd8860
        0x5582c1fd8860
        0x5582c1fd8860
        0x5582c1fd8860
        0x5582c1fd8860
        0x5582c1fd8860
]: 1
@preempt_stack[
        0x7feefba3fa51
]: 1
@preempt_stack[
        0x41c755a5
        0x41a04bd4
        0x413821e6
        0x4137da64
        0x7feefb846428
        0x7feefb9e578f
        0x5582be808500
]: 1
@preempt_stack[
        0x41d16c29
        0x41cd626c
        0x41cd52e0
        0x41ccfb84
        0
        0
        0x5582bf3bc3a8
        0x5582bf3bc3a8
        0x5582bf3bc3a8
        0x5582bf3bc3a8
        0x5582bf3bc3a8
        0x5582bf3bc3a8
        0x5582bf3bc3a8
        0x5582bf3bc3a8
        0x5582bf3bc3a8
        0x5582bf3bc3a8
        0x5582bf3bc3a8
        0x5582bf3bc3a8
        0x5582bf3bc3a8
        0x5582bf3bc3a8
        0x5582bf3bc3a8
        0x5582bf3bc3a8
        0x5582bf3bc3a8
        0x5582bf3bc3a8
        0x5582bf3bc3a8
        0x5582bf3bc3a8
        0x5582bf3bc3a8
        0x5582bf3bc3a8
        0x5582bf3bc3a8
        0x5582bf3bc3a8
        0x5582bf3bc3a8
        0x5582bf3bc3a8
        0x5582bf3bc3a8
        0x5582bf3bc3a8
        0x5582bf3bc3a8
        0x5582bf3bc3a8
        0x5582bf3bc3a8
        0x5582bf3bc3a8
        0x5582bf3bc3a8
        0x5582bf3bc3a8
        0x5582bf3bc3a8
        0x5582bf3bc3a8
        0x5582bf3bc3a8
        0x5582bf3bc3a8
        0x5582bf3bc3a8
        0x5582bf3bc3a8
        0x5582bf3bc3a8
        0x5582bf3bc3a8
        0x5582bf3bc3a8
        0x5582bf3bc3a8
        0x5582bf3bc3a8
        0x5582bf3bc3a8
        0x5582bf3bc3a8
        0x5582bf3bc3a8
        0x5582bf3bc3a8
        0x5582bf3bc3a8
        0x5582bf3bc3a8
        0x5582bf3bc3a8
        0x5582bf3bc3a8
        0x5582bf3bc3a8
        0x5582bf3bc3a8
        0x5582bf3bc3a8
        0x5582bf3bc3a8
        0x5582bf3bc3a8
        0x5582bf3bc3a8
        0x5582bf3bc3a8
        0x5582bf3bc3a8
        0x5582bf3bc3a8
        0x5582bf3bc3a8
        0x5582bf3bc3a8
        0x5582bf3bc3a8
        0x5582bf3bc3a8
        0x5582bf3bc3a8
        0x5582bf3bc3a8
        0x5582bf3bc3a8
        0x5582bf3bc3a8
        0x5582bf3bc3a8
        0x5582bf3bc3a8
        0x5582bf3bc3a8
        0x5582bf3bc3a8
        0x5582bf3bc3a8
        0x5582bf3bc3a8
        0x5582bf3bc3a8
        0x5582bf3bc3a8
        0x5582bf3bc3a8
        0x5582bf3bc3a8
        0x5582bf3bc3a8
        0x5582bf3bc3a8
        0x5582bf3bc3a8
        0x5582bf3bc3a8
        0x5582bf3bc3a8
        0x5582bf3bc3a8
        0x5582bf3bc3a8
        0x5582bf3bc3a8
        0x5582bf3bc3a8
        0x5582bf3bc3a8
        0x5582bf3bc3a8
        0x5582bf3bc3a8
        0x5582bf3bc3a8
        0x5582bf3bc3a8
        0x5582bf3bc3a8
        0x5582bf3bc3a8
        0x5582bf3bc3a8
        0x5582bf3bc3a8
        0x5582bf3bc3a8
        0x5582bf3bc3a8
        0x5582bf3bc3a8
        0x5582bf3bc3a8
        0x5582bf3bc3a8
        0x5582bf3bc3a8
        0x5582bf3bc3a8
        0x5582bf3bc3a8
        0x5582bf3bc3a8
        0x5582bf3bc3a8
        0x5582bf3bc3a8
        0x5582bf3bc3a8
        0x5582bf3bc3a8
        0x5582bf3bc3a8
        0x5582bf3bc3a8
        0x5582bf3bc3a8
        0x5582bf3bc3a8
        0x5582bf3bc3a8
        0x5582bf3bc3a8
        0x5582bf3bc3a8
        0x5582bf3bc3a8
        0x5582bf3bc3a8
        0x5582bf3bc3a8
]: 1
@preempt_stack[
        0x7feefb9cb8d8
        0x120000
        0x5582c1cc4348
        0x5582c1cc4348
        0x5582c1cc4348
        0x5582c1cc4348
        0x5582c1cc4348
        0x5582c1cc4348
        0x5582c1cc4348
        0x5582c1cc4348
        0x5582c1cc4348
        0x5582c1cc4348
        0x5582c1cc4348
        0x5582c1cc4348
        0x5582c1cc4348
        0x5582c1cc4348
        0x5582c1cc4348
        0x5582c1cc4348
        0x5582c1cc4348
        0x5582c1cc4348
        0x5582c1cc4348
        0x5582c1cc4348
        0x5582c1cc4348
        0x5582c1cc4348
        0x5582c1cc4348
        0x5582c1cc4348
        0x5582c1cc4348
        0x5582c1cc4348
        0x5582c1cc4348
        0x5582c1cc4348
        0x5582c1cc4348
        0x5582c1cc4348
        0x5582c1cc4348
        0x5582c1cc4348
        0x5582c1cc4348
        0x5582c1cc4348
        0x5582c1cc4348
        0x5582c1cc4348
        0x5582c1cc4348
        0x5582c1cc4348
        0x5582c1cc4348
        0x5582c1cc4348
        0x5582c1cc4348
        0x5582c1cc4348
        0x5582c1cc4348
        0x5582c1cc4348
        0x5582c1cc4348
        0x5582c1cc4348
        0x5582c1cc4348
        0x5582c1cc4348
        0x5582c1cc4348
        0x5582c1cc4348
        0x5582c1cc4348
        0x5582c1cc4348
        0x5582c1cc4348
        0x5582c1cc4348
        0x5582c1cc4348
        0x5582c1cc4348
        0x5582c1cc4348
        0x5582c1cc4348
        0x5582c1cc4348
        0x5582c1cc4348
        0x5582c1cc4348
        0x5582c1cc4348
        0x5582c1cc4348
        0x5582c1cc4348
        0x5582c1cc4348
        0x5582c1cc4348
        0x5582c1cc4348
        0x5582c1cc4348
        0x5582c1cc4348
        0x5582c1cc4348
        0x5582c1cc4348
        0x5582c1cc4348
        0x5582c1cc4348
        0x5582c1cc4348
        0x5582c1cc4348
        0x5582c1cc4348
        0x5582c1cc4348
        0x5582c1cc4348
        0x5582c1cc4348
        0x5582c1cc4348
        0x5582c1cc4348
        0x5582c1cc4348
        0x5582c1cc4348
        0x5582c1cc4348
        0x5582c1cc4348
        0x5582c1cc4348
        0x5582c1cc4348
        0x5582c1cc4348
        0x5582c1cc4348
        0x5582c1cc4348
        0x5582c1cc4348
        0x5582c1cc4348
        0x5582c1cc4348
        0x5582c1cc4348
        0x5582c1cc4348
        0x5582c1cc4348
        0x5582c1cc4348
        0x5582c1cc4348
        0x5582c1cc4348
        0x5582c1cc4348
        0x5582c1cc4348
        0x5582c1cc4348
        0x5582c1cc4348
        0x5582c1cc4348
        0x5582c1cc4348
        0x5582c1cc4348
        0x5582c1cc4348
        0x5582c1cc4348
        0x5582c1cc4348
        0x5582c1cc4348
        0x5582c1cc4348
        0x5582c1cc4348
        0x5582c1cc4348
        0x5582c1cc4348
        0x5582c1cc4348
        0x5582c1cc4348
        0x5582c1cc4348
        0x5582c1cc4348
        0x5582c1cc4348
        0x5582c1cc4348
        0x5582c1cc4348
        0x5582c1cc4348
        0x5582c1cc4348
        0x5582c1cc4348
        0x5582c1cc4348
]: 1
@preempt_stack[
        0x7fef9cb0c46e
        0x3f8000003da8ead6
]: 1
@preempt_stack[
        0x7feefb99de14
]: 1
@preempt_stack[
        0x4174a6dd
        0
        0x1ffc7ff000000001
        0x5582bf38eef0
        0x5582bf38eef0
        0x5582bf38eef0
        0x5582bf38eef0
        0x5582bf38eef0
        0x5582bf38eef0
        0x5582bf38eef0
        0x5582bf38eef0
        0x5582bf38eef0
        0x5582bf38eef0
        0x5582bf38eef0
        0x5582bf38eef0
        0x5582bf38eef0
        0x5582bf38eef0
        0x5582bf38eef0
        0x5582bf38eef0
        0x5582bf38eef0
        0x5582bf38eef0
        0x5582bf38eef0
        0x5582bf38eef0
        0x5582bf38eef0
        0x5582bf38eef0
        0x5582bf38eef0
        0x5582bf38eef0
        0x5582bf38eef0
        0x5582bf38eef0
        0x5582bf38eef0
        0x5582bf38eef0
        0x5582bf38eef0
        0x5582bf38eef0
        0x5582bf38eef0
        0x5582bf38eef0
        0x5582bf38eef0
        0x5582bf38eef0
        0x5582bf38eef0
        0x5582bf38eef0
        0x5582bf38eef0
        0x5582bf38eef0
        0x5582bf38eef0
        0x5582bf38eef0
        0x5582bf38eef0
        0x5582bf38eef0
        0x5582bf38eef0
        0x5582bf38eef0
        0x5582bf38eef0
        0x5582bf38eef0
        0x5582bf38eef0
        0x5582bf38eef0
        0x5582bf38eef0
        0x5582bf38eef0
        0x5582bf38eef0
        0x5582bf38eef0
        0x5582bf38eef0
        0x5582bf38eef0
        0x5582bf38eef0
        0x5582bf38eef0
        0x5582bf38eef0
        0x5582bf38eef0
        0x5582bf38eef0
        0x5582bf38eef0
        0x5582bf38eef0
        0x5582bf38eef0
        0x5582bf38eef0
        0x5582bf38eef0
        0x5582bf38eef0
        0x5582bf38eef0
        0x5582bf38eef0
        0x5582bf38eef0
        0x5582bf38eef0
        0x5582bf38eef0
        0x5582bf38eef0
        0x5582bf38eef0
        0x5582bf38eef0
        0x5582bf38eef0
        0x5582bf38eef0
        0x5582bf38eef0
        0x5582bf38eef0
        0x5582bf38eef0
        0x5582bf38eef0
        0x5582bf38eef0
        0x5582bf38eef0
        0x5582bf38eef0
        0x5582bf38eef0
        0x5582bf38eef0
        0x5582bf38eef0
        0x5582bf38eef0
        0x5582bf38eef0
        0x5582bf38eef0
        0x5582bf38eef0
        0x5582bf38eef0
        0x5582bf38eef0
        0x5582bf38eef0
        0x5582bf38eef0
        0x5582bf38eef0
        0x5582bf38eef0
        0x5582bf38eef0
        0x5582bf38eef0
        0x5582bf38eef0
        0x5582bf38eef0
        0x5582bf38eef0
        0x5582bf38eef0
        0x5582bf38eef0
        0x5582bf38eef0
        0x5582bf38eef0
        0x5582bf38eef0
        0x5582bf38eef0
        0x5582bf38eef0
        0x5582bf38eef0
        0x5582bf38eef0
        0x5582bf38eef0
        0x5582bf38eef0
        0x5582bf38eef0
        0x5582bf38eef0
        0x5582bf38eef0
        0x5582bf38eef0
        0x5582bf38eef0
        0x5582bf38eef0
        0x5582bf38eef0
        0x5582bf38eef0
        0x5582bf38eef0
        0x5582bf38eef0
        0x5582bf38eef0
        0x5582bf38eef0
        0x5582bf38eef0
]: 1
@preempt_stack[
        0x4172b610
        0x411407a6
        0x7feefb846428
        0x7feefb9e578f
        0x5582be808500
]: 1
@preempt_stack[
        mono_metadata_type_hash+80
        0x120000
        0x5582bf9f5b20
        0x5582bf9f5b20
        0x5582bf9f5b20
        0x5582bf9f5b20
        0x5582bf9f5b20
        0x5582bf9f5b20
        0x5582bf9f5b20
        0x5582bf9f5b20
        0x5582bf9f5b20
        0x5582bf9f5b20
        0x5582bf9f5b20
        0x5582bf9f5b20
        0x5582bf9f5b20
        0x5582bf9f5b20
        0x5582bf9f5b20
        0x5582bf9f5b20
        0x5582bf9f5b20
        0x5582bf9f5b20
        0x5582bf9f5b20
        0x5582bf9f5b20
        0x5582bf9f5b20
        0x5582bf9f5b20
        0x5582bf9f5b20
        0x5582bf9f5b20
        0x5582bf9f5b20
        0x5582bf9f5b20
        0x5582bf9f5b20
        0x5582bf9f5b20
        0x5582bf9f5b20
        0x5582bf9f5b20
        0x5582bf9f5b20
        0x5582bf9f5b20
        0x5582bf9f5b20
        0x5582bf9f5b20
        0x5582bf9f5b20
        0x5582bf9f5b20
        0x5582bf9f5b20
        0x5582bf9f5b20
        0x5582bf9f5b20
        0x5582bf9f5b20
        0x5582bf9f5b20
        0x5582bf9f5b20
        0x5582bf9f5b20
        0x5582bf9f5b20
        0x5582bf9f5b20
        0x5582bf9f5b20
        0x5582bf9f5b20
        0x5582bf9f5b20
        0x5582bf9f5b20
        0x5582bf9f5b20
        0x5582bf9f5b20
        0x5582bf9f5b20
        0x5582bf9f5b20
        0x5582bf9f5b20
        0x5582bf9f5b20
        0x5582bf9f5b20
        0x5582bf9f5b20
        0x5582bf9f5b20
        0x5582bf9f5b20
        0x5582bf9f5b20
        0x5582bf9f5b20
        0x5582bf9f5b20
        0x5582bf9f5b20
        0x5582bf9f5b20
        0x5582bf9f5b20
        0x5582bf9f5b20
        0x5582bf9f5b20
        0x5582bf9f5b20
        0x5582bf9f5b20
        0x5582bf9f5b20
        0x5582bf9f5b20
        0x5582bf9f5b20
        0x5582bf9f5b20
        0x5582bf9f5b20
        0x5582bf9f5b20
        0x5582bf9f5b20
        0x5582bf9f5b20
        0x5582bf9f5b20
        0x5582bf9f5b20
        0x5582bf9f5b20
        0x5582bf9f5b20
        0x5582bf9f5b20
        0x5582bf9f5b20
        0x5582bf9f5b20
        0x5582bf9f5b20
        0x5582bf9f5b20
        0x5582bf9f5b20
        0x5582bf9f5b20
        0x5582bf9f5b20
        0x5582bf9f5b20
        0x5582bf9f5b20
        0x5582bf9f5b20
        0x5582bf9f5b20
        0x5582bf9f5b20
        0x5582bf9f5b20
        0x5582bf9f5b20
        0x5582bf9f5b20
        0x5582bf9f5b20
        0x5582bf9f5b20
        0x5582bf9f5b20
        0x5582bf9f5b20
        0x5582bf9f5b20
        0x5582bf9f5b20
        0x5582bf9f5b20
        0x5582bf9f5b20
        0x5582bf9f5b20
        0x5582bf9f5b20
        0x5582bf9f5b20
        0x5582bf9f5b20
        0x5582bf9f5b20
        0x5582bf9f5b20
        0x5582bf9f5b20
        0x5582bf9f5b20
        0x5582bf9f5b20
        0x5582bf9f5b20
        0x5582bf9f5b20
        0x5582bf9f5b20
        0x5582bf9f5b20
        0x5582bf9f5b20
        0x5582bf9f5b20
        0x5582bf9f5b20
        0x5582bf9f5b20
        0x5582bf9f5b20
        0x5582bf9f5b20
        0x5582bf9f5b20
]: 1
@preempt_stack[
        0x7fef9d4a6c71
]: 1
@preempt_stack[
        pthread_cond_timedwait+0
        0x1000d8cd0
]: 1
@preempt_stack[
        0x7feefb9cb64f
        0x130000
        0
        0
        0x5582c1d7c370
]: 1
@preempt_stack[
        0x7fef9cba19c3
        0x3c09cfd10000002b
        0
        0x7fef9c6db7e0
        0x7fef9c6d7810
        0
]: 1
@preempt_stack[
        0x7fef9d5b217b
        0x73912ddc7b7e
]: 1
@preempt_stack[
        0x7feefb9dcfa3
        0x110000
        0x5582c203a970
        0x5582c203a970
        0x5582c203a970
        0x5582c203a970
        0x5582c203a970
        0x5582c203a970
        0x5582c203a970
        0x5582c203a970
        0x5582c203a970
        0x5582c203a970
        0x5582c203a970
        0x5582c203a970
        0x5582c203a970
        0x5582c203a970
        0x5582c203a970
        0x5582c203a970
        0x5582c203a970
        0x5582c203a970
        0x5582c203a970
        0x5582c203a970
        0x5582c203a970
        0x5582c203a970
        0x5582c203a970
        0x5582c203a970
        0x5582c203a970
        0x5582c203a970
        0x5582c203a970
        0x5582c203a970
        0x5582c203a970
        0x5582c203a970
        0x5582c203a970
        0x5582c203a970
        0x5582c203a970
        0x5582c203a970
        0x5582c203a970
        0x5582c203a970
        0x5582c203a970
        0x5582c203a970
        0x5582c203a970
        0x5582c203a970
        0x5582c203a970
        0x5582c203a970
        0x5582c203a970
        0x5582c203a970
        0x5582c203a970
        0x5582c203a970
        0x5582c203a970
        0x5582c203a970
        0x5582c203a970
        0x5582c203a970
        0x5582c203a970
        0x5582c203a970
        0x5582c203a970
        0x5582c203a970
        0x5582c203a970
        0x5582c203a970
        0x5582c203a970
        0x5582c203a970
        0x5582c203a970
        0x5582c203a970
        0x5582c203a970
        0x5582c203a970
        0x5582c203a970
        0x5582c203a970
        0x5582c203a970
        0x5582c203a970
        0x5582c203a970
        0x5582c203a970
        0x5582c203a970
        0x5582c203a970
        0x5582c203a970
        0x5582c203a970
        0x5582c203a970
        0x5582c203a970
        0x5582c203a970
        0x5582c203a970
        0x5582c203a970
        0x5582c203a970
        0x5582c203a970
        0x5582c203a970
        0x5582c203a970
        0x5582c203a970
        0x5582c203a970
        0x5582c203a970
        0x5582c203a970
        0x5582c203a970
        0x5582c203a970
        0x5582c203a970
        0x5582c203a970
        0x5582c203a970
        0x5582c203a970
        0x5582c203a970
        0x5582c203a970
        0x5582c203a970
        0x5582c203a970
        0x5582c203a970
        0x5582c203a970
        0x5582c203a970
        0x5582c203a970
        0x5582c203a970
        0x5582c203a970
        0x5582c203a970
        0x5582c203a970
        0x5582c203a970
        0x5582c203a970
        0x5582c203a970
        0x5582c203a970
        0x5582c203a970
        0x5582c203a970
        0x5582c203a970
        0x5582c203a970
        0x5582c203a970
        0x5582c203a970
        0x5582c203a970
        0x5582c203a970
        0x5582c203a970
        0x5582c203a970
        0x5582c203a970
        0x5582c203a970
        0x5582c203a970
        0x5582c203a970
        0x5582c203a970
        0x5582c203a970
        0x5582c203a970
        0x5582c203a970
]: 1
@preempt_stack[
        0x7fef9d6b20b1
]: 1
@preempt_stack[
        0x7fef9cd1fe6f
        0x7fef60010000
        0x7fef62bf6170
        0x58
]: 1
@preempt_stack[
        mono_metadata_type_hash+106
        0x110000
        0x5582be7c8fd0
        0x5582be7c8e78
        0x5582be7c8e78
        0x5582be7c8e78
        0x5582be7c8e78
        0x5582be7c8e78
        0x5582be7c8e78
        0x5582be7c8e78
        0x5582be7c8e78
        0x5582be7c8e78
        0x5582be7c8e78
        0x5582be7c8e78
        0x5582be7c8e78
        0x5582be7c8e78
        0x5582be7c8e78
        0x5582be7c8e78
        0x5582be7c8e78
        0x5582be7c8e78
        0x5582be7c8e78
        0x5582be7c8e78
        0x5582be7c8e78
        0x5582be7c8e78
        0x5582be7c8e78
        0x5582be7c8e78
        0x5582be7c8e78
        0x5582be7c8e78
        0x5582be7c8e78
        0x5582be7c8e78
        0x5582be7c8e78
        0x5582be7c8e78
        0x5582be7c8e78
        0x5582be7c8e78
        0x5582be7c8e78
        0x5582be7c8e78
        0x5582be7c8e78
        0x5582be7c8e78
        0x5582be7c8e78
        0x5582be7c8e78
        0x5582be7c8e78
        0x5582be7c8e78
        0x5582be7c8e78
        0x5582be7c8e78
        0x5582be7c8e78
        0x5582be7c8e78
        0x5582be7c8e78
        0x5582be7c8e78
        0x5582be7c8e78
        0x5582be7c8e78
        0x5582be7c8e78
        0x5582be7c8e78
        0x5582be7c8e78
        0x5582be7c8e78
        0x5582be7c8e78
        0x5582be7c8e78
        0x5582be7c8e78
        0x5582be7c8e78
        0x5582be7c8e78
        0x5582be7c8e78
        0x5582be7c8e78
        0x5582be7c8e78
        0x5582be7c8e78
        0x5582be7c8e78
        0x5582be7c8e78
        0x5582be7c8e78
        0x5582be7c8e78
        0x5582be7c8e78
        0x5582be7c8e78
        0x5582be7c8e78
        0x5582be7c8e78
        0x5582be7c8e78
        0x5582be7c8e78
        0x5582be7c8e78
        0x5582be7c8e78
        0x5582be7c8e78
        0x5582be7c8e78
        0x5582be7c8e78
        0x5582be7c8e78
        0x5582be7c8e78
        0x5582be7c8e78
        0x5582be7c8e78
        0x5582be7c8e78
        0x5582be7c8e78
        0x5582be7c8e78
        0x5582be7c8e78
        0x5582be7c8e78
        0x5582be7c8e78
        0x5582be7c8e78
        0x5582be7c8e78
        0x5582be7c8e78
        0x5582be7c8e78
        0x5582be7c8e78
        0x5582be7c8e78
        0x5582be7c8e78
        0x5582be7c8e78
        0x5582be7c8e78
        0x5582be7c8e78
        0x5582be7c8e78
        0x5582be7c8e78
        0x5582be7c8e78
        0x5582be7c8e78
        0x5582be7c8e78
        0x5582be7c8e78
        0x5582be7c8e78
        0x5582be7c8e78
        0x5582be7c8e78
        0x5582be7c8e78
        0x5582be7c8e78
        0x5582be7c8e78
        0x5582be7c8e78
        0x5582be7c8e78
        0x5582be7c8e78
        0x5582be7c8e78
        0x5582be7c8e78
        0x5582be7c8e78
        0x5582be7c8e78
        0x5582be7c8e78
        0x5582be7c8e78
        0x5582be7c8e78
        0x5582be7c8e78
        0x5582be7c8e78
        0x5582be7c8e78
        0x5582be7c8e78
        0x5582be7c8e78
        0x5582be7c8e78
        0x5582be7c8e78
]: 1
@preempt_stack[
        0x7fef9cd81482
        0x7fef4038a120
]: 1
@preempt_stack[
        0x7fef9cb8b2d3
]: 1
@preempt_stack[
        0x41c2765e
]: 1
@preempt_stack[
        0x7feefba0f68f
        0x130000
        0x1
        0
        0x7feeb00970a0
]: 1
@preempt_stack[
        0x4112ffda
        0x413e8368
        0x416ff934
        0x411407a6
        0x7feefb846428
        0x7feefb9e578f
        0x5582be808500
]: 1
@preempt_stack[
        0x4112fedc
        0x413e8368
        0x416ff934
        0x411407a6
        0x7feefb846428
        0x7feefb9e578f
        0x5582be808500
]: 1
@preempt_stack[
        0x7fef9cd0f111
]: 1
@preempt_stack[
        0x7fef9bab61f2
        0x7feefba2b5d3
]: 1
@preempt_stack[
        0x7fef9d5b3b06
]: 1
@preempt_stack[
        0x41cd9f04
        0x41cd5458
        0x41cd52e0
        0x41ccfb84
        0
        0
        0x5582bf3bc3a8
        0x5582bf3bc3a8
        0x5582bf3bc3a8
        0x5582bf3bc3a8
        0x5582bf3bc3a8
        0x5582bf3bc3a8
        0x5582bf3bc3a8
        0x5582bf3bc3a8
        0x5582bf3bc3a8
        0x5582bf3bc3a8
        0x5582bf3bc3a8
        0x5582bf3bc3a8
        0x5582bf3bc3a8
        0x5582bf3bc3a8
        0x5582bf3bc3a8
        0x5582bf3bc3a8
        0x5582bf3bc3a8
        0x5582bf3bc3a8
        0x5582bf3bc3a8
        0x5582bf3bc3a8
        0x5582bf3bc3a8
        0x5582bf3bc3a8
        0x5582bf3bc3a8
        0x5582bf3bc3a8
        0x5582bf3bc3a8
        0x5582bf3bc3a8
        0x5582bf3bc3a8
        0x5582bf3bc3a8
        0x5582bf3bc3a8
        0x5582bf3bc3a8
        0x5582bf3bc3a8
        0x5582bf3bc3a8
        0x5582bf3bc3a8
        0x5582bf3bc3a8
        0x5582bf3bc3a8
        0x5582bf3bc3a8
        0x5582bf3bc3a8
        0x5582bf3bc3a8
        0x5582bf3bc3a8
        0x5582bf3bc3a8
        0x5582bf3bc3a8
        0x5582bf3bc3a8
        0x5582bf3bc3a8
        0x5582bf3bc3a8
        0x5582bf3bc3a8
        0x5582bf3bc3a8
        0x5582bf3bc3a8
        0x5582bf3bc3a8
        0x5582bf3bc3a8
        0x5582bf3bc3a8
        0x5582bf3bc3a8
        0x5582bf3bc3a8
        0x5582bf3bc3a8
        0x5582bf3bc3a8
        0x5582bf3bc3a8
        0x5582bf3bc3a8
        0x5582bf3bc3a8
        0x5582bf3bc3a8
        0x5582bf3bc3a8
        0x5582bf3bc3a8
        0x5582bf3bc3a8
        0x5582bf3bc3a8
        0x5582bf3bc3a8
        0x5582bf3bc3a8
        0x5582bf3bc3a8
        0x5582bf3bc3a8
        0x5582bf3bc3a8
        0x5582bf3bc3a8
        0x5582bf3bc3a8
        0x5582bf3bc3a8
        0x5582bf3bc3a8
        0x5582bf3bc3a8
        0x5582bf3bc3a8
        0x5582bf3bc3a8
        0x5582bf3bc3a8
        0x5582bf3bc3a8
        0x5582bf3bc3a8
        0x5582bf3bc3a8
        0x5582bf3bc3a8
        0x5582bf3bc3a8
        0x5582bf3bc3a8
        0x5582bf3bc3a8
        0x5582bf3bc3a8
        0x5582bf3bc3a8
        0x5582bf3bc3a8
        0x5582bf3bc3a8
        0x5582bf3bc3a8
        0x5582bf3bc3a8
        0x5582bf3bc3a8
        0x5582bf3bc3a8
        0x5582bf3bc3a8
        0x5582bf3bc3a8
        0x5582bf3bc3a8
        0x5582bf3bc3a8
        0x5582bf3bc3a8
        0x5582bf3bc3a8
        0x5582bf3bc3a8
        0x5582bf3bc3a8
        0x5582bf3bc3a8
        0x5582bf3bc3a8
        0x5582bf3bc3a8
        0x5582bf3bc3a8
        0x5582bf3bc3a8
        0x5582bf3bc3a8
        0x5582bf3bc3a8
        0x5582bf3bc3a8
        0x5582bf3bc3a8
        0x5582bf3bc3a8
        0x5582bf3bc3a8
        0x5582bf3bc3a8
        0x5582bf3bc3a8
        0x5582bf3bc3a8
        0x5582bf3bc3a8
        0x5582bf3bc3a8
        0x5582bf3bc3a8
        0x5582bf3bc3a8
        0x5582bf3bc3a8
        0x5582bf3bc3a8
        0x5582bf3bc3a8
        0x5582bf3bc3a8
        0x5582bf3bc3a8
]: 1
@preempt_stack[
        0x41c534f4
        0x41c52df0
        0x41c2bbad
        0x41c2b928
        0
        0
        0x5582bf3bc3a8
        0x5582bf3bc3a8
        0x5582bf3bc3a8
        0x5582bf3bc3a8
        0x5582bf3bc3a8
        0x5582bf3bc3a8
        0x5582bf3bc3a8
        0x5582bf3bc3a8
        0x5582bf3bc3a8
        0x5582bf3bc3a8
        0x5582bf3bc3a8
        0x5582bf3bc3a8
        0x5582bf3bc3a8
        0x5582bf3bc3a8
        0x5582bf3bc3a8
        0x5582bf3bc3a8
        0x5582bf3bc3a8
        0x5582bf3bc3a8
        0x5582bf3bc3a8
        0x5582bf3bc3a8
        0x5582bf3bc3a8
        0x5582bf3bc3a8
        0x5582bf3bc3a8
        0x5582bf3bc3a8
        0x5582bf3bc3a8
        0x5582bf3bc3a8
        0x5582bf3bc3a8
        0x5582bf3bc3a8
        0x5582bf3bc3a8
        0x5582bf3bc3a8
        0x5582bf3bc3a8
        0x5582bf3bc3a8
        0x5582bf3bc3a8
        0x5582bf3bc3a8
        0x5582bf3bc3a8
        0x5582bf3bc3a8
        0x5582bf3bc3a8
        0x5582bf3bc3a8
        0x5582bf3bc3a8
        0x5582bf3bc3a8
        0x5582bf3bc3a8
        0x5582bf3bc3a8
        0x5582bf3bc3a8
        0x5582bf3bc3a8
        0x5582bf3bc3a8
        0x5582bf3bc3a8
        0x5582bf3bc3a8
        0x5582bf3bc3a8
        0x5582bf3bc3a8
        0x5582bf3bc3a8
        0x5582bf3bc3a8
        0x5582bf3bc3a8
        0x5582bf3bc3a8
        0x5582bf3bc3a8
        0x5582bf3bc3a8
        0x5582bf3bc3a8
        0x5582bf3bc3a8
        0x5582bf3bc3a8
        0x5582bf3bc3a8
        0x5582bf3bc3a8
        0x5582bf3bc3a8
        0x5582bf3bc3a8
        0x5582bf3bc3a8
        0x5582bf3bc3a8
        0x5582bf3bc3a8
        0x5582bf3bc3a8
        0x5582bf3bc3a8
        0x5582bf3bc3a8
        0x5582bf3bc3a8
        0x5582bf3bc3a8
        0x5582bf3bc3a8
        0x5582bf3bc3a8
        0x5582bf3bc3a8
        0x5582bf3bc3a8
        0x5582bf3bc3a8
        0x5582bf3bc3a8
        0x5582bf3bc3a8
        0x5582bf3bc3a8
        0x5582bf3bc3a8
        0x5582bf3bc3a8
        0x5582bf3bc3a8
        0x5582bf3bc3a8
        0x5582bf3bc3a8
        0x5582bf3bc3a8
        0x5582bf3bc3a8
        0x5582bf3bc3a8
        0x5582bf3bc3a8
        0x5582bf3bc3a8
        0x5582bf3bc3a8
        0x5582bf3bc3a8
        0x5582bf3bc3a8
        0x5582bf3bc3a8
        0x5582bf3bc3a8
        0x5582bf3bc3a8
        0x5582bf3bc3a8
        0x5582bf3bc3a8
        0x5582bf3bc3a8
        0x5582bf3bc3a8
        0x5582bf3bc3a8
        0x5582bf3bc3a8
        0x5582bf3bc3a8
        0x5582bf3bc3a8
        0x5582bf3bc3a8
        0x5582bf3bc3a8
        0x5582bf3bc3a8
        0x5582bf3bc3a8
        0x5582bf3bc3a8
        0x5582bf3bc3a8
        0x5582bf3bc3a8
        0x5582bf3bc3a8
        0x5582bf3bc3a8
        0x5582bf3bc3a8
        0x5582bf3bc3a8
        0x5582bf3bc3a8
        0x5582bf3bc3a8
        0x5582bf3bc3a8
        0x5582bf3bc3a8
        0x5582bf3bc3a8
        0x5582bf3bc3a8
        0x5582bf3bc3a8
        0x5582bf3bc3a8
]: 1
@preempt_stack[
        0x7feefb9cb8e4
        0x130000
        0
        0
        0x5582c1ed2a20
]: 1
@preempt_stack[
        0x7fef9c6be02e
]: 1
@preempt_stack[
        0x7feefb9cb792
        0x130000
        0x1
        0
        0x5582c1ed1d90
]: 1
@preempt_stack[
        0x7feefba0f68f
        0x120000
        0x5582bf384d30
        0x5582bf384d30
        0x5582bf384d30
        0x5582bf384d30
        0x5582bf384d30
        0x5582bf384d30
        0x5582bf384d30
        0x5582bf384d30
        0x5582bf384d30
        0x5582bf384d30
        0x5582bf384d30
        0x5582bf384d30
        0x5582bf384d30
        0x5582bf384d30
        0x5582bf384d30
        0x5582bf384d30
        0x5582bf384d30
        0x5582bf384d30
        0x5582bf384d30
        0x5582bf384d30
        0x5582bf384d30
        0x5582bf384d30
        0x5582bf384d30
        0x5582bf384d30
        0x5582bf384d30
        0x5582bf384d30
        0x5582bf384d30
        0x5582bf384d30
        0x5582bf384d30
        0x5582bf384d30
        0x5582bf384d30
        0x5582bf384d30
        0x5582bf384d30
        0x5582bf384d30
        0x5582bf384d30
        0x5582bf384d30
        0x5582bf384d30
        0x5582bf384d30
        0x5582bf384d30
        0x5582bf384d30
        0x5582bf384d30
        0x5582bf384d30
        0x5582bf384d30
        0x5582bf384d30
        0x5582bf384d30
        0x5582bf384d30
        0x5582bf384d30
        0x5582bf384d30
        0x5582bf384d30
        0x5582bf384d30
        0x5582bf384d30
        0x5582bf384d30
        0x5582bf384d30
        0x5582bf384d30
        0x5582bf384d30
        0x5582bf384d30
        0x5582bf384d30
        0x5582bf384d30
        0x5582bf384d30
        0x5582bf384d30
        0x5582bf384d30
        0x5582bf384d30
        0x5582bf384d30
        0x5582bf384d30
        0x5582bf384d30
        0x5582bf384d30
        0x5582bf384d30
        0x5582bf384d30
        0x5582bf384d30
        0x5582bf384d30
        0x5582bf384d30
        0x5582bf384d30
        0x5582bf384d30
        0x5582bf384d30
        0x5582bf384d30
        0x5582bf384d30
        0x5582bf384d30
        0x5582bf384d30
        0x5582bf384d30
        0x5582bf384d30
        0x5582bf384d30
        0x5582bf384d30
        0x5582bf384d30
        0x5582bf384d30
        0x5582bf384d30
        0x5582bf384d30
        0x5582bf384d30
        0x5582bf384d30
        0x5582bf384d30
        0x5582bf384d30
        0x5582bf384d30
        0x5582bf384d30
        0x5582bf384d30
        0x5582bf384d30
        0x5582bf384d30
        0x5582bf384d30
        0x5582bf384d30
        0x5582bf384d30
        0x5582bf384d30
        0x5582bf384d30
        0x5582bf384d30
        0x5582bf384d30
        0x5582bf384d30
        0x5582bf384d30
        0x5582bf384d30
        0x5582bf384d30
        0x5582bf384d30
        0x5582bf384d30
        0x5582bf384d30
        0x5582bf384d30
        0x5582bf384d30
        0x5582bf384d30
        0x5582bf384d30
        0x5582bf384d30
        0x5582bf384d30
        0x5582bf384d30
        0x5582bf384d30
        0x5582bf384d30
        0x5582bf384d30
        0x5582bf384d30
        0x5582bf384d30
        0x5582bf384d30
        0x5582bf384d30
        0x5582bf384d30
        0x5582bf384d30
]: 1
@preempt_stack[
        mono_class_from_mono_type_internal+387
        0x10000
]: 1
@preempt_stack[
        0x7feefb9cb5c8
        0
        0
        0x5582c023c830
]: 1
@preempt_stack[
        0x7fef9cd4ed6d
]: 1
@preempt_stack[
        0x7feed02689e4
        0x7feed007fd93
        0x7feed0095573
        0x7fef9000395b
        0x7feed0081abb
        0x411407a6
        0x7feefb846428
        0x7feefb9e578f
        0x5582be808500
]: 1
@preempt_stack[
        0x41c255a0
        0x41c24529
        0x41c1c3f7
        0x413821e6
        0x4137da64
        0x7feefb846428
        0x7feefb9e578f
        0x5582be808500
]: 1
@preempt_stack[
        0x7fef9c905c54
]: 1
@preempt_stack[
        mono_conc_hashtable_lookup+122
        0
]: 1
@preempt_stack[
        0x7fef9d5b2004
        0x7fef9bc3f288
]: 1
@preempt_stack[
        0x7feefb9cb64a
        0x120000
        0x5582c01a3ca8
        0x5582c01a3ca8
        0x5582c01a3ca8
        0x5582c01a3ca8
        0x5582c01a3ca8
        0x5582c01a3ca8
        0x5582c01a3ca8
        0x5582c01a3ca8
        0x5582c01a3ca8
        0x5582c01a3ca8
        0x5582c01a3ca8
        0x5582c01a3ca8
        0x5582c01a3ca8
        0x5582c01a3ca8
        0x5582c01a3ca8
        0x5582c01a3ca8
        0x5582c01a3ca8
        0x5582c01a3ca8
        0x5582c01a3ca8
        0x5582c01a3ca8
        0x5582c01a3ca8
        0x5582c01a3ca8
        0x5582c01a3ca8
        0x5582c01a3ca8
        0x5582c01a3ca8
        0x5582c01a3ca8
        0x5582c01a3ca8
        0x5582c01a3ca8
        0x5582c01a3ca8
        0x5582c01a3ca8
        0x5582c01a3ca8
        0x5582c01a3ca8
        0x5582c01a3ca8
        0x5582c01a3ca8
        0x5582c01a3ca8
        0x5582c01a3ca8
        0x5582c01a3ca8
        0x5582c01a3ca8
        0x5582c01a3ca8
        0x5582c01a3ca8
        0x5582c01a3ca8
        0x5582c01a3ca8
        0x5582c01a3ca8
        0x5582c01a3ca8
        0x5582c01a3ca8
        0x5582c01a3ca8
        0x5582c01a3ca8
        0x5582c01a3ca8
        0x5582c01a3ca8
        0x5582c01a3ca8
        0x5582c01a3ca8
        0x5582c01a3ca8
        0x5582c01a3ca8
        0x5582c01a3ca8
        0x5582c01a3ca8
        0x5582c01a3ca8
        0x5582c01a3ca8
        0x5582c01a3ca8
        0x5582c01a3ca8
        0x5582c01a3ca8
        0x5582c01a3ca8
        0x5582c01a3ca8
        0x5582c01a3ca8
        0x5582c01a3ca8
        0x5582c01a3ca8
        0x5582c01a3ca8
        0x5582c01a3ca8
        0x5582c01a3ca8
        0x5582c01a3ca8
        0x5582c01a3ca8
        0x5582c01a3ca8
        0x5582c01a3ca8
        0x5582c01a3ca8
        0x5582c01a3ca8
        0x5582c01a3ca8
        0x5582c01a3ca8
        0x5582c01a3ca8
        0x5582c01a3ca8
        0x5582c01a3ca8
        0x5582c01a3ca8
        0x5582c01a3ca8
        0x5582c01a3ca8
        0x5582c01a3ca8
        0x5582c01a3ca8
        0x5582c01a3ca8
        0x5582c01a3ca8
        0x5582c01a3ca8
        0x5582c01a3ca8
        0x5582c01a3ca8
        0x5582c01a3ca8
        0x5582c01a3ca8
        0x5582c01a3ca8
        0x5582c01a3ca8
        0x5582c01a3ca8
        0x5582c01a3ca8
        0x5582c01a3ca8
        0x5582c01a3ca8
        0x5582c01a3ca8
        0x5582c01a3ca8
        0x5582c01a3ca8
        0x5582c01a3ca8
        0x5582c01a3ca8
        0x5582c01a3ca8
        0x5582c01a3ca8
        0x5582c01a3ca8
        0x5582c01a3ca8
        0x5582c01a3ca8
        0x5582c01a3ca8
        0x5582c01a3ca8
        0x5582c01a3ca8
        0x5582c01a3ca8
        0x5582c01a3ca8
        0x5582c01a3ca8
        0x5582c01a3ca8
        0x5582c01a3ca8
        0x5582c01a3ca8
        0x5582c01a3ca8
        0x5582c01a3ca8
        0x5582c01a3ca8
        0x5582c01a3ca8
        0x5582c01a3ca8
        0x5582c01a3ca8
        0x5582c01a3ca8
        0x5582c01a3ca8
        0x5582c01a3ca8
]: 1
@preempt_stack[
        0x7fef9c6d9baf
        0x18
        0x18
        0x1a
        0x21
        0xf10002b0003514a
        0x7fef9c6de340
        0x83480789480142d4
]: 1
@preempt_stack[
        0x7fef9cb083ad
        0x7fef61d0dee8
        0x7fef9cd1d730
        0x2556058d48fc8949
]: 1
@preempt_stack[
        0x7feefb984e4f
]: 1
@preempt_stack[
        0x415ba3e9
        0x413e8368
        0x416ff934
        0x411407a6
        0x7feefb846428
        0x7feefb9e578f
        0x5582be808500
]: 1
@preempt_stack[
        0x7fef9c905cc2
        0
]: 1
@preempt_stack[
        0x4126c554
        0x41b87864
        0x416f6adf
        0x7feefb846428
        0x7feefb9e578f
        0x5582be808500
]: 1
@preempt_stack[
        mono_g_hash_table_lookup+21
        0x120000
        0x5582c1903d60
        0x5582c1903d60
        0x5582c1903d60
        0x5582c1903d60
        0x5582c1903d60
        0x5582c1903d60
        0x5582c1903d60
        0x5582c1903d60
        0x5582c1903d60
        0x5582c1903d60
        0x5582c1903d60
        0x5582c1903d60
        0x5582c1903d60
        0x5582c1903d60
        0x5582c1903d60
        0x5582c1903d60
        0x5582c1903d60
        0x5582c1903d60
        0x5582c1903d60
        0x5582c1903d60
        0x5582c1903d60
        0x5582c1903d60
        0x5582c1903d60
        0x5582c1903d60
        0x5582c1903d60
        0x5582c1903d60
        0x5582c1903d60
        0x5582c1903d60
        0x5582c1903d60
        0x5582c1903d60
        0x5582c1903d60
        0x5582c1903d60
        0x5582c1903d60
        0x5582c1903d60
        0x5582c1903d60
        0x5582c1903d60
        0x5582c1903d60
        0x5582c1903d60
        0x5582c1903d60
        0x5582c1903d60
        0x5582c1903d60
        0x5582c1903d60
        0x5582c1903d60
        0x5582c1903d60
        0x5582c1903d60
        0x5582c1903d60
        0x5582c1903d60
        0x5582c1903d60
        0x5582c1903d60
        0x5582c1903d60
        0x5582c1903d60
        0x5582c1903d60
        0x5582c1903d60
        0x5582c1903d60
        0x5582c1903d60
        0x5582c1903d60
        0x5582c1903d60
        0x5582c1903d60
        0x5582c1903d60
        0x5582c1903d60
        0x5582c1903d60
        0x5582c1903d60
        0x5582c1903d60
        0x5582c1903d60
        0x5582c1903d60
        0x5582c1903d60
        0x5582c1903d60
        0x5582c1903d60
        0x5582c1903d60
        0x5582c1903d60
        0x5582c1903d60
        0x5582c1903d60
        0x5582c1903d60
        0x5582c1903d60
        0x5582c1903d60
        0x5582c1903d60
        0x5582c1903d60
        0x5582c1903d60
        0x5582c1903d60
        0x5582c1903d60
        0x5582c1903d60
        0x5582c1903d60
        0x5582c1903d60
        0x5582c1903d60
        0x5582c1903d60
        0x5582c1903d60
        0x5582c1903d60
        0x5582c1903d60
        0x5582c1903d60
        0x5582c1903d60
        0x5582c1903d60
        0x5582c1903d60
        0x5582c1903d60
        0x5582c1903d60
        0x5582c1903d60
        0x5582c1903d60
        0x5582c1903d60
        0x5582c1903d60
        0x5582c1903d60
        0x5582c1903d60
        0x5582c1903d60
        0x5582c1903d60
        0x5582c1903d60
        0x5582c1903d60
        0x5582c1903d60
        0x5582c1903d60
        0x5582c1903d60
        0x5582c1903d60
        0x5582c1903d60
        0x5582c1903d60
        0x5582c1903d60
        0x5582c1903d60
        0x5582c1903d60
        0x5582c1903d60
        0x5582c1903d60
        0x5582c1903d60
        0x5582c1903d60
        0x5582c1903d60
        0x5582c1903d60
        0x5582c1903d60
        0x5582c1903d60
        0x5582c1903d60
        0x5582c1903d60
        0x5582c1903d60
        0x5582c1903d60
]: 1
@preempt_stack[
        0x7feefb9ea801
]: 1
@preempt_stack[
        0x41ac26d0
        0x7feed0268edb
        0x7feed007fedb
        0x7feed0095573
        0x7fef9000395b
        0x7feed0081abb
        0x411407a6
        0x7feefb846428
        0x7feefb9e578f
        0x5582be808500
]: 1
@preempt_stack[
        0x7fef9cd1f820
        0x5
]: 1
@preempt_stack[
        mono_metadata_type_hash+80
        0x110000
        0x5582bec5b810
        0x5582bec5b810
        0x5582bec5b810
        0x5582bec5b810
        0x5582bec5b810
        0x5582bec5b810
        0x5582bec5b810
        0x5582bec5b810
        0x5582bec5b810
        0x5582bec5b810
        0x5582bec5b810
        0x5582bec5b810
        0x5582bec5b810
        0x5582bec5b810
        0x5582bec5b810
        0x5582bec5b810
        0x5582bec5b810
        0x5582bec5b810
        0x5582bec5b810
        0x5582bec5b810
        0x5582bec5b810
        0x5582bec5b810
        0x5582bec5b810
        0x5582bec5b810
        0x5582bec5b810
        0x5582bec5b810
        0x5582bec5b810
        0x5582bec5b810
        0x5582bec5b810
        0x5582bec5b810
        0x5582bec5b810
        0x5582bec5b810
        0x5582bec5b810
        0x5582bec5b810
        0x5582bec5b810
        0x5582bec5b810
        0x5582bec5b810
        0x5582bec5b810
        0x5582bec5b810
        0x5582bec5b810
        0x5582bec5b810
        0x5582bec5b810
        0x5582bec5b810
        0x5582bec5b810
        0x5582bec5b810
        0x5582bec5b810
        0x5582bec5b810
        0x5582bec5b810
        0x5582bec5b810
        0x5582bec5b810
        0x5582bec5b810
        0x5582bec5b810
        0x5582bec5b810
        0x5582bec5b810
        0x5582bec5b810
        0x5582bec5b810
        0x5582bec5b810
        0x5582bec5b810
        0x5582bec5b810
        0x5582bec5b810
        0x5582bec5b810
        0x5582bec5b810
        0x5582bec5b810
        0x5582bec5b810
        0x5582bec5b810
        0x5582bec5b810
        0x5582bec5b810
        0x5582bec5b810
        0x5582bec5b810
        0x5582bec5b810
        0x5582bec5b810
        0x5582bec5b810
        0x5582bec5b810
        0x5582bec5b810
        0x5582bec5b810
        0x5582bec5b810
        0x5582bec5b810
        0x5582bec5b810
        0x5582bec5b810
        0x5582bec5b810
        0x5582bec5b810
        0x5582bec5b810
        0x5582bec5b810
        0x5582bec5b810
        0x5582bec5b810
        0x5582bec5b810
        0x5582bec5b810
        0x5582bec5b810
        0x5582bec5b810
        0x5582bec5b810
        0x5582bec5b810
        0x5582bec5b810
        0x5582bec5b810
        0x5582bec5b810
        0x5582bec5b810
        0x5582bec5b810
        0x5582bec5b810
        0x5582bec5b810
        0x5582bec5b810
        0x5582bec5b810
        0x5582bec5b810
        0x5582bec5b810
        0x5582bec5b810
        0x5582bec5b810
        0x5582bec5b810
        0x5582bec5b810
        0x5582bec5b810
        0x5582bec5b810
        0x5582bec5b810
        0x5582bec5b810
        0x5582bec5b810
        0x5582bec5b810
        0x5582bec5b810
        0x5582bec5b810
        0x5582bec5b810
        0x5582bec5b810
        0x5582bec5b810
        0x5582bec5b810
        0x5582bec5b810
        0x5582bec5b810
        0x5582bec5b810
        0x5582bec5b810
        0x5582bec5b810
        0x5582bec5b810
        0x5582bec5b810
]: 1
@preempt_stack[
        0x41c2582d
        0x41c2b928
        0
        0
        0x5582bf3bc3a8
        0x5582bf3bc3a8
        0x5582bf3bc3a8
        0x5582bf3bc3a8
        0x5582bf3bc3a8
        0x5582bf3bc3a8
        0x5582bf3bc3a8
        0x5582bf3bc3a8
        0x5582bf3bc3a8
        0x5582bf3bc3a8
        0x5582bf3bc3a8
        0x5582bf3bc3a8
        0x5582bf3bc3a8
        0x5582bf3bc3a8
        0x5582bf3bc3a8
        0x5582bf3bc3a8
        0x5582bf3bc3a8
        0x5582bf3bc3a8
        0x5582bf3bc3a8
        0x5582bf3bc3a8
        0x5582bf3bc3a8
        0x5582bf3bc3a8
        0x5582bf3bc3a8
        0x5582bf3bc3a8
        0x5582bf3bc3a8
        0x5582bf3bc3a8
        0x5582bf3bc3a8
        0x5582bf3bc3a8
        0x5582bf3bc3a8
        0x5582bf3bc3a8
        0x5582bf3bc3a8
        0x5582bf3bc3a8
        0x5582bf3bc3a8
        0x5582bf3bc3a8
        0x5582bf3bc3a8
        0x5582bf3bc3a8
        0x5582bf3bc3a8
        0x5582bf3bc3a8
        0x5582bf3bc3a8
        0x5582bf3bc3a8
        0x5582bf3bc3a8
        0x5582bf3bc3a8
        0x5582bf3bc3a8
        0x5582bf3bc3a8
        0x5582bf3bc3a8
        0x5582bf3bc3a8
        0x5582bf3bc3a8
        0x5582bf3bc3a8
        0x5582bf3bc3a8
        0x5582bf3bc3a8
        0x5582bf3bc3a8
        0x5582bf3bc3a8
        0x5582bf3bc3a8
        0x5582bf3bc3a8
        0x5582bf3bc3a8
        0x5582bf3bc3a8
        0x5582bf3bc3a8
        0x5582bf3bc3a8
        0x5582bf3bc3a8
        0x5582bf3bc3a8
        0x5582bf3bc3a8
        0x5582bf3bc3a8
        0x5582bf3bc3a8
        0x5582bf3bc3a8
        0x5582bf3bc3a8
        0x5582bf3bc3a8
        0x5582bf3bc3a8
        0x5582bf3bc3a8
        0x5582bf3bc3a8
        0x5582bf3bc3a8
        0x5582bf3bc3a8
        0x5582bf3bc3a8
        0x5582bf3bc3a8
        0x5582bf3bc3a8
        0x5582bf3bc3a8
        0x5582bf3bc3a8
        0x5582bf3bc3a8
        0x5582bf3bc3a8
        0x5582bf3bc3a8
        0x5582bf3bc3a8
        0x5582bf3bc3a8
        0x5582bf3bc3a8
        0x5582bf3bc3a8
        0x5582bf3bc3a8
        0x5582bf3bc3a8
        0x5582bf3bc3a8
        0x5582bf3bc3a8
        0x5582bf3bc3a8
        0x5582bf3bc3a8
        0x5582bf3bc3a8
        0x5582bf3bc3a8
        0x5582bf3bc3a8
        0x5582bf3bc3a8
        0x5582bf3bc3a8
        0x5582bf3bc3a8
        0x5582bf3bc3a8
        0x5582bf3bc3a8
        0x5582bf3bc3a8
        0x5582bf3bc3a8
        0x5582bf3bc3a8
        0x5582bf3bc3a8
        0x5582bf3bc3a8
        0x5582bf3bc3a8
        0x5582bf3bc3a8
        0x5582bf3bc3a8
        0x5582bf3bc3a8
        0x5582bf3bc3a8
        0x5582bf3bc3a8
        0x5582bf3bc3a8
        0x5582bf3bc3a8
        0x5582bf3bc3a8
        0x5582bf3bc3a8
        0x5582bf3bc3a8
        0x5582bf3bc3a8
        0x5582bf3bc3a8
        0x5582bf3bc3a8
        0x5582bf3bc3a8
        0x5582bf3bc3a8
        0x5582bf3bc3a8
        0x5582bf3bc3a8
        0x5582bf3bc3a8
        0x5582bf3bc3a8
        0x5582bf3bc3a8
]: 1
@preempt_stack[
        0x7feefb9ce4c1
        0x120000
        0x5582bff64760
        0x5582bff64760
        0x5582bff64760
        0x5582bff64760
        0x5582bff64760
        0x5582bff64760
        0x5582bff64760
        0x5582bff64760
        0x5582bff64760
        0x5582bff64760
        0x5582bff64760
        0x5582bff64760
        0x5582bff64760
        0x5582bff64760
        0x5582bff64760
        0x5582bff64760
        0x5582bff64760
        0x5582bff64760
        0x5582bff64760
        0x5582bff64760
        0x5582bff64760
        0x5582bff64760
        0x5582bff64760
        0x5582bff64760
        0x5582bff64760
        0x5582bff64760
        0x5582bff64760
        0x5582bff64760
        0x5582bff64760
        0x5582bff64760
        0x5582bff64760
        0x5582bff64760
        0x5582bff64760
        0x5582bff64760
        0x5582bff64760
        0x5582bff64760
        0x5582bff64760
        0x5582bff64760
        0x5582bff64760
        0x5582bff64760
        0x5582bff64760
        0x5582bff64760
        0x5582bff64760
        0x5582bff64760
        0x5582bff64760
        0x5582bff64760
        0x5582bff64760
        0x5582bff64760
        0x5582bff64760
        0x5582bff64760
        0x5582bff64760
        0x5582bff64760
        0x5582bff64760
        0x5582bff64760
        0x5582bff64760
        0x5582bff64760
        0x5582bff64760
        0x5582bff64760
        0x5582bff64760
        0x5582bff64760
        0x5582bff64760
        0x5582bff64760
        0x5582bff64760
        0x5582bff64760
        0x5582bff64760
        0x5582bff64760
        0x5582bff64760
        0x5582bff64760
        0x5582bff64760
        0x5582bff64760
        0x5582bff64760
        0x5582bff64760
        0x5582bff64760
        0x5582bff64760
        0x5582bff64760
        0x5582bff64760
        0x5582bff64760
        0x5582bff64760
        0x5582bff64760
        0x5582bff64760
        0x5582bff64760
        0x5582bff64760
        0x5582bff64760
        0x5582bff64760
        0x5582bff64760
        0x5582bff64760
        0x5582bff64760
        0x5582bff64760
        0x5582bff64760
        0x5582bff64760
        0x5582bff64760
        0x5582bff64760
        0x5582bff64760
        0x5582bff64760
        0x5582bff64760
        0x5582bff64760
        0x5582bff64760
        0x5582bff64760
        0x5582bff64760
        0x5582bff64760
        0x5582bff64760
        0x5582bff64760
        0x5582bff64760
        0x5582bff64760
        0x5582bff64760
        0x5582bff64760
        0x5582bff64760
        0x5582bff64760
        0x5582bff64760
        0x5582bff64760
        0x5582bff64760
        0x5582bff64760
        0x5582bff64760
        0x5582bff64760
        0x5582bff64760
        0x5582bff64760
        0x5582bff64760
        0x5582bff64760
        0x5582bff64760
        0x5582bff64760
        0x5582bff64760
        0x5582bff64760
        0x5582bff64760
        0x5582bff64760
        0x5582bff64760
]: 1
@preempt_stack[
        mono_g_hash_table_lookup_extended+66
        0x120000
        0x5582c17458f8
        0x5582c17458f8
        0x5582c17458f8
        0x5582c17458f8
        0x5582c17458f8
        0x5582c17458f8
        0x5582c17458f8
        0x5582c17458f8
        0x5582c17458f8
        0x5582c17458f8
        0x5582c17458f8
        0x5582c17458f8
        0x5582c17458f8
        0x5582c17458f8
        0x5582c17458f8
        0x5582c17458f8
        0x5582c17458f8
        0x5582c17458f8
        0x5582c17458f8
        0x5582c17458f8
        0x5582c17458f8
        0x5582c17458f8
        0x5582c17458f8
        0x5582c17458f8
        0x5582c17458f8
        0x5582c17458f8
        0x5582c17458f8
        0x5582c17458f8
        0x5582c17458f8
        0x5582c17458f8
        0x5582c17458f8
        0x5582c17458f8
        0x5582c17458f8
        0x5582c17458f8
        0x5582c17458f8
        0x5582c17458f8
        0x5582c17458f8
        0x5582c17458f8
        0x5582c17458f8
        0x5582c17458f8
        0x5582c17458f8
        0x5582c17458f8
        0x5582c17458f8
        0x5582c17458f8
        0x5582c17458f8
        0x5582c17458f8
        0x5582c17458f8
        0x5582c17458f8
        0x5582c17458f8
        0x5582c17458f8
        0x5582c17458f8
        0x5582c17458f8
        0x5582c17458f8
        0x5582c17458f8
        0x5582c17458f8
        0x5582c17458f8
        0x5582c17458f8
        0x5582c17458f8
        0x5582c17458f8
        0x5582c17458f8
        0x5582c17458f8
        0x5582c17458f8
        0x5582c17458f8
        0x5582c17458f8
        0x5582c17458f8
        0x5582c17458f8
        0x5582c17458f8
        0x5582c17458f8
        0x5582c17458f8
        0x5582c17458f8
        0x5582c17458f8
        0x5582c17458f8
        0x5582c17458f8
        0x5582c17458f8
        0x5582c17458f8
        0x5582c17458f8
        0x5582c17458f8
        0x5582c17458f8
        0x5582c17458f8
        0x5582c17458f8
        0x5582c17458f8
        0x5582c17458f8
        0x5582c17458f8
        0x5582c17458f8
        0x5582c17458f8
        0x5582c17458f8
        0x5582c17458f8
        0x5582c17458f8
        0x5582c17458f8
        0x5582c17458f8
        0x5582c17458f8
        0x5582c17458f8
        0x5582c17458f8
        0x5582c17458f8
        0x5582c17458f8
        0x5582c17458f8
        0x5582c17458f8
        0x5582c17458f8
        0x5582c17458f8
        0x5582c17458f8
        0x5582c17458f8
        0x5582c17458f8
        0x5582c17458f8
        0x5582c17458f8
        0x5582c17458f8
        0x5582c17458f8
        0x5582c17458f8
        0x5582c17458f8
        0x5582c17458f8
        0x5582c17458f8
        0x5582c17458f8
        0x5582c17458f8
        0x5582c17458f8
        0x5582c17458f8
        0x5582c17458f8
        0x5582c17458f8
        0x5582c17458f8
        0x5582c17458f8
        0x5582c17458f8
        0x5582c17458f8
        0x5582c17458f8
        0x5582c17458f8
        0x5582c17458f8
        0x5582c17458f8
        0x5582c17458f8
]: 1
@preempt_stack[
        mono_metadata_type_hash+80
        0x120000
        0x5582c1de7ee0
        0x5582c1de7ee0
        0x5582c1de7ee0
        0x5582c1de7ee0
        0x5582c1de7ee0
        0x5582c1de7ee0
        0x5582c1de7ee0
        0x5582c1de7ee0
        0x5582c1de7ee0
        0x5582c1de7ee0
        0x5582c1de7ee0
        0x5582c1de7ee0
        0x5582c1de7ee0
        0x5582c1de7ee0
        0x5582c1de7ee0
        0x5582c1de7ee0
        0x5582c1de7ee0
        0x5582c1de7ee0
        0x5582c1de7ee0
        0x5582c1de7ee0
        0x5582c1de7ee0
        0x5582c1de7ee0
        0x5582c1de7ee0
        0x5582c1de7ee0
        0x5582c1de7ee0
        0x5582c1de7ee0
        0x5582c1de7ee0
        0x5582c1de7ee0
        0x5582c1de7ee0
        0x5582c1de7ee0
        0x5582c1de7ee0
        0x5582c1de7ee0
        0x5582c1de7ee0
        0x5582c1de7ee0
        0x5582c1de7ee0
        0x5582c1de7ee0
        0x5582c1de7ee0
        0x5582c1de7ee0
        0x5582c1de7ee0
        0x5582c1de7ee0
        0x5582c1de7ee0
        0x5582c1de7ee0
        0x5582c1de7ee0
        0x5582c1de7ee0
        0x5582c1de7ee0
        0x5582c1de7ee0
        0x5582c1de7ee0
        0x5582c1de7ee0
        0x5582c1de7ee0
        0x5582c1de7ee0
        0x5582c1de7ee0
        0x5582c1de7ee0
        0x5582c1de7ee0
        0x5582c1de7ee0
        0x5582c1de7ee0
        0x5582c1de7ee0
        0x5582c1de7ee0
        0x5582c1de7ee0
        0x5582c1de7ee0
        0x5582c1de7ee0
        0x5582c1de7ee0
        0x5582c1de7ee0
        0x5582c1de7ee0
        0x5582c1de7ee0
        0x5582c1de7ee0
        0x5582c1de7ee0
        0x5582c1de7ee0
        0x5582c1de7ee0
        0x5582c1de7ee0
        0x5582c1de7ee0
        0x5582c1de7ee0
        0x5582c1de7ee0
        0x5582c1de7ee0
        0x5582c1de7ee0
        0x5582c1de7ee0
        0x5582c1de7ee0
        0x5582c1de7ee0
        0x5582c1de7ee0
        0x5582c1de7ee0
        0x5582c1de7ee0
        0x5582c1de7ee0
        0x5582c1de7ee0
        0x5582c1de7ee0
        0x5582c1de7ee0
        0x5582c1de7ee0
        0x5582c1de7ee0
        0x5582c1de7ee0
        0x5582c1de7ee0
        0x5582c1de7ee0
        0x5582c1de7ee0
        0x5582c1de7ee0
        0x5582c1de7ee0
        0x5582c1de7ee0
        0x5582c1de7ee0
        0x5582c1de7ee0
        0x5582c1de7ee0
        0x5582c1de7ee0
        0x5582c1de7ee0
        0x5582c1de7ee0
        0x5582c1de7ee0
        0x5582c1de7ee0
        0x5582c1de7ee0
        0x5582c1de7ee0
        0x5582c1de7ee0
        0x5582c1de7ee0
        0x5582c1de7ee0
        0x5582c1de7ee0
        0x5582c1de7ee0
        0x5582c1de7ee0
        0x5582c1de7ee0
        0x5582c1de7ee0
        0x5582c1de7ee0
        0x5582c1de7ee0
        0x5582c1de7ee0
        0x5582c1de7ee0
        0x5582c1de7ee0
        0x5582c1de7ee0
        0x5582c1de7ee0
        0x5582c1de7ee0
        0x5582c1de7ee0
        0x5582c1de7ee0
        0x5582c1de7ee0
        0x5582c1de7ee0
        0x5582c1de7ee0
        0x5582c1de7ee0
]: 1
@preempt_stack[
        0x7feefb9aee76
        0
]: 1
@preempt_stack[
        mono_metadata_type_hash+80
        0x120000
        0x5582bf4ee4f0
        0x5582bf4ee4f0
        0x5582bf4ee4f0
        0x5582bf4ee4f0
        0x5582bf4ee4f0
        0x5582bf4ee4f0
        0x5582bf4ee4f0
        0x5582bf4ee4f0
        0x5582bf4ee4f0
        0x5582bf4ee4f0
        0x5582bf4ee4f0
        0x5582bf4ee4f0
        0x5582bf4ee4f0
        0x5582bf4ee4f0
        0x5582bf4ee4f0
        0x5582bf4ee4f0
        0x5582bf4ee4f0
        0x5582bf4ee4f0
        0x5582bf4ee4f0
        0x5582bf4ee4f0
        0x5582bf4ee4f0
        0x5582bf4ee4f0
        0x5582bf4ee4f0
        0x5582bf4ee4f0
        0x5582bf4ee4f0
        0x5582bf4ee4f0
        0x5582bf4ee4f0
        0x5582bf4ee4f0
        0x5582bf4ee4f0
        0x5582bf4ee4f0
        0x5582bf4ee4f0
        0x5582bf4ee4f0
        0x5582bf4ee4f0
        0x5582bf4ee4f0
        0x5582bf4ee4f0
        0x5582bf4ee4f0
        0x5582bf4ee4f0
        0x5582bf4ee4f0
        0x5582bf4ee4f0
        0x5582bf4ee4f0
        0x5582bf4ee4f0
        0x5582bf4ee4f0
        0x5582bf4ee4f0
        0x5582bf4ee4f0
        0x5582bf4ee4f0
        0x5582bf4ee4f0
        0x5582bf4ee4f0
        0x5582bf4ee4f0
        0x5582bf4ee4f0
        0x5582bf4ee4f0
        0x5582bf4ee4f0
        0x5582bf4ee4f0
        0x5582bf4ee4f0
        0x5582bf4ee4f0
        0x5582bf4ee4f0
        0x5582bf4ee4f0
        0x5582bf4ee4f0
        0x5582bf4ee4f0
        0x5582bf4ee4f0
        0x5582bf4ee4f0
        0x5582bf4ee4f0
        0x5582bf4ee4f0
        0x5582bf4ee4f0
        0x5582bf4ee4f0
        0x5582bf4ee4f0
        0x5582bf4ee4f0
        0x5582bf4ee4f0
        0x5582bf4ee4f0
        0x5582bf4ee4f0
        0x5582bf4ee4f0
        0x5582bf4ee4f0
        0x5582bf4ee4f0
        0x5582bf4ee4f0
        0x5582bf4ee4f0
        0x5582bf4ee4f0
        0x5582bf4ee4f0
        0x5582bf4ee4f0
        0x5582bf4ee4f0
        0x5582bf4ee4f0
        0x5582bf4ee4f0
        0x5582bf4ee4f0
        0x5582bf4ee4f0
        0x5582bf4ee4f0
        0x5582bf4ee4f0
        0x5582bf4ee4f0
        0x5582bf4ee4f0
        0x5582bf4ee4f0
        0x5582bf4ee4f0
        0x5582bf4ee4f0
        0x5582bf4ee4f0
        0x5582bf4ee4f0
        0x5582bf4ee4f0
        0x5582bf4ee4f0
        0x5582bf4ee4f0
        0x5582bf4ee4f0
        0x5582bf4ee4f0
        0x5582bf4ee4f0
        0x5582bf4ee4f0
        0x5582bf4ee4f0
        0x5582bf4ee4f0
        0x5582bf4ee4f0
        0x5582bf4ee4f0
        0x5582bf4ee4f0
        0x5582bf4ee4f0
        0x5582bf4ee4f0
        0x5582bf4ee4f0
        0x5582bf4ee4f0
        0x5582bf4ee4f0
        0x5582bf4ee4f0
        0x5582bf4ee4f0
        0x5582bf4ee4f0
        0x5582bf4ee4f0
        0x5582bf4ee4f0
        0x5582bf4ee4f0
        0x5582bf4ee4f0
        0x5582bf4ee4f0
        0x5582bf4ee4f0
        0x5582bf4ee4f0
        0x5582bf4ee4f0
        0x5582bf4ee4f0
        0x5582bf4ee4f0
        0x5582bf4ee4f0
        0x5582bf4ee4f0
        0x5582bf4ee4f0
        0x5582bf4ee4f0
]: 1
@preempt_stack[
        0x7feed00dd9c0
        0x7feed027df83
        0x7fef90005a93
        0
        0
        0x5582bf478920
        0x5582bf478920
        0x5582bf478920
        0x5582bf478920
        0x5582bf478920
        0x5582bf478920
        0x5582bf478920
        0x5582bf478920
        0x5582bf478920
        0x5582bf478920
        0x5582bf478920
        0x5582bf478920
        0x5582bf478920
        0x5582bf478920
        0x5582bf478920
        0x5582bf478920
        0x5582bf478920
        0x5582bf478920
        0x5582bf478920
        0x5582bf478920
        0x5582bf478920
        0x5582bf478920
        0x5582bf478920
        0x5582bf478920
        0x5582bf478920
        0x5582bf478920
        0x5582bf478920
        0x5582bf478920
        0x5582bf478920
        0x5582bf478920
        0x5582bf478920
        0x5582bf478920
        0x5582bf478920
        0x5582bf478920
        0x5582bf478920
        0x5582bf478920
        0x5582bf478920
        0x5582bf478920
        0x5582bf478920
        0x5582bf478920
        0x5582bf478920
        0x5582bf478920
        0x5582bf478920
        0x5582bf478920
        0x5582bf478920
        0x5582bf478920
        0x5582bf478920
        0x5582bf478920
        0x5582bf478920
        0x5582bf478920
        0x5582bf478920
        0x5582bf478920
        0x5582bf478920
        0x5582bf478920
        0x5582bf478920
        0x5582bf478920
        0x5582bf478920
        0x5582bf478920
        0x5582bf478920
        0x5582bf478920
        0x5582bf478920
        0x5582bf478920
        0x5582bf478920
        0x5582bf478920
        0x5582bf478920
        0x5582bf478920
        0x5582bf478920
        0x5582bf478920
        0x5582bf478920
        0x5582bf478920
        0x5582bf478920
        0x5582bf478920
        0x5582bf478920
        0x5582bf478920
        0x5582bf478920
        0x5582bf478920
        0x5582bf478920
        0x5582bf478920
        0x5582bf478920
        0x5582bf478920
        0x5582bf478920
        0x5582bf478920
        0x5582bf478920
        0x5582bf478920
        0x5582bf478920
        0x5582bf478920
        0x5582bf478920
        0x5582bf478920
        0x5582bf478920
        0x5582bf478920
        0x5582bf478920
        0x5582bf478920
        0x5582bf478920
        0x5582bf478920
        0x5582bf478920
        0x5582bf478920
        0x5582bf478920
        0x5582bf478920
        0x5582bf478920
        0x5582bf478920
        0x5582bf478920
        0x5582bf478920
        0x5582bf478920
        0x5582bf478920
        0x5582bf478920
        0x5582bf478920
        0x5582bf478920
        0x5582bf478920
        0x5582bf478920
        0x5582bf478920
        0x5582bf478920
        0x5582bf478920
        0x5582bf478920
        0x5582bf478920
        0x5582bf478920
        0x5582bf478920
        0x5582bf478920
        0x5582bf478920
        0x5582bf478920
        0x5582bf478920
        0x5582bf478920
        0x5582bf478920
]: 1
@preempt_stack[
        0x7fed9f0ee352
]: 1
@preempt_stack[
        mono_metadata_type_hash+80
        0x120000
        0x5582c1e63db0
        0x5582c1e63db0
        0x5582c1e63db0
        0x5582c1e63db0
        0x5582c1e63db0
        0x5582c1e63db0
        0x5582c1e63db0
        0x5582c1e63db0
        0x5582c1e63db0
        0x5582c1e63db0
        0x5582c1e63db0
        0x5582c1e63db0
        0x5582c1e63db0
        0x5582c1e63db0
        0x5582c1e63db0
        0x5582c1e63db0
        0x5582c1e63db0
        0x5582c1e63db0
        0x5582c1e63db0
        0x5582c1e63db0
        0x5582c1e63db0
        0x5582c1e63db0
        0x5582c1e63db0
        0x5582c1e63db0
        0x5582c1e63db0
        0x5582c1e63db0
        0x5582c1e63db0
        0x5582c1e63db0
        0x5582c1e63db0
        0x5582c1e63db0
        0x5582c1e63db0
        0x5582c1e63db0
        0x5582c1e63db0
        0x5582c1e63db0
        0x5582c1e63db0
        0x5582c1e63db0
        0x5582c1e63db0
        0x5582c1e63db0
        0x5582c1e63db0
        0x5582c1e63db0
        0x5582c1e63db0
        0x5582c1e63db0
        0x5582c1e63db0
        0x5582c1e63db0
        0x5582c1e63db0
        0x5582c1e63db0
        0x5582c1e63db0
        0x5582c1e63db0
        0x5582c1e63db0
        0x5582c1e63db0
        0x5582c1e63db0
        0x5582c1e63db0
        0x5582c1e63db0
        0x5582c1e63db0
        0x5582c1e63db0
        0x5582c1e63db0
        0x5582c1e63db0
        0x5582c1e63db0
        0x5582c1e63db0
        0x5582c1e63db0
        0x5582c1e63db0
        0x5582c1e63db0
        0x5582c1e63db0
        0x5582c1e63db0
        0x5582c1e63db0
        0x5582c1e63db0
        0x5582c1e63db0
        0x5582c1e63db0
        0x5582c1e63db0
        0x5582c1e63db0
        0x5582c1e63db0
        0x5582c1e63db0
        0x5582c1e63db0
        0x5582c1e63db0
        0x5582c1e63db0
        0x5582c1e63db0
        0x5582c1e63db0
        0x5582c1e63db0
        0x5582c1e63db0
        0x5582c1e63db0
        0x5582c1e63db0
        0x5582c1e63db0
        0x5582c1e63db0
        0x5582c1e63db0
        0x5582c1e63db0
        0x5582c1e63db0
        0x5582c1e63db0
        0x5582c1e63db0
        0x5582c1e63db0
        0x5582c1e63db0
        0x5582c1e63db0
        0x5582c1e63db0
        0x5582c1e63db0
        0x5582c1e63db0
        0x5582c1e63db0
        0x5582c1e63db0
        0x5582c1e63db0
        0x5582c1e63db0
        0x5582c1e63db0
        0x5582c1e63db0
        0x5582c1e63db0
        0x5582c1e63db0
        0x5582c1e63db0
        0x5582c1e63db0
        0x5582c1e63db0
        0x5582c1e63db0
        0x5582c1e63db0
        0x5582c1e63db0
        0x5582c1e63db0
        0x5582c1e63db0
        0x5582c1e63db0
        0x5582c1e63db0
        0x5582c1e63db0
        0x5582c1e63db0
        0x5582c1e63db0
        0x5582c1e63db0
        0x5582c1e63db0
        0x5582c1e63db0
        0x5582c1e63db0
        0x5582c1e63db0
        0x5582c1e63db0
        0x5582c1e63db0
        0x5582c1e63db0
        0x5582c1e63db0
        0x5582c1e63db0
]: 1
@preempt_stack[
        0x7fef9cd431fd
        0x10000
        0x7fef61d4fb30
        0x58
]: 1
@preempt_stack[
        GC_prev_block+114
        0
]: 1
@preempt_stack[
        0x7fef9d6fda6f
]: 1
@preempt_stack[
        0x7feefba0f68f
        0x130000
        0
        0
        0x5582c1a63b90
]: 1
@preempt_stack[
        0x7fef9cb0842f
]: 1
@preempt_stack[
        __libc_calloc+106
        0x7800088000007fed
]: 1
@preempt_stack[
        0x7feefb9e44f9
        0x120000
        0x5582bff0bef8
        0x5582bff0bef8
        0x5582bff0bef8
        0x5582bff0bef8
        0x5582bff0bef8
        0x5582bff0bef8
        0x5582bff0bef8
        0x5582bff0bef8
        0x5582bff0bef8
        0x5582bff0bef8
        0x5582bff0bef8
        0x5582bff0bef8
        0x5582bff0bef8
        0x5582bff0bef8
        0x5582bff0bef8
        0x5582bff0bef8
        0x5582bff0bef8
        0x5582bff0bef8
        0x5582bff0bef8
        0x5582bff0bef8
        0x5582bff0bef8
        0x5582bff0bef8
        0x5582bff0bef8
        0x5582bff0bef8
        0x5582bff0bef8
        0x5582bff0bef8
        0x5582bff0bef8
        0x5582bff0bef8
        0x5582bff0bef8
        0x5582bff0bef8
        0x5582bff0bef8
        0x5582bff0bef8
        0x5582bff0bef8
        0x5582bff0bef8
        0x5582bff0bef8
        0x5582bff0bef8
        0x5582bff0bef8
        0x5582bff0bef8
        0x5582bff0bef8
        0x5582bff0bef8
        0x5582bff0bef8
        0x5582bff0bef8
        0x5582bff0bef8
        0x5582bff0bef8
        0x5582bff0bef8
        0x5582bff0bef8
        0x5582bff0bef8
        0x5582bff0bef8
        0x5582bff0bef8
        0x5582bff0bef8
        0x5582bff0bef8
        0x5582bff0bef8
        0x5582bff0bef8
        0x5582bff0bef8
        0x5582bff0bef8
        0x5582bff0bef8
        0x5582bff0bef8
        0x5582bff0bef8
        0x5582bff0bef8
        0x5582bff0bef8
        0x5582bff0bef8
        0x5582bff0bef8
        0x5582bff0bef8
        0x5582bff0bef8
        0x5582bff0bef8
        0x5582bff0bef8
        0x5582bff0bef8
        0x5582bff0bef8
        0x5582bff0bef8
        0x5582bff0bef8
        0x5582bff0bef8
        0x5582bff0bef8
        0x5582bff0bef8
        0x5582bff0bef8
        0x5582bff0bef8
        0x5582bff0bef8
        0x5582bff0bef8
        0x5582bff0bef8
        0x5582bff0bef8
        0x5582bff0bef8
        0x5582bff0bef8
        0x5582bff0bef8
        0x5582bff0bef8
        0x5582bff0bef8
        0x5582bff0bef8
        0x5582bff0bef8
        0x5582bff0bef8
        0x5582bff0bef8
        0x5582bff0bef8
        0x5582bff0bef8
        0x5582bff0bef8
        0x5582bff0bef8
        0x5582bff0bef8
        0x5582bff0bef8
        0x5582bff0bef8
        0x5582bff0bef8
        0x5582bff0bef8
        0x5582bff0bef8
        0x5582bff0bef8
        0x5582bff0bef8
        0x5582bff0bef8
        0x5582bff0bef8
        0x5582bff0bef8
        0x5582bff0bef8
        0x5582bff0bef8
        0x5582bff0bef8
        0x5582bff0bef8
        0x5582bff0bef8
        0x5582bff0bef8
        0x5582bff0bef8
        0x5582bff0bef8
        0x5582bff0bef8
        0x5582bff0bef8
        0x5582bff0bef8
        0x5582bff0bef8
        0x5582bff0bef8
        0x5582bff0bef8
        0x5582bff0bef8
        0x5582bff0bef8
        0x5582bff0bef8
        0x5582bff0bef8
        0x5582bff0bef8
        0x5582bff0bef8
        0x5582bff0bef8
        0x5582bff0bef8
]: 1
@preempt_stack[
        mono_thread_info_uninstall_interrupt+49
]: 1
@preempt_stack[
        0x7fef9c54c4e2
        0x7feefb846428
        0x7feefb9e578f
        0x5582be808500
]: 1
@preempt_stack[
        GC_dirty_inner+41
        0x7feed0094b73
        0x7fef9000395b
        0x7feed0081abb
        0x411407a6
        0x7feefb846428
        0x7feefb9e578f
        0x5582be808500
]: 1
@preempt_stack[
        0x7fef9bbb814f
        0x3f8000003f800000
]: 1
@preempt_stack[
        mono_metadata_type_hash+80
        0x120000
        0x5582bf790e78
        0x5582bf790e78
        0x5582bf790e78
        0x5582bf790e78
        0x5582bf790e78
        0x5582bf790e78
        0x5582bf790e78
        0x5582bf790e78
        0x5582bf790e78
        0x5582bf790e78
        0x5582bf790e78
        0x5582bf790e78
        0x5582bf790e78
        0x5582bf790e78
        0x5582bf790e78
        0x5582bf790e78
        0x5582bf790e78
        0x5582bf790e78
        0x5582bf790e78
        0x5582bf790e78
        0x5582bf790e78
        0x5582bf790e78
        0x5582bf790e78
        0x5582bf790e78
        0x5582bf790e78
        0x5582bf790e78
        0x5582bf790e78
        0x5582bf790e78
        0x5582bf790e78
        0x5582bf790e78
        0x5582bf790e78
        0x5582bf790e78
        0x5582bf790e78
        0x5582bf790e78
        0x5582bf790e78
        0x5582bf790e78
        0x5582bf790e78
        0x5582bf790e78
        0x5582bf790e78
        0x5582bf790e78
        0x5582bf790e78
        0x5582bf790e78
        0x5582bf790e78
        0x5582bf790e78
        0x5582bf790e78
        0x5582bf790e78
        0x5582bf790e78
        0x5582bf790e78
        0x5582bf790e78
        0x5582bf790e78
        0x5582bf790e78
        0x5582bf790e78
        0x5582bf790e78
        0x5582bf790e78
        0x5582bf790e78
        0x5582bf790e78
        0x5582bf790e78
        0x5582bf790e78
        0x5582bf790e78
        0x5582bf790e78
        0x5582bf790e78
        0x5582bf790e78
        0x5582bf790e78
        0x5582bf790e78
        0x5582bf790e78
        0x5582bf790e78
        0x5582bf790e78
        0x5582bf790e78
        0x5582bf790e78
        0x5582bf790e78
        0x5582bf790e78
        0x5582bf790e78
        0x5582bf790e78
        0x5582bf790e78
        0x5582bf790e78
        0x5582bf790e78
        0x5582bf790e78
        0x5582bf790e78
        0x5582bf790e78
        0x5582bf790e78
        0x5582bf790e78
        0x5582bf790e78
        0x5582bf790e78
        0x5582bf790e78
        0x5582bf790e78
        0x5582bf790e78
        0x5582bf790e78
        0x5582bf790e78
        0x5582bf790e78
        0x5582bf790e78
        0x5582bf790e78
        0x5582bf790e78
        0x5582bf790e78
        0x5582bf790e78
        0x5582bf790e78
        0x5582bf790e78
        0x5582bf790e78
        0x5582bf790e78
        0x5582bf790e78
        0x5582bf790e78
        0x5582bf790e78
        0x5582bf790e78
        0x5582bf790e78
        0x5582bf790e78
        0x5582bf790e78
        0x5582bf790e78
        0x5582bf790e78
        0x5582bf790e78
        0x5582bf790e78
        0x5582bf790e78
        0x5582bf790e78
        0x5582bf790e78
        0x5582bf790e78
        0x5582bf790e78
        0x5582bf790e78
        0x5582bf790e78
        0x5582bf790e78
        0x5582bf790e78
        0x5582bf790e78
        0x5582bf790e78
        0x5582bf790e78
        0x5582bf790e78
        0x5582bf790e78
        0x5582bf790e78
        0x5582bf790e78
]: 1
@preempt_stack[
        0x7fed9dfba360
        0
]: 1
@preempt_stack[
        0x7fef9d5b6578
]: 1
@preempt_stack[
        0x7fef9d5b3c4e
]: 1
@preempt_stack[
        mono_metadata_type_hash+80
        0x110000
        0x5582c1fbf6a8
        0x5582c1fbf6a8
        0x5582c1fbf6a8
        0x5582c1fbf6a8
        0x5582c1fbf6a8
        0x5582c1fbf6a8
        0x5582c1fbf6a8
        0x5582c1fbf6a8
        0x5582c1fbf6a8
        0x5582c1fbf6a8
        0x5582c1fbf6a8
        0x5582c1fbf6a8
        0x5582c1fbf6a8
        0x5582c1fbf6a8
        0x5582c1fbf6a8
        0x5582c1fbf6a8
        0x5582c1fbf6a8
        0x5582c1fbf6a8
        0x5582c1fbf6a8
        0x5582c1fbf6a8
        0x5582c1fbf6a8
        0x5582c1fbf6a8
        0x5582c1fbf6a8
        0x5582c1fbf6a8
        0x5582c1fbf6a8
        0x5582c1fbf6a8
        0x5582c1fbf6a8
        0x5582c1fbf6a8
        0x5582c1fbf6a8
        0x5582c1fbf6a8
        0x5582c1fbf6a8
        0x5582c1fbf6a8
        0x5582c1fbf6a8
        0x5582c1fbf6a8
        0x5582c1fbf6a8
        0x5582c1fbf6a8
        0x5582c1fbf6a8
        0x5582c1fbf6a8
        0x5582c1fbf6a8
        0x5582c1fbf6a8
        0x5582c1fbf6a8
        0x5582c1fbf6a8
        0x5582c1fbf6a8
        0x5582c1fbf6a8
        0x5582c1fbf6a8
        0x5582c1fbf6a8
        0x5582c1fbf6a8
        0x5582c1fbf6a8
        0x5582c1fbf6a8
        0x5582c1fbf6a8
        0x5582c1fbf6a8
        0x5582c1fbf6a8
        0x5582c1fbf6a8
        0x5582c1fbf6a8
        0x5582c1fbf6a8
        0x5582c1fbf6a8
        0x5582c1fbf6a8
        0x5582c1fbf6a8
        0x5582c1fbf6a8
        0x5582c1fbf6a8
        0x5582c1fbf6a8
        0x5582c1fbf6a8
        0x5582c1fbf6a8
        0x5582c1fbf6a8
        0x5582c1fbf6a8
        0x5582c1fbf6a8
        0x5582c1fbf6a8
        0x5582c1fbf6a8
        0x5582c1fbf6a8
        0x5582c1fbf6a8
        0x5582c1fbf6a8
        0x5582c1fbf6a8
        0x5582c1fbf6a8
        0x5582c1fbf6a8
        0x5582c1fbf6a8
        0x5582c1fbf6a8
        0x5582c1fbf6a8
        0x5582c1fbf6a8
        0x5582c1fbf6a8
        0x5582c1fbf6a8
        0x5582c1fbf6a8
        0x5582c1fbf6a8
        0x5582c1fbf6a8
        0x5582c1fbf6a8
        0x5582c1fbf6a8
        0x5582c1fbf6a8
        0x5582c1fbf6a8
        0x5582c1fbf6a8
        0x5582c1fbf6a8
        0x5582c1fbf6a8
        0x5582c1fbf6a8
        0x5582c1fbf6a8
        0x5582c1fbf6a8
        0x5582c1fbf6a8
        0x5582c1fbf6a8
        0x5582c1fbf6a8
        0x5582c1fbf6a8
        0x5582c1fbf6a8
        0x5582c1fbf6a8
        0x5582c1fbf6a8
        0x5582c1fbf6a8
        0x5582c1fbf6a8
        0x5582c1fbf6a8
        0x5582c1fbf6a8
        0x5582c1fbf6a8
        0x5582c1fbf6a8
        0x5582c1fbf6a8
        0x5582c1fbf6a8
        0x5582c1fbf6a8
        0x5582c1fbf6a8
        0x5582c1fbf6a8
        0x5582c1fbf6a8
        0x5582c1fbf6a8
        0x5582c1fbf6a8
        0x5582c1fbf6a8
        0x5582c1fbf6a8
        0x5582c1fbf6a8
        0x5582c1fbf6a8
        0x5582c1fbf6a8
        0x5582c1fbf6a8
        0x5582c1fbf6a8
        0x5582c1fbf6a8
        0x5582c1fbf6a8
        0x5582c1fbf6a8
        0x5582c1fbf6a8
]: 1
@preempt_stack[
        mono_metadata_type_hash+80
        0x120000
        0x5582bf39d5e8
        0x5582bf39d5e8
        0x5582bf39d5e8
        0x5582bf39d5e8
        0x5582bf39d5e8
        0x5582bf39d5e8
        0x5582bf39d5e8
        0x5582bf39d5e8
        0x5582bf39d5e8
        0x5582bf39d5e8
        0x5582bf39d5e8
        0x5582bf39d5e8
        0x5582bf39d5e8
        0x5582bf39d5e8
        0x5582bf39d5e8
        0x5582bf39d5e8
        0x5582bf39d5e8
        0x5582bf39d5e8
        0x5582bf39d5e8
        0x5582bf39d5e8
        0x5582bf39d5e8
        0x5582bf39d5e8
        0x5582bf39d5e8
        0x5582bf39d5e8
        0x5582bf39d5e8
        0x5582bf39d5e8
        0x5582bf39d5e8
        0x5582bf39d5e8
        0x5582bf39d5e8
        0x5582bf39d5e8
        0x5582bf39d5e8
        0x5582bf39d5e8
        0x5582bf39d5e8
        0x5582bf39d5e8
        0x5582bf39d5e8
        0x5582bf39d5e8
        0x5582bf39d5e8
        0x5582bf39d5e8
        0x5582bf39d5e8
        0x5582bf39d5e8
        0x5582bf39d5e8
        0x5582bf39d5e8
        0x5582bf39d5e8
        0x5582bf39d5e8
        0x5582bf39d5e8
        0x5582bf39d5e8
        0x5582bf39d5e8
        0x5582bf39d5e8
        0x5582bf39d5e8
        0x5582bf39d5e8
        0x5582bf39d5e8
        0x5582bf39d5e8
        0x5582bf39d5e8
        0x5582bf39d5e8
        0x5582bf39d5e8
        0x5582bf39d5e8
        0x5582bf39d5e8
        0x5582bf39d5e8
        0x5582bf39d5e8
        0x5582bf39d5e8
        0x5582bf39d5e8
        0x5582bf39d5e8
        0x5582bf39d5e8
        0x5582bf39d5e8
        0x5582bf39d5e8
        0x5582bf39d5e8
        0x5582bf39d5e8
        0x5582bf39d5e8
        0x5582bf39d5e8
        0x5582bf39d5e8
        0x5582bf39d5e8
        0x5582bf39d5e8
        0x5582bf39d5e8
        0x5582bf39d5e8
        0x5582bf39d5e8
        0x5582bf39d5e8
        0x5582bf39d5e8
        0x5582bf39d5e8
        0x5582bf39d5e8
        0x5582bf39d5e8
        0x5582bf39d5e8
        0x5582bf39d5e8
        0x5582bf39d5e8
        0x5582bf39d5e8
        0x5582bf39d5e8
        0x5582bf39d5e8
        0x5582bf39d5e8
        0x5582bf39d5e8
        0x5582bf39d5e8
        0x5582bf39d5e8
        0x5582bf39d5e8
        0x5582bf39d5e8
        0x5582bf39d5e8
        0x5582bf39d5e8
        0x5582bf39d5e8
        0x5582bf39d5e8
        0x5582bf39d5e8
        0x5582bf39d5e8
        0x5582bf39d5e8
        0x5582bf39d5e8
        0x5582bf39d5e8
        0x5582bf39d5e8
        0x5582bf39d5e8
        0x5582bf39d5e8
        0x5582bf39d5e8
        0x5582bf39d5e8
        0x5582bf39d5e8
        0x5582bf39d5e8
        0x5582bf39d5e8
        0x5582bf39d5e8
        0x5582bf39d5e8
        0x5582bf39d5e8
        0x5582bf39d5e8
        0x5582bf39d5e8
        0x5582bf39d5e8
        0x5582bf39d5e8
        0x5582bf39d5e8
        0x5582bf39d5e8
        0x5582bf39d5e8
        0x5582bf39d5e8
        0x5582bf39d5e8
        0x5582bf39d5e8
        0x5582bf39d5e8
        0x5582bf39d5e8
        0x5582bf39d5e8
]: 1
@preempt_stack[
        0x7fef9d5a56ca
]: 1
@preempt_stack[
        0x7feefb9cb76a
        0x130000
        0
        0
        0x5582c1aebf20
]: 1
@preempt_stack[
        0x7fef9cb9c8ae
        0xf10002b0003405c
        0x7fef9c6de340
        0x83480789480142d4
]: 1
@preempt_stack[
        0x7feefb9cb76a
        0x130000
        0
        0
        0x5582c1a63b90
]: 1
@preempt_stack[
        0x7feefb9cb8e0
        0x130000
        0x1
        0
        0x5582c130c370
]: 1
@preempt_stack[
        0x7feefb99615d
        0x7feef2e7e4c0
        0
        0x1c00000000000001
        0x5582be7cede8
        0x5582be7cede8
        0x5582be7cede8
        0x5582be7cede8
        0x5582be7cede8
        0x5582be7cede8
        0x5582be7cede8
        0x5582be7cede8
        0x5582be7cede8
        0x5582be7cede8
        0x5582be7cede8
        0x5582be7cede8
        0x5582be7cede8
        0x5582be7cede8
        0x5582be7cede8
        0x5582be7cede8
        0x5582be7cede8
        0x5582be7cede8
        0x5582be7cede8
        0x5582be7cede8
        0x5582be7cede8
        0x5582be7cede8
        0x5582be7cede8
        0x5582be7cede8
        0x5582be7cede8
        0x5582be7cede8
        0x5582be7cede8
        0x5582be7cede8
        0x5582be7cede8
        0x5582be7cede8
        0x5582be7cede8
        0x5582be7cede8
        0x5582be7cede8
        0x5582be7cede8
        0x5582be7cede8
        0x5582be7cede8
        0x5582be7cede8
        0x5582be7cede8
        0x5582be7cede8
        0x5582be7cede8
        0x5582be7cede8
        0x5582be7cede8
        0x5582be7cede8
        0x5582be7cede8
        0x5582be7cede8
        0x5582be7cede8
        0x5582be7cede8
        0x5582be7cede8
        0x5582be7cede8
        0x5582be7cede8
        0x5582be7cede8
        0x5582be7cede8
        0x5582be7cede8
        0x5582be7cede8
        0x5582be7cede8
        0x5582be7cede8
        0x5582be7cede8
        0x5582be7cede8
        0x5582be7cede8
        0x5582be7cede8
        0x5582be7cede8
        0x5582be7cede8
        0x5582be7cede8
        0x5582be7cede8
        0x5582be7cede8
        0x5582be7cede8
        0x5582be7cede8
        0x5582be7cede8
        0x5582be7cede8
        0x5582be7cede8
        0x5582be7cede8
        0x5582be7cede8
        0x5582be7cede8
        0x5582be7cede8
        0x5582be7cede8
        0x5582be7cede8
        0x5582be7cede8
        0x5582be7cede8
        0x5582be7cede8
        0x5582be7cede8
        0x5582be7cede8
        0x5582be7cede8
        0x5582be7cede8
        0x5582be7cede8
        0x5582be7cede8
        0x5582be7cede8
        0x5582be7cede8
        0x5582be7cede8
        0x5582be7cede8
        0x5582be7cede8
        0x5582be7cede8
        0x5582be7cede8
        0x5582be7cede8
        0x5582be7cede8
        0x5582be7cede8
        0x5582be7cede8
        0x5582be7cede8
        0x5582be7cede8
        0x5582be7cede8
        0x5582be7cede8
        0x5582be7cede8
        0x5582be7cede8
        0x5582be7cede8
        0x5582be7cede8
        0x5582be7cede8
        0x5582be7cede8
        0x5582be7cede8
        0x5582be7cede8
        0x5582be7cede8
        0x5582be7cede8
        0x5582be7cede8
        0x5582be7cede8
        0x5582be7cede8
        0x5582be7cede8
        0x5582be7cede8
        0x5582be7cede8
        0x5582be7cede8
        0x5582be7cede8
        0x5582be7cede8
        0x5582be7cede8
        0x5582be7cede8
        0x5582be7cede8
        0x5582be7cede8
]: 1
@preempt_stack[
        0x7fef9d82bcc4
]: 1
@preempt_stack[
        mono_metadata_type_hash+80
        0x120000
        0x7fee6c03ec88
        0x7fee6c03ec88
        0x7fee6c03ec88
        0x7fee6c03ec88
        0x7fee6c03ec88
        0x7fee6c03ec88
        0x7fee6c03ec88
        0x7fee6c03ec88
        0x7fee6c03ec88
        0x7fee6c03ec88
        0x7fee6c03ec88
        0x7fee6c03ec88
        0x7fee6c03ec88
        0x7fee6c03ec88
        0x7fee6c03ec88
        0x7fee6c03ec88
        0x7fee6c03ec88
        0x7fee6c03ec88
        0x7fee6c03ec88
        0x7fee6c03ec88
        0x7fee6c03ec88
        0x7fee6c03ec88
        0x7fee6c03ec88
        0x7fee6c03ec88
        0x7fee6c03ec88
        0x7fee6c03ec88
        0x7fee6c03ec88
        0x7fee6c03ec88
        0x7fee6c03ec88
        0x7fee6c03ec88
        0x7fee6c03ec88
        0x7fee6c03ec88
        0x7fee6c03ec88
        0x7fee6c03ec88
        0x7fee6c03ec88
        0x7fee6c03ec88
        0x7fee6c03ec88
        0x7fee6c03ec88
        0x7fee6c03ec88
        0x7fee6c03ec88
        0x7fee6c03ec88
        0x7fee6c03ec88
        0x7fee6c03ec88
        0x7fee6c03ec88
        0x7fee6c03ec88
        0x7fee6c03ec88
        0x7fee6c03ec88
        0x7fee6c03ec88
        0x7fee6c03ec88
        0x7fee6c03ec88
        0x7fee6c03ec88
        0x7fee6c03ec88
        0x7fee6c03ec88
        0x7fee6c03ec88
        0x7fee6c03ec88
        0x7fee6c03ec88
        0x7fee6c03ec88
        0x7fee6c03ec88
        0x7fee6c03ec88
        0x7fee6c03ec88
        0x7fee6c03ec88
        0x7fee6c03ec88
        0x7fee6c03ec88
        0x7fee6c03ec88
        0x7fee6c03ec88
        0x7fee6c03ec88
        0x7fee6c03ec88
        0x7fee6c03ec88
        0x7fee6c03ec88
        0x7fee6c03ec88
        0x7fee6c03ec88
        0x7fee6c03ec88
        0x7fee6c03ec88
        0x7fee6c03ec88
        0x7fee6c03ec88
        0x7fee6c03ec88
        0x7fee6c03ec88
        0x7fee6c03ec88
        0x7fee6c03ec88
        0x7fee6c03ec88
        0x7fee6c03ec88
        0x7fee6c03ec88
        0x7fee6c03ec88
        0x7fee6c03ec88
        0x7fee6c03ec88
        0x7fee6c03ec88
        0x7fee6c03ec88
        0x7fee6c03ec88
        0x7fee6c03ec88
        0x7fee6c03ec88
        0x7fee6c03ec88
        0x7fee6c03ec88
        0x7fee6c03ec88
        0x7fee6c03ec88
        0x7fee6c03ec88
        0x7fee6c03ec88
        0x7fee6c03ec88
        0x7fee6c03ec88
        0x7fee6c03ec88
        0x7fee6c03ec88
        0x7fee6c03ec88
        0x7fee6c03ec88
        0x7fee6c03ec88
        0x7fee6c03ec88
        0x7fee6c03ec88
        0x7fee6c03ec88
        0x7fee6c03ec88
        0x7fee6c03ec88
        0x7fee6c03ec88
        0x7fee6c03ec88
        0x7fee6c03ec88
        0x7fee6c03ec88
        0x7fee6c03ec88
        0x7fee6c03ec88
        0x7fee6c03ec88
        0x7fee6c03ec88
        0x7fee6c03ec88
        0x7fee6c03ec88
        0x7fee6c03ec88
        0x7fee6c03ec88
        0x7fee6c03ec88
        0x7fee6c03ec88
        0x7fee6c03ec88
        0x7fee6c03ec88
        0x7fee6c03ec88
]: 1
@preempt_stack[
        0x7feefb9dcfa3
        0x120000
        0x5582c1f4d218
        0x5582c1f4d218
        0x5582c1f4d218
        0x5582c1f4d218
        0x5582c1f4d218
        0x5582c1f4d218
        0x5582c1f4d218
        0x5582c1f4d218
        0x5582c1f4d218
        0x5582c1f4d218
        0x5582c1f4d218
        0x5582c1f4d218
        0x5582c1f4d218
        0x5582c1f4d218
        0x5582c1f4d218
        0x5582c1f4d218
        0x5582c1f4d218
        0x5582c1f4d218
        0x5582c1f4d218
        0x5582c1f4d218
        0x5582c1f4d218
        0x5582c1f4d218
        0x5582c1f4d218
        0x5582c1f4d218
        0x5582c1f4d218
        0x5582c1f4d218
        0x5582c1f4d218
        0x5582c1f4d218
        0x5582c1f4d218
        0x5582c1f4d218
        0x5582c1f4d218
        0x5582c1f4d218
        0x5582c1f4d218
        0x5582c1f4d218
        0x5582c1f4d218
        0x5582c1f4d218
        0x5582c1f4d218
        0x5582c1f4d218
        0x5582c1f4d218
        0x5582c1f4d218
        0x5582c1f4d218
        0x5582c1f4d218
        0x5582c1f4d218
        0x5582c1f4d218
        0x5582c1f4d218
        0x5582c1f4d218
        0x5582c1f4d218
        0x5582c1f4d218
        0x5582c1f4d218
        0x5582c1f4d218
        0x5582c1f4d218
        0x5582c1f4d218
        0x5582c1f4d218
        0x5582c1f4d218
        0x5582c1f4d218
        0x5582c1f4d218
        0x5582c1f4d218
        0x5582c1f4d218
        0x5582c1f4d218
        0x5582c1f4d218
        0x5582c1f4d218
        0x5582c1f4d218
        0x5582c1f4d218
        0x5582c1f4d218
        0x5582c1f4d218
        0x5582c1f4d218
        0x5582c1f4d218
        0x5582c1f4d218
        0x5582c1f4d218
        0x5582c1f4d218
        0x5582c1f4d218
        0x5582c1f4d218
        0x5582c1f4d218
        0x5582c1f4d218
        0x5582c1f4d218
        0x5582c1f4d218
        0x5582c1f4d218
        0x5582c1f4d218
        0x5582c1f4d218
        0x5582c1f4d218
        0x5582c1f4d218
        0x5582c1f4d218
        0x5582c1f4d218
        0x5582c1f4d218
        0x5582c1f4d218
        0x5582c1f4d218
        0x5582c1f4d218
        0x5582c1f4d218
        0x5582c1f4d218
        0x5582c1f4d218
        0x5582c1f4d218
        0x5582c1f4d218
        0x5582c1f4d218
        0x5582c1f4d218
        0x5582c1f4d218
        0x5582c1f4d218
        0x5582c1f4d218
        0x5582c1f4d218
        0x5582c1f4d218
        0x5582c1f4d218
        0x5582c1f4d218
        0x5582c1f4d218
        0x5582c1f4d218
        0x5582c1f4d218
        0x5582c1f4d218
        0x5582c1f4d218
        0x5582c1f4d218
        0x5582c1f4d218
        0x5582c1f4d218
        0x5582c1f4d218
        0x5582c1f4d218
        0x5582c1f4d218
        0x5582c1f4d218
        0x5582c1f4d218
        0x5582c1f4d218
        0x5582c1f4d218
        0x5582c1f4d218
        0x5582c1f4d218
        0x5582c1f4d218
        0x5582c1f4d218
        0x5582c1f4d218
        0x5582c1f4d218
        0x5582c1f4d218
        0x5582c1f4d218
        0x5582c1f4d218
]: 1
@preempt_stack[
        0x7feefb9cb8d8
        0x120000
        0x5582bff66bc8
        0x5582bff66bc8
        0x5582bff66bc8
        0x5582bff66bc8
        0x5582bff66bc8
        0x5582bff66bc8
        0x5582bff66bc8
        0x5582bff66bc8
        0x5582bff66bc8
        0x5582bff66bc8
        0x5582bff66bc8
        0x5582bff66bc8
        0x5582bff66bc8
        0x5582bff66bc8
        0x5582bff66bc8
        0x5582bff66bc8
        0x5582bff66bc8
        0x5582bff66bc8
        0x5582bff66bc8
        0x5582bff66bc8
        0x5582bff66bc8
        0x5582bff66bc8
        0x5582bff66bc8
        0x5582bff66bc8
        0x5582bff66bc8
        0x5582bff66bc8
        0x5582bff66bc8
        0x5582bff66bc8
        0x5582bff66bc8
        0x5582bff66bc8
        0x5582bff66bc8
        0x5582bff66bc8
        0x5582bff66bc8
        0x5582bff66bc8
        0x5582bff66bc8
        0x5582bff66bc8
        0x5582bff66bc8
        0x5582bff66bc8
        0x5582bff66bc8
        0x5582bff66bc8
        0x5582bff66bc8
        0x5582bff66bc8
        0x5582bff66bc8
        0x5582bff66bc8
        0x5582bff66bc8
        0x5582bff66bc8
        0x5582bff66bc8
        0x5582bff66bc8
        0x5582bff66bc8
        0x5582bff66bc8
        0x5582bff66bc8
        0x5582bff66bc8
        0x5582bff66bc8
        0x5582bff66bc8
        0x5582bff66bc8
        0x5582bff66bc8
        0x5582bff66bc8
        0x5582bff66bc8
        0x5582bff66bc8
        0x5582bff66bc8
        0x5582bff66bc8
        0x5582bff66bc8
        0x5582bff66bc8
        0x5582bff66bc8
        0x5582bff66bc8
        0x5582bff66bc8
        0x5582bff66bc8
        0x5582bff66bc8
        0x5582bff66bc8
        0x5582bff66bc8
        0x5582bff66bc8
        0x5582bff66bc8
        0x5582bff66bc8
        0x5582bff66bc8
        0x5582bff66bc8
        0x5582bff66bc8
        0x5582bff66bc8
        0x5582bff66bc8
        0x5582bff66bc8
        0x5582bff66bc8
        0x5582bff66bc8
        0x5582bff66bc8
        0x5582bff66bc8
        0x5582bff66bc8
        0x5582bff66bc8
        0x5582bff66bc8
        0x5582bff66bc8
        0x5582bff66bc8
        0x5582bff66bc8
        0x5582bff66bc8
        0x5582bff66bc8
        0x5582bff66bc8
        0x5582bff66bc8
        0x5582bff66bc8
        0x5582bff66bc8
        0x5582bff66bc8
        0x5582bff66bc8
        0x5582bff66bc8
        0x5582bff66bc8
        0x5582bff66bc8
        0x5582bff66bc8
        0x5582bff66bc8
        0x5582bff66bc8
        0x5582bff66bc8
        0x5582bff66bc8
        0x5582bff66bc8
        0x5582bff66bc8
        0x5582bff66bc8
        0x5582bff66bc8
        0x5582bff66bc8
        0x5582bff66bc8
        0x5582bff66bc8
        0x5582bff66bc8
        0x5582bff66bc8
        0x5582bff66bc8
        0x5582bff66bc8
        0x5582bff66bc8
        0x5582bff66bc8
        0x5582bff66bc8
        0x5582bff66bc8
        0x5582bff66bc8
        0x5582bff66bc8
        0x5582bff66bc8
        0x5582bff66bc8
        0x5582bff66bc8
]: 1
@preempt_stack[
        0x7fef9ccc612b
        0x7fef61c5f690
]: 1
@preempt_stack[
        0x4112c3de
        0x413e8368
        0x4171489c
        0x416ff934
        0x411407a6
        0x7feefb846428
        0x7feefb9e578f
        0x5582be808500
]: 1
@preempt_stack[
        0x7feefb9cb75b
        0x120000
        0x5582bff69fc8
        0x5582bff69fc8
        0x5582bff69fc8
        0x5582bff69fc8
        0x5582bff69fc8
        0x5582bff69fc8
        0x5582bff69fc8
        0x5582bff69fc8
        0x5582bff69fc8
        0x5582bff69fc8
        0x5582bff69fc8
        0x5582bff69fc8
        0x5582bff69fc8
        0x5582bff69fc8
        0x5582bff69fc8
        0x5582bff69fc8
        0x5582bff69fc8
        0x5582bff69fc8
        0x5582bff69fc8
        0x5582bff69fc8
        0x5582bff69fc8
        0x5582bff69fc8
        0x5582bff69fc8
        0x5582bff69fc8
        0x5582bff69fc8
        0x5582bff69fc8
        0x5582bff69fc8
        0x5582bff69fc8
        0x5582bff69fc8
        0x5582bff69fc8
        0x5582bff69fc8
        0x5582bff69fc8
        0x5582bff69fc8
        0x5582bff69fc8
        0x5582bff69fc8
        0x5582bff69fc8
        0x5582bff69fc8
        0x5582bff69fc8
        0x5582bff69fc8
        0x5582bff69fc8
        0x5582bff69fc8
        0x5582bff69fc8
        0x5582bff69fc8
        0x5582bff69fc8
        0x5582bff69fc8
        0x5582bff69fc8
        0x5582bff69fc8
        0x5582bff69fc8
        0x5582bff69fc8
        0x5582bff69fc8
        0x5582bff69fc8
        0x5582bff69fc8
        0x5582bff69fc8
        0x5582bff69fc8
        0x5582bff69fc8
        0x5582bff69fc8
        0x5582bff69fc8
        0x5582bff69fc8
        0x5582bff69fc8
        0x5582bff69fc8
        0x5582bff69fc8
        0x5582bff69fc8
        0x5582bff69fc8
        0x5582bff69fc8
        0x5582bff69fc8
        0x5582bff69fc8
        0x5582bff69fc8
        0x5582bff69fc8
        0x5582bff69fc8
        0x5582bff69fc8
        0x5582bff69fc8
        0x5582bff69fc8
        0x5582bff69fc8
        0x5582bff69fc8
        0x5582bff69fc8
        0x5582bff69fc8
        0x5582bff69fc8
        0x5582bff69fc8
        0x5582bff69fc8
        0x5582bff69fc8
        0x5582bff69fc8
        0x5582bff69fc8
        0x5582bff69fc8
        0x5582bff69fc8
        0x5582bff69fc8
        0x5582bff69fc8
        0x5582bff69fc8
        0x5582bff69fc8
        0x5582bff69fc8
        0x5582bff69fc8
        0x5582bff69fc8
        0x5582bff69fc8
        0x5582bff69fc8
        0x5582bff69fc8
        0x5582bff69fc8
        0x5582bff69fc8
        0x5582bff69fc8
        0x5582bff69fc8
        0x5582bff69fc8
        0x5582bff69fc8
        0x5582bff69fc8
        0x5582bff69fc8
        0x5582bff69fc8
        0x5582bff69fc8
        0x5582bff69fc8
        0x5582bff69fc8
        0x5582bff69fc8
        0x5582bff69fc8
        0x5582bff69fc8
        0x5582bff69fc8
        0x5582bff69fc8
        0x5582bff69fc8
        0x5582bff69fc8
        0x5582bff69fc8
        0x5582bff69fc8
        0x5582bff69fc8
        0x5582bff69fc8
        0x5582bff69fc8
        0x5582bff69fc8
        0x5582bff69fc8
        0x5582bff69fc8
        0x5582bff69fc8
        0x5582bff69fc8
        0x5582bff69fc8
        0x5582bff69fc8
]: 1
@preempt_stack[
        __pthread_getspecific+29
]: 1
@preempt_stack[
        0x7fef9bbb88ce
]: 1
@preempt_stack[
        0x7feefb9dcfa3
        0x120000
        0x5582bec3e500
        0x5582bec3e500
        0x5582bec3e500
        0x5582bec3e500
        0x5582bec3e500
        0x5582bec3e500
        0x5582bec3e500
        0x5582bec3e500
        0x5582bec3e500
        0x5582bec3e500
        0x5582bec3e500
        0x5582bec3e500
        0x5582bec3e500
        0x5582bec3e500
        0x5582bec3e500
        0x5582bec3e500
        0x5582bec3e500
        0x5582bec3e500
        0x5582bec3e500
        0x5582bec3e500
        0x5582bec3e500
        0x5582bec3e500
        0x5582bec3e500
        0x5582bec3e500
        0x5582bec3e500
        0x5582bec3e500
        0x5582bec3e500
        0x5582bec3e500
        0x5582bec3e500
        0x5582bec3e500
        0x5582bec3e500
        0x5582bec3e500
        0x5582bec3e500
        0x5582bec3e500
        0x5582bec3e500
        0x5582bec3e500
        0x5582bec3e500
        0x5582bec3e500
        0x5582bec3e500
        0x5582bec3e500
        0x5582bec3e500
        0x5582bec3e500
        0x5582bec3e500
        0x5582bec3e500
        0x5582bec3e500
        0x5582bec3e500
        0x5582bec3e500
        0x5582bec3e500
        0x5582bec3e500
        0x5582bec3e500
        0x5582bec3e500
        0x5582bec3e500
        0x5582bec3e500
        0x5582bec3e500
        0x5582bec3e500
        0x5582bec3e500
        0x5582bec3e500
        0x5582bec3e500
        0x5582bec3e500
        0x5582bec3e500
        0x5582bec3e500
        0x5582bec3e500
        0x5582bec3e500
        0x5582bec3e500
        0x5582bec3e500
        0x5582bec3e500
        0x5582bec3e500
        0x5582bec3e500
        0x5582bec3e500
        0x5582bec3e500
        0x5582bec3e500
        0x5582bec3e500
        0x5582bec3e500
        0x5582bec3e500
        0x5582bec3e500
        0x5582bec3e500
        0x5582bec3e500
        0x5582bec3e500
        0x5582bec3e500
        0x5582bec3e500
        0x5582bec3e500
        0x5582bec3e500
        0x5582bec3e500
        0x5582bec3e500
        0x5582bec3e500
        0x5582bec3e500
        0x5582bec3e500
        0x5582bec3e500
        0x5582bec3e500
        0x5582bec3e500
        0x5582bec3e500
        0x5582bec3e500
        0x5582bec3e500
        0x5582bec3e500
        0x5582bec3e500
        0x5582bec3e500
        0x5582bec3e500
        0x5582bec3e500
        0x5582bec3e500
        0x5582bec3e500
        0x5582bec3e500
        0x5582bec3e500
        0x5582bec3e500
        0x5582bec3e500
        0x5582bec3e500
        0x5582bec3e500
        0x5582bec3e500
        0x5582bec3e500
        0x5582bec3e500
        0x5582bec3e500
        0x5582bec3e500
        0x5582bec3e500
        0x5582bec3e500
        0x5582bec3e500
        0x5582bec3e500
        0x5582bec3e500
        0x5582bec3e500
        0x5582bec3e500
        0x5582bec3e500
        0x5582bec3e500
        0x5582bec3e500
        0x5582bec3e500
        0x5582bec3e500
        0x5582bec3e500
        0x5582bec3e500
]: 1
@preempt_stack[
        0x7fef9cd4e978
        0x2f004700240022
]: 1
@preempt_stack[
        __pthread_mutex_lock+147
        0x7fed98003b10
]: 1
@preempt_stack[
        0x7fef9de72ce2
        __clock_gettime+29
        0xd8000880402c0000
]: 1
@preempt_stack[
        mono_metadata_type_hash+80
        0x120000
        0x5582c1b7d268
        0x5582c1b7d268
        0x5582c1b7d268
        0x5582c1b7d268
        0x5582c1b7d268
        0x5582c1b7d268
        0x5582c1b7d268
        0x5582c1b7d268
        0x5582c1b7d268
        0x5582c1b7d268
        0x5582c1b7d268
        0x5582c1b7d268
        0x5582c1b7d268
        0x5582c1b7d268
        0x5582c1b7d268
        0x5582c1b7d268
        0x5582c1b7d268
        0x5582c1b7d268
        0x5582c1b7d268
        0x5582c1b7d268
        0x5582c1b7d268
        0x5582c1b7d268
        0x5582c1b7d268
        0x5582c1b7d268
        0x5582c1b7d268
        0x5582c1b7d268
        0x5582c1b7d268
        0x5582c1b7d268
        0x5582c1b7d268
        0x5582c1b7d268
        0x5582c1b7d268
        0x5582c1b7d268
        0x5582c1b7d268
        0x5582c1b7d268
        0x5582c1b7d268
        0x5582c1b7d268
        0x5582c1b7d268
        0x5582c1b7d268
        0x5582c1b7d268
        0x5582c1b7d268
        0x5582c1b7d268
        0x5582c1b7d268
        0x5582c1b7d268
        0x5582c1b7d268
        0x5582c1b7d268
        0x5582c1b7d268
        0x5582c1b7d268
        0x5582c1b7d268
        0x5582c1b7d268
        0x5582c1b7d268
        0x5582c1b7d268
        0x5582c1b7d268
        0x5582c1b7d268
        0x5582c1b7d268
        0x5582c1b7d268
        0x5582c1b7d268
        0x5582c1b7d268
        0x5582c1b7d268
        0x5582c1b7d268
        0x5582c1b7d268
        0x5582c1b7d268
        0x5582c1b7d268
        0x5582c1b7d268
        0x5582c1b7d268
        0x5582c1b7d268
        0x5582c1b7d268
        0x5582c1b7d268
        0x5582c1b7d268
        0x5582c1b7d268
        0x5582c1b7d268
        0x5582c1b7d268
        0x5582c1b7d268
        0x5582c1b7d268
        0x5582c1b7d268
        0x5582c1b7d268
        0x5582c1b7d268
        0x5582c1b7d268
        0x5582c1b7d268
        0x5582c1b7d268
        0x5582c1b7d268
        0x5582c1b7d268
        0x5582c1b7d268
        0x5582c1b7d268
        0x5582c1b7d268
        0x5582c1b7d268
        0x5582c1b7d268
        0x5582c1b7d268
        0x5582c1b7d268
        0x5582c1b7d268
        0x5582c1b7d268
        0x5582c1b7d268
        0x5582c1b7d268
        0x5582c1b7d268
        0x5582c1b7d268
        0x5582c1b7d268
        0x5582c1b7d268
        0x5582c1b7d268
        0x5582c1b7d268
        0x5582c1b7d268
        0x5582c1b7d268
        0x5582c1b7d268
        0x5582c1b7d268
        0x5582c1b7d268
        0x5582c1b7d268
        0x5582c1b7d268
        0x5582c1b7d268
        0x5582c1b7d268
        0x5582c1b7d268
        0x5582c1b7d268
        0x5582c1b7d268
        0x5582c1b7d268
        0x5582c1b7d268
        0x5582c1b7d268
        0x5582c1b7d268
        0x5582c1b7d268
        0x5582c1b7d268
        0x5582c1b7d268
        0x5582c1b7d268
        0x5582c1b7d268
        0x5582c1b7d268
        0x5582c1b7d268
        0x5582c1b7d268
        0x5582c1b7d268
        0x5582c1b7d268
        0x5582c1b7d268
]: 1
@preempt_stack[
        0x7fef9c90594c
        0xb91
]: 1
@preempt_stack[
        0x7fef9d5a5abb
]: 1
@preempt_stack[
        0x7feefb9dcfa3
        0x120000
        0x5582c1ff6f28
        0x5582c1ff6f28
        0x5582c1ff6f28
        0x5582c1ff6f28
        0x5582c1ff6f28
        0x5582c1ff6f28
        0x5582c1ff6f28
        0x5582c1ff6f28
        0x5582c1ff6f28
        0x5582c1ff6f28
        0x5582c1ff6f28
        0x5582c1ff6f28
        0x5582c1ff6f28
        0x5582c1ff6f28
        0x5582c1ff6f28
        0x5582c1ff6f28
        0x5582c1ff6f28
        0x5582c1ff6f28
        0x5582c1ff6f28
        0x5582c1ff6f28
        0x5582c1ff6f28
        0x5582c1ff6f28
        0x5582c1ff6f28
        0x5582c1ff6f28
        0x5582c1ff6f28
        0x5582c1ff6f28
        0x5582c1ff6f28
        0x5582c1ff6f28
        0x5582c1ff6f28
        0x5582c1ff6f28
        0x5582c1ff6f28
        0x5582c1ff6f28
        0x5582c1ff6f28
        0x5582c1ff6f28
        0x5582c1ff6f28
        0x5582c1ff6f28
        0x5582c1ff6f28
        0x5582c1ff6f28
        0x5582c1ff6f28
        0x5582c1ff6f28
        0x5582c1ff6f28
        0x5582c1ff6f28
        0x5582c1ff6f28
        0x5582c1ff6f28
        0x5582c1ff6f28
        0x5582c1ff6f28
        0x5582c1ff6f28
        0x5582c1ff6f28
        0x5582c1ff6f28
        0x5582c1ff6f28
        0x5582c1ff6f28
        0x5582c1ff6f28
        0x5582c1ff6f28
        0x5582c1ff6f28
        0x5582c1ff6f28
        0x5582c1ff6f28
        0x5582c1ff6f28
        0x5582c1ff6f28
        0x5582c1ff6f28
        0x5582c1ff6f28
        0x5582c1ff6f28
        0x5582c1ff6f28
        0x5582c1ff6f28
        0x5582c1ff6f28
        0x5582c1ff6f28
        0x5582c1ff6f28
        0x5582c1ff6f28
        0x5582c1ff6f28
        0x5582c1ff6f28
        0x5582c1ff6f28
        0x5582c1ff6f28
        0x5582c1ff6f28
        0x5582c1ff6f28
        0x5582c1ff6f28
        0x5582c1ff6f28
        0x5582c1ff6f28
        0x5582c1ff6f28
        0x5582c1ff6f28
        0x5582c1ff6f28
        0x5582c1ff6f28
        0x5582c1ff6f28
        0x5582c1ff6f28
        0x5582c1ff6f28
        0x5582c1ff6f28
        0x5582c1ff6f28
        0x5582c1ff6f28
        0x5582c1ff6f28
        0x5582c1ff6f28
        0x5582c1ff6f28
        0x5582c1ff6f28
        0x5582c1ff6f28
        0x5582c1ff6f28
        0x5582c1ff6f28
        0x5582c1ff6f28
        0x5582c1ff6f28
        0x5582c1ff6f28
        0x5582c1ff6f28
        0x5582c1ff6f28
        0x5582c1ff6f28
        0x5582c1ff6f28
        0x5582c1ff6f28
        0x5582c1ff6f28
        0x5582c1ff6f28
        0x5582c1ff6f28
        0x5582c1ff6f28
        0x5582c1ff6f28
        0x5582c1ff6f28
        0x5582c1ff6f28
        0x5582c1ff6f28
        0x5582c1ff6f28
        0x5582c1ff6f28
        0x5582c1ff6f28
        0x5582c1ff6f28
        0x5582c1ff6f28
        0x5582c1ff6f28
        0x5582c1ff6f28
        0x5582c1ff6f28
        0x5582c1ff6f28
        0x5582c1ff6f28
        0x5582c1ff6f28
        0x5582c1ff6f28
        0x5582c1ff6f28
        0x5582c1ff6f28
        0x5582c1ff6f28
        0x5582c1ff6f28
]: 1
@preempt_stack[
        0x7feefb9cb75b
        0x120000
        0x5582c0192928
        0x5582c0192928
        0x5582c0192928
        0x5582c0192928
        0x5582c0192928
        0x5582c0192928
        0x5582c0192928
        0x5582c0192928
        0x5582c0192928
        0x5582c0192928
        0x5582c0192928
        0x5582c0192928
        0x5582c0192928
        0x5582c0192928
        0x5582c0192928
        0x5582c0192928
        0x5582c0192928
        0x5582c0192928
        0x5582c0192928
        0x5582c0192928
        0x5582c0192928
        0x5582c0192928
        0x5582c0192928
        0x5582c0192928
        0x5582c0192928
        0x5582c0192928
        0x5582c0192928
        0x5582c0192928
        0x5582c0192928
        0x5582c0192928
        0x5582c0192928
        0x5582c0192928
        0x5582c0192928
        0x5582c0192928
        0x5582c0192928
        0x5582c0192928
        0x5582c0192928
        0x5582c0192928
        0x5582c0192928
        0x5582c0192928
        0x5582c0192928
        0x5582c0192928
        0x5582c0192928
        0x5582c0192928
        0x5582c0192928
        0x5582c0192928
        0x5582c0192928
        0x5582c0192928
        0x5582c0192928
        0x5582c0192928
        0x5582c0192928
        0x5582c0192928
        0x5582c0192928
        0x5582c0192928
        0x5582c0192928
        0x5582c0192928
        0x5582c0192928
        0x5582c0192928
        0x5582c0192928
        0x5582c0192928
        0x5582c0192928
        0x5582c0192928
        0x5582c0192928
        0x5582c0192928
        0x5582c0192928
        0x5582c0192928
        0x5582c0192928
        0x5582c0192928
        0x5582c0192928
        0x5582c0192928
        0x5582c0192928
        0x5582c0192928
        0x5582c0192928
        0x5582c0192928
        0x5582c0192928
        0x5582c0192928
        0x5582c0192928
        0x5582c0192928
        0x5582c0192928
        0x5582c0192928
        0x5582c0192928
        0x5582c0192928
        0x5582c0192928
        0x5582c0192928
        0x5582c0192928
        0x5582c0192928
        0x5582c0192928
        0x5582c0192928
        0x5582c0192928
        0x5582c0192928
        0x5582c0192928
        0x5582c0192928
        0x5582c0192928
        0x5582c0192928
        0x5582c0192928
        0x5582c0192928
        0x5582c0192928
        0x5582c0192928
        0x5582c0192928
        0x5582c0192928
        0x5582c0192928
        0x5582c0192928
        0x5582c0192928
        0x5582c0192928
        0x5582c0192928
        0x5582c0192928
        0x5582c0192928
        0x5582c0192928
        0x5582c0192928
        0x5582c0192928
        0x5582c0192928
        0x5582c0192928
        0x5582c0192928
        0x5582c0192928
        0x5582c0192928
        0x5582c0192928
        0x5582c0192928
        0x5582c0192928
        0x5582c0192928
        0x5582c0192928
        0x5582c0192928
        0x5582c0192928
        0x5582c0192928
        0x5582c0192928
        0x5582c0192928
]: 1
@preempt_stack[
        0x7feefb9cb8e5
        0x130000
        0
        0
        0x5582c1ed1f50
]: 1
@preempt_stack[
        0x7feefb9cb775
        0x120000
        0x5582c1f97c10
        0x5582c1f97c10
        0x5582c1f97c10
        0x5582c1f97c10
        0x5582c1f97c10
        0x5582c1f97c10
        0x5582c1f97c10
        0x5582c1f97c10
        0x5582c1f97c10
        0x5582c1f97c10
        0x5582c1f97c10
        0x5582c1f97c10
        0x5582c1f97c10
        0x5582c1f97c10
        0x5582c1f97c10
        0x5582c1f97c10
        0x5582c1f97c10
        0x5582c1f97c10
        0x5582c1f97c10
        0x5582c1f97c10
        0x5582c1f97c10
        0x5582c1f97c10
        0x5582c1f97c10
        0x5582c1f97c10
        0x5582c1f97c10
        0x5582c1f97c10
        0x5582c1f97c10
        0x5582c1f97c10
        0x5582c1f97c10
        0x5582c1f97c10
        0x5582c1f97c10
        0x5582c1f97c10
        0x5582c1f97c10
        0x5582c1f97c10
        0x5582c1f97c10
        0x5582c1f97c10
        0x5582c1f97c10
        0x5582c1f97c10
        0x5582c1f97c10
        0x5582c1f97c10
        0x5582c1f97c10
        0x5582c1f97c10
        0x5582c1f97c10
        0x5582c1f97c10
        0x5582c1f97c10
        0x5582c1f97c10
        0x5582c1f97c10
        0x5582c1f97c10
        0x5582c1f97c10
        0x5582c1f97c10
        0x5582c1f97c10
        0x5582c1f97c10
        0x5582c1f97c10
        0x5582c1f97c10
        0x5582c1f97c10
        0x5582c1f97c10
        0x5582c1f97c10
        0x5582c1f97c10
        0x5582c1f97c10
        0x5582c1f97c10
        0x5582c1f97c10
        0x5582c1f97c10
        0x5582c1f97c10
        0x5582c1f97c10
        0x5582c1f97c10
        0x5582c1f97c10
        0x5582c1f97c10
        0x5582c1f97c10
        0x5582c1f97c10
        0x5582c1f97c10
        0x5582c1f97c10
        0x5582c1f97c10
        0x5582c1f97c10
        0x5582c1f97c10
        0x5582c1f97c10
        0x5582c1f97c10
        0x5582c1f97c10
        0x5582c1f97c10
        0x5582c1f97c10
        0x5582c1f97c10
        0x5582c1f97c10
        0x5582c1f97c10
        0x5582c1f97c10
        0x5582c1f97c10
        0x5582c1f97c10
        0x5582c1f97c10
        0x5582c1f97c10
        0x5582c1f97c10
        0x5582c1f97c10
        0x5582c1f97c10
        0x5582c1f97c10
        0x5582c1f97c10
        0x5582c1f97c10
        0x5582c1f97c10
        0x5582c1f97c10
        0x5582c1f97c10
        0x5582c1f97c10
        0x5582c1f97c10
        0x5582c1f97c10
        0x5582c1f97c10
        0x5582c1f97c10
        0x5582c1f97c10
        0x5582c1f97c10
        0x5582c1f97c10
        0x5582c1f97c10
        0x5582c1f97c10
        0x5582c1f97c10
        0x5582c1f97c10
        0x5582c1f97c10
        0x5582c1f97c10
        0x5582c1f97c10
        0x5582c1f97c10
        0x5582c1f97c10
        0x5582c1f97c10
        0x5582c1f97c10
        0x5582c1f97c10
        0x5582c1f97c10
        0x5582c1f97c10
        0x5582c1f97c10
        0x5582c1f97c10
        0x5582c1f97c10
        0x5582c1f97c10
        0x5582c1f97c10
        0x5582c1f97c10
        0x5582c1f97c10
]: 1
@preempt_stack[
        0x7feefb9ce545
        0x5582c1a24780
        0x5582c1a24780
        0x5582c1a24780
        0x5582c1a24780
        0x5582c1a24780
        0x5582c1a24780
        0x5582c1a24780
        0x5582c1a24780
        0x5582c1a24780
        0x5582c1a24780
        0x5582c1a24780
        0x5582c1a24780
        0x5582c1a24780
        0x5582c1a24780
        0x5582c1a24780
        0x5582c1a24780
        0x5582c1a24780
        0x5582c1a24780
        0x5582c1a24780
        0x5582c1a24780
        0x5582c1a24780
        0x5582c1a24780
        0x5582c1a24780
        0x5582c1a24780
        0x5582c1a24780
        0x5582c1a24780
        0x5582c1a24780
        0x5582c1a24780
        0x5582c1a24780
        0x5582c1a24780
        0x5582c1a24780
        0x5582c1a24780
        0x5582c1a24780
        0x5582c1a24780
        0x5582c1a24780
        0x5582c1a24780
        0x5582c1a24780
        0x5582c1a24780
        0x5582c1a24780
        0x5582c1a24780
        0x5582c1a24780
        0x5582c1a24780
        0x5582c1a24780
        0x5582c1a24780
        0x5582c1a24780
        0x5582c1a24780
        0x5582c1a24780
        0x5582c1a24780
        0x5582c1a24780
        0x5582c1a24780
        0x5582c1a24780
        0x5582c1a24780
        0x5582c1a24780
        0x5582c1a24780
        0x5582c1a24780
        0x5582c1a24780
        0x5582c1a24780
        0x5582c1a24780
        0x5582c1a24780
        0x5582c1a24780
        0x5582c1a24780
        0x5582c1a24780
        0x5582c1a24780
        0x5582c1a24780
        0x5582c1a24780
        0x5582c1a24780
        0x5582c1a24780
        0x5582c1a24780
        0x5582c1a24780
        0x5582c1a24780
        0x5582c1a24780
        0x5582c1a24780
        0x5582c1a24780
        0x5582c1a24780
        0x5582c1a24780
        0x5582c1a24780
        0x5582c1a24780
        0x5582c1a24780
        0x5582c1a24780
        0x5582c1a24780
        0x5582c1a24780
        0x5582c1a24780
        0x5582c1a24780
        0x5582c1a24780
        0x5582c1a24780
        0x5582c1a24780
        0x5582c1a24780
        0x5582c1a24780
        0x5582c1a24780
        0x5582c1a24780
        0x5582c1a24780
        0x5582c1a24780
        0x5582c1a24780
        0x5582c1a24780
        0x5582c1a24780
        0x5582c1a24780
        0x5582c1a24780
        0x5582c1a24780
        0x5582c1a24780
        0x5582c1a24780
        0x5582c1a24780
        0x5582c1a24780
        0x5582c1a24780
        0x5582c1a24780
        0x5582c1a24780
        0x5582c1a24780
        0x5582c1a24780
        0x5582c1a24780
        0x5582c1a24780
        0x5582c1a24780
        0x5582c1a24780
        0x5582c1a24780
        0x5582c1a24780
        0x5582c1a24780
        0x5582c1a24780
        0x5582c1a24780
        0x5582c1a24780
        0x5582c1a24780
        0x5582c1a24780
        0x5582c1a24780
        0x5582c1a24780
        0x5582c1a24780
        0x5582c1a24780
        0x5582c1a24780
        0x5582c1a24780
        0x5582c1a24780
]: 1
@preempt_stack[
        0x7fef9ccd30e5
        0x50f050605040501
]: 1
@preempt_stack[
        0x41c75f6f
        0
        0x2000000000000001
        0x5582bf3c6df0
        0x5582bf3c6df0
        0x5582bf3c6df0
        0x5582bf3c6df0
        0x5582bf3c6df0
        0x5582bf3c6df0
        0x5582bf3c6df0
        0x5582bf3c6df0
        0x5582bf3c6df0
        0x5582bf3c6df0
        0x5582bf3c6df0
        0x5582bf3c6df0
        0x5582bf3c6df0
        0x5582bf3c6df0
        0x5582bf3c6df0
        0x5582bf3c6df0
        0x5582bf3c6df0
        0x5582bf3c6df0
        0x5582bf3c6df0
        0x5582bf3c6df0
        0x5582bf3c6df0
        0x5582bf3c6df0
        0x5582bf3c6df0
        0x5582bf3c6df0
        0x5582bf3c6df0
        0x5582bf3c6df0
        0x5582bf3c6df0
        0x5582bf3c6df0
        0x5582bf3c6df0
        0x5582bf3c6df0
        0x5582bf3c6df0
        0x5582bf3c6df0
        0x5582bf3c6df0
        0x5582bf3c6df0
        0x5582bf3c6df0
        0x5582bf3c6df0
        0x5582bf3c6df0
        0x5582bf3c6df0
        0x5582bf3c6df0
        0x5582bf3c6df0
        0x5582bf3c6df0
        0x5582bf3c6df0
        0x5582bf3c6df0
        0x5582bf3c6df0
        0x5582bf3c6df0
        0x5582bf3c6df0
        0x5582bf3c6df0
        0x5582bf3c6df0
        0x5582bf3c6df0
        0x5582bf3c6df0
        0x5582bf3c6df0
        0x5582bf3c6df0
        0x5582bf3c6df0
        0x5582bf3c6df0
        0x5582bf3c6df0
        0x5582bf3c6df0
        0x5582bf3c6df0
        0x5582bf3c6df0
        0x5582bf3c6df0
        0x5582bf3c6df0
        0x5582bf3c6df0
        0x5582bf3c6df0
        0x5582bf3c6df0
        0x5582bf3c6df0
        0x5582bf3c6df0
        0x5582bf3c6df0
        0x5582bf3c6df0
        0x5582bf3c6df0
        0x5582bf3c6df0
        0x5582bf3c6df0
        0x5582bf3c6df0
        0x5582bf3c6df0
        0x5582bf3c6df0
        0x5582bf3c6df0
        0x5582bf3c6df0
        0x5582bf3c6df0
        0x5582bf3c6df0
        0x5582bf3c6df0
        0x5582bf3c6df0
        0x5582bf3c6df0
        0x5582bf3c6df0
        0x5582bf3c6df0
        0x5582bf3c6df0
        0x5582bf3c6df0
        0x5582bf3c6df0
        0x5582bf3c6df0
        0x5582bf3c6df0
        0x5582bf3c6df0
        0x5582bf3c6df0
        0x5582bf3c6df0
        0x5582bf3c6df0
        0x5582bf3c6df0
        0x5582bf3c6df0
        0x5582bf3c6df0
        0x5582bf3c6df0
        0x5582bf3c6df0
        0x5582bf3c6df0
        0x5582bf3c6df0
        0x5582bf3c6df0
        0x5582bf3c6df0
        0x5582bf3c6df0
        0x5582bf3c6df0
        0x5582bf3c6df0
        0x5582bf3c6df0
        0x5582bf3c6df0
        0x5582bf3c6df0
        0x5582bf3c6df0
        0x5582bf3c6df0
        0x5582bf3c6df0
        0x5582bf3c6df0
        0x5582bf3c6df0
        0x5582bf3c6df0
        0x5582bf3c6df0
        0x5582bf3c6df0
        0x5582bf3c6df0
        0x5582bf3c6df0
        0x5582bf3c6df0
        0x5582bf3c6df0
        0x5582bf3c6df0
        0x5582bf3c6df0
        0x5582bf3c6df0
        0x5582bf3c6df0
        0x5582bf3c6df0
        0x5582bf3c6df0
]: 1
@preempt_stack[
        0x4126c5e6
        0x41b87864
        0x416f6adf
        0x7feefb846428
        0x7feefb9e578f
        0x5582be808500
]: 1
@preempt_stack[
        0x4126c5ea
        0x41b87864
        0x416f6adf
        0x7feefb846428
        0x7feefb9e578f
        0x5582be808500
]: 1
@preempt_stack[
        mono_gc_wbarrier_set_field+60
        0x411407a6
        0x7feefb846428
        0x7feefb9e578f
        0x5582be808500
]: 1
@preempt_stack[
        0x4172a44e
        0x411407a6
        0x7feefb846428
        0x7feefb9e578f
        0x5582be808500
]: 1
@preempt_stack[
        mono_metadata_type_hash+96
        0x110000
        0x5582becc24f8
        0x5582becc24f8
        0x5582becc24f8
        0x5582becc24f8
        0x5582becc24f8
        0x5582becc24f8
        0x5582becc24f8
        0x5582becc24f8
        0x5582becc24f8
        0x5582becc24f8
        0x5582becc24f8
        0x5582becc24f8
        0x5582becc24f8
        0x5582becc24f8
        0x5582becc24f8
        0x5582becc24f8
        0x5582becc24f8
        0x5582becc24f8
        0x5582becc24f8
        0x5582becc24f8
        0x5582becc24f8
        0x5582becc24f8
        0x5582becc24f8
        0x5582becc24f8
        0x5582becc24f8
        0x5582becc24f8
        0x5582becc24f8
        0x5582becc24f8
        0x5582becc24f8
        0x5582becc24f8
        0x5582becc24f8
        0x5582becc24f8
        0x5582becc24f8
        0x5582becc24f8
        0x5582becc24f8
        0x5582becc24f8
        0x5582becc24f8
        0x5582becc24f8
        0x5582becc24f8
        0x5582becc24f8
        0x5582becc24f8
        0x5582becc24f8
        0x5582becc24f8
        0x5582becc24f8
        0x5582becc24f8
        0x5582becc24f8
        0x5582becc24f8
        0x5582becc24f8
        0x5582becc24f8
        0x5582becc24f8
        0x5582becc24f8
        0x5582becc24f8
        0x5582becc24f8
        0x5582becc24f8
        0x5582becc24f8
        0x5582becc24f8
        0x5582becc24f8
        0x5582becc24f8
        0x5582becc24f8
        0x5582becc24f8
        0x5582becc24f8
        0x5582becc24f8
        0x5582becc24f8
        0x5582becc24f8
        0x5582becc24f8
        0x5582becc24f8
        0x5582becc24f8
        0x5582becc24f8
        0x5582becc24f8
        0x5582becc24f8
        0x5582becc24f8
        0x5582becc24f8
        0x5582becc24f8
        0x5582becc24f8
        0x5582becc24f8
        0x5582becc24f8
        0x5582becc24f8
        0x5582becc24f8
        0x5582becc24f8
        0x5582becc24f8
        0x5582becc24f8
        0x5582becc24f8
        0x5582becc24f8
        0x5582becc24f8
        0x5582becc24f8
        0x5582becc24f8
        0x5582becc24f8
        0x5582becc24f8
        0x5582becc24f8
        0x5582becc24f8
        0x5582becc24f8
        0x5582becc24f8
        0x5582becc24f8
        0x5582becc24f8
        0x5582becc24f8
        0x5582becc24f8
        0x5582becc24f8
        0x5582becc24f8
        0x5582becc24f8
        0x5582becc24f8
        0x5582becc24f8
        0x5582becc24f8
        0x5582becc24f8
        0x5582becc24f8
        0x5582becc24f8
        0x5582becc24f8
        0x5582becc24f8
        0x5582becc24f8
        0x5582becc24f8
        0x5582becc24f8
        0x5582becc24f8
        0x5582becc24f8
        0x5582becc24f8
        0x5582becc24f8
        0x5582becc24f8
        0x5582becc24f8
        0x5582becc24f8
        0x5582becc24f8
        0x5582becc24f8
        0x5582becc24f8
        0x5582becc24f8
        0x5582becc24f8
        0x5582becc24f8
        0x5582becc24f8
        0x5582becc24f8
]: 1
@preempt_stack[
        0x7feefb9cb5f7
        0
        0
        0x5582c1b0a600
]: 1
@preempt_stack[
        0x41c8eaf1
        0x41a04bc8
        0x413821e6
        0x4137da64
        0x7feefb846428
        0x7feefb9e578f
        0x5582be808500
]: 1
@preempt_stack[
        0x7feefb9dcfa3
        0x110000
        0x5582c1b9deb8
        0x5582c1b9deb8
        0x5582c1b9deb8
        0x5582c1b9deb8
        0x5582c1b9deb8
        0x5582c1b9deb8
        0x5582c1b9deb8
        0x5582c1b9deb8
        0x5582c1b9deb8
        0x5582c1b9deb8
        0x5582c1b9deb8
        0x5582c1b9deb8
        0x5582c1b9deb8
        0x5582c1b9deb8
        0x5582c1b9deb8
        0x5582c1b9deb8
        0x5582c1b9deb8
        0x5582c1b9deb8
        0x5582c1b9deb8
        0x5582c1b9deb8
        0x5582c1b9deb8
        0x5582c1b9deb8
        0x5582c1b9deb8
        0x5582c1b9deb8
        0x5582c1b9deb8
        0x5582c1b9deb8
        0x5582c1b9deb8
        0x5582c1b9deb8
        0x5582c1b9deb8
        0x5582c1b9deb8
        0x5582c1b9deb8
        0x5582c1b9deb8
        0x5582c1b9deb8
        0x5582c1b9deb8
        0x5582c1b9deb8
        0x5582c1b9deb8
        0x5582c1b9deb8
        0x5582c1b9deb8
        0x5582c1b9deb8
        0x5582c1b9deb8
        0x5582c1b9deb8
        0x5582c1b9deb8
        0x5582c1b9deb8
        0x5582c1b9deb8
        0x5582c1b9deb8
        0x5582c1b9deb8
        0x5582c1b9deb8
        0x5582c1b9deb8
        0x5582c1b9deb8
        0x5582c1b9deb8
        0x5582c1b9deb8
        0x5582c1b9deb8
        0x5582c1b9deb8
        0x5582c1b9deb8
        0x5582c1b9deb8
        0x5582c1b9deb8
        0x5582c1b9deb8
        0x5582c1b9deb8
        0x5582c1b9deb8
        0x5582c1b9deb8
        0x5582c1b9deb8
        0x5582c1b9deb8
        0x5582c1b9deb8
        0x5582c1b9deb8
        0x5582c1b9deb8
        0x5582c1b9deb8
        0x5582c1b9deb8
        0x5582c1b9deb8
        0x5582c1b9deb8
        0x5582c1b9deb8
        0x5582c1b9deb8
        0x5582c1b9deb8
        0x5582c1b9deb8
        0x5582c1b9deb8
        0x5582c1b9deb8
        0x5582c1b9deb8
        0x5582c1b9deb8
        0x5582c1b9deb8
        0x5582c1b9deb8
        0x5582c1b9deb8
        0x5582c1b9deb8
        0x5582c1b9deb8
        0x5582c1b9deb8
        0x5582c1b9deb8
        0x5582c1b9deb8
        0x5582c1b9deb8
        0x5582c1b9deb8
        0x5582c1b9deb8
        0x5582c1b9deb8
        0x5582c1b9deb8
        0x5582c1b9deb8
        0x5582c1b9deb8
        0x5582c1b9deb8
        0x5582c1b9deb8
        0x5582c1b9deb8
        0x5582c1b9deb8
        0x5582c1b9deb8
        0x5582c1b9deb8
        0x5582c1b9deb8
        0x5582c1b9deb8
        0x5582c1b9deb8
        0x5582c1b9deb8
        0x5582c1b9deb8
        0x5582c1b9deb8
        0x5582c1b9deb8
        0x5582c1b9deb8
        0x5582c1b9deb8
        0x5582c1b9deb8
        0x5582c1b9deb8
        0x5582c1b9deb8
        0x5582c1b9deb8
        0x5582c1b9deb8
        0x5582c1b9deb8
        0x5582c1b9deb8
        0x5582c1b9deb8
        0x5582c1b9deb8
        0x5582c1b9deb8
        0x5582c1b9deb8
        0x5582c1b9deb8
        0x5582c1b9deb8
        0x5582c1b9deb8
        0x5582c1b9deb8
        0x5582c1b9deb8
        0x5582c1b9deb8
        0x5582c1b9deb8
]: 1
@preempt_stack[
        0x7fef9d5b2ac0
]: 1
@preempt_stack[
        0x7fef9cb083c7
        0x7fef62891568
        0x7fef9cd25ce0
        0xa1d6058d48fc8949
]: 1
@preempt_stack[
        mono_metadata_type_hash+99
        0x120000
        0x5582bff19270
        0x5582bff19270
        0x5582bff19270
        0x5582bff19270
        0x5582bff19270
        0x5582bff19270
        0x5582bff19270
        0x5582bff19270
        0x5582bff19270
        0x5582bff19270
        0x5582bff19270
        0x5582bff19270
        0x5582bff19270
        0x5582bff19270
        0x5582bff19270
        0x5582bff19270
        0x5582bff19270
        0x5582bff19270
        0x5582bff19270
        0x5582bff19270
        0x5582bff19270
        0x5582bff19270
        0x5582bff19270
        0x5582bff19270
        0x5582bff19270
        0x5582bff19270
        0x5582bff19270
        0x5582bff19270
        0x5582bff19270
        0x5582bff19270
        0x5582bff19270
        0x5582bff19270
        0x5582bff19270
        0x5582bff19270
        0x5582bff19270
        0x5582bff19270
        0x5582bff19270
        0x5582bff19270
        0x5582bff19270
        0x5582bff19270
        0x5582bff19270
        0x5582bff19270
        0x5582bff19270
        0x5582bff19270
        0x5582bff19270
        0x5582bff19270
        0x5582bff19270
        0x5582bff19270
        0x5582bff19270
        0x5582bff19270
        0x5582bff19270
        0x5582bff19270
        0x5582bff19270
        0x5582bff19270
        0x5582bff19270
        0x5582bff19270
        0x5582bff19270
        0x5582bff19270
        0x5582bff19270
        0x5582bff19270
        0x5582bff19270
        0x5582bff19270
        0x5582bff19270
        0x5582bff19270
        0x5582bff19270
        0x5582bff19270
        0x5582bff19270
        0x5582bff19270
        0x5582bff19270
        0x5582bff19270
        0x5582bff19270
        0x5582bff19270
        0x5582bff19270
        0x5582bff19270
        0x5582bff19270
        0x5582bff19270
        0x5582bff19270
        0x5582bff19270
        0x5582bff19270
        0x5582bff19270
        0x5582bff19270
        0x5582bff19270
        0x5582bff19270
        0x5582bff19270
        0x5582bff19270
        0x5582bff19270
        0x5582bff19270
        0x5582bff19270
        0x5582bff19270
        0x5582bff19270
        0x5582bff19270
        0x5582bff19270
        0x5582bff19270
        0x5582bff19270
        0x5582bff19270
        0x5582bff19270
        0x5582bff19270
        0x5582bff19270
        0x5582bff19270
        0x5582bff19270
        0x5582bff19270
        0x5582bff19270
        0x5582bff19270
        0x5582bff19270
        0x5582bff19270
        0x5582bff19270
        0x5582bff19270
        0x5582bff19270
        0x5582bff19270
        0x5582bff19270
        0x5582bff19270
        0x5582bff19270
        0x5582bff19270
        0x5582bff19270
        0x5582bff19270
        0x5582bff19270
        0x5582bff19270
        0x5582bff19270
        0x5582bff19270
        0x5582bff19270
        0x5582bff19270
        0x5582bff19270
        0x5582bff19270
        0x5582bff19270
        0x5582bff19270
]: 1
@preempt_stack[
        0x413bb7c8
]: 1
@preempt_stack[
        mono_g_hash_table_lookup_extended+66
        0x120000
        0x5582c1ccdae0
        0x5582c1ccdae0
        0x5582c1ccdae0
        0x5582c1ccdae0
        0x5582c1ccdae0
        0x5582c1ccdae0
        0x5582c1ccdae0
        0x5582c1ccdae0
        0x5582c1ccdae0
        0x5582c1ccdae0
        0x5582c1ccdae0
        0x5582c1ccdae0
        0x5582c1ccdae0
        0x5582c1ccdae0
        0x5582c1ccdae0
        0x5582c1ccdae0
        0x5582c1ccdae0
        0x5582c1ccdae0
        0x5582c1ccdae0
        0x5582c1ccdae0
        0x5582c1ccdae0
        0x5582c1ccdae0
        0x5582c1ccdae0
        0x5582c1ccdae0
        0x5582c1ccdae0
        0x5582c1ccdae0
        0x5582c1ccdae0
        0x5582c1ccdae0
        0x5582c1ccdae0
        0x5582c1ccdae0
        0x5582c1ccdae0
        0x5582c1ccdae0
        0x5582c1ccdae0
        0x5582c1ccdae0
        0x5582c1ccdae0
        0x5582c1ccdae0
        0x5582c1ccdae0
        0x5582c1ccdae0
        0x5582c1ccdae0
        0x5582c1ccdae0
        0x5582c1ccdae0
        0x5582c1ccdae0
        0x5582c1ccdae0
        0x5582c1ccdae0
        0x5582c1ccdae0
        0x5582c1ccdae0
        0x5582c1ccdae0
        0x5582c1ccdae0
        0x5582c1ccdae0
        0x5582c1ccdae0
        0x5582c1ccdae0
        0x5582c1ccdae0
        0x5582c1ccdae0
        0x5582c1ccdae0
        0x5582c1ccdae0
        0x5582c1ccdae0
        0x5582c1ccdae0
        0x5582c1ccdae0
        0x5582c1ccdae0
        0x5582c1ccdae0
        0x5582c1ccdae0
        0x5582c1ccdae0
        0x5582c1ccdae0
        0x5582c1ccdae0
        0x5582c1ccdae0
        0x5582c1ccdae0
        0x5582c1ccdae0
        0x5582c1ccdae0
        0x5582c1ccdae0
        0x5582c1ccdae0
        0x5582c1ccdae0
        0x5582c1ccdae0
        0x5582c1ccdae0
        0x5582c1ccdae0
        0x5582c1ccdae0
        0x5582c1ccdae0
        0x5582c1ccdae0
        0x5582c1ccdae0
        0x5582c1ccdae0
        0x5582c1ccdae0
        0x5582c1ccdae0
        0x5582c1ccdae0
        0x5582c1ccdae0
        0x5582c1ccdae0
        0x5582c1ccdae0
        0x5582c1ccdae0
        0x5582c1ccdae0
        0x5582c1ccdae0
        0x5582c1ccdae0
        0x5582c1ccdae0
        0x5582c1ccdae0
        0x5582c1ccdae0
        0x5582c1ccdae0
        0x5582c1ccdae0
        0x5582c1ccdae0
        0x5582c1ccdae0
        0x5582c1ccdae0
        0x5582c1ccdae0
        0x5582c1ccdae0
        0x5582c1ccdae0
        0x5582c1ccdae0
        0x5582c1ccdae0
        0x5582c1ccdae0
        0x5582c1ccdae0
        0x5582c1ccdae0
        0x5582c1ccdae0
        0x5582c1ccdae0
        0x5582c1ccdae0
        0x5582c1ccdae0
        0x5582c1ccdae0
        0x5582c1ccdae0
        0x5582c1ccdae0
        0x5582c1ccdae0
        0x5582c1ccdae0
        0x5582c1ccdae0
        0x5582c1ccdae0
        0x5582c1ccdae0
        0x5582c1ccdae0
        0x5582c1ccdae0
        0x5582c1ccdae0
        0x5582c1ccdae0
        0x5582c1ccdae0
        0x5582c1ccdae0
        0x5582c1ccdae0
        0x5582c1ccdae0
]: 1
@preempt_stack[
        0x41143566
        0x41b87864
        0x416f6adf
        0x7feefb846428
        0x7feefb9e578f
        0x5582be808500
]: 1
@preempt_stack[
        0x7feefb9cb78e
        0x130000
        0x2
        0
        0x5582c18fd4d0
]: 1
@preempt_stack[
        0x7feefb9af6f8
        0x20
        0
        0x7fee001c2120
]: 1
@preempt_stack[
        0x7fef9c6bbf8e
]: 1
@preempt_stack[
        0x7fef9d690a2c
        0x7fef6111b508
        0x7fef9d690660
        0x8b48098b48004e3a
]: 1
@preempt_stack[
        0x7fef9d57402a
]: 1
@preempt_stack[
        0x7fed9f0eea12
]: 1
@preempt_stack[
        0x7fef9bbb8889
]: 1
@preempt_stack[
        0x7feefb9e44f9
        0x120000
        0x5582bf6891a8
        0x5582bf6891a8
        0x5582bf6891a8
        0x5582bf6891a8
        0x5582bf6891a8
        0x5582bf6891a8
        0x5582bf6891a8
        0x5582bf6891a8
        0x5582bf6891a8
        0x5582bf6891a8
        0x5582bf6891a8
        0x5582bf6891a8
        0x5582bf6891a8
        0x5582bf6891a8
        0x5582bf6891a8
        0x5582bf6891a8
        0x5582bf6891a8
        0x5582bf6891a8
        0x5582bf6891a8
        0x5582bf6891a8
        0x5582bf6891a8
        0x5582bf6891a8
        0x5582bf6891a8
        0x5582bf6891a8
        0x5582bf6891a8
        0x5582bf6891a8
        0x5582bf6891a8
        0x5582bf6891a8
        0x5582bf6891a8
        0x5582bf6891a8
        0x5582bf6891a8
        0x5582bf6891a8
        0x5582bf6891a8
        0x5582bf6891a8
        0x5582bf6891a8
        0x5582bf6891a8
        0x5582bf6891a8
        0x5582bf6891a8
        0x5582bf6891a8
        0x5582bf6891a8
        0x5582bf6891a8
        0x5582bf6891a8
        0x5582bf6891a8
        0x5582bf6891a8
        0x5582bf6891a8
        0x5582bf6891a8
        0x5582bf6891a8
        0x5582bf6891a8
        0x5582bf6891a8
        0x5582bf6891a8
        0x5582bf6891a8
        0x5582bf6891a8
        0x5582bf6891a8
        0x5582bf6891a8
        0x5582bf6891a8
        0x5582bf6891a8
        0x5582bf6891a8
        0x5582bf6891a8
        0x5582bf6891a8
        0x5582bf6891a8
        0x5582bf6891a8
        0x5582bf6891a8
        0x5582bf6891a8
        0x5582bf6891a8
        0x5582bf6891a8
        0x5582bf6891a8
        0x5582bf6891a8
        0x5582bf6891a8
        0x5582bf6891a8
        0x5582bf6891a8
        0x5582bf6891a8
        0x5582bf6891a8
        0x5582bf6891a8
        0x5582bf6891a8
        0x5582bf6891a8
        0x5582bf6891a8
        0x5582bf6891a8
        0x5582bf6891a8
        0x5582bf6891a8
        0x5582bf6891a8
        0x5582bf6891a8
        0x5582bf6891a8
        0x5582bf6891a8
        0x5582bf6891a8
        0x5582bf6891a8
        0x5582bf6891a8
        0x5582bf6891a8
        0x5582bf6891a8
        0x5582bf6891a8
        0x5582bf6891a8
        0x5582bf6891a8
        0x5582bf6891a8
        0x5582bf6891a8
        0x5582bf6891a8
        0x5582bf6891a8
        0x5582bf6891a8
        0x5582bf6891a8
        0x5582bf6891a8
        0x5582bf6891a8
        0x5582bf6891a8
        0x5582bf6891a8
        0x5582bf6891a8
        0x5582bf6891a8
        0x5582bf6891a8
        0x5582bf6891a8
        0x5582bf6891a8
        0x5582bf6891a8
        0x5582bf6891a8
        0x5582bf6891a8
        0x5582bf6891a8
        0x5582bf6891a8
        0x5582bf6891a8
        0x5582bf6891a8
        0x5582bf6891a8
        0x5582bf6891a8
        0x5582bf6891a8
        0x5582bf6891a8
        0x5582bf6891a8
        0x5582bf6891a8
        0x5582bf6891a8
        0x5582bf6891a8
        0x5582bf6891a8
        0x5582bf6891a8
        0x5582bf6891a8
        0x5582bf6891a8
]: 1
@preempt_stack[
        0x7feefb9dcfa3
        0x120000
        0x5582c12f51d0
        0x5582c12f51d0
        0x5582c12f51d0
        0x5582c12f51d0
        0x5582c12f51d0
        0x5582c12f51d0
        0x5582c12f51d0
        0x5582c12f51d0
        0x5582c12f51d0
        0x5582c12f51d0
        0x5582c12f51d0
        0x5582c12f51d0
        0x5582c12f51d0
        0x5582c12f51d0
        0x5582c12f51d0
        0x5582c12f51d0
        0x5582c12f51d0
        0x5582c12f51d0
        0x5582c12f51d0
        0x5582c12f51d0
        0x5582c12f51d0
        0x5582c12f51d0
        0x5582c12f51d0
        0x5582c12f51d0
        0x5582c12f51d0
        0x5582c12f51d0
        0x5582c12f51d0
        0x5582c12f51d0
        0x5582c12f51d0
        0x5582c12f51d0
        0x5582c12f51d0
        0x5582c12f51d0
        0x5582c12f51d0
        0x5582c12f51d0
        0x5582c12f51d0
        0x5582c12f51d0
        0x5582c12f51d0
        0x5582c12f51d0
        0x5582c12f51d0
        0x5582c12f51d0
        0x5582c12f51d0
        0x5582c12f51d0
        0x5582c12f51d0
        0x5582c12f51d0
        0x5582c12f51d0
        0x5582c12f51d0
        0x5582c12f51d0
        0x5582c12f51d0
        0x5582c12f51d0
        0x5582c12f51d0
        0x5582c12f51d0
        0x5582c12f51d0
        0x5582c12f51d0
        0x5582c12f51d0
        0x5582c12f51d0
        0x5582c12f51d0
        0x5582c12f51d0
        0x5582c12f51d0
        0x5582c12f51d0
        0x5582c12f51d0
        0x5582c12f51d0
        0x5582c12f51d0
        0x5582c12f51d0
        0x5582c12f51d0
        0x5582c12f51d0
        0x5582c12f51d0
        0x5582c12f51d0
        0x5582c12f51d0
        0x5582c12f51d0
        0x5582c12f51d0
        0x5582c12f51d0
        0x5582c12f51d0
        0x5582c12f51d0
        0x5582c12f51d0
        0x5582c12f51d0
        0x5582c12f51d0
        0x5582c12f51d0
        0x5582c12f51d0
        0x5582c12f51d0
        0x5582c12f51d0
        0x5582c12f51d0
        0x5582c12f51d0
        0x5582c12f51d0
        0x5582c12f51d0
        0x5582c12f51d0
        0x5582c12f51d0
        0x5582c12f51d0
        0x5582c12f51d0
        0x5582c12f51d0
        0x5582c12f51d0
        0x5582c12f51d0
        0x5582c12f51d0
        0x5582c12f51d0
        0x5582c12f51d0
        0x5582c12f51d0
        0x5582c12f51d0
        0x5582c12f51d0
        0x5582c12f51d0
        0x5582c12f51d0
        0x5582c12f51d0
        0x5582c12f51d0
        0x5582c12f51d0
        0x5582c12f51d0
        0x5582c12f51d0
        0x5582c12f51d0
        0x5582c12f51d0
        0x5582c12f51d0
        0x5582c12f51d0
        0x5582c12f51d0
        0x5582c12f51d0
        0x5582c12f51d0
        0x5582c12f51d0
        0x5582c12f51d0
        0x5582c12f51d0
        0x5582c12f51d0
        0x5582c12f51d0
        0x5582c12f51d0
        0x5582c12f51d0
        0x5582c12f51d0
        0x5582c12f51d0
        0x5582c12f51d0
        0x5582c12f51d0
        0x5582c12f51d0
        0x5582c12f51d0
        0x5582c12f51d0
]: 1
@preempt_stack[
        0x7fef9c7a8621
]: 1
@preempt_stack[
        0x41c289f2
        0x41c24529
        0x41c1c3f7
        0x413821e6
        0x4137da64
        0x7feefb846428
        0x7feefb9e578f
        0x5582be808500
]: 1
@preempt_stack[
        0x41cda1a9
]: 1
@preempt_stack[
        0x7fef9d5b20e7
        0x1bc37298
]: 1
@preempt_stack[
        0x4112fcc4
        0x413e8368
        0x416ff934
        0x411407a6
        0x7feefb846428
        0x7feefb9e578f
        0x5582be808500
]: 1
@preempt_stack[
        mono_conc_hashtable_lookup+235
        0
]: 1
@preempt_stack[
        0x7feefb9dcfa3
        0x120000
        0x5582bf7477d0
        0x5582bf7477d0
        0x5582bf7477d0
        0x5582bf7477d0
        0x5582bf7477d0
        0x5582bf7477d0
        0x5582bf7477d0
        0x5582bf7477d0
        0x5582bf7477d0
        0x5582bf7477d0
        0x5582bf7477d0
        0x5582bf7477d0
        0x5582bf7477d0
        0x5582bf7477d0
        0x5582bf7477d0
        0x5582bf7477d0
        0x5582bf7477d0
        0x5582bf7477d0
        0x5582bf7477d0
        0x5582bf7477d0
        0x5582bf7477d0
        0x5582bf7477d0
        0x5582bf7477d0
        0x5582bf7477d0
        0x5582bf7477d0
        0x5582bf7477d0
        0x5582bf7477d0
        0x5582bf7477d0
        0x5582bf7477d0
        0x5582bf7477d0
        0x5582bf7477d0
        0x5582bf7477d0
        0x5582bf7477d0
        0x5582bf7477d0
        0x5582bf7477d0
        0x5582bf7477d0
        0x5582bf7477d0
        0x5582bf7477d0
        0x5582bf7477d0
        0x5582bf7477d0
        0x5582bf7477d0
        0x5582bf7477d0
        0x5582bf7477d0
        0x5582bf7477d0
        0x5582bf7477d0
        0x5582bf7477d0
        0x5582bf7477d0
        0x5582bf7477d0
        0x5582bf7477d0
        0x5582bf7477d0
        0x5582bf7477d0
        0x5582bf7477d0
        0x5582bf7477d0
        0x5582bf7477d0
        0x5582bf7477d0
        0x5582bf7477d0
        0x5582bf7477d0
        0x5582bf7477d0
        0x5582bf7477d0
        0x5582bf7477d0
        0x5582bf7477d0
        0x5582bf7477d0
        0x5582bf7477d0
        0x5582bf7477d0
        0x5582bf7477d0
        0x5582bf7477d0
        0x5582bf7477d0
        0x5582bf7477d0
        0x5582bf7477d0
        0x5582bf7477d0
        0x5582bf7477d0
        0x5582bf7477d0
        0x5582bf7477d0
        0x5582bf7477d0
        0x5582bf7477d0
        0x5582bf7477d0
        0x5582bf7477d0
        0x5582bf7477d0
        0x5582bf7477d0
        0x5582bf7477d0
        0x5582bf7477d0
        0x5582bf7477d0
        0x5582bf7477d0
        0x5582bf7477d0
        0x5582bf7477d0
        0x5582bf7477d0
        0x5582bf7477d0
        0x5582bf7477d0
        0x5582bf7477d0
        0x5582bf7477d0
        0x5582bf7477d0
        0x5582bf7477d0
        0x5582bf7477d0
        0x5582bf7477d0
        0x5582bf7477d0
        0x5582bf7477d0
        0x5582bf7477d0
        0x5582bf7477d0
        0x5582bf7477d0
        0x5582bf7477d0
        0x5582bf7477d0
        0x5582bf7477d0
        0x5582bf7477d0
        0x5582bf7477d0
        0x5582bf7477d0
        0x5582bf7477d0
        0x5582bf7477d0
        0x5582bf7477d0
        0x5582bf7477d0
        0x5582bf7477d0
        0x5582bf7477d0
        0x5582bf7477d0
        0x5582bf7477d0
        0x5582bf7477d0
        0x5582bf7477d0
        0x5582bf7477d0
        0x5582bf7477d0
        0x5582bf7477d0
        0x5582bf7477d0
        0x5582bf7477d0
        0x5582bf7477d0
        0x5582bf7477d0
        0x5582bf7477d0
        0x5582bf7477d0
        0x5582bf7477d0
]: 1
@preempt_stack[
        0x7feefb9dcfa3
        0x110000
        0x5582c1a031d8
        0x5582c1a031d8
        0x5582c1a031d8
        0x5582c1a031d8
        0x5582c1a031d8
        0x5582c1a031d8
        0x5582c1a031d8
        0x5582c1a031d8
        0x5582c1a031d8
        0x5582c1a031d8
        0x5582c1a031d8
        0x5582c1a031d8
        0x5582c1a031d8
        0x5582c1a031d8
        0x5582c1a031d8
        0x5582c1a031d8
        0x5582c1a031d8
        0x5582c1a031d8
        0x5582c1a031d8
        0x5582c1a031d8
        0x5582c1a031d8
        0x5582c1a031d8
        0x5582c1a031d8
        0x5582c1a031d8
        0x5582c1a031d8
        0x5582c1a031d8
        0x5582c1a031d8
        0x5582c1a031d8
        0x5582c1a031d8
        0x5582c1a031d8
        0x5582c1a031d8
        0x5582c1a031d8
        0x5582c1a031d8
        0x5582c1a031d8
        0x5582c1a031d8
        0x5582c1a031d8
        0x5582c1a031d8
        0x5582c1a031d8
        0x5582c1a031d8
        0x5582c1a031d8
        0x5582c1a031d8
        0x5582c1a031d8
        0x5582c1a031d8
        0x5582c1a031d8
        0x5582c1a031d8
        0x5582c1a031d8
        0x5582c1a031d8
        0x5582c1a031d8
        0x5582c1a031d8
        0x5582c1a031d8
        0x5582c1a031d8
        0x5582c1a031d8
        0x5582c1a031d8
        0x5582c1a031d8
        0x5582c1a031d8
        0x5582c1a031d8
        0x5582c1a031d8
        0x5582c1a031d8
        0x5582c1a031d8
        0x5582c1a031d8
        0x5582c1a031d8
        0x5582c1a031d8
        0x5582c1a031d8
        0x5582c1a031d8
        0x5582c1a031d8
        0x5582c1a031d8
        0x5582c1a031d8
        0x5582c1a031d8
        0x5582c1a031d8
        0x5582c1a031d8
        0x5582c1a031d8
        0x5582c1a031d8
        0x5582c1a031d8
        0x5582c1a031d8
        0x5582c1a031d8
        0x5582c1a031d8
        0x5582c1a031d8
        0x5582c1a031d8
        0x5582c1a031d8
        0x5582c1a031d8
        0x5582c1a031d8
        0x5582c1a031d8
        0x5582c1a031d8
        0x5582c1a031d8
        0x5582c1a031d8
        0x5582c1a031d8
        0x5582c1a031d8
        0x5582c1a031d8
        0x5582c1a031d8
        0x5582c1a031d8
        0x5582c1a031d8
        0x5582c1a031d8
        0x5582c1a031d8
        0x5582c1a031d8
        0x5582c1a031d8
        0x5582c1a031d8
        0x5582c1a031d8
        0x5582c1a031d8
        0x5582c1a031d8
        0x5582c1a031d8
        0x5582c1a031d8
        0x5582c1a031d8
        0x5582c1a031d8
        0x5582c1a031d8
        0x5582c1a031d8
        0x5582c1a031d8
        0x5582c1a031d8
        0x5582c1a031d8
        0x5582c1a031d8
        0x5582c1a031d8
        0x5582c1a031d8
        0x5582c1a031d8
        0x5582c1a031d8
        0x5582c1a031d8
        0x5582c1a031d8
        0x5582c1a031d8
        0x5582c1a031d8
        0x5582c1a031d8
        0x5582c1a031d8
        0x5582c1a031d8
        0x5582c1a031d8
        0x5582c1a031d8
        0x5582c1a031d8
        0x5582c1a031d8
        0x5582c1a031d8
]: 1
@preempt_stack[
        0x4172c3a4
        0x411407a6
        0x7feefb846428
        0x7feefb9e578f
        0x5582be808500
]: 1
@preempt_stack[
        0x7fef9c9075f4
        0
]: 1
@preempt_stack[
        0x7fef9ccd7de4
        0x9c109c109c409c2
]: 1
@preempt_stack[
        0x41412fb3
        0x413e8368
        0x416ff934
        0x411407a6
        0x7feefb846428
        0x7feefb9e578f
        0x5582be808500
]: 1
@preempt_stack[
        0x7fef9cd554f4
]: 1
@preempt_stack[
        0x7feefba0e141
]: 1
@preempt_stack[
        0x7feefba56dfc
]: 1
@preempt_stack[
        0x7fef9ccd7a33
        0x2f004700240022
]: 1
@preempt_stack[
        0x7fef9d89d300
        0x92
]: 1
@preempt_stack[
        mono_gc_wbarrier_set_field+0
        0x411407a6
        0x7feefb846428
        0x7feefb9e578f
        0x5582be808500
]: 1
@preempt_stack[
        0x7feefb9dcfc6
]: 1
@preempt_stack[
        0x7fef9cd5185d
]: 1
@preempt_stack[
        0x4172ad36
        0x411407a6
        0x7feefb846428
        0x7feefb9e578f
        0x5582be808500
]: 1
@preempt_stack[
        0x41c55218
        0x41c5428c
        0x41c53f68
        0x41c52e38
        0x41c2bbad
        0x41c2b928
        0
        0
        0x5582bf3bc3a8
        0x5582bf3bc3a8
        0x5582bf3bc3a8
        0x5582bf3bc3a8
        0x5582bf3bc3a8
        0x5582bf3bc3a8
        0x5582bf3bc3a8
        0x5582bf3bc3a8
        0x5582bf3bc3a8
        0x5582bf3bc3a8
        0x5582bf3bc3a8
        0x5582bf3bc3a8
        0x5582bf3bc3a8
        0x5582bf3bc3a8
        0x5582bf3bc3a8
        0x5582bf3bc3a8
        0x5582bf3bc3a8
        0x5582bf3bc3a8
        0x5582bf3bc3a8
        0x5582bf3bc3a8
        0x5582bf3bc3a8
        0x5582bf3bc3a8
        0x5582bf3bc3a8
        0x5582bf3bc3a8
        0x5582bf3bc3a8
        0x5582bf3bc3a8
        0x5582bf3bc3a8
        0x5582bf3bc3a8
        0x5582bf3bc3a8
        0x5582bf3bc3a8
        0x5582bf3bc3a8
        0x5582bf3bc3a8
        0x5582bf3bc3a8
        0x5582bf3bc3a8
        0x5582bf3bc3a8
        0x5582bf3bc3a8
        0x5582bf3bc3a8
        0x5582bf3bc3a8
        0x5582bf3bc3a8
        0x5582bf3bc3a8
        0x5582bf3bc3a8
        0x5582bf3bc3a8
        0x5582bf3bc3a8
        0x5582bf3bc3a8
        0x5582bf3bc3a8
        0x5582bf3bc3a8
        0x5582bf3bc3a8
        0x5582bf3bc3a8
        0x5582bf3bc3a8
        0x5582bf3bc3a8
        0x5582bf3bc3a8
        0x5582bf3bc3a8
        0x5582bf3bc3a8
        0x5582bf3bc3a8
        0x5582bf3bc3a8
        0x5582bf3bc3a8
        0x5582bf3bc3a8
        0x5582bf3bc3a8
        0x5582bf3bc3a8
        0x5582bf3bc3a8
        0x5582bf3bc3a8
        0x5582bf3bc3a8
        0x5582bf3bc3a8
        0x5582bf3bc3a8
        0x5582bf3bc3a8
        0x5582bf3bc3a8
        0x5582bf3bc3a8
        0x5582bf3bc3a8
        0x5582bf3bc3a8
        0x5582bf3bc3a8
        0x5582bf3bc3a8
        0x5582bf3bc3a8
        0x5582bf3bc3a8
        0x5582bf3bc3a8
        0x5582bf3bc3a8
        0x5582bf3bc3a8
        0x5582bf3bc3a8
        0x5582bf3bc3a8
        0x5582bf3bc3a8
        0x5582bf3bc3a8
        0x5582bf3bc3a8
        0x5582bf3bc3a8
        0x5582bf3bc3a8
        0x5582bf3bc3a8
        0x5582bf3bc3a8
        0x5582bf3bc3a8
        0x5582bf3bc3a8
        0x5582bf3bc3a8
        0x5582bf3bc3a8
        0x5582bf3bc3a8
        0x5582bf3bc3a8
        0x5582bf3bc3a8
        0x5582bf3bc3a8
        0x5582bf3bc3a8
        0x5582bf3bc3a8
        0x5582bf3bc3a8
        0x5582bf3bc3a8
        0x5582bf3bc3a8
        0x5582bf3bc3a8
        0x5582bf3bc3a8
        0x5582bf3bc3a8
        0x5582bf3bc3a8
        0x5582bf3bc3a8
        0x5582bf3bc3a8
        0x5582bf3bc3a8
        0x5582bf3bc3a8
        0x5582bf3bc3a8
        0x5582bf3bc3a8
        0x5582bf3bc3a8
        0x5582bf3bc3a8
        0x5582bf3bc3a8
        0x5582bf3bc3a8
        0x5582bf3bc3a8
        0x5582bf3bc3a8
        0x5582bf3bc3a8
        0x5582bf3bc3a8
        0x5582bf3bc3a8
        0x5582bf3bc3a8
        0x5582bf3bc3a8
]: 1
@preempt_stack[
        0x7fed9e96f8b6
]: 1
@preempt_stack[
        0x415ff994
        0x41cec2ac
        0x41cff950
        0x41cff8d3
        0x41cd926e
        0x41cd5458
        0x41cd52e0
        0x41ccfb84
        0
        0
        0x5582bf3bc3a8
        0x5582bf3bc3a8
        0x5582bf3bc3a8
        0x5582bf3bc3a8
        0x5582bf3bc3a8
        0x5582bf3bc3a8
        0x5582bf3bc3a8
        0x5582bf3bc3a8
        0x5582bf3bc3a8
        0x5582bf3bc3a8
        0x5582bf3bc3a8
        0x5582bf3bc3a8
        0x5582bf3bc3a8
        0x5582bf3bc3a8
        0x5582bf3bc3a8
        0x5582bf3bc3a8
        0x5582bf3bc3a8
        0x5582bf3bc3a8
        0x5582bf3bc3a8
        0x5582bf3bc3a8
        0x5582bf3bc3a8
        0x5582bf3bc3a8
        0x5582bf3bc3a8
        0x5582bf3bc3a8
        0x5582bf3bc3a8
        0x5582bf3bc3a8
        0x5582bf3bc3a8
        0x5582bf3bc3a8
        0x5582bf3bc3a8
        0x5582bf3bc3a8
        0x5582bf3bc3a8
        0x5582bf3bc3a8
        0x5582bf3bc3a8
        0x5582bf3bc3a8
        0x5582bf3bc3a8
        0x5582bf3bc3a8
        0x5582bf3bc3a8
        0x5582bf3bc3a8
        0x5582bf3bc3a8
        0x5582bf3bc3a8
        0x5582bf3bc3a8
        0x5582bf3bc3a8
        0x5582bf3bc3a8
        0x5582bf3bc3a8
        0x5582bf3bc3a8
        0x5582bf3bc3a8
        0x5582bf3bc3a8
        0x5582bf3bc3a8
        0x5582bf3bc3a8
        0x5582bf3bc3a8
        0x5582bf3bc3a8
        0x5582bf3bc3a8
        0x5582bf3bc3a8
        0x5582bf3bc3a8
        0x5582bf3bc3a8
        0x5582bf3bc3a8
        0x5582bf3bc3a8
        0x5582bf3bc3a8
        0x5582bf3bc3a8
        0x5582bf3bc3a8
        0x5582bf3bc3a8
        0x5582bf3bc3a8
        0x5582bf3bc3a8
        0x5582bf3bc3a8
        0x5582bf3bc3a8
        0x5582bf3bc3a8
        0x5582bf3bc3a8
        0x5582bf3bc3a8
        0x5582bf3bc3a8
        0x5582bf3bc3a8
        0x5582bf3bc3a8
        0x5582bf3bc3a8
        0x5582bf3bc3a8
        0x5582bf3bc3a8
        0x5582bf3bc3a8
        0x5582bf3bc3a8
        0x5582bf3bc3a8
        0x5582bf3bc3a8
        0x5582bf3bc3a8
        0x5582bf3bc3a8
        0x5582bf3bc3a8
        0x5582bf3bc3a8
        0x5582bf3bc3a8
        0x5582bf3bc3a8
        0x5582bf3bc3a8
        0x5582bf3bc3a8
        0x5582bf3bc3a8
        0x5582bf3bc3a8
        0x5582bf3bc3a8
        0x5582bf3bc3a8
        0x5582bf3bc3a8
        0x5582bf3bc3a8
        0x5582bf3bc3a8
        0x5582bf3bc3a8
        0x5582bf3bc3a8
        0x5582bf3bc3a8
        0x5582bf3bc3a8
        0x5582bf3bc3a8
        0x5582bf3bc3a8
        0x5582bf3bc3a8
        0x5582bf3bc3a8
        0x5582bf3bc3a8
        0x5582bf3bc3a8
        0x5582bf3bc3a8
        0x5582bf3bc3a8
        0x5582bf3bc3a8
        0x5582bf3bc3a8
        0x5582bf3bc3a8
        0x5582bf3bc3a8
        0x5582bf3bc3a8
        0x5582bf3bc3a8
        0x5582bf3bc3a8
        0x5582bf3bc3a8
        0x5582bf3bc3a8
        0x5582bf3bc3a8
        0x5582bf3bc3a8
        0x5582bf3bc3a8
]: 1
@preempt_stack[
        0x7feefb9cb5a5
        0x130000
        0
        0
        0x5582c1d08c60
]: 1
@preempt_stack[
        0x7feefb96f58e
        0x120000
        0x5582c1da2668
        0x5582c1da2668
        0x5582c1da2668
        0x5582c1da2668
        0x5582c1da2668
        0x5582c1da2668
        0x5582c1da2668
        0x5582c1da2668
        0x5582c1da2668
        0x5582c1da2668
        0x5582c1da2668
        0x5582c1da2668
        0x5582c1da2668
        0x5582c1da2668
        0x5582c1da2668
        0x5582c1da2668
        0x5582c1da2668
        0x5582c1da2668
        0x5582c1da2668
        0x5582c1da2668
        0x5582c1da2668
        0x5582c1da2668
        0x5582c1da2668
        0x5582c1da2668
        0x5582c1da2668
        0x5582c1da2668
        0x5582c1da2668
        0x5582c1da2668
        0x5582c1da2668
        0x5582c1da2668
        0x5582c1da2668
        0x5582c1da2668
        0x5582c1da2668
        0x5582c1da2668
        0x5582c1da2668
        0x5582c1da2668
        0x5582c1da2668
        0x5582c1da2668
        0x5582c1da2668
        0x5582c1da2668
        0x5582c1da2668
        0x5582c1da2668
        0x5582c1da2668
        0x5582c1da2668
        0x5582c1da2668
        0x5582c1da2668
        0x5582c1da2668
        0x5582c1da2668
        0x5582c1da2668
        0x5582c1da2668
        0x5582c1da2668
        0x5582c1da2668
        0x5582c1da2668
        0x5582c1da2668
        0x5582c1da2668
        0x5582c1da2668
        0x5582c1da2668
        0x5582c1da2668
        0x5582c1da2668
        0x5582c1da2668
        0x5582c1da2668
        0x5582c1da2668
        0x5582c1da2668
        0x5582c1da2668
        0x5582c1da2668
        0x5582c1da2668
        0x5582c1da2668
        0x5582c1da2668
        0x5582c1da2668
        0x5582c1da2668
        0x5582c1da2668
        0x5582c1da2668
        0x5582c1da2668
        0x5582c1da2668
        0x5582c1da2668
        0x5582c1da2668
        0x5582c1da2668
        0x5582c1da2668
        0x5582c1da2668
        0x5582c1da2668
        0x5582c1da2668
        0x5582c1da2668
        0x5582c1da2668
        0x5582c1da2668
        0x5582c1da2668
        0x5582c1da2668
        0x5582c1da2668
        0x5582c1da2668
        0x5582c1da2668
        0x5582c1da2668
        0x5582c1da2668
        0x5582c1da2668
        0x5582c1da2668
        0x5582c1da2668
        0x5582c1da2668
        0x5582c1da2668
        0x5582c1da2668
        0x5582c1da2668
        0x5582c1da2668
        0x5582c1da2668
        0x5582c1da2668
        0x5582c1da2668
        0x5582c1da2668
        0x5582c1da2668
        0x5582c1da2668
        0x5582c1da2668
        0x5582c1da2668
        0x5582c1da2668
        0x5582c1da2668
        0x5582c1da2668
        0x5582c1da2668
        0x5582c1da2668
        0x5582c1da2668
        0x5582c1da2668
        0x5582c1da2668
        0x5582c1da2668
        0x5582c1da2668
        0x5582c1da2668
        0x5582c1da2668
        0x5582c1da2668
        0x5582c1da2668
        0x5582c1da2668
        0x5582c1da2668
        0x5582c1da2668
        0x5582c1da2668
]: 1
@preempt_stack[
        0x41c25959
]: 1
@preempt_stack[
        mono_mempool_alloc0+39
]: 1
@preempt_stack[
        0x7fef9d5b2c57
]: 1
@preempt_stack[
        mono_metadata_type_hash+80
        0x110000
        0x5582c1479850
        0x5582c1479850
        0x5582c1479850
        0x5582c1479850
        0x5582c1479850
        0x5582c1479850
        0x5582c1479850
        0x5582c1479850
        0x5582c1479850
        0x5582c1479850
        0x5582c1479850
        0x5582c1479850
        0x5582c1479850
        0x5582c1479850
        0x5582c1479850
        0x5582c1479850
        0x5582c1479850
        0x5582c1479850
        0x5582c1479850
        0x5582c1479850
        0x5582c1479850
        0x5582c1479850
        0x5582c1479850
        0x5582c1479850
        0x5582c1479850
        0x5582c1479850
        0x5582c1479850
        0x5582c1479850
        0x5582c1479850
        0x5582c1479850
        0x5582c1479850
        0x5582c1479850
        0x5582c1479850
        0x5582c1479850
        0x5582c1479850
        0x5582c1479850
        0x5582c1479850
        0x5582c1479850
        0x5582c1479850
        0x5582c1479850
        0x5582c1479850
        0x5582c1479850
        0x5582c1479850
        0x5582c1479850
        0x5582c1479850
        0x5582c1479850
        0x5582c1479850
        0x5582c1479850
        0x5582c1479850
        0x5582c1479850
        0x5582c1479850
        0x5582c1479850
        0x5582c1479850
        0x5582c1479850
        0x5582c1479850
        0x5582c1479850
        0x5582c1479850
        0x5582c1479850
        0x5582c1479850
        0x5582c1479850
        0x5582c1479850
        0x5582c1479850
        0x5582c1479850
        0x5582c1479850
        0x5582c1479850
        0x5582c1479850
        0x5582c1479850
        0x5582c1479850
        0x5582c1479850
        0x5582c1479850
        0x5582c1479850
        0x5582c1479850
        0x5582c1479850
        0x5582c1479850
        0x5582c1479850
        0x5582c1479850
        0x5582c1479850
        0x5582c1479850
        0x5582c1479850
        0x5582c1479850
        0x5582c1479850
        0x5582c1479850
        0x5582c1479850
        0x5582c1479850
        0x5582c1479850
        0x5582c1479850
        0x5582c1479850
        0x5582c1479850
        0x5582c1479850
        0x5582c1479850
        0x5582c1479850
        0x5582c1479850
        0x5582c1479850
        0x5582c1479850
        0x5582c1479850
        0x5582c1479850
        0x5582c1479850
        0x5582c1479850
        0x5582c1479850
        0x5582c1479850
        0x5582c1479850
        0x5582c1479850
        0x5582c1479850
        0x5582c1479850
        0x5582c1479850
        0x5582c1479850
        0x5582c1479850
        0x5582c1479850
        0x5582c1479850
        0x5582c1479850
        0x5582c1479850
        0x5582c1479850
        0x5582c1479850
        0x5582c1479850
        0x5582c1479850
        0x5582c1479850
        0x5582c1479850
        0x5582c1479850
        0x5582c1479850
        0x5582c1479850
        0x5582c1479850
        0x5582c1479850
        0x5582c1479850
        0x5582c1479850
        0x5582c1479850
]: 1
@preempt_stack[
        0x7fef9cb07a4b
]: 1
@preempt_stack[
        0x4112ff18
        0x413e8368
        0x416ff934
        0x411407a6
        0x7feefb846428
        0x7feefb9e578f
        0x5582be808500
]: 1
@preempt_stack[
        0x7fef9c6d568b
        0
]: 1
@preempt_stack[
        0x7feefb9cb612
        0x1
        0
        0x5582c0dbd750
]: 1
@preempt_stack[
        0x41c560dc
        0x41c2b928
        0
        0
        0x5582bf3bc3a8
        0x5582bf3bc3a8
        0x5582bf3bc3a8
        0x5582bf3bc3a8
        0x5582bf3bc3a8
        0x5582bf3bc3a8
        0x5582bf3bc3a8
        0x5582bf3bc3a8
        0x5582bf3bc3a8
        0x5582bf3bc3a8
        0x5582bf3bc3a8
        0x5582bf3bc3a8
        0x5582bf3bc3a8
        0x5582bf3bc3a8
        0x5582bf3bc3a8
        0x5582bf3bc3a8
        0x5582bf3bc3a8
        0x5582bf3bc3a8
        0x5582bf3bc3a8
        0x5582bf3bc3a8
        0x5582bf3bc3a8
        0x5582bf3bc3a8
        0x5582bf3bc3a8
        0x5582bf3bc3a8
        0x5582bf3bc3a8
        0x5582bf3bc3a8
        0x5582bf3bc3a8
        0x5582bf3bc3a8
        0x5582bf3bc3a8
        0x5582bf3bc3a8
        0x5582bf3bc3a8
        0x5582bf3bc3a8
        0x5582bf3bc3a8
        0x5582bf3bc3a8
        0x5582bf3bc3a8
        0x5582bf3bc3a8
        0x5582bf3bc3a8
        0x5582bf3bc3a8
        0x5582bf3bc3a8
        0x5582bf3bc3a8
        0x5582bf3bc3a8
        0x5582bf3bc3a8
        0x5582bf3bc3a8
        0x5582bf3bc3a8
        0x5582bf3bc3a8
        0x5582bf3bc3a8
        0x5582bf3bc3a8
        0x5582bf3bc3a8
        0x5582bf3bc3a8
        0x5582bf3bc3a8
        0x5582bf3bc3a8
        0x5582bf3bc3a8
        0x5582bf3bc3a8
        0x5582bf3bc3a8
        0x5582bf3bc3a8
        0x5582bf3bc3a8
        0x5582bf3bc3a8
        0x5582bf3bc3a8
        0x5582bf3bc3a8
        0x5582bf3bc3a8
        0x5582bf3bc3a8
        0x5582bf3bc3a8
        0x5582bf3bc3a8
        0x5582bf3bc3a8
        0x5582bf3bc3a8
        0x5582bf3bc3a8
        0x5582bf3bc3a8
        0x5582bf3bc3a8
        0x5582bf3bc3a8
        0x5582bf3bc3a8
        0x5582bf3bc3a8
        0x5582bf3bc3a8
        0x5582bf3bc3a8
        0x5582bf3bc3a8
        0x5582bf3bc3a8
        0x5582bf3bc3a8
        0x5582bf3bc3a8
        0x5582bf3bc3a8
        0x5582bf3bc3a8
        0x5582bf3bc3a8
        0x5582bf3bc3a8
        0x5582bf3bc3a8
        0x5582bf3bc3a8
        0x5582bf3bc3a8
        0x5582bf3bc3a8
        0x5582bf3bc3a8
        0x5582bf3bc3a8
        0x5582bf3bc3a8
        0x5582bf3bc3a8
        0x5582bf3bc3a8
        0x5582bf3bc3a8
        0x5582bf3bc3a8
        0x5582bf3bc3a8
        0x5582bf3bc3a8
        0x5582bf3bc3a8
        0x5582bf3bc3a8
        0x5582bf3bc3a8
        0x5582bf3bc3a8
        0x5582bf3bc3a8
        0x5582bf3bc3a8
        0x5582bf3bc3a8
        0x5582bf3bc3a8
        0x5582bf3bc3a8
        0x5582bf3bc3a8
        0x5582bf3bc3a8
        0x5582bf3bc3a8
        0x5582bf3bc3a8
        0x5582bf3bc3a8
        0x5582bf3bc3a8
        0x5582bf3bc3a8
        0x5582bf3bc3a8
        0x5582bf3bc3a8
        0x5582bf3bc3a8
        0x5582bf3bc3a8
        0x5582bf3bc3a8
        0x5582bf3bc3a8
        0x5582bf3bc3a8
        0x5582bf3bc3a8
        0x5582bf3bc3a8
        0x5582bf3bc3a8
        0x5582bf3bc3a8
        0x5582bf3bc3a8
        0x5582bf3bc3a8
]: 1
@preempt_stack[
        0x41c25972
]: 1
@preempt_stack[
        0x7fef9ccd30f7
        0x50f050605040501
]: 1
@preempt_stack[
        0x41711c9b
        0x41711a58
        0x7feed0269fc3
        0x7feed026a19b
        0x7fef90004ef3
        0x7feed007fd4b
        0x7feed0095573
        0x7fef9000395b
        0x7feed0081abb
        0x411407a6
        0x7feefb846428
        0x7feefb9e578f
        0x5582be808500
]: 1
@preempt_stack[
        0x41b86f60
        0x41b87864
        0x416f6adf
        0x7feefb846428
        0x7feefb9e578f
        0x5582be808500
]: 1
@preempt_stack[
        0x7feefb89007f
        0x7fee001734d0
        0xffffffff0000001f
]: 1
@preempt_stack[
        0x7feefb9cb76a
        0x130000
        0
        0
        0x5582bffd6d00
]: 1
@preempt_stack[
        mono_metadata_type_hash+80
        0x120000
        0x5582bf57d068
        0x5582bf57d068
        0x5582bf57d068
        0x5582bf57d068
        0x5582bf57d068
        0x5582bf57d068
        0x5582bf57d068
        0x5582bf57d068
        0x5582bf57d068
        0x5582bf57d068
        0x5582bf57d068
        0x5582bf57d068
        0x5582bf57d068
        0x5582bf57d068
        0x5582bf57d068
        0x5582bf57d068
        0x5582bf57d068
        0x5582bf57d068
        0x5582bf57d068
        0x5582bf57d068
        0x5582bf57d068
        0x5582bf57d068
        0x5582bf57d068
        0x5582bf57d068
        0x5582bf57d068
        0x5582bf57d068
        0x5582bf57d068
        0x5582bf57d068
        0x5582bf57d068
        0x5582bf57d068
        0x5582bf57d068
        0x5582bf57d068
        0x5582bf57d068
        0x5582bf57d068
        0x5582bf57d068
        0x5582bf57d068
        0x5582bf57d068
        0x5582bf57d068
        0x5582bf57d068
        0x5582bf57d068
        0x5582bf57d068
        0x5582bf57d068
        0x5582bf57d068
        0x5582bf57d068
        0x5582bf57d068
        0x5582bf57d068
        0x5582bf57d068
        0x5582bf57d068
        0x5582bf57d068
        0x5582bf57d068
        0x5582bf57d068
        0x5582bf57d068
        0x5582bf57d068
        0x5582bf57d068
        0x5582bf57d068
        0x5582bf57d068
        0x5582bf57d068
        0x5582bf57d068
        0x5582bf57d068
        0x5582bf57d068
        0x5582bf57d068
        0x5582bf57d068
        0x5582bf57d068
        0x5582bf57d068
        0x5582bf57d068
        0x5582bf57d068
        0x5582bf57d068
        0x5582bf57d068
        0x5582bf57d068
        0x5582bf57d068
        0x5582bf57d068
        0x5582bf57d068
        0x5582bf57d068
        0x5582bf57d068
        0x5582bf57d068
        0x5582bf57d068
        0x5582bf57d068
        0x5582bf57d068
        0x5582bf57d068
        0x5582bf57d068
        0x5582bf57d068
        0x5582bf57d068
        0x5582bf57d068
        0x5582bf57d068
        0x5582bf57d068
        0x5582bf57d068
        0x5582bf57d068
        0x5582bf57d068
        0x5582bf57d068
        0x5582bf57d068
        0x5582bf57d068
        0x5582bf57d068
        0x5582bf57d068
        0x5582bf57d068
        0x5582bf57d068
        0x5582bf57d068
        0x5582bf57d068
        0x5582bf57d068
        0x5582bf57d068
        0x5582bf57d068
        0x5582bf57d068
        0x5582bf57d068
        0x5582bf57d068
        0x5582bf57d068
        0x5582bf57d068
        0x5582bf57d068
        0x5582bf57d068
        0x5582bf57d068
        0x5582bf57d068
        0x5582bf57d068
        0x5582bf57d068
        0x5582bf57d068
        0x5582bf57d068
        0x5582bf57d068
        0x5582bf57d068
        0x5582bf57d068
        0x5582bf57d068
        0x5582bf57d068
        0x5582bf57d068
        0x5582bf57d068
        0x5582bf57d068
        0x5582bf57d068
        0x5582bf57d068
        0x5582bf57d068
        0x5582bf57d068
]: 1
@preempt_stack[
        mono_g_hash_table_lookup_extended+66
        0x120000
        0x5582c201e2a0
        0x5582c201e2a0
        0x5582c201e2a0
        0x5582c201e2a0
        0x5582c201e2a0
        0x5582c201e2a0
        0x5582c201e2a0
        0x5582c201e2a0
        0x5582c201e2a0
        0x5582c201e2a0
        0x5582c201e2a0
        0x5582c201e2a0
        0x5582c201e2a0
        0x5582c201e2a0
        0x5582c201e2a0
        0x5582c201e2a0
        0x5582c201e2a0
        0x5582c201e2a0
        0x5582c201e2a0
        0x5582c201e2a0
        0x5582c201e2a0
        0x5582c201e2a0
        0x5582c201e2a0
        0x5582c201e2a0
        0x5582c201e2a0
        0x5582c201e2a0
        0x5582c201e2a0
        0x5582c201e2a0
        0x5582c201e2a0
        0x5582c201e2a0
        0x5582c201e2a0
        0x5582c201e2a0
        0x5582c201e2a0
        0x5582c201e2a0
        0x5582c201e2a0
        0x5582c201e2a0
        0x5582c201e2a0
        0x5582c201e2a0
        0x5582c201e2a0
        0x5582c201e2a0
        0x5582c201e2a0
        0x5582c201e2a0
        0x5582c201e2a0
        0x5582c201e2a0
        0x5582c201e2a0
        0x5582c201e2a0
        0x5582c201e2a0
        0x5582c201e2a0
        0x5582c201e2a0
        0x5582c201e2a0
        0x5582c201e2a0
        0x5582c201e2a0
        0x5582c201e2a0
        0x5582c201e2a0
        0x5582c201e2a0
        0x5582c201e2a0
        0x5582c201e2a0
        0x5582c201e2a0
        0x5582c201e2a0
        0x5582c201e2a0
        0x5582c201e2a0
        0x5582c201e2a0
        0x5582c201e2a0
        0x5582c201e2a0
        0x5582c201e2a0
        0x5582c201e2a0
        0x5582c201e2a0
        0x5582c201e2a0
        0x5582c201e2a0
        0x5582c201e2a0
        0x5582c201e2a0
        0x5582c201e2a0
        0x5582c201e2a0
        0x5582c201e2a0
        0x5582c201e2a0
        0x5582c201e2a0
        0x5582c201e2a0
        0x5582c201e2a0
        0x5582c201e2a0
        0x5582c201e2a0
        0x5582c201e2a0
        0x5582c201e2a0
        0x5582c201e2a0
        0x5582c201e2a0
        0x5582c201e2a0
        0x5582c201e2a0
        0x5582c201e2a0
        0x5582c201e2a0
        0x5582c201e2a0
        0x5582c201e2a0
        0x5582c201e2a0
        0x5582c201e2a0
        0x5582c201e2a0
        0x5582c201e2a0
        0x5582c201e2a0
        0x5582c201e2a0
        0x5582c201e2a0
        0x5582c201e2a0
        0x5582c201e2a0
        0x5582c201e2a0
        0x5582c201e2a0
        0x5582c201e2a0
        0x5582c201e2a0
        0x5582c201e2a0
        0x5582c201e2a0
        0x5582c201e2a0
        0x5582c201e2a0
        0x5582c201e2a0
        0x5582c201e2a0
        0x5582c201e2a0
        0x5582c201e2a0
        0x5582c201e2a0
        0x5582c201e2a0
        0x5582c201e2a0
        0x5582c201e2a0
        0x5582c201e2a0
        0x5582c201e2a0
        0x5582c201e2a0
        0x5582c201e2a0
        0x5582c201e2a0
        0x5582c201e2a0
        0x5582c201e2a0
        0x5582c201e2a0
        0x5582c201e2a0
        0x5582c201e2a0
]: 1
@preempt_stack[
        0x7fef9c6bb2ee
]: 1
@preempt_stack[
        0x415b9ca1
        0x413e8368
        0x416ff934
        0x411407a6
        0x7feefb846428
        0x7feefb9e578f
        0x5582be808500
]: 1
@preempt_stack[
        0x7fef9c6caeed
        0
]: 1
@preempt_stack[
        0x7feefb997fb1
]: 1
@preempt_stack[
        0x413e847c
        0x413e8368
        0x416ff934
        0x411407a6
        0x7feefb846428
        0x7feefb9e578f
        0x5582be808500
]: 1
@preempt_stack[
        0x7fef9d32ad76
]: 1
@preempt_stack[
        0x7fef9bbb818e
        0x7fef9c010000
        0x7fef61fbeeb0
        0x58
]: 1
@preempt_stack[
        0x7fef9c907678
        0x7fef60688b40
]: 1
@preempt_stack[
        __pthread_getspecific+54
        0xd8000880402c0000
]: 1
@preempt_stack[
        0x413bbba2
]: 1
@preempt_stack[
        0x7feefba0de59
]: 1
@preempt_stack[
        0x41115df8
        0x413e8368
        0x416ff934
        0x411407a6
        0x7feefb846428
        0x7feefb9e578f
        0x5582be808500
]: 1
@preempt_stack[
        0x7feefb9abb14
        0
        0
        0x5582be7ce5d8
        0x5582be7ce5d8
        0x5582be7ce5d8
        0x5582be7ce5d8
        0x5582be7ce5d8
        0x5582be7ce5d8
        0x5582be7ce5d8
        0x5582be7ce5d8
        0x5582be7ce5d8
        0x5582be7ce5d8
        0x5582be7ce5d8
        0x5582be7ce5d8
        0x5582be7ce5d8
        0x5582be7ce5d8
        0x5582be7ce5d8
        0x5582be7ce5d8
        0x5582be7ce5d8
        0x5582be7ce5d8
        0x5582be7ce5d8
        0x5582be7ce5d8
        0x5582be7ce5d8
        0x5582be7ce5d8
        0x5582be7ce5d8
        0x5582be7ce5d8
        0x5582be7ce5d8
        0x5582be7ce5d8
        0x5582be7ce5d8
        0x5582be7ce5d8
        0x5582be7ce5d8
        0x5582be7ce5d8
        0x5582be7ce5d8
        0x5582be7ce5d8
        0x5582be7ce5d8
        0x5582be7ce5d8
        0x5582be7ce5d8
        0x5582be7ce5d8
        0x5582be7ce5d8
        0x5582be7ce5d8
        0x5582be7ce5d8
        0x5582be7ce5d8
        0x5582be7ce5d8
        0x5582be7ce5d8
        0x5582be7ce5d8
        0x5582be7ce5d8
        0x5582be7ce5d8
        0x5582be7ce5d8
        0x5582be7ce5d8
        0x5582be7ce5d8
        0x5582be7ce5d8
        0x5582be7ce5d8
        0x5582be7ce5d8
        0x5582be7ce5d8
        0x5582be7ce5d8
        0x5582be7ce5d8
        0x5582be7ce5d8
        0x5582be7ce5d8
        0x5582be7ce5d8
        0x5582be7ce5d8
        0x5582be7ce5d8
        0x5582be7ce5d8
        0x5582be7ce5d8
        0x5582be7ce5d8
        0x5582be7ce5d8
        0x5582be7ce5d8
        0x5582be7ce5d8
        0x5582be7ce5d8
        0x5582be7ce5d8
        0x5582be7ce5d8
        0x5582be7ce5d8
        0x5582be7ce5d8
        0x5582be7ce5d8
        0x5582be7ce5d8
        0x5582be7ce5d8
        0x5582be7ce5d8
        0x5582be7ce5d8
        0x5582be7ce5d8
        0x5582be7ce5d8
        0x5582be7ce5d8
        0x5582be7ce5d8
        0x5582be7ce5d8
        0x5582be7ce5d8
        0x5582be7ce5d8
        0x5582be7ce5d8
        0x5582be7ce5d8
        0x5582be7ce5d8
        0x5582be7ce5d8
        0x5582be7ce5d8
        0x5582be7ce5d8
        0x5582be7ce5d8
        0x5582be7ce5d8
        0x5582be7ce5d8
        0x5582be7ce5d8
        0x5582be7ce5d8
        0x5582be7ce5d8
        0x5582be7ce5d8
        0x5582be7ce5d8
        0x5582be7ce5d8
        0x5582be7ce5d8
        0x5582be7ce5d8
        0x5582be7ce5d8
        0x5582be7ce5d8
        0x5582be7ce5d8
        0x5582be7ce5d8
        0x5582be7ce5d8
        0x5582be7ce5d8
        0x5582be7ce5d8
        0x5582be7ce5d8
        0x5582be7ce5d8
        0x5582be7ce5d8
        0x5582be7ce5d8
        0x5582be7ce5d8
        0x5582be7ce5d8
        0x5582be7ce5d8
        0x5582be7ce5d8
        0x5582be7ce5d8
        0x5582be7ce5d8
        0x5582be7ce5d8
        0x5582be7ce5d8
        0x5582be7ce5d8
        0x5582be7ce5d8
        0x5582be7ce5d8
        0x5582be7ce5d8
        0x5582be7ce5d8
        0x5582be7ce5d8
]: 1
@preempt_stack[
        0x7fef9d85e661
        0x7fef60c608d0
]: 1
@preempt_stack[
        0x41aba9c8
        0x7feed009535b
        0x7fef9000395b
        0x7feed0081abb
        0x411407a6
        0x7feefb846428
        0x7feefb9e578f
        0x5582be808500
]: 1
@preempt_stack[
        0x7feefb9cb665
        0x120000
        0x5582c049da60
        0x5582c049da60
        0x5582c049da60
        0x5582c049da60
        0x5582c049da60
        0x5582c049da60
        0x5582c049da60
        0x5582c049da60
        0x5582c049da60
        0x5582c049da60
        0x5582c049da60
        0x5582c049da60
        0x5582c049da60
        0x5582c049da60
        0x5582c049da60
        0x5582c049da60
        0x5582c049da60
        0x5582c049da60
        0x5582c049da60
        0x5582c049da60
        0x5582c049da60
        0x5582c049da60
        0x5582c049da60
        0x5582c049da60
        0x5582c049da60
        0x5582c049da60
        0x5582c049da60
        0x5582c049da60
        0x5582c049da60
        0x5582c049da60
        0x5582c049da60
        0x5582c049da60
        0x5582c049da60
        0x5582c049da60
        0x5582c049da60
        0x5582c049da60
        0x5582c049da60
        0x5582c049da60
        0x5582c049da60
        0x5582c049da60
        0x5582c049da60
        0x5582c049da60
        0x5582c049da60
        0x5582c049da60
        0x5582c049da60
        0x5582c049da60
        0x5582c049da60
        0x5582c049da60
        0x5582c049da60
        0x5582c049da60
        0x5582c049da60
        0x5582c049da60
        0x5582c049da60
        0x5582c049da60
        0x5582c049da60
        0x5582c049da60
        0x5582c049da60
        0x5582c049da60
        0x5582c049da60
        0x5582c049da60
        0x5582c049da60
        0x5582c049da60
        0x5582c049da60
        0x5582c049da60
        0x5582c049da60
        0x5582c049da60
        0x5582c049da60
        0x5582c049da60
        0x5582c049da60
        0x5582c049da60
        0x5582c049da60
        0x5582c049da60
        0x5582c049da60
        0x5582c049da60
        0x5582c049da60
        0x5582c049da60
        0x5582c049da60
        0x5582c049da60
        0x5582c049da60
        0x5582c049da60
        0x5582c049da60
        0x5582c049da60
        0x5582c049da60
        0x5582c049da60
        0x5582c049da60
        0x5582c049da60
        0x5582c049da60
        0x5582c049da60
        0x5582c049da60
        0x5582c049da60
        0x5582c049da60
        0x5582c049da60
        0x5582c049da60
        0x5582c049da60
        0x5582c049da60
        0x5582c049da60
        0x5582c049da60
        0x5582c049da60
        0x5582c049da60
        0x5582c049da60
        0x5582c049da60
        0x5582c049da60
        0x5582c049da60
        0x5582c049da60
        0x5582c049da60
        0x5582c049da60
        0x5582c049da60
        0x5582c049da60
        0x5582c049da60
        0x5582c049da60
        0x5582c049da60
        0x5582c049da60
        0x5582c049da60
        0x5582c049da60
        0x5582c049da60
        0x5582c049da60
        0x5582c049da60
        0x5582c049da60
        0x5582c049da60
        0x5582c049da60
        0x5582c049da60
        0x5582c049da60
        0x5582c049da60
        0x5582c049da60
        0x5582c049da60
]: 1
@preempt_stack[
        0x7fef9de72c01
        __clock_gettime+29
]: 1
@preempt_stack[
        0x7fef9d68ff24
        0x7fef60cf5330
        0x7fef60cde3a0
        0x7fef60cdd9c8
        0x7fef60cf5330
        0x7fef60cde3a0
        0x7fef60cdd9c8
        0x7fef60cf5330
        0x7fef60cde3a0
        0x7fef60cdd9c8
        0x7fef60cf5330
        0x7fef60cde3a0
        0x7fef60cdd9c8
        0x7fef60cf5330
        0x7fef60cde3a0
        0x7fef60cdd9c8
        0x7fef60cf5330
        0x7fef60cde3a0
        0x7fef60cdd9c8
        0x7fef60cf5330
        0x7fef60cde3a0
        0x7fef60cdd9c8
        0x7fef60cf5330
        0x7fef60cde3a0
        0x7fef60cdd9c8
        0x7fef60cf5330
        0x7fef60cde3a0
        0x7fef60cdd9c8
        0x7fef60cf5330
        0x7fef60cde3a0
        0x7fef60cdd9c8
        0x7fef60cf5330
        0x7fef60cde3a0
        0x7fef60cdd9c8
        0x7fef60cf5330
        0x7fef60cde3a0
        0x7fef60cdd9c8
        0x7fef60cf5330
        0x7fef60cde3a0
        0x7fef60cdd9c8
        0x7fef60cf5330
        0x7fef60cde3a0
        0x7fef60cdd9c8
        0x7fef60cf5330
        0x7fef60cde3a0
        0x7fef60cdd9c8
        0x7fef60cf5330
        0x7fef60cde3a0
        0x7fef60cdd9c8
        0x7fef60cf5330
        0x7fef60cde3a0
        0x7fef60cdd9c8
        0x7fef60cf5330
        0x7fef60cde3a0
        0x7fef60cdd9c8
        0x7fef60cf5330
        0x7fef60cde3a0
        0x7fef60cdd9c8
        0x7fef60cf5330
        0x7fef60cde3a0
        0x7fef60cdd9c8
        0x7fef60cf5330
        0x7fef60cde3a0
        0x7fef60cdd9c8
        0x7fef60cf5330
        0x7fef60cde3a0
        0x7fef60cdd9c8
        0x7fef60cf5330
        0x7fef60cde3a0
        0x7fef60cdd9c8
        0x7fef60cf5330
        0x7fef60cde3a0
        0x7fef60cdd9c8
        0x7fef60cf5330
        0x7fef60cde3a0
        0x7fef60cdd9c8
        0x7fef60cf5330
        0x7fef60cde3a0
        0x7fef60cdd9c8
        0x7fef60cf5330
        0x7fef60cde3a0
        0x7fef60cdd9c8
        0x7fef60cf5330
        0x7fef60cde3a0
        0x7fef60cdd9c8
        0x7fef60cf5330
        0x7fef60cde3a0
        0x7fef60cdd9c8
        0x7fef60cf5330
        0x7fef60cde3a0
        0x7fef60cdd9c8
        0x7fef60cf5330
        0x7fef60cde3a0
        0x7fef60cdd9c8
        0x7fef60cf5330
        0x7fef60cde3a0
        0x7fef60cdd9c8
        0x7fef60cf5330
        0x7fef60cde3a0
        0x7fef60cdd9c8
        0x7fef60cf5330
        0x7fef60cde3a0
        0x7fef60cdd9c8
        0x7fef60cf5330
        0x7fef60cde3a0
        0x7fef60cdd9c8
        0x7fef60cf5330
        0x7fef60cde3a0
        0x7fef60cdd9c8
        0x7fef60cf5330
        0x7fef60cde3a0
        0x7fef60cdd9c8
        0x7fef60cf5330
        0x7fef60cde3a0
        0x7fef60cdd9c8
        0x7fef60cf5330
        0x7fef60cde3a0
        0x7fef60cdd9c8
        0x7fef60cf5330
        0x7fef60cde3a0
        0x7fef60cdd9c8
        0x7fef60cf5330
        0x7fef60cde3a0
        0x7fef60cdd9c8
        0x7fef60cf5330
        0x7fef60cde3a0
        0x7fef60cdd9c8
]: 1
@preempt_stack[
        0x4112c324
        0x413e8368
        0x416ff934
        0x411407a6
        0x7feefb846428
        0x7feefb9e578f
        0x5582be808500
]: 1
@preempt_stack[
        0x7fef9cd5138c
]: 1
@preempt_stack[
        0x411301ce
        0x41a6a690
        0x41a6a300
        0x413821e6
        0x4137da64
        0x7feefb846428
        0x7feefb9e578f
        0x5582be808500
]: 1
@preempt_stack[
        0x41cbe81d
        0x7fef9000395b
        0x7feed0081abb
        0x411407a6
        0x7feefb846428
        0x7feefb9e578f
        0x5582be808500
]: 1
@preempt_stack[
        0x7feefb9cb75e
        0x130000
        0
        0
        0x5582c1ed1f50
]: 1
@preempt_stack[
        0x7feefb9dcfa3
        0x110000
        0x5582c1f968d0
        0x5582c1f968d0
        0x5582c1f968d0
        0x5582c1f968d0
        0x5582c1f968d0
        0x5582c1f968d0
        0x5582c1f968d0
        0x5582c1f968d0
        0x5582c1f968d0
        0x5582c1f968d0
        0x5582c1f968d0
        0x5582c1f968d0
        0x5582c1f968d0
        0x5582c1f968d0
        0x5582c1f968d0
        0x5582c1f968d0
        0x5582c1f968d0
        0x5582c1f968d0
        0x5582c1f968d0
        0x5582c1f968d0
        0x5582c1f968d0
        0x5582c1f968d0
        0x5582c1f968d0
        0x5582c1f968d0
        0x5582c1f968d0
        0x5582c1f968d0
        0x5582c1f968d0
        0x5582c1f968d0
        0x5582c1f968d0
        0x5582c1f968d0
        0x5582c1f968d0
        0x5582c1f968d0
        0x5582c1f968d0
        0x5582c1f968d0
        0x5582c1f968d0
        0x5582c1f968d0
        0x5582c1f968d0
        0x5582c1f968d0
        0x5582c1f968d0
        0x5582c1f968d0
        0x5582c1f968d0
        0x5582c1f968d0
        0x5582c1f968d0
        0x5582c1f968d0
        0x5582c1f968d0
        0x5582c1f968d0
        0x5582c1f968d0
        0x5582c1f968d0
        0x5582c1f968d0
        0x5582c1f968d0
        0x5582c1f968d0
        0x5582c1f968d0
        0x5582c1f968d0
        0x5582c1f968d0
        0x5582c1f968d0
        0x5582c1f968d0
        0x5582c1f968d0
        0x5582c1f968d0
        0x5582c1f968d0
        0x5582c1f968d0
        0x5582c1f968d0
        0x5582c1f968d0
        0x5582c1f968d0
        0x5582c1f968d0
        0x5582c1f968d0
        0x5582c1f968d0
        0x5582c1f968d0
        0x5582c1f968d0
        0x5582c1f968d0
        0x5582c1f968d0
        0x5582c1f968d0
        0x5582c1f968d0
        0x5582c1f968d0
        0x5582c1f968d0
        0x5582c1f968d0
        0x5582c1f968d0
        0x5582c1f968d0
        0x5582c1f968d0
        0x5582c1f968d0
        0x5582c1f968d0
        0x5582c1f968d0
        0x5582c1f968d0
        0x5582c1f968d0
        0x5582c1f968d0
        0x5582c1f968d0
        0x5582c1f968d0
        0x5582c1f968d0
        0x5582c1f968d0
        0x5582c1f968d0
        0x5582c1f968d0
        0x5582c1f968d0
        0x5582c1f968d0
        0x5582c1f968d0
        0x5582c1f968d0
        0x5582c1f968d0
        0x5582c1f968d0
        0x5582c1f968d0
        0x5582c1f968d0
        0x5582c1f968d0
        0x5582c1f968d0
        0x5582c1f968d0
        0x5582c1f968d0
        0x5582c1f968d0
        0x5582c1f968d0
        0x5582c1f968d0
        0x5582c1f968d0
        0x5582c1f968d0
        0x5582c1f968d0
        0x5582c1f968d0
        0x5582c1f968d0
        0x5582c1f968d0
        0x5582c1f968d0
        0x5582c1f968d0
        0x5582c1f968d0
        0x5582c1f968d0
        0x5582c1f968d0
        0x5582c1f968d0
        0x5582c1f968d0
        0x5582c1f968d0
        0x5582c1f968d0
        0x5582c1f968d0
        0x5582c1f968d0
        0x5582c1f968d0
        0x5582c1f968d0
        0x5582c1f968d0
]: 1
@preempt_stack[
        0x4111b90e
        0x41c252bc
        0x41c24529
        0x41c1c3f7
        0x413821e6
        0x4137da64
        0x7feefb846428
        0x7feefb9e578f
        0x5582be808500
]: 1
@preempt_stack[
        0x41cd7684
        0x41cd5458
        0x41cd52e0
        0x41ccfb84
        0
        0
        0x5582bf3bc3a8
        0x5582bf3bc3a8
        0x5582bf3bc3a8
        0x5582bf3bc3a8
        0x5582bf3bc3a8
        0x5582bf3bc3a8
        0x5582bf3bc3a8
        0x5582bf3bc3a8
        0x5582bf3bc3a8
        0x5582bf3bc3a8
        0x5582bf3bc3a8
        0x5582bf3bc3a8
        0x5582bf3bc3a8
        0x5582bf3bc3a8
        0x5582bf3bc3a8
        0x5582bf3bc3a8
        0x5582bf3bc3a8
        0x5582bf3bc3a8
        0x5582bf3bc3a8
        0x5582bf3bc3a8
        0x5582bf3bc3a8
        0x5582bf3bc3a8
        0x5582bf3bc3a8
        0x5582bf3bc3a8
        0x5582bf3bc3a8
        0x5582bf3bc3a8
        0x5582bf3bc3a8
        0x5582bf3bc3a8
        0x5582bf3bc3a8
        0x5582bf3bc3a8
        0x5582bf3bc3a8
        0x5582bf3bc3a8
        0x5582bf3bc3a8
        0x5582bf3bc3a8
        0x5582bf3bc3a8
        0x5582bf3bc3a8
        0x5582bf3bc3a8
        0x5582bf3bc3a8
        0x5582bf3bc3a8
        0x5582bf3bc3a8
        0x5582bf3bc3a8
        0x5582bf3bc3a8
        0x5582bf3bc3a8
        0x5582bf3bc3a8
        0x5582bf3bc3a8
        0x5582bf3bc3a8
        0x5582bf3bc3a8
        0x5582bf3bc3a8
        0x5582bf3bc3a8
        0x5582bf3bc3a8
        0x5582bf3bc3a8
        0x5582bf3bc3a8
        0x5582bf3bc3a8
        0x5582bf3bc3a8
        0x5582bf3bc3a8
        0x5582bf3bc3a8
        0x5582bf3bc3a8
        0x5582bf3bc3a8
        0x5582bf3bc3a8
        0x5582bf3bc3a8
        0x5582bf3bc3a8
        0x5582bf3bc3a8
        0x5582bf3bc3a8
        0x5582bf3bc3a8
        0x5582bf3bc3a8
        0x5582bf3bc3a8
        0x5582bf3bc3a8
        0x5582bf3bc3a8
        0x5582bf3bc3a8
        0x5582bf3bc3a8
        0x5582bf3bc3a8
        0x5582bf3bc3a8
        0x5582bf3bc3a8
        0x5582bf3bc3a8
        0x5582bf3bc3a8
        0x5582bf3bc3a8
        0x5582bf3bc3a8
        0x5582bf3bc3a8
        0x5582bf3bc3a8
        0x5582bf3bc3a8
        0x5582bf3bc3a8
        0x5582bf3bc3a8
        0x5582bf3bc3a8
        0x5582bf3bc3a8
        0x5582bf3bc3a8
        0x5582bf3bc3a8
        0x5582bf3bc3a8
        0x5582bf3bc3a8
        0x5582bf3bc3a8
        0x5582bf3bc3a8
        0x5582bf3bc3a8
        0x5582bf3bc3a8
        0x5582bf3bc3a8
        0x5582bf3bc3a8
        0x5582bf3bc3a8
        0x5582bf3bc3a8
        0x5582bf3bc3a8
        0x5582bf3bc3a8
        0x5582bf3bc3a8
        0x5582bf3bc3a8
        0x5582bf3bc3a8
        0x5582bf3bc3a8
        0x5582bf3bc3a8
        0x5582bf3bc3a8
        0x5582bf3bc3a8
        0x5582bf3bc3a8
        0x5582bf3bc3a8
        0x5582bf3bc3a8
        0x5582bf3bc3a8
        0x5582bf3bc3a8
        0x5582bf3bc3a8
        0x5582bf3bc3a8
        0x5582bf3bc3a8
        0x5582bf3bc3a8
        0x5582bf3bc3a8
        0x5582bf3bc3a8
        0x5582bf3bc3a8
        0x5582bf3bc3a8
        0x5582bf3bc3a8
        0x5582bf3bc3a8
        0x5582bf3bc3a8
]: 1
@preempt_stack[
        0x7feefb9dcfa3
        0x120000
        0x5582c19aba60
        0x5582c19aba60
        0x5582c19aba60
        0x5582c19aba60
        0x5582c19aba60
        0x5582c19aba60
        0x5582c19aba60
        0x5582c19aba60
        0x5582c19aba60
        0x5582c19aba60
        0x5582c19aba60
        0x5582c19aba60
        0x5582c19aba60
        0x5582c19aba60
        0x5582c19aba60
        0x5582c19aba60
        0x5582c19aba60
        0x5582c19aba60
        0x5582c19aba60
        0x5582c19aba60
        0x5582c19aba60
        0x5582c19aba60
        0x5582c19aba60
        0x5582c19aba60
        0x5582c19aba60
        0x5582c19aba60
        0x5582c19aba60
        0x5582c19aba60
        0x5582c19aba60
        0x5582c19aba60
        0x5582c19aba60
        0x5582c19aba60
        0x5582c19aba60
        0x5582c19aba60
        0x5582c19aba60
        0x5582c19aba60
        0x5582c19aba60
        0x5582c19aba60
        0x5582c19aba60
        0x5582c19aba60
        0x5582c19aba60
        0x5582c19aba60
        0x5582c19aba60
        0x5582c19aba60
        0x5582c19aba60
        0x5582c19aba60
        0x5582c19aba60
        0x5582c19aba60
        0x5582c19aba60
        0x5582c19aba60
        0x5582c19aba60
        0x5582c19aba60
        0x5582c19aba60
        0x5582c19aba60
        0x5582c19aba60
        0x5582c19aba60
        0x5582c19aba60
        0x5582c19aba60
        0x5582c19aba60
        0x5582c19aba60
        0x5582c19aba60
        0x5582c19aba60
        0x5582c19aba60
        0x5582c19aba60
        0x5582c19aba60
        0x5582c19aba60
        0x5582c19aba60
        0x5582c19aba60
        0x5582c19aba60
        0x5582c19aba60
        0x5582c19aba60
        0x5582c19aba60
        0x5582c19aba60
        0x5582c19aba60
        0x5582c19aba60
        0x5582c19aba60
        0x5582c19aba60
        0x5582c19aba60
        0x5582c19aba60
        0x5582c19aba60
        0x5582c19aba60
        0x5582c19aba60
        0x5582c19aba60
        0x5582c19aba60
        0x5582c19aba60
        0x5582c19aba60
        0x5582c19aba60
        0x5582c19aba60
        0x5582c19aba60
        0x5582c19aba60
        0x5582c19aba60
        0x5582c19aba60
        0x5582c19aba60
        0x5582c19aba60
        0x5582c19aba60
        0x5582c19aba60
        0x5582c19aba60
        0x5582c19aba60
        0x5582c19aba60
        0x5582c19aba60
        0x5582c19aba60
        0x5582c19aba60
        0x5582c19aba60
        0x5582c19aba60
        0x5582c19aba60
        0x5582c19aba60
        0x5582c19aba60
        0x5582c19aba60
        0x5582c19aba60
        0x5582c19aba60
        0x5582c19aba60
        0x5582c19aba60
        0x5582c19aba60
        0x5582c19aba60
        0x5582c19aba60
        0x5582c19aba60
        0x5582c19aba60
        0x5582c19aba60
        0x5582c19aba60
        0x5582c19aba60
        0x5582c19aba60
        0x5582c19aba60
        0x5582c19aba60
        0x5582c19aba60
        0x5582c19aba60
]: 1
@preempt_stack[
        0x7fef9ccd7fdc
]: 1
@preempt_stack[
        0x7fef9d5a5982
]: 1
@preempt_stack[
        0x7feefb9dcfa3
        0x120000
        0x5582c0a04938
        0x5582c0a04938
        0x5582c0a04938
        0x5582c0a04938
        0x5582c0a04938
        0x5582c0a04938
        0x5582c0a04938
        0x5582c0a04938
        0x5582c0a04938
        0x5582c0a04938
        0x5582c0a04938
        0x5582c0a04938
        0x5582c0a04938
        0x5582c0a04938
        0x5582c0a04938
        0x5582c0a04938
        0x5582c0a04938
        0x5582c0a04938
        0x5582c0a04938
        0x5582c0a04938
        0x5582c0a04938
        0x5582c0a04938
        0x5582c0a04938
        0x5582c0a04938
        0x5582c0a04938
        0x5582c0a04938
        0x5582c0a04938
        0x5582c0a04938
        0x5582c0a04938
        0x5582c0a04938
        0x5582c0a04938
        0x5582c0a04938
        0x5582c0a04938
        0x5582c0a04938
        0x5582c0a04938
        0x5582c0a04938
        0x5582c0a04938
        0x5582c0a04938
        0x5582c0a04938
        0x5582c0a04938
        0x5582c0a04938
        0x5582c0a04938
        0x5582c0a04938
        0x5582c0a04938
        0x5582c0a04938
        0x5582c0a04938
        0x5582c0a04938
        0x5582c0a04938
        0x5582c0a04938
        0x5582c0a04938
        0x5582c0a04938
        0x5582c0a04938
        0x5582c0a04938
        0x5582c0a04938
        0x5582c0a04938
        0x5582c0a04938
        0x5582c0a04938
        0x5582c0a04938
        0x5582c0a04938
        0x5582c0a04938
        0x5582c0a04938
        0x5582c0a04938
        0x5582c0a04938
        0x5582c0a04938
        0x5582c0a04938
        0x5582c0a04938
        0x5582c0a04938
        0x5582c0a04938
        0x5582c0a04938
        0x5582c0a04938
        0x5582c0a04938
        0x5582c0a04938
        0x5582c0a04938
        0x5582c0a04938
        0x5582c0a04938
        0x5582c0a04938
        0x5582c0a04938
        0x5582c0a04938
        0x5582c0a04938
        0x5582c0a04938
        0x5582c0a04938
        0x5582c0a04938
        0x5582c0a04938
        0x5582c0a04938
        0x5582c0a04938
        0x5582c0a04938
        0x5582c0a04938
        0x5582c0a04938
        0x5582c0a04938
        0x5582c0a04938
        0x5582c0a04938
        0x5582c0a04938
        0x5582c0a04938
        0x5582c0a04938
        0x5582c0a04938
        0x5582c0a04938
        0x5582c0a04938
        0x5582c0a04938
        0x5582c0a04938
        0x5582c0a04938
        0x5582c0a04938
        0x5582c0a04938
        0x5582c0a04938
        0x5582c0a04938
        0x5582c0a04938
        0x5582c0a04938
        0x5582c0a04938
        0x5582c0a04938
        0x5582c0a04938
        0x5582c0a04938
        0x5582c0a04938
        0x5582c0a04938
        0x5582c0a04938
        0x5582c0a04938
        0x5582c0a04938
        0x5582c0a04938
        0x5582c0a04938
        0x5582c0a04938
        0x5582c0a04938
        0x5582c0a04938
        0x5582c0a04938
        0x5582c0a04938
        0x5582c0a04938
        0x5582c0a04938
        0x5582c0a04938
]: 1
@preempt_stack[
        mono_g_hash_table_lookup_extended+66
        0x110000
        0x5582c1f94308
        0x5582c1f94308
        0x5582c1f94308
        0x5582c1f94308
        0x5582c1f94308
        0x5582c1f94308
        0x5582c1f94308
        0x5582c1f94308
        0x5582c1f94308
        0x5582c1f94308
        0x5582c1f94308
        0x5582c1f94308
        0x5582c1f94308
        0x5582c1f94308
        0x5582c1f94308
        0x5582c1f94308
        0x5582c1f94308
        0x5582c1f94308
        0x5582c1f94308
        0x5582c1f94308
        0x5582c1f94308
        0x5582c1f94308
        0x5582c1f94308
        0x5582c1f94308
        0x5582c1f94308
        0x5582c1f94308
        0x5582c1f94308
        0x5582c1f94308
        0x5582c1f94308
        0x5582c1f94308
        0x5582c1f94308
        0x5582c1f94308
        0x5582c1f94308
        0x5582c1f94308
        0x5582c1f94308
        0x5582c1f94308
        0x5582c1f94308
        0x5582c1f94308
        0x5582c1f94308
        0x5582c1f94308
        0x5582c1f94308
        0x5582c1f94308
        0x5582c1f94308
        0x5582c1f94308
        0x5582c1f94308
        0x5582c1f94308
        0x5582c1f94308
        0x5582c1f94308
        0x5582c1f94308
        0x5582c1f94308
        0x5582c1f94308
        0x5582c1f94308
        0x5582c1f94308
        0x5582c1f94308
        0x5582c1f94308
        0x5582c1f94308
        0x5582c1f94308
        0x5582c1f94308
        0x5582c1f94308
        0x5582c1f94308
        0x5582c1f94308
        0x5582c1f94308
        0x5582c1f94308
        0x5582c1f94308
        0x5582c1f94308
        0x5582c1f94308
        0x5582c1f94308
        0x5582c1f94308
        0x5582c1f94308
        0x5582c1f94308
        0x5582c1f94308
        0x5582c1f94308
        0x5582c1f94308
        0x5582c1f94308
        0x5582c1f94308
        0x5582c1f94308
        0x5582c1f94308
        0x5582c1f94308
        0x5582c1f94308
        0x5582c1f94308
        0x5582c1f94308
        0x5582c1f94308
        0x5582c1f94308
        0x5582c1f94308
        0x5582c1f94308
        0x5582c1f94308
        0x5582c1f94308
        0x5582c1f94308
        0x5582c1f94308
        0x5582c1f94308
        0x5582c1f94308
        0x5582c1f94308
        0x5582c1f94308
        0x5582c1f94308
        0x5582c1f94308
        0x5582c1f94308
        0x5582c1f94308
        0x5582c1f94308
        0x5582c1f94308
        0x5582c1f94308
        0x5582c1f94308
        0x5582c1f94308
        0x5582c1f94308
        0x5582c1f94308
        0x5582c1f94308
        0x5582c1f94308
        0x5582c1f94308
        0x5582c1f94308
        0x5582c1f94308
        0x5582c1f94308
        0x5582c1f94308
        0x5582c1f94308
        0x5582c1f94308
        0x5582c1f94308
        0x5582c1f94308
        0x5582c1f94308
        0x5582c1f94308
        0x5582c1f94308
        0x5582c1f94308
        0x5582c1f94308
        0x5582c1f94308
        0x5582c1f94308
        0x5582c1f94308
        0x5582c1f94308
        0x5582c1f94308
]: 1
@preempt_stack[
        0x7feefb9cb8eb
        0x120000
        0x5582c0164e88
        0x5582c0164e88
        0x5582c0164e88
        0x5582c0164e88
        0x5582c0164e88
        0x5582c0164e88
        0x5582c0164e88
        0x5582c0164e88
        0x5582c0164e88
        0x5582c0164e88
        0x5582c0164e88
        0x5582c0164e88
        0x5582c0164e88
        0x5582c0164e88
        0x5582c0164e88
        0x5582c0164e88
        0x5582c0164e88
        0x5582c0164e88
        0x5582c0164e88
        0x5582c0164e88
        0x5582c0164e88
        0x5582c0164e88
        0x5582c0164e88
        0x5582c0164e88
        0x5582c0164e88
        0x5582c0164e88
        0x5582c0164e88
        0x5582c0164e88
        0x5582c0164e88
        0x5582c0164e88
        0x5582c0164e88
        0x5582c0164e88
        0x5582c0164e88
        0x5582c0164e88
        0x5582c0164e88
        0x5582c0164e88
        0x5582c0164e88
        0x5582c0164e88
        0x5582c0164e88
        0x5582c0164e88
        0x5582c0164e88
        0x5582c0164e88
        0x5582c0164e88
        0x5582c0164e88
        0x5582c0164e88
        0x5582c0164e88
        0x5582c0164e88
        0x5582c0164e88
        0x5582c0164e88
        0x5582c0164e88
        0x5582c0164e88
        0x5582c0164e88
        0x5582c0164e88
        0x5582c0164e88
        0x5582c0164e88
        0x5582c0164e88
        0x5582c0164e88
        0x5582c0164e88
        0x5582c0164e88
        0x5582c0164e88
        0x5582c0164e88
        0x5582c0164e88
        0x5582c0164e88
        0x5582c0164e88
        0x5582c0164e88
        0x5582c0164e88
        0x5582c0164e88
        0x5582c0164e88
        0x5582c0164e88
        0x5582c0164e88
        0x5582c0164e88
        0x5582c0164e88
        0x5582c0164e88
        0x5582c0164e88
        0x5582c0164e88
        0x5582c0164e88
        0x5582c0164e88
        0x5582c0164e88
        0x5582c0164e88
        0x5582c0164e88
        0x5582c0164e88
        0x5582c0164e88
        0x5582c0164e88
        0x5582c0164e88
        0x5582c0164e88
        0x5582c0164e88
        0x5582c0164e88
        0x5582c0164e88
        0x5582c0164e88
        0x5582c0164e88
        0x5582c0164e88
        0x5582c0164e88
        0x5582c0164e88
        0x5582c0164e88
        0x5582c0164e88
        0x5582c0164e88
        0x5582c0164e88
        0x5582c0164e88
        0x5582c0164e88
        0x5582c0164e88
        0x5582c0164e88
        0x5582c0164e88
        0x5582c0164e88
        0x5582c0164e88
        0x5582c0164e88
        0x5582c0164e88
        0x5582c0164e88
        0x5582c0164e88
        0x5582c0164e88
        0x5582c0164e88
        0x5582c0164e88
        0x5582c0164e88
        0x5582c0164e88
        0x5582c0164e88
        0x5582c0164e88
        0x5582c0164e88
        0x5582c0164e88
        0x5582c0164e88
        0x5582c0164e88
        0x5582c0164e88
        0x5582c0164e88
        0x5582c0164e88
        0x5582c0164e88
        0x5582c0164e88
        0x5582c0164e88
]: 1
@preempt_stack[
        0x7fef9d5a5519
]: 1
@preempt_stack[
        0x7feefb9cb5c8
        0x1
        0
        0x5582c1ed18f0
]: 1
@preempt_stack[
        mono_metadata_type_hash+99
        0x120000
        0x5582c1cc8788
        0x5582c1cc8788
        0x5582c1cc8788
        0x5582c1cc8788
        0x5582c1cc8788
        0x5582c1cc8788
        0x5582c1cc8788
        0x5582c1cc8788
        0x5582c1cc8788
        0x5582c1cc8788
        0x5582c1cc8788
        0x5582c1cc8788
        0x5582c1cc8788
        0x5582c1cc8788
        0x5582c1cc8788
        0x5582c1cc8788
        0x5582c1cc8788
        0x5582c1cc8788
        0x5582c1cc8788
        0x5582c1cc8788
        0x5582c1cc8788
        0x5582c1cc8788
        0x5582c1cc8788
        0x5582c1cc8788
        0x5582c1cc8788
        0x5582c1cc8788
        0x5582c1cc8788
        0x5582c1cc8788
        0x5582c1cc8788
        0x5582c1cc8788
        0x5582c1cc8788
        0x5582c1cc8788
        0x5582c1cc8788
        0x5582c1cc8788
        0x5582c1cc8788
        0x5582c1cc8788
        0x5582c1cc8788
        0x5582c1cc8788
        0x5582c1cc8788
        0x5582c1cc8788
        0x5582c1cc8788
        0x5582c1cc8788
        0x5582c1cc8788
        0x5582c1cc8788
        0x5582c1cc8788
        0x5582c1cc8788
        0x5582c1cc8788
        0x5582c1cc8788
        0x5582c1cc8788
        0x5582c1cc8788
        0x5582c1cc8788
        0x5582c1cc8788
        0x5582c1cc8788
        0x5582c1cc8788
        0x5582c1cc8788
        0x5582c1cc8788
        0x5582c1cc8788
        0x5582c1cc8788
        0x5582c1cc8788
        0x5582c1cc8788
        0x5582c1cc8788
        0x5582c1cc8788
        0x5582c1cc8788
        0x5582c1cc8788
        0x5582c1cc8788
        0x5582c1cc8788
        0x5582c1cc8788
        0x5582c1cc8788
        0x5582c1cc8788
        0x5582c1cc8788
        0x5582c1cc8788
        0x5582c1cc8788
        0x5582c1cc8788
        0x5582c1cc8788
        0x5582c1cc8788
        0x5582c1cc8788
        0x5582c1cc8788
        0x5582c1cc8788
        0x5582c1cc8788
        0x5582c1cc8788
        0x5582c1cc8788
        0x5582c1cc8788
        0x5582c1cc8788
        0x5582c1cc8788
        0x5582c1cc8788
        0x5582c1cc8788
        0x5582c1cc8788
        0x5582c1cc8788
        0x5582c1cc8788
        0x5582c1cc8788
        0x5582c1cc8788
        0x5582c1cc8788
        0x5582c1cc8788
        0x5582c1cc8788
        0x5582c1cc8788
        0x5582c1cc8788
        0x5582c1cc8788
        0x5582c1cc8788
        0x5582c1cc8788
        0x5582c1cc8788
        0x5582c1cc8788
        0x5582c1cc8788
        0x5582c1cc8788
        0x5582c1cc8788
        0x5582c1cc8788
        0x5582c1cc8788
        0x5582c1cc8788
        0x5582c1cc8788
        0x5582c1cc8788
        0x5582c1cc8788
        0x5582c1cc8788
        0x5582c1cc8788
        0x5582c1cc8788
        0x5582c1cc8788
        0x5582c1cc8788
        0x5582c1cc8788
        0x5582c1cc8788
        0x5582c1cc8788
        0x5582c1cc8788
        0x5582c1cc8788
        0x5582c1cc8788
        0x5582c1cc8788
        0x5582c1cc8788
        0x5582c1cc8788
        0x5582c1cc8788
]: 1
@preempt_stack[
        0x41629d65
]: 1
@preempt_stack[
        mono_metadata_type_hash+96
        0x120000
        0x5582c1dc39b8
        0x5582c1dc39b8
        0x5582c1dc39b8
        0x5582c1dc39b8
        0x5582c1dc39b8
        0x5582c1dc39b8
        0x5582c1dc39b8
        0x5582c1dc39b8
        0x5582c1dc39b8
        0x5582c1dc39b8
        0x5582c1dc39b8
        0x5582c1dc39b8
        0x5582c1dc39b8
        0x5582c1dc39b8
        0x5582c1dc39b8
        0x5582c1dc39b8
        0x5582c1dc39b8
        0x5582c1dc39b8
        0x5582c1dc39b8
        0x5582c1dc39b8
        0x5582c1dc39b8
        0x5582c1dc39b8
        0x5582c1dc39b8
        0x5582c1dc39b8
        0x5582c1dc39b8
        0x5582c1dc39b8
        0x5582c1dc39b8
        0x5582c1dc39b8
        0x5582c1dc39b8
        0x5582c1dc39b8
        0x5582c1dc39b8
        0x5582c1dc39b8
        0x5582c1dc39b8
        0x5582c1dc39b8
        0x5582c1dc39b8
        0x5582c1dc39b8
        0x5582c1dc39b8
        0x5582c1dc39b8
        0x5582c1dc39b8
        0x5582c1dc39b8
        0x5582c1dc39b8
        0x5582c1dc39b8
        0x5582c1dc39b8
        0x5582c1dc39b8
        0x5582c1dc39b8
        0x5582c1dc39b8
        0x5582c1dc39b8
        0x5582c1dc39b8
        0x5582c1dc39b8
        0x5582c1dc39b8
        0x5582c1dc39b8
        0x5582c1dc39b8
        0x5582c1dc39b8
        0x5582c1dc39b8
        0x5582c1dc39b8
        0x5582c1dc39b8
        0x5582c1dc39b8
        0x5582c1dc39b8
        0x5582c1dc39b8
        0x5582c1dc39b8
        0x5582c1dc39b8
        0x5582c1dc39b8
        0x5582c1dc39b8
        0x5582c1dc39b8
        0x5582c1dc39b8
        0x5582c1dc39b8
        0x5582c1dc39b8
        0x5582c1dc39b8
        0x5582c1dc39b8
        0x5582c1dc39b8
        0x5582c1dc39b8
        0x5582c1dc39b8
        0x5582c1dc39b8
        0x5582c1dc39b8
        0x5582c1dc39b8
        0x5582c1dc39b8
        0x5582c1dc39b8
        0x5582c1dc39b8
        0x5582c1dc39b8
        0x5582c1dc39b8
        0x5582c1dc39b8
        0x5582c1dc39b8
        0x5582c1dc39b8
        0x5582c1dc39b8
        0x5582c1dc39b8
        0x5582c1dc39b8
        0x5582c1dc39b8
        0x5582c1dc39b8
        0x5582c1dc39b8
        0x5582c1dc39b8
        0x5582c1dc39b8
        0x5582c1dc39b8
        0x5582c1dc39b8
        0x5582c1dc39b8
        0x5582c1dc39b8
        0x5582c1dc39b8
        0x5582c1dc39b8
        0x5582c1dc39b8
        0x5582c1dc39b8
        0x5582c1dc39b8
        0x5582c1dc39b8
        0x5582c1dc39b8
        0x5582c1dc39b8
        0x5582c1dc39b8
        0x5582c1dc39b8
        0x5582c1dc39b8
        0x5582c1dc39b8
        0x5582c1dc39b8
        0x5582c1dc39b8
        0x5582c1dc39b8
        0x5582c1dc39b8
        0x5582c1dc39b8
        0x5582c1dc39b8
        0x5582c1dc39b8
        0x5582c1dc39b8
        0x5582c1dc39b8
        0x5582c1dc39b8
        0x5582c1dc39b8
        0x5582c1dc39b8
        0x5582c1dc39b8
        0x5582c1dc39b8
        0x5582c1dc39b8
        0x5582c1dc39b8
        0x5582c1dc39b8
        0x5582c1dc39b8
]: 1
@preempt_stack[
        mono_metadata_type_hash+80
        0x120000
        0x5582bf9846b0
        0x5582bf9846b0
        0x5582bf9846b0
        0x5582bf9846b0
        0x5582bf9846b0
        0x5582bf9846b0
        0x5582bf9846b0
        0x5582bf9846b0
        0x5582bf9846b0
        0x5582bf9846b0
        0x5582bf9846b0
        0x5582bf9846b0
        0x5582bf9846b0
        0x5582bf9846b0
        0x5582bf9846b0
        0x5582bf9846b0
        0x5582bf9846b0
        0x5582bf9846b0
        0x5582bf9846b0
        0x5582bf9846b0
        0x5582bf9846b0
        0x5582bf9846b0
        0x5582bf9846b0
        0x5582bf9846b0
        0x5582bf9846b0
        0x5582bf9846b0
        0x5582bf9846b0
        0x5582bf9846b0
        0x5582bf9846b0
        0x5582bf9846b0
        0x5582bf9846b0
        0x5582bf9846b0
        0x5582bf9846b0
        0x5582bf9846b0
        0x5582bf9846b0
        0x5582bf9846b0
        0x5582bf9846b0
        0x5582bf9846b0
        0x5582bf9846b0
        0x5582bf9846b0
        0x5582bf9846b0
        0x5582bf9846b0
        0x5582bf9846b0
        0x5582bf9846b0
        0x5582bf9846b0
        0x5582bf9846b0
        0x5582bf9846b0
        0x5582bf9846b0
        0x5582bf9846b0
        0x5582bf9846b0
        0x5582bf9846b0
        0x5582bf9846b0
        0x5582bf9846b0
        0x5582bf9846b0
        0x5582bf9846b0
        0x5582bf9846b0
        0x5582bf9846b0
        0x5582bf9846b0
        0x5582bf9846b0
        0x5582bf9846b0
        0x5582bf9846b0
        0x5582bf9846b0
        0x5582bf9846b0
        0x5582bf9846b0
        0x5582bf9846b0
        0x5582bf9846b0
        0x5582bf9846b0
        0x5582bf9846b0
        0x5582bf9846b0
        0x5582bf9846b0
        0x5582bf9846b0
        0x5582bf9846b0
        0x5582bf9846b0
        0x5582bf9846b0
        0x5582bf9846b0
        0x5582bf9846b0
        0x5582bf9846b0
        0x5582bf9846b0
        0x5582bf9846b0
        0x5582bf9846b0
        0x5582bf9846b0
        0x5582bf9846b0
        0x5582bf9846b0
        0x5582bf9846b0
        0x5582bf9846b0
        0x5582bf9846b0
        0x5582bf9846b0
        0x5582bf9846b0
        0x5582bf9846b0
        0x5582bf9846b0
        0x5582bf9846b0
        0x5582bf9846b0
        0x5582bf9846b0
        0x5582bf9846b0
        0x5582bf9846b0
        0x5582bf9846b0
        0x5582bf9846b0
        0x5582bf9846b0
        0x5582bf9846b0
        0x5582bf9846b0
        0x5582bf9846b0
        0x5582bf9846b0
        0x5582bf9846b0
        0x5582bf9846b0
        0x5582bf9846b0
        0x5582bf9846b0
        0x5582bf9846b0
        0x5582bf9846b0
        0x5582bf9846b0
        0x5582bf9846b0
        0x5582bf9846b0
        0x5582bf9846b0
        0x5582bf9846b0
        0x5582bf9846b0
        0x5582bf9846b0
        0x5582bf9846b0
        0x5582bf9846b0
        0x5582bf9846b0
        0x5582bf9846b0
        0x5582bf9846b0
        0x5582bf9846b0
        0x5582bf9846b0
        0x5582bf9846b0
        0x5582bf9846b0
        0x5582bf9846b0
]: 1
@preempt_stack[
        0x41c25bc5
        0
        0x2000000000000001
        0x5582bf3c6df0
        0x5582bf3c6df0
        0x5582bf3c6df0
        0x5582bf3c6df0
        0x5582bf3c6df0
        0x5582bf3c6df0
        0x5582bf3c6df0
        0x5582bf3c6df0
        0x5582bf3c6df0
        0x5582bf3c6df0
        0x5582bf3c6df0
        0x5582bf3c6df0
        0x5582bf3c6df0
        0x5582bf3c6df0
        0x5582bf3c6df0
        0x5582bf3c6df0
        0x5582bf3c6df0
        0x5582bf3c6df0
        0x5582bf3c6df0
        0x5582bf3c6df0
        0x5582bf3c6df0
        0x5582bf3c6df0
        0x5582bf3c6df0
        0x5582bf3c6df0
        0x5582bf3c6df0
        0x5582bf3c6df0
        0x5582bf3c6df0
        0x5582bf3c6df0
        0x5582bf3c6df0
        0x5582bf3c6df0
        0x5582bf3c6df0
        0x5582bf3c6df0
        0x5582bf3c6df0
        0x5582bf3c6df0
        0x5582bf3c6df0
        0x5582bf3c6df0
        0x5582bf3c6df0
        0x5582bf3c6df0
        0x5582bf3c6df0
        0x5582bf3c6df0
        0x5582bf3c6df0
        0x5582bf3c6df0
        0x5582bf3c6df0
        0x5582bf3c6df0
        0x5582bf3c6df0
        0x5582bf3c6df0
        0x5582bf3c6df0
        0x5582bf3c6df0
        0x5582bf3c6df0
        0x5582bf3c6df0
        0x5582bf3c6df0
        0x5582bf3c6df0
        0x5582bf3c6df0
        0x5582bf3c6df0
        0x5582bf3c6df0
        0x5582bf3c6df0
        0x5582bf3c6df0
        0x5582bf3c6df0
        0x5582bf3c6df0
        0x5582bf3c6df0
        0x5582bf3c6df0
        0x5582bf3c6df0
        0x5582bf3c6df0
        0x5582bf3c6df0
        0x5582bf3c6df0
        0x5582bf3c6df0
        0x5582bf3c6df0
        0x5582bf3c6df0
        0x5582bf3c6df0
        0x5582bf3c6df0
        0x5582bf3c6df0
        0x5582bf3c6df0
        0x5582bf3c6df0
        0x5582bf3c6df0
        0x5582bf3c6df0
        0x5582bf3c6df0
        0x5582bf3c6df0
        0x5582bf3c6df0
        0x5582bf3c6df0
        0x5582bf3c6df0
        0x5582bf3c6df0
        0x5582bf3c6df0
        0x5582bf3c6df0
        0x5582bf3c6df0
        0x5582bf3c6df0
        0x5582bf3c6df0
        0x5582bf3c6df0
        0x5582bf3c6df0
        0x5582bf3c6df0
        0x5582bf3c6df0
        0x5582bf3c6df0
        0x5582bf3c6df0
        0x5582bf3c6df0
        0x5582bf3c6df0
        0x5582bf3c6df0
        0x5582bf3c6df0
        0x5582bf3c6df0
        0x5582bf3c6df0
        0x5582bf3c6df0
        0x5582bf3c6df0
        0x5582bf3c6df0
        0x5582bf3c6df0
        0x5582bf3c6df0
        0x5582bf3c6df0
        0x5582bf3c6df0
        0x5582bf3c6df0
        0x5582bf3c6df0
        0x5582bf3c6df0
        0x5582bf3c6df0
        0x5582bf3c6df0
        0x5582bf3c6df0
        0x5582bf3c6df0
        0x5582bf3c6df0
        0x5582bf3c6df0
        0x5582bf3c6df0
        0x5582bf3c6df0
        0x5582bf3c6df0
        0x5582bf3c6df0
        0x5582bf3c6df0
        0x5582bf3c6df0
        0x5582bf3c6df0
        0x5582bf3c6df0
        0x5582bf3c6df0
        0x5582bf3c6df0
]: 1
@preempt_stack[
        0x416efa60
        0x7feefb846428
        0x7feefb9e578f
        0x5582be808500
]: 1
@preempt_stack[
        0x7feefb9dcfa3
        0x120000
        0x5582bfa60508
        0x5582bfa60508
        0x5582bfa60508
        0x5582bfa60508
        0x5582bfa60508
        0x5582bfa60508
        0x5582bfa60508
        0x5582bfa60508
        0x5582bfa60508
        0x5582bfa60508
        0x5582bfa60508
        0x5582bfa60508
        0x5582bfa60508
        0x5582bfa60508
        0x5582bfa60508
        0x5582bfa60508
        0x5582bfa60508
        0x5582bfa60508
        0x5582bfa60508
        0x5582bfa60508
        0x5582bfa60508
        0x5582bfa60508
        0x5582bfa60508
        0x5582bfa60508
        0x5582bfa60508
        0x5582bfa60508
        0x5582bfa60508
        0x5582bfa60508
        0x5582bfa60508
        0x5582bfa60508
        0x5582bfa60508
        0x5582bfa60508
        0x5582bfa60508
        0x5582bfa60508
        0x5582bfa60508
        0x5582bfa60508
        0x5582bfa60508
        0x5582bfa60508
        0x5582bfa60508
        0x5582bfa60508
        0x5582bfa60508
        0x5582bfa60508
        0x5582bfa60508
        0x5582bfa60508
        0x5582bfa60508
        0x5582bfa60508
        0x5582bfa60508
        0x5582bfa60508
        0x5582bfa60508
        0x5582bfa60508
        0x5582bfa60508
        0x5582bfa60508
        0x5582bfa60508
        0x5582bfa60508
        0x5582bfa60508
        0x5582bfa60508
        0x5582bfa60508
        0x5582bfa60508
        0x5582bfa60508
        0x5582bfa60508
        0x5582bfa60508
        0x5582bfa60508
        0x5582bfa60508
        0x5582bfa60508
        0x5582bfa60508
        0x5582bfa60508
        0x5582bfa60508
        0x5582bfa60508
        0x5582bfa60508
        0x5582bfa60508
        0x5582bfa60508
        0x5582bfa60508
        0x5582bfa60508
        0x5582bfa60508
        0x5582bfa60508
        0x5582bfa60508
        0x5582bfa60508
        0x5582bfa60508
        0x5582bfa60508
        0x5582bfa60508
        0x5582bfa60508
        0x5582bfa60508
        0x5582bfa60508
        0x5582bfa60508
        0x5582bfa60508
        0x5582bfa60508
        0x5582bfa60508
        0x5582bfa60508
        0x5582bfa60508
        0x5582bfa60508
        0x5582bfa60508
        0x5582bfa60508
        0x5582bfa60508
        0x5582bfa60508
        0x5582bfa60508
        0x5582bfa60508
        0x5582bfa60508
        0x5582bfa60508
        0x5582bfa60508
        0x5582bfa60508
        0x5582bfa60508
        0x5582bfa60508
        0x5582bfa60508
        0x5582bfa60508
        0x5582bfa60508
        0x5582bfa60508
        0x5582bfa60508
        0x5582bfa60508
        0x5582bfa60508
        0x5582bfa60508
        0x5582bfa60508
        0x5582bfa60508
        0x5582bfa60508
        0x5582bfa60508
        0x5582bfa60508
        0x5582bfa60508
        0x5582bfa60508
        0x5582bfa60508
        0x5582bfa60508
        0x5582bfa60508
        0x5582bfa60508
        0x5582bfa60508
        0x5582bfa60508
        0x5582bfa60508
        0x5582bfa60508
]: 1
@preempt_stack[
        0x7fef9cd16f23
]: 1
@preempt_stack[
        0x7feefb9ce4be
        0x120000
        0x5582c015dfa0
        0x5582c015dfa0
        0x5582c015dfa0
        0x5582c015dfa0
        0x5582c015dfa0
        0x5582c015dfa0
        0x5582c015dfa0
        0x5582c015dfa0
        0x5582c015dfa0
        0x5582c015dfa0
        0x5582c015dfa0
        0x5582c015dfa0
        0x5582c015dfa0
        0x5582c015dfa0
        0x5582c015dfa0
        0x5582c015dfa0
        0x5582c015dfa0
        0x5582c015dfa0
        0x5582c015dfa0
        0x5582c015dfa0
        0x5582c015dfa0
        0x5582c015dfa0
        0x5582c015dfa0
        0x5582c015dfa0
        0x5582c015dfa0
        0x5582c015dfa0
        0x5582c015dfa0
        0x5582c015dfa0
        0x5582c015dfa0
        0x5582c015dfa0
        0x5582c015dfa0
        0x5582c015dfa0
        0x5582c015dfa0
        0x5582c015dfa0
        0x5582c015dfa0
        0x5582c015dfa0
        0x5582c015dfa0
        0x5582c015dfa0
        0x5582c015dfa0
        0x5582c015dfa0
        0x5582c015dfa0
        0x5582c015dfa0
        0x5582c015dfa0
        0x5582c015dfa0
        0x5582c015dfa0
        0x5582c015dfa0
        0x5582c015dfa0
        0x5582c015dfa0
        0x5582c015dfa0
        0x5582c015dfa0
        0x5582c015dfa0
        0x5582c015dfa0
        0x5582c015dfa0
        0x5582c015dfa0
        0x5582c015dfa0
        0x5582c015dfa0
        0x5582c015dfa0
        0x5582c015dfa0
        0x5582c015dfa0
        0x5582c015dfa0
        0x5582c015dfa0
        0x5582c015dfa0
        0x5582c015dfa0
        0x5582c015dfa0
        0x5582c015dfa0
        0x5582c015dfa0
        0x5582c015dfa0
        0x5582c015dfa0
        0x5582c015dfa0
        0x5582c015dfa0
        0x5582c015dfa0
        0x5582c015dfa0
        0x5582c015dfa0
        0x5582c015dfa0
        0x5582c015dfa0
        0x5582c015dfa0
        0x5582c015dfa0
        0x5582c015dfa0
        0x5582c015dfa0
        0x5582c015dfa0
        0x5582c015dfa0
        0x5582c015dfa0
        0x5582c015dfa0
        0x5582c015dfa0
        0x5582c015dfa0
        0x5582c015dfa0
        0x5582c015dfa0
        0x5582c015dfa0
        0x5582c015dfa0
        0x5582c015dfa0
        0x5582c015dfa0
        0x5582c015dfa0
        0x5582c015dfa0
        0x5582c015dfa0
        0x5582c015dfa0
        0x5582c015dfa0
        0x5582c015dfa0
        0x5582c015dfa0
        0x5582c015dfa0
        0x5582c015dfa0
        0x5582c015dfa0
        0x5582c015dfa0
        0x5582c015dfa0
        0x5582c015dfa0
        0x5582c015dfa0
        0x5582c015dfa0
        0x5582c015dfa0
        0x5582c015dfa0
        0x5582c015dfa0
        0x5582c015dfa0
        0x5582c015dfa0
        0x5582c015dfa0
        0x5582c015dfa0
        0x5582c015dfa0
        0x5582c015dfa0
        0x5582c015dfa0
        0x5582c015dfa0
        0x5582c015dfa0
        0x5582c015dfa0
        0x5582c015dfa0
        0x5582c015dfa0
        0x5582c015dfa0
        0x5582c015dfa0
        0x5582c015dfa0
        0x5582c015dfa0
]: 1
@preempt_stack[
        0x7feefb8b520f
        0xffffffff00000055
]: 1
@preempt_stack[
        0x7fef9c9015ec
]: 1
@preempt_stack[
        pthread_mutex_trylock+909
        0x120000
        0x5582be7d1218
        0x5582be7d1218
        0x5582be7d1218
        0x5582be7d1218
        0x5582be7d1218
        0x5582be7d1218
        0x5582be7d1218
        0x5582be7d1218
        0x5582be7d1218
        0x5582be7d1218
        0x5582be7d1218
        0x5582be7d1218
        0x5582be7d1218
        0x5582be7d1218
        0x5582be7d1218
        0x5582be7d1218
        0x5582be7d1218
        0x5582be7d1218
        0x5582be7d1218
        0x5582be7d1218
        0x5582be7d1218
        0x5582be7d1218
        0x5582be7d1218
        0x5582be7d1218
        0x5582be7d1218
        0x5582be7d1218
        0x5582be7d1218
        0x5582be7d1218
        0x5582be7d1218
        0x5582be7d1218
        0x5582be7d1218
        0x5582be7d1218
        0x5582be7d1218
        0x5582be7d1218
        0x5582be7d1218
        0x5582be7d1218
        0x5582be7d1218
        0x5582be7d1218
        0x5582be7d1218
        0x5582be7d1218
        0x5582be7d1218
        0x5582be7d1218
        0x5582be7d1218
        0x5582be7d1218
        0x5582be7d1218
        0x5582be7d1218
        0x5582be7d1218
        0x5582be7d1218
        0x5582be7d1218
        0x5582be7d1218
        0x5582be7d1218
        0x5582be7d1218
        0x5582be7d1218
        0x5582be7d1218
        0x5582be7d1218
        0x5582be7d1218
        0x5582be7d1218
        0x5582be7d1218
        0x5582be7d1218
        0x5582be7d1218
        0x5582be7d1218
        0x5582be7d1218
        0x5582be7d1218
        0x5582be7d1218
        0x5582be7d1218
        0x5582be7d1218
        0x5582be7d1218
        0x5582be7d1218
        0x5582be7d1218
        0x5582be7d1218
        0x5582be7d1218
        0x5582be7d1218
        0x5582be7d1218
        0x5582be7d1218
        0x5582be7d1218
        0x5582be7d1218
        0x5582be7d1218
        0x5582be7d1218
        0x5582be7d1218
        0x5582be7d1218
        0x5582be7d1218
        0x5582be7d1218
        0x5582be7d1218
        0x5582be7d1218
        0x5582be7d1218
        0x5582be7d1218
        0x5582be7d1218
        0x5582be7d1218
        0x5582be7d1218
        0x5582be7d1218
        0x5582be7d1218
        0x5582be7d1218
        0x5582be7d1218
        0x5582be7d1218
        0x5582be7d1218
        0x5582be7d1218
        0x5582be7d1218
        0x5582be7d1218
        0x5582be7d1218
        0x5582be7d1218
        0x5582be7d1218
        0x5582be7d1218
        0x5582be7d1218
        0x5582be7d1218
        0x5582be7d1218
        0x5582be7d1218
        0x5582be7d1218
        0x5582be7d1218
        0x5582be7d1218
        0x5582be7d1218
        0x5582be7d1218
        0x5582be7d1218
        0x5582be7d1218
        0x5582be7d1218
        0x5582be7d1218
        0x5582be7d1218
        0x5582be7d1218
        0x5582be7d1218
        0x5582be7d1218
        0x5582be7d1218
        0x5582be7d1218
        0x5582be7d1218
        0x5582be7d1218
        0x5582be7d1218
        0x5582be7d1218
]: 1
@preempt_stack[
        mono_threads_enter_gc_safe_region_unbalanced+42
        0x411407a6
        0x7feefb846428
        0x7feefb9e578f
        0x5582be808500
]: 1
@preempt_stack[
        0x7feefb9cb5b8
        0
        0
        0x5582c0713910
]: 1
@preempt_stack[
        0x41a17b80
        0x41e6691c
        0x41e667e8
        0x7feed0095573
        0x7fef9000395b
        0x7feed0081abb
        0x411407a6
        0x7feefb846428
        0x7feefb9e578f
        0x5582be808500
]: 1
@preempt_stack[
        mono_thread_info_current_unchecked+7
        0x411407a6
        0x7feefb846428
        0x7feefb9e578f
        0x5582be808500
]: 1
@preempt_stack[
        0x7feefb9cb778
        0x120000
        0x5582c1cc49a8
        0x5582c1cc49a8
        0x5582c1cc49a8
        0x5582c1cc49a8
        0x5582c1cc49a8
        0x5582c1cc49a8
        0x5582c1cc49a8
        0x5582c1cc49a8
        0x5582c1cc49a8
        0x5582c1cc49a8
        0x5582c1cc49a8
        0x5582c1cc49a8
        0x5582c1cc49a8
        0x5582c1cc49a8
        0x5582c1cc49a8
        0x5582c1cc49a8
        0x5582c1cc49a8
        0x5582c1cc49a8
        0x5582c1cc49a8
        0x5582c1cc49a8
        0x5582c1cc49a8
        0x5582c1cc49a8
        0x5582c1cc49a8
        0x5582c1cc49a8
        0x5582c1cc49a8
        0x5582c1cc49a8
        0x5582c1cc49a8
        0x5582c1cc49a8
        0x5582c1cc49a8
        0x5582c1cc49a8
        0x5582c1cc49a8
        0x5582c1cc49a8
        0x5582c1cc49a8
        0x5582c1cc49a8
        0x5582c1cc49a8
        0x5582c1cc49a8
        0x5582c1cc49a8
        0x5582c1cc49a8
        0x5582c1cc49a8
        0x5582c1cc49a8
        0x5582c1cc49a8
        0x5582c1cc49a8
        0x5582c1cc49a8
        0x5582c1cc49a8
        0x5582c1cc49a8
        0x5582c1cc49a8
        0x5582c1cc49a8
        0x5582c1cc49a8
        0x5582c1cc49a8
        0x5582c1cc49a8
        0x5582c1cc49a8
        0x5582c1cc49a8
        0x5582c1cc49a8
        0x5582c1cc49a8
        0x5582c1cc49a8
        0x5582c1cc49a8
        0x5582c1cc49a8
        0x5582c1cc49a8
        0x5582c1cc49a8
        0x5582c1cc49a8
        0x5582c1cc49a8
        0x5582c1cc49a8
        0x5582c1cc49a8
        0x5582c1cc49a8
        0x5582c1cc49a8
        0x5582c1cc49a8
        0x5582c1cc49a8
        0x5582c1cc49a8
        0x5582c1cc49a8
        0x5582c1cc49a8
        0x5582c1cc49a8
        0x5582c1cc49a8
        0x5582c1cc49a8
        0x5582c1cc49a8
        0x5582c1cc49a8
        0x5582c1cc49a8
        0x5582c1cc49a8
        0x5582c1cc49a8
        0x5582c1cc49a8
        0x5582c1cc49a8
        0x5582c1cc49a8
        0x5582c1cc49a8
        0x5582c1cc49a8
        0x5582c1cc49a8
        0x5582c1cc49a8
        0x5582c1cc49a8
        0x5582c1cc49a8
        0x5582c1cc49a8
        0x5582c1cc49a8
        0x5582c1cc49a8
        0x5582c1cc49a8
        0x5582c1cc49a8
        0x5582c1cc49a8
        0x5582c1cc49a8
        0x5582c1cc49a8
        0x5582c1cc49a8
        0x5582c1cc49a8
        0x5582c1cc49a8
        0x5582c1cc49a8
        0x5582c1cc49a8
        0x5582c1cc49a8
        0x5582c1cc49a8
        0x5582c1cc49a8
        0x5582c1cc49a8
        0x5582c1cc49a8
        0x5582c1cc49a8
        0x5582c1cc49a8
        0x5582c1cc49a8
        0x5582c1cc49a8
        0x5582c1cc49a8
        0x5582c1cc49a8
        0x5582c1cc49a8
        0x5582c1cc49a8
        0x5582c1cc49a8
        0x5582c1cc49a8
        0x5582c1cc49a8
        0x5582c1cc49a8
        0x5582c1cc49a8
        0x5582c1cc49a8
        0x5582c1cc49a8
        0x5582c1cc49a8
        0x5582c1cc49a8
        0x5582c1cc49a8
        0x5582c1cc49a8
        0x5582c1cc49a8
]: 1
@preempt_stack[
        0x7fed9e17eb32
        0x41ab4f60
        0x7feed0094b73
        0x7fef9000395b
        0x7feed0081abb
        0x411407a6
        0x7feefb846428
        0x7feefb9e578f
        0x5582be808500
]: 1
@preempt_stack[
        0x7fef9cd47805
]: 1
@preempt_stack[
        0x7fef9cd44c14
]: 1
@preempt_stack[
        GC_malloc_kind_global+101
]: 1
@preempt_stack[
        0x4112ffac
        0x413e8368
        0x416ff934
        0x411407a6
        0x7feefb846428
        0x7feefb9e578f
        0x5582be808500
]: 1
@preempt_stack[
        0x40730fcd
        0x4175ef54
        0x413821a7
        0x4137da64
        0x7feefb846428
        0x7feefb9e578f
        0x5582be808500
]: 1
@preempt_stack[
        0x41c272c8
        0x41c59184
]: 1
@preempt_stack[
        0x7fef9c9076a5
        0x7fef607124c0
        0x84008300820081
]: 1
@preempt_stack[
        0x4112632c
        0x41cd5458
        0x41cd52e0
        0x41ccfb84
        0
        0
        0x5582bf3bc3a8
        0x5582bf3bc3a8
        0x5582bf3bc3a8
        0x5582bf3bc3a8
        0x5582bf3bc3a8
        0x5582bf3bc3a8
        0x5582bf3bc3a8
        0x5582bf3bc3a8
        0x5582bf3bc3a8
        0x5582bf3bc3a8
        0x5582bf3bc3a8
        0x5582bf3bc3a8
        0x5582bf3bc3a8
        0x5582bf3bc3a8
        0x5582bf3bc3a8
        0x5582bf3bc3a8
        0x5582bf3bc3a8
        0x5582bf3bc3a8
        0x5582bf3bc3a8
        0x5582bf3bc3a8
        0x5582bf3bc3a8
        0x5582bf3bc3a8
        0x5582bf3bc3a8
        0x5582bf3bc3a8
        0x5582bf3bc3a8
        0x5582bf3bc3a8
        0x5582bf3bc3a8
        0x5582bf3bc3a8
        0x5582bf3bc3a8
        0x5582bf3bc3a8
        0x5582bf3bc3a8
        0x5582bf3bc3a8
        0x5582bf3bc3a8
        0x5582bf3bc3a8
        0x5582bf3bc3a8
        0x5582bf3bc3a8
        0x5582bf3bc3a8
        0x5582bf3bc3a8
        0x5582bf3bc3a8
        0x5582bf3bc3a8
        0x5582bf3bc3a8
        0x5582bf3bc3a8
        0x5582bf3bc3a8
        0x5582bf3bc3a8
        0x5582bf3bc3a8
        0x5582bf3bc3a8
        0x5582bf3bc3a8
        0x5582bf3bc3a8
        0x5582bf3bc3a8
        0x5582bf3bc3a8
        0x5582bf3bc3a8
        0x5582bf3bc3a8
        0x5582bf3bc3a8
        0x5582bf3bc3a8
        0x5582bf3bc3a8
        0x5582bf3bc3a8
        0x5582bf3bc3a8
        0x5582bf3bc3a8
        0x5582bf3bc3a8
        0x5582bf3bc3a8
        0x5582bf3bc3a8
        0x5582bf3bc3a8
        0x5582bf3bc3a8
        0x5582bf3bc3a8
        0x5582bf3bc3a8
        0x5582bf3bc3a8
        0x5582bf3bc3a8
        0x5582bf3bc3a8
        0x5582bf3bc3a8
        0x5582bf3bc3a8
        0x5582bf3bc3a8
        0x5582bf3bc3a8
        0x5582bf3bc3a8
        0x5582bf3bc3a8
        0x5582bf3bc3a8
        0x5582bf3bc3a8
        0x5582bf3bc3a8
        0x5582bf3bc3a8
        0x5582bf3bc3a8
        0x5582bf3bc3a8
        0x5582bf3bc3a8
        0x5582bf3bc3a8
        0x5582bf3bc3a8
        0x5582bf3bc3a8
        0x5582bf3bc3a8
        0x5582bf3bc3a8
        0x5582bf3bc3a8
        0x5582bf3bc3a8
        0x5582bf3bc3a8
        0x5582bf3bc3a8
        0x5582bf3bc3a8
        0x5582bf3bc3a8
        0x5582bf3bc3a8
        0x5582bf3bc3a8
        0x5582bf3bc3a8
        0x5582bf3bc3a8
        0x5582bf3bc3a8
        0x5582bf3bc3a8
        0x5582bf3bc3a8
        0x5582bf3bc3a8
        0x5582bf3bc3a8
        0x5582bf3bc3a8
        0x5582bf3bc3a8
        0x5582bf3bc3a8
        0x5582bf3bc3a8
        0x5582bf3bc3a8
        0x5582bf3bc3a8
        0x5582bf3bc3a8
        0x5582bf3bc3a8
        0x5582bf3bc3a8
        0x5582bf3bc3a8
        0x5582bf3bc3a8
        0x5582bf3bc3a8
        0x5582bf3bc3a8
        0x5582bf3bc3a8
        0x5582bf3bc3a8
        0x5582bf3bc3a8
        0x5582bf3bc3a8
        0x5582bf3bc3a8
        0x5582bf3bc3a8
        0x5582bf3bc3a8
]: 1
@preempt_stack[
        0x7feefb8797f4
]: 1
@preempt_stack[
        0x4172ad4d
        0x411407a6
        0x7feefb846428
        0x7feefb9e578f
        0x5582be808500
]: 1
@preempt_stack[
        0x7feefb9dcfa3
        0x110000
        0x5582beefc958
        0x5582beefc958
        0x5582beefc958
        0x5582beefc958
        0x5582beefc958
        0x5582beefc958
        0x5582beefc958
        0x5582beefc958
        0x5582beefc958
        0x5582beefc958
        0x5582beefc958
        0x5582beefc958
        0x5582beefc958
        0x5582beefc958
        0x5582beefc958
        0x5582beefc958
        0x5582beefc958
        0x5582beefc958
        0x5582beefc958
        0x5582beefc958
        0x5582beefc958
        0x5582beefc958
        0x5582beefc958
        0x5582beefc958
        0x5582beefc958
        0x5582beefc958
        0x5582beefc958
        0x5582beefc958
        0x5582beefc958
        0x5582beefc958
        0x5582beefc958
        0x5582beefc958
        0x5582beefc958
        0x5582beefc958
        0x5582beefc958
        0x5582beefc958
        0x5582beefc958
        0x5582beefc958
        0x5582beefc958
        0x5582beefc958
        0x5582beefc958
        0x5582beefc958
        0x5582beefc958
        0x5582beefc958
        0x5582beefc958
        0x5582beefc958
        0x5582beefc958
        0x5582beefc958
        0x5582beefc958
        0x5582beefc958
        0x5582beefc958
        0x5582beefc958
        0x5582beefc958
        0x5582beefc958
        0x5582beefc958
        0x5582beefc958
        0x5582beefc958
        0x5582beefc958
        0x5582beefc958
        0x5582beefc958
        0x5582beefc958
        0x5582beefc958
        0x5582beefc958
        0x5582beefc958
        0x5582beefc958
        0x5582beefc958
        0x5582beefc958
        0x5582beefc958
        0x5582beefc958
        0x5582beefc958
        0x5582beefc958
        0x5582beefc958
        0x5582beefc958
        0x5582beefc958
        0x5582beefc958
        0x5582beefc958
        0x5582beefc958
        0x5582beefc958
        0x5582beefc958
        0x5582beefc958
        0x5582beefc958
        0x5582beefc958
        0x5582beefc958
        0x5582beefc958
        0x5582beefc958
        0x5582beefc958
        0x5582beefc958
        0x5582beefc958
        0x5582beefc958
        0x5582beefc958
        0x5582beefc958
        0x5582beefc958
        0x5582beefc958
        0x5582beefc958
        0x5582beefc958
        0x5582beefc958
        0x5582beefc958
        0x5582beefc958
        0x5582beefc958
        0x5582beefc958
        0x5582beefc958
        0x5582beefc958
        0x5582beefc958
        0x5582beefc958
        0x5582beefc958
        0x5582beefc958
        0x5582beefc958
        0x5582beefc958
        0x5582beefc958
        0x5582beefc958
        0x5582beefc958
        0x5582beefc958
        0x5582beefc958
        0x5582beefc958
        0x5582beefc958
        0x5582beefc958
        0x5582beefc958
        0x5582beefc958
        0x5582beefc958
        0x5582beefc958
        0x5582beefc958
        0x5582beefc958
        0x5582beefc958
        0x5582beefc958
        0x5582beefc958
]: 1
@preempt_stack[
        0x7fef9c905ce2
        0
]: 1
@preempt_stack[
        0x41c75668
]: 1
@preempt_stack[
        0x7feefba5dace
        0
]: 1
@preempt_stack[
        0x41c28747
        0x41c26e24
        0x41c252bc
        0x41c24529
        0x41c1c3f7
        0x413821e6
        0x4137da64
        0x7feefb846428
        0x7feefb9e578f
        0x5582be808500
]: 1
@preempt_stack[
        0x7fef9ccd7bfa
        0xd51
]: 1
@preempt_stack[
        0x7fef9cd4fab3
]: 1
@preempt_stack[
        0x7feefb9dcfa3
        0x110000
        0x5582bec69b50
        0x5582bec69b50
        0x5582bec69b50
        0x5582bec69b50
        0x5582bec69b50
        0x5582bec69b50
        0x5582bec69b50
        0x5582bec69b50
        0x5582bec69b50
        0x5582bec69b50
        0x5582bec69b50
        0x5582bec69b50
        0x5582bec69b50
        0x5582bec69b50
        0x5582bec69b50
        0x5582bec69b50
        0x5582bec69b50
        0x5582bec69b50
        0x5582bec69b50
        0x5582bec69b50
        0x5582bec69b50
        0x5582bec69b50
        0x5582bec69b50
        0x5582bec69b50
        0x5582bec69b50
        0x5582bec69b50
        0x5582bec69b50
        0x5582bec69b50
        0x5582bec69b50
        0x5582bec69b50
        0x5582bec69b50
        0x5582bec69b50
        0x5582bec69b50
        0x5582bec69b50
        0x5582bec69b50
        0x5582bec69b50
        0x5582bec69b50
        0x5582bec69b50
        0x5582bec69b50
        0x5582bec69b50
        0x5582bec69b50
        0x5582bec69b50
        0x5582bec69b50
        0x5582bec69b50
        0x5582bec69b50
        0x5582bec69b50
        0x5582bec69b50
        0x5582bec69b50
        0x5582bec69b50
        0x5582bec69b50
        0x5582bec69b50
        0x5582bec69b50
        0x5582bec69b50
        0x5582bec69b50
        0x5582bec69b50
        0x5582bec69b50
        0x5582bec69b50
        0x5582bec69b50
        0x5582bec69b50
        0x5582bec69b50
        0x5582bec69b50
        0x5582bec69b50
        0x5582bec69b50
        0x5582bec69b50
        0x5582bec69b50
        0x5582bec69b50
        0x5582bec69b50
        0x5582bec69b50
        0x5582bec69b50
        0x5582bec69b50
        0x5582bec69b50
        0x5582bec69b50
        0x5582bec69b50
        0x5582bec69b50
        0x5582bec69b50
        0x5582bec69b50
        0x5582bec69b50
        0x5582bec69b50
        0x5582bec69b50
        0x5582bec69b50
        0x5582bec69b50
        0x5582bec69b50
        0x5582bec69b50
        0x5582bec69b50
        0x5582bec69b50
        0x5582bec69b50
        0x5582bec69b50
        0x5582bec69b50
        0x5582bec69b50
        0x5582bec69b50
        0x5582bec69b50
        0x5582bec69b50
        0x5582bec69b50
        0x5582bec69b50
        0x5582bec69b50
        0x5582bec69b50
        0x5582bec69b50
        0x5582bec69b50
        0x5582bec69b50
        0x5582bec69b50
        0x5582bec69b50
        0x5582bec69b50
        0x5582bec69b50
        0x5582bec69b50
        0x5582bec69b50
        0x5582bec69b50
        0x5582bec69b50
        0x5582bec69b50
        0x5582bec69b50
        0x5582bec69b50
        0x5582bec69b50
        0x5582bec69b50
        0x5582bec69b50
        0x5582bec69b50
        0x5582bec69b50
        0x5582bec69b50
        0x5582bec69b50
        0x5582bec69b50
        0x5582bec69b50
        0x5582bec69b50
        0x5582bec69b50
        0x5582bec69b50
        0x5582bec69b50
        0x5582bec69b50
        0x5582bec69b50
]: 1
@preempt_stack[
        0x7feefb9dcfb8
]: 1
@preempt_stack[
        0x4114354d
        0x41b87864
        0x416f6adf
        0x7feefb846428
        0x7feefb9e578f
        0x5582be808500
]: 1
@preempt_stack[
        0x7fef9c506923
        0x411407a6
        0x7feefb846428
        0x7feefb9e578f
        0x5582be808500
]: 1
@preempt_stack[
        0x7feefb9ffaa5
]: 1
@preempt_stack[
        0x41a05aa5
        0x41a043ff
        0x413821e6
        0x4137da64
        0x7feefb846428
        0x7feefb9e578f
        0x5582be808500
]: 1
@preempt_stack[
        0x7fef9cd5fd0e
]: 1
@preempt_stack[
        __libc_calloc+4
        0x100000000
]: 1
@preempt_stack[
        0x7feefb9dcfa3
        0x120000
        0x5582bf7e9d00
        0x5582bf7e9d00
        0x5582bf7e9d00
        0x5582bf7e9d00
        0x5582bf7e9d00
        0x5582bf7e9d00
        0x5582bf7e9d00
        0x5582bf7e9d00
        0x5582bf7e9d00
        0x5582bf7e9d00
        0x5582bf7e9d00
        0x5582bf7e9d00
        0x5582bf7e9d00
        0x5582bf7e9d00
        0x5582bf7e9d00
        0x5582bf7e9d00
        0x5582bf7e9d00
        0x5582bf7e9d00
        0x5582bf7e9d00
        0x5582bf7e9d00
        0x5582bf7e9d00
        0x5582bf7e9d00
        0x5582bf7e9d00
        0x5582bf7e9d00
        0x5582bf7e9d00
        0x5582bf7e9d00
        0x5582bf7e9d00
        0x5582bf7e9d00
        0x5582bf7e9d00
        0x5582bf7e9d00
        0x5582bf7e9d00
        0x5582bf7e9d00
        0x5582bf7e9d00
        0x5582bf7e9d00
        0x5582bf7e9d00
        0x5582bf7e9d00
        0x5582bf7e9d00
        0x5582bf7e9d00
        0x5582bf7e9d00
        0x5582bf7e9d00
        0x5582bf7e9d00
        0x5582bf7e9d00
        0x5582bf7e9d00
        0x5582bf7e9d00
        0x5582bf7e9d00
        0x5582bf7e9d00
        0x5582bf7e9d00
        0x5582bf7e9d00
        0x5582bf7e9d00
        0x5582bf7e9d00
        0x5582bf7e9d00
        0x5582bf7e9d00
        0x5582bf7e9d00
        0x5582bf7e9d00
        0x5582bf7e9d00
        0x5582bf7e9d00
        0x5582bf7e9d00
        0x5582bf7e9d00
        0x5582bf7e9d00
        0x5582bf7e9d00
        0x5582bf7e9d00
        0x5582bf7e9d00
        0x5582bf7e9d00
        0x5582bf7e9d00
        0x5582bf7e9d00
        0x5582bf7e9d00
        0x5582bf7e9d00
        0x5582bf7e9d00
        0x5582bf7e9d00
        0x5582bf7e9d00
        0x5582bf7e9d00
        0x5582bf7e9d00
        0x5582bf7e9d00
        0x5582bf7e9d00
        0x5582bf7e9d00
        0x5582bf7e9d00
        0x5582bf7e9d00
        0x5582bf7e9d00
        0x5582bf7e9d00
        0x5582bf7e9d00
        0x5582bf7e9d00
        0x5582bf7e9d00
        0x5582bf7e9d00
        0x5582bf7e9d00
        0x5582bf7e9d00
        0x5582bf7e9d00
        0x5582bf7e9d00
        0x5582bf7e9d00
        0x5582bf7e9d00
        0x5582bf7e9d00
        0x5582bf7e9d00
        0x5582bf7e9d00
        0x5582bf7e9d00
        0x5582bf7e9d00
        0x5582bf7e9d00
        0x5582bf7e9d00
        0x5582bf7e9d00
        0x5582bf7e9d00
        0x5582bf7e9d00
        0x5582bf7e9d00
        0x5582bf7e9d00
        0x5582bf7e9d00
        0x5582bf7e9d00
        0x5582bf7e9d00
        0x5582bf7e9d00
        0x5582bf7e9d00
        0x5582bf7e9d00
        0x5582bf7e9d00
        0x5582bf7e9d00
        0x5582bf7e9d00
        0x5582bf7e9d00
        0x5582bf7e9d00
        0x5582bf7e9d00
        0x5582bf7e9d00
        0x5582bf7e9d00
        0x5582bf7e9d00
        0x5582bf7e9d00
        0x5582bf7e9d00
        0x5582bf7e9d00
        0x5582bf7e9d00
        0x5582bf7e9d00
        0x5582bf7e9d00
        0x5582bf7e9d00
        0x5582bf7e9d00
        0x5582bf7e9d00
]: 1
@preempt_stack[
        mono_metadata_type_hash+80
        0x110000
        0x5582c2039718
        0x5582c2039718
        0x5582c2039718
        0x5582c2039718
        0x5582c2039718
        0x5582c2039718
        0x5582c2039718
        0x5582c2039718
        0x5582c2039718
        0x5582c2039718
        0x5582c2039718
        0x5582c2039718
        0x5582c2039718
        0x5582c2039718
        0x5582c2039718
        0x5582c2039718
        0x5582c2039718
        0x5582c2039718
        0x5582c2039718
        0x5582c2039718
        0x5582c2039718
        0x5582c2039718
        0x5582c2039718
        0x5582c2039718
        0x5582c2039718
        0x5582c2039718
        0x5582c2039718
        0x5582c2039718
        0x5582c2039718
        0x5582c2039718
        0x5582c2039718
        0x5582c2039718
        0x5582c2039718
        0x5582c2039718
        0x5582c2039718
        0x5582c2039718
        0x5582c2039718
        0x5582c2039718
        0x5582c2039718
        0x5582c2039718
        0x5582c2039718
        0x5582c2039718
        0x5582c2039718
        0x5582c2039718
        0x5582c2039718
        0x5582c2039718
        0x5582c2039718
        0x5582c2039718
        0x5582c2039718
        0x5582c2039718
        0x5582c2039718
        0x5582c2039718
        0x5582c2039718
        0x5582c2039718
        0x5582c2039718
        0x5582c2039718
        0x5582c2039718
        0x5582c2039718
        0x5582c2039718
        0x5582c2039718
        0x5582c2039718
        0x5582c2039718
        0x5582c2039718
        0x5582c2039718
        0x5582c2039718
        0x5582c2039718
        0x5582c2039718
        0x5582c2039718
        0x5582c2039718
        0x5582c2039718
        0x5582c2039718
        0x5582c2039718
        0x5582c2039718
        0x5582c2039718
        0x5582c2039718
        0x5582c2039718
        0x5582c2039718
        0x5582c2039718
        0x5582c2039718
        0x5582c2039718
        0x5582c2039718
        0x5582c2039718
        0x5582c2039718
        0x5582c2039718
        0x5582c2039718
        0x5582c2039718
        0x5582c2039718
        0x5582c2039718
        0x5582c2039718
        0x5582c2039718
        0x5582c2039718
        0x5582c2039718
        0x5582c2039718
        0x5582c2039718
        0x5582c2039718
        0x5582c2039718
        0x5582c2039718
        0x5582c2039718
        0x5582c2039718
        0x5582c2039718
        0x5582c2039718
        0x5582c2039718
        0x5582c2039718
        0x5582c2039718
        0x5582c2039718
        0x5582c2039718
        0x5582c2039718
        0x5582c2039718
        0x5582c2039718
        0x5582c2039718
        0x5582c2039718
        0x5582c2039718
        0x5582c2039718
        0x5582c2039718
        0x5582c2039718
        0x5582c2039718
        0x5582c2039718
        0x5582c2039718
        0x5582c2039718
        0x5582c2039718
        0x5582c2039718
        0x5582c2039718
        0x5582c2039718
        0x5582c2039718
        0x5582c2039718
]: 1
@preempt_stack[
        0x7feefb9cb5b8
        0
        0
        0x5582c1ed2aa0
]: 1
@preempt_stack[
        0x7fef9c6bad30
]: 1
@preempt_stack[
        0x7fef9c90594c
        0x10101040102
]: 1
@preempt_stack[
        mono_gc_wbarrier_set_field+2
        0x411407a6
        0x7feefb846428
        0x7feefb9e578f
        0x5582be808500
]: 1
@preempt_stack[
        0x7feefb99461b
]: 1
@preempt_stack[
        0x40731044
        0x7feed0268edb
        0x7feed007fedb
        0x7feed0095573
        0x7fef9000395b
        0x7feed0081abb
        0x411407a6
        0x7feefb846428
        0x7feefb9e578f
        0x5582be808500
]: 1
@preempt_stack[
        0x7feefba0f68f
        0x120000
        0x5582bf909d80
        0x5582bf909d80
        0x5582bf909d80
        0x5582bf909d80
        0x5582bf909d80
        0x5582bf909d80
        0x5582bf909d80
        0x5582bf909d80
        0x5582bf909d80
        0x5582bf909d80
        0x5582bf909d80
        0x5582bf909d80
        0x5582bf909d80
        0x5582bf909d80
        0x5582bf909d80
        0x5582bf909d80
        0x5582bf909d80
        0x5582bf909d80
        0x5582bf909d80
        0x5582bf909d80
        0x5582bf909d80
        0x5582bf909d80
        0x5582bf909d80
        0x5582bf909d80
        0x5582bf909d80
        0x5582bf909d80
        0x5582bf909d80
        0x5582bf909d80
        0x5582bf909d80
        0x5582bf909d80
        0x5582bf909d80
        0x5582bf909d80
        0x5582bf909d80
        0x5582bf909d80
        0x5582bf909d80
        0x5582bf909d80
        0x5582bf909d80
        0x5582bf909d80
        0x5582bf909d80
        0x5582bf909d80
        0x5582bf909d80
        0x5582bf909d80
        0x5582bf909d80
        0x5582bf909d80
        0x5582bf909d80
        0x5582bf909d80
        0x5582bf909d80
        0x5582bf909d80
        0x5582bf909d80
        0x5582bf909d80
        0x5582bf909d80
        0x5582bf909d80
        0x5582bf909d80
        0x5582bf909d80
        0x5582bf909d80
        0x5582bf909d80
        0x5582bf909d80
        0x5582bf909d80
        0x5582bf909d80
        0x5582bf909d80
        0x5582bf909d80
        0x5582bf909d80
        0x5582bf909d80
        0x5582bf909d80
        0x5582bf909d80
        0x5582bf909d80
        0x5582bf909d80
        0x5582bf909d80
        0x5582bf909d80
        0x5582bf909d80
        0x5582bf909d80
        0x5582bf909d80
        0x5582bf909d80
        0x5582bf909d80
        0x5582bf909d80
        0x5582bf909d80
        0x5582bf909d80
        0x5582bf909d80
        0x5582bf909d80
        0x5582bf909d80
        0x5582bf909d80
        0x5582bf909d80
        0x5582bf909d80
        0x5582bf909d80
        0x5582bf909d80
        0x5582bf909d80
        0x5582bf909d80
        0x5582bf909d80
        0x5582bf909d80
        0x5582bf909d80
        0x5582bf909d80
        0x5582bf909d80
        0x5582bf909d80
        0x5582bf909d80
        0x5582bf909d80
        0x5582bf909d80
        0x5582bf909d80
        0x5582bf909d80
        0x5582bf909d80
        0x5582bf909d80
        0x5582bf909d80
        0x5582bf909d80
        0x5582bf909d80
        0x5582bf909d80
        0x5582bf909d80
        0x5582bf909d80
        0x5582bf909d80
        0x5582bf909d80
        0x5582bf909d80
        0x5582bf909d80
        0x5582bf909d80
        0x5582bf909d80
        0x5582bf909d80
        0x5582bf909d80
        0x5582bf909d80
        0x5582bf909d80
        0x5582bf909d80
        0x5582bf909d80
        0x5582bf909d80
        0x5582bf909d80
        0x5582bf909d80
        0x5582bf909d80
        0x5582bf909d80
        0x5582bf909d80
        0x5582bf909d80
]: 1
@preempt_stack[
        0x7feefba3c4ab
        0x14c04
        0x3c00000000000001
        0x5582bf3bcdc8
        0x5582bf3bcdc8
        0x5582bf3bcdc8
        0x5582bf3bcdc8
        0x5582bf3bcdc8
        0x5582bf3bcdc8
        0x5582bf3bcdc8
        0x5582bf3bcdc8
        0x5582bf3bcdc8
        0x5582bf3bcdc8
        0x5582bf3bcdc8
        0x5582bf3bcdc8
        0x5582bf3bcdc8
        0x5582bf3bcdc8
        0x5582bf3bcdc8
        0x5582bf3bcdc8
        0x5582bf3bcdc8
        0x5582bf3bcdc8
        0x5582bf3bcdc8
        0x5582bf3bcdc8
        0x5582bf3bcdc8
        0x5582bf3bcdc8
        0x5582bf3bcdc8
        0x5582bf3bcdc8
        0x5582bf3bcdc8
        0x5582bf3bcdc8
        0x5582bf3bcdc8
        0x5582bf3bcdc8
        0x5582bf3bcdc8
        0x5582bf3bcdc8
        0x5582bf3bcdc8
        0x5582bf3bcdc8
        0x5582bf3bcdc8
        0x5582bf3bcdc8
        0x5582bf3bcdc8
        0x5582bf3bcdc8
        0x5582bf3bcdc8
        0x5582bf3bcdc8
        0x5582bf3bcdc8
        0x5582bf3bcdc8
        0x5582bf3bcdc8
        0x5582bf3bcdc8
        0x5582bf3bcdc8
        0x5582bf3bcdc8
        0x5582bf3bcdc8
        0x5582bf3bcdc8
        0x5582bf3bcdc8
        0x5582bf3bcdc8
        0x5582bf3bcdc8
        0x5582bf3bcdc8
        0x5582bf3bcdc8
        0x5582bf3bcdc8
        0x5582bf3bcdc8
        0x5582bf3bcdc8
        0x5582bf3bcdc8
        0x5582bf3bcdc8
        0x5582bf3bcdc8
        0x5582bf3bcdc8
        0x5582bf3bcdc8
        0x5582bf3bcdc8
        0x5582bf3bcdc8
        0x5582bf3bcdc8
        0x5582bf3bcdc8
        0x5582bf3bcdc8
        0x5582bf3bcdc8
        0x5582bf3bcdc8
        0x5582bf3bcdc8
        0x5582bf3bcdc8
        0x5582bf3bcdc8
        0x5582bf3bcdc8
        0x5582bf3bcdc8
        0x5582bf3bcdc8
        0x5582bf3bcdc8
        0x5582bf3bcdc8
        0x5582bf3bcdc8
        0x5582bf3bcdc8
        0x5582bf3bcdc8
        0x5582bf3bcdc8
        0x5582bf3bcdc8
        0x5582bf3bcdc8
        0x5582bf3bcdc8
        0x5582bf3bcdc8
        0x5582bf3bcdc8
        0x5582bf3bcdc8
        0x5582bf3bcdc8
        0x5582bf3bcdc8
        0x5582bf3bcdc8
        0x5582bf3bcdc8
        0x5582bf3bcdc8
        0x5582bf3bcdc8
        0x5582bf3bcdc8
        0x5582bf3bcdc8
        0x5582bf3bcdc8
        0x5582bf3bcdc8
        0x5582bf3bcdc8
        0x5582bf3bcdc8
        0x5582bf3bcdc8
        0x5582bf3bcdc8
        0x5582bf3bcdc8
        0x5582bf3bcdc8
        0x5582bf3bcdc8
        0x5582bf3bcdc8
        0x5582bf3bcdc8
        0x5582bf3bcdc8
        0x5582bf3bcdc8
        0x5582bf3bcdc8
        0x5582bf3bcdc8
        0x5582bf3bcdc8
        0x5582bf3bcdc8
        0x5582bf3bcdc8
        0x5582bf3bcdc8
        0x5582bf3bcdc8
        0x5582bf3bcdc8
        0x5582bf3bcdc8
        0x5582bf3bcdc8
        0x5582bf3bcdc8
        0x5582bf3bcdc8
        0x5582bf3bcdc8
        0x5582bf3bcdc8
        0x5582bf3bcdc8
        0x5582bf3bcdc8
        0x5582bf3bcdc8
        0x5582bf3bcdc8
        0x5582bf3bcdc8
]: 1
@preempt_stack[
        0x41b86f69
        0x41b87864
        0x416f6adf
        0x7feefb846428
        0x7feefb9e578f
        0x5582be808500
]: 1
@preempt_stack[
        0x7fef9cd51334
]: 1
@preempt_stack[
        0x7fef9ccd7a33
        0xc50
]: 1
@preempt_stack[
        0x7feefb9cb77a
        0x120000
        0x5582c239b2d0
        0x5582c239b2d0
        0x5582c239b2d0
        0x5582c239b2d0
        0x5582c239b2d0
        0x5582c239b2d0
        0x5582c239b2d0
        0x5582c239b2d0
        0x5582c239b2d0
        0x5582c239b2d0
        0x5582c239b2d0
        0x5582c239b2d0
        0x5582c239b2d0
        0x5582c239b2d0
        0x5582c239b2d0
        0x5582c239b2d0
        0x5582c239b2d0
        0x5582c239b2d0
        0x5582c239b2d0
        0x5582c239b2d0
        0x5582c239b2d0
        0x5582c239b2d0
        0x5582c239b2d0
        0x5582c239b2d0
        0x5582c239b2d0
        0x5582c239b2d0
        0x5582c239b2d0
        0x5582c239b2d0
        0x5582c239b2d0
        0x5582c239b2d0
        0x5582c239b2d0
        0x5582c239b2d0
        0x5582c239b2d0
        0x5582c239b2d0
        0x5582c239b2d0
        0x5582c239b2d0
        0x5582c239b2d0
        0x5582c239b2d0
        0x5582c239b2d0
        0x5582c239b2d0
        0x5582c239b2d0
        0x5582c239b2d0
        0x5582c239b2d0
        0x5582c239b2d0
        0x5582c239b2d0
        0x5582c239b2d0
        0x5582c239b2d0
        0x5582c239b2d0
        0x5582c239b2d0
        0x5582c239b2d0
        0x5582c239b2d0
        0x5582c239b2d0
        0x5582c239b2d0
        0x5582c239b2d0
        0x5582c239b2d0
        0x5582c239b2d0
        0x5582c239b2d0
        0x5582c239b2d0
        0x5582c239b2d0
        0x5582c239b2d0
        0x5582c239b2d0
        0x5582c239b2d0
        0x5582c239b2d0
        0x5582c239b2d0
        0x5582c239b2d0
        0x5582c239b2d0
        0x5582c239b2d0
        0x5582c239b2d0
        0x5582c239b2d0
        0x5582c239b2d0
        0x5582c239b2d0
        0x5582c239b2d0
        0x5582c239b2d0
        0x5582c239b2d0
        0x5582c239b2d0
        0x5582c239b2d0
        0x5582c239b2d0
        0x5582c239b2d0
        0x5582c239b2d0
        0x5582c239b2d0
        0x5582c239b2d0
        0x5582c239b2d0
        0x5582c239b2d0
        0x5582c239b2d0
        0x5582c239b2d0
        0x5582c239b2d0
        0x5582c239b2d0
        0x5582c239b2d0
        0x5582c239b2d0
        0x5582c239b2d0
        0x5582c239b2d0
        0x5582c239b2d0
        0x5582c239b2d0
        0x5582c239b2d0
        0x5582c239b2d0
        0x5582c239b2d0
        0x5582c239b2d0
        0x5582c239b2d0
        0x5582c239b2d0
        0x5582c239b2d0
        0x5582c239b2d0
        0x5582c239b2d0
        0x5582c239b2d0
        0x5582c239b2d0
        0x5582c239b2d0
        0x5582c239b2d0
        0x5582c239b2d0
        0x5582c239b2d0
        0x5582c239b2d0
        0x5582c239b2d0
        0x5582c239b2d0
        0x5582c239b2d0
        0x5582c239b2d0
        0x5582c239b2d0
        0x5582c239b2d0
        0x5582c239b2d0
        0x5582c239b2d0
        0x5582c239b2d0
        0x5582c239b2d0
        0x5582c239b2d0
        0x5582c239b2d0
        0x5582c239b2d0
        0x5582c239b2d0
        0x5582c239b2d0
        0x5582c239b2d0
]: 1
@preempt_stack[
        0x4136a490
        0x7feed0081d6b
        0x411407a6
        0x7feefb846428
        0x7feefb9e578f
        0x5582be808500
]: 1
@preempt_stack[
        0x41260f24
        0x413e8368
        0x416ff934
        0x411407a6
        0x7feefb846428
        0x7feefb9e578f
        0x5582be808500
]: 1
@preempt_stack[
        0x4112fee8
        0x413e8368
        0x416ff934
        0x411407a6
        0x7feefb846428
        0x7feefb9e578f
        0x5582be808500
]: 1
@preempt_stack[
        0x41cda2c4
        0x41cd7258
        0x41cd5458
        0x41cd52e0
        0x41ccfb84
        0
        0
        0x5582bf3bc3a8
        0x5582bf3bc3a8
        0x5582bf3bc3a8
        0x5582bf3bc3a8
        0x5582bf3bc3a8
        0x5582bf3bc3a8
        0x5582bf3bc3a8
        0x5582bf3bc3a8
        0x5582bf3bc3a8
        0x5582bf3bc3a8
        0x5582bf3bc3a8
        0x5582bf3bc3a8
        0x5582bf3bc3a8
        0x5582bf3bc3a8
        0x5582bf3bc3a8
        0x5582bf3bc3a8
        0x5582bf3bc3a8
        0x5582bf3bc3a8
        0x5582bf3bc3a8
        0x5582bf3bc3a8
        0x5582bf3bc3a8
        0x5582bf3bc3a8
        0x5582bf3bc3a8
        0x5582bf3bc3a8
        0x5582bf3bc3a8
        0x5582bf3bc3a8
        0x5582bf3bc3a8
        0x5582bf3bc3a8
        0x5582bf3bc3a8
        0x5582bf3bc3a8
        0x5582bf3bc3a8
        0x5582bf3bc3a8
        0x5582bf3bc3a8
        0x5582bf3bc3a8
        0x5582bf3bc3a8
        0x5582bf3bc3a8
        0x5582bf3bc3a8
        0x5582bf3bc3a8
        0x5582bf3bc3a8
        0x5582bf3bc3a8
        0x5582bf3bc3a8
        0x5582bf3bc3a8
        0x5582bf3bc3a8
        0x5582bf3bc3a8
        0x5582bf3bc3a8
        0x5582bf3bc3a8
        0x5582bf3bc3a8
        0x5582bf3bc3a8
        0x5582bf3bc3a8
        0x5582bf3bc3a8
        0x5582bf3bc3a8
        0x5582bf3bc3a8
        0x5582bf3bc3a8
        0x5582bf3bc3a8
        0x5582bf3bc3a8
        0x5582bf3bc3a8
        0x5582bf3bc3a8
        0x5582bf3bc3a8
        0x5582bf3bc3a8
        0x5582bf3bc3a8
        0x5582bf3bc3a8
        0x5582bf3bc3a8
        0x5582bf3bc3a8
        0x5582bf3bc3a8
        0x5582bf3bc3a8
        0x5582bf3bc3a8
        0x5582bf3bc3a8
        0x5582bf3bc3a8
        0x5582bf3bc3a8
        0x5582bf3bc3a8
        0x5582bf3bc3a8
        0x5582bf3bc3a8
        0x5582bf3bc3a8
        0x5582bf3bc3a8
        0x5582bf3bc3a8
        0x5582bf3bc3a8
        0x5582bf3bc3a8
        0x5582bf3bc3a8
        0x5582bf3bc3a8
        0x5582bf3bc3a8
        0x5582bf3bc3a8
        0x5582bf3bc3a8
        0x5582bf3bc3a8
        0x5582bf3bc3a8
        0x5582bf3bc3a8
        0x5582bf3bc3a8
        0x5582bf3bc3a8
        0x5582bf3bc3a8
        0x5582bf3bc3a8
        0x5582bf3bc3a8
        0x5582bf3bc3a8
        0x5582bf3bc3a8
        0x5582bf3bc3a8
        0x5582bf3bc3a8
        0x5582bf3bc3a8
        0x5582bf3bc3a8
        0x5582bf3bc3a8
        0x5582bf3bc3a8
        0x5582bf3bc3a8
        0x5582bf3bc3a8
        0x5582bf3bc3a8
        0x5582bf3bc3a8
        0x5582bf3bc3a8
        0x5582bf3bc3a8
        0x5582bf3bc3a8
        0x5582bf3bc3a8
        0x5582bf3bc3a8
        0x5582bf3bc3a8
        0x5582bf3bc3a8
        0x5582bf3bc3a8
        0x5582bf3bc3a8
        0x5582bf3bc3a8
        0x5582bf3bc3a8
        0x5582bf3bc3a8
        0x5582bf3bc3a8
        0x5582bf3bc3a8
        0x5582bf3bc3a8
        0x5582bf3bc3a8
        0x5582bf3bc3a8
        0x5582bf3bc3a8
]: 1
@preempt_stack[
        0x7fef9c9f489f
        0x411407a6
        0x7feefb846428
        0x7feefb9e578f
        0x5582be808500
]: 1
@preempt_stack[
        0x4119cf76
        0x411d9ef4
        0x41a043ff
        0x413821e6
        0x4137da64
        0x7feefb846428
        0x7feefb9e578f
        0x5582be808500
]: 1
@preempt_stack[
        0x411ab0f6
        0x41b87864
        0x416f6adf
        0x7feefb846428
        0x7feefb9e578f
        0x5582be808500
]: 1
@preempt_stack[
        0x7feefb9cb8e0
        0x130000
        0
        0
        0x5582c023c830
]: 1
@preempt_stack[
        0x7fef9cb0c507
        0x46
]: 1
@preempt_stack[
        0x7feefb9dcfa3
        0x120000
        0x5582c1849b60
        0x5582c1849b60
        0x5582c1849b60
        0x5582c1849b60
        0x5582c1849b60
        0x5582c1849b60
        0x5582c1849b60
        0x5582c1849b60
        0x5582c1849b60
        0x5582c1849b60
        0x5582c1849b60
        0x5582c1849b60
        0x5582c1849b60
        0x5582c1849b60
        0x5582c1849b60
        0x5582c1849b60
        0x5582c1849b60
        0x5582c1849b60
        0x5582c1849b60
        0x5582c1849b60
        0x5582c1849b60
        0x5582c1849b60
        0x5582c1849b60
        0x5582c1849b60
        0x5582c1849b60
        0x5582c1849b60
        0x5582c1849b60
        0x5582c1849b60
        0x5582c1849b60
        0x5582c1849b60
        0x5582c1849b60
        0x5582c1849b60
        0x5582c1849b60
        0x5582c1849b60
        0x5582c1849b60
        0x5582c1849b60
        0x5582c1849b60
        0x5582c1849b60
        0x5582c1849b60
        0x5582c1849b60
        0x5582c1849b60
        0x5582c1849b60
        0x5582c1849b60
        0x5582c1849b60
        0x5582c1849b60
        0x5582c1849b60
        0x5582c1849b60
        0x5582c1849b60
        0x5582c1849b60
        0x5582c1849b60
        0x5582c1849b60
        0x5582c1849b60
        0x5582c1849b60
        0x5582c1849b60
        0x5582c1849b60
        0x5582c1849b60
        0x5582c1849b60
        0x5582c1849b60
        0x5582c1849b60
        0x5582c1849b60
        0x5582c1849b60
        0x5582c1849b60
        0x5582c1849b60
        0x5582c1849b60
        0x5582c1849b60
        0x5582c1849b60
        0x5582c1849b60
        0x5582c1849b60
        0x5582c1849b60
        0x5582c1849b60
        0x5582c1849b60
        0x5582c1849b60
        0x5582c1849b60
        0x5582c1849b60
        0x5582c1849b60
        0x5582c1849b60
        0x5582c1849b60
        0x5582c1849b60
        0x5582c1849b60
        0x5582c1849b60
        0x5582c1849b60
        0x5582c1849b60
        0x5582c1849b60
        0x5582c1849b60
        0x5582c1849b60
        0x5582c1849b60
        0x5582c1849b60
        0x5582c1849b60
        0x5582c1849b60
        0x5582c1849b60
        0x5582c1849b60
        0x5582c1849b60
        0x5582c1849b60
        0x5582c1849b60
        0x5582c1849b60
        0x5582c1849b60
        0x5582c1849b60
        0x5582c1849b60
        0x5582c1849b60
        0x5582c1849b60
        0x5582c1849b60
        0x5582c1849b60
        0x5582c1849b60
        0x5582c1849b60
        0x5582c1849b60
        0x5582c1849b60
        0x5582c1849b60
        0x5582c1849b60
        0x5582c1849b60
        0x5582c1849b60
        0x5582c1849b60
        0x5582c1849b60
        0x5582c1849b60
        0x5582c1849b60
        0x5582c1849b60
        0x5582c1849b60
        0x5582c1849b60
        0x5582c1849b60
        0x5582c1849b60
        0x5582c1849b60
        0x5582c1849b60
        0x5582c1849b60
        0x5582c1849b60
        0x5582c1849b60
        0x5582c1849b60
]: 1
@preempt_stack[
        0x4143c52f
        0x411407a6
        0x7feefb846428
        0x7feefb9e578f
        0x5582be808500
]: 1
@preempt_stack[
        0x41c29254
        0x41c24529
        0x41c1c3f7
        0x413821e6
        0x4137da64
        0x7feefb846428
        0x7feefb9e578f
        0x5582be808500
]: 1
@preempt_stack[
        0x7fef9d4a6d5b
]: 1
@preempt_stack[
        0x7feefb9cb775
        0x120000
        0x5582c017afd0
        0x5582c017afd0
        0x5582c017afd0
        0x5582c017afd0
        0x5582c017afd0
        0x5582c017afd0
        0x5582c017afd0
        0x5582c017afd0
        0x5582c017afd0
        0x5582c017afd0
        0x5582c017afd0
        0x5582c017afd0
        0x5582c017afd0
        0x5582c017afd0
        0x5582c017afd0
        0x5582c017afd0
        0x5582c017afd0
        0x5582c017afd0
        0x5582c017afd0
        0x5582c017afd0
        0x5582c017afd0
        0x5582c017afd0
        0x5582c017afd0
        0x5582c017afd0
        0x5582c017afd0
        0x5582c017afd0
        0x5582c017afd0
        0x5582c017afd0
        0x5582c017afd0
        0x5582c017afd0
        0x5582c017afd0
        0x5582c017afd0
        0x5582c017afd0
        0x5582c017afd0
        0x5582c017afd0
        0x5582c017afd0
        0x5582c017afd0
        0x5582c017afd0
        0x5582c017afd0
        0x5582c017afd0
        0x5582c017afd0
        0x5582c017afd0
        0x5582c017afd0
        0x5582c017afd0
        0x5582c017afd0
        0x5582c017afd0
        0x5582c017afd0
        0x5582c017afd0
        0x5582c017afd0
        0x5582c017afd0
        0x5582c017afd0
        0x5582c017afd0
        0x5582c017afd0
        0x5582c017afd0
        0x5582c017afd0
        0x5582c017afd0
        0x5582c017afd0
        0x5582c017afd0
        0x5582c017afd0
        0x5582c017afd0
        0x5582c017afd0
        0x5582c017afd0
        0x5582c017afd0
        0x5582c017afd0
        0x5582c017afd0
        0x5582c017afd0
        0x5582c017afd0
        0x5582c017afd0
        0x5582c017afd0
        0x5582c017afd0
        0x5582c017afd0
        0x5582c017afd0
        0x5582c017afd0
        0x5582c017afd0
        0x5582c017afd0
        0x5582c017afd0
        0x5582c017afd0
        0x5582c017afd0
        0x5582c017afd0
        0x5582c017afd0
        0x5582c017afd0
        0x5582c017afd0
        0x5582c017afd0
        0x5582c017afd0
        0x5582c017afd0
        0x5582c017afd0
        0x5582c017afd0
        0x5582c017afd0
        0x5582c017afd0
        0x5582c017afd0
        0x5582c017afd0
        0x5582c017afd0
        0x5582c017afd0
        0x5582c017afd0
        0x5582c017afd0
        0x5582c017afd0
        0x5582c017afd0
        0x5582c017afd0
        0x5582c017afd0
        0x5582c017afd0
        0x5582c017afd0
        0x5582c017afd0
        0x5582c017afd0
        0x5582c017afd0
        0x5582c017afd0
        0x5582c017afd0
        0x5582c017afd0
        0x5582c017afd0
        0x5582c017afd0
        0x5582c017afd0
        0x5582c017afd0
        0x5582c017afd0
        0x5582c017afd0
        0x5582c017afd0
        0x5582c017afd0
        0x5582c017afd0
        0x5582c017afd0
        0x5582c017afd0
        0x5582c017afd0
        0x5582c017afd0
        0x5582c017afd0
        0x5582c017afd0
        0x5582c017afd0
        0x5582c017afd0
        0x5582c017afd0
]: 1
@preempt_stack[
        0x41c25a42
        0x41c252bc
        0x41c24529
        0x41c1c3f7
        0x413821e6
        0x4137da64
        0x7feefb846428
        0x7feefb9e578f
        0x5582be808500
]: 1
@preempt_stack[
        0x7fef9d5b296a
]: 1
@preempt_stack[
        0x7fef9cd4ec91
        0x18
]: 1
@preempt_stack[
        mono_mempool_alloc+34
        0x7feefb849be1
]: 1
@preempt_stack[
        0x7feefba0d5c9
]: 1
@preempt_stack[
        0x7feefb9dcfa3
        0x120000
        0x5582c1742fa8
        0x5582c1742fa8
        0x5582c1742fa8
        0x5582c1742fa8
        0x5582c1742fa8
        0x5582c1742fa8
        0x5582c1742fa8
        0x5582c1742fa8
        0x5582c1742fa8
        0x5582c1742fa8
        0x5582c1742fa8
        0x5582c1742fa8
        0x5582c1742fa8
        0x5582c1742fa8
        0x5582c1742fa8
        0x5582c1742fa8
        0x5582c1742fa8
        0x5582c1742fa8
        0x5582c1742fa8
        0x5582c1742fa8
        0x5582c1742fa8
        0x5582c1742fa8
        0x5582c1742fa8
        0x5582c1742fa8
        0x5582c1742fa8
        0x5582c1742fa8
        0x5582c1742fa8
        0x5582c1742fa8
        0x5582c1742fa8
        0x5582c1742fa8
        0x5582c1742fa8
        0x5582c1742fa8
        0x5582c1742fa8
        0x5582c1742fa8
        0x5582c1742fa8
        0x5582c1742fa8
        0x5582c1742fa8
        0x5582c1742fa8
        0x5582c1742fa8
        0x5582c1742fa8
        0x5582c1742fa8
        0x5582c1742fa8
        0x5582c1742fa8
        0x5582c1742fa8
        0x5582c1742fa8
        0x5582c1742fa8
        0x5582c1742fa8
        0x5582c1742fa8
        0x5582c1742fa8
        0x5582c1742fa8
        0x5582c1742fa8
        0x5582c1742fa8
        0x5582c1742fa8
        0x5582c1742fa8
        0x5582c1742fa8
        0x5582c1742fa8
        0x5582c1742fa8
        0x5582c1742fa8
        0x5582c1742fa8
        0x5582c1742fa8
        0x5582c1742fa8
        0x5582c1742fa8
        0x5582c1742fa8
        0x5582c1742fa8
        0x5582c1742fa8
        0x5582c1742fa8
        0x5582c1742fa8
        0x5582c1742fa8
        0x5582c1742fa8
        0x5582c1742fa8
        0x5582c1742fa8
        0x5582c1742fa8
        0x5582c1742fa8
        0x5582c1742fa8
        0x5582c1742fa8
        0x5582c1742fa8
        0x5582c1742fa8
        0x5582c1742fa8
        0x5582c1742fa8
        0x5582c1742fa8
        0x5582c1742fa8
        0x5582c1742fa8
        0x5582c1742fa8
        0x5582c1742fa8
        0x5582c1742fa8
        0x5582c1742fa8
        0x5582c1742fa8
        0x5582c1742fa8
        0x5582c1742fa8
        0x5582c1742fa8
        0x5582c1742fa8
        0x5582c1742fa8
        0x5582c1742fa8
        0x5582c1742fa8
        0x5582c1742fa8
        0x5582c1742fa8
        0x5582c1742fa8
        0x5582c1742fa8
        0x5582c1742fa8
        0x5582c1742fa8
        0x5582c1742fa8
        0x5582c1742fa8
        0x5582c1742fa8
        0x5582c1742fa8
        0x5582c1742fa8
        0x5582c1742fa8
        0x5582c1742fa8
        0x5582c1742fa8
        0x5582c1742fa8
        0x5582c1742fa8
        0x5582c1742fa8
        0x5582c1742fa8
        0x5582c1742fa8
        0x5582c1742fa8
        0x5582c1742fa8
        0x5582c1742fa8
        0x5582c1742fa8
        0x5582c1742fa8
        0x5582c1742fa8
        0x5582c1742fa8
        0x5582c1742fa8
        0x5582c1742fa8
        0x5582c1742fa8
        0x5582c1742fa8
        0x5582c1742fa8
]: 1
@preempt_stack[
        0x7fef9c90594c
]: 1
@preempt_stack[
        0x7feefba0f68f
        0x130000
        0
        0
        0x5582c1a315c0
]: 1
@preempt_stack[
        0x413d8907
        0x413e8368
        0x416ff934
        0x411407a6
        0x7feefb846428
        0x7feefb9e578f
        0x5582be808500
]: 1
@preempt_stack[
        0x7fef9d5a5343
]: 1
@preempt_stack[
        0x41cdaab5
        0x41cd7cb4
        0x41cd5458
        0x41cd52e0
        0x41ccfb84
        0
        0
        0x5582bf3bc3a8
        0x5582bf3bc3a8
        0x5582bf3bc3a8
        0x5582bf3bc3a8
        0x5582bf3bc3a8
        0x5582bf3bc3a8
        0x5582bf3bc3a8
        0x5582bf3bc3a8
        0x5582bf3bc3a8
        0x5582bf3bc3a8
        0x5582bf3bc3a8
        0x5582bf3bc3a8
        0x5582bf3bc3a8
        0x5582bf3bc3a8
        0x5582bf3bc3a8
        0x5582bf3bc3a8
        0x5582bf3bc3a8
        0x5582bf3bc3a8
        0x5582bf3bc3a8
        0x5582bf3bc3a8
        0x5582bf3bc3a8
        0x5582bf3bc3a8
        0x5582bf3bc3a8
        0x5582bf3bc3a8
        0x5582bf3bc3a8
        0x5582bf3bc3a8
        0x5582bf3bc3a8
        0x5582bf3bc3a8
        0x5582bf3bc3a8
        0x5582bf3bc3a8
        0x5582bf3bc3a8
        0x5582bf3bc3a8
        0x5582bf3bc3a8
        0x5582bf3bc3a8
        0x5582bf3bc3a8
        0x5582bf3bc3a8
        0x5582bf3bc3a8
        0x5582bf3bc3a8
        0x5582bf3bc3a8
        0x5582bf3bc3a8
        0x5582bf3bc3a8
        0x5582bf3bc3a8
        0x5582bf3bc3a8
        0x5582bf3bc3a8
        0x5582bf3bc3a8
        0x5582bf3bc3a8
        0x5582bf3bc3a8
        0x5582bf3bc3a8
        0x5582bf3bc3a8
        0x5582bf3bc3a8
        0x5582bf3bc3a8
        0x5582bf3bc3a8
        0x5582bf3bc3a8
        0x5582bf3bc3a8
        0x5582bf3bc3a8
        0x5582bf3bc3a8
        0x5582bf3bc3a8
        0x5582bf3bc3a8
        0x5582bf3bc3a8
        0x5582bf3bc3a8
        0x5582bf3bc3a8
        0x5582bf3bc3a8
        0x5582bf3bc3a8
        0x5582bf3bc3a8
        0x5582bf3bc3a8
        0x5582bf3bc3a8
        0x5582bf3bc3a8
        0x5582bf3bc3a8
        0x5582bf3bc3a8
        0x5582bf3bc3a8
        0x5582bf3bc3a8
        0x5582bf3bc3a8
        0x5582bf3bc3a8
        0x5582bf3bc3a8
        0x5582bf3bc3a8
        0x5582bf3bc3a8
        0x5582bf3bc3a8
        0x5582bf3bc3a8
        0x5582bf3bc3a8
        0x5582bf3bc3a8
        0x5582bf3bc3a8
        0x5582bf3bc3a8
        0x5582bf3bc3a8
        0x5582bf3bc3a8
        0x5582bf3bc3a8
        0x5582bf3bc3a8
        0x5582bf3bc3a8
        0x5582bf3bc3a8
        0x5582bf3bc3a8
        0x5582bf3bc3a8
        0x5582bf3bc3a8
        0x5582bf3bc3a8
        0x5582bf3bc3a8
        0x5582bf3bc3a8
        0x5582bf3bc3a8
        0x5582bf3bc3a8
        0x5582bf3bc3a8
        0x5582bf3bc3a8
        0x5582bf3bc3a8
        0x5582bf3bc3a8
        0x5582bf3bc3a8
        0x5582bf3bc3a8
        0x5582bf3bc3a8
        0x5582bf3bc3a8
        0x5582bf3bc3a8
        0x5582bf3bc3a8
        0x5582bf3bc3a8
        0x5582bf3bc3a8
        0x5582bf3bc3a8
        0x5582bf3bc3a8
        0x5582bf3bc3a8
        0x5582bf3bc3a8
        0x5582bf3bc3a8
        0x5582bf3bc3a8
        0x5582bf3bc3a8
        0x5582bf3bc3a8
        0x5582bf3bc3a8
        0x5582bf3bc3a8
        0x5582bf3bc3a8
        0x5582bf3bc3a8
]: 1
@preempt_stack[
        mono_metadata_type_hash+80
        0x120000
        0x5582bf395718
        0x5582bf395718
        0x5582bf395718
        0x5582bf395718
        0x5582bf395718
        0x5582bf395718
        0x5582bf395718
        0x5582bf395718
        0x5582bf395718
        0x5582bf395718
        0x5582bf395718
        0x5582bf395718
        0x5582bf395718
        0x5582bf395718
        0x5582bf395718
        0x5582bf395718
        0x5582bf395718
        0x5582bf395718
        0x5582bf395718
        0x5582bf395718
        0x5582bf395718
        0x5582bf395718
        0x5582bf395718
        0x5582bf395718
        0x5582bf395718
        0x5582bf395718
        0x5582bf395718
        0x5582bf395718
        0x5582bf395718
        0x5582bf395718
        0x5582bf395718
        0x5582bf395718
        0x5582bf395718
        0x5582bf395718
        0x5582bf395718
        0x5582bf395718
        0x5582bf395718
        0x5582bf395718
        0x5582bf395718
        0x5582bf395718
        0x5582bf395718
        0x5582bf395718
        0x5582bf395718
        0x5582bf395718
        0x5582bf395718
        0x5582bf395718
        0x5582bf395718
        0x5582bf395718
        0x5582bf395718
        0x5582bf395718
        0x5582bf395718
        0x5582bf395718
        0x5582bf395718
        0x5582bf395718
        0x5582bf395718
        0x5582bf395718
        0x5582bf395718
        0x5582bf395718
        0x5582bf395718
        0x5582bf395718
        0x5582bf395718
        0x5582bf395718
        0x5582bf395718
        0x5582bf395718
        0x5582bf395718
        0x5582bf395718
        0x5582bf395718
        0x5582bf395718
        0x5582bf395718
        0x5582bf395718
        0x5582bf395718
        0x5582bf395718
        0x5582bf395718
        0x5582bf395718
        0x5582bf395718
        0x5582bf395718
        0x5582bf395718
        0x5582bf395718
        0x5582bf395718
        0x5582bf395718
        0x5582bf395718
        0x5582bf395718
        0x5582bf395718
        0x5582bf395718
        0x5582bf395718
        0x5582bf395718
        0x5582bf395718
        0x5582bf395718
        0x5582bf395718
        0x5582bf395718
        0x5582bf395718
        0x5582bf395718
        0x5582bf395718
        0x5582bf395718
        0x5582bf395718
        0x5582bf395718
        0x5582bf395718
        0x5582bf395718
        0x5582bf395718
        0x5582bf395718
        0x5582bf395718
        0x5582bf395718
        0x5582bf395718
        0x5582bf395718
        0x5582bf395718
        0x5582bf395718
        0x5582bf395718
        0x5582bf395718
        0x5582bf395718
        0x5582bf395718
        0x5582bf395718
        0x5582bf395718
        0x5582bf395718
        0x5582bf395718
        0x5582bf395718
        0x5582bf395718
        0x5582bf395718
        0x5582bf395718
        0x5582bf395718
        0x5582bf395718
        0x5582bf395718
        0x5582bf395718
        0x5582bf395718
        0x5582bf395718
        0x5582bf395718
]: 1
@preempt_stack[
        mono_metadata_type_hash+222
        0x120000
        0x5582c18d10a0
        0x5582c18d10a0
        0x5582c18d10a0
        0x5582c18d10a0
        0x5582c18d10a0
        0x5582c18d10a0
        0x5582c18d10a0
        0x5582c18d10a0
        0x5582c18d10a0
        0x5582c18d10a0
        0x5582c18d10a0
        0x5582c18d10a0
        0x5582c18d10a0
        0x5582c18d10a0
        0x5582c18d10a0
        0x5582c18d10a0
        0x5582c18d10a0
        0x5582c18d10a0
        0x5582c18d10a0
        0x5582c18d10a0
        0x5582c18d10a0
        0x5582c18d10a0
        0x5582c18d10a0
        0x5582c18d10a0
        0x5582c18d10a0
        0x5582c18d10a0
        0x5582c18d10a0
        0x5582c18d10a0
        0x5582c18d10a0
        0x5582c18d10a0
        0x5582c18d10a0
        0x5582c18d10a0
        0x5582c18d10a0
        0x5582c18d10a0
        0x5582c18d10a0
        0x5582c18d10a0
        0x5582c18d10a0
        0x5582c18d10a0
        0x5582c18d10a0
        0x5582c18d10a0
        0x5582c18d10a0
        0x5582c18d10a0
        0x5582c18d10a0
        0x5582c18d10a0
        0x5582c18d10a0
        0x5582c18d10a0
        0x5582c18d10a0
        0x5582c18d10a0
        0x5582c18d10a0
        0x5582c18d10a0
        0x5582c18d10a0
        0x5582c18d10a0
        0x5582c18d10a0
        0x5582c18d10a0
        0x5582c18d10a0
        0x5582c18d10a0
        0x5582c18d10a0
        0x5582c18d10a0
        0x5582c18d10a0
        0x5582c18d10a0
        0x5582c18d10a0
        0x5582c18d10a0
        0x5582c18d10a0
        0x5582c18d10a0
        0x5582c18d10a0
        0x5582c18d10a0
        0x5582c18d10a0
        0x5582c18d10a0
        0x5582c18d10a0
        0x5582c18d10a0
        0x5582c18d10a0
        0x5582c18d10a0
        0x5582c18d10a0
        0x5582c18d10a0
        0x5582c18d10a0
        0x5582c18d10a0
        0x5582c18d10a0
        0x5582c18d10a0
        0x5582c18d10a0
        0x5582c18d10a0
        0x5582c18d10a0
        0x5582c18d10a0
        0x5582c18d10a0
        0x5582c18d10a0
        0x5582c18d10a0
        0x5582c18d10a0
        0x5582c18d10a0
        0x5582c18d10a0
        0x5582c18d10a0
        0x5582c18d10a0
        0x5582c18d10a0
        0x5582c18d10a0
        0x5582c18d10a0
        0x5582c18d10a0
        0x5582c18d10a0
        0x5582c18d10a0
        0x5582c18d10a0
        0x5582c18d10a0
        0x5582c18d10a0
        0x5582c18d10a0
        0x5582c18d10a0
        0x5582c18d10a0
        0x5582c18d10a0
        0x5582c18d10a0
        0x5582c18d10a0
        0x5582c18d10a0
        0x5582c18d10a0
        0x5582c18d10a0
        0x5582c18d10a0
        0x5582c18d10a0
        0x5582c18d10a0
        0x5582c18d10a0
        0x5582c18d10a0
        0x5582c18d10a0
        0x5582c18d10a0
        0x5582c18d10a0
        0x5582c18d10a0
        0x5582c18d10a0
        0x5582c18d10a0
        0x5582c18d10a0
        0x5582c18d10a0
        0x5582c18d10a0
        0x5582c18d10a0
        0x5582c18d10a0
        0x5582c18d10a0
]: 1
@preempt_stack[
        mono_metadata_type_hash+96
        0x120000
        0x5582bf3a5490
        0x5582bf3a5490
        0x5582bf3a5490
        0x5582bf3a5490
        0x5582bf3a5490
        0x5582bf3a5490
        0x5582bf3a5490
        0x5582bf3a5490
        0x5582bf3a5490
        0x5582bf3a5490
        0x5582bf3a5490
        0x5582bf3a5490
        0x5582bf3a5490
        0x5582bf3a5490
        0x5582bf3a5490
        0x5582bf3a5490
        0x5582bf3a5490
        0x5582bf3a5490
        0x5582bf3a5490
        0x5582bf3a5490
        0x5582bf3a5490
        0x5582bf3a5490
        0x5582bf3a5490
        0x5582bf3a5490
        0x5582bf3a5490
        0x5582bf3a5490
        0x5582bf3a5490
        0x5582bf3a5490
        0x5582bf3a5490
        0x5582bf3a5490
        0x5582bf3a5490
        0x5582bf3a5490
        0x5582bf3a5490
        0x5582bf3a5490
        0x5582bf3a5490
        0x5582bf3a5490
        0x5582bf3a5490
        0x5582bf3a5490
        0x5582bf3a5490
        0x5582bf3a5490
        0x5582bf3a5490
        0x5582bf3a5490
        0x5582bf3a5490
        0x5582bf3a5490
        0x5582bf3a5490
        0x5582bf3a5490
        0x5582bf3a5490
        0x5582bf3a5490
        0x5582bf3a5490
        0x5582bf3a5490
        0x5582bf3a5490
        0x5582bf3a5490
        0x5582bf3a5490
        0x5582bf3a5490
        0x5582bf3a5490
        0x5582bf3a5490
        0x5582bf3a5490
        0x5582bf3a5490
        0x5582bf3a5490
        0x5582bf3a5490
        0x5582bf3a5490
        0x5582bf3a5490
        0x5582bf3a5490
        0x5582bf3a5490
        0x5582bf3a5490
        0x5582bf3a5490
        0x5582bf3a5490
        0x5582bf3a5490
        0x5582bf3a5490
        0x5582bf3a5490
        0x5582bf3a5490
        0x5582bf3a5490
        0x5582bf3a5490
        0x5582bf3a5490
        0x5582bf3a5490
        0x5582bf3a5490
        0x5582bf3a5490
        0x5582bf3a5490
        0x5582bf3a5490
        0x5582bf3a5490
        0x5582bf3a5490
        0x5582bf3a5490
        0x5582bf3a5490
        0x5582bf3a5490
        0x5582bf3a5490
        0x5582bf3a5490
        0x5582bf3a5490
        0x5582bf3a5490
        0x5582bf3a5490
        0x5582bf3a5490
        0x5582bf3a5490
        0x5582bf3a5490
        0x5582bf3a5490
        0x5582bf3a5490
        0x5582bf3a5490
        0x5582bf3a5490
        0x5582bf3a5490
        0x5582bf3a5490
        0x5582bf3a5490
        0x5582bf3a5490
        0x5582bf3a5490
        0x5582bf3a5490
        0x5582bf3a5490
        0x5582bf3a5490
        0x5582bf3a5490
        0x5582bf3a5490
        0x5582bf3a5490
        0x5582bf3a5490
        0x5582bf3a5490
        0x5582bf3a5490
        0x5582bf3a5490
        0x5582bf3a5490
        0x5582bf3a5490
        0x5582bf3a5490
        0x5582bf3a5490
        0x5582bf3a5490
        0x5582bf3a5490
        0x5582bf3a5490
        0x5582bf3a5490
        0x5582bf3a5490
        0x5582bf3a5490
        0x5582bf3a5490
        0x5582bf3a5490
        0x5582bf3a5490
        0x5582bf3a5490
]: 1
@preempt_stack[
        0x41c28fb0
        0x41c24529
        0x41c1c3f7
        0x413821e6
        0x4137da64
        0x7feefb846428
        0x7feefb9e578f
        0x5582be808500
]: 1
@preempt_stack[
        0x4172a356
        0x411407a6
        0x7feefb846428
        0x7feefb9e578f
        0x5582be808500
]: 1
@preempt_stack[
        0x7fef9bbb7fd3
        0x7fef61c5f690
]: 1
@preempt_stack[
        0x7feefb9ce4da
        0x5582c173b360
        0x5582c173b360
        0x5582c173b360
        0x5582c173b360
        0x5582c173b360
        0x5582c173b360
        0x5582c173b360
        0x5582c173b360
        0x5582c173b360
        0x5582c173b360
        0x5582c173b360
        0x5582c173b360
        0x5582c173b360
        0x5582c173b360
        0x5582c173b360
        0x5582c173b360
        0x5582c173b360
        0x5582c173b360
        0x5582c173b360
        0x5582c173b360
        0x5582c173b360
        0x5582c173b360
        0x5582c173b360
        0x5582c173b360
        0x5582c173b360
        0x5582c173b360
        0x5582c173b360
        0x5582c173b360
        0x5582c173b360
        0x5582c173b360
        0x5582c173b360
        0x5582c173b360
        0x5582c173b360
        0x5582c173b360
        0x5582c173b360
        0x5582c173b360
        0x5582c173b360
        0x5582c173b360
        0x5582c173b360
        0x5582c173b360
        0x5582c173b360
        0x5582c173b360
        0x5582c173b360
        0x5582c173b360
        0x5582c173b360
        0x5582c173b360
        0x5582c173b360
        0x5582c173b360
        0x5582c173b360
        0x5582c173b360
        0x5582c173b360
        0x5582c173b360
        0x5582c173b360
        0x5582c173b360
        0x5582c173b360
        0x5582c173b360
        0x5582c173b360
        0x5582c173b360
        0x5582c173b360
        0x5582c173b360
        0x5582c173b360
        0x5582c173b360
        0x5582c173b360
        0x5582c173b360
        0x5582c173b360
        0x5582c173b360
        0x5582c173b360
        0x5582c173b360
        0x5582c173b360
        0x5582c173b360
        0x5582c173b360
        0x5582c173b360
        0x5582c173b360
        0x5582c173b360
        0x5582c173b360
        0x5582c173b360
        0x5582c173b360
        0x5582c173b360
        0x5582c173b360
        0x5582c173b360
        0x5582c173b360
        0x5582c173b360
        0x5582c173b360
        0x5582c173b360
        0x5582c173b360
        0x5582c173b360
        0x5582c173b360
        0x5582c173b360
        0x5582c173b360
        0x5582c173b360
        0x5582c173b360
        0x5582c173b360
        0x5582c173b360
        0x5582c173b360
        0x5582c173b360
        0x5582c173b360
        0x5582c173b360
        0x5582c173b360
        0x5582c173b360
        0x5582c173b360
        0x5582c173b360
        0x5582c173b360
        0x5582c173b360
        0x5582c173b360
        0x5582c173b360
        0x5582c173b360
        0x5582c173b360
        0x5582c173b360
        0x5582c173b360
        0x5582c173b360
        0x5582c173b360
        0x5582c173b360
        0x5582c173b360
        0x5582c173b360
        0x5582c173b360
        0x5582c173b360
        0x5582c173b360
        0x5582c173b360
        0x5582c173b360
        0x5582c173b360
        0x5582c173b360
        0x5582c173b360
        0x5582c173b360
        0x5582c173b360
        0x5582c173b360
        0x5582c173b360
]: 1
@preempt_stack[
        0x7fef9d5b2ba0
]: 1
@preempt_stack[
        0x7feefb9cb609
        0
        0
        0x5582c1665cb0
]: 1
@preempt_stack[
        0x7feefb9e44f9
        0x120000
        0x5582bf5f30c0
        0x5582bf5f30c0
        0x5582bf5f30c0
        0x5582bf5f30c0
        0x5582bf5f30c0
        0x5582bf5f30c0
        0x5582bf5f30c0
        0x5582bf5f30c0
        0x5582bf5f30c0
        0x5582bf5f30c0
        0x5582bf5f30c0
        0x5582bf5f30c0
        0x5582bf5f30c0
        0x5582bf5f30c0
        0x5582bf5f30c0
        0x5582bf5f30c0
        0x5582bf5f30c0
        0x5582bf5f30c0
        0x5582bf5f30c0
        0x5582bf5f30c0
        0x5582bf5f30c0
        0x5582bf5f30c0
        0x5582bf5f30c0
        0x5582bf5f30c0
        0x5582bf5f30c0
        0x5582bf5f30c0
        0x5582bf5f30c0
        0x5582bf5f30c0
        0x5582bf5f30c0
        0x5582bf5f30c0
        0x5582bf5f30c0
        0x5582bf5f30c0
        0x5582bf5f30c0
        0x5582bf5f30c0
        0x5582bf5f30c0
        0x5582bf5f30c0
        0x5582bf5f30c0
        0x5582bf5f30c0
        0x5582bf5f30c0
        0x5582bf5f30c0
        0x5582bf5f30c0
        0x5582bf5f30c0
        0x5582bf5f30c0
        0x5582bf5f30c0
        0x5582bf5f30c0
        0x5582bf5f30c0
        0x5582bf5f30c0
        0x5582bf5f30c0
        0x5582bf5f30c0
        0x5582bf5f30c0
        0x5582bf5f30c0
        0x5582bf5f30c0
        0x5582bf5f30c0
        0x5582bf5f30c0
        0x5582bf5f30c0
        0x5582bf5f30c0
        0x5582bf5f30c0
        0x5582bf5f30c0
        0x5582bf5f30c0
        0x5582bf5f30c0
        0x5582bf5f30c0
        0x5582bf5f30c0
        0x5582bf5f30c0
        0x5582bf5f30c0
        0x5582bf5f30c0
        0x5582bf5f30c0
        0x5582bf5f30c0
        0x5582bf5f30c0
        0x5582bf5f30c0
        0x5582bf5f30c0
        0x5582bf5f30c0
        0x5582bf5f30c0
        0x5582bf5f30c0
        0x5582bf5f30c0
        0x5582bf5f30c0
        0x5582bf5f30c0
        0x5582bf5f30c0
        0x5582bf5f30c0
        0x5582bf5f30c0
        0x5582bf5f30c0
        0x5582bf5f30c0
        0x5582bf5f30c0
        0x5582bf5f30c0
        0x5582bf5f30c0
        0x5582bf5f30c0
        0x5582bf5f30c0
        0x5582bf5f30c0
        0x5582bf5f30c0
        0x5582bf5f30c0
        0x5582bf5f30c0
        0x5582bf5f30c0
        0x5582bf5f30c0
        0x5582bf5f30c0
        0x5582bf5f30c0
        0x5582bf5f30c0
        0x5582bf5f30c0
        0x5582bf5f30c0
        0x5582bf5f30c0
        0x5582bf5f30c0
        0x5582bf5f30c0
        0x5582bf5f30c0
        0x5582bf5f30c0
        0x5582bf5f30c0
        0x5582bf5f30c0
        0x5582bf5f30c0
        0x5582bf5f30c0
        0x5582bf5f30c0
        0x5582bf5f30c0
        0x5582bf5f30c0
        0x5582bf5f30c0
        0x5582bf5f30c0
        0x5582bf5f30c0
        0x5582bf5f30c0
        0x5582bf5f30c0
        0x5582bf5f30c0
        0x5582bf5f30c0
        0x5582bf5f30c0
        0x5582bf5f30c0
        0x5582bf5f30c0
        0x5582bf5f30c0
        0x5582bf5f30c0
        0x5582bf5f30c0
        0x5582bf5f30c0
        0x5582bf5f30c0
        0x5582bf5f30c0
]: 1
@preempt_stack[
        0x7feefb9ce4c1
        0x120000
        0x5582c0164950
        0x5582c0164950
        0x5582c0164950
        0x5582c0164950
        0x5582c0164950
        0x5582c0164950
        0x5582c0164950
        0x5582c0164950
        0x5582c0164950
        0x5582c0164950
        0x5582c0164950
        0x5582c0164950
        0x5582c0164950
        0x5582c0164950
        0x5582c0164950
        0x5582c0164950
        0x5582c0164950
        0x5582c0164950
        0x5582c0164950
        0x5582c0164950
        0x5582c0164950
        0x5582c0164950
        0x5582c0164950
        0x5582c0164950
        0x5582c0164950
        0x5582c0164950
        0x5582c0164950
        0x5582c0164950
        0x5582c0164950
        0x5582c0164950
        0x5582c0164950
        0x5582c0164950
        0x5582c0164950
        0x5582c0164950
        0x5582c0164950
        0x5582c0164950
        0x5582c0164950
        0x5582c0164950
        0x5582c0164950
        0x5582c0164950
        0x5582c0164950
        0x5582c0164950
        0x5582c0164950
        0x5582c0164950
        0x5582c0164950
        0x5582c0164950
        0x5582c0164950
        0x5582c0164950
        0x5582c0164950
        0x5582c0164950
        0x5582c0164950
        0x5582c0164950
        0x5582c0164950
        0x5582c0164950
        0x5582c0164950
        0x5582c0164950
        0x5582c0164950
        0x5582c0164950
        0x5582c0164950
        0x5582c0164950
        0x5582c0164950
        0x5582c0164950
        0x5582c0164950
        0x5582c0164950
        0x5582c0164950
        0x5582c0164950
        0x5582c0164950
        0x5582c0164950
        0x5582c0164950
        0x5582c0164950
        0x5582c0164950
        0x5582c0164950
        0x5582c0164950
        0x5582c0164950
        0x5582c0164950
        0x5582c0164950
        0x5582c0164950
        0x5582c0164950
        0x5582c0164950
        0x5582c0164950
        0x5582c0164950
        0x5582c0164950
        0x5582c0164950
        0x5582c0164950
        0x5582c0164950
        0x5582c0164950
        0x5582c0164950
        0x5582c0164950
        0x5582c0164950
        0x5582c0164950
        0x5582c0164950
        0x5582c0164950
        0x5582c0164950
        0x5582c0164950
        0x5582c0164950
        0x5582c0164950
        0x5582c0164950
        0x5582c0164950
        0x5582c0164950
        0x5582c0164950
        0x5582c0164950
        0x5582c0164950
        0x5582c0164950
        0x5582c0164950
        0x5582c0164950
        0x5582c0164950
        0x5582c0164950
        0x5582c0164950
        0x5582c0164950
        0x5582c0164950
        0x5582c0164950
        0x5582c0164950
        0x5582c0164950
        0x5582c0164950
        0x5582c0164950
        0x5582c0164950
        0x5582c0164950
        0x5582c0164950
        0x5582c0164950
        0x5582c0164950
        0x5582c0164950
        0x5582c0164950
        0x5582c0164950
        0x5582c0164950
        0x5582c0164950
]: 1
@preempt_stack[
        0x7fef9c905b30
]: 1
@preempt_stack[
        0x4126c55f
        0x41b87864
        0x416f6adf
        0x7feefb846428
        0x7feefb9e578f
        0x5582be808500
]: 1
@preempt_stack[
        0x7fef9de72bcb
        __clock_gettime+29
        0xd8000880402c0000
]: 1
@preempt_stack[
        0x7feefb9dcfa3
        0x120000
        0x5582c1cc4568
        0x5582c1cc4568
        0x5582c1cc4568
        0x5582c1cc4568
        0x5582c1cc4568
        0x5582c1cc4568
        0x5582c1cc4568
        0x5582c1cc4568
        0x5582c1cc4568
        0x5582c1cc4568
        0x5582c1cc4568
        0x5582c1cc4568
        0x5582c1cc4568
        0x5582c1cc4568
        0x5582c1cc4568
        0x5582c1cc4568
        0x5582c1cc4568
        0x5582c1cc4568
        0x5582c1cc4568
        0x5582c1cc4568
        0x5582c1cc4568
        0x5582c1cc4568
        0x5582c1cc4568
        0x5582c1cc4568
        0x5582c1cc4568
        0x5582c1cc4568
        0x5582c1cc4568
        0x5582c1cc4568
        0x5582c1cc4568
        0x5582c1cc4568
        0x5582c1cc4568
        0x5582c1cc4568
        0x5582c1cc4568
        0x5582c1cc4568
        0x5582c1cc4568
        0x5582c1cc4568
        0x5582c1cc4568
        0x5582c1cc4568
        0x5582c1cc4568
        0x5582c1cc4568
        0x5582c1cc4568
        0x5582c1cc4568
        0x5582c1cc4568
        0x5582c1cc4568
        0x5582c1cc4568
        0x5582c1cc4568
        0x5582c1cc4568
        0x5582c1cc4568
        0x5582c1cc4568
        0x5582c1cc4568
        0x5582c1cc4568
        0x5582c1cc4568
        0x5582c1cc4568
        0x5582c1cc4568
        0x5582c1cc4568
        0x5582c1cc4568
        0x5582c1cc4568
        0x5582c1cc4568
        0x5582c1cc4568
        0x5582c1cc4568
        0x5582c1cc4568
        0x5582c1cc4568
        0x5582c1cc4568
        0x5582c1cc4568
        0x5582c1cc4568
        0x5582c1cc4568
        0x5582c1cc4568
        0x5582c1cc4568
        0x5582c1cc4568
        0x5582c1cc4568
        0x5582c1cc4568
        0x5582c1cc4568
        0x5582c1cc4568
        0x5582c1cc4568
        0x5582c1cc4568
        0x5582c1cc4568
        0x5582c1cc4568
        0x5582c1cc4568
        0x5582c1cc4568
        0x5582c1cc4568
        0x5582c1cc4568
        0x5582c1cc4568
        0x5582c1cc4568
        0x5582c1cc4568
        0x5582c1cc4568
        0x5582c1cc4568
        0x5582c1cc4568
        0x5582c1cc4568
        0x5582c1cc4568
        0x5582c1cc4568
        0x5582c1cc4568
        0x5582c1cc4568
        0x5582c1cc4568
        0x5582c1cc4568
        0x5582c1cc4568
        0x5582c1cc4568
        0x5582c1cc4568
        0x5582c1cc4568
        0x5582c1cc4568
        0x5582c1cc4568
        0x5582c1cc4568
        0x5582c1cc4568
        0x5582c1cc4568
        0x5582c1cc4568
        0x5582c1cc4568
        0x5582c1cc4568
        0x5582c1cc4568
        0x5582c1cc4568
        0x5582c1cc4568
        0x5582c1cc4568
        0x5582c1cc4568
        0x5582c1cc4568
        0x5582c1cc4568
        0x5582c1cc4568
        0x5582c1cc4568
        0x5582c1cc4568
        0x5582c1cc4568
        0x5582c1cc4568
        0x5582c1cc4568
        0x5582c1cc4568
        0x5582c1cc4568
        0x5582c1cc4568
        0x5582c1cc4568
        0x5582c1cc4568
        0x5582c1cc4568
]: 1
@preempt_stack[
        0x41184301
        0x41a043ff
        0x413821e6
        0x4137da64
        0x7feefb846428
        0x7feefb9e578f
        0x5582be808500
]: 1
@preempt_stack[
        0x7fef9baa95d4
]: 1
@preempt_stack[
        mono_g_hash_table_lookup_extended+66
        0x120000
        0x5582c1753640
        0x5582c1753640
        0x5582c1753640
        0x5582c1753640
        0x5582c1753640
        0x5582c1753640
        0x5582c1753640
        0x5582c1753640
        0x5582c1753640
        0x5582c1753640
        0x5582c1753640
        0x5582c1753640
        0x5582c1753640
        0x5582c1753640
        0x5582c1753640
        0x5582c1753640
        0x5582c1753640
        0x5582c1753640
        0x5582c1753640
        0x5582c1753640
        0x5582c1753640
        0x5582c1753640
        0x5582c1753640
        0x5582c1753640
        0x5582c1753640
        0x5582c1753640
        0x5582c1753640
        0x5582c1753640
        0x5582c1753640
        0x5582c1753640
        0x5582c1753640
        0x5582c1753640
        0x5582c1753640
        0x5582c1753640
        0x5582c1753640
        0x5582c1753640
        0x5582c1753640
        0x5582c1753640
        0x5582c1753640
        0x5582c1753640
        0x5582c1753640
        0x5582c1753640
        0x5582c1753640
        0x5582c1753640
        0x5582c1753640
        0x5582c1753640
        0x5582c1753640
        0x5582c1753640
        0x5582c1753640
        0x5582c1753640
        0x5582c1753640
        0x5582c1753640
        0x5582c1753640
        0x5582c1753640
        0x5582c1753640
        0x5582c1753640
        0x5582c1753640
        0x5582c1753640
        0x5582c1753640
        0x5582c1753640
        0x5582c1753640
        0x5582c1753640
        0x5582c1753640
        0x5582c1753640
        0x5582c1753640
        0x5582c1753640
        0x5582c1753640
        0x5582c1753640
        0x5582c1753640
        0x5582c1753640
        0x5582c1753640
        0x5582c1753640
        0x5582c1753640
        0x5582c1753640
        0x5582c1753640
        0x5582c1753640
        0x5582c1753640
        0x5582c1753640
        0x5582c1753640
        0x5582c1753640
        0x5582c1753640
        0x5582c1753640
        0x5582c1753640
        0x5582c1753640
        0x5582c1753640
        0x5582c1753640
        0x5582c1753640
        0x5582c1753640
        0x5582c1753640
        0x5582c1753640
        0x5582c1753640
        0x5582c1753640
        0x5582c1753640
        0x5582c1753640
        0x5582c1753640
        0x5582c1753640
        0x5582c1753640
        0x5582c1753640
        0x5582c1753640
        0x5582c1753640
        0x5582c1753640
        0x5582c1753640
        0x5582c1753640
        0x5582c1753640
        0x5582c1753640
        0x5582c1753640
        0x5582c1753640
        0x5582c1753640
        0x5582c1753640
        0x5582c1753640
        0x5582c1753640
        0x5582c1753640
        0x5582c1753640
        0x5582c1753640
        0x5582c1753640
        0x5582c1753640
        0x5582c1753640
        0x5582c1753640
        0x5582c1753640
        0x5582c1753640
        0x5582c1753640
        0x5582c1753640
        0x5582c1753640
        0x5582c1753640
        0x5582c1753640
]: 1
@preempt_stack[
        0x7feefba544cf
        0x7fed95b814b0
]: 1
@preempt_stack[
        0x7fef9c905ab0
        0x3131207265
]: 1
@preempt_stack[
        0x7fef9ca037c5
        0x7feea04a9c30
        0x66654c7473656863
]: 1
@preempt_stack[
        0x7fef9d5780fc
        0x34600f105e00aa9
]: 1
@preempt_stack[
        pthread_mutex_trylock+905
        0x120000
        0x5582c201e198
        0x5582c201e198
        0x5582c201e198
        0x5582c201e198
        0x5582c201e198
        0x5582c201e198
        0x5582c201e198
        0x5582c201e198
        0x5582c201e198
        0x5582c201e198
        0x5582c201e198
        0x5582c201e198
        0x5582c201e198
        0x5582c201e198
        0x5582c201e198
        0x5582c201e198
        0x5582c201e198
        0x5582c201e198
        0x5582c201e198
        0x5582c201e198
        0x5582c201e198
        0x5582c201e198
        0x5582c201e198
        0x5582c201e198
        0x5582c201e198
        0x5582c201e198
        0x5582c201e198
        0x5582c201e198
        0x5582c201e198
        0x5582c201e198
        0x5582c201e198
        0x5582c201e198
        0x5582c201e198
        0x5582c201e198
        0x5582c201e198
        0x5582c201e198
        0x5582c201e198
        0x5582c201e198
        0x5582c201e198
        0x5582c201e198
        0x5582c201e198
        0x5582c201e198
        0x5582c201e198
        0x5582c201e198
        0x5582c201e198
        0x5582c201e198
        0x5582c201e198
        0x5582c201e198
        0x5582c201e198
        0x5582c201e198
        0x5582c201e198
        0x5582c201e198
        0x5582c201e198
        0x5582c201e198
        0x5582c201e198
        0x5582c201e198
        0x5582c201e198
        0x5582c201e198
        0x5582c201e198
        0x5582c201e198
        0x5582c201e198
        0x5582c201e198
        0x5582c201e198
        0x5582c201e198
        0x5582c201e198
        0x5582c201e198
        0x5582c201e198
        0x5582c201e198
        0x5582c201e198
        0x5582c201e198
        0x5582c201e198
        0x5582c201e198
        0x5582c201e198
        0x5582c201e198
        0x5582c201e198
        0x5582c201e198
        0x5582c201e198
        0x5582c201e198
        0x5582c201e198
        0x5582c201e198
        0x5582c201e198
        0x5582c201e198
        0x5582c201e198
        0x5582c201e198
        0x5582c201e198
        0x5582c201e198
        0x5582c201e198
        0x5582c201e198
        0x5582c201e198
        0x5582c201e198
        0x5582c201e198
        0x5582c201e198
        0x5582c201e198
        0x5582c201e198
        0x5582c201e198
        0x5582c201e198
        0x5582c201e198
        0x5582c201e198
        0x5582c201e198
        0x5582c201e198
        0x5582c201e198
        0x5582c201e198
        0x5582c201e198
        0x5582c201e198
        0x5582c201e198
        0x5582c201e198
        0x5582c201e198
        0x5582c201e198
        0x5582c201e198
        0x5582c201e198
        0x5582c201e198
        0x5582c201e198
        0x5582c201e198
        0x5582c201e198
        0x5582c201e198
        0x5582c201e198
        0x5582c201e198
        0x5582c201e198
        0x5582c201e198
        0x5582c201e198
        0x5582c201e198
        0x5582c201e198
        0x5582c201e198
        0x5582c201e198
        0x5582c201e198
]: 1
@preempt_stack[
        0x41c2617d
        0x41c252bc
        0x41c24529
        0x41c1c3f7
        0x413821e6
        0x4137da64
        0x7feefb846428
        0x7feefb9e578f
        0x5582be808500
]: 1
@preempt_stack[
        0x41143549
        0x41b87864
        0x416f6adf
        0x7feefb846428
        0x7feefb9e578f
        0x5582be808500
]: 1
@preempt_stack[
        0x7fef9c906ad0
        0x3632207265
]: 1
@preempt_stack[
        0x41c26d28
        0x41c252bc
        0x41c24529
        0x41c1c3f7
        0x413821e6
        0x4137da64
        0x7feefb846428
        0x7feefb9e578f
        0x5582be808500
]: 1
@preempt_stack[
        pthread_cond_timedwait+511
]: 1
@preempt_stack[
        GC_gcj_malloc+48
        0x413e8368
        0x416ff934
        0x411407a6
        0x7feefb846428
        0x7feefb9e578f
        0x5582be808500
]: 1
@preempt_stack[
        0x7feefb9cb5a7
        0x130000
        0
        0
        0x5582bec81650
]: 1
@preempt_stack[
        0x41c26e75
        0x41c252bc
        0x41c24529
        0x41c1c3f7
        0x413821e6
        0x4137da64
        0x7feefb846428
        0x7feefb9e578f
        0x5582be808500
]: 1
@preempt_stack[
        0x7fef9cb06a11
]: 1
@preempt_stack[
        clock_nanosleep+4
]: 1
@preempt_stack[
        0x7fef9cb0c507
        0
]: 1
@preempt_stack[
        0x7fef9cb8d149
]: 1
@preempt_stack[
        0x7feefb9cb75b
        0x120000
        0x5582c015b990
        0x5582c015b990
        0x5582c015b990
        0x5582c015b990
        0x5582c015b990
        0x5582c015b990
        0x5582c015b990
        0x5582c015b990
        0x5582c015b990
        0x5582c015b990
        0x5582c015b990
        0x5582c015b990
        0x5582c015b990
        0x5582c015b990
        0x5582c015b990
        0x5582c015b990
        0x5582c015b990
        0x5582c015b990
        0x5582c015b990
        0x5582c015b990
        0x5582c015b990
        0x5582c015b990
        0x5582c015b990
        0x5582c015b990
        0x5582c015b990
        0x5582c015b990
        0x5582c015b990
        0x5582c015b990
        0x5582c015b990
        0x5582c015b990
        0x5582c015b990
        0x5582c015b990
        0x5582c015b990
        0x5582c015b990
        0x5582c015b990
        0x5582c015b990
        0x5582c015b990
        0x5582c015b990
        0x5582c015b990
        0x5582c015b990
        0x5582c015b990
        0x5582c015b990
        0x5582c015b990
        0x5582c015b990
        0x5582c015b990
        0x5582c015b990
        0x5582c015b990
        0x5582c015b990
        0x5582c015b990
        0x5582c015b990
        0x5582c015b990
        0x5582c015b990
        0x5582c015b990
        0x5582c015b990
        0x5582c015b990
        0x5582c015b990
        0x5582c015b990
        0x5582c015b990
        0x5582c015b990
        0x5582c015b990
        0x5582c015b990
        0x5582c015b990
        0x5582c015b990
        0x5582c015b990
        0x5582c015b990
        0x5582c015b990
        0x5582c015b990
        0x5582c015b990
        0x5582c015b990
        0x5582c015b990
        0x5582c015b990
        0x5582c015b990
        0x5582c015b990
        0x5582c015b990
        0x5582c015b990
        0x5582c015b990
        0x5582c015b990
        0x5582c015b990
        0x5582c015b990
        0x5582c015b990
        0x5582c015b990
        0x5582c015b990
        0x5582c015b990
        0x5582c015b990
        0x5582c015b990
        0x5582c015b990
        0x5582c015b990
        0x5582c015b990
        0x5582c015b990
        0x5582c015b990
        0x5582c015b990
        0x5582c015b990
        0x5582c015b990
        0x5582c015b990
        0x5582c015b990
        0x5582c015b990
        0x5582c015b990
        0x5582c015b990
        0x5582c015b990
        0x5582c015b990
        0x5582c015b990
        0x5582c015b990
        0x5582c015b990
        0x5582c015b990
        0x5582c015b990
        0x5582c015b990
        0x5582c015b990
        0x5582c015b990
        0x5582c015b990
        0x5582c015b990
        0x5582c015b990
        0x5582c015b990
        0x5582c015b990
        0x5582c015b990
        0x5582c015b990
        0x5582c015b990
        0x5582c015b990
        0x5582c015b990
        0x5582c015b990
        0x5582c015b990
        0x5582c015b990
        0x5582c015b990
        0x5582c015b990
        0x5582c015b990
        0x5582c015b990
]: 1
@preempt_stack[
        0x7feefb9cb5b8
        0
        0
        0x5582bf8d95d0
]: 1
@preempt_stack[
        0x7feefb9dcf7a
        0x120000
        0x5582bf00ecb0
        0x5582bf00ecb0
        0x5582bf00ecb0
        0x5582bf00ecb0
        0x5582bf00ecb0
        0x5582bf00ecb0
        0x5582bf00ecb0
        0x5582bf00ecb0
        0x5582bf00ecb0
        0x5582bf00ecb0
        0x5582bf00ecb0
        0x5582bf00ecb0
        0x5582bf00ecb0
        0x5582bf00ecb0
        0x5582bf00ecb0
        0x5582bf00ecb0
        0x5582bf00ecb0
        0x5582bf00ecb0
        0x5582bf00ecb0
        0x5582bf00ecb0
        0x5582bf00ecb0
        0x5582bf00ecb0
        0x5582bf00ecb0
        0x5582bf00ecb0
        0x5582bf00ecb0
        0x5582bf00ecb0
        0x5582bf00ecb0
        0x5582bf00ecb0
        0x5582bf00ecb0
        0x5582bf00ecb0
        0x5582bf00ecb0
        0x5582bf00ecb0
        0x5582bf00ecb0
        0x5582bf00ecb0
        0x5582bf00ecb0
        0x5582bf00ecb0
        0x5582bf00ecb0
        0x5582bf00ecb0
        0x5582bf00ecb0
        0x5582bf00ecb0
        0x5582bf00ecb0
        0x5582bf00ecb0
        0x5582bf00ecb0
        0x5582bf00ecb0
        0x5582bf00ecb0
        0x5582bf00ecb0
        0x5582bf00ecb0
        0x5582bf00ecb0
        0x5582bf00ecb0
        0x5582bf00ecb0
        0x5582bf00ecb0
        0x5582bf00ecb0
        0x5582bf00ecb0
        0x5582bf00ecb0
        0x5582bf00ecb0
        0x5582bf00ecb0
        0x5582bf00ecb0
        0x5582bf00ecb0
        0x5582bf00ecb0
        0x5582bf00ecb0
        0x5582bf00ecb0
        0x5582bf00ecb0
        0x5582bf00ecb0
        0x5582bf00ecb0
        0x5582bf00ecb0
        0x5582bf00ecb0
        0x5582bf00ecb0
        0x5582bf00ecb0
        0x5582bf00ecb0
        0x5582bf00ecb0
        0x5582bf00ecb0
        0x5582bf00ecb0
        0x5582bf00ecb0
        0x5582bf00ecb0
        0x5582bf00ecb0
        0x5582bf00ecb0
        0x5582bf00ecb0
        0x5582bf00ecb0
        0x5582bf00ecb0
        0x5582bf00ecb0
        0x5582bf00ecb0
        0x5582bf00ecb0
        0x5582bf00ecb0
        0x5582bf00ecb0
        0x5582bf00ecb0
        0x5582bf00ecb0
        0x5582bf00ecb0
        0x5582bf00ecb0
        0x5582bf00ecb0
        0x5582bf00ecb0
        0x5582bf00ecb0
        0x5582bf00ecb0
        0x5582bf00ecb0
        0x5582bf00ecb0
        0x5582bf00ecb0
        0x5582bf00ecb0
        0x5582bf00ecb0
        0x5582bf00ecb0
        0x5582bf00ecb0
        0x5582bf00ecb0
        0x5582bf00ecb0
        0x5582bf00ecb0
        0x5582bf00ecb0
        0x5582bf00ecb0
        0x5582bf00ecb0
        0x5582bf00ecb0
        0x5582bf00ecb0
        0x5582bf00ecb0
        0x5582bf00ecb0
        0x5582bf00ecb0
        0x5582bf00ecb0
        0x5582bf00ecb0
        0x5582bf00ecb0
        0x5582bf00ecb0
        0x5582bf00ecb0
        0x5582bf00ecb0
        0x5582bf00ecb0
        0x5582bf00ecb0
        0x5582bf00ecb0
        0x5582bf00ecb0
        0x5582bf00ecb0
        0x5582bf00ecb0
        0x5582bf00ecb0
        0x5582bf00ecb0
        0x5582bf00ecb0
]: 1
@preempt_stack[
        0x7feefb9cb5c8
        0
        0
        0x5582c1d78040
]: 1
@preempt_stack[
        0x7feefb9dcfa3
        0x120000
        0x7fee600e98d8
        0x7fee600e98d8
        0x7fee600e98d8
        0x7fee600e98d8
        0x7fee600e98d8
        0x7fee600e98d8
        0x7fee600e98d8
        0x7fee600e98d8
        0x7fee600e98d8
        0x7fee600e98d8
        0x7fee600e98d8
        0x7fee600e98d8
        0x7fee600e98d8
        0x7fee600e98d8
        0x7fee600e98d8
        0x7fee600e98d8
        0x7fee600e98d8
        0x7fee600e98d8
        0x7fee600e98d8
        0x7fee600e98d8
        0x7fee600e98d8
        0x7fee600e98d8
        0x7fee600e98d8
        0x7fee600e98d8
        0x7fee600e98d8
        0x7fee600e98d8
        0x7fee600e98d8
        0x7fee600e98d8
        0x7fee600e98d8
        0x7fee600e98d8
        0x7fee600e98d8
        0x7fee600e98d8
        0x7fee600e98d8
        0x7fee600e98d8
        0x7fee600e98d8
        0x7fee600e98d8
        0x7fee600e98d8
        0x7fee600e98d8
        0x7fee600e98d8
        0x7fee600e98d8
        0x7fee600e98d8
        0x7fee600e98d8
        0x7fee600e98d8
        0x7fee600e98d8
        0x7fee600e98d8
        0x7fee600e98d8
        0x7fee600e98d8
        0x7fee600e98d8
        0x7fee600e98d8
        0x7fee600e98d8
        0x7fee600e98d8
        0x7fee600e98d8
        0x7fee600e98d8
        0x7fee600e98d8
        0x7fee600e98d8
        0x7fee600e98d8
        0x7fee600e98d8
        0x7fee600e98d8
        0x7fee600e98d8
        0x7fee600e98d8
        0x7fee600e98d8
        0x7fee600e98d8
        0x7fee600e98d8
        0x7fee600e98d8
        0x7fee600e98d8
        0x7fee600e98d8
        0x7fee600e98d8
        0x7fee600e98d8
        0x7fee600e98d8
        0x7fee600e98d8
        0x7fee600e98d8
        0x7fee600e98d8
        0x7fee600e98d8
        0x7fee600e98d8
        0x7fee600e98d8
        0x7fee600e98d8
        0x7fee600e98d8
        0x7fee600e98d8
        0x7fee600e98d8
        0x7fee600e98d8
        0x7fee600e98d8
        0x7fee600e98d8
        0x7fee600e98d8
        0x7fee600e98d8
        0x7fee600e98d8
        0x7fee600e98d8
        0x7fee600e98d8
        0x7fee600e98d8
        0x7fee600e98d8
        0x7fee600e98d8
        0x7fee600e98d8
        0x7fee600e98d8
        0x7fee600e98d8
        0x7fee600e98d8
        0x7fee600e98d8
        0x7fee600e98d8
        0x7fee600e98d8
        0x7fee600e98d8
        0x7fee600e98d8
        0x7fee600e98d8
        0x7fee600e98d8
        0x7fee600e98d8
        0x7fee600e98d8
        0x7fee600e98d8
        0x7fee600e98d8
        0x7fee600e98d8
        0x7fee600e98d8
        0x7fee600e98d8
        0x7fee600e98d8
        0x7fee600e98d8
        0x7fee600e98d8
        0x7fee600e98d8
        0x7fee600e98d8
        0x7fee600e98d8
        0x7fee600e98d8
        0x7fee600e98d8
        0x7fee600e98d8
        0x7fee600e98d8
        0x7fee600e98d8
        0x7fee600e98d8
        0x7fee600e98d8
        0x7fee600e98d8
        0x7fee600e98d8
        0x7fee600e98d8
        0x7fee600e98d8
]: 1
@preempt_stack[
        0x7feefb9cb8d8
        0x120000
        0x5582c2381140
        0x5582c2381140
        0x5582c2381140
        0x5582c2381140
        0x5582c2381140
        0x5582c2381140
        0x5582c2381140
        0x5582c2381140
        0x5582c2381140
        0x5582c2381140
        0x5582c2381140
        0x5582c2381140
        0x5582c2381140
        0x5582c2381140
        0x5582c2381140
        0x5582c2381140
        0x5582c2381140
        0x5582c2381140
        0x5582c2381140
        0x5582c2381140
        0x5582c2381140
        0x5582c2381140
        0x5582c2381140
        0x5582c2381140
        0x5582c2381140
        0x5582c2381140
        0x5582c2381140
        0x5582c2381140
        0x5582c2381140
        0x5582c2381140
        0x5582c2381140
        0x5582c2381140
        0x5582c2381140
        0x5582c2381140
        0x5582c2381140
        0x5582c2381140
        0x5582c2381140
        0x5582c2381140
        0x5582c2381140
        0x5582c2381140
        0x5582c2381140
        0x5582c2381140
        0x5582c2381140
        0x5582c2381140
        0x5582c2381140
        0x5582c2381140
        0x5582c2381140
        0x5582c2381140
        0x5582c2381140
        0x5582c2381140
        0x5582c2381140
        0x5582c2381140
        0x5582c2381140
        0x5582c2381140
        0x5582c2381140
        0x5582c2381140
        0x5582c2381140
        0x5582c2381140
        0x5582c2381140
        0x5582c2381140
        0x5582c2381140
        0x5582c2381140
        0x5582c2381140
        0x5582c2381140
        0x5582c2381140
        0x5582c2381140
        0x5582c2381140
        0x5582c2381140
        0x5582c2381140
        0x5582c2381140
        0x5582c2381140
        0x5582c2381140
        0x5582c2381140
        0x5582c2381140
        0x5582c2381140
        0x5582c2381140
        0x5582c2381140
        0x5582c2381140
        0x5582c2381140
        0x5582c2381140
        0x5582c2381140
        0x5582c2381140
        0x5582c2381140
        0x5582c2381140
        0x5582c2381140
        0x5582c2381140
        0x5582c2381140
        0x5582c2381140
        0x5582c2381140
        0x5582c2381140
        0x5582c2381140
        0x5582c2381140
        0x5582c2381140
        0x5582c2381140
        0x5582c2381140
        0x5582c2381140
        0x5582c2381140
        0x5582c2381140
        0x5582c2381140
        0x5582c2381140
        0x5582c2381140
        0x5582c2381140
        0x5582c2381140
        0x5582c2381140
        0x5582c2381140
        0x5582c2381140
        0x5582c2381140
        0x5582c2381140
        0x5582c2381140
        0x5582c2381140
        0x5582c2381140
        0x5582c2381140
        0x5582c2381140
        0x5582c2381140
        0x5582c2381140
        0x5582c2381140
        0x5582c2381140
        0x5582c2381140
        0x5582c2381140
        0x5582c2381140
        0x5582c2381140
        0x5582c2381140
        0x5582c2381140
        0x5582c2381140
        0x5582c2381140
]: 1
@preempt_stack[
        0x7fef9c6bb230
]: 1
@preempt_stack[
        0x7feefb982e54
]: 1
@preempt_stack[
        0x7fef9ccd7d1f
        0
]: 1
@preempt_stack[
        0x7feefb9dcfa3
        0x120000
        0x5582bf8ec320
        0x5582bf8ec320
        0x5582bf8ec320
        0x5582bf8ec320
        0x5582bf8ec320
        0x5582bf8ec320
        0x5582bf8ec320
        0x5582bf8ec320
        0x5582bf8ec320
        0x5582bf8ec320
        0x5582bf8ec320
        0x5582bf8ec320
        0x5582bf8ec320
        0x5582bf8ec320
        0x5582bf8ec320
        0x5582bf8ec320
        0x5582bf8ec320
        0x5582bf8ec320
        0x5582bf8ec320
        0x5582bf8ec320
        0x5582bf8ec320
        0x5582bf8ec320
        0x5582bf8ec320
        0x5582bf8ec320
        0x5582bf8ec320
        0x5582bf8ec320
        0x5582bf8ec320
        0x5582bf8ec320
        0x5582bf8ec320
        0x5582bf8ec320
        0x5582bf8ec320
        0x5582bf8ec320
        0x5582bf8ec320
        0x5582bf8ec320
        0x5582bf8ec320
        0x5582bf8ec320
        0x5582bf8ec320
        0x5582bf8ec320
        0x5582bf8ec320
        0x5582bf8ec320
        0x5582bf8ec320
        0x5582bf8ec320
        0x5582bf8ec320
        0x5582bf8ec320
        0x5582bf8ec320
        0x5582bf8ec320
        0x5582bf8ec320
        0x5582bf8ec320
        0x5582bf8ec320
        0x5582bf8ec320
        0x5582bf8ec320
        0x5582bf8ec320
        0x5582bf8ec320
        0x5582bf8ec320
        0x5582bf8ec320
        0x5582bf8ec320
        0x5582bf8ec320
        0x5582bf8ec320
        0x5582bf8ec320
        0x5582bf8ec320
        0x5582bf8ec320
        0x5582bf8ec320
        0x5582bf8ec320
        0x5582bf8ec320
        0x5582bf8ec320
        0x5582bf8ec320
        0x5582bf8ec320
        0x5582bf8ec320
        0x5582bf8ec320
        0x5582bf8ec320
        0x5582bf8ec320
        0x5582bf8ec320
        0x5582bf8ec320
        0x5582bf8ec320
        0x5582bf8ec320
        0x5582bf8ec320
        0x5582bf8ec320
        0x5582bf8ec320
        0x5582bf8ec320
        0x5582bf8ec320
        0x5582bf8ec320
        0x5582bf8ec320
        0x5582bf8ec320
        0x5582bf8ec320
        0x5582bf8ec320
        0x5582bf8ec320
        0x5582bf8ec320
        0x5582bf8ec320
        0x5582bf8ec320
        0x5582bf8ec320
        0x5582bf8ec320
        0x5582bf8ec320
        0x5582bf8ec320
        0x5582bf8ec320
        0x5582bf8ec320
        0x5582bf8ec320
        0x5582bf8ec320
        0x5582bf8ec320
        0x5582bf8ec320
        0x5582bf8ec320
        0x5582bf8ec320
        0x5582bf8ec320
        0x5582bf8ec320
        0x5582bf8ec320
        0x5582bf8ec320
        0x5582bf8ec320
        0x5582bf8ec320
        0x5582bf8ec320
        0x5582bf8ec320
        0x5582bf8ec320
        0x5582bf8ec320
        0x5582bf8ec320
        0x5582bf8ec320
        0x5582bf8ec320
        0x5582bf8ec320
        0x5582bf8ec320
        0x5582bf8ec320
        0x5582bf8ec320
        0x5582bf8ec320
        0x5582bf8ec320
        0x5582bf8ec320
        0x5582bf8ec320
        0x5582bf8ec320
        0x5582bf8ec320
        0x5582bf8ec320
]: 1
@preempt_stack[
        0x7feefb9cb75e
        0x130000
        0x1
        0
        0x5582c1770410
]: 1
@preempt_stack[
        0x7fef9cd4b1c1
        0x3f8000003f800000
]: 1
@preempt_stack[
        0x7feefb9c6ff9
        0x5582be805390
]: 1
@preempt_stack[
        0x7feefb9cb8e7
        0x130000
        0
        0
        0x5582bfe9d380
]: 1
@preempt_stack[
        0x7fef9c7a8731
]: 1
@preempt_stack[
        0x7fef9cd2b300
        0xeab600007fef61d0
]: 1
@preempt_stack[
        mono_g_hash_table_lookup_extended+66
        0x120000
        0x5582c14897e0
        0x5582c14897e0
        0x5582c14897e0
        0x5582c14897e0
        0x5582c14897e0
        0x5582c14897e0
        0x5582c14897e0
        0x5582c14897e0
        0x5582c14897e0
        0x5582c14897e0
        0x5582c14897e0
        0x5582c14897e0
        0x5582c14897e0
        0x5582c14897e0
        0x5582c14897e0
        0x5582c14897e0
        0x5582c14897e0
        0x5582c14897e0
        0x5582c14897e0
        0x5582c14897e0
        0x5582c14897e0
        0x5582c14897e0
        0x5582c14897e0
        0x5582c14897e0
        0x5582c14897e0
        0x5582c14897e0
        0x5582c14897e0
        0x5582c14897e0
        0x5582c14897e0
        0x5582c14897e0
        0x5582c14897e0
        0x5582c14897e0
        0x5582c14897e0
        0x5582c14897e0
        0x5582c14897e0
        0x5582c14897e0
        0x5582c14897e0
        0x5582c14897e0
        0x5582c14897e0
        0x5582c14897e0
        0x5582c14897e0
        0x5582c14897e0
        0x5582c14897e0
        0x5582c14897e0
        0x5582c14897e0
        0x5582c14897e0
        0x5582c14897e0
        0x5582c14897e0
        0x5582c14897e0
        0x5582c14897e0
        0x5582c14897e0
        0x5582c14897e0
        0x5582c14897e0
        0x5582c14897e0
        0x5582c14897e0
        0x5582c14897e0
        0x5582c14897e0
        0x5582c14897e0
        0x5582c14897e0
        0x5582c14897e0
        0x5582c14897e0
        0x5582c14897e0
        0x5582c14897e0
        0x5582c14897e0
        0x5582c14897e0
        0x5582c14897e0
        0x5582c14897e0
        0x5582c14897e0
        0x5582c14897e0
        0x5582c14897e0
        0x5582c14897e0
        0x5582c14897e0
        0x5582c14897e0
        0x5582c14897e0
        0x5582c14897e0
        0x5582c14897e0
        0x5582c14897e0
        0x5582c14897e0
        0x5582c14897e0
        0x5582c14897e0
        0x5582c14897e0
        0x5582c14897e0
        0x5582c14897e0
        0x5582c14897e0
        0x5582c14897e0
        0x5582c14897e0
        0x5582c14897e0
        0x5582c14897e0
        0x5582c14897e0
        0x5582c14897e0
        0x5582c14897e0
        0x5582c14897e0
        0x5582c14897e0
        0x5582c14897e0
        0x5582c14897e0
        0x5582c14897e0
        0x5582c14897e0
        0x5582c14897e0
        0x5582c14897e0
        0x5582c14897e0
        0x5582c14897e0
        0x5582c14897e0
        0x5582c14897e0
        0x5582c14897e0
        0x5582c14897e0
        0x5582c14897e0
        0x5582c14897e0
        0x5582c14897e0
        0x5582c14897e0
        0x5582c14897e0
        0x5582c14897e0
        0x5582c14897e0
        0x5582c14897e0
        0x5582c14897e0
        0x5582c14897e0
        0x5582c14897e0
        0x5582c14897e0
        0x5582c14897e0
        0x5582c14897e0
        0x5582c14897e0
        0x5582c14897e0
        0x5582c14897e0
        0x5582c14897e0
        0x5582c14897e0
        0x5582c14897e0
]: 1
@preempt_stack[
        0x7feefb8b6f37
]: 1
@preempt_stack[
        mono_array_element_size+5
]: 1
@preempt_stack[
        0x7fef9cd51034
]: 1
@preempt_stack[
        free+100
        0xd8000880402c0000
]: 1
@preempt_stack[
        0x41b2d269
]: 1
@preempt_stack[
        0x41b2d19a
        0
        0
        0x5582bf3bc3a8
        0x5582bf3bc3a8
        0x5582bf3bc3a8
        0x5582bf3bc3a8
        0x5582bf3bc3a8
        0x5582bf3bc3a8
        0x5582bf3bc3a8
        0x5582bf3bc3a8
        0x5582bf3bc3a8
        0x5582bf3bc3a8
        0x5582bf3bc3a8
        0x5582bf3bc3a8
        0x5582bf3bc3a8
        0x5582bf3bc3a8
        0x5582bf3bc3a8
        0x5582bf3bc3a8
        0x5582bf3bc3a8
        0x5582bf3bc3a8
        0x5582bf3bc3a8
        0x5582bf3bc3a8
        0x5582bf3bc3a8
        0x5582bf3bc3a8
        0x5582bf3bc3a8
        0x5582bf3bc3a8
        0x5582bf3bc3a8
        0x5582bf3bc3a8
        0x5582bf3bc3a8
        0x5582bf3bc3a8
        0x5582bf3bc3a8
        0x5582bf3bc3a8
        0x5582bf3bc3a8
        0x5582bf3bc3a8
        0x5582bf3bc3a8
        0x5582bf3bc3a8
        0x5582bf3bc3a8
        0x5582bf3bc3a8
        0x5582bf3bc3a8
        0x5582bf3bc3a8
        0x5582bf3bc3a8
        0x5582bf3bc3a8
        0x5582bf3bc3a8
        0x5582bf3bc3a8
        0x5582bf3bc3a8
        0x5582bf3bc3a8
        0x5582bf3bc3a8
        0x5582bf3bc3a8
        0x5582bf3bc3a8
        0x5582bf3bc3a8
        0x5582bf3bc3a8
        0x5582bf3bc3a8
        0x5582bf3bc3a8
        0x5582bf3bc3a8
        0x5582bf3bc3a8
        0x5582bf3bc3a8
        0x5582bf3bc3a8
        0x5582bf3bc3a8
        0x5582bf3bc3a8
        0x5582bf3bc3a8
        0x5582bf3bc3a8
        0x5582bf3bc3a8
        0x5582bf3bc3a8
        0x5582bf3bc3a8
        0x5582bf3bc3a8
        0x5582bf3bc3a8
        0x5582bf3bc3a8
        0x5582bf3bc3a8
        0x5582bf3bc3a8
        0x5582bf3bc3a8
        0x5582bf3bc3a8
        0x5582bf3bc3a8
        0x5582bf3bc3a8
        0x5582bf3bc3a8
        0x5582bf3bc3a8
        0x5582bf3bc3a8
        0x5582bf3bc3a8
        0x5582bf3bc3a8
        0x5582bf3bc3a8
        0x5582bf3bc3a8
        0x5582bf3bc3a8
        0x5582bf3bc3a8
        0x5582bf3bc3a8
        0x5582bf3bc3a8
        0x5582bf3bc3a8
        0x5582bf3bc3a8
        0x5582bf3bc3a8
        0x5582bf3bc3a8
        0x5582bf3bc3a8
        0x5582bf3bc3a8
        0x5582bf3bc3a8
        0x5582bf3bc3a8
        0x5582bf3bc3a8
        0x5582bf3bc3a8
        0x5582bf3bc3a8
        0x5582bf3bc3a8
        0x5582bf3bc3a8
        0x5582bf3bc3a8
        0x5582bf3bc3a8
        0x5582bf3bc3a8
        0x5582bf3bc3a8
        0x5582bf3bc3a8
        0x5582bf3bc3a8
        0x5582bf3bc3a8
        0x5582bf3bc3a8
        0x5582bf3bc3a8
        0x5582bf3bc3a8
        0x5582bf3bc3a8
        0x5582bf3bc3a8
        0x5582bf3bc3a8
        0x5582bf3bc3a8
        0x5582bf3bc3a8
        0x5582bf3bc3a8
        0x5582bf3bc3a8
        0x5582bf3bc3a8
        0x5582bf3bc3a8
        0x5582bf3bc3a8
        0x5582bf3bc3a8
        0x5582bf3bc3a8
        0x5582bf3bc3a8
        0x5582bf3bc3a8
        0x5582bf3bc3a8
        0x5582bf3bc3a8
        0x5582bf3bc3a8
        0x5582bf3bc3a8
        0x5582bf3bc3a8
]: 1
@preempt_stack[
        0x7fef9d6bae02
        0
        0x7fef9d6c0710
        0x1f8b9000020
]: 1
@preempt_stack[
        0x7fed9f17c631
]: 1
@preempt_stack[
        0x7fef9c90760e
        0
]: 1
@preempt_stack[
        0x7feefb9dcfa3
        0x110000
        0x5582bf49b778
        0x5582bf49b778
        0x5582bf49b778
        0x5582bf49b778
        0x5582bf49b778
        0x5582bf49b778
        0x5582bf49b778
        0x5582bf49b778
        0x5582bf49b778
        0x5582bf49b778
        0x5582bf49b778
        0x5582bf49b778
        0x5582bf49b778
        0x5582bf49b778
        0x5582bf49b778
        0x5582bf49b778
        0x5582bf49b778
        0x5582bf49b778
        0x5582bf49b778
        0x5582bf49b778
        0x5582bf49b778
        0x5582bf49b778
        0x5582bf49b778
        0x5582bf49b778
        0x5582bf49b778
        0x5582bf49b778
        0x5582bf49b778
        0x5582bf49b778
        0x5582bf49b778
        0x5582bf49b778
        0x5582bf49b778
        0x5582bf49b778
        0x5582bf49b778
        0x5582bf49b778
        0x5582bf49b778
        0x5582bf49b778
        0x5582bf49b778
        0x5582bf49b778
        0x5582bf49b778
        0x5582bf49b778
        0x5582bf49b778
        0x5582bf49b778
        0x5582bf49b778
        0x5582bf49b778
        0x5582bf49b778
        0x5582bf49b778
        0x5582bf49b778
        0x5582bf49b778
        0x5582bf49b778
        0x5582bf49b778
        0x5582bf49b778
        0x5582bf49b778
        0x5582bf49b778
        0x5582bf49b778
        0x5582bf49b778
        0x5582bf49b778
        0x5582bf49b778
        0x5582bf49b778
        0x5582bf49b778
        0x5582bf49b778
        0x5582bf49b778
        0x5582bf49b778
        0x5582bf49b778
        0x5582bf49b778
        0x5582bf49b778
        0x5582bf49b778
        0x5582bf49b778
        0x5582bf49b778
        0x5582bf49b778
        0x5582bf49b778
        0x5582bf49b778
        0x5582bf49b778
        0x5582bf49b778
        0x5582bf49b778
        0x5582bf49b778
        0x5582bf49b778
        0x5582bf49b778
        0x5582bf49b778
        0x5582bf49b778
        0x5582bf49b778
        0x5582bf49b778
        0x5582bf49b778
        0x5582bf49b778
        0x5582bf49b778
        0x5582bf49b778
        0x5582bf49b778
        0x5582bf49b778
        0x5582bf49b778
        0x5582bf49b778
        0x5582bf49b778
        0x5582bf49b778
        0x5582bf49b778
        0x5582bf49b778
        0x5582bf49b778
        0x5582bf49b778
        0x5582bf49b778
        0x5582bf49b778
        0x5582bf49b778
        0x5582bf49b778
        0x5582bf49b778
        0x5582bf49b778
        0x5582bf49b778
        0x5582bf49b778
        0x5582bf49b778
        0x5582bf49b778
        0x5582bf49b778
        0x5582bf49b778
        0x5582bf49b778
        0x5582bf49b778
        0x5582bf49b778
        0x5582bf49b778
        0x5582bf49b778
        0x5582bf49b778
        0x5582bf49b778
        0x5582bf49b778
        0x5582bf49b778
        0x5582bf49b778
        0x5582bf49b778
        0x5582bf49b778
        0x5582bf49b778
        0x5582bf49b778
        0x5582bf49b778
        0x5582bf49b778
        0x5582bf49b778
        0x5582bf49b778
]: 1
@preempt_stack[
        0x7feefb9e44f9
        0x120000
        0x5582c0148c08
        0x5582c0148c08
        0x5582c0148c08
        0x5582c0148c08
        0x5582c0148c08
        0x5582c0148c08
        0x5582c0148c08
        0x5582c0148c08
        0x5582c0148c08
        0x5582c0148c08
        0x5582c0148c08
        0x5582c0148c08
        0x5582c0148c08
        0x5582c0148c08
        0x5582c0148c08
        0x5582c0148c08
        0x5582c0148c08
        0x5582c0148c08
        0x5582c0148c08
        0x5582c0148c08
        0x5582c0148c08
        0x5582c0148c08
        0x5582c0148c08
        0x5582c0148c08
        0x5582c0148c08
        0x5582c0148c08
        0x5582c0148c08
        0x5582c0148c08
        0x5582c0148c08
        0x5582c0148c08
        0x5582c0148c08
        0x5582c0148c08
        0x5582c0148c08
        0x5582c0148c08
        0x5582c0148c08
        0x5582c0148c08
        0x5582c0148c08
        0x5582c0148c08
        0x5582c0148c08
        0x5582c0148c08
        0x5582c0148c08
        0x5582c0148c08
        0x5582c0148c08
        0x5582c0148c08
        0x5582c0148c08
        0x5582c0148c08
        0x5582c0148c08
        0x5582c0148c08
        0x5582c0148c08
        0x5582c0148c08
        0x5582c0148c08
        0x5582c0148c08
        0x5582c0148c08
        0x5582c0148c08
        0x5582c0148c08
        0x5582c0148c08
        0x5582c0148c08
        0x5582c0148c08
        0x5582c0148c08
        0x5582c0148c08
        0x5582c0148c08
        0x5582c0148c08
        0x5582c0148c08
        0x5582c0148c08
        0x5582c0148c08
        0x5582c0148c08
        0x5582c0148c08
        0x5582c0148c08
        0x5582c0148c08
        0x5582c0148c08
        0x5582c0148c08
        0x5582c0148c08
        0x5582c0148c08
        0x5582c0148c08
        0x5582c0148c08
        0x5582c0148c08
        0x5582c0148c08
        0x5582c0148c08
        0x5582c0148c08
        0x5582c0148c08
        0x5582c0148c08
        0x5582c0148c08
        0x5582c0148c08
        0x5582c0148c08
        0x5582c0148c08
        0x5582c0148c08
        0x5582c0148c08
        0x5582c0148c08
        0x5582c0148c08
        0x5582c0148c08
        0x5582c0148c08
        0x5582c0148c08
        0x5582c0148c08
        0x5582c0148c08
        0x5582c0148c08
        0x5582c0148c08
        0x5582c0148c08
        0x5582c0148c08
        0x5582c0148c08
        0x5582c0148c08
        0x5582c0148c08
        0x5582c0148c08
        0x5582c0148c08
        0x5582c0148c08
        0x5582c0148c08
        0x5582c0148c08
        0x5582c0148c08
        0x5582c0148c08
        0x5582c0148c08
        0x5582c0148c08
        0x5582c0148c08
        0x5582c0148c08
        0x5582c0148c08
        0x5582c0148c08
        0x5582c0148c08
        0x5582c0148c08
        0x5582c0148c08
        0x5582c0148c08
        0x5582c0148c08
        0x5582c0148c08
        0x5582c0148c08
        0x5582c0148c08
        0x5582c0148c08
        0x5582c0148c08
        0x5582c0148c08
]: 1
@preempt_stack[
        0x7fef9c9fb07c
        0x411407a6
        0x7feefb846428
        0x7feefb9e578f
        0x5582be808500
]: 1
@preempt_stack[
        0x7feefb9e44f9
        0x120000
        0x5582c0c19580
        0x5582c0c19580
        0x5582c0c19580
        0x5582c0c19580
        0x5582c0c19580
        0x5582c0c19580
        0x5582c0c19580
        0x5582c0c19580
        0x5582c0c19580
        0x5582c0c19580
        0x5582c0c19580
        0x5582c0c19580
        0x5582c0c19580
        0x5582c0c19580
        0x5582c0c19580
        0x5582c0c19580
        0x5582c0c19580
        0x5582c0c19580
        0x5582c0c19580
        0x5582c0c19580
        0x5582c0c19580
        0x5582c0c19580
        0x5582c0c19580
        0x5582c0c19580
        0x5582c0c19580
        0x5582c0c19580
        0x5582c0c19580
        0x5582c0c19580
        0x5582c0c19580
        0x5582c0c19580
        0x5582c0c19580
        0x5582c0c19580
        0x5582c0c19580
        0x5582c0c19580
        0x5582c0c19580
        0x5582c0c19580
        0x5582c0c19580
        0x5582c0c19580
        0x5582c0c19580
        0x5582c0c19580
        0x5582c0c19580
        0x5582c0c19580
        0x5582c0c19580
        0x5582c0c19580
        0x5582c0c19580
        0x5582c0c19580
        0x5582c0c19580
        0x5582c0c19580
        0x5582c0c19580
        0x5582c0c19580
        0x5582c0c19580
        0x5582c0c19580
        0x5582c0c19580
        0x5582c0c19580
        0x5582c0c19580
        0x5582c0c19580
        0x5582c0c19580
        0x5582c0c19580
        0x5582c0c19580
        0x5582c0c19580
        0x5582c0c19580
        0x5582c0c19580
        0x5582c0c19580
        0x5582c0c19580
        0x5582c0c19580
        0x5582c0c19580
        0x5582c0c19580
        0x5582c0c19580
        0x5582c0c19580
        0x5582c0c19580
        0x5582c0c19580
        0x5582c0c19580
        0x5582c0c19580
        0x5582c0c19580
        0x5582c0c19580
        0x5582c0c19580
        0x5582c0c19580
        0x5582c0c19580
        0x5582c0c19580
        0x5582c0c19580
        0x5582c0c19580
        0x5582c0c19580
        0x5582c0c19580
        0x5582c0c19580
        0x5582c0c19580
        0x5582c0c19580
        0x5582c0c19580
        0x5582c0c19580
        0x5582c0c19580
        0x5582c0c19580
        0x5582c0c19580
        0x5582c0c19580
        0x5582c0c19580
        0x5582c0c19580
        0x5582c0c19580
        0x5582c0c19580
        0x5582c0c19580
        0x5582c0c19580
        0x5582c0c19580
        0x5582c0c19580
        0x5582c0c19580
        0x5582c0c19580
        0x5582c0c19580
        0x5582c0c19580
        0x5582c0c19580
        0x5582c0c19580
        0x5582c0c19580
        0x5582c0c19580
        0x5582c0c19580
        0x5582c0c19580
        0x5582c0c19580
        0x5582c0c19580
        0x5582c0c19580
        0x5582c0c19580
        0x5582c0c19580
        0x5582c0c19580
        0x5582c0c19580
        0x5582c0c19580
        0x5582c0c19580
        0x5582c0c19580
        0x5582c0c19580
        0x5582c0c19580
        0x5582c0c19580
        0x5582c0c19580
        0x5582c0c19580
]: 1
@preempt_stack[
        0x41c2879a
]: 1
@preempt_stack[
        0x7fef9cd20610
        0x7fef62cafa70
]: 1
@preempt_stack[
        0x7fef9cdc99f0
        0x7fef60c608d0
]: 1
@preempt_stack[
        0x41c26d17
        0x41c252bc
        0x41c24529
        0x41c1c3f7
        0x413821e6
        0x4137da64
        0x7feefb846428
        0x7feefb9e578f
        0x5582be808500
]: 1
@preempt_stack[
        0x7fef9ccc69ec
        0x7fef00000423
        0x558200000000
]: 1
@preempt_stack[
        0x7feefba0f673
        0x120000
        0x5582bfad9ef8
        0x5582bfad9ef8
        0x5582bfad9ef8
        0x5582bfad9ef8
        0x5582bfad9ef8
        0x5582bfad9ef8
        0x5582bfad9ef8
        0x5582bfad9ef8
        0x5582bfad9ef8
        0x5582bfad9ef8
        0x5582bfad9ef8
        0x5582bfad9ef8
        0x5582bfad9ef8
        0x5582bfad9ef8
        0x5582bfad9ef8
        0x5582bfad9ef8
        0x5582bfad9ef8
        0x5582bfad9ef8
        0x5582bfad9ef8
        0x5582bfad9ef8
        0x5582bfad9ef8
        0x5582bfad9ef8
        0x5582bfad9ef8
        0x5582bfad9ef8
        0x5582bfad9ef8
        0x5582bfad9ef8
        0x5582bfad9ef8
        0x5582bfad9ef8
        0x5582bfad9ef8
        0x5582bfad9ef8
        0x5582bfad9ef8
        0x5582bfad9ef8
        0x5582bfad9ef8
        0x5582bfad9ef8
        0x5582bfad9ef8
        0x5582bfad9ef8
        0x5582bfad9ef8
        0x5582bfad9ef8
        0x5582bfad9ef8
        0x5582bfad9ef8
        0x5582bfad9ef8
        0x5582bfad9ef8
        0x5582bfad9ef8
        0x5582bfad9ef8
        0x5582bfad9ef8
        0x5582bfad9ef8
        0x5582bfad9ef8
        0x5582bfad9ef8
        0x5582bfad9ef8
        0x5582bfad9ef8
        0x5582bfad9ef8
        0x5582bfad9ef8
        0x5582bfad9ef8
        0x5582bfad9ef8
        0x5582bfad9ef8
        0x5582bfad9ef8
        0x5582bfad9ef8
        0x5582bfad9ef8
        0x5582bfad9ef8
        0x5582bfad9ef8
        0x5582bfad9ef8
        0x5582bfad9ef8
        0x5582bfad9ef8
        0x5582bfad9ef8
        0x5582bfad9ef8
        0x5582bfad9ef8
        0x5582bfad9ef8
        0x5582bfad9ef8
        0x5582bfad9ef8
        0x5582bfad9ef8
        0x5582bfad9ef8
        0x5582bfad9ef8
        0x5582bfad9ef8
        0x5582bfad9ef8
        0x5582bfad9ef8
        0x5582bfad9ef8
        0x5582bfad9ef8
        0x5582bfad9ef8
        0x5582bfad9ef8
        0x5582bfad9ef8
        0x5582bfad9ef8
        0x5582bfad9ef8
        0x5582bfad9ef8
        0x5582bfad9ef8
        0x5582bfad9ef8
        0x5582bfad9ef8
        0x5582bfad9ef8
        0x5582bfad9ef8
        0x5582bfad9ef8
        0x5582bfad9ef8
        0x5582bfad9ef8
        0x5582bfad9ef8
        0x5582bfad9ef8
        0x5582bfad9ef8
        0x5582bfad9ef8
        0x5582bfad9ef8
        0x5582bfad9ef8
        0x5582bfad9ef8
        0x5582bfad9ef8
        0x5582bfad9ef8
        0x5582bfad9ef8
        0x5582bfad9ef8
        0x5582bfad9ef8
        0x5582bfad9ef8
        0x5582bfad9ef8
        0x5582bfad9ef8
        0x5582bfad9ef8
        0x5582bfad9ef8
        0x5582bfad9ef8
        0x5582bfad9ef8
        0x5582bfad9ef8
        0x5582bfad9ef8
        0x5582bfad9ef8
        0x5582bfad9ef8
        0x5582bfad9ef8
        0x5582bfad9ef8
        0x5582bfad9ef8
        0x5582bfad9ef8
        0x5582bfad9ef8
        0x5582bfad9ef8
        0x5582bfad9ef8
        0x5582bfad9ef8
        0x5582bfad9ef8
        0x5582bfad9ef8
        0x5582bfad9ef8
]: 1
@preempt_stack[
        0x7fef9d578100
        0xc8703c3bd7b26f11
]: 1
@preempt_stack[
        0x7feefb9cb621
]: 1
@preempt_stack[
        0x7fef9c905d03
        0
]: 1
@preempt_stack[
        0x7feefb99deb1
]: 1
@preempt_stack[
        0x4112fffb
        0x413e8368
        0x416ff934
        0x411407a6
        0x7feefb846428
        0x7feefb9e578f
        0x5582be808500
]: 1
@preempt_stack[
        0x7feefb9cb5b1
        0x130000
        0x1
        0
        0x5582c1d0e880
]: 1
@preempt_stack[
        0x7fef9cd4b2c3
        0x2eaf0cdb28aa9316
]: 1
@preempt_stack[
        0x7fef9cd3cfe7
]: 1
@preempt_stack[
        0x7feefb9e44f1
        0x120000
        0x5582c203e500
        0x5582c203e500
        0x5582c203e500
        0x5582c203e500
        0x5582c203e500
        0x5582c203e500
        0x5582c203e500
        0x5582c203e500
        0x5582c203e500
        0x5582c203e500
        0x5582c203e500
        0x5582c203e500
        0x5582c203e500
        0x5582c203e500
        0x5582c203e500
        0x5582c203e500
        0x5582c203e500
        0x5582c203e500
        0x5582c203e500
        0x5582c203e500
        0x5582c203e500
        0x5582c203e500
        0x5582c203e500
        0x5582c203e500
        0x5582c203e500
        0x5582c203e500
        0x5582c203e500
        0x5582c203e500
        0x5582c203e500
        0x5582c203e500
        0x5582c203e500
        0x5582c203e500
        0x5582c203e500
        0x5582c203e500
        0x5582c203e500
        0x5582c203e500
        0x5582c203e500
        0x5582c203e500
        0x5582c203e500
        0x5582c203e500
        0x5582c203e500
        0x5582c203e500
        0x5582c203e500
        0x5582c203e500
        0x5582c203e500
        0x5582c203e500
        0x5582c203e500
        0x5582c203e500
        0x5582c203e500
        0x5582c203e500
        0x5582c203e500
        0x5582c203e500
        0x5582c203e500
        0x5582c203e500
        0x5582c203e500
        0x5582c203e500
        0x5582c203e500
        0x5582c203e500
        0x5582c203e500
        0x5582c203e500
        0x5582c203e500
        0x5582c203e500
        0x5582c203e500
        0x5582c203e500
        0x5582c203e500
        0x5582c203e500
        0x5582c203e500
        0x5582c203e500
        0x5582c203e500
        0x5582c203e500
        0x5582c203e500
        0x5582c203e500
        0x5582c203e500
        0x5582c203e500
        0x5582c203e500
        0x5582c203e500
        0x5582c203e500
        0x5582c203e500
        0x5582c203e500
        0x5582c203e500
        0x5582c203e500
        0x5582c203e500
        0x5582c203e500
        0x5582c203e500
        0x5582c203e500
        0x5582c203e500
        0x5582c203e500
        0x5582c203e500
        0x5582c203e500
        0x5582c203e500
        0x5582c203e500
        0x5582c203e500
        0x5582c203e500
        0x5582c203e500
        0x5582c203e500
        0x5582c203e500
        0x5582c203e500
        0x5582c203e500
        0x5582c203e500
        0x5582c203e500
        0x5582c203e500
        0x5582c203e500
        0x5582c203e500
        0x5582c203e500
        0x5582c203e500
        0x5582c203e500
        0x5582c203e500
        0x5582c203e500
        0x5582c203e500
        0x5582c203e500
        0x5582c203e500
        0x5582c203e500
        0x5582c203e500
        0x5582c203e500
        0x5582c203e500
        0x5582c203e500
        0x5582c203e500
        0x5582c203e500
        0x5582c203e500
        0x5582c203e500
        0x5582c203e500
        0x5582c203e500
        0x5582c203e500
        0x5582c203e500
        0x5582c203e500
]: 1
@preempt_stack[
        0x7feefb9dcfa3
        0x120000
        0x5582bf0bbc58
        0x5582bf0bbc58
        0x5582bf0bbc58
        0x5582bf0bbc58
        0x5582bf0bbc58
        0x5582bf0bbc58
        0x5582bf0bbc58
        0x5582bf0bbc58
        0x5582bf0bbc58
        0x5582bf0bbc58
        0x5582bf0bbc58
        0x5582bf0bbc58
        0x5582bf0bbc58
        0x5582bf0bbc58
        0x5582bf0bbc58
        0x5582bf0bbc58
        0x5582bf0bbc58
        0x5582bf0bbc58
        0x5582bf0bbc58
        0x5582bf0bbc58
        0x5582bf0bbc58
        0x5582bf0bbc58
        0x5582bf0bbc58
        0x5582bf0bbc58
        0x5582bf0bbc58
        0x5582bf0bbc58
        0x5582bf0bbc58
        0x5582bf0bbc58
        0x5582bf0bbc58
        0x5582bf0bbc58
        0x5582bf0bbc58
        0x5582bf0bbc58
        0x5582bf0bbc58
        0x5582bf0bbc58
        0x5582bf0bbc58
        0x5582bf0bbc58
        0x5582bf0bbc58
        0x5582bf0bbc58
        0x5582bf0bbc58
        0x5582bf0bbc58
        0x5582bf0bbc58
        0x5582bf0bbc58
        0x5582bf0bbc58
        0x5582bf0bbc58
        0x5582bf0bbc58
        0x5582bf0bbc58
        0x5582bf0bbc58
        0x5582bf0bbc58
        0x5582bf0bbc58
        0x5582bf0bbc58
        0x5582bf0bbc58
        0x5582bf0bbc58
        0x5582bf0bbc58
        0x5582bf0bbc58
        0x5582bf0bbc58
        0x5582bf0bbc58
        0x5582bf0bbc58
        0x5582bf0bbc58
        0x5582bf0bbc58
        0x5582bf0bbc58
        0x5582bf0bbc58
        0x5582bf0bbc58
        0x5582bf0bbc58
        0x5582bf0bbc58
        0x5582bf0bbc58
        0x5582bf0bbc58
        0x5582bf0bbc58
        0x5582bf0bbc58
        0x5582bf0bbc58
        0x5582bf0bbc58
        0x5582bf0bbc58
        0x5582bf0bbc58
        0x5582bf0bbc58
        0x5582bf0bbc58
        0x5582bf0bbc58
        0x5582bf0bbc58
        0x5582bf0bbc58
        0x5582bf0bbc58
        0x5582bf0bbc58
        0x5582bf0bbc58
        0x5582bf0bbc58
        0x5582bf0bbc58
        0x5582bf0bbc58
        0x5582bf0bbc58
        0x5582bf0bbc58
        0x5582bf0bbc58
        0x5582bf0bbc58
        0x5582bf0bbc58
        0x5582bf0bbc58
        0x5582bf0bbc58
        0x5582bf0bbc58
        0x5582bf0bbc58
        0x5582bf0bbc58
        0x5582bf0bbc58
        0x5582bf0bbc58
        0x5582bf0bbc58
        0x5582bf0bbc58
        0x5582bf0bbc58
        0x5582bf0bbc58
        0x5582bf0bbc58
        0x5582bf0bbc58
        0x5582bf0bbc58
        0x5582bf0bbc58
        0x5582bf0bbc58
        0x5582bf0bbc58
        0x5582bf0bbc58
        0x5582bf0bbc58
        0x5582bf0bbc58
        0x5582bf0bbc58
        0x5582bf0bbc58
        0x5582bf0bbc58
        0x5582bf0bbc58
        0x5582bf0bbc58
        0x5582bf0bbc58
        0x5582bf0bbc58
        0x5582bf0bbc58
        0x5582bf0bbc58
        0x5582bf0bbc58
        0x5582bf0bbc58
        0x5582bf0bbc58
        0x5582bf0bbc58
        0x5582bf0bbc58
        0x5582bf0bbc58
        0x5582bf0bbc58
        0x5582bf0bbc58
]: 1
@preempt_stack[
        0x7fef9c9ff734
]: 1
@preempt_stack[
        0x7feefb9cb775
        0x130000
        0x1
        0
        0x5582bfe97810
]: 1
@preempt_stack[
        pthread_mutex_trylock+909
        0x120000
        0x5582bff61008
        0x5582bff61008
        0x5582bff61008
        0x5582bff61008
        0x5582bff61008
        0x5582bff61008
        0x5582bff61008
        0x5582bff61008
        0x5582bff61008
        0x5582bff61008
        0x5582bff61008
        0x5582bff61008
        0x5582bff61008
        0x5582bff61008
        0x5582bff61008
        0x5582bff61008
        0x5582bff61008
        0x5582bff61008
        0x5582bff61008
        0x5582bff61008
        0x5582bff61008
        0x5582bff61008
        0x5582bff61008
        0x5582bff61008
        0x5582bff61008
        0x5582bff61008
        0x5582bff61008
        0x5582bff61008
        0x5582bff61008
        0x5582bff61008
        0x5582bff61008
        0x5582bff61008
        0x5582bff61008
        0x5582bff61008
        0x5582bff61008
        0x5582bff61008
        0x5582bff61008
        0x5582bff61008
        0x5582bff61008
        0x5582bff61008
        0x5582bff61008
        0x5582bff61008
        0x5582bff61008
        0x5582bff61008
        0x5582bff61008
        0x5582bff61008
        0x5582bff61008
        0x5582bff61008
        0x5582bff61008
        0x5582bff61008
        0x5582bff61008
        0x5582bff61008
        0x5582bff61008
        0x5582bff61008
        0x5582bff61008
        0x5582bff61008
        0x5582bff61008
        0x5582bff61008
        0x5582bff61008
        0x5582bff61008
        0x5582bff61008
        0x5582bff61008
        0x5582bff61008
        0x5582bff61008
        0x5582bff61008
        0x5582bff61008
        0x5582bff61008
        0x5582bff61008
        0x5582bff61008
        0x5582bff61008
        0x5582bff61008
        0x5582bff61008
        0x5582bff61008
        0x5582bff61008
        0x5582bff61008
        0x5582bff61008
        0x5582bff61008
        0x5582bff61008
        0x5582bff61008
        0x5582bff61008
        0x5582bff61008
        0x5582bff61008
        0x5582bff61008
        0x5582bff61008
        0x5582bff61008
        0x5582bff61008
        0x5582bff61008
        0x5582bff61008
        0x5582bff61008
        0x5582bff61008
        0x5582bff61008
        0x5582bff61008
        0x5582bff61008
        0x5582bff61008
        0x5582bff61008
        0x5582bff61008
        0x5582bff61008
        0x5582bff61008
        0x5582bff61008
        0x5582bff61008
        0x5582bff61008
        0x5582bff61008
        0x5582bff61008
        0x5582bff61008
        0x5582bff61008
        0x5582bff61008
        0x5582bff61008
        0x5582bff61008
        0x5582bff61008
        0x5582bff61008
        0x5582bff61008
        0x5582bff61008
        0x5582bff61008
        0x5582bff61008
        0x5582bff61008
        0x5582bff61008
        0x5582bff61008
        0x5582bff61008
        0x5582bff61008
        0x5582bff61008
        0x5582bff61008
        0x5582bff61008
        0x5582bff61008
        0x5582bff61008
        0x5582bff61008
]: 1
@preempt_stack[
        0x7fef9cd51805
]: 1
@preempt_stack[
        0x7feefb9ace49
        0
]: 2
@preempt_stack[
        0x41b86f14
        0x41b87864
        0x416f6adf
        0x7feefb846428
        0x7feefb9e578f
        0x5582be808500
]: 2
@preempt_stack[
        0x7fef9c9073d1
]: 2
@preempt_stack[
        0x7fef9c6c9e09
]: 2
@preempt_stack[
        0x41b86f4a
        0x41b87864
        0x416f6adf
        0x7feefb846428
        0x7feefb9e578f
        0x5582be808500
]: 2
@preempt_stack[
        syscall+35
]: 2
@preempt_stack[
        0x7feefb9cb8e0
]: 2
@preempt_stack[
        0x41c287d4
        0
        0x2000000000000001
        0x5582bf3c6df0
        0x5582bf3c6df0
        0x5582bf3c6df0
        0x5582bf3c6df0
        0x5582bf3c6df0
        0x5582bf3c6df0
        0x5582bf3c6df0
        0x5582bf3c6df0
        0x5582bf3c6df0
        0x5582bf3c6df0
        0x5582bf3c6df0
        0x5582bf3c6df0
        0x5582bf3c6df0
        0x5582bf3c6df0
        0x5582bf3c6df0
        0x5582bf3c6df0
        0x5582bf3c6df0
        0x5582bf3c6df0
        0x5582bf3c6df0
        0x5582bf3c6df0
        0x5582bf3c6df0
        0x5582bf3c6df0
        0x5582bf3c6df0
        0x5582bf3c6df0
        0x5582bf3c6df0
        0x5582bf3c6df0
        0x5582bf3c6df0
        0x5582bf3c6df0
        0x5582bf3c6df0
        0x5582bf3c6df0
        0x5582bf3c6df0
        0x5582bf3c6df0
        0x5582bf3c6df0
        0x5582bf3c6df0
        0x5582bf3c6df0
        0x5582bf3c6df0
        0x5582bf3c6df0
        0x5582bf3c6df0
        0x5582bf3c6df0
        0x5582bf3c6df0
        0x5582bf3c6df0
        0x5582bf3c6df0
        0x5582bf3c6df0
        0x5582bf3c6df0
        0x5582bf3c6df0
        0x5582bf3c6df0
        0x5582bf3c6df0
        0x5582bf3c6df0
        0x5582bf3c6df0
        0x5582bf3c6df0
        0x5582bf3c6df0
        0x5582bf3c6df0
        0x5582bf3c6df0
        0x5582bf3c6df0
        0x5582bf3c6df0
        0x5582bf3c6df0
        0x5582bf3c6df0
        0x5582bf3c6df0
        0x5582bf3c6df0
        0x5582bf3c6df0
        0x5582bf3c6df0
        0x5582bf3c6df0
        0x5582bf3c6df0
        0x5582bf3c6df0
        0x5582bf3c6df0
        0x5582bf3c6df0
        0x5582bf3c6df0
        0x5582bf3c6df0
        0x5582bf3c6df0
        0x5582bf3c6df0
        0x5582bf3c6df0
        0x5582bf3c6df0
        0x5582bf3c6df0
        0x5582bf3c6df0
        0x5582bf3c6df0
        0x5582bf3c6df0
        0x5582bf3c6df0
        0x5582bf3c6df0
        0x5582bf3c6df0
        0x5582bf3c6df0
        0x5582bf3c6df0
        0x5582bf3c6df0
        0x5582bf3c6df0
        0x5582bf3c6df0
        0x5582bf3c6df0
        0x5582bf3c6df0
        0x5582bf3c6df0
        0x5582bf3c6df0
        0x5582bf3c6df0
        0x5582bf3c6df0
        0x5582bf3c6df0
        0x5582bf3c6df0
        0x5582bf3c6df0
        0x5582bf3c6df0
        0x5582bf3c6df0
        0x5582bf3c6df0
        0x5582bf3c6df0
        0x5582bf3c6df0
        0x5582bf3c6df0
        0x5582bf3c6df0
        0x5582bf3c6df0
        0x5582bf3c6df0
        0x5582bf3c6df0
        0x5582bf3c6df0
        0x5582bf3c6df0
        0x5582bf3c6df0
        0x5582bf3c6df0
        0x5582bf3c6df0
        0x5582bf3c6df0
        0x5582bf3c6df0
        0x5582bf3c6df0
        0x5582bf3c6df0
        0x5582bf3c6df0
        0x5582bf3c6df0
        0x5582bf3c6df0
        0x5582bf3c6df0
        0x5582bf3c6df0
        0x5582bf3c6df0
        0x5582bf3c6df0
        0x5582bf3c6df0
        0x5582bf3c6df0
        0x5582bf3c6df0
        0x5582bf3c6df0
        0x5582bf3c6df0
]: 2
@preempt_stack[
        0x7feefb9dcfcb
]: 2
@preempt_stack[
        mono_thread_info_current_unchecked+15
        0x411407a6
        0x7feefb846428
        0x7feefb9e578f
        0x5582be808500
]: 2
@preempt_stack[
        0x7feefb9cb8e9
]: 2
@preempt_stack[
        0x7fef9baa95c8
]: 2
@preempt_stack[
        0x4112fd92
        0x413e8368
        0x416ff934
        0x411407a6
        0x7feefb846428
        0x7feefb9e578f
        0x5582be808500
]: 2
@preempt_stack[
        0x41b86f8c
        0x41b87864
        0x416f6adf
        0x7feefb846428
        0x7feefb9e578f
        0x5582be808500
]: 2
@preempt_stack[
        mono_g_hash_table_lookup_extended+66
        0x110000
        0x5582be7c8e78
        0x5582be7c8e78
        0x5582be7c8e78
        0x5582be7c8e78
        0x5582be7c8e78
        0x5582be7c8e78
        0x5582be7c8e78
        0x5582be7c8e78
        0x5582be7c8e78
        0x5582be7c8e78
        0x5582be7c8e78
        0x5582be7c8e78
        0x5582be7c8e78
        0x5582be7c8e78
        0x5582be7c8e78
        0x5582be7c8e78
        0x5582be7c8e78
        0x5582be7c8e78
        0x5582be7c8e78
        0x5582be7c8e78
        0x5582be7c8e78
        0x5582be7c8e78
        0x5582be7c8e78
        0x5582be7c8e78
        0x5582be7c8e78
        0x5582be7c8e78
        0x5582be7c8e78
        0x5582be7c8e78
        0x5582be7c8e78
        0x5582be7c8e78
        0x5582be7c8e78
        0x5582be7c8e78
        0x5582be7c8e78
        0x5582be7c8e78
        0x5582be7c8e78
        0x5582be7c8e78
        0x5582be7c8e78
        0x5582be7c8e78
        0x5582be7c8e78
        0x5582be7c8e78
        0x5582be7c8e78
        0x5582be7c8e78
        0x5582be7c8e78
        0x5582be7c8e78
        0x5582be7c8e78
        0x5582be7c8e78
        0x5582be7c8e78
        0x5582be7c8e78
        0x5582be7c8e78
        0x5582be7c8e78
        0x5582be7c8e78
        0x5582be7c8e78
        0x5582be7c8e78
        0x5582be7c8e78
        0x5582be7c8e78
        0x5582be7c8e78
        0x5582be7c8e78
        0x5582be7c8e78
        0x5582be7c8e78
        0x5582be7c8e78
        0x5582be7c8e78
        0x5582be7c8e78
        0x5582be7c8e78
        0x5582be7c8e78
        0x5582be7c8e78
        0x5582be7c8e78
        0x5582be7c8e78
        0x5582be7c8e78
        0x5582be7c8e78
        0x5582be7c8e78
        0x5582be7c8e78
        0x5582be7c8e78
        0x5582be7c8e78
        0x5582be7c8e78
        0x5582be7c8e78
        0x5582be7c8e78
        0x5582be7c8e78
        0x5582be7c8e78
        0x5582be7c8e78
        0x5582be7c8e78
        0x5582be7c8e78
        0x5582be7c8e78
        0x5582be7c8e78
        0x5582be7c8e78
        0x5582be7c8e78
        0x5582be7c8e78
        0x5582be7c8e78
        0x5582be7c8e78
        0x5582be7c8e78
        0x5582be7c8e78
        0x5582be7c8e78
        0x5582be7c8e78
        0x5582be7c8e78
        0x5582be7c8e78
        0x5582be7c8e78
        0x5582be7c8e78
        0x5582be7c8e78
        0x5582be7c8e78
        0x5582be7c8e78
        0x5582be7c8e78
        0x5582be7c8e78
        0x5582be7c8e78
        0x5582be7c8e78
        0x5582be7c8e78
        0x5582be7c8e78
        0x5582be7c8e78
        0x5582be7c8e78
        0x5582be7c8e78
        0x5582be7c8e78
        0x5582be7c8e78
        0x5582be7c8e78
        0x5582be7c8e78
        0x5582be7c8e78
        0x5582be7c8e78
        0x5582be7c8e78
        0x5582be7c8e78
        0x5582be7c8e78
        0x5582be7c8e78
        0x5582be7c8e78
        0x5582be7c8e78
        0x5582be7c8e78
        0x5582be7c8e78
        0x5582be7c8e78
        0x5582be7c8e78
        0x5582be7c8e78
]: 2
@preempt_stack[
        0x7fef9cb09470
]: 2
@preempt_stack[
        GC_dirty_inner+41
        0x413e8368
        0x416ff934
        0x411407a6
        0x7feefb846428
        0x7feefb9e578f
        0x5582be808500
]: 2
@preempt_stack[
        sched_yield+11
]: 2
@preempt_stack[
        0x7fef9c905cb7
        0
]: 2
@preempt_stack[
        0x41b86f58
        0x41b87864
        0x416f6adf
        0x7feefb846428
        0x7feefb9e578f
        0x5582be808500
]: 2
@preempt_stack[
        0x7fef9cd42e82
]: 2
@preempt_stack[
        mono_class_from_mono_type_internal+13
        0x110000
        0x5582be7c8e78
        0x5582be7c8e78
        0x5582be7c8e78
        0x5582be7c8e78
        0x5582be7c8e78
        0x5582be7c8e78
        0x5582be7c8e78
        0x5582be7c8e78
        0x5582be7c8e78
        0x5582be7c8e78
        0x5582be7c8e78
        0x5582be7c8e78
        0x5582be7c8e78
        0x5582be7c8e78
        0x5582be7c8e78
        0x5582be7c8e78
        0x5582be7c8e78
        0x5582be7c8e78
        0x5582be7c8e78
        0x5582be7c8e78
        0x5582be7c8e78
        0x5582be7c8e78
        0x5582be7c8e78
        0x5582be7c8e78
        0x5582be7c8e78
        0x5582be7c8e78
        0x5582be7c8e78
        0x5582be7c8e78
        0x5582be7c8e78
        0x5582be7c8e78
        0x5582be7c8e78
        0x5582be7c8e78
        0x5582be7c8e78
        0x5582be7c8e78
        0x5582be7c8e78
        0x5582be7c8e78
        0x5582be7c8e78
        0x5582be7c8e78
        0x5582be7c8e78
        0x5582be7c8e78
        0x5582be7c8e78
        0x5582be7c8e78
        0x5582be7c8e78
        0x5582be7c8e78
        0x5582be7c8e78
        0x5582be7c8e78
        0x5582be7c8e78
        0x5582be7c8e78
        0x5582be7c8e78
        0x5582be7c8e78
        0x5582be7c8e78
        0x5582be7c8e78
        0x5582be7c8e78
        0x5582be7c8e78
        0x5582be7c8e78
        0x5582be7c8e78
        0x5582be7c8e78
        0x5582be7c8e78
        0x5582be7c8e78
        0x5582be7c8e78
        0x5582be7c8e78
        0x5582be7c8e78
        0x5582be7c8e78
        0x5582be7c8e78
        0x5582be7c8e78
        0x5582be7c8e78
        0x5582be7c8e78
        0x5582be7c8e78
        0x5582be7c8e78
        0x5582be7c8e78
        0x5582be7c8e78
        0x5582be7c8e78
        0x5582be7c8e78
        0x5582be7c8e78
        0x5582be7c8e78
        0x5582be7c8e78
        0x5582be7c8e78
        0x5582be7c8e78
        0x5582be7c8e78
        0x5582be7c8e78
        0x5582be7c8e78
        0x5582be7c8e78
        0x5582be7c8e78
        0x5582be7c8e78
        0x5582be7c8e78
        0x5582be7c8e78
        0x5582be7c8e78
        0x5582be7c8e78
        0x5582be7c8e78
        0x5582be7c8e78
        0x5582be7c8e78
        0x5582be7c8e78
        0x5582be7c8e78
        0x5582be7c8e78
        0x5582be7c8e78
        0x5582be7c8e78
        0x5582be7c8e78
        0x5582be7c8e78
        0x5582be7c8e78
        0x5582be7c8e78
        0x5582be7c8e78
        0x5582be7c8e78
        0x5582be7c8e78
        0x5582be7c8e78
        0x5582be7c8e78
        0x5582be7c8e78
        0x5582be7c8e78
        0x5582be7c8e78
        0x5582be7c8e78
        0x5582be7c8e78
        0x5582be7c8e78
        0x5582be7c8e78
        0x5582be7c8e78
        0x5582be7c8e78
        0x5582be7c8e78
        0x5582be7c8e78
        0x5582be7c8e78
        0x5582be7c8e78
        0x5582be7c8e78
        0x5582be7c8e78
        0x5582be7c8e78
        0x5582be7c8e78
        0x5582be7c8e78
        0x5582be7c8e78
        0x5582be7c8e78
]: 2
@preempt_stack[
        0x41b87be3
        0x41b87864
        0x416f6adf
        0x7feefb846428
        0x7feefb9e578f
        0x5582be808500
]: 2
@preempt_stack[
        0x7feefb9cb62f
]: 2
@preempt_stack[
        __pthread_mutex_unlock+20
        0
        0x1c00000000000001
        0x5582be7cede8
        0x5582be7cede8
        0x5582be7cede8
        0x5582be7cede8
        0x5582be7cede8
        0x5582be7cede8
        0x5582be7cede8
        0x5582be7cede8
        0x5582be7cede8
        0x5582be7cede8
        0x5582be7cede8
        0x5582be7cede8
        0x5582be7cede8
        0x5582be7cede8
        0x5582be7cede8
        0x5582be7cede8
        0x5582be7cede8
        0x5582be7cede8
        0x5582be7cede8
        0x5582be7cede8
        0x5582be7cede8
        0x5582be7cede8
        0x5582be7cede8
        0x5582be7cede8
        0x5582be7cede8
        0x5582be7cede8
        0x5582be7cede8
        0x5582be7cede8
        0x5582be7cede8
        0x5582be7cede8
        0x5582be7cede8
        0x5582be7cede8
        0x5582be7cede8
        0x5582be7cede8
        0x5582be7cede8
        0x5582be7cede8
        0x5582be7cede8
        0x5582be7cede8
        0x5582be7cede8
        0x5582be7cede8
        0x5582be7cede8
        0x5582be7cede8
        0x5582be7cede8
        0x5582be7cede8
        0x5582be7cede8
        0x5582be7cede8
        0x5582be7cede8
        0x5582be7cede8
        0x5582be7cede8
        0x5582be7cede8
        0x5582be7cede8
        0x5582be7cede8
        0x5582be7cede8
        0x5582be7cede8
        0x5582be7cede8
        0x5582be7cede8
        0x5582be7cede8
        0x5582be7cede8
        0x5582be7cede8
        0x5582be7cede8
        0x5582be7cede8
        0x5582be7cede8
        0x5582be7cede8
        0x5582be7cede8
        0x5582be7cede8
        0x5582be7cede8
        0x5582be7cede8
        0x5582be7cede8
        0x5582be7cede8
        0x5582be7cede8
        0x5582be7cede8
        0x5582be7cede8
        0x5582be7cede8
        0x5582be7cede8
        0x5582be7cede8
        0x5582be7cede8
        0x5582be7cede8
        0x5582be7cede8
        0x5582be7cede8
        0x5582be7cede8
        0x5582be7cede8
        0x5582be7cede8
        0x5582be7cede8
        0x5582be7cede8
        0x5582be7cede8
        0x5582be7cede8
        0x5582be7cede8
        0x5582be7cede8
        0x5582be7cede8
        0x5582be7cede8
        0x5582be7cede8
        0x5582be7cede8
        0x5582be7cede8
        0x5582be7cede8
        0x5582be7cede8
        0x5582be7cede8
        0x5582be7cede8
        0x5582be7cede8
        0x5582be7cede8
        0x5582be7cede8
        0x5582be7cede8
        0x5582be7cede8
        0x5582be7cede8
        0x5582be7cede8
        0x5582be7cede8
        0x5582be7cede8
        0x5582be7cede8
        0x5582be7cede8
        0x5582be7cede8
        0x5582be7cede8
        0x5582be7cede8
        0x5582be7cede8
        0x5582be7cede8
        0x5582be7cede8
        0x5582be7cede8
        0x5582be7cede8
        0x5582be7cede8
        0x5582be7cede8
        0x5582be7cede8
        0x5582be7cede8
        0x5582be7cede8
        0x5582be7cede8
        0x5582be7cede8
        0x5582be7cede8
]: 2
@preempt_stack[
        0x7fef9c907736
]: 2
@preempt_stack[
        0x7feefb9dd02f
]: 2
@preempt_stack[
        0x41c28822
]: 2
@preempt_stack[
        0x7feefb9cb5b8
        0
        0
        0x7feeb0047c90
]: 2
@preempt_stack[
        pthread_mutex_trylock+16
]: 2
@preempt_stack[
        0x413bbb80
]: 2
@preempt_stack[
        0x7fef9d6ca697
]: 2
@preempt_stack[
        0x7fef9cd55b26
        0x21
]: 2
@preempt_stack[
        0x411da06b
        0x411d9ef4
        0x41a043ff
        0x413821e6
        0x4137da64
        0x7feefb846428
        0x7feefb9e578f
        0x5582be808500
]: 2
@preempt_stack[
        0x7fef9cd55b40
        0x21
]: 2
@preempt_stack[
        __pthread_getspecific+29
        0x413e8368
        0x416ff934
        0x411407a6
        0x7feefb846428
        0x7feefb9e578f
        0x5582be808500
]: 2
@preempt_stack[
        0x4112fcc0
        0x413e8368
        0x416ff934
        0x411407a6
        0x7feefb846428
        0x7feefb9e578f
        0x5582be808500
]: 2
@preempt_stack[
        GC_mark_from+388
]: 2
@preempt_stack[
        0x7fef9cd51283
]: 2
@preempt_stack[
        0x415ba3e3
        0x413e8368
        0x416ff934
        0x411407a6
        0x7feefb846428
        0x7feefb9e578f
        0x5582be808500
]: 2
@preempt_stack[
        0x7feefb9cb645
]: 2
@preempt_stack[
        0x7feefb9ade41
]: 2
@preempt_stack[
        GC_header_cache_miss+248
        0x540
        0
        0
        0
        0
        0
        0
]: 2
@preempt_stack[
        0x7fef9c905a50
        0
]: 2
@preempt_stack[
        0x7fef9c905b73
]: 2
@preempt_stack[
        0x7feefba0f68f
        0x110000
        0x5582be7c8e78
        0x5582be7c8e78
        0x5582be7c8e78
        0x5582be7c8e78
        0x5582be7c8e78
        0x5582be7c8e78
        0x5582be7c8e78
        0x5582be7c8e78
        0x5582be7c8e78
        0x5582be7c8e78
        0x5582be7c8e78
        0x5582be7c8e78
        0x5582be7c8e78
        0x5582be7c8e78
        0x5582be7c8e78
        0x5582be7c8e78
        0x5582be7c8e78
        0x5582be7c8e78
        0x5582be7c8e78
        0x5582be7c8e78
        0x5582be7c8e78
        0x5582be7c8e78
        0x5582be7c8e78
        0x5582be7c8e78
        0x5582be7c8e78
        0x5582be7c8e78
        0x5582be7c8e78
        0x5582be7c8e78
        0x5582be7c8e78
        0x5582be7c8e78
        0x5582be7c8e78
        0x5582be7c8e78
        0x5582be7c8e78
        0x5582be7c8e78
        0x5582be7c8e78
        0x5582be7c8e78
        0x5582be7c8e78
        0x5582be7c8e78
        0x5582be7c8e78
        0x5582be7c8e78
        0x5582be7c8e78
        0x5582be7c8e78
        0x5582be7c8e78
        0x5582be7c8e78
        0x5582be7c8e78
        0x5582be7c8e78
        0x5582be7c8e78
        0x5582be7c8e78
        0x5582be7c8e78
        0x5582be7c8e78
        0x5582be7c8e78
        0x5582be7c8e78
        0x5582be7c8e78
        0x5582be7c8e78
        0x5582be7c8e78
        0x5582be7c8e78
        0x5582be7c8e78
        0x5582be7c8e78
        0x5582be7c8e78
        0x5582be7c8e78
        0x5582be7c8e78
        0x5582be7c8e78
        0x5582be7c8e78
        0x5582be7c8e78
        0x5582be7c8e78
        0x5582be7c8e78
        0x5582be7c8e78
        0x5582be7c8e78
        0x5582be7c8e78
        0x5582be7c8e78
        0x5582be7c8e78
        0x5582be7c8e78
        0x5582be7c8e78
        0x5582be7c8e78
        0x5582be7c8e78
        0x5582be7c8e78
        0x5582be7c8e78
        0x5582be7c8e78
        0x5582be7c8e78
        0x5582be7c8e78
        0x5582be7c8e78
        0x5582be7c8e78
        0x5582be7c8e78
        0x5582be7c8e78
        0x5582be7c8e78
        0x5582be7c8e78
        0x5582be7c8e78
        0x5582be7c8e78
        0x5582be7c8e78
        0x5582be7c8e78
        0x5582be7c8e78
        0x5582be7c8e78
        0x5582be7c8e78
        0x5582be7c8e78
        0x5582be7c8e78
        0x5582be7c8e78
        0x5582be7c8e78
        0x5582be7c8e78
        0x5582be7c8e78
        0x5582be7c8e78
        0x5582be7c8e78
        0x5582be7c8e78
        0x5582be7c8e78
        0x5582be7c8e78
        0x5582be7c8e78
        0x5582be7c8e78
        0x5582be7c8e78
        0x5582be7c8e78
        0x5582be7c8e78
        0x5582be7c8e78
        0x5582be7c8e78
        0x5582be7c8e78
        0x5582be7c8e78
        0x5582be7c8e78
        0x5582be7c8e78
        0x5582be7c8e78
        0x5582be7c8e78
        0x5582be7c8e78
        0x5582be7c8e78
        0x5582be7c8e78
        0x5582be7c8e78
        0x5582be7c8e78
        0x5582be7c8e78
        0x5582be7c8e78
        0x5582be7c8e78
]: 2
@preempt_stack[
        0x7feefb9ac963
]: 2
@preempt_stack[
        0x7fef9bbb8887
        0x7fef000000ec
        0x558200000000
]: 2
@preempt_stack[
        0x411ab144
        0x41b87864
        0x416f6adf
        0x7feefb846428
        0x7feefb9e578f
        0x5582be808500
]: 2
@preempt_stack[
        0x7fef9ccd373c
]: 2
@preempt_stack[
        0x7fef9d5a5508
]: 2
@preempt_stack[
        0x41cd9f00
        0x41cd5458
        0x41cd52e0
        0x41ccfb84
        0
        0
        0x5582bf3bc3a8
        0x5582bf3bc3a8
        0x5582bf3bc3a8
        0x5582bf3bc3a8
        0x5582bf3bc3a8
        0x5582bf3bc3a8
        0x5582bf3bc3a8
        0x5582bf3bc3a8
        0x5582bf3bc3a8
        0x5582bf3bc3a8
        0x5582bf3bc3a8
        0x5582bf3bc3a8
        0x5582bf3bc3a8
        0x5582bf3bc3a8
        0x5582bf3bc3a8
        0x5582bf3bc3a8
        0x5582bf3bc3a8
        0x5582bf3bc3a8
        0x5582bf3bc3a8
        0x5582bf3bc3a8
        0x5582bf3bc3a8
        0x5582bf3bc3a8
        0x5582bf3bc3a8
        0x5582bf3bc3a8
        0x5582bf3bc3a8
        0x5582bf3bc3a8
        0x5582bf3bc3a8
        0x5582bf3bc3a8
        0x5582bf3bc3a8
        0x5582bf3bc3a8
        0x5582bf3bc3a8
        0x5582bf3bc3a8
        0x5582bf3bc3a8
        0x5582bf3bc3a8
        0x5582bf3bc3a8
        0x5582bf3bc3a8
        0x5582bf3bc3a8
        0x5582bf3bc3a8
        0x5582bf3bc3a8
        0x5582bf3bc3a8
        0x5582bf3bc3a8
        0x5582bf3bc3a8
        0x5582bf3bc3a8
        0x5582bf3bc3a8
        0x5582bf3bc3a8
        0x5582bf3bc3a8
        0x5582bf3bc3a8
        0x5582bf3bc3a8
        0x5582bf3bc3a8
        0x5582bf3bc3a8
        0x5582bf3bc3a8
        0x5582bf3bc3a8
        0x5582bf3bc3a8
        0x5582bf3bc3a8
        0x5582bf3bc3a8
        0x5582bf3bc3a8
        0x5582bf3bc3a8
        0x5582bf3bc3a8
        0x5582bf3bc3a8
        0x5582bf3bc3a8
        0x5582bf3bc3a8
        0x5582bf3bc3a8
        0x5582bf3bc3a8
        0x5582bf3bc3a8
        0x5582bf3bc3a8
        0x5582bf3bc3a8
        0x5582bf3bc3a8
        0x5582bf3bc3a8
        0x5582bf3bc3a8
        0x5582bf3bc3a8
        0x5582bf3bc3a8
        0x5582bf3bc3a8
        0x5582bf3bc3a8
        0x5582bf3bc3a8
        0x5582bf3bc3a8
        0x5582bf3bc3a8
        0x5582bf3bc3a8
        0x5582bf3bc3a8
        0x5582bf3bc3a8
        0x5582bf3bc3a8
        0x5582bf3bc3a8
        0x5582bf3bc3a8
        0x5582bf3bc3a8
        0x5582bf3bc3a8
        0x5582bf3bc3a8
        0x5582bf3bc3a8
        0x5582bf3bc3a8
        0x5582bf3bc3a8
        0x5582bf3bc3a8
        0x5582bf3bc3a8
        0x5582bf3bc3a8
        0x5582bf3bc3a8
        0x5582bf3bc3a8
        0x5582bf3bc3a8
        0x5582bf3bc3a8
        0x5582bf3bc3a8
        0x5582bf3bc3a8
        0x5582bf3bc3a8
        0x5582bf3bc3a8
        0x5582bf3bc3a8
        0x5582bf3bc3a8
        0x5582bf3bc3a8
        0x5582bf3bc3a8
        0x5582bf3bc3a8
        0x5582bf3bc3a8
        0x5582bf3bc3a8
        0x5582bf3bc3a8
        0x5582bf3bc3a8
        0x5582bf3bc3a8
        0x5582bf3bc3a8
        0x5582bf3bc3a8
        0x5582bf3bc3a8
        0x5582bf3bc3a8
        0x5582bf3bc3a8
        0x5582bf3bc3a8
        0x5582bf3bc3a8
        0x5582bf3bc3a8
        0x5582bf3bc3a8
        0x5582bf3bc3a8
        0x5582bf3bc3a8
        0x5582bf3bc3a8
]: 2
@preempt_stack[
        0x7feefb98ab1b
]: 2
@preempt_stack[
        0x7fef9c508cd2
        0x411407a6
        0x7feefb846428
        0x7feefb9e578f
        0x5582be808500
]: 2
@preempt_stack[
        0x7feefb9ddb37
        0x5582c284d380
]: 2
@preempt_stack[
        0x7fef9cd4e924
        0x2eaf0cdb28aa9316
]: 2
@preempt_stack[
        0x7fef9cd54ce3
]: 2
@preempt_stack[
        0x41c2883c
]: 2
@preempt_stack[
        0x7fef9cd243c8
        0x21
]: 2
@preempt_stack[
        0x7feefb9cb618
]: 2
@preempt_stack[
        0x417298b5
        0x411407a6
        0x7feefb846428
        0x7feefb9e578f
        0x5582be808500
]: 2
@preempt_stack[
        0x7feefb9cb8eb
]: 2
@preempt_stack[
        0x7fef9d573e89
]: 2
@preempt_stack[
        0x7feefb97bf00
]: 2
@preempt_stack[
        0x7fef9cd4fa4e
]: 2
@preempt_stack[
        0x7fef9cd51808
]: 2
@preempt_stack[
        0x7fef9c905cfb
        0
]: 2
@preempt_stack[
        0x7feefb9cb619
]: 2
@preempt_stack[
        0x7feefb9ce4d8
        0x5582c1cd1c70
        0x5582c1cd1c70
        0x5582c1cd1c70
        0x5582c1cd1c70
        0x5582c1cd1c70
        0x5582c1cd1c70
        0x5582c1cd1c70
        0x5582c1cd1c70
        0x5582c1cd1c70
        0x5582c1cd1c70
        0x5582c1cd1c70
        0x5582c1cd1c70
        0x5582c1cd1c70
        0x5582c1cd1c70
        0x5582c1cd1c70
        0x5582c1cd1c70
        0x5582c1cd1c70
        0x5582c1cd1c70
        0x5582c1cd1c70
        0x5582c1cd1c70
        0x5582c1cd1c70
        0x5582c1cd1c70
        0x5582c1cd1c70
        0x5582c1cd1c70
        0x5582c1cd1c70
        0x5582c1cd1c70
        0x5582c1cd1c70
        0x5582c1cd1c70
        0x5582c1cd1c70
        0x5582c1cd1c70
        0x5582c1cd1c70
        0x5582c1cd1c70
        0x5582c1cd1c70
        0x5582c1cd1c70
        0x5582c1cd1c70
        0x5582c1cd1c70
        0x5582c1cd1c70
        0x5582c1cd1c70
        0x5582c1cd1c70
        0x5582c1cd1c70
        0x5582c1cd1c70
        0x5582c1cd1c70
        0x5582c1cd1c70
        0x5582c1cd1c70
        0x5582c1cd1c70
        0x5582c1cd1c70
        0x5582c1cd1c70
        0x5582c1cd1c70
        0x5582c1cd1c70
        0x5582c1cd1c70
        0x5582c1cd1c70
        0x5582c1cd1c70
        0x5582c1cd1c70
        0x5582c1cd1c70
        0x5582c1cd1c70
        0x5582c1cd1c70
        0x5582c1cd1c70
        0x5582c1cd1c70
        0x5582c1cd1c70
        0x5582c1cd1c70
        0x5582c1cd1c70
        0x5582c1cd1c70
        0x5582c1cd1c70
        0x5582c1cd1c70
        0x5582c1cd1c70
        0x5582c1cd1c70
        0x5582c1cd1c70
        0x5582c1cd1c70
        0x5582c1cd1c70
        0x5582c1cd1c70
        0x5582c1cd1c70
        0x5582c1cd1c70
        0x5582c1cd1c70
        0x5582c1cd1c70
        0x5582c1cd1c70
        0x5582c1cd1c70
        0x5582c1cd1c70
        0x5582c1cd1c70
        0x5582c1cd1c70
        0x5582c1cd1c70
        0x5582c1cd1c70
        0x5582c1cd1c70
        0x5582c1cd1c70
        0x5582c1cd1c70
        0x5582c1cd1c70
        0x5582c1cd1c70
        0x5582c1cd1c70
        0x5582c1cd1c70
        0x5582c1cd1c70
        0x5582c1cd1c70
        0x5582c1cd1c70
        0x5582c1cd1c70
        0x5582c1cd1c70
        0x5582c1cd1c70
        0x5582c1cd1c70
        0x5582c1cd1c70
        0x5582c1cd1c70
        0x5582c1cd1c70
        0x5582c1cd1c70
        0x5582c1cd1c70
        0x5582c1cd1c70
        0x5582c1cd1c70
        0x5582c1cd1c70
        0x5582c1cd1c70
        0x5582c1cd1c70
        0x5582c1cd1c70
        0x5582c1cd1c70
        0x5582c1cd1c70
        0x5582c1cd1c70
        0x5582c1cd1c70
        0x5582c1cd1c70
        0x5582c1cd1c70
        0x5582c1cd1c70
        0x5582c1cd1c70
        0x5582c1cd1c70
        0x5582c1cd1c70
        0x5582c1cd1c70
        0x5582c1cd1c70
        0x5582c1cd1c70
        0x5582c1cd1c70
        0x5582c1cd1c70
        0x5582c1cd1c70
        0x5582c1cd1c70
        0x5582c1cd1c70
        0x5582c1cd1c70
        0x5582c1cd1c70
]: 2
@preempt_stack[
        0x41c5927a
]: 2
@preempt_stack[
        0x7fef9c8f8074
        0x7feefb846428
        0x7feefb9e578f
        0x5582be808500
]: 2
@preempt_stack[
        0x41cda1d0
]: 3
@preempt_stack[
        0x7fef9d571ffe
]: 3
@preempt_stack[
        0x7fef9cb083ce
]: 3
@preempt_stack[
        0x411ab127
        0x41b87864
        0x416f6adf
        0x7feefb846428
        0x7feefb9e578f
        0x5582be808500
]: 3
@preempt_stack[
        0x7fef9cd123db
        0x7a80f38948d78949
]: 3
@preempt_stack[
        0x41b87ba9
        0x41b87864
        0x416f6adf
        0x7feefb846428
        0x7feefb9e578f
        0x5582be808500
]: 3
@preempt_stack[
        0x41143552
        0x41b87864
        0x416f6adf
        0x7feefb846428
        0x7feefb9e578f
        0x5582be808500
]: 3
@preempt_stack[
        0x7fef9baa97de
]: 3
@preempt_stack[
        0x7fef9c9075ea
        0
]: 3
@preempt_stack[
        0x7feefb99d308
]: 3
@preempt_stack[
        0x7feefb9cb8e5
]: 3
@preempt_stack[
        0x41c272d0
        0x41c59184
]: 3
@preempt_stack[
        0x7fef9baa95cd
]: 3
@preempt_stack[
        0x41b87165
        0x41b87864
        0x416f6adf
        0x7feefb846428
        0x7feefb9e578f
        0x5582be808500
]: 3
@preempt_stack[
        0x7fef9c907326
]: 3
@preempt_stack[
        clock_nanosleep+138
]: 3
@preempt_stack[
        0x7fef9c9077d5
        0
]: 3
@preempt_stack[
        0x41c287e2
]: 3
@preempt_stack[
        0x7fef9c9f48bf
        0x411407a6
        0x7feefb846428
        0x7feefb9e578f
        0x5582be808500
]: 3
@preempt_stack[
        0x7fef9baa9847
]: 3
@preempt_stack[
        0x7feefb9addff
]: 3
@preempt_stack[
        0x7fef9c905cc9
        0
]: 3
@preempt_stack[
        0x7fef9c9077d2
        0
]: 3
@preempt_stack[
        0x4112c310
        0x413e8368
        0x416ff934
        0x411407a6
        0x7feefb846428
        0x7feefb9e578f
        0x5582be808500
]: 3
@preempt_stack[
        0x7feefba4d784
]: 3
@preempt_stack[
        0x41b86f38
        0x41b87864
        0x416f6adf
        0x7feefb846428
        0x7feefb9e578f
        0x5582be808500
]: 3
@preempt_stack[
        0x41cda0a6
        0x41cd5458
        0x41cd52e0
        0x41ccfb84
        0
        0
        0x5582bf3bc3a8
        0x5582bf3bc3a8
        0x5582bf3bc3a8
        0x5582bf3bc3a8
        0x5582bf3bc3a8
        0x5582bf3bc3a8
        0x5582bf3bc3a8
        0x5582bf3bc3a8
        0x5582bf3bc3a8
        0x5582bf3bc3a8
        0x5582bf3bc3a8
        0x5582bf3bc3a8
        0x5582bf3bc3a8
        0x5582bf3bc3a8
        0x5582bf3bc3a8
        0x5582bf3bc3a8
        0x5582bf3bc3a8
        0x5582bf3bc3a8
        0x5582bf3bc3a8
        0x5582bf3bc3a8
        0x5582bf3bc3a8
        0x5582bf3bc3a8
        0x5582bf3bc3a8
        0x5582bf3bc3a8
        0x5582bf3bc3a8
        0x5582bf3bc3a8
        0x5582bf3bc3a8
        0x5582bf3bc3a8
        0x5582bf3bc3a8
        0x5582bf3bc3a8
        0x5582bf3bc3a8
        0x5582bf3bc3a8
        0x5582bf3bc3a8
        0x5582bf3bc3a8
        0x5582bf3bc3a8
        0x5582bf3bc3a8
        0x5582bf3bc3a8
        0x5582bf3bc3a8
        0x5582bf3bc3a8
        0x5582bf3bc3a8
        0x5582bf3bc3a8
        0x5582bf3bc3a8
        0x5582bf3bc3a8
        0x5582bf3bc3a8
        0x5582bf3bc3a8
        0x5582bf3bc3a8
        0x5582bf3bc3a8
        0x5582bf3bc3a8
        0x5582bf3bc3a8
        0x5582bf3bc3a8
        0x5582bf3bc3a8
        0x5582bf3bc3a8
        0x5582bf3bc3a8
        0x5582bf3bc3a8
        0x5582bf3bc3a8
        0x5582bf3bc3a8
        0x5582bf3bc3a8
        0x5582bf3bc3a8
        0x5582bf3bc3a8
        0x5582bf3bc3a8
        0x5582bf3bc3a8
        0x5582bf3bc3a8
        0x5582bf3bc3a8
        0x5582bf3bc3a8
        0x5582bf3bc3a8
        0x5582bf3bc3a8
        0x5582bf3bc3a8
        0x5582bf3bc3a8
        0x5582bf3bc3a8
        0x5582bf3bc3a8
        0x5582bf3bc3a8
        0x5582bf3bc3a8
        0x5582bf3bc3a8
        0x5582bf3bc3a8
        0x5582bf3bc3a8
        0x5582bf3bc3a8
        0x5582bf3bc3a8
        0x5582bf3bc3a8
        0x5582bf3bc3a8
        0x5582bf3bc3a8
        0x5582bf3bc3a8
        0x5582bf3bc3a8
        0x5582bf3bc3a8
        0x5582bf3bc3a8
        0x5582bf3bc3a8
        0x5582bf3bc3a8
        0x5582bf3bc3a8
        0x5582bf3bc3a8
        0x5582bf3bc3a8
        0x5582bf3bc3a8
        0x5582bf3bc3a8
        0x5582bf3bc3a8
        0x5582bf3bc3a8
        0x5582bf3bc3a8
        0x5582bf3bc3a8
        0x5582bf3bc3a8
        0x5582bf3bc3a8
        0x5582bf3bc3a8
        0x5582bf3bc3a8
        0x5582bf3bc3a8
        0x5582bf3bc3a8
        0x5582bf3bc3a8
        0x5582bf3bc3a8
        0x5582bf3bc3a8
        0x5582bf3bc3a8
        0x5582bf3bc3a8
        0x5582bf3bc3a8
        0x5582bf3bc3a8
        0x5582bf3bc3a8
        0x5582bf3bc3a8
        0x5582bf3bc3a8
        0x5582bf3bc3a8
        0x5582bf3bc3a8
        0x5582bf3bc3a8
        0x5582bf3bc3a8
        0x5582bf3bc3a8
        0x5582bf3bc3a8
        0x5582bf3bc3a8
        0x5582bf3bc3a8
        0x5582bf3bc3a8
        0x5582bf3bc3a8
]: 3
@preempt_stack[
        0x7fef9c907341
]: 3
@preempt_stack[
        0x41c591b4
]: 3
@preempt_stack[
        0x7fef9c9073e3
]: 4
@preempt_stack[
        0x7fef9c905c76
]: 4
@preempt_stack[
        0x411ab10a
        0x41b87864
        0x416f6adf
        0x7feefb846428
        0x7feefb9e578f
        0x5582be808500
]: 4
@preempt_stack[
        0x7feefba0c355
        0
]: 4
@preempt_stack[
        0x7fef9cd510c2
]: 4
@preempt_stack[
        syscall+29
        0x7fef60c608d0
]: 4
@preempt_stack[
        0x41b86f76
        0x41b87864
        0x416f6adf
        0x7feefb846428
        0x7feefb9e578f
        0x5582be808500
]: 4
@preempt_stack[
        0x7fef9cba8987
]: 4
@preempt_stack[
        0x7fef9c508d53
        0x411407a6
        0x7feefb846428
        0x7feefb9e578f
        0x5582be808500
]: 4
@preempt_stack[
        0x7feefb9cb8e4
]: 4
@preempt_stack[
        0x7feefb99d305
]: 4
@preempt_stack[
        0x41b87bf8
        0x41b87864
        0x416f6adf
        0x7feefb846428
        0x7feefb9e578f
        0x5582be808500
]: 4
@preempt_stack[
        0x7fef9c9073e6
]: 4
@preempt_stack[
        0x413d8941
        0x413e8368
        0x416ff934
        0x411407a6
        0x7feefb846428
        0x7feefb9e578f
        0x5582be808500
]: 4
@preempt_stack[
        0x7feefb9cb631
]: 4
@preempt_stack[
        0x7fef9c9f48cf
        0x411407a6
        0x7feefb846428
        0x7feefb9e578f
        0x5582be808500
]: 4
@preempt_stack[
        0x411ab0f2
        0x41b87864
        0x416f6adf
        0x7feefb846428
        0x7feefb9e578f
        0x5582be808500
]: 4
@preempt_stack[
        0x7feefb9ace91
        0
]: 4
@preempt_stack[
        0x7fef9d5a5984
]: 4
@preempt_stack[
        0x7feefb9cb626
]: 4
@preempt_stack[
        0x7feefb9ace53
        0
]: 4
@preempt_stack[
        0x7fef9c905cf6
        0
]: 4
@preempt_stack[
        0x7feefb9dcfcf
]: 5
@preempt_stack[
        0x7fef9c9077de
        0
]: 5
@preempt_stack[
        0x7feefb9acc15
        0
]: 5
@preempt_stack[
        0x7fef9cb8aa17
]: 5
@preempt_stack[
        0x7feefb9cb629
]: 5
@preempt_stack[
        pthread_mutex_trylock+909
]: 5
@preempt_stack[
        sched_yield+11
        0x413f1501
        0x4140756c
        0
        0
        0x5582be7cb208
        0x5582be7cb208
        0x5582be7cb208
        0x5582be7cb208
        0x5582be7cb208
        0x5582be7cb208
        0x5582be7cb208
        0x5582be7cb208
        0x5582be7cb208
        0x5582be7cb208
        0x5582be7cb208
        0x5582be7cb208
        0x5582be7cb208
        0x5582be7cb208
        0x5582be7cb208
        0x5582be7cb208
        0x5582be7cb208
        0x5582be7cb208
        0x5582be7cb208
        0x5582be7cb208
        0x5582be7cb208
        0x5582be7cb208
        0x5582be7cb208
        0x5582be7cb208
        0x5582be7cb208
        0x5582be7cb208
        0x5582be7cb208
        0x5582be7cb208
        0x5582be7cb208
        0x5582be7cb208
        0x5582be7cb208
        0x5582be7cb208
        0x5582be7cb208
        0x5582be7cb208
        0x5582be7cb208
        0x5582be7cb208
        0x5582be7cb208
        0x5582be7cb208
        0x5582be7cb208
        0x5582be7cb208
        0x5582be7cb208
        0x5582be7cb208
        0x5582be7cb208
        0x5582be7cb208
        0x5582be7cb208
        0x5582be7cb208
        0x5582be7cb208
        0x5582be7cb208
        0x5582be7cb208
        0x5582be7cb208
        0x5582be7cb208
        0x5582be7cb208
        0x5582be7cb208
        0x5582be7cb208
        0x5582be7cb208
        0x5582be7cb208
        0x5582be7cb208
        0x5582be7cb208
        0x5582be7cb208
        0x5582be7cb208
        0x5582be7cb208
        0x5582be7cb208
        0x5582be7cb208
        0x5582be7cb208
        0x5582be7cb208
        0x5582be7cb208
        0x5582be7cb208
        0x5582be7cb208
        0x5582be7cb208
        0x5582be7cb208
        0x5582be7cb208
        0x5582be7cb208
        0x5582be7cb208
        0x5582be7cb208
        0x5582be7cb208
        0x5582be7cb208
        0x5582be7cb208
        0x5582be7cb208
        0x5582be7cb208
        0x5582be7cb208
        0x5582be7cb208
        0x5582be7cb208
        0x5582be7cb208
        0x5582be7cb208
        0x5582be7cb208
        0x5582be7cb208
        0x5582be7cb208
        0x5582be7cb208
        0x5582be7cb208
        0x5582be7cb208
        0x5582be7cb208
        0x5582be7cb208
        0x5582be7cb208
        0x5582be7cb208
        0x5582be7cb208
        0x5582be7cb208
        0x5582be7cb208
        0x5582be7cb208
        0x5582be7cb208
        0x5582be7cb208
        0x5582be7cb208
        0x5582be7cb208
        0x5582be7cb208
        0x5582be7cb208
        0x5582be7cb208
        0x5582be7cb208
        0x5582be7cb208
        0x5582be7cb208
        0x5582be7cb208
        0x5582be7cb208
        0x5582be7cb208
        0x5582be7cb208
        0x5582be7cb208
        0x5582be7cb208
        0x5582be7cb208
        0x5582be7cb208
        0x5582be7cb208
        0x5582be7cb208
        0x5582be7cb208
        0x5582be7cb208
        0x5582be7cb208
        0x5582be7cb208
]: 6
@preempt_stack[
        0x7fef9bab61f2
        0x200000020
        0x7fed9e180b20
        0x79ff85087f8b0789
]: 6
@preempt_stack[
        0x7fef9c4f9541
        0x411407a6
        0x7feefb846428
        0x7feefb9e578f
        0x5582be808500
]: 6
@preempt_stack[
        0x7feefba0c35d
]: 6
@preempt_stack[
        0x7fef9c905d9b
]: 6
@preempt_stack[
        0x41130bba
        0x415450e8
        0x4172b22c
        0x411407a6
        0x7feefb846428
        0x7feefb9e578f
        0x5582be808500
]: 6
@preempt_stack[
        0x7feefb99de95
]: 7
@preempt_stack[
        0x7feefb9ce4d8
        0x5582be7c8e78
        0x5582be7c8e78
        0x5582be7c8e78
        0x5582be7c8e78
        0x5582be7c8e78
        0x5582be7c8e78
        0x5582be7c8e78
        0x5582be7c8e78
        0x5582be7c8e78
        0x5582be7c8e78
        0x5582be7c8e78
        0x5582be7c8e78
        0x5582be7c8e78
        0x5582be7c8e78
        0x5582be7c8e78
        0x5582be7c8e78
        0x5582be7c8e78
        0x5582be7c8e78
        0x5582be7c8e78
        0x5582be7c8e78
        0x5582be7c8e78
        0x5582be7c8e78
        0x5582be7c8e78
        0x5582be7c8e78
        0x5582be7c8e78
        0x5582be7c8e78
        0x5582be7c8e78
        0x5582be7c8e78
        0x5582be7c8e78
        0x5582be7c8e78
        0x5582be7c8e78
        0x5582be7c8e78
        0x5582be7c8e78
        0x5582be7c8e78
        0x5582be7c8e78
        0x5582be7c8e78
        0x5582be7c8e78
        0x5582be7c8e78
        0x5582be7c8e78
        0x5582be7c8e78
        0x5582be7c8e78
        0x5582be7c8e78
        0x5582be7c8e78
        0x5582be7c8e78
        0x5582be7c8e78
        0x5582be7c8e78
        0x5582be7c8e78
        0x5582be7c8e78
        0x5582be7c8e78
        0x5582be7c8e78
        0x5582be7c8e78
        0x5582be7c8e78
        0x5582be7c8e78
        0x5582be7c8e78
        0x5582be7c8e78
        0x5582be7c8e78
        0x5582be7c8e78
        0x5582be7c8e78
        0x5582be7c8e78
        0x5582be7c8e78
        0x5582be7c8e78
        0x5582be7c8e78
        0x5582be7c8e78
        0x5582be7c8e78
        0x5582be7c8e78
        0x5582be7c8e78
        0x5582be7c8e78
        0x5582be7c8e78
        0x5582be7c8e78
        0x5582be7c8e78
        0x5582be7c8e78
        0x5582be7c8e78
        0x5582be7c8e78
        0x5582be7c8e78
        0x5582be7c8e78
        0x5582be7c8e78
        0x5582be7c8e78
        0x5582be7c8e78
        0x5582be7c8e78
        0x5582be7c8e78
        0x5582be7c8e78
        0x5582be7c8e78
        0x5582be7c8e78
        0x5582be7c8e78
        0x5582be7c8e78
        0x5582be7c8e78
        0x5582be7c8e78
        0x5582be7c8e78
        0x5582be7c8e78
        0x5582be7c8e78
        0x5582be7c8e78
        0x5582be7c8e78
        0x5582be7c8e78
        0x5582be7c8e78
        0x5582be7c8e78
        0x5582be7c8e78
        0x5582be7c8e78
        0x5582be7c8e78
        0x5582be7c8e78
        0x5582be7c8e78
        0x5582be7c8e78
        0x5582be7c8e78
        0x5582be7c8e78
        0x5582be7c8e78
        0x5582be7c8e78
        0x5582be7c8e78
        0x5582be7c8e78
        0x5582be7c8e78
        0x5582be7c8e78
        0x5582be7c8e78
        0x5582be7c8e78
        0x5582be7c8e78
        0x5582be7c8e78
        0x5582be7c8e78
        0x5582be7c8e78
        0x5582be7c8e78
        0x5582be7c8e78
        0x5582be7c8e78
        0x5582be7c8e78
        0x5582be7c8e78
        0x5582be7c8e78
        0x5582be7c8e78
        0x5582be7c8e78
        0x5582be7c8e78
        0x5582be7c8e78
        0x5582be7c8e78
]: 7
@preempt_stack[
        0x7feefba0c35a
]: 7
@preempt_stack[
        __pthread_mutex_unlock+68
        0
        0x1c00000000000001
        0x5582be7cede8
        0x5582be7cede8
        0x5582be7cede8
        0x5582be7cede8
        0x5582be7cede8
        0x5582be7cede8
        0x5582be7cede8
        0x5582be7cede8
        0x5582be7cede8
        0x5582be7cede8
        0x5582be7cede8
        0x5582be7cede8
        0x5582be7cede8
        0x5582be7cede8
        0x5582be7cede8
        0x5582be7cede8
        0x5582be7cede8
        0x5582be7cede8
        0x5582be7cede8
        0x5582be7cede8
        0x5582be7cede8
        0x5582be7cede8
        0x5582be7cede8
        0x5582be7cede8
        0x5582be7cede8
        0x5582be7cede8
        0x5582be7cede8
        0x5582be7cede8
        0x5582be7cede8
        0x5582be7cede8
        0x5582be7cede8
        0x5582be7cede8
        0x5582be7cede8
        0x5582be7cede8
        0x5582be7cede8
        0x5582be7cede8
        0x5582be7cede8
        0x5582be7cede8
        0x5582be7cede8
        0x5582be7cede8
        0x5582be7cede8
        0x5582be7cede8
        0x5582be7cede8
        0x5582be7cede8
        0x5582be7cede8
        0x5582be7cede8
        0x5582be7cede8
        0x5582be7cede8
        0x5582be7cede8
        0x5582be7cede8
        0x5582be7cede8
        0x5582be7cede8
        0x5582be7cede8
        0x5582be7cede8
        0x5582be7cede8
        0x5582be7cede8
        0x5582be7cede8
        0x5582be7cede8
        0x5582be7cede8
        0x5582be7cede8
        0x5582be7cede8
        0x5582be7cede8
        0x5582be7cede8
        0x5582be7cede8
        0x5582be7cede8
        0x5582be7cede8
        0x5582be7cede8
        0x5582be7cede8
        0x5582be7cede8
        0x5582be7cede8
        0x5582be7cede8
        0x5582be7cede8
        0x5582be7cede8
        0x5582be7cede8
        0x5582be7cede8
        0x5582be7cede8
        0x5582be7cede8
        0x5582be7cede8
        0x5582be7cede8
        0x5582be7cede8
        0x5582be7cede8
        0x5582be7cede8
        0x5582be7cede8
        0x5582be7cede8
        0x5582be7cede8
        0x5582be7cede8
        0x5582be7cede8
        0x5582be7cede8
        0x5582be7cede8
        0x5582be7cede8
        0x5582be7cede8
        0x5582be7cede8
        0x5582be7cede8
        0x5582be7cede8
        0x5582be7cede8
        0x5582be7cede8
        0x5582be7cede8
        0x5582be7cede8
        0x5582be7cede8
        0x5582be7cede8
        0x5582be7cede8
        0x5582be7cede8
        0x5582be7cede8
        0x5582be7cede8
        0x5582be7cede8
        0x5582be7cede8
        0x5582be7cede8
        0x5582be7cede8
        0x5582be7cede8
        0x5582be7cede8
        0x5582be7cede8
        0x5582be7cede8
        0x5582be7cede8
        0x5582be7cede8
        0x5582be7cede8
        0x5582be7cede8
        0x5582be7cede8
        0x5582be7cede8
        0x5582be7cede8
        0x5582be7cede8
        0x5582be7cede8
        0x5582be7cede8
        0x5582be7cede8
        0x5582be7cede8
]: 7
@preempt_stack[
        0x7feefb9ade3e
]: 7
@preempt_stack[
        0x7feefb97b240
]: 8
@preempt_stack[
        0x7fef9baabeb0
]: 8
@preempt_stack[
        0x7feefba0c357
]: 8
@preempt_stack[
        0x7fef9c9077d0
        0
]: 8
@preempt_stack[
        0x7fef9cd3cf9c
]: 8
@preempt_stack[
        GC_dirty_inner+41
]: 8
@preempt_stack[
        0x7fef9c9077d9
        0
]: 8
@preempt_stack[
        0x7feefb9dcfa3
        0x110000
        0x5582be7c8e78
        0x5582be7c8e78
        0x5582be7c8e78
        0x5582be7c8e78
        0x5582be7c8e78
        0x5582be7c8e78
        0x5582be7c8e78
        0x5582be7c8e78
        0x5582be7c8e78
        0x5582be7c8e78
        0x5582be7c8e78
        0x5582be7c8e78
        0x5582be7c8e78
        0x5582be7c8e78
        0x5582be7c8e78
        0x5582be7c8e78
        0x5582be7c8e78
        0x5582be7c8e78
        0x5582be7c8e78
        0x5582be7c8e78
        0x5582be7c8e78
        0x5582be7c8e78
        0x5582be7c8e78
        0x5582be7c8e78
        0x5582be7c8e78
        0x5582be7c8e78
        0x5582be7c8e78
        0x5582be7c8e78
        0x5582be7c8e78
        0x5582be7c8e78
        0x5582be7c8e78
        0x5582be7c8e78
        0x5582be7c8e78
        0x5582be7c8e78
        0x5582be7c8e78
        0x5582be7c8e78
        0x5582be7c8e78
        0x5582be7c8e78
        0x5582be7c8e78
        0x5582be7c8e78
        0x5582be7c8e78
        0x5582be7c8e78
        0x5582be7c8e78
        0x5582be7c8e78
        0x5582be7c8e78
        0x5582be7c8e78
        0x5582be7c8e78
        0x5582be7c8e78
        0x5582be7c8e78
        0x5582be7c8e78
        0x5582be7c8e78
        0x5582be7c8e78
        0x5582be7c8e78
        0x5582be7c8e78
        0x5582be7c8e78
        0x5582be7c8e78
        0x5582be7c8e78
        0x5582be7c8e78
        0x5582be7c8e78
        0x5582be7c8e78
        0x5582be7c8e78
        0x5582be7c8e78
        0x5582be7c8e78
        0x5582be7c8e78
        0x5582be7c8e78
        0x5582be7c8e78
        0x5582be7c8e78
        0x5582be7c8e78
        0x5582be7c8e78
        0x5582be7c8e78
        0x5582be7c8e78
        0x5582be7c8e78
        0x5582be7c8e78
        0x5582be7c8e78
        0x5582be7c8e78
        0x5582be7c8e78
        0x5582be7c8e78
        0x5582be7c8e78
        0x5582be7c8e78
        0x5582be7c8e78
        0x5582be7c8e78
        0x5582be7c8e78
        0x5582be7c8e78
        0x5582be7c8e78
        0x5582be7c8e78
        0x5582be7c8e78
        0x5582be7c8e78
        0x5582be7c8e78
        0x5582be7c8e78
        0x5582be7c8e78
        0x5582be7c8e78
        0x5582be7c8e78
        0x5582be7c8e78
        0x5582be7c8e78
        0x5582be7c8e78
        0x5582be7c8e78
        0x5582be7c8e78
        0x5582be7c8e78
        0x5582be7c8e78
        0x5582be7c8e78
        0x5582be7c8e78
        0x5582be7c8e78
        0x5582be7c8e78
        0x5582be7c8e78
        0x5582be7c8e78
        0x5582be7c8e78
        0x5582be7c8e78
        0x5582be7c8e78
        0x5582be7c8e78
        0x5582be7c8e78
        0x5582be7c8e78
        0x5582be7c8e78
        0x5582be7c8e78
        0x5582be7c8e78
        0x5582be7c8e78
        0x5582be7c8e78
        0x5582be7c8e78
        0x5582be7c8e78
        0x5582be7c8e78
        0x5582be7c8e78
        0x5582be7c8e78
        0x5582be7c8e78
        0x5582be7c8e78
        0x5582be7c8e78
        0x5582be7c8e78
]: 8
@preempt_stack[
        mono_metadata_type_hash+80
        0x110000
        0x5582be7c8e78
        0x5582be7c8e78
        0x5582be7c8e78
        0x5582be7c8e78
        0x5582be7c8e78
        0x5582be7c8e78
        0x5582be7c8e78
        0x5582be7c8e78
        0x5582be7c8e78
        0x5582be7c8e78
        0x5582be7c8e78
        0x5582be7c8e78
        0x5582be7c8e78
        0x5582be7c8e78
        0x5582be7c8e78
        0x5582be7c8e78
        0x5582be7c8e78
        0x5582be7c8e78
        0x5582be7c8e78
        0x5582be7c8e78
        0x5582be7c8e78
        0x5582be7c8e78
        0x5582be7c8e78
        0x5582be7c8e78
        0x5582be7c8e78
        0x5582be7c8e78
        0x5582be7c8e78
        0x5582be7c8e78
        0x5582be7c8e78
        0x5582be7c8e78
        0x5582be7c8e78
        0x5582be7c8e78
        0x5582be7c8e78
        0x5582be7c8e78
        0x5582be7c8e78
        0x5582be7c8e78
        0x5582be7c8e78
        0x5582be7c8e78
        0x5582be7c8e78
        0x5582be7c8e78
        0x5582be7c8e78
        0x5582be7c8e78
        0x5582be7c8e78
        0x5582be7c8e78
        0x5582be7c8e78
        0x5582be7c8e78
        0x5582be7c8e78
        0x5582be7c8e78
        0x5582be7c8e78
        0x5582be7c8e78
        0x5582be7c8e78
        0x5582be7c8e78
        0x5582be7c8e78
        0x5582be7c8e78
        0x5582be7c8e78
        0x5582be7c8e78
        0x5582be7c8e78
        0x5582be7c8e78
        0x5582be7c8e78
        0x5582be7c8e78
        0x5582be7c8e78
        0x5582be7c8e78
        0x5582be7c8e78
        0x5582be7c8e78
        0x5582be7c8e78
        0x5582be7c8e78
        0x5582be7c8e78
        0x5582be7c8e78
        0x5582be7c8e78
        0x5582be7c8e78
        0x5582be7c8e78
        0x5582be7c8e78
        0x5582be7c8e78
        0x5582be7c8e78
        0x5582be7c8e78
        0x5582be7c8e78
        0x5582be7c8e78
        0x5582be7c8e78
        0x5582be7c8e78
        0x5582be7c8e78
        0x5582be7c8e78
        0x5582be7c8e78
        0x5582be7c8e78
        0x5582be7c8e78
        0x5582be7c8e78
        0x5582be7c8e78
        0x5582be7c8e78
        0x5582be7c8e78
        0x5582be7c8e78
        0x5582be7c8e78
        0x5582be7c8e78
        0x5582be7c8e78
        0x5582be7c8e78
        0x5582be7c8e78
        0x5582be7c8e78
        0x5582be7c8e78
        0x5582be7c8e78
        0x5582be7c8e78
        0x5582be7c8e78
        0x5582be7c8e78
        0x5582be7c8e78
        0x5582be7c8e78
        0x5582be7c8e78
        0x5582be7c8e78
        0x5582be7c8e78
        0x5582be7c8e78
        0x5582be7c8e78
        0x5582be7c8e78
        0x5582be7c8e78
        0x5582be7c8e78
        0x5582be7c8e78
        0x5582be7c8e78
        0x5582be7c8e78
        0x5582be7c8e78
        0x5582be7c8e78
        0x5582be7c8e78
        0x5582be7c8e78
        0x5582be7c8e78
        0x5582be7c8e78
        0x5582be7c8e78
        0x5582be7c8e78
        0x5582be7c8e78
        0x5582be7c8e78
        0x5582be7c8e78
        0x5582be7c8e78
]: 9
@preempt_stack[
        0x7fef9c907601
        0
]: 9
@preempt_stack[
        0x7fef9c4f9549
        0x411407a6
        0x7feefb846428
        0x7feefb9e578f
        0x5582be808500
]: 9
@preempt_stack[
        0x7fef9c905b28
]: 9
@preempt_stack[
        0x7feefba4d77d
]: 9
@preempt_stack[
        0x415452f2
        0x415450e8
        0x4172b22c
        0x411407a6
        0x7feefb846428
        0x7feefb9e578f
        0x5582be808500
]: 9
@preempt_stack[
        0x7fef9cb2b624
        mono_runtime_invoke_array+0
        0xd6894910ec834853
]: 9
@preempt_stack[
        0x7fef9de72bdd
        __clock_gettime+29
]: 10
@preempt_stack[
        0x7feefb99de92
]: 10
@preempt_stack[
        0x7feefb9ac960
]: 12
@preempt_stack[
        0x7fef9c4f955d
        0x411407a6
        0x7feefb846428
        0x7feefb9e578f
        0x5582be808500
]: 12
@preempt_stack[
        0x7fef9c907607
        0
]: 12
@preempt_stack[
        __pthread_mutex_unlock+68
]: 13
@preempt_stack[
        0x7fef9c4f9545
        0x411407a6
        0x7feefb846428
        0x7feefb9e578f
        0x5582be808500
]: 14
@preempt_stack[
        0x7feefb9acc12
        0
]: 14
@preempt_stack[
        0x7fef9c905ccc
        0
]: 14
@preempt_stack[
        0x7feefb99843e
        0
]: 17
@preempt_stack[
        GC_dirty_inner+41
        0x411407a6
        0x7feefb846428
        0x7feefb9e578f
        0x5582be808500
]: 17
@preempt_stack[
        0x41115e20
        0x413e8368
        0x416ff934
        0x411407a6
        0x7feefb846428
        0x7feefb9e578f
        0x5582be808500
]: 20
@preempt_stack[
        0x7feefba0f6a9
        0
        0x1c00000000000001
        0x5582be7cede8
        0x5582be7cede8
        0x5582be7cede8
        0x5582be7cede8
        0x5582be7cede8
        0x5582be7cede8
        0x5582be7cede8
        0x5582be7cede8
        0x5582be7cede8
        0x5582be7cede8
        0x5582be7cede8
        0x5582be7cede8
        0x5582be7cede8
        0x5582be7cede8
        0x5582be7cede8
        0x5582be7cede8
        0x5582be7cede8
        0x5582be7cede8
        0x5582be7cede8
        0x5582be7cede8
        0x5582be7cede8
        0x5582be7cede8
        0x5582be7cede8
        0x5582be7cede8
        0x5582be7cede8
        0x5582be7cede8
        0x5582be7cede8
        0x5582be7cede8
        0x5582be7cede8
        0x5582be7cede8
        0x5582be7cede8
        0x5582be7cede8
        0x5582be7cede8
        0x5582be7cede8
        0x5582be7cede8
        0x5582be7cede8
        0x5582be7cede8
        0x5582be7cede8
        0x5582be7cede8
        0x5582be7cede8
        0x5582be7cede8
        0x5582be7cede8
        0x5582be7cede8
        0x5582be7cede8
        0x5582be7cede8
        0x5582be7cede8
        0x5582be7cede8
        0x5582be7cede8
        0x5582be7cede8
        0x5582be7cede8
        0x5582be7cede8
        0x5582be7cede8
        0x5582be7cede8
        0x5582be7cede8
        0x5582be7cede8
        0x5582be7cede8
        0x5582be7cede8
        0x5582be7cede8
        0x5582be7cede8
        0x5582be7cede8
        0x5582be7cede8
        0x5582be7cede8
        0x5582be7cede8
        0x5582be7cede8
        0x5582be7cede8
        0x5582be7cede8
        0x5582be7cede8
        0x5582be7cede8
        0x5582be7cede8
        0x5582be7cede8
        0x5582be7cede8
        0x5582be7cede8
        0x5582be7cede8
        0x5582be7cede8
        0x5582be7cede8
        0x5582be7cede8
        0x5582be7cede8
        0x5582be7cede8
        0x5582be7cede8
        0x5582be7cede8
        0x5582be7cede8
        0x5582be7cede8
        0x5582be7cede8
        0x5582be7cede8
        0x5582be7cede8
        0x5582be7cede8
        0x5582be7cede8
        0x5582be7cede8
        0x5582be7cede8
        0x5582be7cede8
        0x5582be7cede8
        0x5582be7cede8
        0x5582be7cede8
        0x5582be7cede8
        0x5582be7cede8
        0x5582be7cede8
        0x5582be7cede8
        0x5582be7cede8
        0x5582be7cede8
        0x5582be7cede8
        0x5582be7cede8
        0x5582be7cede8
        0x5582be7cede8
        0x5582be7cede8
        0x5582be7cede8
        0x5582be7cede8
        0x5582be7cede8
        0x5582be7cede8
        0x5582be7cede8
        0x5582be7cede8
        0x5582be7cede8
        0x5582be7cede8
        0x5582be7cede8
        0x5582be7cede8
        0x5582be7cede8
        0x5582be7cede8
        0x5582be7cede8
        0x5582be7cede8
        0x5582be7cede8
        0x5582be7cede8
        0x5582be7cede8
        0x5582be7cede8
        0x5582be7cede8
        0x5582be7cede8
]: 21
@preempt_stack[
        0x7fef9c9075f7
        0
]: 24
@preempt_stack[
        0x7feefba0c355
]: 26
@preempt_stack[
        0x41240b92
]: 26
@preempt_stack[
        0x7fef9bab61f2
]: 46
@preempt_stack[
        0x7feefb9cb62c
]: 61
@preempt_stack[
        0x7fef9c9073e0
]: 69
@preempt_stack[
        0x7feefb9ace8e
        0
]: 71
@preempt_stack[
        0x7feefb9b2517
]: 85
@preempt_stack[
        0x7fef9c9075fe
        0
]: 206
@preempt_stack[
        syscall+29
]: 333
@preempt_stack[
        0x7fef9c9075fa
        0
]: 449
@preempted: 3128
@prev_state[16]: 8
@prev_state[2]: 947
@prev_state[256]: 2026
@prev_state[0]: 3128
@prev_state[1]: 165508
